"tematica";"subtema";"indicador";"ri";"localidade";"categoria";"ano";"valor"
"Social";"Educação";"Número de Matrículas em Creches por Dependência Administrativa";"Pará";"Pará";"Federal";"2019";0
"Social";"Educação";"Número de Matrículas em Creches por Dependência Administrativa";"Pará";"Pará";"Federal";"2020";0
"Social";"Educação";"Número de Matrículas em Creches por Dependência Administrativa";"Pará";"Pará";"Federal";"2021";0
"Social";"Educação";"Número de Matrículas em Creches por Dependência Administrativa";"Pará";"Pará";"Federal";"2022";0
"Social";"Educação";"Número de Matrículas em Creches por Dependência Administrativa";"Pará";"Pará";"Federal";"2023";0
"Social";"Educação";"Número de Matrículas em Creches por Dependência Administrativa";"Pará";"Pará";"Federal";"2024";0
"Social";"Educação";"Número de Matrículas em Creches por Dependência Administrativa";"Tocantins";"Abaetetuba";"Federal";"2019";0
"Social";"Educação";"Número de Matrículas em Creches por Dependência Administrativa";"Tocantins";"Abaetetuba";"Federal";"2020";0
"Social";"Educação";"Número de Matrículas em Creches por Dependência Administrativa";"Tocantins";"Abaetetuba";"Federal";"2021";0
"Social";"Educação";"Número de Matrículas em Creches por Dependência Administrativa";"Tocantins";"Abaetetuba";"Federal";"2022";0
"Social";"Educação";"Número de Matrículas em Creches por Dependência Administrativa";"Tocantins";"Abaetetuba";"Federal";"2023";0
"Social";"Educação";"Número de Matrículas em Creches por Dependência Administrativa";"Tocantins";"Abaetetuba";"Federal";"2024";0
"Social";"Educação";"Número de Matrículas em Creches por Dependência Administrativa";"Rio Capim";"Abel Figueiredo";"Federal";"2019";0
"Social";"Educação";"Número de Matrículas em Creches por Dependência Administrativa";"Rio Capim";"Abel Figueiredo";"Federal";"2020";0
"Social";"Educação";"Número de Matrículas em Creches por Dependência Administrativa";"Rio Capim";"Abel Figueiredo";"Federal";"2021";0
"Social";"Educação";"Número de Matrículas em Creches por Dependência Administrativa";"Rio Capim";"Abel Figueiredo";"Federal";"2022";0
"Social";"Educação";"Número de Matrículas em Creches por Dependência Administrativa";"Rio Capim";"Abel Figueiredo";"Federal";"2023";0
"Social";"Educação";"Número de Matrículas em Creches por Dependência Administrativa";"Rio Capim";"Abel Figueiredo";"Federal";"2024";0
"Social";"Educação";"Número de Matrículas em Creches por Dependência Administrativa";"Tocantins";"Acará";"Federal";"2019";0
"Social";"Educação";"Número de Matrículas em Creches por Dependência Administrativa";"Tocantins";"Acará";"Federal";"2020";0
"Social";"Educação";"Número de Matrículas em Creches por Dependência Administrativa";"Tocantins";"Acará";"Federal";"2021";0
"Social";"Educação";"Número de Matrículas em Creches por Dependência Administrativa";"Tocantins";"Acará";"Federal";"2022";0
"Social";"Educação";"Número de Matrículas em Creches por Dependência Administrativa";"Tocantins";"Acará";"Federal";"2023";0
"Social";"Educação";"Número de Matrículas em Creches por Dependência Administrativa";"Tocantins";"Acará";"Federal";"2024";0
"Social";"Educação";"Número de Matrículas em Creches por Dependência Administrativa";"Marajó";"Afuá";"Federal";"2019";0
"Social";"Educação";"Número de Matrículas em Creches por Dependência Administrativa";"Marajó";"Afuá";"Federal";"2020";0
"Social";"Educação";"Número de Matrículas em Creches por Dependência Administrativa";"Marajó";"Afuá";"Federal";"2021";0
"Social";"Educação";"Número de Matrículas em Creches por Dependência Administrativa";"Marajó";"Afuá";"Federal";"2022";0
"Social";"Educação";"Número de Matrículas em Creches por Dependência Administrativa";"Marajó";"Afuá";"Federal";"2023";0
"Social";"Educação";"Número de Matrículas em Creches por Dependência Administrativa";"Marajó";"Afuá";"Federal";"2024";0
"Social";"Educação";"Número de Matrículas em Creches por Dependência Administrativa";"Araguaia";"Água Azul do Norte";"Federal";"2019";0
"Social";"Educação";"Número de Matrículas em Creches por Dependência Administrativa";"Araguaia";"Água Azul do Norte";"Federal";"2020";0
"Social";"Educação";"Número de Matrículas em Creches por Dependência Administrativa";"Araguaia";"Água Azul do Norte";"Federal";"2021";0
"Social";"Educação";"Número de Matrículas em Creches por Dependência Administrativa";"Araguaia";"Água Azul do Norte";"Federal";"2022";0
"Social";"Educação";"Número de Matrículas em Creches por Dependência Administrativa";"Araguaia";"Água Azul do Norte";"Federal";"2023";0
"Social";"Educação";"Número de Matrículas em Creches por Dependência Administrativa";"Araguaia";"Água Azul do Norte";"Federal";"2024";0
"Social";"Educação";"Número de Matrículas em Creches por Dependência Administrativa";"Baixo Amazonas";"Alenquer";"Federal";"2019";0
"Social";"Educação";"Número de Matrículas em Creches por Dependência Administrativa";"Baixo Amazonas";"Alenquer";"Federal";"2020";0
"Social";"Educação";"Número de Matrículas em Creches por Dependência Administrativa";"Baixo Amazonas";"Alenquer";"Federal";"2021";0
"Social";"Educação";"Número de Matrículas em Creches por Dependência Administrativa";"Baixo Amazonas";"Alenquer";"Federal";"2022";0
"Social";"Educação";"Número de Matrículas em Creches por Dependência Administrativa";"Baixo Amazonas";"Alenquer";"Federal";"2023";0
"Social";"Educação";"Número de Matrículas em Creches por Dependência Administrativa";"Baixo Amazonas";"Alenquer";"Federal";"2024";0
"Social";"Educação";"Número de Matrículas em Creches por Dependência Administrativa";"Baixo Amazonas";"Almeirim";"Federal";"2019";0
"Social";"Educação";"Número de Matrículas em Creches por Dependência Administrativa";"Baixo Amazonas";"Almeirim";"Federal";"2020";0
"Social";"Educação";"Número de Matrículas em Creches por Dependência Administrativa";"Baixo Amazonas";"Almeirim";"Federal";"2021";0
"Social";"Educação";"Número de Matrículas em Creches por Dependência Administrativa";"Baixo Amazonas";"Almeirim";"Federal";"2022";0
"Social";"Educação";"Número de Matrículas em Creches por Dependência Administrativa";"Baixo Amazonas";"Almeirim";"Federal";"2023";0
"Social";"Educação";"Número de Matrículas em Creches por Dependência Administrativa";"Baixo Amazonas";"Almeirim";"Federal";"2024";0
"Social";"Educação";"Número de Matrículas em Creches por Dependência Administrativa";"Xingu";"Altamira";"Federal";"2019";0
"Social";"Educação";"Número de Matrículas em Creches por Dependência Administrativa";"Xingu";"Altamira";"Federal";"2020";0
"Social";"Educação";"Número de Matrículas em Creches por Dependência Administrativa";"Xingu";"Altamira";"Federal";"2021";0
"Social";"Educação";"Número de Matrículas em Creches por Dependência Administrativa";"Xingu";"Altamira";"Federal";"2022";0
"Social";"Educação";"Número de Matrículas em Creches por Dependência Administrativa";"Xingu";"Altamira";"Federal";"2023";0
"Social";"Educação";"Número de Matrículas em Creches por Dependência Administrativa";"Xingu";"Altamira";"Federal";"2024";0
"Social";"Educação";"Número de Matrículas em Creches por Dependência Administrativa";"Marajó";"Anajás";"Federal";"2019";0
"Social";"Educação";"Número de Matrículas em Creches por Dependência Administrativa";"Marajó";"Anajás";"Federal";"2020";0
"Social";"Educação";"Número de Matrículas em Creches por Dependência Administrativa";"Marajó";"Anajás";"Federal";"2021";0
"Social";"Educação";"Número de Matrículas em Creches por Dependência Administrativa";"Marajó";"Anajás";"Federal";"2022";0
"Social";"Educação";"Número de Matrículas em Creches por Dependência Administrativa";"Marajó";"Anajás";"Federal";"2023";0
"Social";"Educação";"Número de Matrículas em Creches por Dependência Administrativa";"Marajó";"Anajás";"Federal";"2024";0
"Social";"Educação";"Número de Matrículas em Creches por Dependência Administrativa";"Guajará";"Ananindeua";"Federal";"2019";0
"Social";"Educação";"Número de Matrículas em Creches por Dependência Administrativa";"Guajará";"Ananindeua";"Federal";"2020";0
"Social";"Educação";"Número de Matrículas em Creches por Dependência Administrativa";"Guajará";"Ananindeua";"Federal";"2021";0
"Social";"Educação";"Número de Matrículas em Creches por Dependência Administrativa";"Guajará";"Ananindeua";"Federal";"2022";0
"Social";"Educação";"Número de Matrículas em Creches por Dependência Administrativa";"Guajará";"Ananindeua";"Federal";"2023";0
"Social";"Educação";"Número de Matrículas em Creches por Dependência Administrativa";"Guajará";"Ananindeua";"Federal";"2024";0
"Social";"Educação";"Número de Matrículas em Creches por Dependência Administrativa";"Xingu";"Anapu";"Federal";"2019";0
"Social";"Educação";"Número de Matrículas em Creches por Dependência Administrativa";"Xingu";"Anapu";"Federal";"2020";0
"Social";"Educação";"Número de Matrículas em Creches por Dependência Administrativa";"Xingu";"Anapu";"Federal";"2021";0
"Social";"Educação";"Número de Matrículas em Creches por Dependência Administrativa";"Xingu";"Anapu";"Federal";"2022";0
"Social";"Educação";"Número de Matrículas em Creches por Dependência Administrativa";"Xingu";"Anapu";"Federal";"2023";0
"Social";"Educação";"Número de Matrículas em Creches por Dependência Administrativa";"Xingu";"Anapu";"Federal";"2024";0
"Social";"Educação";"Número de Matrículas em Creches por Dependência Administrativa";"Rio Caeté";"Augusto Corrêa";"Federal";"2019";0
"Social";"Educação";"Número de Matrículas em Creches por Dependência Administrativa";"Rio Caeté";"Augusto Corrêa";"Federal";"2020";0
"Social";"Educação";"Número de Matrículas em Creches por Dependência Administrativa";"Rio Caeté";"Augusto Corrêa";"Federal";"2021";0
"Social";"Educação";"Número de Matrículas em Creches por Dependência Administrativa";"Rio Caeté";"Augusto Corrêa";"Federal";"2022";0
"Social";"Educação";"Número de Matrículas em Creches por Dependência Administrativa";"Rio Caeté";"Augusto Corrêa";"Federal";"2023";0
"Social";"Educação";"Número de Matrículas em Creches por Dependência Administrativa";"Rio Caeté";"Augusto Corrêa";"Federal";"2024";0
"Social";"Educação";"Número de Matrículas em Creches por Dependência Administrativa";"Rio Capim";"Aurora do Pará";"Federal";"2019";0
"Social";"Educação";"Número de Matrículas em Creches por Dependência Administrativa";"Rio Capim";"Aurora do Pará";"Federal";"2020";0
"Social";"Educação";"Número de Matrículas em Creches por Dependência Administrativa";"Rio Capim";"Aurora do Pará";"Federal";"2021";0
"Social";"Educação";"Número de Matrículas em Creches por Dependência Administrativa";"Rio Capim";"Aurora do Pará";"Federal";"2022";0
"Social";"Educação";"Número de Matrículas em Creches por Dependência Administrativa";"Rio Capim";"Aurora do Pará";"Federal";"2023";0
"Social";"Educação";"Número de Matrículas em Creches por Dependência Administrativa";"Rio Capim";"Aurora do Pará";"Federal";"2024";0
"Social";"Educação";"Número de Matrículas em Creches por Dependência Administrativa";"Tapajós";"Aveiro";"Federal";"2019";0
"Social";"Educação";"Número de Matrículas em Creches por Dependência Administrativa";"Tapajós";"Aveiro";"Federal";"2020";0
"Social";"Educação";"Número de Matrículas em Creches por Dependência Administrativa";"Tapajós";"Aveiro";"Federal";"2021";0
"Social";"Educação";"Número de Matrículas em Creches por Dependência Administrativa";"Tapajós";"Aveiro";"Federal";"2022";0
"Social";"Educação";"Número de Matrículas em Creches por Dependência Administrativa";"Tapajós";"Aveiro";"Federal";"2023";0
"Social";"Educação";"Número de Matrículas em Creches por Dependência Administrativa";"Tapajós";"Aveiro";"Federal";"2024";0
"Social";"Educação";"Número de Matrículas em Creches por Dependência Administrativa";"Marajó";"Bagre";"Federal";"2019";0
"Social";"Educação";"Número de Matrículas em Creches por Dependência Administrativa";"Marajó";"Bagre";"Federal";"2020";0
"Social";"Educação";"Número de Matrículas em Creches por Dependência Administrativa";"Marajó";"Bagre";"Federal";"2021";0
"Social";"Educação";"Número de Matrículas em Creches por Dependência Administrativa";"Marajó";"Bagre";"Federal";"2022";0
"Social";"Educação";"Número de Matrículas em Creches por Dependência Administrativa";"Marajó";"Bagre";"Federal";"2023";0
"Social";"Educação";"Número de Matrículas em Creches por Dependência Administrativa";"Marajó";"Bagre";"Federal";"2024";0
"Social";"Educação";"Número de Matrículas em Creches por Dependência Administrativa";"Tocantins";"Baião";"Federal";"2019";0
"Social";"Educação";"Número de Matrículas em Creches por Dependência Administrativa";"Tocantins";"Baião";"Federal";"2020";0
"Social";"Educação";"Número de Matrículas em Creches por Dependência Administrativa";"Tocantins";"Baião";"Federal";"2021";0
"Social";"Educação";"Número de Matrículas em Creches por Dependência Administrativa";"Tocantins";"Baião";"Federal";"2022";0
"Social";"Educação";"Número de Matrículas em Creches por Dependência Administrativa";"Tocantins";"Baião";"Federal";"2023";0
"Social";"Educação";"Número de Matrículas em Creches por Dependência Administrativa";"Tocantins";"Baião";"Federal";"2024";0
"Social";"Educação";"Número de Matrículas em Creches por Dependência Administrativa";"Araguaia";"Bannach";"Federal";"2019";0
"Social";"Educação";"Número de Matrículas em Creches por Dependência Administrativa";"Araguaia";"Bannach";"Federal";"2020";0
"Social";"Educação";"Número de Matrículas em Creches por Dependência Administrativa";"Araguaia";"Bannach";"Federal";"2021";0
"Social";"Educação";"Número de Matrículas em Creches por Dependência Administrativa";"Araguaia";"Bannach";"Federal";"2022";0
"Social";"Educação";"Número de Matrículas em Creches por Dependência Administrativa";"Araguaia";"Bannach";"Federal";"2023";0
"Social";"Educação";"Número de Matrículas em Creches por Dependência Administrativa";"Araguaia";"Bannach";"Federal";"2024";0
"Social";"Educação";"Número de Matrículas em Creches por Dependência Administrativa";"Tocantins";"Barcarena";"Federal";"2019";0
"Social";"Educação";"Número de Matrículas em Creches por Dependência Administrativa";"Tocantins";"Barcarena";"Federal";"2020";0
"Social";"Educação";"Número de Matrículas em Creches por Dependência Administrativa";"Tocantins";"Barcarena";"Federal";"2021";0
"Social";"Educação";"Número de Matrículas em Creches por Dependência Administrativa";"Tocantins";"Barcarena";"Federal";"2022";0
"Social";"Educação";"Número de Matrículas em Creches por Dependência Administrativa";"Tocantins";"Barcarena";"Federal";"2023";0
"Social";"Educação";"Número de Matrículas em Creches por Dependência Administrativa";"Tocantins";"Barcarena";"Federal";"2024";0
"Social";"Educação";"Número de Matrículas em Creches por Dependência Administrativa";"Guajará";"Belém";"Federal";"2019";0
"Social";"Educação";"Número de Matrículas em Creches por Dependência Administrativa";"Guajará";"Belém";"Federal";"2020";0
"Social";"Educação";"Número de Matrículas em Creches por Dependência Administrativa";"Guajará";"Belém";"Federal";"2021";0
"Social";"Educação";"Número de Matrículas em Creches por Dependência Administrativa";"Guajará";"Belém";"Federal";"2022";0
"Social";"Educação";"Número de Matrículas em Creches por Dependência Administrativa";"Guajará";"Belém";"Federal";"2023";0
"Social";"Educação";"Número de Matrículas em Creches por Dependência Administrativa";"Guajará";"Belém";"Federal";"2024";0
"Social";"Educação";"Número de Matrículas em Creches por Dependência Administrativa";"Baixo Amazonas";"Belterra";"Federal";"2019";0
"Social";"Educação";"Número de Matrículas em Creches por Dependência Administrativa";"Baixo Amazonas";"Belterra";"Federal";"2020";0
"Social";"Educação";"Número de Matrículas em Creches por Dependência Administrativa";"Baixo Amazonas";"Belterra";"Federal";"2021";0
"Social";"Educação";"Número de Matrículas em Creches por Dependência Administrativa";"Baixo Amazonas";"Belterra";"Federal";"2022";0
"Social";"Educação";"Número de Matrículas em Creches por Dependência Administrativa";"Baixo Amazonas";"Belterra";"Federal";"2023";0
"Social";"Educação";"Número de Matrículas em Creches por Dependência Administrativa";"Baixo Amazonas";"Belterra";"Federal";"2024";0
"Social";"Educação";"Número de Matrículas em Creches por Dependência Administrativa";"Guajará";"Benevides";"Federal";"2019";0
"Social";"Educação";"Número de Matrículas em Creches por Dependência Administrativa";"Guajará";"Benevides";"Federal";"2020";0
"Social";"Educação";"Número de Matrículas em Creches por Dependência Administrativa";"Guajará";"Benevides";"Federal";"2021";0
"Social";"Educação";"Número de Matrículas em Creches por Dependência Administrativa";"Guajará";"Benevides";"Federal";"2022";0
"Social";"Educação";"Número de Matrículas em Creches por Dependência Administrativa";"Guajará";"Benevides";"Federal";"2023";0
"Social";"Educação";"Número de Matrículas em Creches por Dependência Administrativa";"Guajará";"Benevides";"Federal";"2024";0
"Social";"Educação";"Número de Matrículas em Creches por Dependência Administrativa";"Carajás";"Bom Jesus do Tocantins";"Federal";"2019";0
"Social";"Educação";"Número de Matrículas em Creches por Dependência Administrativa";"Carajás";"Bom Jesus do Tocantins";"Federal";"2020";0
"Social";"Educação";"Número de Matrículas em Creches por Dependência Administrativa";"Carajás";"Bom Jesus do Tocantins";"Federal";"2021";0
"Social";"Educação";"Número de Matrículas em Creches por Dependência Administrativa";"Carajás";"Bom Jesus do Tocantins";"Federal";"2022";0
"Social";"Educação";"Número de Matrículas em Creches por Dependência Administrativa";"Carajás";"Bom Jesus do Tocantins";"Federal";"2023";0
"Social";"Educação";"Número de Matrículas em Creches por Dependência Administrativa";"Carajás";"Bom Jesus do Tocantins";"Federal";"2024";0
"Social";"Educação";"Número de Matrículas em Creches por Dependência Administrativa";"Rio Caeté";"Bonito";"Federal";"2019";0
"Social";"Educação";"Número de Matrículas em Creches por Dependência Administrativa";"Rio Caeté";"Bonito";"Federal";"2020";0
"Social";"Educação";"Número de Matrículas em Creches por Dependência Administrativa";"Rio Caeté";"Bonito";"Federal";"2021";0
"Social";"Educação";"Número de Matrículas em Creches por Dependência Administrativa";"Rio Caeté";"Bonito";"Federal";"2022";0
"Social";"Educação";"Número de Matrículas em Creches por Dependência Administrativa";"Rio Caeté";"Bonito";"Federal";"2023";0
"Social";"Educação";"Número de Matrículas em Creches por Dependência Administrativa";"Rio Caeté";"Bonito";"Federal";"2024";0
"Social";"Educação";"Número de Matrículas em Creches por Dependência Administrativa";"Rio Caeté";"Bragança";"Federal";"2019";0
"Social";"Educação";"Número de Matrículas em Creches por Dependência Administrativa";"Rio Caeté";"Bragança";"Federal";"2020";0
"Social";"Educação";"Número de Matrículas em Creches por Dependência Administrativa";"Rio Caeté";"Bragança";"Federal";"2021";0
"Social";"Educação";"Número de Matrículas em Creches por Dependência Administrativa";"Rio Caeté";"Bragança";"Federal";"2022";0
"Social";"Educação";"Número de Matrículas em Creches por Dependência Administrativa";"Rio Caeté";"Bragança";"Federal";"2023";0
"Social";"Educação";"Número de Matrículas em Creches por Dependência Administrativa";"Rio Caeté";"Bragança";"Federal";"2024";0
"Social";"Educação";"Número de Matrículas em Creches por Dependência Administrativa";"Xingu";"Brasil Novo";"Federal";"2019";0
"Social";"Educação";"Número de Matrículas em Creches por Dependência Administrativa";"Xingu";"Brasil Novo";"Federal";"2020";0
"Social";"Educação";"Número de Matrículas em Creches por Dependência Administrativa";"Xingu";"Brasil Novo";"Federal";"2021";0
"Social";"Educação";"Número de Matrículas em Creches por Dependência Administrativa";"Xingu";"Brasil Novo";"Federal";"2022";0
"Social";"Educação";"Número de Matrículas em Creches por Dependência Administrativa";"Xingu";"Brasil Novo";"Federal";"2023";0
"Social";"Educação";"Número de Matrículas em Creches por Dependência Administrativa";"Xingu";"Brasil Novo";"Federal";"2024";0
"Social";"Educação";"Número de Matrículas em Creches por Dependência Administrativa";"Carajás";"Brejo Grande do Araguaia";"Federal";"2019";0
"Social";"Educação";"Número de Matrículas em Creches por Dependência Administrativa";"Carajás";"Brejo Grande do Araguaia";"Federal";"2020";0
"Social";"Educação";"Número de Matrículas em Creches por Dependência Administrativa";"Carajás";"Brejo Grande do Araguaia";"Federal";"2021";0
"Social";"Educação";"Número de Matrículas em Creches por Dependência Administrativa";"Carajás";"Brejo Grande do Araguaia";"Federal";"2022";0
"Social";"Educação";"Número de Matrículas em Creches por Dependência Administrativa";"Carajás";"Brejo Grande do Araguaia";"Federal";"2023";0
"Social";"Educação";"Número de Matrículas em Creches por Dependência Administrativa";"Carajás";"Brejo Grande do Araguaia";"Federal";"2024";0
"Social";"Educação";"Número de Matrículas em Creches por Dependência Administrativa";"Lago de Tucuruí";"Breu Branco";"Federal";"2019";0
"Social";"Educação";"Número de Matrículas em Creches por Dependência Administrativa";"Lago de Tucuruí";"Breu Branco";"Federal";"2020";0
"Social";"Educação";"Número de Matrículas em Creches por Dependência Administrativa";"Lago de Tucuruí";"Breu Branco";"Federal";"2021";0
"Social";"Educação";"Número de Matrículas em Creches por Dependência Administrativa";"Lago de Tucuruí";"Breu Branco";"Federal";"2022";0
"Social";"Educação";"Número de Matrículas em Creches por Dependência Administrativa";"Lago de Tucuruí";"Breu Branco";"Federal";"2023";0
"Social";"Educação";"Número de Matrículas em Creches por Dependência Administrativa";"Lago de Tucuruí";"Breu Branco";"Federal";"2024";0
"Social";"Educação";"Número de Matrículas em Creches por Dependência Administrativa";"Marajó";"Breves";"Federal";"2019";0
"Social";"Educação";"Número de Matrículas em Creches por Dependência Administrativa";"Marajó";"Breves";"Federal";"2020";0
"Social";"Educação";"Número de Matrículas em Creches por Dependência Administrativa";"Marajó";"Breves";"Federal";"2021";0
"Social";"Educação";"Número de Matrículas em Creches por Dependência Administrativa";"Marajó";"Breves";"Federal";"2022";0
"Social";"Educação";"Número de Matrículas em Creches por Dependência Administrativa";"Marajó";"Breves";"Federal";"2023";0
"Social";"Educação";"Número de Matrículas em Creches por Dependência Administrativa";"Marajó";"Breves";"Federal";"2024";0
"Social";"Educação";"Número de Matrículas em Creches por Dependência Administrativa";"Rio Capim";"Bujaru";"Federal";"2019";0
"Social";"Educação";"Número de Matrículas em Creches por Dependência Administrativa";"Rio Capim";"Bujaru";"Federal";"2020";0
"Social";"Educação";"Número de Matrículas em Creches por Dependência Administrativa";"Rio Capim";"Bujaru";"Federal";"2021";0
"Social";"Educação";"Número de Matrículas em Creches por Dependência Administrativa";"Rio Capim";"Bujaru";"Federal";"2022";0
"Social";"Educação";"Número de Matrículas em Creches por Dependência Administrativa";"Rio Capim";"Bujaru";"Federal";"2023";0
"Social";"Educação";"Número de Matrículas em Creches por Dependência Administrativa";"Rio Capim";"Bujaru";"Federal";"2024";0
"Social";"Educação";"Número de Matrículas em Creches por Dependência Administrativa";"Marajó";"Cachoeira do Arari";"Federal";"2019";0
"Social";"Educação";"Número de Matrículas em Creches por Dependência Administrativa";"Marajó";"Cachoeira do Arari";"Federal";"2020";0
"Social";"Educação";"Número de Matrículas em Creches por Dependência Administrativa";"Marajó";"Cachoeira do Arari";"Federal";"2021";0
"Social";"Educação";"Número de Matrículas em Creches por Dependência Administrativa";"Marajó";"Cachoeira do Arari";"Federal";"2022";0
"Social";"Educação";"Número de Matrículas em Creches por Dependência Administrativa";"Marajó";"Cachoeira do Arari";"Federal";"2023";0
"Social";"Educação";"Número de Matrículas em Creches por Dependência Administrativa";"Marajó";"Cachoeira do Arari";"Federal";"2024";0
"Social";"Educação";"Número de Matrículas em Creches por Dependência Administrativa";"Rio Caeté";"Cachoeira do Piriá";"Federal";"2019";0
"Social";"Educação";"Número de Matrículas em Creches por Dependência Administrativa";"Rio Caeté";"Cachoeira do Piriá";"Federal";"2020";0
"Social";"Educação";"Número de Matrículas em Creches por Dependência Administrativa";"Rio Caeté";"Cachoeira do Piriá";"Federal";"2021";0
"Social";"Educação";"Número de Matrículas em Creches por Dependência Administrativa";"Rio Caeté";"Cachoeira do Piriá";"Federal";"2022";0
"Social";"Educação";"Número de Matrículas em Creches por Dependência Administrativa";"Rio Caeté";"Cachoeira do Piriá";"Federal";"2023";0
"Social";"Educação";"Número de Matrículas em Creches por Dependência Administrativa";"Rio Caeté";"Cachoeira do Piriá";"Federal";"2024";0
"Social";"Educação";"Número de Matrículas em Creches por Dependência Administrativa";"Tocantins";"Cametá";"Federal";"2019";0
"Social";"Educação";"Número de Matrículas em Creches por Dependência Administrativa";"Tocantins";"Cametá";"Federal";"2020";0
"Social";"Educação";"Número de Matrículas em Creches por Dependência Administrativa";"Tocantins";"Cametá";"Federal";"2021";0
"Social";"Educação";"Número de Matrículas em Creches por Dependência Administrativa";"Tocantins";"Cametá";"Federal";"2022";0
"Social";"Educação";"Número de Matrículas em Creches por Dependência Administrativa";"Tocantins";"Cametá";"Federal";"2023";0
"Social";"Educação";"Número de Matrículas em Creches por Dependência Administrativa";"Tocantins";"Cametá";"Federal";"2024";0
"Social";"Educação";"Número de Matrículas em Creches por Dependência Administrativa";"Carajás";"Canaã dos Carajás";"Federal";"2019";0
"Social";"Educação";"Número de Matrículas em Creches por Dependência Administrativa";"Carajás";"Canaã dos Carajás";"Federal";"2020";0
"Social";"Educação";"Número de Matrículas em Creches por Dependência Administrativa";"Carajás";"Canaã dos Carajás";"Federal";"2021";0
"Social";"Educação";"Número de Matrículas em Creches por Dependência Administrativa";"Carajás";"Canaã dos Carajás";"Federal";"2022";0
"Social";"Educação";"Número de Matrículas em Creches por Dependência Administrativa";"Carajás";"Canaã dos Carajás";"Federal";"2023";0
"Social";"Educação";"Número de Matrículas em Creches por Dependência Administrativa";"Carajás";"Canaã dos Carajás";"Federal";"2024";0
"Social";"Educação";"Número de Matrículas em Creches por Dependência Administrativa";"Rio Caeté";"Capanema";"Federal";"2019";0
"Social";"Educação";"Número de Matrículas em Creches por Dependência Administrativa";"Rio Caeté";"Capanema";"Federal";"2020";0
"Social";"Educação";"Número de Matrículas em Creches por Dependência Administrativa";"Rio Caeté";"Capanema";"Federal";"2021";0
"Social";"Educação";"Número de Matrículas em Creches por Dependência Administrativa";"Rio Caeté";"Capanema";"Federal";"2022";0
"Social";"Educação";"Número de Matrículas em Creches por Dependência Administrativa";"Rio Caeté";"Capanema";"Federal";"2023";0
"Social";"Educação";"Número de Matrículas em Creches por Dependência Administrativa";"Rio Caeté";"Capanema";"Federal";"2024";0
"Social";"Educação";"Número de Matrículas em Creches por Dependência Administrativa";"Rio Capim";"Capitão Poço";"Federal";"2019";0
"Social";"Educação";"Número de Matrículas em Creches por Dependência Administrativa";"Rio Capim";"Capitão Poço";"Federal";"2020";0
"Social";"Educação";"Número de Matrículas em Creches por Dependência Administrativa";"Rio Capim";"Capitão Poço";"Federal";"2021";0
"Social";"Educação";"Número de Matrículas em Creches por Dependência Administrativa";"Rio Capim";"Capitão Poço";"Federal";"2022";0
"Social";"Educação";"Número de Matrículas em Creches por Dependência Administrativa";"Rio Capim";"Capitão Poço";"Federal";"2023";0
"Social";"Educação";"Número de Matrículas em Creches por Dependência Administrativa";"Rio Capim";"Capitão Poço";"Federal";"2024";0
"Social";"Educação";"Número de Matrículas em Creches por Dependência Administrativa";"Guamá";"Castanhal";"Federal";"2019";0
"Social";"Educação";"Número de Matrículas em Creches por Dependência Administrativa";"Guamá";"Castanhal";"Federal";"2020";0
"Social";"Educação";"Número de Matrículas em Creches por Dependência Administrativa";"Guamá";"Castanhal";"Federal";"2021";0
"Social";"Educação";"Número de Matrículas em Creches por Dependência Administrativa";"Guamá";"Castanhal";"Federal";"2022";0
"Social";"Educação";"Número de Matrículas em Creches por Dependência Administrativa";"Guamá";"Castanhal";"Federal";"2023";0
"Social";"Educação";"Número de Matrículas em Creches por Dependência Administrativa";"Guamá";"Castanhal";"Federal";"2024";0
"Social";"Educação";"Número de Matrículas em Creches por Dependência Administrativa";"Marajó";"Chaves";"Federal";"2019";0
"Social";"Educação";"Número de Matrículas em Creches por Dependência Administrativa";"Marajó";"Chaves";"Federal";"2020";0
"Social";"Educação";"Número de Matrículas em Creches por Dependência Administrativa";"Marajó";"Chaves";"Federal";"2021";0
"Social";"Educação";"Número de Matrículas em Creches por Dependência Administrativa";"Marajó";"Chaves";"Federal";"2022";0
"Social";"Educação";"Número de Matrículas em Creches por Dependência Administrativa";"Marajó";"Chaves";"Federal";"2023";0
"Social";"Educação";"Número de Matrículas em Creches por Dependência Administrativa";"Marajó";"Chaves";"Federal";"2024";0
"Social";"Educação";"Número de Matrículas em Creches por Dependência Administrativa";"Guamá";"Colares";"Federal";"2019";0
"Social";"Educação";"Número de Matrículas em Creches por Dependência Administrativa";"Guamá";"Colares";"Federal";"2020";0
"Social";"Educação";"Número de Matrículas em Creches por Dependência Administrativa";"Guamá";"Colares";"Federal";"2021";0
"Social";"Educação";"Número de Matrículas em Creches por Dependência Administrativa";"Guamá";"Colares";"Federal";"2022";0
"Social";"Educação";"Número de Matrículas em Creches por Dependência Administrativa";"Guamá";"Colares";"Federal";"2023";0
"Social";"Educação";"Número de Matrículas em Creches por Dependência Administrativa";"Guamá";"Colares";"Federal";"2024";0
"Social";"Educação";"Número de Matrículas em Creches por Dependência Administrativa";"Araguaia";"Conceição do Araguaia";"Federal";"2019";0
"Social";"Educação";"Número de Matrículas em Creches por Dependência Administrativa";"Araguaia";"Conceição do Araguaia";"Federal";"2020";0
"Social";"Educação";"Número de Matrículas em Creches por Dependência Administrativa";"Araguaia";"Conceição do Araguaia";"Federal";"2021";0
"Social";"Educação";"Número de Matrículas em Creches por Dependência Administrativa";"Araguaia";"Conceição do Araguaia";"Federal";"2022";0
"Social";"Educação";"Número de Matrículas em Creches por Dependência Administrativa";"Araguaia";"Conceição do Araguaia";"Federal";"2023";0
"Social";"Educação";"Número de Matrículas em Creches por Dependência Administrativa";"Araguaia";"Conceição do Araguaia";"Federal";"2024";0
"Social";"Educação";"Número de Matrículas em Creches por Dependência Administrativa";"Rio Capim";"Concórdia do Pará";"Federal";"2019";0
"Social";"Educação";"Número de Matrículas em Creches por Dependência Administrativa";"Rio Capim";"Concórdia do Pará";"Federal";"2020";0
"Social";"Educação";"Número de Matrículas em Creches por Dependência Administrativa";"Rio Capim";"Concórdia do Pará";"Federal";"2021";0
"Social";"Educação";"Número de Matrículas em Creches por Dependência Administrativa";"Rio Capim";"Concórdia do Pará";"Federal";"2022";0
"Social";"Educação";"Número de Matrículas em Creches por Dependência Administrativa";"Rio Capim";"Concórdia do Pará";"Federal";"2023";0
"Social";"Educação";"Número de Matrículas em Creches por Dependência Administrativa";"Rio Capim";"Concórdia do Pará";"Federal";"2024";0
"Social";"Educação";"Número de Matrículas em Creches por Dependência Administrativa";"Araguaia";"Cumaru do Norte";"Federal";"2019";0
"Social";"Educação";"Número de Matrículas em Creches por Dependência Administrativa";"Araguaia";"Cumaru do Norte";"Federal";"2020";0
"Social";"Educação";"Número de Matrículas em Creches por Dependência Administrativa";"Araguaia";"Cumaru do Norte";"Federal";"2021";0
"Social";"Educação";"Número de Matrículas em Creches por Dependência Administrativa";"Araguaia";"Cumaru do Norte";"Federal";"2022";0
"Social";"Educação";"Número de Matrículas em Creches por Dependência Administrativa";"Araguaia";"Cumaru do Norte";"Federal";"2023";0
"Social";"Educação";"Número de Matrículas em Creches por Dependência Administrativa";"Araguaia";"Cumaru do Norte";"Federal";"2024";0
"Social";"Educação";"Número de Matrículas em Creches por Dependência Administrativa";"Carajás";"Curionópolis";"Federal";"2019";0
"Social";"Educação";"Número de Matrículas em Creches por Dependência Administrativa";"Carajás";"Curionópolis";"Federal";"2020";0
"Social";"Educação";"Número de Matrículas em Creches por Dependência Administrativa";"Carajás";"Curionópolis";"Federal";"2021";0
"Social";"Educação";"Número de Matrículas em Creches por Dependência Administrativa";"Carajás";"Curionópolis";"Federal";"2022";0
"Social";"Educação";"Número de Matrículas em Creches por Dependência Administrativa";"Carajás";"Curionópolis";"Federal";"2023";0
"Social";"Educação";"Número de Matrículas em Creches por Dependência Administrativa";"Carajás";"Curionópolis";"Federal";"2024";0
"Social";"Educação";"Número de Matrículas em Creches por Dependência Administrativa";"Marajó";"Curralinho";"Federal";"2019";0
"Social";"Educação";"Número de Matrículas em Creches por Dependência Administrativa";"Marajó";"Curralinho";"Federal";"2020";0
"Social";"Educação";"Número de Matrículas em Creches por Dependência Administrativa";"Marajó";"Curralinho";"Federal";"2021";0
"Social";"Educação";"Número de Matrículas em Creches por Dependência Administrativa";"Marajó";"Curralinho";"Federal";"2022";0
"Social";"Educação";"Número de Matrículas em Creches por Dependência Administrativa";"Marajó";"Curralinho";"Federal";"2023";0
"Social";"Educação";"Número de Matrículas em Creches por Dependência Administrativa";"Marajó";"Curralinho";"Federal";"2024";0
"Social";"Educação";"Número de Matrículas em Creches por Dependência Administrativa";"Baixo Amazonas";"Curuá";"Federal";"2019";0
"Social";"Educação";"Número de Matrículas em Creches por Dependência Administrativa";"Baixo Amazonas";"Curuá";"Federal";"2020";0
"Social";"Educação";"Número de Matrículas em Creches por Dependência Administrativa";"Baixo Amazonas";"Curuá";"Federal";"2021";0
"Social";"Educação";"Número de Matrículas em Creches por Dependência Administrativa";"Baixo Amazonas";"Curuá";"Federal";"2022";0
"Social";"Educação";"Número de Matrículas em Creches por Dependência Administrativa";"Baixo Amazonas";"Curuá";"Federal";"2023";0
"Social";"Educação";"Número de Matrículas em Creches por Dependência Administrativa";"Baixo Amazonas";"Curuá";"Federal";"2024";0
"Social";"Educação";"Número de Matrículas em Creches por Dependência Administrativa";"Guamá";"Curuçá";"Federal";"2019";0
"Social";"Educação";"Número de Matrículas em Creches por Dependência Administrativa";"Guamá";"Curuçá";"Federal";"2020";0
"Social";"Educação";"Número de Matrículas em Creches por Dependência Administrativa";"Guamá";"Curuçá";"Federal";"2021";0
"Social";"Educação";"Número de Matrículas em Creches por Dependência Administrativa";"Guamá";"Curuçá";"Federal";"2022";0
"Social";"Educação";"Número de Matrículas em Creches por Dependência Administrativa";"Guamá";"Curuçá";"Federal";"2023";0
"Social";"Educação";"Número de Matrículas em Creches por Dependência Administrativa";"Guamá";"Curuçá";"Federal";"2024";0
"Social";"Educação";"Número de Matrículas em Creches por Dependência Administrativa";"Rio Capim";"Dom Eliseu";"Federal";"2019";0
"Social";"Educação";"Número de Matrículas em Creches por Dependência Administrativa";"Rio Capim";"Dom Eliseu";"Federal";"2020";0
"Social";"Educação";"Número de Matrículas em Creches por Dependência Administrativa";"Rio Capim";"Dom Eliseu";"Federal";"2021";0
"Social";"Educação";"Número de Matrículas em Creches por Dependência Administrativa";"Rio Capim";"Dom Eliseu";"Federal";"2022";0
"Social";"Educação";"Número de Matrículas em Creches por Dependência Administrativa";"Rio Capim";"Dom Eliseu";"Federal";"2023";0
"Social";"Educação";"Número de Matrículas em Creches por Dependência Administrativa";"Rio Capim";"Dom Eliseu";"Federal";"2024";0
"Social";"Educação";"Número de Matrículas em Creches por Dependência Administrativa";"Carajás";"Eldorado do Carajás";"Federal";"2019";0
"Social";"Educação";"Número de Matrículas em Creches por Dependência Administrativa";"Carajás";"Eldorado do Carajás";"Federal";"2020";0
"Social";"Educação";"Número de Matrículas em Creches por Dependência Administrativa";"Carajás";"Eldorado do Carajás";"Federal";"2021";0
"Social";"Educação";"Número de Matrículas em Creches por Dependência Administrativa";"Carajás";"Eldorado do Carajás";"Federal";"2022";0
"Social";"Educação";"Número de Matrículas em Creches por Dependência Administrativa";"Carajás";"Eldorado do Carajás";"Federal";"2023";0
"Social";"Educação";"Número de Matrículas em Creches por Dependência Administrativa";"Carajás";"Eldorado do Carajás";"Federal";"2024";0
"Social";"Educação";"Número de Matrículas em Creches por Dependência Administrativa";"Baixo Amazonas";"Faro";"Federal";"2019";0
"Social";"Educação";"Número de Matrículas em Creches por Dependência Administrativa";"Baixo Amazonas";"Faro";"Federal";"2020";0
"Social";"Educação";"Número de Matrículas em Creches por Dependência Administrativa";"Baixo Amazonas";"Faro";"Federal";"2021";0
"Social";"Educação";"Número de Matrículas em Creches por Dependência Administrativa";"Baixo Amazonas";"Faro";"Federal";"2022";0
"Social";"Educação";"Número de Matrículas em Creches por Dependência Administrativa";"Baixo Amazonas";"Faro";"Federal";"2023";0
"Social";"Educação";"Número de Matrículas em Creches por Dependência Administrativa";"Baixo Amazonas";"Faro";"Federal";"2024";0
"Social";"Educação";"Número de Matrículas em Creches por Dependência Administrativa";"Araguaia";"Floresta do Araguaia";"Federal";"2019";0
"Social";"Educação";"Número de Matrículas em Creches por Dependência Administrativa";"Araguaia";"Floresta do Araguaia";"Federal";"2020";0
"Social";"Educação";"Número de Matrículas em Creches por Dependência Administrativa";"Araguaia";"Floresta do Araguaia";"Federal";"2021";0
"Social";"Educação";"Número de Matrículas em Creches por Dependência Administrativa";"Araguaia";"Floresta do Araguaia";"Federal";"2022";0
"Social";"Educação";"Número de Matrículas em Creches por Dependência Administrativa";"Araguaia";"Floresta do Araguaia";"Federal";"2023";0
"Social";"Educação";"Número de Matrículas em Creches por Dependência Administrativa";"Araguaia";"Floresta do Araguaia";"Federal";"2024";0
"Social";"Educação";"Número de Matrículas em Creches por Dependência Administrativa";"Rio Capim";"Garrafão do Norte";"Federal";"2019";0
"Social";"Educação";"Número de Matrículas em Creches por Dependência Administrativa";"Rio Capim";"Garrafão do Norte";"Federal";"2020";0
"Social";"Educação";"Número de Matrículas em Creches por Dependência Administrativa";"Rio Capim";"Garrafão do Norte";"Federal";"2021";0
"Social";"Educação";"Número de Matrículas em Creches por Dependência Administrativa";"Rio Capim";"Garrafão do Norte";"Federal";"2022";0
"Social";"Educação";"Número de Matrículas em Creches por Dependência Administrativa";"Rio Capim";"Garrafão do Norte";"Federal";"2023";0
"Social";"Educação";"Número de Matrículas em Creches por Dependência Administrativa";"Rio Capim";"Garrafão do Norte";"Federal";"2024";0
"Social";"Educação";"Número de Matrículas em Creches por Dependência Administrativa";"Lago de Tucuruí";"Goianésia do Pará";"Federal";"2019";0
"Social";"Educação";"Número de Matrículas em Creches por Dependência Administrativa";"Lago de Tucuruí";"Goianésia do Pará";"Federal";"2020";0
"Social";"Educação";"Número de Matrículas em Creches por Dependência Administrativa";"Lago de Tucuruí";"Goianésia do Pará";"Federal";"2021";0
"Social";"Educação";"Número de Matrículas em Creches por Dependência Administrativa";"Lago de Tucuruí";"Goianésia do Pará";"Federal";"2022";0
"Social";"Educação";"Número de Matrículas em Creches por Dependência Administrativa";"Lago de Tucuruí";"Goianésia do Pará";"Federal";"2023";0
"Social";"Educação";"Número de Matrículas em Creches por Dependência Administrativa";"Lago de Tucuruí";"Goianésia do Pará";"Federal";"2024";0
"Social";"Educação";"Número de Matrículas em Creches por Dependência Administrativa";"Marajó";"Gurupá";"Federal";"2019";0
"Social";"Educação";"Número de Matrículas em Creches por Dependência Administrativa";"Marajó";"Gurupá";"Federal";"2020";0
"Social";"Educação";"Número de Matrículas em Creches por Dependência Administrativa";"Marajó";"Gurupá";"Federal";"2021";0
"Social";"Educação";"Número de Matrículas em Creches por Dependência Administrativa";"Marajó";"Gurupá";"Federal";"2022";0
"Social";"Educação";"Número de Matrículas em Creches por Dependência Administrativa";"Marajó";"Gurupá";"Federal";"2023";0
"Social";"Educação";"Número de Matrículas em Creches por Dependência Administrativa";"Marajó";"Gurupá";"Federal";"2024";0
"Social";"Educação";"Número de Matrículas em Creches por Dependência Administrativa";"Guamá";"Igarapé-Açu";"Federal";"2019";0
"Social";"Educação";"Número de Matrículas em Creches por Dependência Administrativa";"Guamá";"Igarapé-Açu";"Federal";"2020";0
"Social";"Educação";"Número de Matrículas em Creches por Dependência Administrativa";"Guamá";"Igarapé-Açu";"Federal";"2021";0
"Social";"Educação";"Número de Matrículas em Creches por Dependência Administrativa";"Guamá";"Igarapé-Açu";"Federal";"2022";0
"Social";"Educação";"Número de Matrículas em Creches por Dependência Administrativa";"Guamá";"Igarapé-Açu";"Federal";"2023";0
"Social";"Educação";"Número de Matrículas em Creches por Dependência Administrativa";"Guamá";"Igarapé-Açu";"Federal";"2024";0
"Social";"Educação";"Número de Matrículas em Creches por Dependência Administrativa";"Tocantins";"Igarapé-Miri";"Federal";"2019";0
"Social";"Educação";"Número de Matrículas em Creches por Dependência Administrativa";"Tocantins";"Igarapé-Miri";"Federal";"2020";0
"Social";"Educação";"Número de Matrículas em Creches por Dependência Administrativa";"Tocantins";"Igarapé-Miri";"Federal";"2021";0
"Social";"Educação";"Número de Matrículas em Creches por Dependência Administrativa";"Tocantins";"Igarapé-Miri";"Federal";"2022";0
"Social";"Educação";"Número de Matrículas em Creches por Dependência Administrativa";"Tocantins";"Igarapé-Miri";"Federal";"2023";0
"Social";"Educação";"Número de Matrículas em Creches por Dependência Administrativa";"Tocantins";"Igarapé-Miri";"Federal";"2024";0
"Social";"Educação";"Número de Matrículas em Creches por Dependência Administrativa";"Guamá";"Inhangapi";"Federal";"2019";0
"Social";"Educação";"Número de Matrículas em Creches por Dependência Administrativa";"Guamá";"Inhangapi";"Federal";"2020";0
"Social";"Educação";"Número de Matrículas em Creches por Dependência Administrativa";"Guamá";"Inhangapi";"Federal";"2021";0
"Social";"Educação";"Número de Matrículas em Creches por Dependência Administrativa";"Guamá";"Inhangapi";"Federal";"2022";0
"Social";"Educação";"Número de Matrículas em Creches por Dependência Administrativa";"Guamá";"Inhangapi";"Federal";"2023";0
"Social";"Educação";"Número de Matrículas em Creches por Dependência Administrativa";"Guamá";"Inhangapi";"Federal";"2024";0
"Social";"Educação";"Número de Matrículas em Creches por Dependência Administrativa";"Rio Capim";"Ipixuna do Pará";"Federal";"2019";0
"Social";"Educação";"Número de Matrículas em Creches por Dependência Administrativa";"Rio Capim";"Ipixuna do Pará";"Federal";"2020";0
"Social";"Educação";"Número de Matrículas em Creches por Dependência Administrativa";"Rio Capim";"Ipixuna do Pará";"Federal";"2021";0
"Social";"Educação";"Número de Matrículas em Creches por Dependência Administrativa";"Rio Capim";"Ipixuna do Pará";"Federal";"2022";0
"Social";"Educação";"Número de Matrículas em Creches por Dependência Administrativa";"Rio Capim";"Ipixuna do Pará";"Federal";"2023";0
"Social";"Educação";"Número de Matrículas em Creches por Dependência Administrativa";"Rio Capim";"Ipixuna do Pará";"Federal";"2024";0
"Social";"Educação";"Número de Matrículas em Creches por Dependência Administrativa";"Rio Capim";"Irituia";"Federal";"2019";0
"Social";"Educação";"Número de Matrículas em Creches por Dependência Administrativa";"Rio Capim";"Irituia";"Federal";"2020";0
"Social";"Educação";"Número de Matrículas em Creches por Dependência Administrativa";"Rio Capim";"Irituia";"Federal";"2021";0
"Social";"Educação";"Número de Matrículas em Creches por Dependência Administrativa";"Rio Capim";"Irituia";"Federal";"2022";0
"Social";"Educação";"Número de Matrículas em Creches por Dependência Administrativa";"Rio Capim";"Irituia";"Federal";"2023";0
"Social";"Educação";"Número de Matrículas em Creches por Dependência Administrativa";"Rio Capim";"Irituia";"Federal";"2024";0
"Social";"Educação";"Número de Matrículas em Creches por Dependência Administrativa";"Tapajós";"Itaituba";"Federal";"2019";0
"Social";"Educação";"Número de Matrículas em Creches por Dependência Administrativa";"Tapajós";"Itaituba";"Federal";"2020";0
"Social";"Educação";"Número de Matrículas em Creches por Dependência Administrativa";"Tapajós";"Itaituba";"Federal";"2021";0
"Social";"Educação";"Número de Matrículas em Creches por Dependência Administrativa";"Tapajós";"Itaituba";"Federal";"2022";0
"Social";"Educação";"Número de Matrículas em Creches por Dependência Administrativa";"Tapajós";"Itaituba";"Federal";"2023";0
"Social";"Educação";"Número de Matrículas em Creches por Dependência Administrativa";"Tapajós";"Itaituba";"Federal";"2024";0
"Social";"Educação";"Número de Matrículas em Creches por Dependência Administrativa";"Lago de Tucuruí";"Itupiranga";"Federal";"2019";0
"Social";"Educação";"Número de Matrículas em Creches por Dependência Administrativa";"Lago de Tucuruí";"Itupiranga";"Federal";"2020";0
"Social";"Educação";"Número de Matrículas em Creches por Dependência Administrativa";"Lago de Tucuruí";"Itupiranga";"Federal";"2021";0
"Social";"Educação";"Número de Matrículas em Creches por Dependência Administrativa";"Lago de Tucuruí";"Itupiranga";"Federal";"2022";0
"Social";"Educação";"Número de Matrículas em Creches por Dependência Administrativa";"Lago de Tucuruí";"Itupiranga";"Federal";"2023";0
"Social";"Educação";"Número de Matrículas em Creches por Dependência Administrativa";"Lago de Tucuruí";"Itupiranga";"Federal";"2024";0
"Social";"Educação";"Número de Matrículas em Creches por Dependência Administrativa";"Tapajós";"Jacareacanga";"Federal";"2019";0
"Social";"Educação";"Número de Matrículas em Creches por Dependência Administrativa";"Tapajós";"Jacareacanga";"Federal";"2020";0
"Social";"Educação";"Número de Matrículas em Creches por Dependência Administrativa";"Tapajós";"Jacareacanga";"Federal";"2021";0
"Social";"Educação";"Número de Matrículas em Creches por Dependência Administrativa";"Tapajós";"Jacareacanga";"Federal";"2022";0
"Social";"Educação";"Número de Matrículas em Creches por Dependência Administrativa";"Tapajós";"Jacareacanga";"Federal";"2023";0
"Social";"Educação";"Número de Matrículas em Creches por Dependência Administrativa";"Tapajós";"Jacareacanga";"Federal";"2024";0
"Social";"Educação";"Número de Matrículas em Creches por Dependência Administrativa";"Lago de Tucuruí";"Jacundá";"Federal";"2019";0
"Social";"Educação";"Número de Matrículas em Creches por Dependência Administrativa";"Lago de Tucuruí";"Jacundá";"Federal";"2020";0
"Social";"Educação";"Número de Matrículas em Creches por Dependência Administrativa";"Lago de Tucuruí";"Jacundá";"Federal";"2021";0
"Social";"Educação";"Número de Matrículas em Creches por Dependência Administrativa";"Lago de Tucuruí";"Jacundá";"Federal";"2022";0
"Social";"Educação";"Número de Matrículas em Creches por Dependência Administrativa";"Lago de Tucuruí";"Jacundá";"Federal";"2023";0
"Social";"Educação";"Número de Matrículas em Creches por Dependência Administrativa";"Lago de Tucuruí";"Jacundá";"Federal";"2024";0
"Social";"Educação";"Número de Matrículas em Creches por Dependência Administrativa";"Baixo Amazonas";"Juruti";"Federal";"2019";0
"Social";"Educação";"Número de Matrículas em Creches por Dependência Administrativa";"Baixo Amazonas";"Juruti";"Federal";"2020";0
"Social";"Educação";"Número de Matrículas em Creches por Dependência Administrativa";"Baixo Amazonas";"Juruti";"Federal";"2021";0
"Social";"Educação";"Número de Matrículas em Creches por Dependência Administrativa";"Baixo Amazonas";"Juruti";"Federal";"2022";0
"Social";"Educação";"Número de Matrículas em Creches por Dependência Administrativa";"Baixo Amazonas";"Juruti";"Federal";"2023";0
"Social";"Educação";"Número de Matrículas em Creches por Dependência Administrativa";"Baixo Amazonas";"Juruti";"Federal";"2024";0
"Social";"Educação";"Número de Matrículas em Creches por Dependência Administrativa";"Tocantins";"Limoeiro do Ajuru";"Federal";"2019";0
"Social";"Educação";"Número de Matrículas em Creches por Dependência Administrativa";"Tocantins";"Limoeiro do Ajuru";"Federal";"2020";0
"Social";"Educação";"Número de Matrículas em Creches por Dependência Administrativa";"Tocantins";"Limoeiro do Ajuru";"Federal";"2021";0
"Social";"Educação";"Número de Matrículas em Creches por Dependência Administrativa";"Tocantins";"Limoeiro do Ajuru";"Federal";"2022";0
"Social";"Educação";"Número de Matrículas em Creches por Dependência Administrativa";"Tocantins";"Limoeiro do Ajuru";"Federal";"2023";0
"Social";"Educação";"Número de Matrículas em Creches por Dependência Administrativa";"Tocantins";"Limoeiro do Ajuru";"Federal";"2024";0
"Social";"Educação";"Número de Matrículas em Creches por Dependência Administrativa";"Rio Capim";"Mãe do Rio";"Federal";"2019";0
"Social";"Educação";"Número de Matrículas em Creches por Dependência Administrativa";"Rio Capim";"Mãe do Rio";"Federal";"2020";0
"Social";"Educação";"Número de Matrículas em Creches por Dependência Administrativa";"Rio Capim";"Mãe do Rio";"Federal";"2021";0
"Social";"Educação";"Número de Matrículas em Creches por Dependência Administrativa";"Rio Capim";"Mãe do Rio";"Federal";"2022";0
"Social";"Educação";"Número de Matrículas em Creches por Dependência Administrativa";"Rio Capim";"Mãe do Rio";"Federal";"2023";0
"Social";"Educação";"Número de Matrículas em Creches por Dependência Administrativa";"Rio Capim";"Mãe do Rio";"Federal";"2024";0
"Social";"Educação";"Número de Matrículas em Creches por Dependência Administrativa";"Guamá";"Magalhães Barata";"Federal";"2019";0
"Social";"Educação";"Número de Matrículas em Creches por Dependência Administrativa";"Guamá";"Magalhães Barata";"Federal";"2020";0
"Social";"Educação";"Número de Matrículas em Creches por Dependência Administrativa";"Guamá";"Magalhães Barata";"Federal";"2021";0
"Social";"Educação";"Número de Matrículas em Creches por Dependência Administrativa";"Guamá";"Magalhães Barata";"Federal";"2022";0
"Social";"Educação";"Número de Matrículas em Creches por Dependência Administrativa";"Guamá";"Magalhães Barata";"Federal";"2023";0
"Social";"Educação";"Número de Matrículas em Creches por Dependência Administrativa";"Guamá";"Magalhães Barata";"Federal";"2024";0
"Social";"Educação";"Número de Matrículas em Creches por Dependência Administrativa";"Carajás";"Marabá";"Federal";"2019";0
"Social";"Educação";"Número de Matrículas em Creches por Dependência Administrativa";"Carajás";"Marabá";"Federal";"2020";0
"Social";"Educação";"Número de Matrículas em Creches por Dependência Administrativa";"Carajás";"Marabá";"Federal";"2021";0
"Social";"Educação";"Número de Matrículas em Creches por Dependência Administrativa";"Carajás";"Marabá";"Federal";"2022";0
"Social";"Educação";"Número de Matrículas em Creches por Dependência Administrativa";"Carajás";"Marabá";"Federal";"2023";0
"Social";"Educação";"Número de Matrículas em Creches por Dependência Administrativa";"Carajás";"Marabá";"Federal";"2024";0
"Social";"Educação";"Número de Matrículas em Creches por Dependência Administrativa";"Guamá";"Maracanã";"Federal";"2019";0
"Social";"Educação";"Número de Matrículas em Creches por Dependência Administrativa";"Guamá";"Maracanã";"Federal";"2020";0
"Social";"Educação";"Número de Matrículas em Creches por Dependência Administrativa";"Guamá";"Maracanã";"Federal";"2021";0
"Social";"Educação";"Número de Matrículas em Creches por Dependência Administrativa";"Guamá";"Maracanã";"Federal";"2022";0
"Social";"Educação";"Número de Matrículas em Creches por Dependência Administrativa";"Guamá";"Maracanã";"Federal";"2023";0
"Social";"Educação";"Número de Matrículas em Creches por Dependência Administrativa";"Guamá";"Maracanã";"Federal";"2024";0
"Social";"Educação";"Número de Matrículas em Creches por Dependência Administrativa";"Guamá";"Marapanim";"Federal";"2019";0
"Social";"Educação";"Número de Matrículas em Creches por Dependência Administrativa";"Guamá";"Marapanim";"Federal";"2020";0
"Social";"Educação";"Número de Matrículas em Creches por Dependência Administrativa";"Guamá";"Marapanim";"Federal";"2021";0
"Social";"Educação";"Número de Matrículas em Creches por Dependência Administrativa";"Guamá";"Marapanim";"Federal";"2022";0
"Social";"Educação";"Número de Matrículas em Creches por Dependência Administrativa";"Guamá";"Marapanim";"Federal";"2023";0
"Social";"Educação";"Número de Matrículas em Creches por Dependência Administrativa";"Guamá";"Marapanim";"Federal";"2024";0
"Social";"Educação";"Número de Matrículas em Creches por Dependência Administrativa";"Guajará";"Marituba";"Federal";"2019";0
"Social";"Educação";"Número de Matrículas em Creches por Dependência Administrativa";"Guajará";"Marituba";"Federal";"2020";0
"Social";"Educação";"Número de Matrículas em Creches por Dependência Administrativa";"Guajará";"Marituba";"Federal";"2021";0
"Social";"Educação";"Número de Matrículas em Creches por Dependência Administrativa";"Guajará";"Marituba";"Federal";"2022";0
"Social";"Educação";"Número de Matrículas em Creches por Dependência Administrativa";"Guajará";"Marituba";"Federal";"2023";0
"Social";"Educação";"Número de Matrículas em Creches por Dependência Administrativa";"Guajará";"Marituba";"Federal";"2024";0
"Social";"Educação";"Número de Matrículas em Creches por Dependência Administrativa";"Xingu";"Medicilândia";"Federal";"2019";0
"Social";"Educação";"Número de Matrículas em Creches por Dependência Administrativa";"Xingu";"Medicilândia";"Federal";"2020";0
"Social";"Educação";"Número de Matrículas em Creches por Dependência Administrativa";"Xingu";"Medicilândia";"Federal";"2021";0
"Social";"Educação";"Número de Matrículas em Creches por Dependência Administrativa";"Xingu";"Medicilândia";"Federal";"2022";0
"Social";"Educação";"Número de Matrículas em Creches por Dependência Administrativa";"Xingu";"Medicilândia";"Federal";"2023";0
"Social";"Educação";"Número de Matrículas em Creches por Dependência Administrativa";"Xingu";"Medicilândia";"Federal";"2024";0
"Social";"Educação";"Número de Matrículas em Creches por Dependência Administrativa";"Marajó";"Melgaço";"Federal";"2019";0
"Social";"Educação";"Número de Matrículas em Creches por Dependência Administrativa";"Marajó";"Melgaço";"Federal";"2020";0
"Social";"Educação";"Número de Matrículas em Creches por Dependência Administrativa";"Marajó";"Melgaço";"Federal";"2021";0
"Social";"Educação";"Número de Matrículas em Creches por Dependência Administrativa";"Marajó";"Melgaço";"Federal";"2022";0
"Social";"Educação";"Número de Matrículas em Creches por Dependência Administrativa";"Marajó";"Melgaço";"Federal";"2023";0
"Social";"Educação";"Número de Matrículas em Creches por Dependência Administrativa";"Marajó";"Melgaço";"Federal";"2024";0
"Social";"Educação";"Número de Matrículas em Creches por Dependência Administrativa";"Tocantins";"Mocajuba";"Federal";"2019";0
"Social";"Educação";"Número de Matrículas em Creches por Dependência Administrativa";"Tocantins";"Mocajuba";"Federal";"2020";0
"Social";"Educação";"Número de Matrículas em Creches por Dependência Administrativa";"Tocantins";"Mocajuba";"Federal";"2021";0
"Social";"Educação";"Número de Matrículas em Creches por Dependência Administrativa";"Tocantins";"Mocajuba";"Federal";"2022";0
"Social";"Educação";"Número de Matrículas em Creches por Dependência Administrativa";"Tocantins";"Mocajuba";"Federal";"2023";0
"Social";"Educação";"Número de Matrículas em Creches por Dependência Administrativa";"Tocantins";"Mocajuba";"Federal";"2024";0
"Social";"Educação";"Número de Matrículas em Creches por Dependência Administrativa";"Tocantins";"Moju";"Federal";"2019";0
"Social";"Educação";"Número de Matrículas em Creches por Dependência Administrativa";"Tocantins";"Moju";"Federal";"2020";0
"Social";"Educação";"Número de Matrículas em Creches por Dependência Administrativa";"Tocantins";"Moju";"Federal";"2021";0
"Social";"Educação";"Número de Matrículas em Creches por Dependência Administrativa";"Tocantins";"Moju";"Federal";"2022";0
"Social";"Educação";"Número de Matrículas em Creches por Dependência Administrativa";"Tocantins";"Moju";"Federal";"2023";0
"Social";"Educação";"Número de Matrículas em Creches por Dependência Administrativa";"Tocantins";"Moju";"Federal";"2024";0
"Social";"Educação";"Número de Matrículas em Creches por Dependência Administrativa";"Baixo Amazonas";"Mojuí dos campos";"Federal";"2019";0
"Social";"Educação";"Número de Matrículas em Creches por Dependência Administrativa";"Baixo Amazonas";"Mojuí dos campos";"Federal";"2020";0
"Social";"Educação";"Número de Matrículas em Creches por Dependência Administrativa";"Baixo Amazonas";"Mojuí dos campos";"Federal";"2021";0
"Social";"Educação";"Número de Matrículas em Creches por Dependência Administrativa";"Baixo Amazonas";"Mojuí dos campos";"Federal";"2022";0
"Social";"Educação";"Número de Matrículas em Creches por Dependência Administrativa";"Baixo Amazonas";"Mojuí dos campos";"Federal";"2023";0
"Social";"Educação";"Número de Matrículas em Creches por Dependência Administrativa";"Baixo Amazonas";"Mojuí dos campos";"Federal";"2024";0
"Social";"Educação";"Número de Matrículas em Creches por Dependência Administrativa";"Baixo Amazonas";"Monte Alegre";"Federal";"2019";0
"Social";"Educação";"Número de Matrículas em Creches por Dependência Administrativa";"Baixo Amazonas";"Monte Alegre";"Federal";"2020";0
"Social";"Educação";"Número de Matrículas em Creches por Dependência Administrativa";"Baixo Amazonas";"Monte Alegre";"Federal";"2021";0
"Social";"Educação";"Número de Matrículas em Creches por Dependência Administrativa";"Baixo Amazonas";"Monte Alegre";"Federal";"2022";0
"Social";"Educação";"Número de Matrículas em Creches por Dependência Administrativa";"Baixo Amazonas";"Monte Alegre";"Federal";"2023";0
"Social";"Educação";"Número de Matrículas em Creches por Dependência Administrativa";"Baixo Amazonas";"Monte Alegre";"Federal";"2024";0
"Social";"Educação";"Número de Matrículas em Creches por Dependência Administrativa";"Marajó";"Muaná";"Federal";"2019";0
"Social";"Educação";"Número de Matrículas em Creches por Dependência Administrativa";"Marajó";"Muaná";"Federal";"2020";0
"Social";"Educação";"Número de Matrículas em Creches por Dependência Administrativa";"Marajó";"Muaná";"Federal";"2021";0
"Social";"Educação";"Número de Matrículas em Creches por Dependência Administrativa";"Marajó";"Muaná";"Federal";"2022";0
"Social";"Educação";"Número de Matrículas em Creches por Dependência Administrativa";"Marajó";"Muaná";"Federal";"2023";0
"Social";"Educação";"Número de Matrículas em Creches por Dependência Administrativa";"Marajó";"Muaná";"Federal";"2024";0
"Social";"Educação";"Número de Matrículas em Creches por Dependência Administrativa";"Rio Capim";"Nova Esperança do Piriá";"Federal";"2019";0
"Social";"Educação";"Número de Matrículas em Creches por Dependência Administrativa";"Rio Capim";"Nova Esperança do Piriá";"Federal";"2020";0
"Social";"Educação";"Número de Matrículas em Creches por Dependência Administrativa";"Rio Capim";"Nova Esperança do Piriá";"Federal";"2021";0
"Social";"Educação";"Número de Matrículas em Creches por Dependência Administrativa";"Rio Capim";"Nova Esperança do Piriá";"Federal";"2022";0
"Social";"Educação";"Número de Matrículas em Creches por Dependência Administrativa";"Rio Capim";"Nova Esperança do Piriá";"Federal";"2023";0
"Social";"Educação";"Número de Matrículas em Creches por Dependência Administrativa";"Rio Capim";"Nova Esperança do Piriá";"Federal";"2024";0
"Social";"Educação";"Número de Matrículas em Creches por Dependência Administrativa";"Lago de Tucuruí";"Nova Ipixuna";"Federal";"2019";0
"Social";"Educação";"Número de Matrículas em Creches por Dependência Administrativa";"Lago de Tucuruí";"Nova Ipixuna";"Federal";"2020";0
"Social";"Educação";"Número de Matrículas em Creches por Dependência Administrativa";"Lago de Tucuruí";"Nova Ipixuna";"Federal";"2021";0
"Social";"Educação";"Número de Matrículas em Creches por Dependência Administrativa";"Lago de Tucuruí";"Nova Ipixuna";"Federal";"2022";0
"Social";"Educação";"Número de Matrículas em Creches por Dependência Administrativa";"Lago de Tucuruí";"Nova Ipixuna";"Federal";"2023";0
"Social";"Educação";"Número de Matrículas em Creches por Dependência Administrativa";"Lago de Tucuruí";"Nova Ipixuna";"Federal";"2024";0
"Social";"Educação";"Número de Matrículas em Creches por Dependência Administrativa";"Rio Caeté";"Nova Timboteua";"Federal";"2019";0
"Social";"Educação";"Número de Matrículas em Creches por Dependência Administrativa";"Rio Caeté";"Nova Timboteua";"Federal";"2020";0
"Social";"Educação";"Número de Matrículas em Creches por Dependência Administrativa";"Rio Caeté";"Nova Timboteua";"Federal";"2021";0
"Social";"Educação";"Número de Matrículas em Creches por Dependência Administrativa";"Rio Caeté";"Nova Timboteua";"Federal";"2022";0
"Social";"Educação";"Número de Matrículas em Creches por Dependência Administrativa";"Rio Caeté";"Nova Timboteua";"Federal";"2023";0
"Social";"Educação";"Número de Matrículas em Creches por Dependência Administrativa";"Rio Caeté";"Nova Timboteua";"Federal";"2024";0
"Social";"Educação";"Número de Matrículas em Creches por Dependência Administrativa";"Tapajós";"Novo Progresso";"Federal";"2019";0
"Social";"Educação";"Número de Matrículas em Creches por Dependência Administrativa";"Tapajós";"Novo Progresso";"Federal";"2020";0
"Social";"Educação";"Número de Matrículas em Creches por Dependência Administrativa";"Tapajós";"Novo Progresso";"Federal";"2021";0
"Social";"Educação";"Número de Matrículas em Creches por Dependência Administrativa";"Tapajós";"Novo Progresso";"Federal";"2022";0
"Social";"Educação";"Número de Matrículas em Creches por Dependência Administrativa";"Tapajós";"Novo Progresso";"Federal";"2023";0
"Social";"Educação";"Número de Matrículas em Creches por Dependência Administrativa";"Tapajós";"Novo Progresso";"Federal";"2024";0
"Social";"Educação";"Número de Matrículas em Creches por Dependência Administrativa";"Lago de Tucuruí";"Novo Repartimento";"Federal";"2019";0
"Social";"Educação";"Número de Matrículas em Creches por Dependência Administrativa";"Lago de Tucuruí";"Novo Repartimento";"Federal";"2020";0
"Social";"Educação";"Número de Matrículas em Creches por Dependência Administrativa";"Lago de Tucuruí";"Novo Repartimento";"Federal";"2021";0
"Social";"Educação";"Número de Matrículas em Creches por Dependência Administrativa";"Lago de Tucuruí";"Novo Repartimento";"Federal";"2022";0
"Social";"Educação";"Número de Matrículas em Creches por Dependência Administrativa";"Lago de Tucuruí";"Novo Repartimento";"Federal";"2023";0
"Social";"Educação";"Número de Matrículas em Creches por Dependência Administrativa";"Lago de Tucuruí";"Novo Repartimento";"Federal";"2024";0
"Social";"Educação";"Número de Matrículas em Creches por Dependência Administrativa";"Baixo Amazonas";"Óbidos";"Federal";"2019";0
"Social";"Educação";"Número de Matrículas em Creches por Dependência Administrativa";"Baixo Amazonas";"Óbidos";"Federal";"2020";0
"Social";"Educação";"Número de Matrículas em Creches por Dependência Administrativa";"Baixo Amazonas";"Óbidos";"Federal";"2021";0
"Social";"Educação";"Número de Matrículas em Creches por Dependência Administrativa";"Baixo Amazonas";"Óbidos";"Federal";"2022";0
"Social";"Educação";"Número de Matrículas em Creches por Dependência Administrativa";"Baixo Amazonas";"Óbidos";"Federal";"2023";0
"Social";"Educação";"Número de Matrículas em Creches por Dependência Administrativa";"Baixo Amazonas";"Óbidos";"Federal";"2024";0
"Social";"Educação";"Número de Matrículas em Creches por Dependência Administrativa";"Marajó";"Oeiras do Pará";"Federal";"2019";0
"Social";"Educação";"Número de Matrículas em Creches por Dependência Administrativa";"Marajó";"Oeiras do Pará";"Federal";"2020";0
"Social";"Educação";"Número de Matrículas em Creches por Dependência Administrativa";"Marajó";"Oeiras do Pará";"Federal";"2021";0
"Social";"Educação";"Número de Matrículas em Creches por Dependência Administrativa";"Marajó";"Oeiras do Pará";"Federal";"2022";0
"Social";"Educação";"Número de Matrículas em Creches por Dependência Administrativa";"Marajó";"Oeiras do Pará";"Federal";"2023";0
"Social";"Educação";"Número de Matrículas em Creches por Dependência Administrativa";"Marajó";"Oeiras do Pará";"Federal";"2024";0
"Social";"Educação";"Número de Matrículas em Creches por Dependência Administrativa";"Baixo Amazonas";"Oriximiná";"Federal";"2019";0
"Social";"Educação";"Número de Matrículas em Creches por Dependência Administrativa";"Baixo Amazonas";"Oriximiná";"Federal";"2020";0
"Social";"Educação";"Número de Matrículas em Creches por Dependência Administrativa";"Baixo Amazonas";"Oriximiná";"Federal";"2021";0
"Social";"Educação";"Número de Matrículas em Creches por Dependência Administrativa";"Baixo Amazonas";"Oriximiná";"Federal";"2022";0
"Social";"Educação";"Número de Matrículas em Creches por Dependência Administrativa";"Baixo Amazonas";"Oriximiná";"Federal";"2023";0
"Social";"Educação";"Número de Matrículas em Creches por Dependência Administrativa";"Baixo Amazonas";"Oriximiná";"Federal";"2024";0
"Social";"Educação";"Número de Matrículas em Creches por Dependência Administrativa";"Rio Capim";"Ourém";"Federal";"2019";0
"Social";"Educação";"Número de Matrículas em Creches por Dependência Administrativa";"Rio Capim";"Ourém";"Federal";"2020";0
"Social";"Educação";"Número de Matrículas em Creches por Dependência Administrativa";"Rio Capim";"Ourém";"Federal";"2021";0
"Social";"Educação";"Número de Matrículas em Creches por Dependência Administrativa";"Rio Capim";"Ourém";"Federal";"2022";0
"Social";"Educação";"Número de Matrículas em Creches por Dependência Administrativa";"Rio Capim";"Ourém";"Federal";"2023";0
"Social";"Educação";"Número de Matrículas em Creches por Dependência Administrativa";"Rio Capim";"Ourém";"Federal";"2024";0
"Social";"Educação";"Número de Matrículas em Creches por Dependência Administrativa";"Araguaia";"Ourilândia do Norte";"Federal";"2019";0
"Social";"Educação";"Número de Matrículas em Creches por Dependência Administrativa";"Araguaia";"Ourilândia do Norte";"Federal";"2020";0
"Social";"Educação";"Número de Matrículas em Creches por Dependência Administrativa";"Araguaia";"Ourilândia do Norte";"Federal";"2021";0
"Social";"Educação";"Número de Matrículas em Creches por Dependência Administrativa";"Araguaia";"Ourilândia do Norte";"Federal";"2022";0
"Social";"Educação";"Número de Matrículas em Creches por Dependência Administrativa";"Araguaia";"Ourilândia do Norte";"Federal";"2023";0
"Social";"Educação";"Número de Matrículas em Creches por Dependência Administrativa";"Araguaia";"Ourilândia do Norte";"Federal";"2024";0
"Social";"Educação";"Número de Matrículas em Creches por Dependência Administrativa";"Xingu";"Pacajá";"Federal";"2019";0
"Social";"Educação";"Número de Matrículas em Creches por Dependência Administrativa";"Xingu";"Pacajá";"Federal";"2020";0
"Social";"Educação";"Número de Matrículas em Creches por Dependência Administrativa";"Xingu";"Pacajá";"Federal";"2021";0
"Social";"Educação";"Número de Matrículas em Creches por Dependência Administrativa";"Xingu";"Pacajá";"Federal";"2022";0
"Social";"Educação";"Número de Matrículas em Creches por Dependência Administrativa";"Xingu";"Pacajá";"Federal";"2023";0
"Social";"Educação";"Número de Matrículas em Creches por Dependência Administrativa";"Xingu";"Pacajá";"Federal";"2024";0
"Social";"Educação";"Número de Matrículas em Creches por Dependência Administrativa";"Carajás";"Palestina do Pará";"Federal";"2019";0
"Social";"Educação";"Número de Matrículas em Creches por Dependência Administrativa";"Carajás";"Palestina do Pará";"Federal";"2020";0
"Social";"Educação";"Número de Matrículas em Creches por Dependência Administrativa";"Carajás";"Palestina do Pará";"Federal";"2021";0
"Social";"Educação";"Número de Matrículas em Creches por Dependência Administrativa";"Carajás";"Palestina do Pará";"Federal";"2022";0
"Social";"Educação";"Número de Matrículas em Creches por Dependência Administrativa";"Carajás";"Palestina do Pará";"Federal";"2023";0
"Social";"Educação";"Número de Matrículas em Creches por Dependência Administrativa";"Carajás";"Palestina do Pará";"Federal";"2024";0
"Social";"Educação";"Número de Matrículas em Creches por Dependência Administrativa";"Rio Capim";"Paragominas";"Federal";"2019";0
"Social";"Educação";"Número de Matrículas em Creches por Dependência Administrativa";"Rio Capim";"Paragominas";"Federal";"2020";0
"Social";"Educação";"Número de Matrículas em Creches por Dependência Administrativa";"Rio Capim";"Paragominas";"Federal";"2021";0
"Social";"Educação";"Número de Matrículas em Creches por Dependência Administrativa";"Rio Capim";"Paragominas";"Federal";"2022";0
"Social";"Educação";"Número de Matrículas em Creches por Dependência Administrativa";"Rio Capim";"Paragominas";"Federal";"2023";0
"Social";"Educação";"Número de Matrículas em Creches por Dependência Administrativa";"Rio Capim";"Paragominas";"Federal";"2024";0
"Social";"Educação";"Número de Matrículas em Creches por Dependência Administrativa";"Carajás";"Parauapebas";"Federal";"2019";0
"Social";"Educação";"Número de Matrículas em Creches por Dependência Administrativa";"Carajás";"Parauapebas";"Federal";"2020";0
"Social";"Educação";"Número de Matrículas em Creches por Dependência Administrativa";"Carajás";"Parauapebas";"Federal";"2021";0
"Social";"Educação";"Número de Matrículas em Creches por Dependência Administrativa";"Carajás";"Parauapebas";"Federal";"2022";0
"Social";"Educação";"Número de Matrículas em Creches por Dependência Administrativa";"Carajás";"Parauapebas";"Federal";"2023";0
"Social";"Educação";"Número de Matrículas em Creches por Dependência Administrativa";"Carajás";"Parauapebas";"Federal";"2024";0
"Social";"Educação";"Número de Matrículas em Creches por Dependência Administrativa";"Araguaia";"Pau D'Arco";"Federal";"2019";0
"Social";"Educação";"Número de Matrículas em Creches por Dependência Administrativa";"Araguaia";"Pau D'Arco";"Federal";"2020";0
"Social";"Educação";"Número de Matrículas em Creches por Dependência Administrativa";"Araguaia";"Pau D'Arco";"Federal";"2021";0
"Social";"Educação";"Número de Matrículas em Creches por Dependência Administrativa";"Araguaia";"Pau D'Arco";"Federal";"2022";0
"Social";"Educação";"Número de Matrículas em Creches por Dependência Administrativa";"Araguaia";"Pau D'Arco";"Federal";"2023";0
"Social";"Educação";"Número de Matrículas em Creches por Dependência Administrativa";"Araguaia";"Pau D'Arco";"Federal";"2024";0
"Social";"Educação";"Número de Matrículas em Creches por Dependência Administrativa";"Rio Caeté";"Peixe-Boi";"Federal";"2019";0
"Social";"Educação";"Número de Matrículas em Creches por Dependência Administrativa";"Rio Caeté";"Peixe-Boi";"Federal";"2020";0
"Social";"Educação";"Número de Matrículas em Creches por Dependência Administrativa";"Rio Caeté";"Peixe-Boi";"Federal";"2021";0
"Social";"Educação";"Número de Matrículas em Creches por Dependência Administrativa";"Rio Caeté";"Peixe-Boi";"Federal";"2022";0
"Social";"Educação";"Número de Matrículas em Creches por Dependência Administrativa";"Rio Caeté";"Peixe-Boi";"Federal";"2023";0
"Social";"Educação";"Número de Matrículas em Creches por Dependência Administrativa";"Rio Caeté";"Peixe-Boi";"Federal";"2024";0
"Social";"Educação";"Número de Matrículas em Creches por Dependência Administrativa";"Carajás";"Piçarra";"Federal";"2019";0
"Social";"Educação";"Número de Matrículas em Creches por Dependência Administrativa";"Carajás";"Piçarra";"Federal";"2020";0
"Social";"Educação";"Número de Matrículas em Creches por Dependência Administrativa";"Carajás";"Piçarra";"Federal";"2021";0
"Social";"Educação";"Número de Matrículas em Creches por Dependência Administrativa";"Carajás";"Piçarra";"Federal";"2022";0
"Social";"Educação";"Número de Matrículas em Creches por Dependência Administrativa";"Carajás";"Piçarra";"Federal";"2023";0
"Social";"Educação";"Número de Matrículas em Creches por Dependência Administrativa";"Carajás";"Piçarra";"Federal";"2024";0
"Social";"Educação";"Número de Matrículas em Creches por Dependência Administrativa";"Xingu";"Placas";"Federal";"2019";0
"Social";"Educação";"Número de Matrículas em Creches por Dependência Administrativa";"Xingu";"Placas";"Federal";"2020";0
"Social";"Educação";"Número de Matrículas em Creches por Dependência Administrativa";"Xingu";"Placas";"Federal";"2021";0
"Social";"Educação";"Número de Matrículas em Creches por Dependência Administrativa";"Xingu";"Placas";"Federal";"2022";0
"Social";"Educação";"Número de Matrículas em Creches por Dependência Administrativa";"Xingu";"Placas";"Federal";"2023";0
"Social";"Educação";"Número de Matrículas em Creches por Dependência Administrativa";"Xingu";"Placas";"Federal";"2024";0
"Social";"Educação";"Número de Matrículas em Creches por Dependência Administrativa";"Marajó";"Ponta de Pedras";"Federal";"2019";0
"Social";"Educação";"Número de Matrículas em Creches por Dependência Administrativa";"Marajó";"Ponta de Pedras";"Federal";"2020";0
"Social";"Educação";"Número de Matrículas em Creches por Dependência Administrativa";"Marajó";"Ponta de Pedras";"Federal";"2021";0
"Social";"Educação";"Número de Matrículas em Creches por Dependência Administrativa";"Marajó";"Ponta de Pedras";"Federal";"2022";0
"Social";"Educação";"Número de Matrículas em Creches por Dependência Administrativa";"Marajó";"Ponta de Pedras";"Federal";"2023";0
"Social";"Educação";"Número de Matrículas em Creches por Dependência Administrativa";"Marajó";"Ponta de Pedras";"Federal";"2024";0
"Social";"Educação";"Número de Matrículas em Creches por Dependência Administrativa";"Marajó";"Portel";"Federal";"2019";0
"Social";"Educação";"Número de Matrículas em Creches por Dependência Administrativa";"Marajó";"Portel";"Federal";"2020";0
"Social";"Educação";"Número de Matrículas em Creches por Dependência Administrativa";"Marajó";"Portel";"Federal";"2021";0
"Social";"Educação";"Número de Matrículas em Creches por Dependência Administrativa";"Marajó";"Portel";"Federal";"2022";0
"Social";"Educação";"Número de Matrículas em Creches por Dependência Administrativa";"Marajó";"Portel";"Federal";"2023";0
"Social";"Educação";"Número de Matrículas em Creches por Dependência Administrativa";"Marajó";"Portel";"Federal";"2024";0
"Social";"Educação";"Número de Matrículas em Creches por Dependência Administrativa";"Xingu";"Porto de Moz";"Federal";"2019";0
"Social";"Educação";"Número de Matrículas em Creches por Dependência Administrativa";"Xingu";"Porto de Moz";"Federal";"2020";0
"Social";"Educação";"Número de Matrículas em Creches por Dependência Administrativa";"Xingu";"Porto de Moz";"Federal";"2021";0
"Social";"Educação";"Número de Matrículas em Creches por Dependência Administrativa";"Xingu";"Porto de Moz";"Federal";"2022";0
"Social";"Educação";"Número de Matrículas em Creches por Dependência Administrativa";"Xingu";"Porto de Moz";"Federal";"2023";0
"Social";"Educação";"Número de Matrículas em Creches por Dependência Administrativa";"Xingu";"Porto de Moz";"Federal";"2024";0
"Social";"Educação";"Número de Matrículas em Creches por Dependência Administrativa";"Baixo Amazonas";"Prainha";"Federal";"2019";0
"Social";"Educação";"Número de Matrículas em Creches por Dependência Administrativa";"Baixo Amazonas";"Prainha";"Federal";"2020";0
"Social";"Educação";"Número de Matrículas em Creches por Dependência Administrativa";"Baixo Amazonas";"Prainha";"Federal";"2021";0
"Social";"Educação";"Número de Matrículas em Creches por Dependência Administrativa";"Baixo Amazonas";"Prainha";"Federal";"2022";0
"Social";"Educação";"Número de Matrículas em Creches por Dependência Administrativa";"Baixo Amazonas";"Prainha";"Federal";"2023";0
"Social";"Educação";"Número de Matrículas em Creches por Dependência Administrativa";"Baixo Amazonas";"Prainha";"Federal";"2024";0
"Social";"Educação";"Número de Matrículas em Creches por Dependência Administrativa";"Rio Caeté";"Primavera";"Federal";"2019";0
"Social";"Educação";"Número de Matrículas em Creches por Dependência Administrativa";"Rio Caeté";"Primavera";"Federal";"2020";0
"Social";"Educação";"Número de Matrículas em Creches por Dependência Administrativa";"Rio Caeté";"Primavera";"Federal";"2021";0
"Social";"Educação";"Número de Matrículas em Creches por Dependência Administrativa";"Rio Caeté";"Primavera";"Federal";"2022";0
"Social";"Educação";"Número de Matrículas em Creches por Dependência Administrativa";"Rio Caeté";"Primavera";"Federal";"2023";0
"Social";"Educação";"Número de Matrículas em Creches por Dependência Administrativa";"Rio Caeté";"Primavera";"Federal";"2024";0
"Social";"Educação";"Número de Matrículas em Creches por Dependência Administrativa";"Rio Caeté";"Quatipuru";"Federal";"2019";0
"Social";"Educação";"Número de Matrículas em Creches por Dependência Administrativa";"Rio Caeté";"Quatipuru";"Federal";"2020";0
"Social";"Educação";"Número de Matrículas em Creches por Dependência Administrativa";"Rio Caeté";"Quatipuru";"Federal";"2021";0
"Social";"Educação";"Número de Matrículas em Creches por Dependência Administrativa";"Rio Caeté";"Quatipuru";"Federal";"2022";0
"Social";"Educação";"Número de Matrículas em Creches por Dependência Administrativa";"Rio Caeté";"Quatipuru";"Federal";"2023";0
"Social";"Educação";"Número de Matrículas em Creches por Dependência Administrativa";"Rio Caeté";"Quatipuru";"Federal";"2024";0
"Social";"Educação";"Número de Matrículas em Creches por Dependência Administrativa";"Araguaia";"Redenção";"Federal";"2019";0
"Social";"Educação";"Número de Matrículas em Creches por Dependência Administrativa";"Araguaia";"Redenção";"Federal";"2020";0
"Social";"Educação";"Número de Matrículas em Creches por Dependência Administrativa";"Araguaia";"Redenção";"Federal";"2021";0
"Social";"Educação";"Número de Matrículas em Creches por Dependência Administrativa";"Araguaia";"Redenção";"Federal";"2022";0
"Social";"Educação";"Número de Matrículas em Creches por Dependência Administrativa";"Araguaia";"Redenção";"Federal";"2023";0
"Social";"Educação";"Número de Matrículas em Creches por Dependência Administrativa";"Araguaia";"Redenção";"Federal";"2024";0
"Social";"Educação";"Número de Matrículas em Creches por Dependência Administrativa";"Araguaia";"Rio Maria";"Federal";"2019";0
"Social";"Educação";"Número de Matrículas em Creches por Dependência Administrativa";"Araguaia";"Rio Maria";"Federal";"2020";0
"Social";"Educação";"Número de Matrículas em Creches por Dependência Administrativa";"Araguaia";"Rio Maria";"Federal";"2021";0
"Social";"Educação";"Número de Matrículas em Creches por Dependência Administrativa";"Araguaia";"Rio Maria";"Federal";"2022";0
"Social";"Educação";"Número de Matrículas em Creches por Dependência Administrativa";"Araguaia";"Rio Maria";"Federal";"2023";0
"Social";"Educação";"Número de Matrículas em Creches por Dependência Administrativa";"Araguaia";"Rio Maria";"Federal";"2024";0
"Social";"Educação";"Número de Matrículas em Creches por Dependência Administrativa";"Rio Capim";"Rondon do Pará";"Federal";"2019";0
"Social";"Educação";"Número de Matrículas em Creches por Dependência Administrativa";"Rio Capim";"Rondon do Pará";"Federal";"2020";0
"Social";"Educação";"Número de Matrículas em Creches por Dependência Administrativa";"Rio Capim";"Rondon do Pará";"Federal";"2021";0
"Social";"Educação";"Número de Matrículas em Creches por Dependência Administrativa";"Rio Capim";"Rondon do Pará";"Federal";"2022";0
"Social";"Educação";"Número de Matrículas em Creches por Dependência Administrativa";"Rio Capim";"Rondon do Pará";"Federal";"2023";0
"Social";"Educação";"Número de Matrículas em Creches por Dependência Administrativa";"Rio Capim";"Rondon do Pará";"Federal";"2024";0
"Social";"Educação";"Número de Matrículas em Creches por Dependência Administrativa";"Tapajós";"Rurópolis";"Federal";"2019";0
"Social";"Educação";"Número de Matrículas em Creches por Dependência Administrativa";"Tapajós";"Rurópolis";"Federal";"2020";0
"Social";"Educação";"Número de Matrículas em Creches por Dependência Administrativa";"Tapajós";"Rurópolis";"Federal";"2021";0
"Social";"Educação";"Número de Matrículas em Creches por Dependência Administrativa";"Tapajós";"Rurópolis";"Federal";"2022";0
"Social";"Educação";"Número de Matrículas em Creches por Dependência Administrativa";"Tapajós";"Rurópolis";"Federal";"2023";0
"Social";"Educação";"Número de Matrículas em Creches por Dependência Administrativa";"Tapajós";"Rurópolis";"Federal";"2024";0
"Social";"Educação";"Número de Matrículas em Creches por Dependência Administrativa";"Rio Caeté";"Salinópolis";"Federal";"2019";0
"Social";"Educação";"Número de Matrículas em Creches por Dependência Administrativa";"Rio Caeté";"Salinópolis";"Federal";"2020";0
"Social";"Educação";"Número de Matrículas em Creches por Dependência Administrativa";"Rio Caeté";"Salinópolis";"Federal";"2021";0
"Social";"Educação";"Número de Matrículas em Creches por Dependência Administrativa";"Rio Caeté";"Salinópolis";"Federal";"2022";0
"Social";"Educação";"Número de Matrículas em Creches por Dependência Administrativa";"Rio Caeté";"Salinópolis";"Federal";"2023";0
"Social";"Educação";"Número de Matrículas em Creches por Dependência Administrativa";"Rio Caeté";"Salinópolis";"Federal";"2024";0
"Social";"Educação";"Número de Matrículas em Creches por Dependência Administrativa";"Marajó";"Salvaterra";"Federal";"2019";0
"Social";"Educação";"Número de Matrículas em Creches por Dependência Administrativa";"Marajó";"Salvaterra";"Federal";"2020";0
"Social";"Educação";"Número de Matrículas em Creches por Dependência Administrativa";"Marajó";"Salvaterra";"Federal";"2021";0
"Social";"Educação";"Número de Matrículas em Creches por Dependência Administrativa";"Marajó";"Salvaterra";"Federal";"2022";0
"Social";"Educação";"Número de Matrículas em Creches por Dependência Administrativa";"Marajó";"Salvaterra";"Federal";"2023";0
"Social";"Educação";"Número de Matrículas em Creches por Dependência Administrativa";"Marajó";"Salvaterra";"Federal";"2024";0
"Social";"Educação";"Número de Matrículas em Creches por Dependência Administrativa";"Guajará";"Santa Bárbara do Pará";"Federal";"2019";0
"Social";"Educação";"Número de Matrículas em Creches por Dependência Administrativa";"Guajará";"Santa Bárbara do Pará";"Federal";"2020";0
"Social";"Educação";"Número de Matrículas em Creches por Dependência Administrativa";"Guajará";"Santa Bárbara do Pará";"Federal";"2021";0
"Social";"Educação";"Número de Matrículas em Creches por Dependência Administrativa";"Guajará";"Santa Bárbara do Pará";"Federal";"2022";0
"Social";"Educação";"Número de Matrículas em Creches por Dependência Administrativa";"Guajará";"Santa Bárbara do Pará";"Federal";"2023";0
"Social";"Educação";"Número de Matrículas em Creches por Dependência Administrativa";"Guajará";"Santa Bárbara do Pará";"Federal";"2024";0
"Social";"Educação";"Número de Matrículas em Creches por Dependência Administrativa";"Marajó";"Santa Cruz do Arari";"Federal";"2019";0
"Social";"Educação";"Número de Matrículas em Creches por Dependência Administrativa";"Marajó";"Santa Cruz do Arari";"Federal";"2020";0
"Social";"Educação";"Número de Matrículas em Creches por Dependência Administrativa";"Marajó";"Santa Cruz do Arari";"Federal";"2021";0
"Social";"Educação";"Número de Matrículas em Creches por Dependência Administrativa";"Marajó";"Santa Cruz do Arari";"Federal";"2022";0
"Social";"Educação";"Número de Matrículas em Creches por Dependência Administrativa";"Marajó";"Santa Cruz do Arari";"Federal";"2023";0
"Social";"Educação";"Número de Matrículas em Creches por Dependência Administrativa";"Marajó";"Santa Cruz do Arari";"Federal";"2024";0
"Social";"Educação";"Número de Matrículas em Creches por Dependência Administrativa";"Guamá";"Santa Izabel do Pará";"Federal";"2019";0
"Social";"Educação";"Número de Matrículas em Creches por Dependência Administrativa";"Guamá";"Santa Izabel do Pará";"Federal";"2020";0
"Social";"Educação";"Número de Matrículas em Creches por Dependência Administrativa";"Guamá";"Santa Izabel do Pará";"Federal";"2021";0
"Social";"Educação";"Número de Matrículas em Creches por Dependência Administrativa";"Guamá";"Santa Izabel do Pará";"Federal";"2022";0
"Social";"Educação";"Número de Matrículas em Creches por Dependência Administrativa";"Guamá";"Santa Izabel do Pará";"Federal";"2023";0
"Social";"Educação";"Número de Matrículas em Creches por Dependência Administrativa";"Guamá";"Santa Izabel do Pará";"Federal";"2024";0
"Social";"Educação";"Número de Matrículas em Creches por Dependência Administrativa";"Rio Caeté";"Santa Luzia do Pará";"Federal";"2019";0
"Social";"Educação";"Número de Matrículas em Creches por Dependência Administrativa";"Rio Caeté";"Santa Luzia do Pará";"Federal";"2020";0
"Social";"Educação";"Número de Matrículas em Creches por Dependência Administrativa";"Rio Caeté";"Santa Luzia do Pará";"Federal";"2021";0
"Social";"Educação";"Número de Matrículas em Creches por Dependência Administrativa";"Rio Caeté";"Santa Luzia do Pará";"Federal";"2022";0
"Social";"Educação";"Número de Matrículas em Creches por Dependência Administrativa";"Rio Caeté";"Santa Luzia do Pará";"Federal";"2023";0
"Social";"Educação";"Número de Matrículas em Creches por Dependência Administrativa";"Rio Caeté";"Santa Luzia do Pará";"Federal";"2024";0
"Social";"Educação";"Número de Matrículas em Creches por Dependência Administrativa";"Araguaia";"Santa Maria das Barreiras";"Federal";"2019";0
"Social";"Educação";"Número de Matrículas em Creches por Dependência Administrativa";"Araguaia";"Santa Maria das Barreiras";"Federal";"2020";0
"Social";"Educação";"Número de Matrículas em Creches por Dependência Administrativa";"Araguaia";"Santa Maria das Barreiras";"Federal";"2021";0
"Social";"Educação";"Número de Matrículas em Creches por Dependência Administrativa";"Araguaia";"Santa Maria das Barreiras";"Federal";"2022";0
"Social";"Educação";"Número de Matrículas em Creches por Dependência Administrativa";"Araguaia";"Santa Maria das Barreiras";"Federal";"2023";0
"Social";"Educação";"Número de Matrículas em Creches por Dependência Administrativa";"Araguaia";"Santa Maria das Barreiras";"Federal";"2024";0
"Social";"Educação";"Número de Matrículas em Creches por Dependência Administrativa";"Guamá";"Santa Maria do Pará";"Federal";"2019";0
"Social";"Educação";"Número de Matrículas em Creches por Dependência Administrativa";"Guamá";"Santa Maria do Pará";"Federal";"2020";0
"Social";"Educação";"Número de Matrículas em Creches por Dependência Administrativa";"Guamá";"Santa Maria do Pará";"Federal";"2021";0
"Social";"Educação";"Número de Matrículas em Creches por Dependência Administrativa";"Guamá";"Santa Maria do Pará";"Federal";"2022";0
"Social";"Educação";"Número de Matrículas em Creches por Dependência Administrativa";"Guamá";"Santa Maria do Pará";"Federal";"2023";0
"Social";"Educação";"Número de Matrículas em Creches por Dependência Administrativa";"Guamá";"Santa Maria do Pará";"Federal";"2024";0
"Social";"Educação";"Número de Matrículas em Creches por Dependência Administrativa";"Araguaia";"Santana do Araguaia";"Federal";"2019";0
"Social";"Educação";"Número de Matrículas em Creches por Dependência Administrativa";"Araguaia";"Santana do Araguaia";"Federal";"2020";0
"Social";"Educação";"Número de Matrículas em Creches por Dependência Administrativa";"Araguaia";"Santana do Araguaia";"Federal";"2021";0
"Social";"Educação";"Número de Matrículas em Creches por Dependência Administrativa";"Araguaia";"Santana do Araguaia";"Federal";"2022";0
"Social";"Educação";"Número de Matrículas em Creches por Dependência Administrativa";"Araguaia";"Santana do Araguaia";"Federal";"2023";0
"Social";"Educação";"Número de Matrículas em Creches por Dependência Administrativa";"Araguaia";"Santana do Araguaia";"Federal";"2024";0
"Social";"Educação";"Número de Matrículas em Creches por Dependência Administrativa";"Baixo Amazonas";"Santarém";"Federal";"2019";0
"Social";"Educação";"Número de Matrículas em Creches por Dependência Administrativa";"Baixo Amazonas";"Santarém";"Federal";"2020";0
"Social";"Educação";"Número de Matrículas em Creches por Dependência Administrativa";"Baixo Amazonas";"Santarém";"Federal";"2021";0
"Social";"Educação";"Número de Matrículas em Creches por Dependência Administrativa";"Baixo Amazonas";"Santarém";"Federal";"2022";0
"Social";"Educação";"Número de Matrículas em Creches por Dependência Administrativa";"Baixo Amazonas";"Santarém";"Federal";"2023";0
"Social";"Educação";"Número de Matrículas em Creches por Dependência Administrativa";"Baixo Amazonas";"Santarém";"Federal";"2024";0
"Social";"Educação";"Número de Matrículas em Creches por Dependência Administrativa";"Rio Caeté";"Santarém Novo";"Federal";"2019";0
"Social";"Educação";"Número de Matrículas em Creches por Dependência Administrativa";"Rio Caeté";"Santarém Novo";"Federal";"2020";0
"Social";"Educação";"Número de Matrículas em Creches por Dependência Administrativa";"Rio Caeté";"Santarém Novo";"Federal";"2021";0
"Social";"Educação";"Número de Matrículas em Creches por Dependência Administrativa";"Rio Caeté";"Santarém Novo";"Federal";"2022";0
"Social";"Educação";"Número de Matrículas em Creches por Dependência Administrativa";"Rio Caeté";"Santarém Novo";"Federal";"2023";0
"Social";"Educação";"Número de Matrículas em Creches por Dependência Administrativa";"Rio Caeté";"Santarém Novo";"Federal";"2024";0
"Social";"Educação";"Número de Matrículas em Creches por Dependência Administrativa";"Guamá";"Santo Antônio do Tauá";"Federal";"2019";0
"Social";"Educação";"Número de Matrículas em Creches por Dependência Administrativa";"Guamá";"Santo Antônio do Tauá";"Federal";"2020";0
"Social";"Educação";"Número de Matrículas em Creches por Dependência Administrativa";"Guamá";"Santo Antônio do Tauá";"Federal";"2021";0
"Social";"Educação";"Número de Matrículas em Creches por Dependência Administrativa";"Guamá";"Santo Antônio do Tauá";"Federal";"2022";0
"Social";"Educação";"Número de Matrículas em Creches por Dependência Administrativa";"Guamá";"Santo Antônio do Tauá";"Federal";"2023";0
"Social";"Educação";"Número de Matrículas em Creches por Dependência Administrativa";"Guamá";"Santo Antônio do Tauá";"Federal";"2024";0
"Social";"Educação";"Número de Matrículas em Creches por Dependência Administrativa";"Guamá";"São Caetano de Odivelas";"Federal";"2019";0
"Social";"Educação";"Número de Matrículas em Creches por Dependência Administrativa";"Guamá";"São Caetano de Odivelas";"Federal";"2020";0
"Social";"Educação";"Número de Matrículas em Creches por Dependência Administrativa";"Guamá";"São Caetano de Odivelas";"Federal";"2021";0
"Social";"Educação";"Número de Matrículas em Creches por Dependência Administrativa";"Guamá";"São Caetano de Odivelas";"Federal";"2022";0
"Social";"Educação";"Número de Matrículas em Creches por Dependência Administrativa";"Guamá";"São Caetano de Odivelas";"Federal";"2023";0
"Social";"Educação";"Número de Matrículas em Creches por Dependência Administrativa";"Guamá";"São Caetano de Odivelas";"Federal";"2024";0
"Social";"Educação";"Número de Matrículas em Creches por Dependência Administrativa";"Carajás";"São Domingos do Araguaia";"Federal";"2019";0
"Social";"Educação";"Número de Matrículas em Creches por Dependência Administrativa";"Carajás";"São Domingos do Araguaia";"Federal";"2020";0
"Social";"Educação";"Número de Matrículas em Creches por Dependência Administrativa";"Carajás";"São Domingos do Araguaia";"Federal";"2021";0
"Social";"Educação";"Número de Matrículas em Creches por Dependência Administrativa";"Carajás";"São Domingos do Araguaia";"Federal";"2022";0
"Social";"Educação";"Número de Matrículas em Creches por Dependência Administrativa";"Carajás";"São Domingos do Araguaia";"Federal";"2023";0
"Social";"Educação";"Número de Matrículas em Creches por Dependência Administrativa";"Carajás";"São Domingos do Araguaia";"Federal";"2024";0
"Social";"Educação";"Número de Matrículas em Creches por Dependência Administrativa";"Guamá";"São Domingos do Capim";"Federal";"2019";0
"Social";"Educação";"Número de Matrículas em Creches por Dependência Administrativa";"Guamá";"São Domingos do Capim";"Federal";"2020";0
"Social";"Educação";"Número de Matrículas em Creches por Dependência Administrativa";"Guamá";"São Domingos do Capim";"Federal";"2021";0
"Social";"Educação";"Número de Matrículas em Creches por Dependência Administrativa";"Guamá";"São Domingos do Capim";"Federal";"2022";0
"Social";"Educação";"Número de Matrículas em Creches por Dependência Administrativa";"Guamá";"São Domingos do Capim";"Federal";"2023";0
"Social";"Educação";"Número de Matrículas em Creches por Dependência Administrativa";"Guamá";"São Domingos do Capim";"Federal";"2024";0
"Social";"Educação";"Número de Matrículas em Creches por Dependência Administrativa";"Araguaia";"São Félix do Xingu";"Federal";"2019";0
"Social";"Educação";"Número de Matrículas em Creches por Dependência Administrativa";"Araguaia";"São Félix do Xingu";"Federal";"2020";0
"Social";"Educação";"Número de Matrículas em Creches por Dependência Administrativa";"Araguaia";"São Félix do Xingu";"Federal";"2021";0
"Social";"Educação";"Número de Matrículas em Creches por Dependência Administrativa";"Araguaia";"São Félix do Xingu";"Federal";"2022";0
"Social";"Educação";"Número de Matrículas em Creches por Dependência Administrativa";"Araguaia";"São Félix do Xingu";"Federal";"2023";0
"Social";"Educação";"Número de Matrículas em Creches por Dependência Administrativa";"Araguaia";"São Félix do Xingu";"Federal";"2024";0
"Social";"Educação";"Número de Matrículas em Creches por Dependência Administrativa";"Guamá";"São Francisco do Pará";"Federal";"2019";0
"Social";"Educação";"Número de Matrículas em Creches por Dependência Administrativa";"Guamá";"São Francisco do Pará";"Federal";"2020";0
"Social";"Educação";"Número de Matrículas em Creches por Dependência Administrativa";"Guamá";"São Francisco do Pará";"Federal";"2021";0
"Social";"Educação";"Número de Matrículas em Creches por Dependência Administrativa";"Guamá";"São Francisco do Pará";"Federal";"2022";0
"Social";"Educação";"Número de Matrículas em Creches por Dependência Administrativa";"Guamá";"São Francisco do Pará";"Federal";"2023";0
"Social";"Educação";"Número de Matrículas em Creches por Dependência Administrativa";"Guamá";"São Francisco do Pará";"Federal";"2024";0
"Social";"Educação";"Número de Matrículas em Creches por Dependência Administrativa";"Carajás";"São Geraldo do Araguaia";"Federal";"2019";0
"Social";"Educação";"Número de Matrículas em Creches por Dependência Administrativa";"Carajás";"São Geraldo do Araguaia";"Federal";"2020";0
"Social";"Educação";"Número de Matrículas em Creches por Dependência Administrativa";"Carajás";"São Geraldo do Araguaia";"Federal";"2021";0
"Social";"Educação";"Número de Matrículas em Creches por Dependência Administrativa";"Carajás";"São Geraldo do Araguaia";"Federal";"2022";0
"Social";"Educação";"Número de Matrículas em Creches por Dependência Administrativa";"Carajás";"São Geraldo do Araguaia";"Federal";"2023";0
"Social";"Educação";"Número de Matrículas em Creches por Dependência Administrativa";"Carajás";"São Geraldo do Araguaia";"Federal";"2024";0
"Social";"Educação";"Número de Matrículas em Creches por Dependência Administrativa";"Guamá";"São João da Ponta";"Federal";"2019";0
"Social";"Educação";"Número de Matrículas em Creches por Dependência Administrativa";"Guamá";"São João da Ponta";"Federal";"2020";0
"Social";"Educação";"Número de Matrículas em Creches por Dependência Administrativa";"Guamá";"São João da Ponta";"Federal";"2021";0
"Social";"Educação";"Número de Matrículas em Creches por Dependência Administrativa";"Guamá";"São João da Ponta";"Federal";"2022";0
"Social";"Educação";"Número de Matrículas em Creches por Dependência Administrativa";"Guamá";"São João da Ponta";"Federal";"2023";0
"Social";"Educação";"Número de Matrículas em Creches por Dependência Administrativa";"Guamá";"São João da Ponta";"Federal";"2024";0
"Social";"Educação";"Número de Matrículas em Creches por Dependência Administrativa";"Rio Caeté";"São João de Pirabas";"Federal";"2019";0
"Social";"Educação";"Número de Matrículas em Creches por Dependência Administrativa";"Rio Caeté";"São João de Pirabas";"Federal";"2020";0
"Social";"Educação";"Número de Matrículas em Creches por Dependência Administrativa";"Rio Caeté";"São João de Pirabas";"Federal";"2021";0
"Social";"Educação";"Número de Matrículas em Creches por Dependência Administrativa";"Rio Caeté";"São João de Pirabas";"Federal";"2022";0
"Social";"Educação";"Número de Matrículas em Creches por Dependência Administrativa";"Rio Caeté";"São João de Pirabas";"Federal";"2023";0
"Social";"Educação";"Número de Matrículas em Creches por Dependência Administrativa";"Rio Caeté";"São João de Pirabas";"Federal";"2024";0
"Social";"Educação";"Número de Matrículas em Creches por Dependência Administrativa";"Carajás";"São João do Araguaia";"Federal";"2019";0
"Social";"Educação";"Número de Matrículas em Creches por Dependência Administrativa";"Carajás";"São João do Araguaia";"Federal";"2020";0
"Social";"Educação";"Número de Matrículas em Creches por Dependência Administrativa";"Carajás";"São João do Araguaia";"Federal";"2021";0
"Social";"Educação";"Número de Matrículas em Creches por Dependência Administrativa";"Carajás";"São João do Araguaia";"Federal";"2022";0
"Social";"Educação";"Número de Matrículas em Creches por Dependência Administrativa";"Carajás";"São João do Araguaia";"Federal";"2023";0
"Social";"Educação";"Número de Matrículas em Creches por Dependência Administrativa";"Carajás";"São João do Araguaia";"Federal";"2024";0
"Social";"Educação";"Número de Matrículas em Creches por Dependência Administrativa";"Guamá";"São Miguel do Guamá";"Federal";"2019";0
"Social";"Educação";"Número de Matrículas em Creches por Dependência Administrativa";"Guamá";"São Miguel do Guamá";"Federal";"2020";0
"Social";"Educação";"Número de Matrículas em Creches por Dependência Administrativa";"Guamá";"São Miguel do Guamá";"Federal";"2021";0
"Social";"Educação";"Número de Matrículas em Creches por Dependência Administrativa";"Guamá";"São Miguel do Guamá";"Federal";"2022";0
"Social";"Educação";"Número de Matrículas em Creches por Dependência Administrativa";"Guamá";"São Miguel do Guamá";"Federal";"2023";0
"Social";"Educação";"Número de Matrículas em Creches por Dependência Administrativa";"Guamá";"São Miguel do Guamá";"Federal";"2024";0
"Social";"Educação";"Número de Matrículas em Creches por Dependência Administrativa";"Marajó";"São Sebastião da Boa Vista";"Federal";"2019";0
"Social";"Educação";"Número de Matrículas em Creches por Dependência Administrativa";"Marajó";"São Sebastião da Boa Vista";"Federal";"2020";0
"Social";"Educação";"Número de Matrículas em Creches por Dependência Administrativa";"Marajó";"São Sebastião da Boa Vista";"Federal";"2021";0
"Social";"Educação";"Número de Matrículas em Creches por Dependência Administrativa";"Marajó";"São Sebastião da Boa Vista";"Federal";"2022";0
"Social";"Educação";"Número de Matrículas em Creches por Dependência Administrativa";"Marajó";"São Sebastião da Boa Vista";"Federal";"2023";0
"Social";"Educação";"Número de Matrículas em Creches por Dependência Administrativa";"Marajó";"São Sebastião da Boa Vista";"Federal";"2024";0
"Social";"Educação";"Número de Matrículas em Creches por Dependência Administrativa";"Araguaia";"Sapucaia";"Federal";"2019";0
"Social";"Educação";"Número de Matrículas em Creches por Dependência Administrativa";"Araguaia";"Sapucaia";"Federal";"2020";0
"Social";"Educação";"Número de Matrículas em Creches por Dependência Administrativa";"Araguaia";"Sapucaia";"Federal";"2021";0
"Social";"Educação";"Número de Matrículas em Creches por Dependência Administrativa";"Araguaia";"Sapucaia";"Federal";"2022";0
"Social";"Educação";"Número de Matrículas em Creches por Dependência Administrativa";"Araguaia";"Sapucaia";"Federal";"2023";0
"Social";"Educação";"Número de Matrículas em Creches por Dependência Administrativa";"Araguaia";"Sapucaia";"Federal";"2024";0
"Social";"Educação";"Número de Matrículas em Creches por Dependência Administrativa";"Xingu";"Senador José Porfírio";"Federal";"2019";0
"Social";"Educação";"Número de Matrículas em Creches por Dependência Administrativa";"Xingu";"Senador José Porfírio";"Federal";"2020";0
"Social";"Educação";"Número de Matrículas em Creches por Dependência Administrativa";"Xingu";"Senador José Porfírio";"Federal";"2021";0
"Social";"Educação";"Número de Matrículas em Creches por Dependência Administrativa";"Xingu";"Senador José Porfírio";"Federal";"2022";0
"Social";"Educação";"Número de Matrículas em Creches por Dependência Administrativa";"Xingu";"Senador José Porfírio";"Federal";"2023";0
"Social";"Educação";"Número de Matrículas em Creches por Dependência Administrativa";"Xingu";"Senador José Porfírio";"Federal";"2024";0
"Social";"Educação";"Número de Matrículas em Creches por Dependência Administrativa";"Marajó";"Soure";"Federal";"2019";0
"Social";"Educação";"Número de Matrículas em Creches por Dependência Administrativa";"Marajó";"Soure";"Federal";"2020";0
"Social";"Educação";"Número de Matrículas em Creches por Dependência Administrativa";"Marajó";"Soure";"Federal";"2021";0
"Social";"Educação";"Número de Matrículas em Creches por Dependência Administrativa";"Marajó";"Soure";"Federal";"2022";0
"Social";"Educação";"Número de Matrículas em Creches por Dependência Administrativa";"Marajó";"Soure";"Federal";"2023";0
"Social";"Educação";"Número de Matrículas em Creches por Dependência Administrativa";"Marajó";"Soure";"Federal";"2024";0
"Social";"Educação";"Número de Matrículas em Creches por Dependência Administrativa";"Tocantins";"Tailândia";"Federal";"2019";0
"Social";"Educação";"Número de Matrículas em Creches por Dependência Administrativa";"Tocantins";"Tailândia";"Federal";"2020";0
"Social";"Educação";"Número de Matrículas em Creches por Dependência Administrativa";"Tocantins";"Tailândia";"Federal";"2021";0
"Social";"Educação";"Número de Matrículas em Creches por Dependência Administrativa";"Tocantins";"Tailândia";"Federal";"2022";0
"Social";"Educação";"Número de Matrículas em Creches por Dependência Administrativa";"Tocantins";"Tailândia";"Federal";"2023";0
"Social";"Educação";"Número de Matrículas em Creches por Dependência Administrativa";"Tocantins";"Tailândia";"Federal";"2024";0
"Social";"Educação";"Número de Matrículas em Creches por Dependência Administrativa";"Guamá";"Terra Alta";"Federal";"2019";0
"Social";"Educação";"Número de Matrículas em Creches por Dependência Administrativa";"Guamá";"Terra Alta";"Federal";"2020";0
"Social";"Educação";"Número de Matrículas em Creches por Dependência Administrativa";"Guamá";"Terra Alta";"Federal";"2021";0
"Social";"Educação";"Número de Matrículas em Creches por Dependência Administrativa";"Guamá";"Terra Alta";"Federal";"2022";0
"Social";"Educação";"Número de Matrículas em Creches por Dependência Administrativa";"Guamá";"Terra Alta";"Federal";"2023";0
"Social";"Educação";"Número de Matrículas em Creches por Dependência Administrativa";"Guamá";"Terra Alta";"Federal";"2024";0
"Social";"Educação";"Número de Matrículas em Creches por Dependência Administrativa";"Baixo Amazonas";"Terra Santa";"Federal";"2019";0
"Social";"Educação";"Número de Matrículas em Creches por Dependência Administrativa";"Baixo Amazonas";"Terra Santa";"Federal";"2020";0
"Social";"Educação";"Número de Matrículas em Creches por Dependência Administrativa";"Baixo Amazonas";"Terra Santa";"Federal";"2021";0
"Social";"Educação";"Número de Matrículas em Creches por Dependência Administrativa";"Baixo Amazonas";"Terra Santa";"Federal";"2022";0
"Social";"Educação";"Número de Matrículas em Creches por Dependência Administrativa";"Baixo Amazonas";"Terra Santa";"Federal";"2023";0
"Social";"Educação";"Número de Matrículas em Creches por Dependência Administrativa";"Baixo Amazonas";"Terra Santa";"Federal";"2024";0
"Social";"Educação";"Número de Matrículas em Creches por Dependência Administrativa";"Rio Capim";"Tomé-Açu";"Federal";"2019";0
"Social";"Educação";"Número de Matrículas em Creches por Dependência Administrativa";"Rio Capim";"Tomé-Açu";"Federal";"2020";0
"Social";"Educação";"Número de Matrículas em Creches por Dependência Administrativa";"Rio Capim";"Tomé-Açu";"Federal";"2021";0
"Social";"Educação";"Número de Matrículas em Creches por Dependência Administrativa";"Rio Capim";"Tomé-Açu";"Federal";"2022";0
"Social";"Educação";"Número de Matrículas em Creches por Dependência Administrativa";"Rio Capim";"Tomé-Açu";"Federal";"2023";0
"Social";"Educação";"Número de Matrículas em Creches por Dependência Administrativa";"Rio Capim";"Tomé-Açu";"Federal";"2024";0
"Social";"Educação";"Número de Matrículas em Creches por Dependência Administrativa";"Rio Caeté";"Tracuateua";"Federal";"2019";0
"Social";"Educação";"Número de Matrículas em Creches por Dependência Administrativa";"Rio Caeté";"Tracuateua";"Federal";"2020";0
"Social";"Educação";"Número de Matrículas em Creches por Dependência Administrativa";"Rio Caeté";"Tracuateua";"Federal";"2021";0
"Social";"Educação";"Número de Matrículas em Creches por Dependência Administrativa";"Rio Caeté";"Tracuateua";"Federal";"2022";0
"Social";"Educação";"Número de Matrículas em Creches por Dependência Administrativa";"Rio Caeté";"Tracuateua";"Federal";"2023";0
"Social";"Educação";"Número de Matrículas em Creches por Dependência Administrativa";"Rio Caeté";"Tracuateua";"Federal";"2024";0
"Social";"Educação";"Número de Matrículas em Creches por Dependência Administrativa";"Tapajós";"Trairão";"Federal";"2019";0
"Social";"Educação";"Número de Matrículas em Creches por Dependência Administrativa";"Tapajós";"Trairão";"Federal";"2020";0
"Social";"Educação";"Número de Matrículas em Creches por Dependência Administrativa";"Tapajós";"Trairão";"Federal";"2021";0
"Social";"Educação";"Número de Matrículas em Creches por Dependência Administrativa";"Tapajós";"Trairão";"Federal";"2022";0
"Social";"Educação";"Número de Matrículas em Creches por Dependência Administrativa";"Tapajós";"Trairão";"Federal";"2023";0
"Social";"Educação";"Número de Matrículas em Creches por Dependência Administrativa";"Tapajós";"Trairão";"Federal";"2024";0
"Social";"Educação";"Número de Matrículas em Creches por Dependência Administrativa";"Araguaia";"Tucumã";"Federal";"2019";0
"Social";"Educação";"Número de Matrículas em Creches por Dependência Administrativa";"Araguaia";"Tucumã";"Federal";"2020";0
"Social";"Educação";"Número de Matrículas em Creches por Dependência Administrativa";"Araguaia";"Tucumã";"Federal";"2021";0
"Social";"Educação";"Número de Matrículas em Creches por Dependência Administrativa";"Araguaia";"Tucumã";"Federal";"2022";0
"Social";"Educação";"Número de Matrículas em Creches por Dependência Administrativa";"Araguaia";"Tucumã";"Federal";"2023";0
"Social";"Educação";"Número de Matrículas em Creches por Dependência Administrativa";"Araguaia";"Tucumã";"Federal";"2024";0
"Social";"Educação";"Número de Matrículas em Creches por Dependência Administrativa";"Lago de Tucuruí";"Tucuruí";"Federal";"2019";0
"Social";"Educação";"Número de Matrículas em Creches por Dependência Administrativa";"Lago de Tucuruí";"Tucuruí";"Federal";"2020";0
"Social";"Educação";"Número de Matrículas em Creches por Dependência Administrativa";"Lago de Tucuruí";"Tucuruí";"Federal";"2021";0
"Social";"Educação";"Número de Matrículas em Creches por Dependência Administrativa";"Lago de Tucuruí";"Tucuruí";"Federal";"2022";0
"Social";"Educação";"Número de Matrículas em Creches por Dependência Administrativa";"Lago de Tucuruí";"Tucuruí";"Federal";"2023";0
"Social";"Educação";"Número de Matrículas em Creches por Dependência Administrativa";"Lago de Tucuruí";"Tucuruí";"Federal";"2024";0
"Social";"Educação";"Número de Matrículas em Creches por Dependência Administrativa";"Rio Capim";"Ulianópolis";"Federal";"2019";0
"Social";"Educação";"Número de Matrículas em Creches por Dependência Administrativa";"Rio Capim";"Ulianópolis";"Federal";"2020";0
"Social";"Educação";"Número de Matrículas em Creches por Dependência Administrativa";"Rio Capim";"Ulianópolis";"Federal";"2021";0
"Social";"Educação";"Número de Matrículas em Creches por Dependência Administrativa";"Rio Capim";"Ulianópolis";"Federal";"2022";0
"Social";"Educação";"Número de Matrículas em Creches por Dependência Administrativa";"Rio Capim";"Ulianópolis";"Federal";"2023";0
"Social";"Educação";"Número de Matrículas em Creches por Dependência Administrativa";"Rio Capim";"Ulianópolis";"Federal";"2024";0
"Social";"Educação";"Número de Matrículas em Creches por Dependência Administrativa";"Xingu";"Uruará";"Federal";"2019";0
"Social";"Educação";"Número de Matrículas em Creches por Dependência Administrativa";"Xingu";"Uruará";"Federal";"2020";0
"Social";"Educação";"Número de Matrículas em Creches por Dependência Administrativa";"Xingu";"Uruará";"Federal";"2021";0
"Social";"Educação";"Número de Matrículas em Creches por Dependência Administrativa";"Xingu";"Uruará";"Federal";"2022";0
"Social";"Educação";"Número de Matrículas em Creches por Dependência Administrativa";"Xingu";"Uruará";"Federal";"2023";0
"Social";"Educação";"Número de Matrículas em Creches por Dependência Administrativa";"Xingu";"Uruará";"Federal";"2024";0
"Social";"Educação";"Número de Matrículas em Creches por Dependência Administrativa";"Guamá";"Vigia";"Federal";"2019";0
"Social";"Educação";"Número de Matrículas em Creches por Dependência Administrativa";"Guamá";"Vigia";"Federal";"2020";0
"Social";"Educação";"Número de Matrículas em Creches por Dependência Administrativa";"Guamá";"Vigia";"Federal";"2021";0
"Social";"Educação";"Número de Matrículas em Creches por Dependência Administrativa";"Guamá";"Vigia";"Federal";"2022";0
"Social";"Educação";"Número de Matrículas em Creches por Dependência Administrativa";"Guamá";"Vigia";"Federal";"2023";0
"Social";"Educação";"Número de Matrículas em Creches por Dependência Administrativa";"Guamá";"Vigia";"Federal";"2024";0
"Social";"Educação";"Número de Matrículas em Creches por Dependência Administrativa";"Rio Caeté";"Viseu";"Federal";"2019";0
"Social";"Educação";"Número de Matrículas em Creches por Dependência Administrativa";"Rio Caeté";"Viseu";"Federal";"2020";0
"Social";"Educação";"Número de Matrículas em Creches por Dependência Administrativa";"Rio Caeté";"Viseu";"Federal";"2021";0
"Social";"Educação";"Número de Matrículas em Creches por Dependência Administrativa";"Rio Caeté";"Viseu";"Federal";"2022";0
"Social";"Educação";"Número de Matrículas em Creches por Dependência Administrativa";"Rio Caeté";"Viseu";"Federal";"2023";0
"Social";"Educação";"Número de Matrículas em Creches por Dependência Administrativa";"Rio Caeté";"Viseu";"Federal";"2024";0
"Social";"Educação";"Número de Matrículas em Creches por Dependência Administrativa";"Xingu";"Vitória do Xingu";"Federal";"2019";0
"Social";"Educação";"Número de Matrículas em Creches por Dependência Administrativa";"Xingu";"Vitória do Xingu";"Federal";"2020";0
"Social";"Educação";"Número de Matrículas em Creches por Dependência Administrativa";"Xingu";"Vitória do Xingu";"Federal";"2021";0
"Social";"Educação";"Número de Matrículas em Creches por Dependência Administrativa";"Xingu";"Vitória do Xingu";"Federal";"2022";0
"Social";"Educação";"Número de Matrículas em Creches por Dependência Administrativa";"Xingu";"Vitória do Xingu";"Federal";"2023";0
"Social";"Educação";"Número de Matrículas em Creches por Dependência Administrativa";"Xingu";"Vitória do Xingu";"Federal";"2024";0
"Social";"Educação";"Número de Matrículas em Creches por Dependência Administrativa";"Araguaia";"Xinguara";"Federal";"2019";0
"Social";"Educação";"Número de Matrículas em Creches por Dependência Administrativa";"Araguaia";"Xinguara";"Federal";"2020";0
"Social";"Educação";"Número de Matrículas em Creches por Dependência Administrativa";"Araguaia";"Xinguara";"Federal";"2021";0
"Social";"Educação";"Número de Matrículas em Creches por Dependência Administrativa";"Araguaia";"Xinguara";"Federal";"2022";0
"Social";"Educação";"Número de Matrículas em Creches por Dependência Administrativa";"Araguaia";"Xinguara";"Federal";"2023";0
"Social";"Educação";"Número de Matrículas em Creches por Dependência Administrativa";"Araguaia";"Xinguara";"Federal";"2024";0
"Social";"Educação";"Número de Matrículas em Creches por Dependência Administrativa";"Pará";"Pará";"Estadual";"2019";42
"Social";"Educação";"Número de Matrículas em Creches por Dependência Administrativa";"Pará";"Pará";"Estadual";"2020";0
"Social";"Educação";"Número de Matrículas em Creches por Dependência Administrativa";"Pará";"Pará";"Estadual";"2021";0
"Social";"Educação";"Número de Matrículas em Creches por Dependência Administrativa";"Pará";"Pará";"Estadual";"2022";275
"Social";"Educação";"Número de Matrículas em Creches por Dependência Administrativa";"Pará";"Pará";"Estadual";"2023";336
"Social";"Educação";"Número de Matrículas em Creches por Dependência Administrativa";"Pará";"Pará";"Estadual";"2024";191
"Social";"Educação";"Número de Matrículas em Creches por Dependência Administrativa";"Tocantins";"Abaetetuba";"Estadual";"2019";0
"Social";"Educação";"Número de Matrículas em Creches por Dependência Administrativa";"Tocantins";"Abaetetuba";"Estadual";"2020";0
"Social";"Educação";"Número de Matrículas em Creches por Dependência Administrativa";"Tocantins";"Abaetetuba";"Estadual";"2021";0
"Social";"Educação";"Número de Matrículas em Creches por Dependência Administrativa";"Tocantins";"Abaetetuba";"Estadual";"2022";0
"Social";"Educação";"Número de Matrículas em Creches por Dependência Administrativa";"Tocantins";"Abaetetuba";"Estadual";"2023";0
"Social";"Educação";"Número de Matrículas em Creches por Dependência Administrativa";"Tocantins";"Abaetetuba";"Estadual";"2024";0
"Social";"Educação";"Número de Matrículas em Creches por Dependência Administrativa";"Rio Capim";"Abel Figueiredo";"Estadual";"2019";0
"Social";"Educação";"Número de Matrículas em Creches por Dependência Administrativa";"Rio Capim";"Abel Figueiredo";"Estadual";"2020";0
"Social";"Educação";"Número de Matrículas em Creches por Dependência Administrativa";"Rio Capim";"Abel Figueiredo";"Estadual";"2021";0
"Social";"Educação";"Número de Matrículas em Creches por Dependência Administrativa";"Rio Capim";"Abel Figueiredo";"Estadual";"2022";0
"Social";"Educação";"Número de Matrículas em Creches por Dependência Administrativa";"Rio Capim";"Abel Figueiredo";"Estadual";"2023";0
"Social";"Educação";"Número de Matrículas em Creches por Dependência Administrativa";"Rio Capim";"Abel Figueiredo";"Estadual";"2024";0
"Social";"Educação";"Número de Matrículas em Creches por Dependência Administrativa";"Tocantins";"Acará";"Estadual";"2019";0
"Social";"Educação";"Número de Matrículas em Creches por Dependência Administrativa";"Tocantins";"Acará";"Estadual";"2020";0
"Social";"Educação";"Número de Matrículas em Creches por Dependência Administrativa";"Tocantins";"Acará";"Estadual";"2021";0
"Social";"Educação";"Número de Matrículas em Creches por Dependência Administrativa";"Tocantins";"Acará";"Estadual";"2022";0
"Social";"Educação";"Número de Matrículas em Creches por Dependência Administrativa";"Tocantins";"Acará";"Estadual";"2023";0
"Social";"Educação";"Número de Matrículas em Creches por Dependência Administrativa";"Tocantins";"Acará";"Estadual";"2024";0
"Social";"Educação";"Número de Matrículas em Creches por Dependência Administrativa";"Marajó";"Afuá";"Estadual";"2019";0
"Social";"Educação";"Número de Matrículas em Creches por Dependência Administrativa";"Marajó";"Afuá";"Estadual";"2020";0
"Social";"Educação";"Número de Matrículas em Creches por Dependência Administrativa";"Marajó";"Afuá";"Estadual";"2021";0
"Social";"Educação";"Número de Matrículas em Creches por Dependência Administrativa";"Marajó";"Afuá";"Estadual";"2022";0
"Social";"Educação";"Número de Matrículas em Creches por Dependência Administrativa";"Marajó";"Afuá";"Estadual";"2023";0
"Social";"Educação";"Número de Matrículas em Creches por Dependência Administrativa";"Marajó";"Afuá";"Estadual";"2024";0
"Social";"Educação";"Número de Matrículas em Creches por Dependência Administrativa";"Araguaia";"Água Azul do Norte";"Estadual";"2019";0
"Social";"Educação";"Número de Matrículas em Creches por Dependência Administrativa";"Araguaia";"Água Azul do Norte";"Estadual";"2020";0
"Social";"Educação";"Número de Matrículas em Creches por Dependência Administrativa";"Araguaia";"Água Azul do Norte";"Estadual";"2021";0
"Social";"Educação";"Número de Matrículas em Creches por Dependência Administrativa";"Araguaia";"Água Azul do Norte";"Estadual";"2022";0
"Social";"Educação";"Número de Matrículas em Creches por Dependência Administrativa";"Araguaia";"Água Azul do Norte";"Estadual";"2023";0
"Social";"Educação";"Número de Matrículas em Creches por Dependência Administrativa";"Araguaia";"Água Azul do Norte";"Estadual";"2024";0
"Social";"Educação";"Número de Matrículas em Creches por Dependência Administrativa";"Baixo Amazonas";"Alenquer";"Estadual";"2019";0
"Social";"Educação";"Número de Matrículas em Creches por Dependência Administrativa";"Baixo Amazonas";"Alenquer";"Estadual";"2020";0
"Social";"Educação";"Número de Matrículas em Creches por Dependência Administrativa";"Baixo Amazonas";"Alenquer";"Estadual";"2021";0
"Social";"Educação";"Número de Matrículas em Creches por Dependência Administrativa";"Baixo Amazonas";"Alenquer";"Estadual";"2022";0
"Social";"Educação";"Número de Matrículas em Creches por Dependência Administrativa";"Baixo Amazonas";"Alenquer";"Estadual";"2023";0
"Social";"Educação";"Número de Matrículas em Creches por Dependência Administrativa";"Baixo Amazonas";"Alenquer";"Estadual";"2024";0
"Social";"Educação";"Número de Matrículas em Creches por Dependência Administrativa";"Baixo Amazonas";"Almeirim";"Estadual";"2019";0
"Social";"Educação";"Número de Matrículas em Creches por Dependência Administrativa";"Baixo Amazonas";"Almeirim";"Estadual";"2020";0
"Social";"Educação";"Número de Matrículas em Creches por Dependência Administrativa";"Baixo Amazonas";"Almeirim";"Estadual";"2021";0
"Social";"Educação";"Número de Matrículas em Creches por Dependência Administrativa";"Baixo Amazonas";"Almeirim";"Estadual";"2022";0
"Social";"Educação";"Número de Matrículas em Creches por Dependência Administrativa";"Baixo Amazonas";"Almeirim";"Estadual";"2023";0
"Social";"Educação";"Número de Matrículas em Creches por Dependência Administrativa";"Baixo Amazonas";"Almeirim";"Estadual";"2024";0
"Social";"Educação";"Número de Matrículas em Creches por Dependência Administrativa";"Xingu";"Altamira";"Estadual";"2019";0
"Social";"Educação";"Número de Matrículas em Creches por Dependência Administrativa";"Xingu";"Altamira";"Estadual";"2020";0
"Social";"Educação";"Número de Matrículas em Creches por Dependência Administrativa";"Xingu";"Altamira";"Estadual";"2021";0
"Social";"Educação";"Número de Matrículas em Creches por Dependência Administrativa";"Xingu";"Altamira";"Estadual";"2022";0
"Social";"Educação";"Número de Matrículas em Creches por Dependência Administrativa";"Xingu";"Altamira";"Estadual";"2023";0
"Social";"Educação";"Número de Matrículas em Creches por Dependência Administrativa";"Xingu";"Altamira";"Estadual";"2024";0
"Social";"Educação";"Número de Matrículas em Creches por Dependência Administrativa";"Marajó";"Anajás";"Estadual";"2019";0
"Social";"Educação";"Número de Matrículas em Creches por Dependência Administrativa";"Marajó";"Anajás";"Estadual";"2020";0
"Social";"Educação";"Número de Matrículas em Creches por Dependência Administrativa";"Marajó";"Anajás";"Estadual";"2021";0
"Social";"Educação";"Número de Matrículas em Creches por Dependência Administrativa";"Marajó";"Anajás";"Estadual";"2022";0
"Social";"Educação";"Número de Matrículas em Creches por Dependência Administrativa";"Marajó";"Anajás";"Estadual";"2023";0
"Social";"Educação";"Número de Matrículas em Creches por Dependência Administrativa";"Marajó";"Anajás";"Estadual";"2024";0
"Social";"Educação";"Número de Matrículas em Creches por Dependência Administrativa";"Guajará";"Ananindeua";"Estadual";"2019";0
"Social";"Educação";"Número de Matrículas em Creches por Dependência Administrativa";"Guajará";"Ananindeua";"Estadual";"2020";0
"Social";"Educação";"Número de Matrículas em Creches por Dependência Administrativa";"Guajará";"Ananindeua";"Estadual";"2021";0
"Social";"Educação";"Número de Matrículas em Creches por Dependência Administrativa";"Guajará";"Ananindeua";"Estadual";"2022";0
"Social";"Educação";"Número de Matrículas em Creches por Dependência Administrativa";"Guajará";"Ananindeua";"Estadual";"2023";0
"Social";"Educação";"Número de Matrículas em Creches por Dependência Administrativa";"Guajará";"Ananindeua";"Estadual";"2024";0
"Social";"Educação";"Número de Matrículas em Creches por Dependência Administrativa";"Xingu";"Anapu";"Estadual";"2019";0
"Social";"Educação";"Número de Matrículas em Creches por Dependência Administrativa";"Xingu";"Anapu";"Estadual";"2020";0
"Social";"Educação";"Número de Matrículas em Creches por Dependência Administrativa";"Xingu";"Anapu";"Estadual";"2021";0
"Social";"Educação";"Número de Matrículas em Creches por Dependência Administrativa";"Xingu";"Anapu";"Estadual";"2022";0
"Social";"Educação";"Número de Matrículas em Creches por Dependência Administrativa";"Xingu";"Anapu";"Estadual";"2023";0
"Social";"Educação";"Número de Matrículas em Creches por Dependência Administrativa";"Xingu";"Anapu";"Estadual";"2024";0
"Social";"Educação";"Número de Matrículas em Creches por Dependência Administrativa";"Rio Caeté";"Augusto Corrêa";"Estadual";"2019";0
"Social";"Educação";"Número de Matrículas em Creches por Dependência Administrativa";"Rio Caeté";"Augusto Corrêa";"Estadual";"2020";0
"Social";"Educação";"Número de Matrículas em Creches por Dependência Administrativa";"Rio Caeté";"Augusto Corrêa";"Estadual";"2021";0
"Social";"Educação";"Número de Matrículas em Creches por Dependência Administrativa";"Rio Caeté";"Augusto Corrêa";"Estadual";"2022";0
"Social";"Educação";"Número de Matrículas em Creches por Dependência Administrativa";"Rio Caeté";"Augusto Corrêa";"Estadual";"2023";0
"Social";"Educação";"Número de Matrículas em Creches por Dependência Administrativa";"Rio Caeté";"Augusto Corrêa";"Estadual";"2024";0
"Social";"Educação";"Número de Matrículas em Creches por Dependência Administrativa";"Rio Capim";"Aurora do Pará";"Estadual";"2019";0
"Social";"Educação";"Número de Matrículas em Creches por Dependência Administrativa";"Rio Capim";"Aurora do Pará";"Estadual";"2020";0
"Social";"Educação";"Número de Matrículas em Creches por Dependência Administrativa";"Rio Capim";"Aurora do Pará";"Estadual";"2021";0
"Social";"Educação";"Número de Matrículas em Creches por Dependência Administrativa";"Rio Capim";"Aurora do Pará";"Estadual";"2022";0
"Social";"Educação";"Número de Matrículas em Creches por Dependência Administrativa";"Rio Capim";"Aurora do Pará";"Estadual";"2023";0
"Social";"Educação";"Número de Matrículas em Creches por Dependência Administrativa";"Rio Capim";"Aurora do Pará";"Estadual";"2024";0
"Social";"Educação";"Número de Matrículas em Creches por Dependência Administrativa";"Tapajós";"Aveiro";"Estadual";"2019";0
"Social";"Educação";"Número de Matrículas em Creches por Dependência Administrativa";"Tapajós";"Aveiro";"Estadual";"2020";0
"Social";"Educação";"Número de Matrículas em Creches por Dependência Administrativa";"Tapajós";"Aveiro";"Estadual";"2021";0
"Social";"Educação";"Número de Matrículas em Creches por Dependência Administrativa";"Tapajós";"Aveiro";"Estadual";"2022";0
"Social";"Educação";"Número de Matrículas em Creches por Dependência Administrativa";"Tapajós";"Aveiro";"Estadual";"2023";0
"Social";"Educação";"Número de Matrículas em Creches por Dependência Administrativa";"Tapajós";"Aveiro";"Estadual";"2024";0
"Social";"Educação";"Número de Matrículas em Creches por Dependência Administrativa";"Marajó";"Bagre";"Estadual";"2019";0
"Social";"Educação";"Número de Matrículas em Creches por Dependência Administrativa";"Marajó";"Bagre";"Estadual";"2020";0
"Social";"Educação";"Número de Matrículas em Creches por Dependência Administrativa";"Marajó";"Bagre";"Estadual";"2021";0
"Social";"Educação";"Número de Matrículas em Creches por Dependência Administrativa";"Marajó";"Bagre";"Estadual";"2022";0
"Social";"Educação";"Número de Matrículas em Creches por Dependência Administrativa";"Marajó";"Bagre";"Estadual";"2023";0
"Social";"Educação";"Número de Matrículas em Creches por Dependência Administrativa";"Marajó";"Bagre";"Estadual";"2024";0
"Social";"Educação";"Número de Matrículas em Creches por Dependência Administrativa";"Tocantins";"Baião";"Estadual";"2019";0
"Social";"Educação";"Número de Matrículas em Creches por Dependência Administrativa";"Tocantins";"Baião";"Estadual";"2020";0
"Social";"Educação";"Número de Matrículas em Creches por Dependência Administrativa";"Tocantins";"Baião";"Estadual";"2021";0
"Social";"Educação";"Número de Matrículas em Creches por Dependência Administrativa";"Tocantins";"Baião";"Estadual";"2022";0
"Social";"Educação";"Número de Matrículas em Creches por Dependência Administrativa";"Tocantins";"Baião";"Estadual";"2023";0
"Social";"Educação";"Número de Matrículas em Creches por Dependência Administrativa";"Tocantins";"Baião";"Estadual";"2024";0
"Social";"Educação";"Número de Matrículas em Creches por Dependência Administrativa";"Araguaia";"Bannach";"Estadual";"2019";0
"Social";"Educação";"Número de Matrículas em Creches por Dependência Administrativa";"Araguaia";"Bannach";"Estadual";"2020";0
"Social";"Educação";"Número de Matrículas em Creches por Dependência Administrativa";"Araguaia";"Bannach";"Estadual";"2021";0
"Social";"Educação";"Número de Matrículas em Creches por Dependência Administrativa";"Araguaia";"Bannach";"Estadual";"2022";0
"Social";"Educação";"Número de Matrículas em Creches por Dependência Administrativa";"Araguaia";"Bannach";"Estadual";"2023";0
"Social";"Educação";"Número de Matrículas em Creches por Dependência Administrativa";"Araguaia";"Bannach";"Estadual";"2024";0
"Social";"Educação";"Número de Matrículas em Creches por Dependência Administrativa";"Tocantins";"Barcarena";"Estadual";"2019";0
"Social";"Educação";"Número de Matrículas em Creches por Dependência Administrativa";"Tocantins";"Barcarena";"Estadual";"2020";0
"Social";"Educação";"Número de Matrículas em Creches por Dependência Administrativa";"Tocantins";"Barcarena";"Estadual";"2021";0
"Social";"Educação";"Número de Matrículas em Creches por Dependência Administrativa";"Tocantins";"Barcarena";"Estadual";"2022";0
"Social";"Educação";"Número de Matrículas em Creches por Dependência Administrativa";"Tocantins";"Barcarena";"Estadual";"2023";0
"Social";"Educação";"Número de Matrículas em Creches por Dependência Administrativa";"Tocantins";"Barcarena";"Estadual";"2024";0
"Social";"Educação";"Número de Matrículas em Creches por Dependência Administrativa";"Guajará";"Belém";"Estadual";"2019";0
"Social";"Educação";"Número de Matrículas em Creches por Dependência Administrativa";"Guajará";"Belém";"Estadual";"2020";0
"Social";"Educação";"Número de Matrículas em Creches por Dependência Administrativa";"Guajará";"Belém";"Estadual";"2021";0
"Social";"Educação";"Número de Matrículas em Creches por Dependência Administrativa";"Guajará";"Belém";"Estadual";"2022";275
"Social";"Educação";"Número de Matrículas em Creches por Dependência Administrativa";"Guajará";"Belém";"Estadual";"2023";336
"Social";"Educação";"Número de Matrículas em Creches por Dependência Administrativa";"Guajará";"Belém";"Estadual";"2024";191
"Social";"Educação";"Número de Matrículas em Creches por Dependência Administrativa";"Baixo Amazonas";"Belterra";"Estadual";"2019";0
"Social";"Educação";"Número de Matrículas em Creches por Dependência Administrativa";"Baixo Amazonas";"Belterra";"Estadual";"2020";0
"Social";"Educação";"Número de Matrículas em Creches por Dependência Administrativa";"Baixo Amazonas";"Belterra";"Estadual";"2021";0
"Social";"Educação";"Número de Matrículas em Creches por Dependência Administrativa";"Baixo Amazonas";"Belterra";"Estadual";"2022";0
"Social";"Educação";"Número de Matrículas em Creches por Dependência Administrativa";"Baixo Amazonas";"Belterra";"Estadual";"2023";0
"Social";"Educação";"Número de Matrículas em Creches por Dependência Administrativa";"Baixo Amazonas";"Belterra";"Estadual";"2024";0
"Social";"Educação";"Número de Matrículas em Creches por Dependência Administrativa";"Guajará";"Benevides";"Estadual";"2019";0
"Social";"Educação";"Número de Matrículas em Creches por Dependência Administrativa";"Guajará";"Benevides";"Estadual";"2020";0
"Social";"Educação";"Número de Matrículas em Creches por Dependência Administrativa";"Guajará";"Benevides";"Estadual";"2021";0
"Social";"Educação";"Número de Matrículas em Creches por Dependência Administrativa";"Guajará";"Benevides";"Estadual";"2022";0
"Social";"Educação";"Número de Matrículas em Creches por Dependência Administrativa";"Guajará";"Benevides";"Estadual";"2023";0
"Social";"Educação";"Número de Matrículas em Creches por Dependência Administrativa";"Guajará";"Benevides";"Estadual";"2024";0
"Social";"Educação";"Número de Matrículas em Creches por Dependência Administrativa";"Carajás";"Bom Jesus do Tocantins";"Estadual";"2019";40
"Social";"Educação";"Número de Matrículas em Creches por Dependência Administrativa";"Carajás";"Bom Jesus do Tocantins";"Estadual";"2020";0
"Social";"Educação";"Número de Matrículas em Creches por Dependência Administrativa";"Carajás";"Bom Jesus do Tocantins";"Estadual";"2021";0
"Social";"Educação";"Número de Matrículas em Creches por Dependência Administrativa";"Carajás";"Bom Jesus do Tocantins";"Estadual";"2022";0
"Social";"Educação";"Número de Matrículas em Creches por Dependência Administrativa";"Carajás";"Bom Jesus do Tocantins";"Estadual";"2023";0
"Social";"Educação";"Número de Matrículas em Creches por Dependência Administrativa";"Carajás";"Bom Jesus do Tocantins";"Estadual";"2024";0
"Social";"Educação";"Número de Matrículas em Creches por Dependência Administrativa";"Rio Caeté";"Bonito";"Estadual";"2019";0
"Social";"Educação";"Número de Matrículas em Creches por Dependência Administrativa";"Rio Caeté";"Bonito";"Estadual";"2020";0
"Social";"Educação";"Número de Matrículas em Creches por Dependência Administrativa";"Rio Caeté";"Bonito";"Estadual";"2021";0
"Social";"Educação";"Número de Matrículas em Creches por Dependência Administrativa";"Rio Caeté";"Bonito";"Estadual";"2022";0
"Social";"Educação";"Número de Matrículas em Creches por Dependência Administrativa";"Rio Caeté";"Bonito";"Estadual";"2023";0
"Social";"Educação";"Número de Matrículas em Creches por Dependência Administrativa";"Rio Caeté";"Bonito";"Estadual";"2024";0
"Social";"Educação";"Número de Matrículas em Creches por Dependência Administrativa";"Rio Caeté";"Bragança";"Estadual";"2019";0
"Social";"Educação";"Número de Matrículas em Creches por Dependência Administrativa";"Rio Caeté";"Bragança";"Estadual";"2020";0
"Social";"Educação";"Número de Matrículas em Creches por Dependência Administrativa";"Rio Caeté";"Bragança";"Estadual";"2021";0
"Social";"Educação";"Número de Matrículas em Creches por Dependência Administrativa";"Rio Caeté";"Bragança";"Estadual";"2022";0
"Social";"Educação";"Número de Matrículas em Creches por Dependência Administrativa";"Rio Caeté";"Bragança";"Estadual";"2023";0
"Social";"Educação";"Número de Matrículas em Creches por Dependência Administrativa";"Rio Caeté";"Bragança";"Estadual";"2024";0
"Social";"Educação";"Número de Matrículas em Creches por Dependência Administrativa";"Xingu";"Brasil Novo";"Estadual";"2019";0
"Social";"Educação";"Número de Matrículas em Creches por Dependência Administrativa";"Xingu";"Brasil Novo";"Estadual";"2020";0
"Social";"Educação";"Número de Matrículas em Creches por Dependência Administrativa";"Xingu";"Brasil Novo";"Estadual";"2021";0
"Social";"Educação";"Número de Matrículas em Creches por Dependência Administrativa";"Xingu";"Brasil Novo";"Estadual";"2022";0
"Social";"Educação";"Número de Matrículas em Creches por Dependência Administrativa";"Xingu";"Brasil Novo";"Estadual";"2023";0
"Social";"Educação";"Número de Matrículas em Creches por Dependência Administrativa";"Xingu";"Brasil Novo";"Estadual";"2024";0
"Social";"Educação";"Número de Matrículas em Creches por Dependência Administrativa";"Carajás";"Brejo Grande do Araguaia";"Estadual";"2019";0
"Social";"Educação";"Número de Matrículas em Creches por Dependência Administrativa";"Carajás";"Brejo Grande do Araguaia";"Estadual";"2020";0
"Social";"Educação";"Número de Matrículas em Creches por Dependência Administrativa";"Carajás";"Brejo Grande do Araguaia";"Estadual";"2021";0
"Social";"Educação";"Número de Matrículas em Creches por Dependência Administrativa";"Carajás";"Brejo Grande do Araguaia";"Estadual";"2022";0
"Social";"Educação";"Número de Matrículas em Creches por Dependência Administrativa";"Carajás";"Brejo Grande do Araguaia";"Estadual";"2023";0
"Social";"Educação";"Número de Matrículas em Creches por Dependência Administrativa";"Carajás";"Brejo Grande do Araguaia";"Estadual";"2024";0
"Social";"Educação";"Número de Matrículas em Creches por Dependência Administrativa";"Lago de Tucuruí";"Breu Branco";"Estadual";"2019";0
"Social";"Educação";"Número de Matrículas em Creches por Dependência Administrativa";"Lago de Tucuruí";"Breu Branco";"Estadual";"2020";0
"Social";"Educação";"Número de Matrículas em Creches por Dependência Administrativa";"Lago de Tucuruí";"Breu Branco";"Estadual";"2021";0
"Social";"Educação";"Número de Matrículas em Creches por Dependência Administrativa";"Lago de Tucuruí";"Breu Branco";"Estadual";"2022";0
"Social";"Educação";"Número de Matrículas em Creches por Dependência Administrativa";"Lago de Tucuruí";"Breu Branco";"Estadual";"2023";0
"Social";"Educação";"Número de Matrículas em Creches por Dependência Administrativa";"Lago de Tucuruí";"Breu Branco";"Estadual";"2024";0
"Social";"Educação";"Número de Matrículas em Creches por Dependência Administrativa";"Marajó";"Breves";"Estadual";"2019";0
"Social";"Educação";"Número de Matrículas em Creches por Dependência Administrativa";"Marajó";"Breves";"Estadual";"2020";0
"Social";"Educação";"Número de Matrículas em Creches por Dependência Administrativa";"Marajó";"Breves";"Estadual";"2021";0
"Social";"Educação";"Número de Matrículas em Creches por Dependência Administrativa";"Marajó";"Breves";"Estadual";"2022";0
"Social";"Educação";"Número de Matrículas em Creches por Dependência Administrativa";"Marajó";"Breves";"Estadual";"2023";0
"Social";"Educação";"Número de Matrículas em Creches por Dependência Administrativa";"Marajó";"Breves";"Estadual";"2024";0
"Social";"Educação";"Número de Matrículas em Creches por Dependência Administrativa";"Rio Capim";"Bujaru";"Estadual";"2019";0
"Social";"Educação";"Número de Matrículas em Creches por Dependência Administrativa";"Rio Capim";"Bujaru";"Estadual";"2020";0
"Social";"Educação";"Número de Matrículas em Creches por Dependência Administrativa";"Rio Capim";"Bujaru";"Estadual";"2021";0
"Social";"Educação";"Número de Matrículas em Creches por Dependência Administrativa";"Rio Capim";"Bujaru";"Estadual";"2022";0
"Social";"Educação";"Número de Matrículas em Creches por Dependência Administrativa";"Rio Capim";"Bujaru";"Estadual";"2023";0
"Social";"Educação";"Número de Matrículas em Creches por Dependência Administrativa";"Rio Capim";"Bujaru";"Estadual";"2024";0
"Social";"Educação";"Número de Matrículas em Creches por Dependência Administrativa";"Marajó";"Cachoeira do Arari";"Estadual";"2019";0
"Social";"Educação";"Número de Matrículas em Creches por Dependência Administrativa";"Marajó";"Cachoeira do Arari";"Estadual";"2020";0
"Social";"Educação";"Número de Matrículas em Creches por Dependência Administrativa";"Marajó";"Cachoeira do Arari";"Estadual";"2021";0
"Social";"Educação";"Número de Matrículas em Creches por Dependência Administrativa";"Marajó";"Cachoeira do Arari";"Estadual";"2022";0
"Social";"Educação";"Número de Matrículas em Creches por Dependência Administrativa";"Marajó";"Cachoeira do Arari";"Estadual";"2023";0
"Social";"Educação";"Número de Matrículas em Creches por Dependência Administrativa";"Marajó";"Cachoeira do Arari";"Estadual";"2024";0
"Social";"Educação";"Número de Matrículas em Creches por Dependência Administrativa";"Rio Caeté";"Cachoeira do Piriá";"Estadual";"2019";0
"Social";"Educação";"Número de Matrículas em Creches por Dependência Administrativa";"Rio Caeté";"Cachoeira do Piriá";"Estadual";"2020";0
"Social";"Educação";"Número de Matrículas em Creches por Dependência Administrativa";"Rio Caeté";"Cachoeira do Piriá";"Estadual";"2021";0
"Social";"Educação";"Número de Matrículas em Creches por Dependência Administrativa";"Rio Caeté";"Cachoeira do Piriá";"Estadual";"2022";0
"Social";"Educação";"Número de Matrículas em Creches por Dependência Administrativa";"Rio Caeté";"Cachoeira do Piriá";"Estadual";"2023";0
"Social";"Educação";"Número de Matrículas em Creches por Dependência Administrativa";"Rio Caeté";"Cachoeira do Piriá";"Estadual";"2024";0
"Social";"Educação";"Número de Matrículas em Creches por Dependência Administrativa";"Tocantins";"Cametá";"Estadual";"2019";0
"Social";"Educação";"Número de Matrículas em Creches por Dependência Administrativa";"Tocantins";"Cametá";"Estadual";"2020";0
"Social";"Educação";"Número de Matrículas em Creches por Dependência Administrativa";"Tocantins";"Cametá";"Estadual";"2021";0
"Social";"Educação";"Número de Matrículas em Creches por Dependência Administrativa";"Tocantins";"Cametá";"Estadual";"2022";0
"Social";"Educação";"Número de Matrículas em Creches por Dependência Administrativa";"Tocantins";"Cametá";"Estadual";"2023";0
"Social";"Educação";"Número de Matrículas em Creches por Dependência Administrativa";"Tocantins";"Cametá";"Estadual";"2024";0
"Social";"Educação";"Número de Matrículas em Creches por Dependência Administrativa";"Carajás";"Canaã dos Carajás";"Estadual";"2019";0
"Social";"Educação";"Número de Matrículas em Creches por Dependência Administrativa";"Carajás";"Canaã dos Carajás";"Estadual";"2020";0
"Social";"Educação";"Número de Matrículas em Creches por Dependência Administrativa";"Carajás";"Canaã dos Carajás";"Estadual";"2021";0
"Social";"Educação";"Número de Matrículas em Creches por Dependência Administrativa";"Carajás";"Canaã dos Carajás";"Estadual";"2022";0
"Social";"Educação";"Número de Matrículas em Creches por Dependência Administrativa";"Carajás";"Canaã dos Carajás";"Estadual";"2023";0
"Social";"Educação";"Número de Matrículas em Creches por Dependência Administrativa";"Carajás";"Canaã dos Carajás";"Estadual";"2024";0
"Social";"Educação";"Número de Matrículas em Creches por Dependência Administrativa";"Rio Caeté";"Capanema";"Estadual";"2019";0
"Social";"Educação";"Número de Matrículas em Creches por Dependência Administrativa";"Rio Caeté";"Capanema";"Estadual";"2020";0
"Social";"Educação";"Número de Matrículas em Creches por Dependência Administrativa";"Rio Caeté";"Capanema";"Estadual";"2021";0
"Social";"Educação";"Número de Matrículas em Creches por Dependência Administrativa";"Rio Caeté";"Capanema";"Estadual";"2022";0
"Social";"Educação";"Número de Matrículas em Creches por Dependência Administrativa";"Rio Caeté";"Capanema";"Estadual";"2023";0
"Social";"Educação";"Número de Matrículas em Creches por Dependência Administrativa";"Rio Caeté";"Capanema";"Estadual";"2024";0
"Social";"Educação";"Número de Matrículas em Creches por Dependência Administrativa";"Rio Capim";"Capitão Poço";"Estadual";"2019";2
"Social";"Educação";"Número de Matrículas em Creches por Dependência Administrativa";"Rio Capim";"Capitão Poço";"Estadual";"2020";0
"Social";"Educação";"Número de Matrículas em Creches por Dependência Administrativa";"Rio Capim";"Capitão Poço";"Estadual";"2021";0
"Social";"Educação";"Número de Matrículas em Creches por Dependência Administrativa";"Rio Capim";"Capitão Poço";"Estadual";"2022";0
"Social";"Educação";"Número de Matrículas em Creches por Dependência Administrativa";"Rio Capim";"Capitão Poço";"Estadual";"2023";0
"Social";"Educação";"Número de Matrículas em Creches por Dependência Administrativa";"Rio Capim";"Capitão Poço";"Estadual";"2024";0
"Social";"Educação";"Número de Matrículas em Creches por Dependência Administrativa";"Guamá";"Castanhal";"Estadual";"2019";0
"Social";"Educação";"Número de Matrículas em Creches por Dependência Administrativa";"Guamá";"Castanhal";"Estadual";"2020";0
"Social";"Educação";"Número de Matrículas em Creches por Dependência Administrativa";"Guamá";"Castanhal";"Estadual";"2021";0
"Social";"Educação";"Número de Matrículas em Creches por Dependência Administrativa";"Guamá";"Castanhal";"Estadual";"2022";0
"Social";"Educação";"Número de Matrículas em Creches por Dependência Administrativa";"Guamá";"Castanhal";"Estadual";"2023";0
"Social";"Educação";"Número de Matrículas em Creches por Dependência Administrativa";"Guamá";"Castanhal";"Estadual";"2024";0
"Social";"Educação";"Número de Matrículas em Creches por Dependência Administrativa";"Marajó";"Chaves";"Estadual";"2019";0
"Social";"Educação";"Número de Matrículas em Creches por Dependência Administrativa";"Marajó";"Chaves";"Estadual";"2020";0
"Social";"Educação";"Número de Matrículas em Creches por Dependência Administrativa";"Marajó";"Chaves";"Estadual";"2021";0
"Social";"Educação";"Número de Matrículas em Creches por Dependência Administrativa";"Marajó";"Chaves";"Estadual";"2022";0
"Social";"Educação";"Número de Matrículas em Creches por Dependência Administrativa";"Marajó";"Chaves";"Estadual";"2023";0
"Social";"Educação";"Número de Matrículas em Creches por Dependência Administrativa";"Marajó";"Chaves";"Estadual";"2024";0
"Social";"Educação";"Número de Matrículas em Creches por Dependência Administrativa";"Guamá";"Colares";"Estadual";"2019";0
"Social";"Educação";"Número de Matrículas em Creches por Dependência Administrativa";"Guamá";"Colares";"Estadual";"2020";0
"Social";"Educação";"Número de Matrículas em Creches por Dependência Administrativa";"Guamá";"Colares";"Estadual";"2021";0
"Social";"Educação";"Número de Matrículas em Creches por Dependência Administrativa";"Guamá";"Colares";"Estadual";"2022";0
"Social";"Educação";"Número de Matrículas em Creches por Dependência Administrativa";"Guamá";"Colares";"Estadual";"2023";0
"Social";"Educação";"Número de Matrículas em Creches por Dependência Administrativa";"Guamá";"Colares";"Estadual";"2024";0
"Social";"Educação";"Número de Matrículas em Creches por Dependência Administrativa";"Araguaia";"Conceição do Araguaia";"Estadual";"2019";0
"Social";"Educação";"Número de Matrículas em Creches por Dependência Administrativa";"Araguaia";"Conceição do Araguaia";"Estadual";"2020";0
"Social";"Educação";"Número de Matrículas em Creches por Dependência Administrativa";"Araguaia";"Conceição do Araguaia";"Estadual";"2021";0
"Social";"Educação";"Número de Matrículas em Creches por Dependência Administrativa";"Araguaia";"Conceição do Araguaia";"Estadual";"2022";0
"Social";"Educação";"Número de Matrículas em Creches por Dependência Administrativa";"Araguaia";"Conceição do Araguaia";"Estadual";"2023";0
"Social";"Educação";"Número de Matrículas em Creches por Dependência Administrativa";"Araguaia";"Conceição do Araguaia";"Estadual";"2024";0
"Social";"Educação";"Número de Matrículas em Creches por Dependência Administrativa";"Rio Capim";"Concórdia do Pará";"Estadual";"2019";0
"Social";"Educação";"Número de Matrículas em Creches por Dependência Administrativa";"Rio Capim";"Concórdia do Pará";"Estadual";"2020";0
"Social";"Educação";"Número de Matrículas em Creches por Dependência Administrativa";"Rio Capim";"Concórdia do Pará";"Estadual";"2021";0
"Social";"Educação";"Número de Matrículas em Creches por Dependência Administrativa";"Rio Capim";"Concórdia do Pará";"Estadual";"2022";0
"Social";"Educação";"Número de Matrículas em Creches por Dependência Administrativa";"Rio Capim";"Concórdia do Pará";"Estadual";"2023";0
"Social";"Educação";"Número de Matrículas em Creches por Dependência Administrativa";"Rio Capim";"Concórdia do Pará";"Estadual";"2024";0
"Social";"Educação";"Número de Matrículas em Creches por Dependência Administrativa";"Araguaia";"Cumaru do Norte";"Estadual";"2019";0
"Social";"Educação";"Número de Matrículas em Creches por Dependência Administrativa";"Araguaia";"Cumaru do Norte";"Estadual";"2020";0
"Social";"Educação";"Número de Matrículas em Creches por Dependência Administrativa";"Araguaia";"Cumaru do Norte";"Estadual";"2021";0
"Social";"Educação";"Número de Matrículas em Creches por Dependência Administrativa";"Araguaia";"Cumaru do Norte";"Estadual";"2022";0
"Social";"Educação";"Número de Matrículas em Creches por Dependência Administrativa";"Araguaia";"Cumaru do Norte";"Estadual";"2023";0
"Social";"Educação";"Número de Matrículas em Creches por Dependência Administrativa";"Araguaia";"Cumaru do Norte";"Estadual";"2024";0
"Social";"Educação";"Número de Matrículas em Creches por Dependência Administrativa";"Carajás";"Curionópolis";"Estadual";"2019";0
"Social";"Educação";"Número de Matrículas em Creches por Dependência Administrativa";"Carajás";"Curionópolis";"Estadual";"2020";0
"Social";"Educação";"Número de Matrículas em Creches por Dependência Administrativa";"Carajás";"Curionópolis";"Estadual";"2021";0
"Social";"Educação";"Número de Matrículas em Creches por Dependência Administrativa";"Carajás";"Curionópolis";"Estadual";"2022";0
"Social";"Educação";"Número de Matrículas em Creches por Dependência Administrativa";"Carajás";"Curionópolis";"Estadual";"2023";0
"Social";"Educação";"Número de Matrículas em Creches por Dependência Administrativa";"Carajás";"Curionópolis";"Estadual";"2024";0
"Social";"Educação";"Número de Matrículas em Creches por Dependência Administrativa";"Marajó";"Curralinho";"Estadual";"2019";0
"Social";"Educação";"Número de Matrículas em Creches por Dependência Administrativa";"Marajó";"Curralinho";"Estadual";"2020";0
"Social";"Educação";"Número de Matrículas em Creches por Dependência Administrativa";"Marajó";"Curralinho";"Estadual";"2021";0
"Social";"Educação";"Número de Matrículas em Creches por Dependência Administrativa";"Marajó";"Curralinho";"Estadual";"2022";0
"Social";"Educação";"Número de Matrículas em Creches por Dependência Administrativa";"Marajó";"Curralinho";"Estadual";"2023";0
"Social";"Educação";"Número de Matrículas em Creches por Dependência Administrativa";"Marajó";"Curralinho";"Estadual";"2024";0
"Social";"Educação";"Número de Matrículas em Creches por Dependência Administrativa";"Baixo Amazonas";"Curuá";"Estadual";"2019";0
"Social";"Educação";"Número de Matrículas em Creches por Dependência Administrativa";"Baixo Amazonas";"Curuá";"Estadual";"2020";0
"Social";"Educação";"Número de Matrículas em Creches por Dependência Administrativa";"Baixo Amazonas";"Curuá";"Estadual";"2021";0
"Social";"Educação";"Número de Matrículas em Creches por Dependência Administrativa";"Baixo Amazonas";"Curuá";"Estadual";"2022";0
"Social";"Educação";"Número de Matrículas em Creches por Dependência Administrativa";"Baixo Amazonas";"Curuá";"Estadual";"2023";0
"Social";"Educação";"Número de Matrículas em Creches por Dependência Administrativa";"Baixo Amazonas";"Curuá";"Estadual";"2024";0
"Social";"Educação";"Número de Matrículas em Creches por Dependência Administrativa";"Guamá";"Curuçá";"Estadual";"2019";0
"Social";"Educação";"Número de Matrículas em Creches por Dependência Administrativa";"Guamá";"Curuçá";"Estadual";"2020";0
"Social";"Educação";"Número de Matrículas em Creches por Dependência Administrativa";"Guamá";"Curuçá";"Estadual";"2021";0
"Social";"Educação";"Número de Matrículas em Creches por Dependência Administrativa";"Guamá";"Curuçá";"Estadual";"2022";0
"Social";"Educação";"Número de Matrículas em Creches por Dependência Administrativa";"Guamá";"Curuçá";"Estadual";"2023";0
"Social";"Educação";"Número de Matrículas em Creches por Dependência Administrativa";"Guamá";"Curuçá";"Estadual";"2024";0
"Social";"Educação";"Número de Matrículas em Creches por Dependência Administrativa";"Rio Capim";"Dom Eliseu";"Estadual";"2019";0
"Social";"Educação";"Número de Matrículas em Creches por Dependência Administrativa";"Rio Capim";"Dom Eliseu";"Estadual";"2020";0
"Social";"Educação";"Número de Matrículas em Creches por Dependência Administrativa";"Rio Capim";"Dom Eliseu";"Estadual";"2021";0
"Social";"Educação";"Número de Matrículas em Creches por Dependência Administrativa";"Rio Capim";"Dom Eliseu";"Estadual";"2022";0
"Social";"Educação";"Número de Matrículas em Creches por Dependência Administrativa";"Rio Capim";"Dom Eliseu";"Estadual";"2023";0
"Social";"Educação";"Número de Matrículas em Creches por Dependência Administrativa";"Rio Capim";"Dom Eliseu";"Estadual";"2024";0
"Social";"Educação";"Número de Matrículas em Creches por Dependência Administrativa";"Carajás";"Eldorado do Carajás";"Estadual";"2019";0
"Social";"Educação";"Número de Matrículas em Creches por Dependência Administrativa";"Carajás";"Eldorado do Carajás";"Estadual";"2020";0
"Social";"Educação";"Número de Matrículas em Creches por Dependência Administrativa";"Carajás";"Eldorado do Carajás";"Estadual";"2021";0
"Social";"Educação";"Número de Matrículas em Creches por Dependência Administrativa";"Carajás";"Eldorado do Carajás";"Estadual";"2022";0
"Social";"Educação";"Número de Matrículas em Creches por Dependência Administrativa";"Carajás";"Eldorado do Carajás";"Estadual";"2023";0
"Social";"Educação";"Número de Matrículas em Creches por Dependência Administrativa";"Carajás";"Eldorado do Carajás";"Estadual";"2024";0
"Social";"Educação";"Número de Matrículas em Creches por Dependência Administrativa";"Baixo Amazonas";"Faro";"Estadual";"2019";0
"Social";"Educação";"Número de Matrículas em Creches por Dependência Administrativa";"Baixo Amazonas";"Faro";"Estadual";"2020";0
"Social";"Educação";"Número de Matrículas em Creches por Dependência Administrativa";"Baixo Amazonas";"Faro";"Estadual";"2021";0
"Social";"Educação";"Número de Matrículas em Creches por Dependência Administrativa";"Baixo Amazonas";"Faro";"Estadual";"2022";0
"Social";"Educação";"Número de Matrículas em Creches por Dependência Administrativa";"Baixo Amazonas";"Faro";"Estadual";"2023";0
"Social";"Educação";"Número de Matrículas em Creches por Dependência Administrativa";"Baixo Amazonas";"Faro";"Estadual";"2024";0
"Social";"Educação";"Número de Matrículas em Creches por Dependência Administrativa";"Araguaia";"Floresta do Araguaia";"Estadual";"2019";0
"Social";"Educação";"Número de Matrículas em Creches por Dependência Administrativa";"Araguaia";"Floresta do Araguaia";"Estadual";"2020";0
"Social";"Educação";"Número de Matrículas em Creches por Dependência Administrativa";"Araguaia";"Floresta do Araguaia";"Estadual";"2021";0
"Social";"Educação";"Número de Matrículas em Creches por Dependência Administrativa";"Araguaia";"Floresta do Araguaia";"Estadual";"2022";0
"Social";"Educação";"Número de Matrículas em Creches por Dependência Administrativa";"Araguaia";"Floresta do Araguaia";"Estadual";"2023";0
"Social";"Educação";"Número de Matrículas em Creches por Dependência Administrativa";"Araguaia";"Floresta do Araguaia";"Estadual";"2024";0
"Social";"Educação";"Número de Matrículas em Creches por Dependência Administrativa";"Rio Capim";"Garrafão do Norte";"Estadual";"2019";0
"Social";"Educação";"Número de Matrículas em Creches por Dependência Administrativa";"Rio Capim";"Garrafão do Norte";"Estadual";"2020";0
"Social";"Educação";"Número de Matrículas em Creches por Dependência Administrativa";"Rio Capim";"Garrafão do Norte";"Estadual";"2021";0
"Social";"Educação";"Número de Matrículas em Creches por Dependência Administrativa";"Rio Capim";"Garrafão do Norte";"Estadual";"2022";0
"Social";"Educação";"Número de Matrículas em Creches por Dependência Administrativa";"Rio Capim";"Garrafão do Norte";"Estadual";"2023";0
"Social";"Educação";"Número de Matrículas em Creches por Dependência Administrativa";"Rio Capim";"Garrafão do Norte";"Estadual";"2024";0
"Social";"Educação";"Número de Matrículas em Creches por Dependência Administrativa";"Lago de Tucuruí";"Goianésia do Pará";"Estadual";"2019";0
"Social";"Educação";"Número de Matrículas em Creches por Dependência Administrativa";"Lago de Tucuruí";"Goianésia do Pará";"Estadual";"2020";0
"Social";"Educação";"Número de Matrículas em Creches por Dependência Administrativa";"Lago de Tucuruí";"Goianésia do Pará";"Estadual";"2021";0
"Social";"Educação";"Número de Matrículas em Creches por Dependência Administrativa";"Lago de Tucuruí";"Goianésia do Pará";"Estadual";"2022";0
"Social";"Educação";"Número de Matrículas em Creches por Dependência Administrativa";"Lago de Tucuruí";"Goianésia do Pará";"Estadual";"2023";0
"Social";"Educação";"Número de Matrículas em Creches por Dependência Administrativa";"Lago de Tucuruí";"Goianésia do Pará";"Estadual";"2024";0
"Social";"Educação";"Número de Matrículas em Creches por Dependência Administrativa";"Marajó";"Gurupá";"Estadual";"2019";0
"Social";"Educação";"Número de Matrículas em Creches por Dependência Administrativa";"Marajó";"Gurupá";"Estadual";"2020";0
"Social";"Educação";"Número de Matrículas em Creches por Dependência Administrativa";"Marajó";"Gurupá";"Estadual";"2021";0
"Social";"Educação";"Número de Matrículas em Creches por Dependência Administrativa";"Marajó";"Gurupá";"Estadual";"2022";0
"Social";"Educação";"Número de Matrículas em Creches por Dependência Administrativa";"Marajó";"Gurupá";"Estadual";"2023";0
"Social";"Educação";"Número de Matrículas em Creches por Dependência Administrativa";"Marajó";"Gurupá";"Estadual";"2024";0
"Social";"Educação";"Número de Matrículas em Creches por Dependência Administrativa";"Guamá";"Igarapé-Açu";"Estadual";"2019";0
"Social";"Educação";"Número de Matrículas em Creches por Dependência Administrativa";"Guamá";"Igarapé-Açu";"Estadual";"2020";0
"Social";"Educação";"Número de Matrículas em Creches por Dependência Administrativa";"Guamá";"Igarapé-Açu";"Estadual";"2021";0
"Social";"Educação";"Número de Matrículas em Creches por Dependência Administrativa";"Guamá";"Igarapé-Açu";"Estadual";"2022";0
"Social";"Educação";"Número de Matrículas em Creches por Dependência Administrativa";"Guamá";"Igarapé-Açu";"Estadual";"2023";0
"Social";"Educação";"Número de Matrículas em Creches por Dependência Administrativa";"Guamá";"Igarapé-Açu";"Estadual";"2024";0
"Social";"Educação";"Número de Matrículas em Creches por Dependência Administrativa";"Tocantins";"Igarapé-Miri";"Estadual";"2019";0
"Social";"Educação";"Número de Matrículas em Creches por Dependência Administrativa";"Tocantins";"Igarapé-Miri";"Estadual";"2020";0
"Social";"Educação";"Número de Matrículas em Creches por Dependência Administrativa";"Tocantins";"Igarapé-Miri";"Estadual";"2021";0
"Social";"Educação";"Número de Matrículas em Creches por Dependência Administrativa";"Tocantins";"Igarapé-Miri";"Estadual";"2022";0
"Social";"Educação";"Número de Matrículas em Creches por Dependência Administrativa";"Tocantins";"Igarapé-Miri";"Estadual";"2023";0
"Social";"Educação";"Número de Matrículas em Creches por Dependência Administrativa";"Tocantins";"Igarapé-Miri";"Estadual";"2024";0
"Social";"Educação";"Número de Matrículas em Creches por Dependência Administrativa";"Guamá";"Inhangapi";"Estadual";"2019";0
"Social";"Educação";"Número de Matrículas em Creches por Dependência Administrativa";"Guamá";"Inhangapi";"Estadual";"2020";0
"Social";"Educação";"Número de Matrículas em Creches por Dependência Administrativa";"Guamá";"Inhangapi";"Estadual";"2021";0
"Social";"Educação";"Número de Matrículas em Creches por Dependência Administrativa";"Guamá";"Inhangapi";"Estadual";"2022";0
"Social";"Educação";"Número de Matrículas em Creches por Dependência Administrativa";"Guamá";"Inhangapi";"Estadual";"2023";0
"Social";"Educação";"Número de Matrículas em Creches por Dependência Administrativa";"Guamá";"Inhangapi";"Estadual";"2024";0
"Social";"Educação";"Número de Matrículas em Creches por Dependência Administrativa";"Rio Capim";"Ipixuna do Pará";"Estadual";"2019";0
"Social";"Educação";"Número de Matrículas em Creches por Dependência Administrativa";"Rio Capim";"Ipixuna do Pará";"Estadual";"2020";0
"Social";"Educação";"Número de Matrículas em Creches por Dependência Administrativa";"Rio Capim";"Ipixuna do Pará";"Estadual";"2021";0
"Social";"Educação";"Número de Matrículas em Creches por Dependência Administrativa";"Rio Capim";"Ipixuna do Pará";"Estadual";"2022";0
"Social";"Educação";"Número de Matrículas em Creches por Dependência Administrativa";"Rio Capim";"Ipixuna do Pará";"Estadual";"2023";0
"Social";"Educação";"Número de Matrículas em Creches por Dependência Administrativa";"Rio Capim";"Ipixuna do Pará";"Estadual";"2024";0
"Social";"Educação";"Número de Matrículas em Creches por Dependência Administrativa";"Rio Capim";"Irituia";"Estadual";"2019";0
"Social";"Educação";"Número de Matrículas em Creches por Dependência Administrativa";"Rio Capim";"Irituia";"Estadual";"2020";0
"Social";"Educação";"Número de Matrículas em Creches por Dependência Administrativa";"Rio Capim";"Irituia";"Estadual";"2021";0
"Social";"Educação";"Número de Matrículas em Creches por Dependência Administrativa";"Rio Capim";"Irituia";"Estadual";"2022";0
"Social";"Educação";"Número de Matrículas em Creches por Dependência Administrativa";"Rio Capim";"Irituia";"Estadual";"2023";0
"Social";"Educação";"Número de Matrículas em Creches por Dependência Administrativa";"Rio Capim";"Irituia";"Estadual";"2024";0
"Social";"Educação";"Número de Matrículas em Creches por Dependência Administrativa";"Tapajós";"Itaituba";"Estadual";"2019";0
"Social";"Educação";"Número de Matrículas em Creches por Dependência Administrativa";"Tapajós";"Itaituba";"Estadual";"2020";0
"Social";"Educação";"Número de Matrículas em Creches por Dependência Administrativa";"Tapajós";"Itaituba";"Estadual";"2021";0
"Social";"Educação";"Número de Matrículas em Creches por Dependência Administrativa";"Tapajós";"Itaituba";"Estadual";"2022";0
"Social";"Educação";"Número de Matrículas em Creches por Dependência Administrativa";"Tapajós";"Itaituba";"Estadual";"2023";0
"Social";"Educação";"Número de Matrículas em Creches por Dependência Administrativa";"Tapajós";"Itaituba";"Estadual";"2024";0
"Social";"Educação";"Número de Matrículas em Creches por Dependência Administrativa";"Lago de Tucuruí";"Itupiranga";"Estadual";"2019";0
"Social";"Educação";"Número de Matrículas em Creches por Dependência Administrativa";"Lago de Tucuruí";"Itupiranga";"Estadual";"2020";0
"Social";"Educação";"Número de Matrículas em Creches por Dependência Administrativa";"Lago de Tucuruí";"Itupiranga";"Estadual";"2021";0
"Social";"Educação";"Número de Matrículas em Creches por Dependência Administrativa";"Lago de Tucuruí";"Itupiranga";"Estadual";"2022";0
"Social";"Educação";"Número de Matrículas em Creches por Dependência Administrativa";"Lago de Tucuruí";"Itupiranga";"Estadual";"2023";0
"Social";"Educação";"Número de Matrículas em Creches por Dependência Administrativa";"Lago de Tucuruí";"Itupiranga";"Estadual";"2024";0
"Social";"Educação";"Número de Matrículas em Creches por Dependência Administrativa";"Tapajós";"Jacareacanga";"Estadual";"2019";0
"Social";"Educação";"Número de Matrículas em Creches por Dependência Administrativa";"Tapajós";"Jacareacanga";"Estadual";"2020";0
"Social";"Educação";"Número de Matrículas em Creches por Dependência Administrativa";"Tapajós";"Jacareacanga";"Estadual";"2021";0
"Social";"Educação";"Número de Matrículas em Creches por Dependência Administrativa";"Tapajós";"Jacareacanga";"Estadual";"2022";0
"Social";"Educação";"Número de Matrículas em Creches por Dependência Administrativa";"Tapajós";"Jacareacanga";"Estadual";"2023";0
"Social";"Educação";"Número de Matrículas em Creches por Dependência Administrativa";"Tapajós";"Jacareacanga";"Estadual";"2024";0
"Social";"Educação";"Número de Matrículas em Creches por Dependência Administrativa";"Lago de Tucuruí";"Jacundá";"Estadual";"2019";0
"Social";"Educação";"Número de Matrículas em Creches por Dependência Administrativa";"Lago de Tucuruí";"Jacundá";"Estadual";"2020";0
"Social";"Educação";"Número de Matrículas em Creches por Dependência Administrativa";"Lago de Tucuruí";"Jacundá";"Estadual";"2021";0
"Social";"Educação";"Número de Matrículas em Creches por Dependência Administrativa";"Lago de Tucuruí";"Jacundá";"Estadual";"2022";0
"Social";"Educação";"Número de Matrículas em Creches por Dependência Administrativa";"Lago de Tucuruí";"Jacundá";"Estadual";"2023";0
"Social";"Educação";"Número de Matrículas em Creches por Dependência Administrativa";"Lago de Tucuruí";"Jacundá";"Estadual";"2024";0
"Social";"Educação";"Número de Matrículas em Creches por Dependência Administrativa";"Baixo Amazonas";"Juruti";"Estadual";"2019";0
"Social";"Educação";"Número de Matrículas em Creches por Dependência Administrativa";"Baixo Amazonas";"Juruti";"Estadual";"2020";0
"Social";"Educação";"Número de Matrículas em Creches por Dependência Administrativa";"Baixo Amazonas";"Juruti";"Estadual";"2021";0
"Social";"Educação";"Número de Matrículas em Creches por Dependência Administrativa";"Baixo Amazonas";"Juruti";"Estadual";"2022";0
"Social";"Educação";"Número de Matrículas em Creches por Dependência Administrativa";"Baixo Amazonas";"Juruti";"Estadual";"2023";0
"Social";"Educação";"Número de Matrículas em Creches por Dependência Administrativa";"Baixo Amazonas";"Juruti";"Estadual";"2024";0
"Social";"Educação";"Número de Matrículas em Creches por Dependência Administrativa";"Tocantins";"Limoeiro do Ajuru";"Estadual";"2019";0
"Social";"Educação";"Número de Matrículas em Creches por Dependência Administrativa";"Tocantins";"Limoeiro do Ajuru";"Estadual";"2020";0
"Social";"Educação";"Número de Matrículas em Creches por Dependência Administrativa";"Tocantins";"Limoeiro do Ajuru";"Estadual";"2021";0
"Social";"Educação";"Número de Matrículas em Creches por Dependência Administrativa";"Tocantins";"Limoeiro do Ajuru";"Estadual";"2022";0
"Social";"Educação";"Número de Matrículas em Creches por Dependência Administrativa";"Tocantins";"Limoeiro do Ajuru";"Estadual";"2023";0
"Social";"Educação";"Número de Matrículas em Creches por Dependência Administrativa";"Tocantins";"Limoeiro do Ajuru";"Estadual";"2024";0
"Social";"Educação";"Número de Matrículas em Creches por Dependência Administrativa";"Rio Capim";"Mãe do Rio";"Estadual";"2019";0
"Social";"Educação";"Número de Matrículas em Creches por Dependência Administrativa";"Rio Capim";"Mãe do Rio";"Estadual";"2020";0
"Social";"Educação";"Número de Matrículas em Creches por Dependência Administrativa";"Rio Capim";"Mãe do Rio";"Estadual";"2021";0
"Social";"Educação";"Número de Matrículas em Creches por Dependência Administrativa";"Rio Capim";"Mãe do Rio";"Estadual";"2022";0
"Social";"Educação";"Número de Matrículas em Creches por Dependência Administrativa";"Rio Capim";"Mãe do Rio";"Estadual";"2023";0
"Social";"Educação";"Número de Matrículas em Creches por Dependência Administrativa";"Rio Capim";"Mãe do Rio";"Estadual";"2024";0
"Social";"Educação";"Número de Matrículas em Creches por Dependência Administrativa";"Guamá";"Magalhães Barata";"Estadual";"2019";0
"Social";"Educação";"Número de Matrículas em Creches por Dependência Administrativa";"Guamá";"Magalhães Barata";"Estadual";"2020";0
"Social";"Educação";"Número de Matrículas em Creches por Dependência Administrativa";"Guamá";"Magalhães Barata";"Estadual";"2021";0
"Social";"Educação";"Número de Matrículas em Creches por Dependência Administrativa";"Guamá";"Magalhães Barata";"Estadual";"2022";0
"Social";"Educação";"Número de Matrículas em Creches por Dependência Administrativa";"Guamá";"Magalhães Barata";"Estadual";"2023";0
"Social";"Educação";"Número de Matrículas em Creches por Dependência Administrativa";"Guamá";"Magalhães Barata";"Estadual";"2024";0
"Social";"Educação";"Número de Matrículas em Creches por Dependência Administrativa";"Carajás";"Marabá";"Estadual";"2019";0
"Social";"Educação";"Número de Matrículas em Creches por Dependência Administrativa";"Carajás";"Marabá";"Estadual";"2020";0
"Social";"Educação";"Número de Matrículas em Creches por Dependência Administrativa";"Carajás";"Marabá";"Estadual";"2021";0
"Social";"Educação";"Número de Matrículas em Creches por Dependência Administrativa";"Carajás";"Marabá";"Estadual";"2022";0
"Social";"Educação";"Número de Matrículas em Creches por Dependência Administrativa";"Carajás";"Marabá";"Estadual";"2023";0
"Social";"Educação";"Número de Matrículas em Creches por Dependência Administrativa";"Carajás";"Marabá";"Estadual";"2024";0
"Social";"Educação";"Número de Matrículas em Creches por Dependência Administrativa";"Guamá";"Maracanã";"Estadual";"2019";0
"Social";"Educação";"Número de Matrículas em Creches por Dependência Administrativa";"Guamá";"Maracanã";"Estadual";"2020";0
"Social";"Educação";"Número de Matrículas em Creches por Dependência Administrativa";"Guamá";"Maracanã";"Estadual";"2021";0
"Social";"Educação";"Número de Matrículas em Creches por Dependência Administrativa";"Guamá";"Maracanã";"Estadual";"2022";0
"Social";"Educação";"Número de Matrículas em Creches por Dependência Administrativa";"Guamá";"Maracanã";"Estadual";"2023";0
"Social";"Educação";"Número de Matrículas em Creches por Dependência Administrativa";"Guamá";"Maracanã";"Estadual";"2024";0
"Social";"Educação";"Número de Matrículas em Creches por Dependência Administrativa";"Guamá";"Marapanim";"Estadual";"2019";0
"Social";"Educação";"Número de Matrículas em Creches por Dependência Administrativa";"Guamá";"Marapanim";"Estadual";"2020";0
"Social";"Educação";"Número de Matrículas em Creches por Dependência Administrativa";"Guamá";"Marapanim";"Estadual";"2021";0
"Social";"Educação";"Número de Matrículas em Creches por Dependência Administrativa";"Guamá";"Marapanim";"Estadual";"2022";0
"Social";"Educação";"Número de Matrículas em Creches por Dependência Administrativa";"Guamá";"Marapanim";"Estadual";"2023";0
"Social";"Educação";"Número de Matrículas em Creches por Dependência Administrativa";"Guamá";"Marapanim";"Estadual";"2024";0
"Social";"Educação";"Número de Matrículas em Creches por Dependência Administrativa";"Guajará";"Marituba";"Estadual";"2019";0
"Social";"Educação";"Número de Matrículas em Creches por Dependência Administrativa";"Guajará";"Marituba";"Estadual";"2020";0
"Social";"Educação";"Número de Matrículas em Creches por Dependência Administrativa";"Guajará";"Marituba";"Estadual";"2021";0
"Social";"Educação";"Número de Matrículas em Creches por Dependência Administrativa";"Guajará";"Marituba";"Estadual";"2022";0
"Social";"Educação";"Número de Matrículas em Creches por Dependência Administrativa";"Guajará";"Marituba";"Estadual";"2023";0
"Social";"Educação";"Número de Matrículas em Creches por Dependência Administrativa";"Guajará";"Marituba";"Estadual";"2024";0
"Social";"Educação";"Número de Matrículas em Creches por Dependência Administrativa";"Xingu";"Medicilândia";"Estadual";"2019";0
"Social";"Educação";"Número de Matrículas em Creches por Dependência Administrativa";"Xingu";"Medicilândia";"Estadual";"2020";0
"Social";"Educação";"Número de Matrículas em Creches por Dependência Administrativa";"Xingu";"Medicilândia";"Estadual";"2021";0
"Social";"Educação";"Número de Matrículas em Creches por Dependência Administrativa";"Xingu";"Medicilândia";"Estadual";"2022";0
"Social";"Educação";"Número de Matrículas em Creches por Dependência Administrativa";"Xingu";"Medicilândia";"Estadual";"2023";0
"Social";"Educação";"Número de Matrículas em Creches por Dependência Administrativa";"Xingu";"Medicilândia";"Estadual";"2024";0
"Social";"Educação";"Número de Matrículas em Creches por Dependência Administrativa";"Marajó";"Melgaço";"Estadual";"2019";0
"Social";"Educação";"Número de Matrículas em Creches por Dependência Administrativa";"Marajó";"Melgaço";"Estadual";"2020";0
"Social";"Educação";"Número de Matrículas em Creches por Dependência Administrativa";"Marajó";"Melgaço";"Estadual";"2021";0
"Social";"Educação";"Número de Matrículas em Creches por Dependência Administrativa";"Marajó";"Melgaço";"Estadual";"2022";0
"Social";"Educação";"Número de Matrículas em Creches por Dependência Administrativa";"Marajó";"Melgaço";"Estadual";"2023";0
"Social";"Educação";"Número de Matrículas em Creches por Dependência Administrativa";"Marajó";"Melgaço";"Estadual";"2024";0
"Social";"Educação";"Número de Matrículas em Creches por Dependência Administrativa";"Tocantins";"Mocajuba";"Estadual";"2019";0
"Social";"Educação";"Número de Matrículas em Creches por Dependência Administrativa";"Tocantins";"Mocajuba";"Estadual";"2020";0
"Social";"Educação";"Número de Matrículas em Creches por Dependência Administrativa";"Tocantins";"Mocajuba";"Estadual";"2021";0
"Social";"Educação";"Número de Matrículas em Creches por Dependência Administrativa";"Tocantins";"Mocajuba";"Estadual";"2022";0
"Social";"Educação";"Número de Matrículas em Creches por Dependência Administrativa";"Tocantins";"Mocajuba";"Estadual";"2023";0
"Social";"Educação";"Número de Matrículas em Creches por Dependência Administrativa";"Tocantins";"Mocajuba";"Estadual";"2024";0
"Social";"Educação";"Número de Matrículas em Creches por Dependência Administrativa";"Tocantins";"Moju";"Estadual";"2019";0
"Social";"Educação";"Número de Matrículas em Creches por Dependência Administrativa";"Tocantins";"Moju";"Estadual";"2020";0
"Social";"Educação";"Número de Matrículas em Creches por Dependência Administrativa";"Tocantins";"Moju";"Estadual";"2021";0
"Social";"Educação";"Número de Matrículas em Creches por Dependência Administrativa";"Tocantins";"Moju";"Estadual";"2022";0
"Social";"Educação";"Número de Matrículas em Creches por Dependência Administrativa";"Tocantins";"Moju";"Estadual";"2023";0
"Social";"Educação";"Número de Matrículas em Creches por Dependência Administrativa";"Tocantins";"Moju";"Estadual";"2024";0
"Social";"Educação";"Número de Matrículas em Creches por Dependência Administrativa";"Baixo Amazonas";"Mojuí dos campos";"Estadual";"2019";0
"Social";"Educação";"Número de Matrículas em Creches por Dependência Administrativa";"Baixo Amazonas";"Mojuí dos campos";"Estadual";"2020";0
"Social";"Educação";"Número de Matrículas em Creches por Dependência Administrativa";"Baixo Amazonas";"Mojuí dos campos";"Estadual";"2021";0
"Social";"Educação";"Número de Matrículas em Creches por Dependência Administrativa";"Baixo Amazonas";"Mojuí dos campos";"Estadual";"2022";0
"Social";"Educação";"Número de Matrículas em Creches por Dependência Administrativa";"Baixo Amazonas";"Mojuí dos campos";"Estadual";"2023";0
"Social";"Educação";"Número de Matrículas em Creches por Dependência Administrativa";"Baixo Amazonas";"Mojuí dos campos";"Estadual";"2024";0
"Social";"Educação";"Número de Matrículas em Creches por Dependência Administrativa";"Baixo Amazonas";"Monte Alegre";"Estadual";"2019";0
"Social";"Educação";"Número de Matrículas em Creches por Dependência Administrativa";"Baixo Amazonas";"Monte Alegre";"Estadual";"2020";0
"Social";"Educação";"Número de Matrículas em Creches por Dependência Administrativa";"Baixo Amazonas";"Monte Alegre";"Estadual";"2021";0
"Social";"Educação";"Número de Matrículas em Creches por Dependência Administrativa";"Baixo Amazonas";"Monte Alegre";"Estadual";"2022";0
"Social";"Educação";"Número de Matrículas em Creches por Dependência Administrativa";"Baixo Amazonas";"Monte Alegre";"Estadual";"2023";0
"Social";"Educação";"Número de Matrículas em Creches por Dependência Administrativa";"Baixo Amazonas";"Monte Alegre";"Estadual";"2024";0
"Social";"Educação";"Número de Matrículas em Creches por Dependência Administrativa";"Marajó";"Muaná";"Estadual";"2019";0
"Social";"Educação";"Número de Matrículas em Creches por Dependência Administrativa";"Marajó";"Muaná";"Estadual";"2020";0
"Social";"Educação";"Número de Matrículas em Creches por Dependência Administrativa";"Marajó";"Muaná";"Estadual";"2021";0
"Social";"Educação";"Número de Matrículas em Creches por Dependência Administrativa";"Marajó";"Muaná";"Estadual";"2022";0
"Social";"Educação";"Número de Matrículas em Creches por Dependência Administrativa";"Marajó";"Muaná";"Estadual";"2023";0
"Social";"Educação";"Número de Matrículas em Creches por Dependência Administrativa";"Marajó";"Muaná";"Estadual";"2024";0
"Social";"Educação";"Número de Matrículas em Creches por Dependência Administrativa";"Rio Capim";"Nova Esperança do Piriá";"Estadual";"2019";0
"Social";"Educação";"Número de Matrículas em Creches por Dependência Administrativa";"Rio Capim";"Nova Esperança do Piriá";"Estadual";"2020";0
"Social";"Educação";"Número de Matrículas em Creches por Dependência Administrativa";"Rio Capim";"Nova Esperança do Piriá";"Estadual";"2021";0
"Social";"Educação";"Número de Matrículas em Creches por Dependência Administrativa";"Rio Capim";"Nova Esperança do Piriá";"Estadual";"2022";0
"Social";"Educação";"Número de Matrículas em Creches por Dependência Administrativa";"Rio Capim";"Nova Esperança do Piriá";"Estadual";"2023";0
"Social";"Educação";"Número de Matrículas em Creches por Dependência Administrativa";"Rio Capim";"Nova Esperança do Piriá";"Estadual";"2024";0
"Social";"Educação";"Número de Matrículas em Creches por Dependência Administrativa";"Lago de Tucuruí";"Nova Ipixuna";"Estadual";"2019";0
"Social";"Educação";"Número de Matrículas em Creches por Dependência Administrativa";"Lago de Tucuruí";"Nova Ipixuna";"Estadual";"2020";0
"Social";"Educação";"Número de Matrículas em Creches por Dependência Administrativa";"Lago de Tucuruí";"Nova Ipixuna";"Estadual";"2021";0
"Social";"Educação";"Número de Matrículas em Creches por Dependência Administrativa";"Lago de Tucuruí";"Nova Ipixuna";"Estadual";"2022";0
"Social";"Educação";"Número de Matrículas em Creches por Dependência Administrativa";"Lago de Tucuruí";"Nova Ipixuna";"Estadual";"2023";0
"Social";"Educação";"Número de Matrículas em Creches por Dependência Administrativa";"Lago de Tucuruí";"Nova Ipixuna";"Estadual";"2024";0
"Social";"Educação";"Número de Matrículas em Creches por Dependência Administrativa";"Rio Caeté";"Nova Timboteua";"Estadual";"2019";0
"Social";"Educação";"Número de Matrículas em Creches por Dependência Administrativa";"Rio Caeté";"Nova Timboteua";"Estadual";"2020";0
"Social";"Educação";"Número de Matrículas em Creches por Dependência Administrativa";"Rio Caeté";"Nova Timboteua";"Estadual";"2021";0
"Social";"Educação";"Número de Matrículas em Creches por Dependência Administrativa";"Rio Caeté";"Nova Timboteua";"Estadual";"2022";0
"Social";"Educação";"Número de Matrículas em Creches por Dependência Administrativa";"Rio Caeté";"Nova Timboteua";"Estadual";"2023";0
"Social";"Educação";"Número de Matrículas em Creches por Dependência Administrativa";"Rio Caeté";"Nova Timboteua";"Estadual";"2024";0
"Social";"Educação";"Número de Matrículas em Creches por Dependência Administrativa";"Tapajós";"Novo Progresso";"Estadual";"2019";0
"Social";"Educação";"Número de Matrículas em Creches por Dependência Administrativa";"Tapajós";"Novo Progresso";"Estadual";"2020";0
"Social";"Educação";"Número de Matrículas em Creches por Dependência Administrativa";"Tapajós";"Novo Progresso";"Estadual";"2021";0
"Social";"Educação";"Número de Matrículas em Creches por Dependência Administrativa";"Tapajós";"Novo Progresso";"Estadual";"2022";0
"Social";"Educação";"Número de Matrículas em Creches por Dependência Administrativa";"Tapajós";"Novo Progresso";"Estadual";"2023";0
"Social";"Educação";"Número de Matrículas em Creches por Dependência Administrativa";"Tapajós";"Novo Progresso";"Estadual";"2024";0
"Social";"Educação";"Número de Matrículas em Creches por Dependência Administrativa";"Lago de Tucuruí";"Novo Repartimento";"Estadual";"2019";0
"Social";"Educação";"Número de Matrículas em Creches por Dependência Administrativa";"Lago de Tucuruí";"Novo Repartimento";"Estadual";"2020";0
"Social";"Educação";"Número de Matrículas em Creches por Dependência Administrativa";"Lago de Tucuruí";"Novo Repartimento";"Estadual";"2021";0
"Social";"Educação";"Número de Matrículas em Creches por Dependência Administrativa";"Lago de Tucuruí";"Novo Repartimento";"Estadual";"2022";0
"Social";"Educação";"Número de Matrículas em Creches por Dependência Administrativa";"Lago de Tucuruí";"Novo Repartimento";"Estadual";"2023";0
"Social";"Educação";"Número de Matrículas em Creches por Dependência Administrativa";"Lago de Tucuruí";"Novo Repartimento";"Estadual";"2024";0
"Social";"Educação";"Número de Matrículas em Creches por Dependência Administrativa";"Baixo Amazonas";"Óbidos";"Estadual";"2019";0
"Social";"Educação";"Número de Matrículas em Creches por Dependência Administrativa";"Baixo Amazonas";"Óbidos";"Estadual";"2020";0
"Social";"Educação";"Número de Matrículas em Creches por Dependência Administrativa";"Baixo Amazonas";"Óbidos";"Estadual";"2021";0
"Social";"Educação";"Número de Matrículas em Creches por Dependência Administrativa";"Baixo Amazonas";"Óbidos";"Estadual";"2022";0
"Social";"Educação";"Número de Matrículas em Creches por Dependência Administrativa";"Baixo Amazonas";"Óbidos";"Estadual";"2023";0
"Social";"Educação";"Número de Matrículas em Creches por Dependência Administrativa";"Baixo Amazonas";"Óbidos";"Estadual";"2024";0
"Social";"Educação";"Número de Matrículas em Creches por Dependência Administrativa";"Marajó";"Oeiras do Pará";"Estadual";"2019";0
"Social";"Educação";"Número de Matrículas em Creches por Dependência Administrativa";"Marajó";"Oeiras do Pará";"Estadual";"2020";0
"Social";"Educação";"Número de Matrículas em Creches por Dependência Administrativa";"Marajó";"Oeiras do Pará";"Estadual";"2021";0
"Social";"Educação";"Número de Matrículas em Creches por Dependência Administrativa";"Marajó";"Oeiras do Pará";"Estadual";"2022";0
"Social";"Educação";"Número de Matrículas em Creches por Dependência Administrativa";"Marajó";"Oeiras do Pará";"Estadual";"2023";0
"Social";"Educação";"Número de Matrículas em Creches por Dependência Administrativa";"Marajó";"Oeiras do Pará";"Estadual";"2024";0
"Social";"Educação";"Número de Matrículas em Creches por Dependência Administrativa";"Baixo Amazonas";"Oriximiná";"Estadual";"2019";0
"Social";"Educação";"Número de Matrículas em Creches por Dependência Administrativa";"Baixo Amazonas";"Oriximiná";"Estadual";"2020";0
"Social";"Educação";"Número de Matrículas em Creches por Dependência Administrativa";"Baixo Amazonas";"Oriximiná";"Estadual";"2021";0
"Social";"Educação";"Número de Matrículas em Creches por Dependência Administrativa";"Baixo Amazonas";"Oriximiná";"Estadual";"2022";0
"Social";"Educação";"Número de Matrículas em Creches por Dependência Administrativa";"Baixo Amazonas";"Oriximiná";"Estadual";"2023";0
"Social";"Educação";"Número de Matrículas em Creches por Dependência Administrativa";"Baixo Amazonas";"Oriximiná";"Estadual";"2024";0
"Social";"Educação";"Número de Matrículas em Creches por Dependência Administrativa";"Rio Capim";"Ourém";"Estadual";"2019";0
"Social";"Educação";"Número de Matrículas em Creches por Dependência Administrativa";"Rio Capim";"Ourém";"Estadual";"2020";0
"Social";"Educação";"Número de Matrículas em Creches por Dependência Administrativa";"Rio Capim";"Ourém";"Estadual";"2021";0
"Social";"Educação";"Número de Matrículas em Creches por Dependência Administrativa";"Rio Capim";"Ourém";"Estadual";"2022";0
"Social";"Educação";"Número de Matrículas em Creches por Dependência Administrativa";"Rio Capim";"Ourém";"Estadual";"2023";0
"Social";"Educação";"Número de Matrículas em Creches por Dependência Administrativa";"Rio Capim";"Ourém";"Estadual";"2024";0
"Social";"Educação";"Número de Matrículas em Creches por Dependência Administrativa";"Araguaia";"Ourilândia do Norte";"Estadual";"2019";0
"Social";"Educação";"Número de Matrículas em Creches por Dependência Administrativa";"Araguaia";"Ourilândia do Norte";"Estadual";"2020";0
"Social";"Educação";"Número de Matrículas em Creches por Dependência Administrativa";"Araguaia";"Ourilândia do Norte";"Estadual";"2021";0
"Social";"Educação";"Número de Matrículas em Creches por Dependência Administrativa";"Araguaia";"Ourilândia do Norte";"Estadual";"2022";0
"Social";"Educação";"Número de Matrículas em Creches por Dependência Administrativa";"Araguaia";"Ourilândia do Norte";"Estadual";"2023";0
"Social";"Educação";"Número de Matrículas em Creches por Dependência Administrativa";"Araguaia";"Ourilândia do Norte";"Estadual";"2024";0
"Social";"Educação";"Número de Matrículas em Creches por Dependência Administrativa";"Xingu";"Pacajá";"Estadual";"2019";0
"Social";"Educação";"Número de Matrículas em Creches por Dependência Administrativa";"Xingu";"Pacajá";"Estadual";"2020";0
"Social";"Educação";"Número de Matrículas em Creches por Dependência Administrativa";"Xingu";"Pacajá";"Estadual";"2021";0
"Social";"Educação";"Número de Matrículas em Creches por Dependência Administrativa";"Xingu";"Pacajá";"Estadual";"2022";0
"Social";"Educação";"Número de Matrículas em Creches por Dependência Administrativa";"Xingu";"Pacajá";"Estadual";"2023";0
"Social";"Educação";"Número de Matrículas em Creches por Dependência Administrativa";"Xingu";"Pacajá";"Estadual";"2024";0
"Social";"Educação";"Número de Matrículas em Creches por Dependência Administrativa";"Carajás";"Palestina do Pará";"Estadual";"2019";0
"Social";"Educação";"Número de Matrículas em Creches por Dependência Administrativa";"Carajás";"Palestina do Pará";"Estadual";"2020";0
"Social";"Educação";"Número de Matrículas em Creches por Dependência Administrativa";"Carajás";"Palestina do Pará";"Estadual";"2021";0
"Social";"Educação";"Número de Matrículas em Creches por Dependência Administrativa";"Carajás";"Palestina do Pará";"Estadual";"2022";0
"Social";"Educação";"Número de Matrículas em Creches por Dependência Administrativa";"Carajás";"Palestina do Pará";"Estadual";"2023";0
"Social";"Educação";"Número de Matrículas em Creches por Dependência Administrativa";"Carajás";"Palestina do Pará";"Estadual";"2024";0
"Social";"Educação";"Número de Matrículas em Creches por Dependência Administrativa";"Rio Capim";"Paragominas";"Estadual";"2019";0
"Social";"Educação";"Número de Matrículas em Creches por Dependência Administrativa";"Rio Capim";"Paragominas";"Estadual";"2020";0
"Social";"Educação";"Número de Matrículas em Creches por Dependência Administrativa";"Rio Capim";"Paragominas";"Estadual";"2021";0
"Social";"Educação";"Número de Matrículas em Creches por Dependência Administrativa";"Rio Capim";"Paragominas";"Estadual";"2022";0
"Social";"Educação";"Número de Matrículas em Creches por Dependência Administrativa";"Rio Capim";"Paragominas";"Estadual";"2023";0
"Social";"Educação";"Número de Matrículas em Creches por Dependência Administrativa";"Rio Capim";"Paragominas";"Estadual";"2024";0
"Social";"Educação";"Número de Matrículas em Creches por Dependência Administrativa";"Carajás";"Parauapebas";"Estadual";"2019";0
"Social";"Educação";"Número de Matrículas em Creches por Dependência Administrativa";"Carajás";"Parauapebas";"Estadual";"2020";0
"Social";"Educação";"Número de Matrículas em Creches por Dependência Administrativa";"Carajás";"Parauapebas";"Estadual";"2021";0
"Social";"Educação";"Número de Matrículas em Creches por Dependência Administrativa";"Carajás";"Parauapebas";"Estadual";"2022";0
"Social";"Educação";"Número de Matrículas em Creches por Dependência Administrativa";"Carajás";"Parauapebas";"Estadual";"2023";0
"Social";"Educação";"Número de Matrículas em Creches por Dependência Administrativa";"Carajás";"Parauapebas";"Estadual";"2024";0
"Social";"Educação";"Número de Matrículas em Creches por Dependência Administrativa";"Araguaia";"Pau D'Arco";"Estadual";"2019";0
"Social";"Educação";"Número de Matrículas em Creches por Dependência Administrativa";"Araguaia";"Pau D'Arco";"Estadual";"2020";0
"Social";"Educação";"Número de Matrículas em Creches por Dependência Administrativa";"Araguaia";"Pau D'Arco";"Estadual";"2021";0
"Social";"Educação";"Número de Matrículas em Creches por Dependência Administrativa";"Araguaia";"Pau D'Arco";"Estadual";"2022";0
"Social";"Educação";"Número de Matrículas em Creches por Dependência Administrativa";"Araguaia";"Pau D'Arco";"Estadual";"2023";0
"Social";"Educação";"Número de Matrículas em Creches por Dependência Administrativa";"Araguaia";"Pau D'Arco";"Estadual";"2024";0
"Social";"Educação";"Número de Matrículas em Creches por Dependência Administrativa";"Rio Caeté";"Peixe-Boi";"Estadual";"2019";0
"Social";"Educação";"Número de Matrículas em Creches por Dependência Administrativa";"Rio Caeté";"Peixe-Boi";"Estadual";"2020";0
"Social";"Educação";"Número de Matrículas em Creches por Dependência Administrativa";"Rio Caeté";"Peixe-Boi";"Estadual";"2021";0
"Social";"Educação";"Número de Matrículas em Creches por Dependência Administrativa";"Rio Caeté";"Peixe-Boi";"Estadual";"2022";0
"Social";"Educação";"Número de Matrículas em Creches por Dependência Administrativa";"Rio Caeté";"Peixe-Boi";"Estadual";"2023";0
"Social";"Educação";"Número de Matrículas em Creches por Dependência Administrativa";"Rio Caeté";"Peixe-Boi";"Estadual";"2024";0
"Social";"Educação";"Número de Matrículas em Creches por Dependência Administrativa";"Carajás";"Piçarra";"Estadual";"2019";0
"Social";"Educação";"Número de Matrículas em Creches por Dependência Administrativa";"Carajás";"Piçarra";"Estadual";"2020";0
"Social";"Educação";"Número de Matrículas em Creches por Dependência Administrativa";"Carajás";"Piçarra";"Estadual";"2021";0
"Social";"Educação";"Número de Matrículas em Creches por Dependência Administrativa";"Carajás";"Piçarra";"Estadual";"2022";0
"Social";"Educação";"Número de Matrículas em Creches por Dependência Administrativa";"Carajás";"Piçarra";"Estadual";"2023";0
"Social";"Educação";"Número de Matrículas em Creches por Dependência Administrativa";"Carajás";"Piçarra";"Estadual";"2024";0
"Social";"Educação";"Número de Matrículas em Creches por Dependência Administrativa";"Xingu";"Placas";"Estadual";"2019";0
"Social";"Educação";"Número de Matrículas em Creches por Dependência Administrativa";"Xingu";"Placas";"Estadual";"2020";0
"Social";"Educação";"Número de Matrículas em Creches por Dependência Administrativa";"Xingu";"Placas";"Estadual";"2021";0
"Social";"Educação";"Número de Matrículas em Creches por Dependência Administrativa";"Xingu";"Placas";"Estadual";"2022";0
"Social";"Educação";"Número de Matrículas em Creches por Dependência Administrativa";"Xingu";"Placas";"Estadual";"2023";0
"Social";"Educação";"Número de Matrículas em Creches por Dependência Administrativa";"Xingu";"Placas";"Estadual";"2024";0
"Social";"Educação";"Número de Matrículas em Creches por Dependência Administrativa";"Marajó";"Ponta de Pedras";"Estadual";"2019";0
"Social";"Educação";"Número de Matrículas em Creches por Dependência Administrativa";"Marajó";"Ponta de Pedras";"Estadual";"2020";0
"Social";"Educação";"Número de Matrículas em Creches por Dependência Administrativa";"Marajó";"Ponta de Pedras";"Estadual";"2021";0
"Social";"Educação";"Número de Matrículas em Creches por Dependência Administrativa";"Marajó";"Ponta de Pedras";"Estadual";"2022";0
"Social";"Educação";"Número de Matrículas em Creches por Dependência Administrativa";"Marajó";"Ponta de Pedras";"Estadual";"2023";0
"Social";"Educação";"Número de Matrículas em Creches por Dependência Administrativa";"Marajó";"Ponta de Pedras";"Estadual";"2024";0
"Social";"Educação";"Número de Matrículas em Creches por Dependência Administrativa";"Marajó";"Portel";"Estadual";"2019";0
"Social";"Educação";"Número de Matrículas em Creches por Dependência Administrativa";"Marajó";"Portel";"Estadual";"2020";0
"Social";"Educação";"Número de Matrículas em Creches por Dependência Administrativa";"Marajó";"Portel";"Estadual";"2021";0
"Social";"Educação";"Número de Matrículas em Creches por Dependência Administrativa";"Marajó";"Portel";"Estadual";"2022";0
"Social";"Educação";"Número de Matrículas em Creches por Dependência Administrativa";"Marajó";"Portel";"Estadual";"2023";0
"Social";"Educação";"Número de Matrículas em Creches por Dependência Administrativa";"Marajó";"Portel";"Estadual";"2024";0
"Social";"Educação";"Número de Matrículas em Creches por Dependência Administrativa";"Xingu";"Porto de Moz";"Estadual";"2019";0
"Social";"Educação";"Número de Matrículas em Creches por Dependência Administrativa";"Xingu";"Porto de Moz";"Estadual";"2020";0
"Social";"Educação";"Número de Matrículas em Creches por Dependência Administrativa";"Xingu";"Porto de Moz";"Estadual";"2021";0
"Social";"Educação";"Número de Matrículas em Creches por Dependência Administrativa";"Xingu";"Porto de Moz";"Estadual";"2022";0
"Social";"Educação";"Número de Matrículas em Creches por Dependência Administrativa";"Xingu";"Porto de Moz";"Estadual";"2023";0
"Social";"Educação";"Número de Matrículas em Creches por Dependência Administrativa";"Xingu";"Porto de Moz";"Estadual";"2024";0
"Social";"Educação";"Número de Matrículas em Creches por Dependência Administrativa";"Baixo Amazonas";"Prainha";"Estadual";"2019";0
"Social";"Educação";"Número de Matrículas em Creches por Dependência Administrativa";"Baixo Amazonas";"Prainha";"Estadual";"2020";0
"Social";"Educação";"Número de Matrículas em Creches por Dependência Administrativa";"Baixo Amazonas";"Prainha";"Estadual";"2021";0
"Social";"Educação";"Número de Matrículas em Creches por Dependência Administrativa";"Baixo Amazonas";"Prainha";"Estadual";"2022";0
"Social";"Educação";"Número de Matrículas em Creches por Dependência Administrativa";"Baixo Amazonas";"Prainha";"Estadual";"2023";0
"Social";"Educação";"Número de Matrículas em Creches por Dependência Administrativa";"Baixo Amazonas";"Prainha";"Estadual";"2024";0
"Social";"Educação";"Número de Matrículas em Creches por Dependência Administrativa";"Rio Caeté";"Primavera";"Estadual";"2019";0
"Social";"Educação";"Número de Matrículas em Creches por Dependência Administrativa";"Rio Caeté";"Primavera";"Estadual";"2020";0
"Social";"Educação";"Número de Matrículas em Creches por Dependência Administrativa";"Rio Caeté";"Primavera";"Estadual";"2021";0
"Social";"Educação";"Número de Matrículas em Creches por Dependência Administrativa";"Rio Caeté";"Primavera";"Estadual";"2022";0
"Social";"Educação";"Número de Matrículas em Creches por Dependência Administrativa";"Rio Caeté";"Primavera";"Estadual";"2023";0
"Social";"Educação";"Número de Matrículas em Creches por Dependência Administrativa";"Rio Caeté";"Primavera";"Estadual";"2024";0
"Social";"Educação";"Número de Matrículas em Creches por Dependência Administrativa";"Rio Caeté";"Quatipuru";"Estadual";"2019";0
"Social";"Educação";"Número de Matrículas em Creches por Dependência Administrativa";"Rio Caeté";"Quatipuru";"Estadual";"2020";0
"Social";"Educação";"Número de Matrículas em Creches por Dependência Administrativa";"Rio Caeté";"Quatipuru";"Estadual";"2021";0
"Social";"Educação";"Número de Matrículas em Creches por Dependência Administrativa";"Rio Caeté";"Quatipuru";"Estadual";"2022";0
"Social";"Educação";"Número de Matrículas em Creches por Dependência Administrativa";"Rio Caeté";"Quatipuru";"Estadual";"2023";0
"Social";"Educação";"Número de Matrículas em Creches por Dependência Administrativa";"Rio Caeté";"Quatipuru";"Estadual";"2024";0
"Social";"Educação";"Número de Matrículas em Creches por Dependência Administrativa";"Araguaia";"Redenção";"Estadual";"2019";0
"Social";"Educação";"Número de Matrículas em Creches por Dependência Administrativa";"Araguaia";"Redenção";"Estadual";"2020";0
"Social";"Educação";"Número de Matrículas em Creches por Dependência Administrativa";"Araguaia";"Redenção";"Estadual";"2021";0
"Social";"Educação";"Número de Matrículas em Creches por Dependência Administrativa";"Araguaia";"Redenção";"Estadual";"2022";0
"Social";"Educação";"Número de Matrículas em Creches por Dependência Administrativa";"Araguaia";"Redenção";"Estadual";"2023";0
"Social";"Educação";"Número de Matrículas em Creches por Dependência Administrativa";"Araguaia";"Redenção";"Estadual";"2024";0
"Social";"Educação";"Número de Matrículas em Creches por Dependência Administrativa";"Araguaia";"Rio Maria";"Estadual";"2019";0
"Social";"Educação";"Número de Matrículas em Creches por Dependência Administrativa";"Araguaia";"Rio Maria";"Estadual";"2020";0
"Social";"Educação";"Número de Matrículas em Creches por Dependência Administrativa";"Araguaia";"Rio Maria";"Estadual";"2021";0
"Social";"Educação";"Número de Matrículas em Creches por Dependência Administrativa";"Araguaia";"Rio Maria";"Estadual";"2022";0
"Social";"Educação";"Número de Matrículas em Creches por Dependência Administrativa";"Araguaia";"Rio Maria";"Estadual";"2023";0
"Social";"Educação";"Número de Matrículas em Creches por Dependência Administrativa";"Araguaia";"Rio Maria";"Estadual";"2024";0
"Social";"Educação";"Número de Matrículas em Creches por Dependência Administrativa";"Rio Capim";"Rondon do Pará";"Estadual";"2019";0
"Social";"Educação";"Número de Matrículas em Creches por Dependência Administrativa";"Rio Capim";"Rondon do Pará";"Estadual";"2020";0
"Social";"Educação";"Número de Matrículas em Creches por Dependência Administrativa";"Rio Capim";"Rondon do Pará";"Estadual";"2021";0
"Social";"Educação";"Número de Matrículas em Creches por Dependência Administrativa";"Rio Capim";"Rondon do Pará";"Estadual";"2022";0
"Social";"Educação";"Número de Matrículas em Creches por Dependência Administrativa";"Rio Capim";"Rondon do Pará";"Estadual";"2023";0
"Social";"Educação";"Número de Matrículas em Creches por Dependência Administrativa";"Rio Capim";"Rondon do Pará";"Estadual";"2024";0
"Social";"Educação";"Número de Matrículas em Creches por Dependência Administrativa";"Tapajós";"Rurópolis";"Estadual";"2019";0
"Social";"Educação";"Número de Matrículas em Creches por Dependência Administrativa";"Tapajós";"Rurópolis";"Estadual";"2020";0
"Social";"Educação";"Número de Matrículas em Creches por Dependência Administrativa";"Tapajós";"Rurópolis";"Estadual";"2021";0
"Social";"Educação";"Número de Matrículas em Creches por Dependência Administrativa";"Tapajós";"Rurópolis";"Estadual";"2022";0
"Social";"Educação";"Número de Matrículas em Creches por Dependência Administrativa";"Tapajós";"Rurópolis";"Estadual";"2023";0
"Social";"Educação";"Número de Matrículas em Creches por Dependência Administrativa";"Tapajós";"Rurópolis";"Estadual";"2024";0
"Social";"Educação";"Número de Matrículas em Creches por Dependência Administrativa";"Rio Caeté";"Salinópolis";"Estadual";"2019";0
"Social";"Educação";"Número de Matrículas em Creches por Dependência Administrativa";"Rio Caeté";"Salinópolis";"Estadual";"2020";0
"Social";"Educação";"Número de Matrículas em Creches por Dependência Administrativa";"Rio Caeté";"Salinópolis";"Estadual";"2021";0
"Social";"Educação";"Número de Matrículas em Creches por Dependência Administrativa";"Rio Caeté";"Salinópolis";"Estadual";"2022";0
"Social";"Educação";"Número de Matrículas em Creches por Dependência Administrativa";"Rio Caeté";"Salinópolis";"Estadual";"2023";0
"Social";"Educação";"Número de Matrículas em Creches por Dependência Administrativa";"Rio Caeté";"Salinópolis";"Estadual";"2024";0
"Social";"Educação";"Número de Matrículas em Creches por Dependência Administrativa";"Marajó";"Salvaterra";"Estadual";"2019";0
"Social";"Educação";"Número de Matrículas em Creches por Dependência Administrativa";"Marajó";"Salvaterra";"Estadual";"2020";0
"Social";"Educação";"Número de Matrículas em Creches por Dependência Administrativa";"Marajó";"Salvaterra";"Estadual";"2021";0
"Social";"Educação";"Número de Matrículas em Creches por Dependência Administrativa";"Marajó";"Salvaterra";"Estadual";"2022";0
"Social";"Educação";"Número de Matrículas em Creches por Dependência Administrativa";"Marajó";"Salvaterra";"Estadual";"2023";0
"Social";"Educação";"Número de Matrículas em Creches por Dependência Administrativa";"Marajó";"Salvaterra";"Estadual";"2024";0
"Social";"Educação";"Número de Matrículas em Creches por Dependência Administrativa";"Guajará";"Santa Bárbara do Pará";"Estadual";"2019";0
"Social";"Educação";"Número de Matrículas em Creches por Dependência Administrativa";"Guajará";"Santa Bárbara do Pará";"Estadual";"2020";0
"Social";"Educação";"Número de Matrículas em Creches por Dependência Administrativa";"Guajará";"Santa Bárbara do Pará";"Estadual";"2021";0
"Social";"Educação";"Número de Matrículas em Creches por Dependência Administrativa";"Guajará";"Santa Bárbara do Pará";"Estadual";"2022";0
"Social";"Educação";"Número de Matrículas em Creches por Dependência Administrativa";"Guajará";"Santa Bárbara do Pará";"Estadual";"2023";0
"Social";"Educação";"Número de Matrículas em Creches por Dependência Administrativa";"Guajará";"Santa Bárbara do Pará";"Estadual";"2024";0
"Social";"Educação";"Número de Matrículas em Creches por Dependência Administrativa";"Marajó";"Santa Cruz do Arari";"Estadual";"2019";0
"Social";"Educação";"Número de Matrículas em Creches por Dependência Administrativa";"Marajó";"Santa Cruz do Arari";"Estadual";"2020";0
"Social";"Educação";"Número de Matrículas em Creches por Dependência Administrativa";"Marajó";"Santa Cruz do Arari";"Estadual";"2021";0
"Social";"Educação";"Número de Matrículas em Creches por Dependência Administrativa";"Marajó";"Santa Cruz do Arari";"Estadual";"2022";0
"Social";"Educação";"Número de Matrículas em Creches por Dependência Administrativa";"Marajó";"Santa Cruz do Arari";"Estadual";"2023";0
"Social";"Educação";"Número de Matrículas em Creches por Dependência Administrativa";"Marajó";"Santa Cruz do Arari";"Estadual";"2024";0
"Social";"Educação";"Número de Matrículas em Creches por Dependência Administrativa";"Guamá";"Santa Izabel do Pará";"Estadual";"2019";0
"Social";"Educação";"Número de Matrículas em Creches por Dependência Administrativa";"Guamá";"Santa Izabel do Pará";"Estadual";"2020";0
"Social";"Educação";"Número de Matrículas em Creches por Dependência Administrativa";"Guamá";"Santa Izabel do Pará";"Estadual";"2021";0
"Social";"Educação";"Número de Matrículas em Creches por Dependência Administrativa";"Guamá";"Santa Izabel do Pará";"Estadual";"2022";0
"Social";"Educação";"Número de Matrículas em Creches por Dependência Administrativa";"Guamá";"Santa Izabel do Pará";"Estadual";"2023";0
"Social";"Educação";"Número de Matrículas em Creches por Dependência Administrativa";"Guamá";"Santa Izabel do Pará";"Estadual";"2024";0
"Social";"Educação";"Número de Matrículas em Creches por Dependência Administrativa";"Rio Caeté";"Santa Luzia do Pará";"Estadual";"2019";0
"Social";"Educação";"Número de Matrículas em Creches por Dependência Administrativa";"Rio Caeté";"Santa Luzia do Pará";"Estadual";"2020";0
"Social";"Educação";"Número de Matrículas em Creches por Dependência Administrativa";"Rio Caeté";"Santa Luzia do Pará";"Estadual";"2021";0
"Social";"Educação";"Número de Matrículas em Creches por Dependência Administrativa";"Rio Caeté";"Santa Luzia do Pará";"Estadual";"2022";0
"Social";"Educação";"Número de Matrículas em Creches por Dependência Administrativa";"Rio Caeté";"Santa Luzia do Pará";"Estadual";"2023";0
"Social";"Educação";"Número de Matrículas em Creches por Dependência Administrativa";"Rio Caeté";"Santa Luzia do Pará";"Estadual";"2024";0
"Social";"Educação";"Número de Matrículas em Creches por Dependência Administrativa";"Araguaia";"Santa Maria das Barreiras";"Estadual";"2019";0
"Social";"Educação";"Número de Matrículas em Creches por Dependência Administrativa";"Araguaia";"Santa Maria das Barreiras";"Estadual";"2020";0
"Social";"Educação";"Número de Matrículas em Creches por Dependência Administrativa";"Araguaia";"Santa Maria das Barreiras";"Estadual";"2021";0
"Social";"Educação";"Número de Matrículas em Creches por Dependência Administrativa";"Araguaia";"Santa Maria das Barreiras";"Estadual";"2022";0
"Social";"Educação";"Número de Matrículas em Creches por Dependência Administrativa";"Araguaia";"Santa Maria das Barreiras";"Estadual";"2023";0
"Social";"Educação";"Número de Matrículas em Creches por Dependência Administrativa";"Araguaia";"Santa Maria das Barreiras";"Estadual";"2024";0
"Social";"Educação";"Número de Matrículas em Creches por Dependência Administrativa";"Guamá";"Santa Maria do Pará";"Estadual";"2019";0
"Social";"Educação";"Número de Matrículas em Creches por Dependência Administrativa";"Guamá";"Santa Maria do Pará";"Estadual";"2020";0
"Social";"Educação";"Número de Matrículas em Creches por Dependência Administrativa";"Guamá";"Santa Maria do Pará";"Estadual";"2021";0
"Social";"Educação";"Número de Matrículas em Creches por Dependência Administrativa";"Guamá";"Santa Maria do Pará";"Estadual";"2022";0
"Social";"Educação";"Número de Matrículas em Creches por Dependência Administrativa";"Guamá";"Santa Maria do Pará";"Estadual";"2023";0
"Social";"Educação";"Número de Matrículas em Creches por Dependência Administrativa";"Guamá";"Santa Maria do Pará";"Estadual";"2024";0
"Social";"Educação";"Número de Matrículas em Creches por Dependência Administrativa";"Araguaia";"Santana do Araguaia";"Estadual";"2019";0
"Social";"Educação";"Número de Matrículas em Creches por Dependência Administrativa";"Araguaia";"Santana do Araguaia";"Estadual";"2020";0
"Social";"Educação";"Número de Matrículas em Creches por Dependência Administrativa";"Araguaia";"Santana do Araguaia";"Estadual";"2021";0
"Social";"Educação";"Número de Matrículas em Creches por Dependência Administrativa";"Araguaia";"Santana do Araguaia";"Estadual";"2022";0
"Social";"Educação";"Número de Matrículas em Creches por Dependência Administrativa";"Araguaia";"Santana do Araguaia";"Estadual";"2023";0
"Social";"Educação";"Número de Matrículas em Creches por Dependência Administrativa";"Araguaia";"Santana do Araguaia";"Estadual";"2024";0
"Social";"Educação";"Número de Matrículas em Creches por Dependência Administrativa";"Baixo Amazonas";"Santarém";"Estadual";"2019";0
"Social";"Educação";"Número de Matrículas em Creches por Dependência Administrativa";"Baixo Amazonas";"Santarém";"Estadual";"2020";0
"Social";"Educação";"Número de Matrículas em Creches por Dependência Administrativa";"Baixo Amazonas";"Santarém";"Estadual";"2021";0
"Social";"Educação";"Número de Matrículas em Creches por Dependência Administrativa";"Baixo Amazonas";"Santarém";"Estadual";"2022";0
"Social";"Educação";"Número de Matrículas em Creches por Dependência Administrativa";"Baixo Amazonas";"Santarém";"Estadual";"2023";0
"Social";"Educação";"Número de Matrículas em Creches por Dependência Administrativa";"Baixo Amazonas";"Santarém";"Estadual";"2024";0
"Social";"Educação";"Número de Matrículas em Creches por Dependência Administrativa";"Rio Caeté";"Santarém Novo";"Estadual";"2019";0
"Social";"Educação";"Número de Matrículas em Creches por Dependência Administrativa";"Rio Caeté";"Santarém Novo";"Estadual";"2020";0
"Social";"Educação";"Número de Matrículas em Creches por Dependência Administrativa";"Rio Caeté";"Santarém Novo";"Estadual";"2021";0
"Social";"Educação";"Número de Matrículas em Creches por Dependência Administrativa";"Rio Caeté";"Santarém Novo";"Estadual";"2022";0
"Social";"Educação";"Número de Matrículas em Creches por Dependência Administrativa";"Rio Caeté";"Santarém Novo";"Estadual";"2023";0
"Social";"Educação";"Número de Matrículas em Creches por Dependência Administrativa";"Rio Caeté";"Santarém Novo";"Estadual";"2024";0
"Social";"Educação";"Número de Matrículas em Creches por Dependência Administrativa";"Guamá";"Santo Antônio do Tauá";"Estadual";"2019";0
"Social";"Educação";"Número de Matrículas em Creches por Dependência Administrativa";"Guamá";"Santo Antônio do Tauá";"Estadual";"2020";0
"Social";"Educação";"Número de Matrículas em Creches por Dependência Administrativa";"Guamá";"Santo Antônio do Tauá";"Estadual";"2021";0
"Social";"Educação";"Número de Matrículas em Creches por Dependência Administrativa";"Guamá";"Santo Antônio do Tauá";"Estadual";"2022";0
"Social";"Educação";"Número de Matrículas em Creches por Dependência Administrativa";"Guamá";"Santo Antônio do Tauá";"Estadual";"2023";0
"Social";"Educação";"Número de Matrículas em Creches por Dependência Administrativa";"Guamá";"Santo Antônio do Tauá";"Estadual";"2024";0
"Social";"Educação";"Número de Matrículas em Creches por Dependência Administrativa";"Guamá";"São Caetano de Odivelas";"Estadual";"2019";0
"Social";"Educação";"Número de Matrículas em Creches por Dependência Administrativa";"Guamá";"São Caetano de Odivelas";"Estadual";"2020";0
"Social";"Educação";"Número de Matrículas em Creches por Dependência Administrativa";"Guamá";"São Caetano de Odivelas";"Estadual";"2021";0
"Social";"Educação";"Número de Matrículas em Creches por Dependência Administrativa";"Guamá";"São Caetano de Odivelas";"Estadual";"2022";0
"Social";"Educação";"Número de Matrículas em Creches por Dependência Administrativa";"Guamá";"São Caetano de Odivelas";"Estadual";"2023";0
"Social";"Educação";"Número de Matrículas em Creches por Dependência Administrativa";"Guamá";"São Caetano de Odivelas";"Estadual";"2024";0
"Social";"Educação";"Número de Matrículas em Creches por Dependência Administrativa";"Carajás";"São Domingos do Araguaia";"Estadual";"2019";0
"Social";"Educação";"Número de Matrículas em Creches por Dependência Administrativa";"Carajás";"São Domingos do Araguaia";"Estadual";"2020";0
"Social";"Educação";"Número de Matrículas em Creches por Dependência Administrativa";"Carajás";"São Domingos do Araguaia";"Estadual";"2021";0
"Social";"Educação";"Número de Matrículas em Creches por Dependência Administrativa";"Carajás";"São Domingos do Araguaia";"Estadual";"2022";0
"Social";"Educação";"Número de Matrículas em Creches por Dependência Administrativa";"Carajás";"São Domingos do Araguaia";"Estadual";"2023";0
"Social";"Educação";"Número de Matrículas em Creches por Dependência Administrativa";"Carajás";"São Domingos do Araguaia";"Estadual";"2024";0
"Social";"Educação";"Número de Matrículas em Creches por Dependência Administrativa";"Guamá";"São Domingos do Capim";"Estadual";"2019";0
"Social";"Educação";"Número de Matrículas em Creches por Dependência Administrativa";"Guamá";"São Domingos do Capim";"Estadual";"2020";0
"Social";"Educação";"Número de Matrículas em Creches por Dependência Administrativa";"Guamá";"São Domingos do Capim";"Estadual";"2021";0
"Social";"Educação";"Número de Matrículas em Creches por Dependência Administrativa";"Guamá";"São Domingos do Capim";"Estadual";"2022";0
"Social";"Educação";"Número de Matrículas em Creches por Dependência Administrativa";"Guamá";"São Domingos do Capim";"Estadual";"2023";0
"Social";"Educação";"Número de Matrículas em Creches por Dependência Administrativa";"Guamá";"São Domingos do Capim";"Estadual";"2024";0
"Social";"Educação";"Número de Matrículas em Creches por Dependência Administrativa";"Araguaia";"São Félix do Xingu";"Estadual";"2019";0
"Social";"Educação";"Número de Matrículas em Creches por Dependência Administrativa";"Araguaia";"São Félix do Xingu";"Estadual";"2020";0
"Social";"Educação";"Número de Matrículas em Creches por Dependência Administrativa";"Araguaia";"São Félix do Xingu";"Estadual";"2021";0
"Social";"Educação";"Número de Matrículas em Creches por Dependência Administrativa";"Araguaia";"São Félix do Xingu";"Estadual";"2022";0
"Social";"Educação";"Número de Matrículas em Creches por Dependência Administrativa";"Araguaia";"São Félix do Xingu";"Estadual";"2023";0
"Social";"Educação";"Número de Matrículas em Creches por Dependência Administrativa";"Araguaia";"São Félix do Xingu";"Estadual";"2024";0
"Social";"Educação";"Número de Matrículas em Creches por Dependência Administrativa";"Guamá";"São Francisco do Pará";"Estadual";"2019";0
"Social";"Educação";"Número de Matrículas em Creches por Dependência Administrativa";"Guamá";"São Francisco do Pará";"Estadual";"2020";0
"Social";"Educação";"Número de Matrículas em Creches por Dependência Administrativa";"Guamá";"São Francisco do Pará";"Estadual";"2021";0
"Social";"Educação";"Número de Matrículas em Creches por Dependência Administrativa";"Guamá";"São Francisco do Pará";"Estadual";"2022";0
"Social";"Educação";"Número de Matrículas em Creches por Dependência Administrativa";"Guamá";"São Francisco do Pará";"Estadual";"2023";0
"Social";"Educação";"Número de Matrículas em Creches por Dependência Administrativa";"Guamá";"São Francisco do Pará";"Estadual";"2024";0
"Social";"Educação";"Número de Matrículas em Creches por Dependência Administrativa";"Carajás";"São Geraldo do Araguaia";"Estadual";"2019";0
"Social";"Educação";"Número de Matrículas em Creches por Dependência Administrativa";"Carajás";"São Geraldo do Araguaia";"Estadual";"2020";0
"Social";"Educação";"Número de Matrículas em Creches por Dependência Administrativa";"Carajás";"São Geraldo do Araguaia";"Estadual";"2021";0
"Social";"Educação";"Número de Matrículas em Creches por Dependência Administrativa";"Carajás";"São Geraldo do Araguaia";"Estadual";"2022";0
"Social";"Educação";"Número de Matrículas em Creches por Dependência Administrativa";"Carajás";"São Geraldo do Araguaia";"Estadual";"2023";0
"Social";"Educação";"Número de Matrículas em Creches por Dependência Administrativa";"Carajás";"São Geraldo do Araguaia";"Estadual";"2024";0
"Social";"Educação";"Número de Matrículas em Creches por Dependência Administrativa";"Guamá";"São João da Ponta";"Estadual";"2019";0
"Social";"Educação";"Número de Matrículas em Creches por Dependência Administrativa";"Guamá";"São João da Ponta";"Estadual";"2020";0
"Social";"Educação";"Número de Matrículas em Creches por Dependência Administrativa";"Guamá";"São João da Ponta";"Estadual";"2021";0
"Social";"Educação";"Número de Matrículas em Creches por Dependência Administrativa";"Guamá";"São João da Ponta";"Estadual";"2022";0
"Social";"Educação";"Número de Matrículas em Creches por Dependência Administrativa";"Guamá";"São João da Ponta";"Estadual";"2023";0
"Social";"Educação";"Número de Matrículas em Creches por Dependência Administrativa";"Guamá";"São João da Ponta";"Estadual";"2024";0
"Social";"Educação";"Número de Matrículas em Creches por Dependência Administrativa";"Rio Caeté";"São João de Pirabas";"Estadual";"2019";0
"Social";"Educação";"Número de Matrículas em Creches por Dependência Administrativa";"Rio Caeté";"São João de Pirabas";"Estadual";"2020";0
"Social";"Educação";"Número de Matrículas em Creches por Dependência Administrativa";"Rio Caeté";"São João de Pirabas";"Estadual";"2021";0
"Social";"Educação";"Número de Matrículas em Creches por Dependência Administrativa";"Rio Caeté";"São João de Pirabas";"Estadual";"2022";0
"Social";"Educação";"Número de Matrículas em Creches por Dependência Administrativa";"Rio Caeté";"São João de Pirabas";"Estadual";"2023";0
"Social";"Educação";"Número de Matrículas em Creches por Dependência Administrativa";"Rio Caeté";"São João de Pirabas";"Estadual";"2024";0
"Social";"Educação";"Número de Matrículas em Creches por Dependência Administrativa";"Carajás";"São João do Araguaia";"Estadual";"2019";0
"Social";"Educação";"Número de Matrículas em Creches por Dependência Administrativa";"Carajás";"São João do Araguaia";"Estadual";"2020";0
"Social";"Educação";"Número de Matrículas em Creches por Dependência Administrativa";"Carajás";"São João do Araguaia";"Estadual";"2021";0
"Social";"Educação";"Número de Matrículas em Creches por Dependência Administrativa";"Carajás";"São João do Araguaia";"Estadual";"2022";0
"Social";"Educação";"Número de Matrículas em Creches por Dependência Administrativa";"Carajás";"São João do Araguaia";"Estadual";"2023";0
"Social";"Educação";"Número de Matrículas em Creches por Dependência Administrativa";"Carajás";"São João do Araguaia";"Estadual";"2024";0
"Social";"Educação";"Número de Matrículas em Creches por Dependência Administrativa";"Guamá";"São Miguel do Guamá";"Estadual";"2019";0
"Social";"Educação";"Número de Matrículas em Creches por Dependência Administrativa";"Guamá";"São Miguel do Guamá";"Estadual";"2020";0
"Social";"Educação";"Número de Matrículas em Creches por Dependência Administrativa";"Guamá";"São Miguel do Guamá";"Estadual";"2021";0
"Social";"Educação";"Número de Matrículas em Creches por Dependência Administrativa";"Guamá";"São Miguel do Guamá";"Estadual";"2022";0
"Social";"Educação";"Número de Matrículas em Creches por Dependência Administrativa";"Guamá";"São Miguel do Guamá";"Estadual";"2023";0
"Social";"Educação";"Número de Matrículas em Creches por Dependência Administrativa";"Guamá";"São Miguel do Guamá";"Estadual";"2024";0
"Social";"Educação";"Número de Matrículas em Creches por Dependência Administrativa";"Marajó";"São Sebastião da Boa Vista";"Estadual";"2019";0
"Social";"Educação";"Número de Matrículas em Creches por Dependência Administrativa";"Marajó";"São Sebastião da Boa Vista";"Estadual";"2020";0
"Social";"Educação";"Número de Matrículas em Creches por Dependência Administrativa";"Marajó";"São Sebastião da Boa Vista";"Estadual";"2021";0
"Social";"Educação";"Número de Matrículas em Creches por Dependência Administrativa";"Marajó";"São Sebastião da Boa Vista";"Estadual";"2022";0
"Social";"Educação";"Número de Matrículas em Creches por Dependência Administrativa";"Marajó";"São Sebastião da Boa Vista";"Estadual";"2023";0
"Social";"Educação";"Número de Matrículas em Creches por Dependência Administrativa";"Marajó";"São Sebastião da Boa Vista";"Estadual";"2024";0
"Social";"Educação";"Número de Matrículas em Creches por Dependência Administrativa";"Araguaia";"Sapucaia";"Estadual";"2019";0
"Social";"Educação";"Número de Matrículas em Creches por Dependência Administrativa";"Araguaia";"Sapucaia";"Estadual";"2020";0
"Social";"Educação";"Número de Matrículas em Creches por Dependência Administrativa";"Araguaia";"Sapucaia";"Estadual";"2021";0
"Social";"Educação";"Número de Matrículas em Creches por Dependência Administrativa";"Araguaia";"Sapucaia";"Estadual";"2022";0
"Social";"Educação";"Número de Matrículas em Creches por Dependência Administrativa";"Araguaia";"Sapucaia";"Estadual";"2023";0
"Social";"Educação";"Número de Matrículas em Creches por Dependência Administrativa";"Araguaia";"Sapucaia";"Estadual";"2024";0
"Social";"Educação";"Número de Matrículas em Creches por Dependência Administrativa";"Xingu";"Senador José Porfírio";"Estadual";"2019";0
"Social";"Educação";"Número de Matrículas em Creches por Dependência Administrativa";"Xingu";"Senador José Porfírio";"Estadual";"2020";0
"Social";"Educação";"Número de Matrículas em Creches por Dependência Administrativa";"Xingu";"Senador José Porfírio";"Estadual";"2021";0
"Social";"Educação";"Número de Matrículas em Creches por Dependência Administrativa";"Xingu";"Senador José Porfírio";"Estadual";"2022";0
"Social";"Educação";"Número de Matrículas em Creches por Dependência Administrativa";"Xingu";"Senador José Porfírio";"Estadual";"2023";0
"Social";"Educação";"Número de Matrículas em Creches por Dependência Administrativa";"Xingu";"Senador José Porfírio";"Estadual";"2024";0
"Social";"Educação";"Número de Matrículas em Creches por Dependência Administrativa";"Marajó";"Soure";"Estadual";"2019";0
"Social";"Educação";"Número de Matrículas em Creches por Dependência Administrativa";"Marajó";"Soure";"Estadual";"2020";0
"Social";"Educação";"Número de Matrículas em Creches por Dependência Administrativa";"Marajó";"Soure";"Estadual";"2021";0
"Social";"Educação";"Número de Matrículas em Creches por Dependência Administrativa";"Marajó";"Soure";"Estadual";"2022";0
"Social";"Educação";"Número de Matrículas em Creches por Dependência Administrativa";"Marajó";"Soure";"Estadual";"2023";0
"Social";"Educação";"Número de Matrículas em Creches por Dependência Administrativa";"Marajó";"Soure";"Estadual";"2024";0
"Social";"Educação";"Número de Matrículas em Creches por Dependência Administrativa";"Tocantins";"Tailândia";"Estadual";"2019";0
"Social";"Educação";"Número de Matrículas em Creches por Dependência Administrativa";"Tocantins";"Tailândia";"Estadual";"2020";0
"Social";"Educação";"Número de Matrículas em Creches por Dependência Administrativa";"Tocantins";"Tailândia";"Estadual";"2021";0
"Social";"Educação";"Número de Matrículas em Creches por Dependência Administrativa";"Tocantins";"Tailândia";"Estadual";"2022";0
"Social";"Educação";"Número de Matrículas em Creches por Dependência Administrativa";"Tocantins";"Tailândia";"Estadual";"2023";0
"Social";"Educação";"Número de Matrículas em Creches por Dependência Administrativa";"Tocantins";"Tailândia";"Estadual";"2024";0
"Social";"Educação";"Número de Matrículas em Creches por Dependência Administrativa";"Guamá";"Terra Alta";"Estadual";"2019";0
"Social";"Educação";"Número de Matrículas em Creches por Dependência Administrativa";"Guamá";"Terra Alta";"Estadual";"2020";0
"Social";"Educação";"Número de Matrículas em Creches por Dependência Administrativa";"Guamá";"Terra Alta";"Estadual";"2021";0
"Social";"Educação";"Número de Matrículas em Creches por Dependência Administrativa";"Guamá";"Terra Alta";"Estadual";"2022";0
"Social";"Educação";"Número de Matrículas em Creches por Dependência Administrativa";"Guamá";"Terra Alta";"Estadual";"2023";0
"Social";"Educação";"Número de Matrículas em Creches por Dependência Administrativa";"Guamá";"Terra Alta";"Estadual";"2024";0
"Social";"Educação";"Número de Matrículas em Creches por Dependência Administrativa";"Baixo Amazonas";"Terra Santa";"Estadual";"2019";0
"Social";"Educação";"Número de Matrículas em Creches por Dependência Administrativa";"Baixo Amazonas";"Terra Santa";"Estadual";"2020";0
"Social";"Educação";"Número de Matrículas em Creches por Dependência Administrativa";"Baixo Amazonas";"Terra Santa";"Estadual";"2021";0
"Social";"Educação";"Número de Matrículas em Creches por Dependência Administrativa";"Baixo Amazonas";"Terra Santa";"Estadual";"2022";0
"Social";"Educação";"Número de Matrículas em Creches por Dependência Administrativa";"Baixo Amazonas";"Terra Santa";"Estadual";"2023";0
"Social";"Educação";"Número de Matrículas em Creches por Dependência Administrativa";"Baixo Amazonas";"Terra Santa";"Estadual";"2024";0
"Social";"Educação";"Número de Matrículas em Creches por Dependência Administrativa";"Rio Capim";"Tomé-Açu";"Estadual";"2019";0
"Social";"Educação";"Número de Matrículas em Creches por Dependência Administrativa";"Rio Capim";"Tomé-Açu";"Estadual";"2020";0
"Social";"Educação";"Número de Matrículas em Creches por Dependência Administrativa";"Rio Capim";"Tomé-Açu";"Estadual";"2021";0
"Social";"Educação";"Número de Matrículas em Creches por Dependência Administrativa";"Rio Capim";"Tomé-Açu";"Estadual";"2022";0
"Social";"Educação";"Número de Matrículas em Creches por Dependência Administrativa";"Rio Capim";"Tomé-Açu";"Estadual";"2023";0
"Social";"Educação";"Número de Matrículas em Creches por Dependência Administrativa";"Rio Capim";"Tomé-Açu";"Estadual";"2024";0
"Social";"Educação";"Número de Matrículas em Creches por Dependência Administrativa";"Rio Caeté";"Tracuateua";"Estadual";"2019";0
"Social";"Educação";"Número de Matrículas em Creches por Dependência Administrativa";"Rio Caeté";"Tracuateua";"Estadual";"2020";0
"Social";"Educação";"Número de Matrículas em Creches por Dependência Administrativa";"Rio Caeté";"Tracuateua";"Estadual";"2021";0
"Social";"Educação";"Número de Matrículas em Creches por Dependência Administrativa";"Rio Caeté";"Tracuateua";"Estadual";"2022";0
"Social";"Educação";"Número de Matrículas em Creches por Dependência Administrativa";"Rio Caeté";"Tracuateua";"Estadual";"2023";0
"Social";"Educação";"Número de Matrículas em Creches por Dependência Administrativa";"Rio Caeté";"Tracuateua";"Estadual";"2024";0
"Social";"Educação";"Número de Matrículas em Creches por Dependência Administrativa";"Tapajós";"Trairão";"Estadual";"2019";0
"Social";"Educação";"Número de Matrículas em Creches por Dependência Administrativa";"Tapajós";"Trairão";"Estadual";"2020";0
"Social";"Educação";"Número de Matrículas em Creches por Dependência Administrativa";"Tapajós";"Trairão";"Estadual";"2021";0
"Social";"Educação";"Número de Matrículas em Creches por Dependência Administrativa";"Tapajós";"Trairão";"Estadual";"2022";0
"Social";"Educação";"Número de Matrículas em Creches por Dependência Administrativa";"Tapajós";"Trairão";"Estadual";"2023";0
"Social";"Educação";"Número de Matrículas em Creches por Dependência Administrativa";"Tapajós";"Trairão";"Estadual";"2024";0
"Social";"Educação";"Número de Matrículas em Creches por Dependência Administrativa";"Araguaia";"Tucumã";"Estadual";"2019";0
"Social";"Educação";"Número de Matrículas em Creches por Dependência Administrativa";"Araguaia";"Tucumã";"Estadual";"2020";0
"Social";"Educação";"Número de Matrículas em Creches por Dependência Administrativa";"Araguaia";"Tucumã";"Estadual";"2021";0
"Social";"Educação";"Número de Matrículas em Creches por Dependência Administrativa";"Araguaia";"Tucumã";"Estadual";"2022";0
"Social";"Educação";"Número de Matrículas em Creches por Dependência Administrativa";"Araguaia";"Tucumã";"Estadual";"2023";0
"Social";"Educação";"Número de Matrículas em Creches por Dependência Administrativa";"Araguaia";"Tucumã";"Estadual";"2024";0
"Social";"Educação";"Número de Matrículas em Creches por Dependência Administrativa";"Lago de Tucuruí";"Tucuruí";"Estadual";"2019";0
"Social";"Educação";"Número de Matrículas em Creches por Dependência Administrativa";"Lago de Tucuruí";"Tucuruí";"Estadual";"2020";0
"Social";"Educação";"Número de Matrículas em Creches por Dependência Administrativa";"Lago de Tucuruí";"Tucuruí";"Estadual";"2021";0
"Social";"Educação";"Número de Matrículas em Creches por Dependência Administrativa";"Lago de Tucuruí";"Tucuruí";"Estadual";"2022";0
"Social";"Educação";"Número de Matrículas em Creches por Dependência Administrativa";"Lago de Tucuruí";"Tucuruí";"Estadual";"2023";0
"Social";"Educação";"Número de Matrículas em Creches por Dependência Administrativa";"Lago de Tucuruí";"Tucuruí";"Estadual";"2024";0
"Social";"Educação";"Número de Matrículas em Creches por Dependência Administrativa";"Rio Capim";"Ulianópolis";"Estadual";"2019";0
"Social";"Educação";"Número de Matrículas em Creches por Dependência Administrativa";"Rio Capim";"Ulianópolis";"Estadual";"2020";0
"Social";"Educação";"Número de Matrículas em Creches por Dependência Administrativa";"Rio Capim";"Ulianópolis";"Estadual";"2021";0
"Social";"Educação";"Número de Matrículas em Creches por Dependência Administrativa";"Rio Capim";"Ulianópolis";"Estadual";"2022";0
"Social";"Educação";"Número de Matrículas em Creches por Dependência Administrativa";"Rio Capim";"Ulianópolis";"Estadual";"2023";0
"Social";"Educação";"Número de Matrículas em Creches por Dependência Administrativa";"Rio Capim";"Ulianópolis";"Estadual";"2024";0
"Social";"Educação";"Número de Matrículas em Creches por Dependência Administrativa";"Xingu";"Uruará";"Estadual";"2019";0
"Social";"Educação";"Número de Matrículas em Creches por Dependência Administrativa";"Xingu";"Uruará";"Estadual";"2020";0
"Social";"Educação";"Número de Matrículas em Creches por Dependência Administrativa";"Xingu";"Uruará";"Estadual";"2021";0
"Social";"Educação";"Número de Matrículas em Creches por Dependência Administrativa";"Xingu";"Uruará";"Estadual";"2022";0
"Social";"Educação";"Número de Matrículas em Creches por Dependência Administrativa";"Xingu";"Uruará";"Estadual";"2023";0
"Social";"Educação";"Número de Matrículas em Creches por Dependência Administrativa";"Xingu";"Uruará";"Estadual";"2024";0
"Social";"Educação";"Número de Matrículas em Creches por Dependência Administrativa";"Guamá";"Vigia";"Estadual";"2019";0
"Social";"Educação";"Número de Matrículas em Creches por Dependência Administrativa";"Guamá";"Vigia";"Estadual";"2020";0
"Social";"Educação";"Número de Matrículas em Creches por Dependência Administrativa";"Guamá";"Vigia";"Estadual";"2021";0
"Social";"Educação";"Número de Matrículas em Creches por Dependência Administrativa";"Guamá";"Vigia";"Estadual";"2022";0
"Social";"Educação";"Número de Matrículas em Creches por Dependência Administrativa";"Guamá";"Vigia";"Estadual";"2023";0
"Social";"Educação";"Número de Matrículas em Creches por Dependência Administrativa";"Guamá";"Vigia";"Estadual";"2024";0
"Social";"Educação";"Número de Matrículas em Creches por Dependência Administrativa";"Rio Caeté";"Viseu";"Estadual";"2019";0
"Social";"Educação";"Número de Matrículas em Creches por Dependência Administrativa";"Rio Caeté";"Viseu";"Estadual";"2020";0
"Social";"Educação";"Número de Matrículas em Creches por Dependência Administrativa";"Rio Caeté";"Viseu";"Estadual";"2021";0
"Social";"Educação";"Número de Matrículas em Creches por Dependência Administrativa";"Rio Caeté";"Viseu";"Estadual";"2022";0
"Social";"Educação";"Número de Matrículas em Creches por Dependência Administrativa";"Rio Caeté";"Viseu";"Estadual";"2023";0
"Social";"Educação";"Número de Matrículas em Creches por Dependência Administrativa";"Rio Caeté";"Viseu";"Estadual";"2024";0
"Social";"Educação";"Número de Matrículas em Creches por Dependência Administrativa";"Xingu";"Vitória do Xingu";"Estadual";"2019";0
"Social";"Educação";"Número de Matrículas em Creches por Dependência Administrativa";"Xingu";"Vitória do Xingu";"Estadual";"2020";0
"Social";"Educação";"Número de Matrículas em Creches por Dependência Administrativa";"Xingu";"Vitória do Xingu";"Estadual";"2021";0
"Social";"Educação";"Número de Matrículas em Creches por Dependência Administrativa";"Xingu";"Vitória do Xingu";"Estadual";"2022";0
"Social";"Educação";"Número de Matrículas em Creches por Dependência Administrativa";"Xingu";"Vitória do Xingu";"Estadual";"2023";0
"Social";"Educação";"Número de Matrículas em Creches por Dependência Administrativa";"Xingu";"Vitória do Xingu";"Estadual";"2024";0
"Social";"Educação";"Número de Matrículas em Creches por Dependência Administrativa";"Araguaia";"Xinguara";"Estadual";"2019";0
"Social";"Educação";"Número de Matrículas em Creches por Dependência Administrativa";"Araguaia";"Xinguara";"Estadual";"2020";0
"Social";"Educação";"Número de Matrículas em Creches por Dependência Administrativa";"Araguaia";"Xinguara";"Estadual";"2021";0
"Social";"Educação";"Número de Matrículas em Creches por Dependência Administrativa";"Araguaia";"Xinguara";"Estadual";"2022";0
"Social";"Educação";"Número de Matrículas em Creches por Dependência Administrativa";"Araguaia";"Xinguara";"Estadual";"2023";0
"Social";"Educação";"Número de Matrículas em Creches por Dependência Administrativa";"Araguaia";"Xinguara";"Estadual";"2024";0
"Social";"Educação";"Número de Matrículas em Creches por Dependência Administrativa";"Pará";"Pará";"Municipal";"2019";69410
"Social";"Educação";"Número de Matrículas em Creches por Dependência Administrativa";"Pará";"Pará";"Municipal";"2020";71287
"Social";"Educação";"Número de Matrículas em Creches por Dependência Administrativa";"Pará";"Pará";"Municipal";"2021";74166
"Social";"Educação";"Número de Matrículas em Creches por Dependência Administrativa";"Pará";"Pará";"Municipal";"2022";85267
"Social";"Educação";"Número de Matrículas em Creches por Dependência Administrativa";"Pará";"Pará";"Municipal";"2023";97200
"Social";"Educação";"Número de Matrículas em Creches por Dependência Administrativa";"Pará";"Pará";"Municipal";"2024";101220
"Social";"Educação";"Número de Matrículas em Creches por Dependência Administrativa";"Tocantins";"Abaetetuba";"Municipal";"2019";1811
"Social";"Educação";"Número de Matrículas em Creches por Dependência Administrativa";"Tocantins";"Abaetetuba";"Municipal";"2020";1732
"Social";"Educação";"Número de Matrículas em Creches por Dependência Administrativa";"Tocantins";"Abaetetuba";"Municipal";"2021";1917
"Social";"Educação";"Número de Matrículas em Creches por Dependência Administrativa";"Tocantins";"Abaetetuba";"Municipal";"2022";2473
"Social";"Educação";"Número de Matrículas em Creches por Dependência Administrativa";"Tocantins";"Abaetetuba";"Municipal";"2023";2535
"Social";"Educação";"Número de Matrículas em Creches por Dependência Administrativa";"Tocantins";"Abaetetuba";"Municipal";"2024";2651
"Social";"Educação";"Número de Matrículas em Creches por Dependência Administrativa";"Rio Capim";"Abel Figueiredo";"Municipal";"2019";95
"Social";"Educação";"Número de Matrículas em Creches por Dependência Administrativa";"Rio Capim";"Abel Figueiredo";"Municipal";"2020";86
"Social";"Educação";"Número de Matrículas em Creches por Dependência Administrativa";"Rio Capim";"Abel Figueiredo";"Municipal";"2021";95
"Social";"Educação";"Número de Matrículas em Creches por Dependência Administrativa";"Rio Capim";"Abel Figueiredo";"Municipal";"2022";97
"Social";"Educação";"Número de Matrículas em Creches por Dependência Administrativa";"Rio Capim";"Abel Figueiredo";"Municipal";"2023";78
"Social";"Educação";"Número de Matrículas em Creches por Dependência Administrativa";"Rio Capim";"Abel Figueiredo";"Municipal";"2024";75
"Social";"Educação";"Número de Matrículas em Creches por Dependência Administrativa";"Tocantins";"Acará";"Municipal";"2019";965
"Social";"Educação";"Número de Matrículas em Creches por Dependência Administrativa";"Tocantins";"Acará";"Municipal";"2020";1067
"Social";"Educação";"Número de Matrículas em Creches por Dependência Administrativa";"Tocantins";"Acará";"Municipal";"2021";1441
"Social";"Educação";"Número de Matrículas em Creches por Dependência Administrativa";"Tocantins";"Acará";"Municipal";"2022";1456
"Social";"Educação";"Número de Matrículas em Creches por Dependência Administrativa";"Tocantins";"Acará";"Municipal";"2023";1644
"Social";"Educação";"Número de Matrículas em Creches por Dependência Administrativa";"Tocantins";"Acará";"Municipal";"2024";1393
"Social";"Educação";"Número de Matrículas em Creches por Dependência Administrativa";"Marajó";"Afuá";"Municipal";"2019";238
"Social";"Educação";"Número de Matrículas em Creches por Dependência Administrativa";"Marajó";"Afuá";"Municipal";"2020";256
"Social";"Educação";"Número de Matrículas em Creches por Dependência Administrativa";"Marajó";"Afuá";"Municipal";"2021";234
"Social";"Educação";"Número de Matrículas em Creches por Dependência Administrativa";"Marajó";"Afuá";"Municipal";"2022";239
"Social";"Educação";"Número de Matrículas em Creches por Dependência Administrativa";"Marajó";"Afuá";"Municipal";"2023";247
"Social";"Educação";"Número de Matrículas em Creches por Dependência Administrativa";"Marajó";"Afuá";"Municipal";"2024";220
"Social";"Educação";"Número de Matrículas em Creches por Dependência Administrativa";"Araguaia";"Água Azul do Norte";"Municipal";"2019";268
"Social";"Educação";"Número de Matrículas em Creches por Dependência Administrativa";"Araguaia";"Água Azul do Norte";"Municipal";"2020";264
"Social";"Educação";"Número de Matrículas em Creches por Dependência Administrativa";"Araguaia";"Água Azul do Norte";"Municipal";"2021";301
"Social";"Educação";"Número de Matrículas em Creches por Dependência Administrativa";"Araguaia";"Água Azul do Norte";"Municipal";"2022";367
"Social";"Educação";"Número de Matrículas em Creches por Dependência Administrativa";"Araguaia";"Água Azul do Norte";"Municipal";"2023";347
"Social";"Educação";"Número de Matrículas em Creches por Dependência Administrativa";"Araguaia";"Água Azul do Norte";"Municipal";"2024";322
"Social";"Educação";"Número de Matrículas em Creches por Dependência Administrativa";"Baixo Amazonas";"Alenquer";"Municipal";"2019";109
"Social";"Educação";"Número de Matrículas em Creches por Dependência Administrativa";"Baixo Amazonas";"Alenquer";"Municipal";"2020";83
"Social";"Educação";"Número de Matrículas em Creches por Dependência Administrativa";"Baixo Amazonas";"Alenquer";"Municipal";"2021";61
"Social";"Educação";"Número de Matrículas em Creches por Dependência Administrativa";"Baixo Amazonas";"Alenquer";"Municipal";"2022";152
"Social";"Educação";"Número de Matrículas em Creches por Dependência Administrativa";"Baixo Amazonas";"Alenquer";"Municipal";"2023";153
"Social";"Educação";"Número de Matrículas em Creches por Dependência Administrativa";"Baixo Amazonas";"Alenquer";"Municipal";"2024";163
"Social";"Educação";"Número de Matrículas em Creches por Dependência Administrativa";"Baixo Amazonas";"Almeirim";"Municipal";"2019";0
"Social";"Educação";"Número de Matrículas em Creches por Dependência Administrativa";"Baixo Amazonas";"Almeirim";"Municipal";"2020";0
"Social";"Educação";"Número de Matrículas em Creches por Dependência Administrativa";"Baixo Amazonas";"Almeirim";"Municipal";"2021";0
"Social";"Educação";"Número de Matrículas em Creches por Dependência Administrativa";"Baixo Amazonas";"Almeirim";"Municipal";"2022";70
"Social";"Educação";"Número de Matrículas em Creches por Dependência Administrativa";"Baixo Amazonas";"Almeirim";"Municipal";"2023";1056
"Social";"Educação";"Número de Matrículas em Creches por Dependência Administrativa";"Baixo Amazonas";"Almeirim";"Municipal";"2024";1317
"Social";"Educação";"Número de Matrículas em Creches por Dependência Administrativa";"Xingu";"Altamira";"Municipal";"2019";1576
"Social";"Educação";"Número de Matrículas em Creches por Dependência Administrativa";"Xingu";"Altamira";"Municipal";"2020";1750
"Social";"Educação";"Número de Matrículas em Creches por Dependência Administrativa";"Xingu";"Altamira";"Municipal";"2021";1646
"Social";"Educação";"Número de Matrículas em Creches por Dependência Administrativa";"Xingu";"Altamira";"Municipal";"2022";1973
"Social";"Educação";"Número de Matrículas em Creches por Dependência Administrativa";"Xingu";"Altamira";"Municipal";"2023";1991
"Social";"Educação";"Número de Matrículas em Creches por Dependência Administrativa";"Xingu";"Altamira";"Municipal";"2024";2186
"Social";"Educação";"Número de Matrículas em Creches por Dependência Administrativa";"Marajó";"Anajás";"Municipal";"2019";255
"Social";"Educação";"Número de Matrículas em Creches por Dependência Administrativa";"Marajó";"Anajás";"Municipal";"2020";205
"Social";"Educação";"Número de Matrículas em Creches por Dependência Administrativa";"Marajó";"Anajás";"Municipal";"2021";223
"Social";"Educação";"Número de Matrículas em Creches por Dependência Administrativa";"Marajó";"Anajás";"Municipal";"2022";262
"Social";"Educação";"Número de Matrículas em Creches por Dependência Administrativa";"Marajó";"Anajás";"Municipal";"2023";285
"Social";"Educação";"Número de Matrículas em Creches por Dependência Administrativa";"Marajó";"Anajás";"Municipal";"2024";258
"Social";"Educação";"Número de Matrículas em Creches por Dependência Administrativa";"Guajará";"Ananindeua";"Municipal";"2019";2724
"Social";"Educação";"Número de Matrículas em Creches por Dependência Administrativa";"Guajará";"Ananindeua";"Municipal";"2020";2751
"Social";"Educação";"Número de Matrículas em Creches por Dependência Administrativa";"Guajará";"Ananindeua";"Municipal";"2021";3098
"Social";"Educação";"Número de Matrículas em Creches por Dependência Administrativa";"Guajará";"Ananindeua";"Municipal";"2022";3391
"Social";"Educação";"Número de Matrículas em Creches por Dependência Administrativa";"Guajará";"Ananindeua";"Municipal";"2023";3512
"Social";"Educação";"Número de Matrículas em Creches por Dependência Administrativa";"Guajará";"Ananindeua";"Municipal";"2024";3848
"Social";"Educação";"Número de Matrículas em Creches por Dependência Administrativa";"Xingu";"Anapu";"Municipal";"2019";0
"Social";"Educação";"Número de Matrículas em Creches por Dependência Administrativa";"Xingu";"Anapu";"Municipal";"2020";72
"Social";"Educação";"Número de Matrículas em Creches por Dependência Administrativa";"Xingu";"Anapu";"Municipal";"2021";118
"Social";"Educação";"Número de Matrículas em Creches por Dependência Administrativa";"Xingu";"Anapu";"Municipal";"2022";98
"Social";"Educação";"Número de Matrículas em Creches por Dependência Administrativa";"Xingu";"Anapu";"Municipal";"2023";123
"Social";"Educação";"Número de Matrículas em Creches por Dependência Administrativa";"Xingu";"Anapu";"Municipal";"2024";21
"Social";"Educação";"Número de Matrículas em Creches por Dependência Administrativa";"Rio Caeté";"Augusto Corrêa";"Municipal";"2019";133
"Social";"Educação";"Número de Matrículas em Creches por Dependência Administrativa";"Rio Caeté";"Augusto Corrêa";"Municipal";"2020";169
"Social";"Educação";"Número de Matrículas em Creches por Dependência Administrativa";"Rio Caeté";"Augusto Corrêa";"Municipal";"2021";169
"Social";"Educação";"Número de Matrículas em Creches por Dependência Administrativa";"Rio Caeté";"Augusto Corrêa";"Municipal";"2022";251
"Social";"Educação";"Número de Matrículas em Creches por Dependência Administrativa";"Rio Caeté";"Augusto Corrêa";"Municipal";"2023";276
"Social";"Educação";"Número de Matrículas em Creches por Dependência Administrativa";"Rio Caeté";"Augusto Corrêa";"Municipal";"2024";394
"Social";"Educação";"Número de Matrículas em Creches por Dependência Administrativa";"Rio Capim";"Aurora do Pará";"Municipal";"2019";144
"Social";"Educação";"Número de Matrículas em Creches por Dependência Administrativa";"Rio Capim";"Aurora do Pará";"Municipal";"2020";237
"Social";"Educação";"Número de Matrículas em Creches por Dependência Administrativa";"Rio Capim";"Aurora do Pará";"Municipal";"2021";228
"Social";"Educação";"Número de Matrículas em Creches por Dependência Administrativa";"Rio Capim";"Aurora do Pará";"Municipal";"2022";247
"Social";"Educação";"Número de Matrículas em Creches por Dependência Administrativa";"Rio Capim";"Aurora do Pará";"Municipal";"2023";337
"Social";"Educação";"Número de Matrículas em Creches por Dependência Administrativa";"Rio Capim";"Aurora do Pará";"Municipal";"2024";327
"Social";"Educação";"Número de Matrículas em Creches por Dependência Administrativa";"Tapajós";"Aveiro";"Municipal";"2019";0
"Social";"Educação";"Número de Matrículas em Creches por Dependência Administrativa";"Tapajós";"Aveiro";"Municipal";"2020";0
"Social";"Educação";"Número de Matrículas em Creches por Dependência Administrativa";"Tapajós";"Aveiro";"Municipal";"2021";0
"Social";"Educação";"Número de Matrículas em Creches por Dependência Administrativa";"Tapajós";"Aveiro";"Municipal";"2022";51
"Social";"Educação";"Número de Matrículas em Creches por Dependência Administrativa";"Tapajós";"Aveiro";"Municipal";"2023";178
"Social";"Educação";"Número de Matrículas em Creches por Dependência Administrativa";"Tapajós";"Aveiro";"Municipal";"2024";293
"Social";"Educação";"Número de Matrículas em Creches por Dependência Administrativa";"Marajó";"Bagre";"Municipal";"2019";7
"Social";"Educação";"Número de Matrículas em Creches por Dependência Administrativa";"Marajó";"Bagre";"Municipal";"2020";0
"Social";"Educação";"Número de Matrículas em Creches por Dependência Administrativa";"Marajó";"Bagre";"Municipal";"2021";1
"Social";"Educação";"Número de Matrículas em Creches por Dependência Administrativa";"Marajó";"Bagre";"Municipal";"2022";0
"Social";"Educação";"Número de Matrículas em Creches por Dependência Administrativa";"Marajó";"Bagre";"Municipal";"2023";0
"Social";"Educação";"Número de Matrículas em Creches por Dependência Administrativa";"Marajó";"Bagre";"Municipal";"2024";0
"Social";"Educação";"Número de Matrículas em Creches por Dependência Administrativa";"Tocantins";"Baião";"Municipal";"2019";143
"Social";"Educação";"Número de Matrículas em Creches por Dependência Administrativa";"Tocantins";"Baião";"Municipal";"2020";281
"Social";"Educação";"Número de Matrículas em Creches por Dependência Administrativa";"Tocantins";"Baião";"Municipal";"2021";303
"Social";"Educação";"Número de Matrículas em Creches por Dependência Administrativa";"Tocantins";"Baião";"Municipal";"2022";464
"Social";"Educação";"Número de Matrículas em Creches por Dependência Administrativa";"Tocantins";"Baião";"Municipal";"2023";461
"Social";"Educação";"Número de Matrículas em Creches por Dependência Administrativa";"Tocantins";"Baião";"Municipal";"2024";403
"Social";"Educação";"Número de Matrículas em Creches por Dependência Administrativa";"Araguaia";"Bannach";"Municipal";"2019";37
"Social";"Educação";"Número de Matrículas em Creches por Dependência Administrativa";"Araguaia";"Bannach";"Municipal";"2020";31
"Social";"Educação";"Número de Matrículas em Creches por Dependência Administrativa";"Araguaia";"Bannach";"Municipal";"2021";37
"Social";"Educação";"Número de Matrículas em Creches por Dependência Administrativa";"Araguaia";"Bannach";"Municipal";"2022";48
"Social";"Educação";"Número de Matrículas em Creches por Dependência Administrativa";"Araguaia";"Bannach";"Municipal";"2023";38
"Social";"Educação";"Número de Matrículas em Creches por Dependência Administrativa";"Araguaia";"Bannach";"Municipal";"2024";29
"Social";"Educação";"Número de Matrículas em Creches por Dependência Administrativa";"Tocantins";"Barcarena";"Municipal";"2019";1183
"Social";"Educação";"Número de Matrículas em Creches por Dependência Administrativa";"Tocantins";"Barcarena";"Municipal";"2020";1378
"Social";"Educação";"Número de Matrículas em Creches por Dependência Administrativa";"Tocantins";"Barcarena";"Municipal";"2021";1482
"Social";"Educação";"Número de Matrículas em Creches por Dependência Administrativa";"Tocantins";"Barcarena";"Municipal";"2022";1849
"Social";"Educação";"Número de Matrículas em Creches por Dependência Administrativa";"Tocantins";"Barcarena";"Municipal";"2023";2198
"Social";"Educação";"Número de Matrículas em Creches por Dependência Administrativa";"Tocantins";"Barcarena";"Municipal";"2024";2373
"Social";"Educação";"Número de Matrículas em Creches por Dependência Administrativa";"Guajará";"Belém";"Municipal";"2019";3530
"Social";"Educação";"Número de Matrículas em Creches por Dependência Administrativa";"Guajará";"Belém";"Municipal";"2020";4709
"Social";"Educação";"Número de Matrículas em Creches por Dependência Administrativa";"Guajará";"Belém";"Municipal";"2021";4242
"Social";"Educação";"Número de Matrículas em Creches por Dependência Administrativa";"Guajará";"Belém";"Municipal";"2022";4203
"Social";"Educação";"Número de Matrículas em Creches por Dependência Administrativa";"Guajará";"Belém";"Municipal";"2023";4239
"Social";"Educação";"Número de Matrículas em Creches por Dependência Administrativa";"Guajará";"Belém";"Municipal";"2024";3861
"Social";"Educação";"Número de Matrículas em Creches por Dependência Administrativa";"Baixo Amazonas";"Belterra";"Municipal";"2019";114
"Social";"Educação";"Número de Matrículas em Creches por Dependência Administrativa";"Baixo Amazonas";"Belterra";"Municipal";"2020";102
"Social";"Educação";"Número de Matrículas em Creches por Dependência Administrativa";"Baixo Amazonas";"Belterra";"Municipal";"2021";67
"Social";"Educação";"Número de Matrículas em Creches por Dependência Administrativa";"Baixo Amazonas";"Belterra";"Municipal";"2022";85
"Social";"Educação";"Número de Matrículas em Creches por Dependência Administrativa";"Baixo Amazonas";"Belterra";"Municipal";"2023";134
"Social";"Educação";"Número de Matrículas em Creches por Dependência Administrativa";"Baixo Amazonas";"Belterra";"Municipal";"2024";159
"Social";"Educação";"Número de Matrículas em Creches por Dependência Administrativa";"Guajará";"Benevides";"Municipal";"2019";1039
"Social";"Educação";"Número de Matrículas em Creches por Dependência Administrativa";"Guajará";"Benevides";"Municipal";"2020";962
"Social";"Educação";"Número de Matrículas em Creches por Dependência Administrativa";"Guajará";"Benevides";"Municipal";"2021";881
"Social";"Educação";"Número de Matrículas em Creches por Dependência Administrativa";"Guajará";"Benevides";"Municipal";"2022";1010
"Social";"Educação";"Número de Matrículas em Creches por Dependência Administrativa";"Guajará";"Benevides";"Municipal";"2023";1078
"Social";"Educação";"Número de Matrículas em Creches por Dependência Administrativa";"Guajará";"Benevides";"Municipal";"2024";1010
"Social";"Educação";"Número de Matrículas em Creches por Dependência Administrativa";"Carajás";"Bom Jesus do Tocantins";"Municipal";"2019";199
"Social";"Educação";"Número de Matrículas em Creches por Dependência Administrativa";"Carajás";"Bom Jesus do Tocantins";"Municipal";"2020";191
"Social";"Educação";"Número de Matrículas em Creches por Dependência Administrativa";"Carajás";"Bom Jesus do Tocantins";"Municipal";"2021";192
"Social";"Educação";"Número de Matrículas em Creches por Dependência Administrativa";"Carajás";"Bom Jesus do Tocantins";"Municipal";"2022";244
"Social";"Educação";"Número de Matrículas em Creches por Dependência Administrativa";"Carajás";"Bom Jesus do Tocantins";"Municipal";"2023";302
"Social";"Educação";"Número de Matrículas em Creches por Dependência Administrativa";"Carajás";"Bom Jesus do Tocantins";"Municipal";"2024";336
"Social";"Educação";"Número de Matrículas em Creches por Dependência Administrativa";"Rio Caeté";"Bonito";"Municipal";"2019";90
"Social";"Educação";"Número de Matrículas em Creches por Dependência Administrativa";"Rio Caeté";"Bonito";"Municipal";"2020";72
"Social";"Educação";"Número de Matrículas em Creches por Dependência Administrativa";"Rio Caeté";"Bonito";"Municipal";"2021";91
"Social";"Educação";"Número de Matrículas em Creches por Dependência Administrativa";"Rio Caeté";"Bonito";"Municipal";"2022";98
"Social";"Educação";"Número de Matrículas em Creches por Dependência Administrativa";"Rio Caeté";"Bonito";"Municipal";"2023";129
"Social";"Educação";"Número de Matrículas em Creches por Dependência Administrativa";"Rio Caeté";"Bonito";"Municipal";"2024";102
"Social";"Educação";"Número de Matrículas em Creches por Dependência Administrativa";"Rio Caeté";"Bragança";"Municipal";"2019";131
"Social";"Educação";"Número de Matrículas em Creches por Dependência Administrativa";"Rio Caeté";"Bragança";"Municipal";"2020";269
"Social";"Educação";"Número de Matrículas em Creches por Dependência Administrativa";"Rio Caeté";"Bragança";"Municipal";"2021";409
"Social";"Educação";"Número de Matrículas em Creches por Dependência Administrativa";"Rio Caeté";"Bragança";"Municipal";"2022";370
"Social";"Educação";"Número de Matrículas em Creches por Dependência Administrativa";"Rio Caeté";"Bragança";"Municipal";"2023";407
"Social";"Educação";"Número de Matrículas em Creches por Dependência Administrativa";"Rio Caeté";"Bragança";"Municipal";"2024";438
"Social";"Educação";"Número de Matrículas em Creches por Dependência Administrativa";"Xingu";"Brasil Novo";"Municipal";"2019";328
"Social";"Educação";"Número de Matrículas em Creches por Dependência Administrativa";"Xingu";"Brasil Novo";"Municipal";"2020";290
"Social";"Educação";"Número de Matrículas em Creches por Dependência Administrativa";"Xingu";"Brasil Novo";"Municipal";"2021";218
"Social";"Educação";"Número de Matrículas em Creches por Dependência Administrativa";"Xingu";"Brasil Novo";"Municipal";"2022";311
"Social";"Educação";"Número de Matrículas em Creches por Dependência Administrativa";"Xingu";"Brasil Novo";"Municipal";"2023";428
"Social";"Educação";"Número de Matrículas em Creches por Dependência Administrativa";"Xingu";"Brasil Novo";"Municipal";"2024";518
"Social";"Educação";"Número de Matrículas em Creches por Dependência Administrativa";"Carajás";"Brejo Grande do Araguaia";"Municipal";"2019";194
"Social";"Educação";"Número de Matrículas em Creches por Dependência Administrativa";"Carajás";"Brejo Grande do Araguaia";"Municipal";"2020";161
"Social";"Educação";"Número de Matrículas em Creches por Dependência Administrativa";"Carajás";"Brejo Grande do Araguaia";"Municipal";"2021";198
"Social";"Educação";"Número de Matrículas em Creches por Dependência Administrativa";"Carajás";"Brejo Grande do Araguaia";"Municipal";"2022";209
"Social";"Educação";"Número de Matrículas em Creches por Dependência Administrativa";"Carajás";"Brejo Grande do Araguaia";"Municipal";"2023";215
"Social";"Educação";"Número de Matrículas em Creches por Dependência Administrativa";"Carajás";"Brejo Grande do Araguaia";"Municipal";"2024";206
"Social";"Educação";"Número de Matrículas em Creches por Dependência Administrativa";"Lago de Tucuruí";"Breu Branco";"Municipal";"2019";344
"Social";"Educação";"Número de Matrículas em Creches por Dependência Administrativa";"Lago de Tucuruí";"Breu Branco";"Municipal";"2020";329
"Social";"Educação";"Número de Matrículas em Creches por Dependência Administrativa";"Lago de Tucuruí";"Breu Branco";"Municipal";"2021";300
"Social";"Educação";"Número de Matrículas em Creches por Dependência Administrativa";"Lago de Tucuruí";"Breu Branco";"Municipal";"2022";465
"Social";"Educação";"Número de Matrículas em Creches por Dependência Administrativa";"Lago de Tucuruí";"Breu Branco";"Municipal";"2023";750
"Social";"Educação";"Número de Matrículas em Creches por Dependência Administrativa";"Lago de Tucuruí";"Breu Branco";"Municipal";"2024";889
"Social";"Educação";"Número de Matrículas em Creches por Dependência Administrativa";"Marajó";"Breves";"Municipal";"2019";1171
"Social";"Educação";"Número de Matrículas em Creches por Dependência Administrativa";"Marajó";"Breves";"Municipal";"2020";1017
"Social";"Educação";"Número de Matrículas em Creches por Dependência Administrativa";"Marajó";"Breves";"Municipal";"2021";1598
"Social";"Educação";"Número de Matrículas em Creches por Dependência Administrativa";"Marajó";"Breves";"Municipal";"2022";1945
"Social";"Educação";"Número de Matrículas em Creches por Dependência Administrativa";"Marajó";"Breves";"Municipal";"2023";1788
"Social";"Educação";"Número de Matrículas em Creches por Dependência Administrativa";"Marajó";"Breves";"Municipal";"2024";2308
"Social";"Educação";"Número de Matrículas em Creches por Dependência Administrativa";"Rio Capim";"Bujaru";"Municipal";"2019";275
"Social";"Educação";"Número de Matrículas em Creches por Dependência Administrativa";"Rio Capim";"Bujaru";"Municipal";"2020";215
"Social";"Educação";"Número de Matrículas em Creches por Dependência Administrativa";"Rio Capim";"Bujaru";"Municipal";"2021";498
"Social";"Educação";"Número de Matrículas em Creches por Dependência Administrativa";"Rio Capim";"Bujaru";"Municipal";"2022";449
"Social";"Educação";"Número de Matrículas em Creches por Dependência Administrativa";"Rio Capim";"Bujaru";"Municipal";"2023";576
"Social";"Educação";"Número de Matrículas em Creches por Dependência Administrativa";"Rio Capim";"Bujaru";"Municipal";"2024";632
"Social";"Educação";"Número de Matrículas em Creches por Dependência Administrativa";"Marajó";"Cachoeira do Arari";"Municipal";"2019";371
"Social";"Educação";"Número de Matrículas em Creches por Dependência Administrativa";"Marajó";"Cachoeira do Arari";"Municipal";"2020";343
"Social";"Educação";"Número de Matrículas em Creches por Dependência Administrativa";"Marajó";"Cachoeira do Arari";"Municipal";"2021";299
"Social";"Educação";"Número de Matrículas em Creches por Dependência Administrativa";"Marajó";"Cachoeira do Arari";"Municipal";"2022";309
"Social";"Educação";"Número de Matrículas em Creches por Dependência Administrativa";"Marajó";"Cachoeira do Arari";"Municipal";"2023";309
"Social";"Educação";"Número de Matrículas em Creches por Dependência Administrativa";"Marajó";"Cachoeira do Arari";"Municipal";"2024";319
"Social";"Educação";"Número de Matrículas em Creches por Dependência Administrativa";"Rio Caeté";"Cachoeira do Piriá";"Municipal";"2019";298
"Social";"Educação";"Número de Matrículas em Creches por Dependência Administrativa";"Rio Caeté";"Cachoeira do Piriá";"Municipal";"2020";295
"Social";"Educação";"Número de Matrículas em Creches por Dependência Administrativa";"Rio Caeté";"Cachoeira do Piriá";"Municipal";"2021";353
"Social";"Educação";"Número de Matrículas em Creches por Dependência Administrativa";"Rio Caeté";"Cachoeira do Piriá";"Municipal";"2022";272
"Social";"Educação";"Número de Matrículas em Creches por Dependência Administrativa";"Rio Caeté";"Cachoeira do Piriá";"Municipal";"2023";284
"Social";"Educação";"Número de Matrículas em Creches por Dependência Administrativa";"Rio Caeté";"Cachoeira do Piriá";"Municipal";"2024";259
"Social";"Educação";"Número de Matrículas em Creches por Dependência Administrativa";"Tocantins";"Cametá";"Municipal";"2019";1121
"Social";"Educação";"Número de Matrículas em Creches por Dependência Administrativa";"Tocantins";"Cametá";"Municipal";"2020";1170
"Social";"Educação";"Número de Matrículas em Creches por Dependência Administrativa";"Tocantins";"Cametá";"Municipal";"2021";1302
"Social";"Educação";"Número de Matrículas em Creches por Dependência Administrativa";"Tocantins";"Cametá";"Municipal";"2022";1607
"Social";"Educação";"Número de Matrículas em Creches por Dependência Administrativa";"Tocantins";"Cametá";"Municipal";"2023";1825
"Social";"Educação";"Número de Matrículas em Creches por Dependência Administrativa";"Tocantins";"Cametá";"Municipal";"2024";1908
"Social";"Educação";"Número de Matrículas em Creches por Dependência Administrativa";"Carajás";"Canaã dos Carajás";"Municipal";"2019";437
"Social";"Educação";"Número de Matrículas em Creches por Dependência Administrativa";"Carajás";"Canaã dos Carajás";"Municipal";"2020";250
"Social";"Educação";"Número de Matrículas em Creches por Dependência Administrativa";"Carajás";"Canaã dos Carajás";"Municipal";"2021";230
"Social";"Educação";"Número de Matrículas em Creches por Dependência Administrativa";"Carajás";"Canaã dos Carajás";"Municipal";"2022";335
"Social";"Educação";"Número de Matrículas em Creches por Dependência Administrativa";"Carajás";"Canaã dos Carajás";"Municipal";"2023";755
"Social";"Educação";"Número de Matrículas em Creches por Dependência Administrativa";"Carajás";"Canaã dos Carajás";"Municipal";"2024";800
"Social";"Educação";"Número de Matrículas em Creches por Dependência Administrativa";"Rio Caeté";"Capanema";"Municipal";"2019";949
"Social";"Educação";"Número de Matrículas em Creches por Dependência Administrativa";"Rio Caeté";"Capanema";"Municipal";"2020";880
"Social";"Educação";"Número de Matrículas em Creches por Dependência Administrativa";"Rio Caeté";"Capanema";"Municipal";"2021";882
"Social";"Educação";"Número de Matrículas em Creches por Dependência Administrativa";"Rio Caeté";"Capanema";"Municipal";"2022";874
"Social";"Educação";"Número de Matrículas em Creches por Dependência Administrativa";"Rio Caeté";"Capanema";"Municipal";"2023";974
"Social";"Educação";"Número de Matrículas em Creches por Dependência Administrativa";"Rio Caeté";"Capanema";"Municipal";"2024";1022
"Social";"Educação";"Número de Matrículas em Creches por Dependência Administrativa";"Rio Capim";"Capitão Poço";"Municipal";"2019";580
"Social";"Educação";"Número de Matrículas em Creches por Dependência Administrativa";"Rio Capim";"Capitão Poço";"Municipal";"2020";609
"Social";"Educação";"Número de Matrículas em Creches por Dependência Administrativa";"Rio Capim";"Capitão Poço";"Municipal";"2021";512
"Social";"Educação";"Número de Matrículas em Creches por Dependência Administrativa";"Rio Capim";"Capitão Poço";"Municipal";"2022";629
"Social";"Educação";"Número de Matrículas em Creches por Dependência Administrativa";"Rio Capim";"Capitão Poço";"Municipal";"2023";713
"Social";"Educação";"Número de Matrículas em Creches por Dependência Administrativa";"Rio Capim";"Capitão Poço";"Municipal";"2024";664
"Social";"Educação";"Número de Matrículas em Creches por Dependência Administrativa";"Guamá";"Castanhal";"Municipal";"2019";264
"Social";"Educação";"Número de Matrículas em Creches por Dependência Administrativa";"Guamá";"Castanhal";"Municipal";"2020";330
"Social";"Educação";"Número de Matrículas em Creches por Dependência Administrativa";"Guamá";"Castanhal";"Municipal";"2021";509
"Social";"Educação";"Número de Matrículas em Creches por Dependência Administrativa";"Guamá";"Castanhal";"Municipal";"2022";524
"Social";"Educação";"Número de Matrículas em Creches por Dependência Administrativa";"Guamá";"Castanhal";"Municipal";"2023";742
"Social";"Educação";"Número de Matrículas em Creches por Dependência Administrativa";"Guamá";"Castanhal";"Municipal";"2024";782
"Social";"Educação";"Número de Matrículas em Creches por Dependência Administrativa";"Marajó";"Chaves";"Municipal";"2019";70
"Social";"Educação";"Número de Matrículas em Creches por Dependência Administrativa";"Marajó";"Chaves";"Municipal";"2020";89
"Social";"Educação";"Número de Matrículas em Creches por Dependência Administrativa";"Marajó";"Chaves";"Municipal";"2021";279
"Social";"Educação";"Número de Matrículas em Creches por Dependência Administrativa";"Marajó";"Chaves";"Municipal";"2022";315
"Social";"Educação";"Número de Matrículas em Creches por Dependência Administrativa";"Marajó";"Chaves";"Municipal";"2023";353
"Social";"Educação";"Número de Matrículas em Creches por Dependência Administrativa";"Marajó";"Chaves";"Municipal";"2024";305
"Social";"Educação";"Número de Matrículas em Creches por Dependência Administrativa";"Guamá";"Colares";"Municipal";"2019";51
"Social";"Educação";"Número de Matrículas em Creches por Dependência Administrativa";"Guamá";"Colares";"Municipal";"2020";170
"Social";"Educação";"Número de Matrículas em Creches por Dependência Administrativa";"Guamá";"Colares";"Municipal";"2021";163
"Social";"Educação";"Número de Matrículas em Creches por Dependência Administrativa";"Guamá";"Colares";"Municipal";"2022";170
"Social";"Educação";"Número de Matrículas em Creches por Dependência Administrativa";"Guamá";"Colares";"Municipal";"2023";127
"Social";"Educação";"Número de Matrículas em Creches por Dependência Administrativa";"Guamá";"Colares";"Municipal";"2024";159
"Social";"Educação";"Número de Matrículas em Creches por Dependência Administrativa";"Araguaia";"Conceição do Araguaia";"Municipal";"2019";497
"Social";"Educação";"Número de Matrículas em Creches por Dependência Administrativa";"Araguaia";"Conceição do Araguaia";"Municipal";"2020";460
"Social";"Educação";"Número de Matrículas em Creches por Dependência Administrativa";"Araguaia";"Conceição do Araguaia";"Municipal";"2021";461
"Social";"Educação";"Número de Matrículas em Creches por Dependência Administrativa";"Araguaia";"Conceição do Araguaia";"Municipal";"2022";556
"Social";"Educação";"Número de Matrículas em Creches por Dependência Administrativa";"Araguaia";"Conceição do Araguaia";"Municipal";"2023";524
"Social";"Educação";"Número de Matrículas em Creches por Dependência Administrativa";"Araguaia";"Conceição do Araguaia";"Municipal";"2024";522
"Social";"Educação";"Número de Matrículas em Creches por Dependência Administrativa";"Rio Capim";"Concórdia do Pará";"Municipal";"2019";1060
"Social";"Educação";"Número de Matrículas em Creches por Dependência Administrativa";"Rio Capim";"Concórdia do Pará";"Municipal";"2020";1087
"Social";"Educação";"Número de Matrículas em Creches por Dependência Administrativa";"Rio Capim";"Concórdia do Pará";"Municipal";"2021";1192
"Social";"Educação";"Número de Matrículas em Creches por Dependência Administrativa";"Rio Capim";"Concórdia do Pará";"Municipal";"2022";1110
"Social";"Educação";"Número de Matrículas em Creches por Dependência Administrativa";"Rio Capim";"Concórdia do Pará";"Municipal";"2023";1233
"Social";"Educação";"Número de Matrículas em Creches por Dependência Administrativa";"Rio Capim";"Concórdia do Pará";"Municipal";"2024";1225
"Social";"Educação";"Número de Matrículas em Creches por Dependência Administrativa";"Araguaia";"Cumaru do Norte";"Municipal";"2019";183
"Social";"Educação";"Número de Matrículas em Creches por Dependência Administrativa";"Araguaia";"Cumaru do Norte";"Municipal";"2020";195
"Social";"Educação";"Número de Matrículas em Creches por Dependência Administrativa";"Araguaia";"Cumaru do Norte";"Municipal";"2021";221
"Social";"Educação";"Número de Matrículas em Creches por Dependência Administrativa";"Araguaia";"Cumaru do Norte";"Municipal";"2022";251
"Social";"Educação";"Número de Matrículas em Creches por Dependência Administrativa";"Araguaia";"Cumaru do Norte";"Municipal";"2023";344
"Social";"Educação";"Número de Matrículas em Creches por Dependência Administrativa";"Araguaia";"Cumaru do Norte";"Municipal";"2024";409
"Social";"Educação";"Número de Matrículas em Creches por Dependência Administrativa";"Carajás";"Curionópolis";"Municipal";"2019";258
"Social";"Educação";"Número de Matrículas em Creches por Dependência Administrativa";"Carajás";"Curionópolis";"Municipal";"2020";236
"Social";"Educação";"Número de Matrículas em Creches por Dependência Administrativa";"Carajás";"Curionópolis";"Municipal";"2021";249
"Social";"Educação";"Número de Matrículas em Creches por Dependência Administrativa";"Carajás";"Curionópolis";"Municipal";"2022";565
"Social";"Educação";"Número de Matrículas em Creches por Dependência Administrativa";"Carajás";"Curionópolis";"Municipal";"2023";808
"Social";"Educação";"Número de Matrículas em Creches por Dependência Administrativa";"Carajás";"Curionópolis";"Municipal";"2024";718
"Social";"Educação";"Número de Matrículas em Creches por Dependência Administrativa";"Marajó";"Curralinho";"Municipal";"2019";238
"Social";"Educação";"Número de Matrículas em Creches por Dependência Administrativa";"Marajó";"Curralinho";"Municipal";"2020";226
"Social";"Educação";"Número de Matrículas em Creches por Dependência Administrativa";"Marajó";"Curralinho";"Municipal";"2021";254
"Social";"Educação";"Número de Matrículas em Creches por Dependência Administrativa";"Marajó";"Curralinho";"Municipal";"2022";288
"Social";"Educação";"Número de Matrículas em Creches por Dependência Administrativa";"Marajó";"Curralinho";"Municipal";"2023";397
"Social";"Educação";"Número de Matrículas em Creches por Dependência Administrativa";"Marajó";"Curralinho";"Municipal";"2024";415
"Social";"Educação";"Número de Matrículas em Creches por Dependência Administrativa";"Baixo Amazonas";"Curuá";"Municipal";"2019";266
"Social";"Educação";"Número de Matrículas em Creches por Dependência Administrativa";"Baixo Amazonas";"Curuá";"Municipal";"2020";247
"Social";"Educação";"Número de Matrículas em Creches por Dependência Administrativa";"Baixo Amazonas";"Curuá";"Municipal";"2021";233
"Social";"Educação";"Número de Matrículas em Creches por Dependência Administrativa";"Baixo Amazonas";"Curuá";"Municipal";"2022";243
"Social";"Educação";"Número de Matrículas em Creches por Dependência Administrativa";"Baixo Amazonas";"Curuá";"Municipal";"2023";222
"Social";"Educação";"Número de Matrículas em Creches por Dependência Administrativa";"Baixo Amazonas";"Curuá";"Municipal";"2024";212
"Social";"Educação";"Número de Matrículas em Creches por Dependência Administrativa";"Guamá";"Curuçá";"Municipal";"2019";178
"Social";"Educação";"Número de Matrículas em Creches por Dependência Administrativa";"Guamá";"Curuçá";"Municipal";"2020";302
"Social";"Educação";"Número de Matrículas em Creches por Dependência Administrativa";"Guamá";"Curuçá";"Municipal";"2021";616
"Social";"Educação";"Número de Matrículas em Creches por Dependência Administrativa";"Guamá";"Curuçá";"Municipal";"2022";784
"Social";"Educação";"Número de Matrículas em Creches por Dependência Administrativa";"Guamá";"Curuçá";"Municipal";"2023";837
"Social";"Educação";"Número de Matrículas em Creches por Dependência Administrativa";"Guamá";"Curuçá";"Municipal";"2024";759
"Social";"Educação";"Número de Matrículas em Creches por Dependência Administrativa";"Rio Capim";"Dom Eliseu";"Municipal";"2019";849
"Social";"Educação";"Número de Matrículas em Creches por Dependência Administrativa";"Rio Capim";"Dom Eliseu";"Municipal";"2020";919
"Social";"Educação";"Número de Matrículas em Creches por Dependência Administrativa";"Rio Capim";"Dom Eliseu";"Municipal";"2021";998
"Social";"Educação";"Número de Matrículas em Creches por Dependência Administrativa";"Rio Capim";"Dom Eliseu";"Municipal";"2022";983
"Social";"Educação";"Número de Matrículas em Creches por Dependência Administrativa";"Rio Capim";"Dom Eliseu";"Municipal";"2023";913
"Social";"Educação";"Número de Matrículas em Creches por Dependência Administrativa";"Rio Capim";"Dom Eliseu";"Municipal";"2024";953
"Social";"Educação";"Número de Matrículas em Creches por Dependência Administrativa";"Carajás";"Eldorado do Carajás";"Municipal";"2019";127
"Social";"Educação";"Número de Matrículas em Creches por Dependência Administrativa";"Carajás";"Eldorado do Carajás";"Municipal";"2020";178
"Social";"Educação";"Número de Matrículas em Creches por Dependência Administrativa";"Carajás";"Eldorado do Carajás";"Municipal";"2021";221
"Social";"Educação";"Número de Matrículas em Creches por Dependência Administrativa";"Carajás";"Eldorado do Carajás";"Municipal";"2022";246
"Social";"Educação";"Número de Matrículas em Creches por Dependência Administrativa";"Carajás";"Eldorado do Carajás";"Municipal";"2023";473
"Social";"Educação";"Número de Matrículas em Creches por Dependência Administrativa";"Carajás";"Eldorado do Carajás";"Municipal";"2024";489
"Social";"Educação";"Número de Matrículas em Creches por Dependência Administrativa";"Baixo Amazonas";"Faro";"Municipal";"2019";254
"Social";"Educação";"Número de Matrículas em Creches por Dependência Administrativa";"Baixo Amazonas";"Faro";"Municipal";"2020";213
"Social";"Educação";"Número de Matrículas em Creches por Dependência Administrativa";"Baixo Amazonas";"Faro";"Municipal";"2021";298
"Social";"Educação";"Número de Matrículas em Creches por Dependência Administrativa";"Baixo Amazonas";"Faro";"Municipal";"2022";379
"Social";"Educação";"Número de Matrículas em Creches por Dependência Administrativa";"Baixo Amazonas";"Faro";"Municipal";"2023";401
"Social";"Educação";"Número de Matrículas em Creches por Dependência Administrativa";"Baixo Amazonas";"Faro";"Municipal";"2024";323
"Social";"Educação";"Número de Matrículas em Creches por Dependência Administrativa";"Araguaia";"Floresta do Araguaia";"Municipal";"2019";310
"Social";"Educação";"Número de Matrículas em Creches por Dependência Administrativa";"Araguaia";"Floresta do Araguaia";"Municipal";"2020";292
"Social";"Educação";"Número de Matrículas em Creches por Dependência Administrativa";"Araguaia";"Floresta do Araguaia";"Municipal";"2021";305
"Social";"Educação";"Número de Matrículas em Creches por Dependência Administrativa";"Araguaia";"Floresta do Araguaia";"Municipal";"2022";300
"Social";"Educação";"Número de Matrículas em Creches por Dependência Administrativa";"Araguaia";"Floresta do Araguaia";"Municipal";"2023";297
"Social";"Educação";"Número de Matrículas em Creches por Dependência Administrativa";"Araguaia";"Floresta do Araguaia";"Municipal";"2024";307
"Social";"Educação";"Número de Matrículas em Creches por Dependência Administrativa";"Rio Capim";"Garrafão do Norte";"Municipal";"2019";329
"Social";"Educação";"Número de Matrículas em Creches por Dependência Administrativa";"Rio Capim";"Garrafão do Norte";"Municipal";"2020";370
"Social";"Educação";"Número de Matrículas em Creches por Dependência Administrativa";"Rio Capim";"Garrafão do Norte";"Municipal";"2021";356
"Social";"Educação";"Número de Matrículas em Creches por Dependência Administrativa";"Rio Capim";"Garrafão do Norte";"Municipal";"2022";373
"Social";"Educação";"Número de Matrículas em Creches por Dependência Administrativa";"Rio Capim";"Garrafão do Norte";"Municipal";"2023";425
"Social";"Educação";"Número de Matrículas em Creches por Dependência Administrativa";"Rio Capim";"Garrafão do Norte";"Municipal";"2024";401
"Social";"Educação";"Número de Matrículas em Creches por Dependência Administrativa";"Lago de Tucuruí";"Goianésia do Pará";"Municipal";"2019";322
"Social";"Educação";"Número de Matrículas em Creches por Dependência Administrativa";"Lago de Tucuruí";"Goianésia do Pará";"Municipal";"2020";262
"Social";"Educação";"Número de Matrículas em Creches por Dependência Administrativa";"Lago de Tucuruí";"Goianésia do Pará";"Municipal";"2021";291
"Social";"Educação";"Número de Matrículas em Creches por Dependência Administrativa";"Lago de Tucuruí";"Goianésia do Pará";"Municipal";"2022";457
"Social";"Educação";"Número de Matrículas em Creches por Dependência Administrativa";"Lago de Tucuruí";"Goianésia do Pará";"Municipal";"2023";518
"Social";"Educação";"Número de Matrículas em Creches por Dependência Administrativa";"Lago de Tucuruí";"Goianésia do Pará";"Municipal";"2024";552
"Social";"Educação";"Número de Matrículas em Creches por Dependência Administrativa";"Marajó";"Gurupá";"Municipal";"2019";265
"Social";"Educação";"Número de Matrículas em Creches por Dependência Administrativa";"Marajó";"Gurupá";"Municipal";"2020";268
"Social";"Educação";"Número de Matrículas em Creches por Dependência Administrativa";"Marajó";"Gurupá";"Municipal";"2021";245
"Social";"Educação";"Número de Matrículas em Creches por Dependência Administrativa";"Marajó";"Gurupá";"Municipal";"2022";267
"Social";"Educação";"Número de Matrículas em Creches por Dependência Administrativa";"Marajó";"Gurupá";"Municipal";"2023";566
"Social";"Educação";"Número de Matrículas em Creches por Dependência Administrativa";"Marajó";"Gurupá";"Municipal";"2024";502
"Social";"Educação";"Número de Matrículas em Creches por Dependência Administrativa";"Guamá";"Igarapé-Açu";"Municipal";"2019";455
"Social";"Educação";"Número de Matrículas em Creches por Dependência Administrativa";"Guamá";"Igarapé-Açu";"Municipal";"2020";421
"Social";"Educação";"Número de Matrículas em Creches por Dependência Administrativa";"Guamá";"Igarapé-Açu";"Municipal";"2021";352
"Social";"Educação";"Número de Matrículas em Creches por Dependência Administrativa";"Guamá";"Igarapé-Açu";"Municipal";"2022";413
"Social";"Educação";"Número de Matrículas em Creches por Dependência Administrativa";"Guamá";"Igarapé-Açu";"Municipal";"2023";420
"Social";"Educação";"Número de Matrículas em Creches por Dependência Administrativa";"Guamá";"Igarapé-Açu";"Municipal";"2024";416
"Social";"Educação";"Número de Matrículas em Creches por Dependência Administrativa";"Tocantins";"Igarapé-Miri";"Municipal";"2019";527
"Social";"Educação";"Número de Matrículas em Creches por Dependência Administrativa";"Tocantins";"Igarapé-Miri";"Municipal";"2020";561
"Social";"Educação";"Número de Matrículas em Creches por Dependência Administrativa";"Tocantins";"Igarapé-Miri";"Municipal";"2021";570
"Social";"Educação";"Número de Matrículas em Creches por Dependência Administrativa";"Tocantins";"Igarapé-Miri";"Municipal";"2022";635
"Social";"Educação";"Número de Matrículas em Creches por Dependência Administrativa";"Tocantins";"Igarapé-Miri";"Municipal";"2023";702
"Social";"Educação";"Número de Matrículas em Creches por Dependência Administrativa";"Tocantins";"Igarapé-Miri";"Municipal";"2024";725
"Social";"Educação";"Número de Matrículas em Creches por Dependência Administrativa";"Guamá";"Inhangapi";"Municipal";"2019";0
"Social";"Educação";"Número de Matrículas em Creches por Dependência Administrativa";"Guamá";"Inhangapi";"Municipal";"2020";0
"Social";"Educação";"Número de Matrículas em Creches por Dependência Administrativa";"Guamá";"Inhangapi";"Municipal";"2021";0
"Social";"Educação";"Número de Matrículas em Creches por Dependência Administrativa";"Guamá";"Inhangapi";"Municipal";"2022";0
"Social";"Educação";"Número de Matrículas em Creches por Dependência Administrativa";"Guamá";"Inhangapi";"Municipal";"2023";0
"Social";"Educação";"Número de Matrículas em Creches por Dependência Administrativa";"Guamá";"Inhangapi";"Municipal";"2024";0
"Social";"Educação";"Número de Matrículas em Creches por Dependência Administrativa";"Rio Capim";"Ipixuna do Pará";"Municipal";"2019";841
"Social";"Educação";"Número de Matrículas em Creches por Dependência Administrativa";"Rio Capim";"Ipixuna do Pará";"Municipal";"2020";868
"Social";"Educação";"Número de Matrículas em Creches por Dependência Administrativa";"Rio Capim";"Ipixuna do Pará";"Municipal";"2021";934
"Social";"Educação";"Número de Matrículas em Creches por Dependência Administrativa";"Rio Capim";"Ipixuna do Pará";"Municipal";"2022";1111
"Social";"Educação";"Número de Matrículas em Creches por Dependência Administrativa";"Rio Capim";"Ipixuna do Pará";"Municipal";"2023";967
"Social";"Educação";"Número de Matrículas em Creches por Dependência Administrativa";"Rio Capim";"Ipixuna do Pará";"Municipal";"2024";956
"Social";"Educação";"Número de Matrículas em Creches por Dependência Administrativa";"Rio Capim";"Irituia";"Municipal";"2019";3
"Social";"Educação";"Número de Matrículas em Creches por Dependência Administrativa";"Rio Capim";"Irituia";"Municipal";"2020";0
"Social";"Educação";"Número de Matrículas em Creches por Dependência Administrativa";"Rio Capim";"Irituia";"Municipal";"2021";0
"Social";"Educação";"Número de Matrículas em Creches por Dependência Administrativa";"Rio Capim";"Irituia";"Municipal";"2022";134
"Social";"Educação";"Número de Matrículas em Creches por Dependência Administrativa";"Rio Capim";"Irituia";"Municipal";"2023";376
"Social";"Educação";"Número de Matrículas em Creches por Dependência Administrativa";"Rio Capim";"Irituia";"Municipal";"2024";370
"Social";"Educação";"Número de Matrículas em Creches por Dependência Administrativa";"Tapajós";"Itaituba";"Municipal";"2019";1620
"Social";"Educação";"Número de Matrículas em Creches por Dependência Administrativa";"Tapajós";"Itaituba";"Municipal";"2020";1541
"Social";"Educação";"Número de Matrículas em Creches por Dependência Administrativa";"Tapajós";"Itaituba";"Municipal";"2021";1761
"Social";"Educação";"Número de Matrículas em Creches por Dependência Administrativa";"Tapajós";"Itaituba";"Municipal";"2022";2017
"Social";"Educação";"Número de Matrículas em Creches por Dependência Administrativa";"Tapajós";"Itaituba";"Municipal";"2023";2083
"Social";"Educação";"Número de Matrículas em Creches por Dependência Administrativa";"Tapajós";"Itaituba";"Municipal";"2024";2173
"Social";"Educação";"Número de Matrículas em Creches por Dependência Administrativa";"Lago de Tucuruí";"Itupiranga";"Municipal";"2019";0
"Social";"Educação";"Número de Matrículas em Creches por Dependência Administrativa";"Lago de Tucuruí";"Itupiranga";"Municipal";"2020";0
"Social";"Educação";"Número de Matrículas em Creches por Dependência Administrativa";"Lago de Tucuruí";"Itupiranga";"Municipal";"2021";0
"Social";"Educação";"Número de Matrículas em Creches por Dependência Administrativa";"Lago de Tucuruí";"Itupiranga";"Municipal";"2022";0
"Social";"Educação";"Número de Matrículas em Creches por Dependência Administrativa";"Lago de Tucuruí";"Itupiranga";"Municipal";"2023";556
"Social";"Educação";"Número de Matrículas em Creches por Dependência Administrativa";"Lago de Tucuruí";"Itupiranga";"Municipal";"2024";622
"Social";"Educação";"Número de Matrículas em Creches por Dependência Administrativa";"Tapajós";"Jacareacanga";"Municipal";"2019";248
"Social";"Educação";"Número de Matrículas em Creches por Dependência Administrativa";"Tapajós";"Jacareacanga";"Municipal";"2020";245
"Social";"Educação";"Número de Matrículas em Creches por Dependência Administrativa";"Tapajós";"Jacareacanga";"Municipal";"2021";179
"Social";"Educação";"Número de Matrículas em Creches por Dependência Administrativa";"Tapajós";"Jacareacanga";"Municipal";"2022";258
"Social";"Educação";"Número de Matrículas em Creches por Dependência Administrativa";"Tapajós";"Jacareacanga";"Municipal";"2023";352
"Social";"Educação";"Número de Matrículas em Creches por Dependência Administrativa";"Tapajós";"Jacareacanga";"Municipal";"2024";386
"Social";"Educação";"Número de Matrículas em Creches por Dependência Administrativa";"Lago de Tucuruí";"Jacundá";"Municipal";"2019";644
"Social";"Educação";"Número de Matrículas em Creches por Dependência Administrativa";"Lago de Tucuruí";"Jacundá";"Municipal";"2020";814
"Social";"Educação";"Número de Matrículas em Creches por Dependência Administrativa";"Lago de Tucuruí";"Jacundá";"Municipal";"2021";851
"Social";"Educação";"Número de Matrículas em Creches por Dependência Administrativa";"Lago de Tucuruí";"Jacundá";"Municipal";"2022";931
"Social";"Educação";"Número de Matrículas em Creches por Dependência Administrativa";"Lago de Tucuruí";"Jacundá";"Municipal";"2023";961
"Social";"Educação";"Número de Matrículas em Creches por Dependência Administrativa";"Lago de Tucuruí";"Jacundá";"Municipal";"2024";890
"Social";"Educação";"Número de Matrículas em Creches por Dependência Administrativa";"Baixo Amazonas";"Juruti";"Municipal";"2019";655
"Social";"Educação";"Número de Matrículas em Creches por Dependência Administrativa";"Baixo Amazonas";"Juruti";"Municipal";"2020";527
"Social";"Educação";"Número de Matrículas em Creches por Dependência Administrativa";"Baixo Amazonas";"Juruti";"Municipal";"2021";579
"Social";"Educação";"Número de Matrículas em Creches por Dependência Administrativa";"Baixo Amazonas";"Juruti";"Municipal";"2022";637
"Social";"Educação";"Número de Matrículas em Creches por Dependência Administrativa";"Baixo Amazonas";"Juruti";"Municipal";"2023";524
"Social";"Educação";"Número de Matrículas em Creches por Dependência Administrativa";"Baixo Amazonas";"Juruti";"Municipal";"2024";575
"Social";"Educação";"Número de Matrículas em Creches por Dependência Administrativa";"Tocantins";"Limoeiro do Ajuru";"Municipal";"2019";183
"Social";"Educação";"Número de Matrículas em Creches por Dependência Administrativa";"Tocantins";"Limoeiro do Ajuru";"Municipal";"2020";177
"Social";"Educação";"Número de Matrículas em Creches por Dependência Administrativa";"Tocantins";"Limoeiro do Ajuru";"Municipal";"2021";371
"Social";"Educação";"Número de Matrículas em Creches por Dependência Administrativa";"Tocantins";"Limoeiro do Ajuru";"Municipal";"2022";590
"Social";"Educação";"Número de Matrículas em Creches por Dependência Administrativa";"Tocantins";"Limoeiro do Ajuru";"Municipal";"2023";508
"Social";"Educação";"Número de Matrículas em Creches por Dependência Administrativa";"Tocantins";"Limoeiro do Ajuru";"Municipal";"2024";520
"Social";"Educação";"Número de Matrículas em Creches por Dependência Administrativa";"Rio Capim";"Mãe do Rio";"Municipal";"2019";375
"Social";"Educação";"Número de Matrículas em Creches por Dependência Administrativa";"Rio Capim";"Mãe do Rio";"Municipal";"2020";361
"Social";"Educação";"Número de Matrículas em Creches por Dependência Administrativa";"Rio Capim";"Mãe do Rio";"Municipal";"2021";356
"Social";"Educação";"Número de Matrículas em Creches por Dependência Administrativa";"Rio Capim";"Mãe do Rio";"Municipal";"2022";501
"Social";"Educação";"Número de Matrículas em Creches por Dependência Administrativa";"Rio Capim";"Mãe do Rio";"Municipal";"2023";567
"Social";"Educação";"Número de Matrículas em Creches por Dependência Administrativa";"Rio Capim";"Mãe do Rio";"Municipal";"2024";534
"Social";"Educação";"Número de Matrículas em Creches por Dependência Administrativa";"Guamá";"Magalhães Barata";"Municipal";"2019";212
"Social";"Educação";"Número de Matrículas em Creches por Dependência Administrativa";"Guamá";"Magalhães Barata";"Municipal";"2020";157
"Social";"Educação";"Número de Matrículas em Creches por Dependência Administrativa";"Guamá";"Magalhães Barata";"Municipal";"2021";202
"Social";"Educação";"Número de Matrículas em Creches por Dependência Administrativa";"Guamá";"Magalhães Barata";"Municipal";"2022";282
"Social";"Educação";"Número de Matrículas em Creches por Dependência Administrativa";"Guamá";"Magalhães Barata";"Municipal";"2023";243
"Social";"Educação";"Número de Matrículas em Creches por Dependência Administrativa";"Guamá";"Magalhães Barata";"Municipal";"2024";197
"Social";"Educação";"Número de Matrículas em Creches por Dependência Administrativa";"Carajás";"Marabá";"Municipal";"2019";2333
"Social";"Educação";"Número de Matrículas em Creches por Dependência Administrativa";"Carajás";"Marabá";"Municipal";"2020";2151
"Social";"Educação";"Número de Matrículas em Creches por Dependência Administrativa";"Carajás";"Marabá";"Municipal";"2021";2000
"Social";"Educação";"Número de Matrículas em Creches por Dependência Administrativa";"Carajás";"Marabá";"Municipal";"2022";2934
"Social";"Educação";"Número de Matrículas em Creches por Dependência Administrativa";"Carajás";"Marabá";"Municipal";"2023";3070
"Social";"Educação";"Número de Matrículas em Creches por Dependência Administrativa";"Carajás";"Marabá";"Municipal";"2024";3021
"Social";"Educação";"Número de Matrículas em Creches por Dependência Administrativa";"Guamá";"Maracanã";"Municipal";"2019";388
"Social";"Educação";"Número de Matrículas em Creches por Dependência Administrativa";"Guamá";"Maracanã";"Municipal";"2020";288
"Social";"Educação";"Número de Matrículas em Creches por Dependência Administrativa";"Guamá";"Maracanã";"Municipal";"2021";275
"Social";"Educação";"Número de Matrículas em Creches por Dependência Administrativa";"Guamá";"Maracanã";"Municipal";"2022";430
"Social";"Educação";"Número de Matrículas em Creches por Dependência Administrativa";"Guamá";"Maracanã";"Municipal";"2023";492
"Social";"Educação";"Número de Matrículas em Creches por Dependência Administrativa";"Guamá";"Maracanã";"Municipal";"2024";513
"Social";"Educação";"Número de Matrículas em Creches por Dependência Administrativa";"Guamá";"Marapanim";"Municipal";"2019";170
"Social";"Educação";"Número de Matrículas em Creches por Dependência Administrativa";"Guamá";"Marapanim";"Municipal";"2020";207
"Social";"Educação";"Número de Matrículas em Creches por Dependência Administrativa";"Guamá";"Marapanim";"Municipal";"2021";219
"Social";"Educação";"Número de Matrículas em Creches por Dependência Administrativa";"Guamá";"Marapanim";"Municipal";"2022";236
"Social";"Educação";"Número de Matrículas em Creches por Dependência Administrativa";"Guamá";"Marapanim";"Municipal";"2023";268
"Social";"Educação";"Número de Matrículas em Creches por Dependência Administrativa";"Guamá";"Marapanim";"Municipal";"2024";252
"Social";"Educação";"Número de Matrículas em Creches por Dependência Administrativa";"Guajará";"Marituba";"Municipal";"2019";2205
"Social";"Educação";"Número de Matrículas em Creches por Dependência Administrativa";"Guajará";"Marituba";"Municipal";"2020";2190
"Social";"Educação";"Número de Matrículas em Creches por Dependência Administrativa";"Guajará";"Marituba";"Municipal";"2021";1913
"Social";"Educação";"Número de Matrículas em Creches por Dependência Administrativa";"Guajará";"Marituba";"Municipal";"2022";2169
"Social";"Educação";"Número de Matrículas em Creches por Dependência Administrativa";"Guajará";"Marituba";"Municipal";"2023";2167
"Social";"Educação";"Número de Matrículas em Creches por Dependência Administrativa";"Guajará";"Marituba";"Municipal";"2024";2256
"Social";"Educação";"Número de Matrículas em Creches por Dependência Administrativa";"Xingu";"Medicilândia";"Municipal";"2019";128
"Social";"Educação";"Número de Matrículas em Creches por Dependência Administrativa";"Xingu";"Medicilândia";"Municipal";"2020";206
"Social";"Educação";"Número de Matrículas em Creches por Dependência Administrativa";"Xingu";"Medicilândia";"Municipal";"2021";260
"Social";"Educação";"Número de Matrículas em Creches por Dependência Administrativa";"Xingu";"Medicilândia";"Municipal";"2022";260
"Social";"Educação";"Número de Matrículas em Creches por Dependência Administrativa";"Xingu";"Medicilândia";"Municipal";"2023";254
"Social";"Educação";"Número de Matrículas em Creches por Dependência Administrativa";"Xingu";"Medicilândia";"Municipal";"2024";215
"Social";"Educação";"Número de Matrículas em Creches por Dependência Administrativa";"Marajó";"Melgaço";"Municipal";"2019";345
"Social";"Educação";"Número de Matrículas em Creches por Dependência Administrativa";"Marajó";"Melgaço";"Municipal";"2020";333
"Social";"Educação";"Número de Matrículas em Creches por Dependência Administrativa";"Marajó";"Melgaço";"Municipal";"2021";350
"Social";"Educação";"Número de Matrículas em Creches por Dependência Administrativa";"Marajó";"Melgaço";"Municipal";"2022";371
"Social";"Educação";"Número de Matrículas em Creches por Dependência Administrativa";"Marajó";"Melgaço";"Municipal";"2023";459
"Social";"Educação";"Número de Matrículas em Creches por Dependência Administrativa";"Marajó";"Melgaço";"Municipal";"2024";445
"Social";"Educação";"Número de Matrículas em Creches por Dependência Administrativa";"Tocantins";"Mocajuba";"Municipal";"2019";595
"Social";"Educação";"Número de Matrículas em Creches por Dependência Administrativa";"Tocantins";"Mocajuba";"Municipal";"2020";574
"Social";"Educação";"Número de Matrículas em Creches por Dependência Administrativa";"Tocantins";"Mocajuba";"Municipal";"2021";669
"Social";"Educação";"Número de Matrículas em Creches por Dependência Administrativa";"Tocantins";"Mocajuba";"Municipal";"2022";614
"Social";"Educação";"Número de Matrículas em Creches por Dependência Administrativa";"Tocantins";"Mocajuba";"Municipal";"2023";739
"Social";"Educação";"Número de Matrículas em Creches por Dependência Administrativa";"Tocantins";"Mocajuba";"Municipal";"2024";724
"Social";"Educação";"Número de Matrículas em Creches por Dependência Administrativa";"Tocantins";"Moju";"Municipal";"2019";819
"Social";"Educação";"Número de Matrículas em Creches por Dependência Administrativa";"Tocantins";"Moju";"Municipal";"2020";839
"Social";"Educação";"Número de Matrículas em Creches por Dependência Administrativa";"Tocantins";"Moju";"Municipal";"2021";691
"Social";"Educação";"Número de Matrículas em Creches por Dependência Administrativa";"Tocantins";"Moju";"Municipal";"2022";951
"Social";"Educação";"Número de Matrículas em Creches por Dependência Administrativa";"Tocantins";"Moju";"Municipal";"2023";1118
"Social";"Educação";"Número de Matrículas em Creches por Dependência Administrativa";"Tocantins";"Moju";"Municipal";"2024";1320
"Social";"Educação";"Número de Matrículas em Creches por Dependência Administrativa";"Baixo Amazonas";"Mojuí dos campos";"Municipal";"2019";0
"Social";"Educação";"Número de Matrículas em Creches por Dependência Administrativa";"Baixo Amazonas";"Mojuí dos campos";"Municipal";"2020";0
"Social";"Educação";"Número de Matrículas em Creches por Dependência Administrativa";"Baixo Amazonas";"Mojuí dos campos";"Municipal";"2021";0
"Social";"Educação";"Número de Matrículas em Creches por Dependência Administrativa";"Baixo Amazonas";"Mojuí dos campos";"Municipal";"2022";0
"Social";"Educação";"Número de Matrículas em Creches por Dependência Administrativa";"Baixo Amazonas";"Mojuí dos campos";"Municipal";"2023";0
"Social";"Educação";"Número de Matrículas em Creches por Dependência Administrativa";"Baixo Amazonas";"Mojuí dos campos";"Municipal";"2024";0
"Social";"Educação";"Número de Matrículas em Creches por Dependência Administrativa";"Baixo Amazonas";"Monte Alegre";"Municipal";"2019";872
"Social";"Educação";"Número de Matrículas em Creches por Dependência Administrativa";"Baixo Amazonas";"Monte Alegre";"Municipal";"2020";754
"Social";"Educação";"Número de Matrículas em Creches por Dependência Administrativa";"Baixo Amazonas";"Monte Alegre";"Municipal";"2021";654
"Social";"Educação";"Número de Matrículas em Creches por Dependência Administrativa";"Baixo Amazonas";"Monte Alegre";"Municipal";"2022";679
"Social";"Educação";"Número de Matrículas em Creches por Dependência Administrativa";"Baixo Amazonas";"Monte Alegre";"Municipal";"2023";838
"Social";"Educação";"Número de Matrículas em Creches por Dependência Administrativa";"Baixo Amazonas";"Monte Alegre";"Municipal";"2024";860
"Social";"Educação";"Número de Matrículas em Creches por Dependência Administrativa";"Marajó";"Muaná";"Municipal";"2019";0
"Social";"Educação";"Número de Matrículas em Creches por Dependência Administrativa";"Marajó";"Muaná";"Municipal";"2020";0
"Social";"Educação";"Número de Matrículas em Creches por Dependência Administrativa";"Marajó";"Muaná";"Municipal";"2021";0
"Social";"Educação";"Número de Matrículas em Creches por Dependência Administrativa";"Marajó";"Muaná";"Municipal";"2022";66
"Social";"Educação";"Número de Matrículas em Creches por Dependência Administrativa";"Marajó";"Muaná";"Municipal";"2023";85
"Social";"Educação";"Número de Matrículas em Creches por Dependência Administrativa";"Marajó";"Muaná";"Municipal";"2024";47
"Social";"Educação";"Número de Matrículas em Creches por Dependência Administrativa";"Rio Capim";"Nova Esperança do Piriá";"Municipal";"2019";177
"Social";"Educação";"Número de Matrículas em Creches por Dependência Administrativa";"Rio Capim";"Nova Esperança do Piriá";"Municipal";"2020";196
"Social";"Educação";"Número de Matrículas em Creches por Dependência Administrativa";"Rio Capim";"Nova Esperança do Piriá";"Municipal";"2021";260
"Social";"Educação";"Número de Matrículas em Creches por Dependência Administrativa";"Rio Capim";"Nova Esperança do Piriá";"Municipal";"2022";294
"Social";"Educação";"Número de Matrículas em Creches por Dependência Administrativa";"Rio Capim";"Nova Esperança do Piriá";"Municipal";"2023";360
"Social";"Educação";"Número de Matrículas em Creches por Dependência Administrativa";"Rio Capim";"Nova Esperança do Piriá";"Municipal";"2024";331
"Social";"Educação";"Número de Matrículas em Creches por Dependência Administrativa";"Lago de Tucuruí";"Nova Ipixuna";"Municipal";"2019";161
"Social";"Educação";"Número de Matrículas em Creches por Dependência Administrativa";"Lago de Tucuruí";"Nova Ipixuna";"Municipal";"2020";149
"Social";"Educação";"Número de Matrículas em Creches por Dependência Administrativa";"Lago de Tucuruí";"Nova Ipixuna";"Municipal";"2021";146
"Social";"Educação";"Número de Matrículas em Creches por Dependência Administrativa";"Lago de Tucuruí";"Nova Ipixuna";"Municipal";"2022";201
"Social";"Educação";"Número de Matrículas em Creches por Dependência Administrativa";"Lago de Tucuruí";"Nova Ipixuna";"Municipal";"2023";225
"Social";"Educação";"Número de Matrículas em Creches por Dependência Administrativa";"Lago de Tucuruí";"Nova Ipixuna";"Municipal";"2024";205
"Social";"Educação";"Número de Matrículas em Creches por Dependência Administrativa";"Rio Caeté";"Nova Timboteua";"Municipal";"2019";182
"Social";"Educação";"Número de Matrículas em Creches por Dependência Administrativa";"Rio Caeté";"Nova Timboteua";"Municipal";"2020";168
"Social";"Educação";"Número de Matrículas em Creches por Dependência Administrativa";"Rio Caeté";"Nova Timboteua";"Municipal";"2021";180
"Social";"Educação";"Número de Matrículas em Creches por Dependência Administrativa";"Rio Caeté";"Nova Timboteua";"Municipal";"2022";159
"Social";"Educação";"Número de Matrículas em Creches por Dependência Administrativa";"Rio Caeté";"Nova Timboteua";"Municipal";"2023";153
"Social";"Educação";"Número de Matrículas em Creches por Dependência Administrativa";"Rio Caeté";"Nova Timboteua";"Municipal";"2024";158
"Social";"Educação";"Número de Matrículas em Creches por Dependência Administrativa";"Tapajós";"Novo Progresso";"Municipal";"2019";850
"Social";"Educação";"Número de Matrículas em Creches por Dependência Administrativa";"Tapajós";"Novo Progresso";"Municipal";"2020";775
"Social";"Educação";"Número de Matrículas em Creches por Dependência Administrativa";"Tapajós";"Novo Progresso";"Municipal";"2021";775
"Social";"Educação";"Número de Matrículas em Creches por Dependência Administrativa";"Tapajós";"Novo Progresso";"Municipal";"2022";863
"Social";"Educação";"Número de Matrículas em Creches por Dependência Administrativa";"Tapajós";"Novo Progresso";"Municipal";"2023";958
"Social";"Educação";"Número de Matrículas em Creches por Dependência Administrativa";"Tapajós";"Novo Progresso";"Municipal";"2024";1136
"Social";"Educação";"Número de Matrículas em Creches por Dependência Administrativa";"Lago de Tucuruí";"Novo Repartimento";"Municipal";"2019";537
"Social";"Educação";"Número de Matrículas em Creches por Dependência Administrativa";"Lago de Tucuruí";"Novo Repartimento";"Municipal";"2020";515
"Social";"Educação";"Número de Matrículas em Creches por Dependência Administrativa";"Lago de Tucuruí";"Novo Repartimento";"Municipal";"2021";644
"Social";"Educação";"Número de Matrículas em Creches por Dependência Administrativa";"Lago de Tucuruí";"Novo Repartimento";"Municipal";"2022";679
"Social";"Educação";"Número de Matrículas em Creches por Dependência Administrativa";"Lago de Tucuruí";"Novo Repartimento";"Municipal";"2023";722
"Social";"Educação";"Número de Matrículas em Creches por Dependência Administrativa";"Lago de Tucuruí";"Novo Repartimento";"Municipal";"2024";720
"Social";"Educação";"Número de Matrículas em Creches por Dependência Administrativa";"Baixo Amazonas";"Óbidos";"Municipal";"2019";100
"Social";"Educação";"Número de Matrículas em Creches por Dependência Administrativa";"Baixo Amazonas";"Óbidos";"Municipal";"2020";273
"Social";"Educação";"Número de Matrículas em Creches por Dependência Administrativa";"Baixo Amazonas";"Óbidos";"Municipal";"2021";299
"Social";"Educação";"Número de Matrículas em Creches por Dependência Administrativa";"Baixo Amazonas";"Óbidos";"Municipal";"2022";323
"Social";"Educação";"Número de Matrículas em Creches por Dependência Administrativa";"Baixo Amazonas";"Óbidos";"Municipal";"2023";401
"Social";"Educação";"Número de Matrículas em Creches por Dependência Administrativa";"Baixo Amazonas";"Óbidos";"Municipal";"2024";477
"Social";"Educação";"Número de Matrículas em Creches por Dependência Administrativa";"Marajó";"Oeiras do Pará";"Municipal";"2019";369
"Social";"Educação";"Número de Matrículas em Creches por Dependência Administrativa";"Marajó";"Oeiras do Pará";"Municipal";"2020";384
"Social";"Educação";"Número de Matrículas em Creches por Dependência Administrativa";"Marajó";"Oeiras do Pará";"Municipal";"2021";499
"Social";"Educação";"Número de Matrículas em Creches por Dependência Administrativa";"Marajó";"Oeiras do Pará";"Municipal";"2022";492
"Social";"Educação";"Número de Matrículas em Creches por Dependência Administrativa";"Marajó";"Oeiras do Pará";"Municipal";"2023";457
"Social";"Educação";"Número de Matrículas em Creches por Dependência Administrativa";"Marajó";"Oeiras do Pará";"Municipal";"2024";507
"Social";"Educação";"Número de Matrículas em Creches por Dependência Administrativa";"Baixo Amazonas";"Oriximiná";"Municipal";"2019";633
"Social";"Educação";"Número de Matrículas em Creches por Dependência Administrativa";"Baixo Amazonas";"Oriximiná";"Municipal";"2020";728
"Social";"Educação";"Número de Matrículas em Creches por Dependência Administrativa";"Baixo Amazonas";"Oriximiná";"Municipal";"2021";611
"Social";"Educação";"Número de Matrículas em Creches por Dependência Administrativa";"Baixo Amazonas";"Oriximiná";"Municipal";"2022";687
"Social";"Educação";"Número de Matrículas em Creches por Dependência Administrativa";"Baixo Amazonas";"Oriximiná";"Municipal";"2023";838
"Social";"Educação";"Número de Matrículas em Creches por Dependência Administrativa";"Baixo Amazonas";"Oriximiná";"Municipal";"2024";851
"Social";"Educação";"Número de Matrículas em Creches por Dependência Administrativa";"Rio Capim";"Ourém";"Municipal";"2019";347
"Social";"Educação";"Número de Matrículas em Creches por Dependência Administrativa";"Rio Capim";"Ourém";"Municipal";"2020";371
"Social";"Educação";"Número de Matrículas em Creches por Dependência Administrativa";"Rio Capim";"Ourém";"Municipal";"2021";357
"Social";"Educação";"Número de Matrículas em Creches por Dependência Administrativa";"Rio Capim";"Ourém";"Municipal";"2022";393
"Social";"Educação";"Número de Matrículas em Creches por Dependência Administrativa";"Rio Capim";"Ourém";"Municipal";"2023";414
"Social";"Educação";"Número de Matrículas em Creches por Dependência Administrativa";"Rio Capim";"Ourém";"Municipal";"2024";374
"Social";"Educação";"Número de Matrículas em Creches por Dependência Administrativa";"Araguaia";"Ourilândia do Norte";"Municipal";"2019";473
"Social";"Educação";"Número de Matrículas em Creches por Dependência Administrativa";"Araguaia";"Ourilândia do Norte";"Municipal";"2020";441
"Social";"Educação";"Número de Matrículas em Creches por Dependência Administrativa";"Araguaia";"Ourilândia do Norte";"Municipal";"2021";397
"Social";"Educação";"Número de Matrículas em Creches por Dependência Administrativa";"Araguaia";"Ourilândia do Norte";"Municipal";"2022";478
"Social";"Educação";"Número de Matrículas em Creches por Dependência Administrativa";"Araguaia";"Ourilândia do Norte";"Municipal";"2023";500
"Social";"Educação";"Número de Matrículas em Creches por Dependência Administrativa";"Araguaia";"Ourilândia do Norte";"Municipal";"2024";451
"Social";"Educação";"Número de Matrículas em Creches por Dependência Administrativa";"Xingu";"Pacajá";"Municipal";"2019";132
"Social";"Educação";"Número de Matrículas em Creches por Dependência Administrativa";"Xingu";"Pacajá";"Municipal";"2020";226
"Social";"Educação";"Número de Matrículas em Creches por Dependência Administrativa";"Xingu";"Pacajá";"Municipal";"2021";509
"Social";"Educação";"Número de Matrículas em Creches por Dependência Administrativa";"Xingu";"Pacajá";"Municipal";"2022";292
"Social";"Educação";"Número de Matrículas em Creches por Dependência Administrativa";"Xingu";"Pacajá";"Municipal";"2023";728
"Social";"Educação";"Número de Matrículas em Creches por Dependência Administrativa";"Xingu";"Pacajá";"Municipal";"2024";981
"Social";"Educação";"Número de Matrículas em Creches por Dependência Administrativa";"Carajás";"Palestina do Pará";"Municipal";"2019";161
"Social";"Educação";"Número de Matrículas em Creches por Dependência Administrativa";"Carajás";"Palestina do Pará";"Municipal";"2020";75
"Social";"Educação";"Número de Matrículas em Creches por Dependência Administrativa";"Carajás";"Palestina do Pará";"Municipal";"2021";126
"Social";"Educação";"Número de Matrículas em Creches por Dependência Administrativa";"Carajás";"Palestina do Pará";"Municipal";"2022";124
"Social";"Educação";"Número de Matrículas em Creches por Dependência Administrativa";"Carajás";"Palestina do Pará";"Municipal";"2023";148
"Social";"Educação";"Número de Matrículas em Creches por Dependência Administrativa";"Carajás";"Palestina do Pará";"Municipal";"2024";126
"Social";"Educação";"Número de Matrículas em Creches por Dependência Administrativa";"Rio Capim";"Paragominas";"Municipal";"2019";487
"Social";"Educação";"Número de Matrículas em Creches por Dependência Administrativa";"Rio Capim";"Paragominas";"Municipal";"2020";765
"Social";"Educação";"Número de Matrículas em Creches por Dependência Administrativa";"Rio Capim";"Paragominas";"Municipal";"2021";856
"Social";"Educação";"Número de Matrículas em Creches por Dependência Administrativa";"Rio Capim";"Paragominas";"Municipal";"2022";1075
"Social";"Educação";"Número de Matrículas em Creches por Dependência Administrativa";"Rio Capim";"Paragominas";"Municipal";"2023";1132
"Social";"Educação";"Número de Matrículas em Creches por Dependência Administrativa";"Rio Capim";"Paragominas";"Municipal";"2024";1103
"Social";"Educação";"Número de Matrículas em Creches por Dependência Administrativa";"Carajás";"Parauapebas";"Municipal";"2019";2019
"Social";"Educação";"Número de Matrículas em Creches por Dependência Administrativa";"Carajás";"Parauapebas";"Municipal";"2020";2133
"Social";"Educação";"Número de Matrículas em Creches por Dependência Administrativa";"Carajás";"Parauapebas";"Municipal";"2021";1855
"Social";"Educação";"Número de Matrículas em Creches por Dependência Administrativa";"Carajás";"Parauapebas";"Municipal";"2022";2151
"Social";"Educação";"Número de Matrículas em Creches por Dependência Administrativa";"Carajás";"Parauapebas";"Municipal";"2023";2890
"Social";"Educação";"Número de Matrículas em Creches por Dependência Administrativa";"Carajás";"Parauapebas";"Municipal";"2024";2867
"Social";"Educação";"Número de Matrículas em Creches por Dependência Administrativa";"Araguaia";"Pau D'Arco";"Municipal";"2019";263
"Social";"Educação";"Número de Matrículas em Creches por Dependência Administrativa";"Araguaia";"Pau D'Arco";"Municipal";"2020";165
"Social";"Educação";"Número de Matrículas em Creches por Dependência Administrativa";"Araguaia";"Pau D'Arco";"Municipal";"2021";154
"Social";"Educação";"Número de Matrículas em Creches por Dependência Administrativa";"Araguaia";"Pau D'Arco";"Municipal";"2022";181
"Social";"Educação";"Número de Matrículas em Creches por Dependência Administrativa";"Araguaia";"Pau D'Arco";"Municipal";"2023";252
"Social";"Educação";"Número de Matrículas em Creches por Dependência Administrativa";"Araguaia";"Pau D'Arco";"Municipal";"2024";207
"Social";"Educação";"Número de Matrículas em Creches por Dependência Administrativa";"Rio Caeté";"Peixe-Boi";"Municipal";"2019";197
"Social";"Educação";"Número de Matrículas em Creches por Dependência Administrativa";"Rio Caeté";"Peixe-Boi";"Municipal";"2020";196
"Social";"Educação";"Número de Matrículas em Creches por Dependência Administrativa";"Rio Caeté";"Peixe-Boi";"Municipal";"2021";264
"Social";"Educação";"Número de Matrículas em Creches por Dependência Administrativa";"Rio Caeté";"Peixe-Boi";"Municipal";"2022";232
"Social";"Educação";"Número de Matrículas em Creches por Dependência Administrativa";"Rio Caeté";"Peixe-Boi";"Municipal";"2023";263
"Social";"Educação";"Número de Matrículas em Creches por Dependência Administrativa";"Rio Caeté";"Peixe-Boi";"Municipal";"2024";268
"Social";"Educação";"Número de Matrículas em Creches por Dependência Administrativa";"Carajás";"Piçarra";"Municipal";"2019";299
"Social";"Educação";"Número de Matrículas em Creches por Dependência Administrativa";"Carajás";"Piçarra";"Municipal";"2020";296
"Social";"Educação";"Número de Matrículas em Creches por Dependência Administrativa";"Carajás";"Piçarra";"Municipal";"2021";352
"Social";"Educação";"Número de Matrículas em Creches por Dependência Administrativa";"Carajás";"Piçarra";"Municipal";"2022";380
"Social";"Educação";"Número de Matrículas em Creches por Dependência Administrativa";"Carajás";"Piçarra";"Municipal";"2023";414
"Social";"Educação";"Número de Matrículas em Creches por Dependência Administrativa";"Carajás";"Piçarra";"Municipal";"2024";396
"Social";"Educação";"Número de Matrículas em Creches por Dependência Administrativa";"Xingu";"Placas";"Municipal";"2019";398
"Social";"Educação";"Número de Matrículas em Creches por Dependência Administrativa";"Xingu";"Placas";"Municipal";"2020";346
"Social";"Educação";"Número de Matrículas em Creches por Dependência Administrativa";"Xingu";"Placas";"Municipal";"2021";204
"Social";"Educação";"Número de Matrículas em Creches por Dependência Administrativa";"Xingu";"Placas";"Municipal";"2022";292
"Social";"Educação";"Número de Matrículas em Creches por Dependência Administrativa";"Xingu";"Placas";"Municipal";"2023";356
"Social";"Educação";"Número de Matrículas em Creches por Dependência Administrativa";"Xingu";"Placas";"Municipal";"2024";349
"Social";"Educação";"Número de Matrículas em Creches por Dependência Administrativa";"Marajó";"Ponta de Pedras";"Municipal";"2019";225
"Social";"Educação";"Número de Matrículas em Creches por Dependência Administrativa";"Marajó";"Ponta de Pedras";"Municipal";"2020";307
"Social";"Educação";"Número de Matrículas em Creches por Dependência Administrativa";"Marajó";"Ponta de Pedras";"Municipal";"2021";184
"Social";"Educação";"Número de Matrículas em Creches por Dependência Administrativa";"Marajó";"Ponta de Pedras";"Municipal";"2022";128
"Social";"Educação";"Número de Matrículas em Creches por Dependência Administrativa";"Marajó";"Ponta de Pedras";"Municipal";"2023";226
"Social";"Educação";"Número de Matrículas em Creches por Dependência Administrativa";"Marajó";"Ponta de Pedras";"Municipal";"2024";204
"Social";"Educação";"Número de Matrículas em Creches por Dependência Administrativa";"Marajó";"Portel";"Municipal";"2019";416
"Social";"Educação";"Número de Matrículas em Creches por Dependência Administrativa";"Marajó";"Portel";"Municipal";"2020";442
"Social";"Educação";"Número de Matrículas em Creches por Dependência Administrativa";"Marajó";"Portel";"Municipal";"2021";424
"Social";"Educação";"Número de Matrículas em Creches por Dependência Administrativa";"Marajó";"Portel";"Municipal";"2022";579
"Social";"Educação";"Número de Matrículas em Creches por Dependência Administrativa";"Marajó";"Portel";"Municipal";"2023";562
"Social";"Educação";"Número de Matrículas em Creches por Dependência Administrativa";"Marajó";"Portel";"Municipal";"2024";636
"Social";"Educação";"Número de Matrículas em Creches por Dependência Administrativa";"Xingu";"Porto de Moz";"Municipal";"2019";164
"Social";"Educação";"Número de Matrículas em Creches por Dependência Administrativa";"Xingu";"Porto de Moz";"Municipal";"2020";184
"Social";"Educação";"Número de Matrículas em Creches por Dependência Administrativa";"Xingu";"Porto de Moz";"Municipal";"2021";184
"Social";"Educação";"Número de Matrículas em Creches por Dependência Administrativa";"Xingu";"Porto de Moz";"Municipal";"2022";327
"Social";"Educação";"Número de Matrículas em Creches por Dependência Administrativa";"Xingu";"Porto de Moz";"Municipal";"2023";408
"Social";"Educação";"Número de Matrículas em Creches por Dependência Administrativa";"Xingu";"Porto de Moz";"Municipal";"2024";480
"Social";"Educação";"Número de Matrículas em Creches por Dependência Administrativa";"Baixo Amazonas";"Prainha";"Municipal";"2019";292
"Social";"Educação";"Número de Matrículas em Creches por Dependência Administrativa";"Baixo Amazonas";"Prainha";"Municipal";"2020";329
"Social";"Educação";"Número de Matrículas em Creches por Dependência Administrativa";"Baixo Amazonas";"Prainha";"Municipal";"2021";494
"Social";"Educação";"Número de Matrículas em Creches por Dependência Administrativa";"Baixo Amazonas";"Prainha";"Municipal";"2022";398
"Social";"Educação";"Número de Matrículas em Creches por Dependência Administrativa";"Baixo Amazonas";"Prainha";"Municipal";"2023";638
"Social";"Educação";"Número de Matrículas em Creches por Dependência Administrativa";"Baixo Amazonas";"Prainha";"Municipal";"2024";526
"Social";"Educação";"Número de Matrículas em Creches por Dependência Administrativa";"Rio Caeté";"Primavera";"Municipal";"2019";151
"Social";"Educação";"Número de Matrículas em Creches por Dependência Administrativa";"Rio Caeté";"Primavera";"Municipal";"2020";197
"Social";"Educação";"Número de Matrículas em Creches por Dependência Administrativa";"Rio Caeté";"Primavera";"Municipal";"2021";180
"Social";"Educação";"Número de Matrículas em Creches por Dependência Administrativa";"Rio Caeté";"Primavera";"Municipal";"2022";219
"Social";"Educação";"Número de Matrículas em Creches por Dependência Administrativa";"Rio Caeté";"Primavera";"Municipal";"2023";209
"Social";"Educação";"Número de Matrículas em Creches por Dependência Administrativa";"Rio Caeté";"Primavera";"Municipal";"2024";190
"Social";"Educação";"Número de Matrículas em Creches por Dependência Administrativa";"Rio Caeté";"Quatipuru";"Municipal";"2019";96
"Social";"Educação";"Número de Matrículas em Creches por Dependência Administrativa";"Rio Caeté";"Quatipuru";"Municipal";"2020";103
"Social";"Educação";"Número de Matrículas em Creches por Dependência Administrativa";"Rio Caeté";"Quatipuru";"Municipal";"2021";108
"Social";"Educação";"Número de Matrículas em Creches por Dependência Administrativa";"Rio Caeté";"Quatipuru";"Municipal";"2022";126
"Social";"Educação";"Número de Matrículas em Creches por Dependência Administrativa";"Rio Caeté";"Quatipuru";"Municipal";"2023";117
"Social";"Educação";"Número de Matrículas em Creches por Dependência Administrativa";"Rio Caeté";"Quatipuru";"Municipal";"2024";128
"Social";"Educação";"Número de Matrículas em Creches por Dependência Administrativa";"Araguaia";"Redenção";"Municipal";"2019";1385
"Social";"Educação";"Número de Matrículas em Creches por Dependência Administrativa";"Araguaia";"Redenção";"Municipal";"2020";1291
"Social";"Educação";"Número de Matrículas em Creches por Dependência Administrativa";"Araguaia";"Redenção";"Municipal";"2021";1162
"Social";"Educação";"Número de Matrículas em Creches por Dependência Administrativa";"Araguaia";"Redenção";"Municipal";"2022";1209
"Social";"Educação";"Número de Matrículas em Creches por Dependência Administrativa";"Araguaia";"Redenção";"Municipal";"2023";1563
"Social";"Educação";"Número de Matrículas em Creches por Dependência Administrativa";"Araguaia";"Redenção";"Municipal";"2024";1584
"Social";"Educação";"Número de Matrículas em Creches por Dependência Administrativa";"Araguaia";"Rio Maria";"Municipal";"2019";116
"Social";"Educação";"Número de Matrículas em Creches por Dependência Administrativa";"Araguaia";"Rio Maria";"Municipal";"2020";99
"Social";"Educação";"Número de Matrículas em Creches por Dependência Administrativa";"Araguaia";"Rio Maria";"Municipal";"2021";103
"Social";"Educação";"Número de Matrículas em Creches por Dependência Administrativa";"Araguaia";"Rio Maria";"Municipal";"2022";138
"Social";"Educação";"Número de Matrículas em Creches por Dependência Administrativa";"Araguaia";"Rio Maria";"Municipal";"2023";134
"Social";"Educação";"Número de Matrículas em Creches por Dependência Administrativa";"Araguaia";"Rio Maria";"Municipal";"2024";134
"Social";"Educação";"Número de Matrículas em Creches por Dependência Administrativa";"Rio Capim";"Rondon do Pará";"Municipal";"2019";323
"Social";"Educação";"Número de Matrículas em Creches por Dependência Administrativa";"Rio Capim";"Rondon do Pará";"Municipal";"2020";323
"Social";"Educação";"Número de Matrículas em Creches por Dependência Administrativa";"Rio Capim";"Rondon do Pará";"Municipal";"2021";304
"Social";"Educação";"Número de Matrículas em Creches por Dependência Administrativa";"Rio Capim";"Rondon do Pará";"Municipal";"2022";284
"Social";"Educação";"Número de Matrículas em Creches por Dependência Administrativa";"Rio Capim";"Rondon do Pará";"Municipal";"2023";273
"Social";"Educação";"Número de Matrículas em Creches por Dependência Administrativa";"Rio Capim";"Rondon do Pará";"Municipal";"2024";424
"Social";"Educação";"Número de Matrículas em Creches por Dependência Administrativa";"Tapajós";"Rurópolis";"Municipal";"2019";434
"Social";"Educação";"Número de Matrículas em Creches por Dependência Administrativa";"Tapajós";"Rurópolis";"Municipal";"2020";401
"Social";"Educação";"Número de Matrículas em Creches por Dependência Administrativa";"Tapajós";"Rurópolis";"Municipal";"2021";391
"Social";"Educação";"Número de Matrículas em Creches por Dependência Administrativa";"Tapajós";"Rurópolis";"Municipal";"2022";447
"Social";"Educação";"Número de Matrículas em Creches por Dependência Administrativa";"Tapajós";"Rurópolis";"Municipal";"2023";435
"Social";"Educação";"Número de Matrículas em Creches por Dependência Administrativa";"Tapajós";"Rurópolis";"Municipal";"2024";457
"Social";"Educação";"Número de Matrículas em Creches por Dependência Administrativa";"Rio Caeté";"Salinópolis";"Municipal";"2019";481
"Social";"Educação";"Número de Matrículas em Creches por Dependência Administrativa";"Rio Caeté";"Salinópolis";"Municipal";"2020";496
"Social";"Educação";"Número de Matrículas em Creches por Dependência Administrativa";"Rio Caeté";"Salinópolis";"Municipal";"2021";445
"Social";"Educação";"Número de Matrículas em Creches por Dependência Administrativa";"Rio Caeté";"Salinópolis";"Municipal";"2022";454
"Social";"Educação";"Número de Matrículas em Creches por Dependência Administrativa";"Rio Caeté";"Salinópolis";"Municipal";"2023";544
"Social";"Educação";"Número de Matrículas em Creches por Dependência Administrativa";"Rio Caeté";"Salinópolis";"Municipal";"2024";479
"Social";"Educação";"Número de Matrículas em Creches por Dependência Administrativa";"Marajó";"Salvaterra";"Municipal";"2019";192
"Social";"Educação";"Número de Matrículas em Creches por Dependência Administrativa";"Marajó";"Salvaterra";"Municipal";"2020";175
"Social";"Educação";"Número de Matrículas em Creches por Dependência Administrativa";"Marajó";"Salvaterra";"Municipal";"2021";210
"Social";"Educação";"Número de Matrículas em Creches por Dependência Administrativa";"Marajó";"Salvaterra";"Municipal";"2022";220
"Social";"Educação";"Número de Matrículas em Creches por Dependência Administrativa";"Marajó";"Salvaterra";"Municipal";"2023";226
"Social";"Educação";"Número de Matrículas em Creches por Dependência Administrativa";"Marajó";"Salvaterra";"Municipal";"2024";325
"Social";"Educação";"Número de Matrículas em Creches por Dependência Administrativa";"Guajará";"Santa Bárbara do Pará";"Municipal";"2019";302
"Social";"Educação";"Número de Matrículas em Creches por Dependência Administrativa";"Guajará";"Santa Bárbara do Pará";"Municipal";"2020";322
"Social";"Educação";"Número de Matrículas em Creches por Dependência Administrativa";"Guajará";"Santa Bárbara do Pará";"Municipal";"2021";392
"Social";"Educação";"Número de Matrículas em Creches por Dependência Administrativa";"Guajará";"Santa Bárbara do Pará";"Municipal";"2022";408
"Social";"Educação";"Número de Matrículas em Creches por Dependência Administrativa";"Guajará";"Santa Bárbara do Pará";"Municipal";"2023";382
"Social";"Educação";"Número de Matrículas em Creches por Dependência Administrativa";"Guajará";"Santa Bárbara do Pará";"Municipal";"2024";414
"Social";"Educação";"Número de Matrículas em Creches por Dependência Administrativa";"Marajó";"Santa Cruz do Arari";"Municipal";"2019";172
"Social";"Educação";"Número de Matrículas em Creches por Dependência Administrativa";"Marajó";"Santa Cruz do Arari";"Municipal";"2020";153
"Social";"Educação";"Número de Matrículas em Creches por Dependência Administrativa";"Marajó";"Santa Cruz do Arari";"Municipal";"2021";188
"Social";"Educação";"Número de Matrículas em Creches por Dependência Administrativa";"Marajó";"Santa Cruz do Arari";"Municipal";"2022";187
"Social";"Educação";"Número de Matrículas em Creches por Dependência Administrativa";"Marajó";"Santa Cruz do Arari";"Municipal";"2023";190
"Social";"Educação";"Número de Matrículas em Creches por Dependência Administrativa";"Marajó";"Santa Cruz do Arari";"Municipal";"2024";230
"Social";"Educação";"Número de Matrículas em Creches por Dependência Administrativa";"Guamá";"Santa Izabel do Pará";"Municipal";"2019";561
"Social";"Educação";"Número de Matrículas em Creches por Dependência Administrativa";"Guamá";"Santa Izabel do Pará";"Municipal";"2020";604
"Social";"Educação";"Número de Matrículas em Creches por Dependência Administrativa";"Guamá";"Santa Izabel do Pará";"Municipal";"2021";530
"Social";"Educação";"Número de Matrículas em Creches por Dependência Administrativa";"Guamá";"Santa Izabel do Pará";"Municipal";"2022";610
"Social";"Educação";"Número de Matrículas em Creches por Dependência Administrativa";"Guamá";"Santa Izabel do Pará";"Municipal";"2023";633
"Social";"Educação";"Número de Matrículas em Creches por Dependência Administrativa";"Guamá";"Santa Izabel do Pará";"Municipal";"2024";582
"Social";"Educação";"Número de Matrículas em Creches por Dependência Administrativa";"Rio Caeté";"Santa Luzia do Pará";"Municipal";"2019";0
"Social";"Educação";"Número de Matrículas em Creches por Dependência Administrativa";"Rio Caeté";"Santa Luzia do Pará";"Municipal";"2020";0
"Social";"Educação";"Número de Matrículas em Creches por Dependência Administrativa";"Rio Caeté";"Santa Luzia do Pará";"Municipal";"2021";46
"Social";"Educação";"Número de Matrículas em Creches por Dependência Administrativa";"Rio Caeté";"Santa Luzia do Pará";"Municipal";"2022";97
"Social";"Educação";"Número de Matrículas em Creches por Dependência Administrativa";"Rio Caeté";"Santa Luzia do Pará";"Municipal";"2023";104
"Social";"Educação";"Número de Matrículas em Creches por Dependência Administrativa";"Rio Caeté";"Santa Luzia do Pará";"Municipal";"2024";201
"Social";"Educação";"Número de Matrículas em Creches por Dependência Administrativa";"Araguaia";"Santa Maria das Barreiras";"Municipal";"2019";212
"Social";"Educação";"Número de Matrículas em Creches por Dependência Administrativa";"Araguaia";"Santa Maria das Barreiras";"Municipal";"2020";195
"Social";"Educação";"Número de Matrículas em Creches por Dependência Administrativa";"Araguaia";"Santa Maria das Barreiras";"Municipal";"2021";138
"Social";"Educação";"Número de Matrículas em Creches por Dependência Administrativa";"Araguaia";"Santa Maria das Barreiras";"Municipal";"2022";314
"Social";"Educação";"Número de Matrículas em Creches por Dependência Administrativa";"Araguaia";"Santa Maria das Barreiras";"Municipal";"2023";277
"Social";"Educação";"Número de Matrículas em Creches por Dependência Administrativa";"Araguaia";"Santa Maria das Barreiras";"Municipal";"2024";306
"Social";"Educação";"Número de Matrículas em Creches por Dependência Administrativa";"Guamá";"Santa Maria do Pará";"Municipal";"2019";487
"Social";"Educação";"Número de Matrículas em Creches por Dependência Administrativa";"Guamá";"Santa Maria do Pará";"Municipal";"2020";495
"Social";"Educação";"Número de Matrículas em Creches por Dependência Administrativa";"Guamá";"Santa Maria do Pará";"Municipal";"2021";513
"Social";"Educação";"Número de Matrículas em Creches por Dependência Administrativa";"Guamá";"Santa Maria do Pará";"Municipal";"2022";499
"Social";"Educação";"Número de Matrículas em Creches por Dependência Administrativa";"Guamá";"Santa Maria do Pará";"Municipal";"2023";489
"Social";"Educação";"Número de Matrículas em Creches por Dependência Administrativa";"Guamá";"Santa Maria do Pará";"Municipal";"2024";416
"Social";"Educação";"Número de Matrículas em Creches por Dependência Administrativa";"Araguaia";"Santana do Araguaia";"Municipal";"2019";748
"Social";"Educação";"Número de Matrículas em Creches por Dependência Administrativa";"Araguaia";"Santana do Araguaia";"Municipal";"2020";731
"Social";"Educação";"Número de Matrículas em Creches por Dependência Administrativa";"Araguaia";"Santana do Araguaia";"Municipal";"2021";1188
"Social";"Educação";"Número de Matrículas em Creches por Dependência Administrativa";"Araguaia";"Santana do Araguaia";"Municipal";"2022";1301
"Social";"Educação";"Número de Matrículas em Creches por Dependência Administrativa";"Araguaia";"Santana do Araguaia";"Municipal";"2023";1573
"Social";"Educação";"Número de Matrículas em Creches por Dependência Administrativa";"Araguaia";"Santana do Araguaia";"Municipal";"2024";1773
"Social";"Educação";"Número de Matrículas em Creches por Dependência Administrativa";"Baixo Amazonas";"Santarém";"Municipal";"2019";2843
"Social";"Educação";"Número de Matrículas em Creches por Dependência Administrativa";"Baixo Amazonas";"Santarém";"Municipal";"2020";2858
"Social";"Educação";"Número de Matrículas em Creches por Dependência Administrativa";"Baixo Amazonas";"Santarém";"Municipal";"2021";2750
"Social";"Educação";"Número de Matrículas em Creches por Dependência Administrativa";"Baixo Amazonas";"Santarém";"Municipal";"2022";3489
"Social";"Educação";"Número de Matrículas em Creches por Dependência Administrativa";"Baixo Amazonas";"Santarém";"Municipal";"2023";3991
"Social";"Educação";"Número de Matrículas em Creches por Dependência Administrativa";"Baixo Amazonas";"Santarém";"Municipal";"2024";4070
"Social";"Educação";"Número de Matrículas em Creches por Dependência Administrativa";"Rio Caeté";"Santarém Novo";"Municipal";"2019";79
"Social";"Educação";"Número de Matrículas em Creches por Dependência Administrativa";"Rio Caeté";"Santarém Novo";"Municipal";"2020";68
"Social";"Educação";"Número de Matrículas em Creches por Dependência Administrativa";"Rio Caeté";"Santarém Novo";"Municipal";"2021";136
"Social";"Educação";"Número de Matrículas em Creches por Dependência Administrativa";"Rio Caeté";"Santarém Novo";"Municipal";"2022";120
"Social";"Educação";"Número de Matrículas em Creches por Dependência Administrativa";"Rio Caeté";"Santarém Novo";"Municipal";"2023";113
"Social";"Educação";"Número de Matrículas em Creches por Dependência Administrativa";"Rio Caeté";"Santarém Novo";"Municipal";"2024";117
"Social";"Educação";"Número de Matrículas em Creches por Dependência Administrativa";"Guamá";"Santo Antônio do Tauá";"Municipal";"2019";175
"Social";"Educação";"Número de Matrículas em Creches por Dependência Administrativa";"Guamá";"Santo Antônio do Tauá";"Municipal";"2020";180
"Social";"Educação";"Número de Matrículas em Creches por Dependência Administrativa";"Guamá";"Santo Antônio do Tauá";"Municipal";"2021";275
"Social";"Educação";"Número de Matrículas em Creches por Dependência Administrativa";"Guamá";"Santo Antônio do Tauá";"Municipal";"2022";184
"Social";"Educação";"Número de Matrículas em Creches por Dependência Administrativa";"Guamá";"Santo Antônio do Tauá";"Municipal";"2023";200
"Social";"Educação";"Número de Matrículas em Creches por Dependência Administrativa";"Guamá";"Santo Antônio do Tauá";"Municipal";"2024";237
"Social";"Educação";"Número de Matrículas em Creches por Dependência Administrativa";"Guamá";"São Caetano de Odivelas";"Municipal";"2019";295
"Social";"Educação";"Número de Matrículas em Creches por Dependência Administrativa";"Guamá";"São Caetano de Odivelas";"Municipal";"2020";292
"Social";"Educação";"Número de Matrículas em Creches por Dependência Administrativa";"Guamá";"São Caetano de Odivelas";"Municipal";"2021";335
"Social";"Educação";"Número de Matrículas em Creches por Dependência Administrativa";"Guamá";"São Caetano de Odivelas";"Municipal";"2022";325
"Social";"Educação";"Número de Matrículas em Creches por Dependência Administrativa";"Guamá";"São Caetano de Odivelas";"Municipal";"2023";318
"Social";"Educação";"Número de Matrículas em Creches por Dependência Administrativa";"Guamá";"São Caetano de Odivelas";"Municipal";"2024";363
"Social";"Educação";"Número de Matrículas em Creches por Dependência Administrativa";"Carajás";"São Domingos do Araguaia";"Municipal";"2019";284
"Social";"Educação";"Número de Matrículas em Creches por Dependência Administrativa";"Carajás";"São Domingos do Araguaia";"Municipal";"2020";305
"Social";"Educação";"Número de Matrículas em Creches por Dependência Administrativa";"Carajás";"São Domingos do Araguaia";"Municipal";"2021";197
"Social";"Educação";"Número de Matrículas em Creches por Dependência Administrativa";"Carajás";"São Domingos do Araguaia";"Municipal";"2022";429
"Social";"Educação";"Número de Matrículas em Creches por Dependência Administrativa";"Carajás";"São Domingos do Araguaia";"Municipal";"2023";448
"Social";"Educação";"Número de Matrículas em Creches por Dependência Administrativa";"Carajás";"São Domingos do Araguaia";"Municipal";"2024";417
"Social";"Educação";"Número de Matrículas em Creches por Dependência Administrativa";"Guamá";"São Domingos do Capim";"Municipal";"2019";524
"Social";"Educação";"Número de Matrículas em Creches por Dependência Administrativa";"Guamá";"São Domingos do Capim";"Municipal";"2020";569
"Social";"Educação";"Número de Matrículas em Creches por Dependência Administrativa";"Guamá";"São Domingos do Capim";"Municipal";"2021";573
"Social";"Educação";"Número de Matrículas em Creches por Dependência Administrativa";"Guamá";"São Domingos do Capim";"Municipal";"2022";651
"Social";"Educação";"Número de Matrículas em Creches por Dependência Administrativa";"Guamá";"São Domingos do Capim";"Municipal";"2023";741
"Social";"Educação";"Número de Matrículas em Creches por Dependência Administrativa";"Guamá";"São Domingos do Capim";"Municipal";"2024";646
"Social";"Educação";"Número de Matrículas em Creches por Dependência Administrativa";"Araguaia";"São Félix do Xingu";"Municipal";"2019";1023
"Social";"Educação";"Número de Matrículas em Creches por Dependência Administrativa";"Araguaia";"São Félix do Xingu";"Municipal";"2020";860
"Social";"Educação";"Número de Matrículas em Creches por Dependência Administrativa";"Araguaia";"São Félix do Xingu";"Municipal";"2021";942
"Social";"Educação";"Número de Matrículas em Creches por Dependência Administrativa";"Araguaia";"São Félix do Xingu";"Municipal";"2022";1197
"Social";"Educação";"Número de Matrículas em Creches por Dependência Administrativa";"Araguaia";"São Félix do Xingu";"Municipal";"2023";1381
"Social";"Educação";"Número de Matrículas em Creches por Dependência Administrativa";"Araguaia";"São Félix do Xingu";"Municipal";"2024";1579
"Social";"Educação";"Número de Matrículas em Creches por Dependência Administrativa";"Guamá";"São Francisco do Pará";"Municipal";"2019";0
"Social";"Educação";"Número de Matrículas em Creches por Dependência Administrativa";"Guamá";"São Francisco do Pará";"Municipal";"2020";0
"Social";"Educação";"Número de Matrículas em Creches por Dependência Administrativa";"Guamá";"São Francisco do Pará";"Municipal";"2021";0
"Social";"Educação";"Número de Matrículas em Creches por Dependência Administrativa";"Guamá";"São Francisco do Pará";"Municipal";"2022";0
"Social";"Educação";"Número de Matrículas em Creches por Dependência Administrativa";"Guamá";"São Francisco do Pará";"Municipal";"2023";0
"Social";"Educação";"Número de Matrículas em Creches por Dependência Administrativa";"Guamá";"São Francisco do Pará";"Municipal";"2024";0
"Social";"Educação";"Número de Matrículas em Creches por Dependência Administrativa";"Carajás";"São Geraldo do Araguaia";"Municipal";"2019";361
"Social";"Educação";"Número de Matrículas em Creches por Dependência Administrativa";"Carajás";"São Geraldo do Araguaia";"Municipal";"2020";372
"Social";"Educação";"Número de Matrículas em Creches por Dependência Administrativa";"Carajás";"São Geraldo do Araguaia";"Municipal";"2021";449
"Social";"Educação";"Número de Matrículas em Creches por Dependência Administrativa";"Carajás";"São Geraldo do Araguaia";"Municipal";"2022";478
"Social";"Educação";"Número de Matrículas em Creches por Dependência Administrativa";"Carajás";"São Geraldo do Araguaia";"Municipal";"2023";516
"Social";"Educação";"Número de Matrículas em Creches por Dependência Administrativa";"Carajás";"São Geraldo do Araguaia";"Municipal";"2024";565
"Social";"Educação";"Número de Matrículas em Creches por Dependência Administrativa";"Guamá";"São João da Ponta";"Municipal";"2019";66
"Social";"Educação";"Número de Matrículas em Creches por Dependência Administrativa";"Guamá";"São João da Ponta";"Municipal";"2020";60
"Social";"Educação";"Número de Matrículas em Creches por Dependência Administrativa";"Guamá";"São João da Ponta";"Municipal";"2021";90
"Social";"Educação";"Número de Matrículas em Creches por Dependência Administrativa";"Guamá";"São João da Ponta";"Municipal";"2022";86
"Social";"Educação";"Número de Matrículas em Creches por Dependência Administrativa";"Guamá";"São João da Ponta";"Municipal";"2023";83
"Social";"Educação";"Número de Matrículas em Creches por Dependência Administrativa";"Guamá";"São João da Ponta";"Municipal";"2024";76
"Social";"Educação";"Número de Matrículas em Creches por Dependência Administrativa";"Rio Caeté";"São João de Pirabas";"Municipal";"2019";3
"Social";"Educação";"Número de Matrículas em Creches por Dependência Administrativa";"Rio Caeté";"São João de Pirabas";"Municipal";"2020";0
"Social";"Educação";"Número de Matrículas em Creches por Dependência Administrativa";"Rio Caeté";"São João de Pirabas";"Municipal";"2021";0
"Social";"Educação";"Número de Matrículas em Creches por Dependência Administrativa";"Rio Caeté";"São João de Pirabas";"Municipal";"2022";0
"Social";"Educação";"Número de Matrículas em Creches por Dependência Administrativa";"Rio Caeté";"São João de Pirabas";"Municipal";"2023";0
"Social";"Educação";"Número de Matrículas em Creches por Dependência Administrativa";"Rio Caeté";"São João de Pirabas";"Municipal";"2024";0
"Social";"Educação";"Número de Matrículas em Creches por Dependência Administrativa";"Carajás";"São João do Araguaia";"Municipal";"2019";214
"Social";"Educação";"Número de Matrículas em Creches por Dependência Administrativa";"Carajás";"São João do Araguaia";"Municipal";"2020";212
"Social";"Educação";"Número de Matrículas em Creches por Dependência Administrativa";"Carajás";"São João do Araguaia";"Municipal";"2021";162
"Social";"Educação";"Número de Matrículas em Creches por Dependência Administrativa";"Carajás";"São João do Araguaia";"Municipal";"2022";239
"Social";"Educação";"Número de Matrículas em Creches por Dependência Administrativa";"Carajás";"São João do Araguaia";"Municipal";"2023";182
"Social";"Educação";"Número de Matrículas em Creches por Dependência Administrativa";"Carajás";"São João do Araguaia";"Municipal";"2024";220
"Social";"Educação";"Número de Matrículas em Creches por Dependência Administrativa";"Guamá";"São Miguel do Guamá";"Municipal";"2019";239
"Social";"Educação";"Número de Matrículas em Creches por Dependência Administrativa";"Guamá";"São Miguel do Guamá";"Municipal";"2020";359
"Social";"Educação";"Número de Matrículas em Creches por Dependência Administrativa";"Guamá";"São Miguel do Guamá";"Municipal";"2021";546
"Social";"Educação";"Número de Matrículas em Creches por Dependência Administrativa";"Guamá";"São Miguel do Guamá";"Municipal";"2022";705
"Social";"Educação";"Número de Matrículas em Creches por Dependência Administrativa";"Guamá";"São Miguel do Guamá";"Municipal";"2023";834
"Social";"Educação";"Número de Matrículas em Creches por Dependência Administrativa";"Guamá";"São Miguel do Guamá";"Municipal";"2024";967
"Social";"Educação";"Número de Matrículas em Creches por Dependência Administrativa";"Marajó";"São Sebastião da Boa Vista";"Municipal";"2019";315
"Social";"Educação";"Número de Matrículas em Creches por Dependência Administrativa";"Marajó";"São Sebastião da Boa Vista";"Municipal";"2020";272
"Social";"Educação";"Número de Matrículas em Creches por Dependência Administrativa";"Marajó";"São Sebastião da Boa Vista";"Municipal";"2021";345
"Social";"Educação";"Número de Matrículas em Creches por Dependência Administrativa";"Marajó";"São Sebastião da Boa Vista";"Municipal";"2022";349
"Social";"Educação";"Número de Matrículas em Creches por Dependência Administrativa";"Marajó";"São Sebastião da Boa Vista";"Municipal";"2023";473
"Social";"Educação";"Número de Matrículas em Creches por Dependência Administrativa";"Marajó";"São Sebastião da Boa Vista";"Municipal";"2024";523
"Social";"Educação";"Número de Matrículas em Creches por Dependência Administrativa";"Araguaia";"Sapucaia";"Municipal";"2019";243
"Social";"Educação";"Número de Matrículas em Creches por Dependência Administrativa";"Araguaia";"Sapucaia";"Municipal";"2020";237
"Social";"Educação";"Número de Matrículas em Creches por Dependência Administrativa";"Araguaia";"Sapucaia";"Municipal";"2021";234
"Social";"Educação";"Número de Matrículas em Creches por Dependência Administrativa";"Araguaia";"Sapucaia";"Municipal";"2022";243
"Social";"Educação";"Número de Matrículas em Creches por Dependência Administrativa";"Araguaia";"Sapucaia";"Municipal";"2023";242
"Social";"Educação";"Número de Matrículas em Creches por Dependência Administrativa";"Araguaia";"Sapucaia";"Municipal";"2024";239
"Social";"Educação";"Número de Matrículas em Creches por Dependência Administrativa";"Xingu";"Senador José Porfírio";"Municipal";"2019";92
"Social";"Educação";"Número de Matrículas em Creches por Dependência Administrativa";"Xingu";"Senador José Porfírio";"Municipal";"2020";89
"Social";"Educação";"Número de Matrículas em Creches por Dependência Administrativa";"Xingu";"Senador José Porfírio";"Municipal";"2021";100
"Social";"Educação";"Número de Matrículas em Creches por Dependência Administrativa";"Xingu";"Senador José Porfírio";"Municipal";"2022";103
"Social";"Educação";"Número de Matrículas em Creches por Dependência Administrativa";"Xingu";"Senador José Porfírio";"Municipal";"2023";235
"Social";"Educação";"Número de Matrículas em Creches por Dependência Administrativa";"Xingu";"Senador José Porfírio";"Municipal";"2024";167
"Social";"Educação";"Número de Matrículas em Creches por Dependência Administrativa";"Marajó";"Soure";"Municipal";"2019";557
"Social";"Educação";"Número de Matrículas em Creches por Dependência Administrativa";"Marajó";"Soure";"Municipal";"2020";449
"Social";"Educação";"Número de Matrículas em Creches por Dependência Administrativa";"Marajó";"Soure";"Municipal";"2021";506
"Social";"Educação";"Número de Matrículas em Creches por Dependência Administrativa";"Marajó";"Soure";"Municipal";"2022";510
"Social";"Educação";"Número de Matrículas em Creches por Dependência Administrativa";"Marajó";"Soure";"Municipal";"2023";561
"Social";"Educação";"Número de Matrículas em Creches por Dependência Administrativa";"Marajó";"Soure";"Municipal";"2024";565
"Social";"Educação";"Número de Matrículas em Creches por Dependência Administrativa";"Tocantins";"Tailândia";"Municipal";"2019";1035
"Social";"Educação";"Número de Matrículas em Creches por Dependência Administrativa";"Tocantins";"Tailândia";"Municipal";"2020";749
"Social";"Educação";"Número de Matrículas em Creches por Dependência Administrativa";"Tocantins";"Tailândia";"Municipal";"2021";835
"Social";"Educação";"Número de Matrículas em Creches por Dependência Administrativa";"Tocantins";"Tailândia";"Municipal";"2022";862
"Social";"Educação";"Número de Matrículas em Creches por Dependência Administrativa";"Tocantins";"Tailândia";"Municipal";"2023";1119
"Social";"Educação";"Número de Matrículas em Creches por Dependência Administrativa";"Tocantins";"Tailândia";"Municipal";"2024";1223
"Social";"Educação";"Número de Matrículas em Creches por Dependência Administrativa";"Guamá";"Terra Alta";"Municipal";"2019";0
"Social";"Educação";"Número de Matrículas em Creches por Dependência Administrativa";"Guamá";"Terra Alta";"Municipal";"2020";0
"Social";"Educação";"Número de Matrículas em Creches por Dependência Administrativa";"Guamá";"Terra Alta";"Municipal";"2021";0
"Social";"Educação";"Número de Matrículas em Creches por Dependência Administrativa";"Guamá";"Terra Alta";"Municipal";"2022";1
"Social";"Educação";"Número de Matrículas em Creches por Dependência Administrativa";"Guamá";"Terra Alta";"Municipal";"2023";0
"Social";"Educação";"Número de Matrículas em Creches por Dependência Administrativa";"Guamá";"Terra Alta";"Municipal";"2024";87
"Social";"Educação";"Número de Matrículas em Creches por Dependência Administrativa";"Baixo Amazonas";"Terra Santa";"Municipal";"2019";189
"Social";"Educação";"Número de Matrículas em Creches por Dependência Administrativa";"Baixo Amazonas";"Terra Santa";"Municipal";"2020";198
"Social";"Educação";"Número de Matrículas em Creches por Dependência Administrativa";"Baixo Amazonas";"Terra Santa";"Municipal";"2021";194
"Social";"Educação";"Número de Matrículas em Creches por Dependência Administrativa";"Baixo Amazonas";"Terra Santa";"Municipal";"2022";255
"Social";"Educação";"Número de Matrículas em Creches por Dependência Administrativa";"Baixo Amazonas";"Terra Santa";"Municipal";"2023";260
"Social";"Educação";"Número de Matrículas em Creches por Dependência Administrativa";"Baixo Amazonas";"Terra Santa";"Municipal";"2024";277
"Social";"Educação";"Número de Matrículas em Creches por Dependência Administrativa";"Rio Capim";"Tomé-Açu";"Municipal";"2019";558
"Social";"Educação";"Número de Matrículas em Creches por Dependência Administrativa";"Rio Capim";"Tomé-Açu";"Municipal";"2020";641
"Social";"Educação";"Número de Matrículas em Creches por Dependência Administrativa";"Rio Capim";"Tomé-Açu";"Municipal";"2021";503
"Social";"Educação";"Número de Matrículas em Creches por Dependência Administrativa";"Rio Capim";"Tomé-Açu";"Municipal";"2022";750
"Social";"Educação";"Número de Matrículas em Creches por Dependência Administrativa";"Rio Capim";"Tomé-Açu";"Municipal";"2023";1171
"Social";"Educação";"Número de Matrículas em Creches por Dependência Administrativa";"Rio Capim";"Tomé-Açu";"Municipal";"2024";1407
"Social";"Educação";"Número de Matrículas em Creches por Dependência Administrativa";"Rio Caeté";"Tracuateua";"Municipal";"2019";80
"Social";"Educação";"Número de Matrículas em Creches por Dependência Administrativa";"Rio Caeté";"Tracuateua";"Municipal";"2020";80
"Social";"Educação";"Número de Matrículas em Creches por Dependência Administrativa";"Rio Caeté";"Tracuateua";"Municipal";"2021";82
"Social";"Educação";"Número de Matrículas em Creches por Dependência Administrativa";"Rio Caeté";"Tracuateua";"Municipal";"2022";80
"Social";"Educação";"Número de Matrículas em Creches por Dependência Administrativa";"Rio Caeté";"Tracuateua";"Municipal";"2023";92
"Social";"Educação";"Número de Matrículas em Creches por Dependência Administrativa";"Rio Caeté";"Tracuateua";"Municipal";"2024";87
"Social";"Educação";"Número de Matrículas em Creches por Dependência Administrativa";"Tapajós";"Trairão";"Municipal";"2019";150
"Social";"Educação";"Número de Matrículas em Creches por Dependência Administrativa";"Tapajós";"Trairão";"Municipal";"2020";143
"Social";"Educação";"Número de Matrículas em Creches por Dependência Administrativa";"Tapajós";"Trairão";"Municipal";"2021";198
"Social";"Educação";"Número de Matrículas em Creches por Dependência Administrativa";"Tapajós";"Trairão";"Municipal";"2022";274
"Social";"Educação";"Número de Matrículas em Creches por Dependência Administrativa";"Tapajós";"Trairão";"Municipal";"2023";287
"Social";"Educação";"Número de Matrículas em Creches por Dependência Administrativa";"Tapajós";"Trairão";"Municipal";"2024";351
"Social";"Educação";"Número de Matrículas em Creches por Dependência Administrativa";"Araguaia";"Tucumã";"Municipal";"2019";922
"Social";"Educação";"Número de Matrículas em Creches por Dependência Administrativa";"Araguaia";"Tucumã";"Municipal";"2020";896
"Social";"Educação";"Número de Matrículas em Creches por Dependência Administrativa";"Araguaia";"Tucumã";"Municipal";"2021";756
"Social";"Educação";"Número de Matrículas em Creches por Dependência Administrativa";"Araguaia";"Tucumã";"Municipal";"2022";922
"Social";"Educação";"Número de Matrículas em Creches por Dependência Administrativa";"Araguaia";"Tucumã";"Municipal";"2023";1149
"Social";"Educação";"Número de Matrículas em Creches por Dependência Administrativa";"Araguaia";"Tucumã";"Municipal";"2024";1065
"Social";"Educação";"Número de Matrículas em Creches por Dependência Administrativa";"Lago de Tucuruí";"Tucuruí";"Municipal";"2019";1031
"Social";"Educação";"Número de Matrículas em Creches por Dependência Administrativa";"Lago de Tucuruí";"Tucuruí";"Municipal";"2020";1541
"Social";"Educação";"Número de Matrículas em Creches por Dependência Administrativa";"Lago de Tucuruí";"Tucuruí";"Municipal";"2021";1075
"Social";"Educação";"Número de Matrículas em Creches por Dependência Administrativa";"Lago de Tucuruí";"Tucuruí";"Municipal";"2022";880
"Social";"Educação";"Número de Matrículas em Creches por Dependência Administrativa";"Lago de Tucuruí";"Tucuruí";"Municipal";"2023";834
"Social";"Educação";"Número de Matrículas em Creches por Dependência Administrativa";"Lago de Tucuruí";"Tucuruí";"Municipal";"2024";1588
"Social";"Educação";"Número de Matrículas em Creches por Dependência Administrativa";"Rio Capim";"Ulianópolis";"Municipal";"2019";567
"Social";"Educação";"Número de Matrículas em Creches por Dependência Administrativa";"Rio Capim";"Ulianópolis";"Municipal";"2020";581
"Social";"Educação";"Número de Matrículas em Creches por Dependência Administrativa";"Rio Capim";"Ulianópolis";"Municipal";"2021";582
"Social";"Educação";"Número de Matrículas em Creches por Dependência Administrativa";"Rio Capim";"Ulianópolis";"Municipal";"2022";624
"Social";"Educação";"Número de Matrículas em Creches por Dependência Administrativa";"Rio Capim";"Ulianópolis";"Municipal";"2023";670
"Social";"Educação";"Número de Matrículas em Creches por Dependência Administrativa";"Rio Capim";"Ulianópolis";"Municipal";"2024";670
"Social";"Educação";"Número de Matrículas em Creches por Dependência Administrativa";"Xingu";"Uruará";"Municipal";"2019";320
"Social";"Educação";"Número de Matrículas em Creches por Dependência Administrativa";"Xingu";"Uruará";"Municipal";"2020";323
"Social";"Educação";"Número de Matrículas em Creches por Dependência Administrativa";"Xingu";"Uruará";"Municipal";"2021";172
"Social";"Educação";"Número de Matrículas em Creches por Dependência Administrativa";"Xingu";"Uruará";"Municipal";"2022";199
"Social";"Educação";"Número de Matrículas em Creches por Dependência Administrativa";"Xingu";"Uruará";"Municipal";"2023";260
"Social";"Educação";"Número de Matrículas em Creches por Dependência Administrativa";"Xingu";"Uruará";"Municipal";"2024";249
"Social";"Educação";"Número de Matrículas em Creches por Dependência Administrativa";"Guamá";"Vigia";"Municipal";"2019";535
"Social";"Educação";"Número de Matrículas em Creches por Dependência Administrativa";"Guamá";"Vigia";"Municipal";"2020";503
"Social";"Educação";"Número de Matrículas em Creches por Dependência Administrativa";"Guamá";"Vigia";"Municipal";"2021";464
"Social";"Educação";"Número de Matrículas em Creches por Dependência Administrativa";"Guamá";"Vigia";"Municipal";"2022";516
"Social";"Educação";"Número de Matrículas em Creches por Dependência Administrativa";"Guamá";"Vigia";"Municipal";"2023";599
"Social";"Educação";"Número de Matrículas em Creches por Dependência Administrativa";"Guamá";"Vigia";"Municipal";"2024";559
"Social";"Educação";"Número de Matrículas em Creches por Dependência Administrativa";"Rio Caeté";"Viseu";"Municipal";"2019";1238
"Social";"Educação";"Número de Matrículas em Creches por Dependência Administrativa";"Rio Caeté";"Viseu";"Municipal";"2020";1127
"Social";"Educação";"Número de Matrículas em Creches por Dependência Administrativa";"Rio Caeté";"Viseu";"Municipal";"2021";1202
"Social";"Educação";"Número de Matrículas em Creches por Dependência Administrativa";"Rio Caeté";"Viseu";"Municipal";"2022";1477
"Social";"Educação";"Número de Matrículas em Creches por Dependência Administrativa";"Rio Caeté";"Viseu";"Municipal";"2023";1689
"Social";"Educação";"Número de Matrículas em Creches por Dependência Administrativa";"Rio Caeté";"Viseu";"Municipal";"2024";1704
"Social";"Educação";"Número de Matrículas em Creches por Dependência Administrativa";"Xingu";"Vitória do Xingu";"Municipal";"2019";281
"Social";"Educação";"Número de Matrículas em Creches por Dependência Administrativa";"Xingu";"Vitória do Xingu";"Municipal";"2020";280
"Social";"Educação";"Número de Matrículas em Creches por Dependência Administrativa";"Xingu";"Vitória do Xingu";"Municipal";"2021";269
"Social";"Educação";"Número de Matrículas em Creches por Dependência Administrativa";"Xingu";"Vitória do Xingu";"Municipal";"2022";263
"Social";"Educação";"Número de Matrículas em Creches por Dependência Administrativa";"Xingu";"Vitória do Xingu";"Municipal";"2023";262
"Social";"Educação";"Número de Matrículas em Creches por Dependência Administrativa";"Xingu";"Vitória do Xingu";"Municipal";"2024";290
"Social";"Educação";"Número de Matrículas em Creches por Dependência Administrativa";"Araguaia";"Xinguara";"Municipal";"2019";651
"Social";"Educação";"Número de Matrículas em Creches por Dependência Administrativa";"Araguaia";"Xinguara";"Municipal";"2020";710
"Social";"Educação";"Número de Matrículas em Creches por Dependência Administrativa";"Araguaia";"Xinguara";"Municipal";"2021";819
"Social";"Educação";"Número de Matrículas em Creches por Dependência Administrativa";"Araguaia";"Xinguara";"Municipal";"2022";882
"Social";"Educação";"Número de Matrículas em Creches por Dependência Administrativa";"Araguaia";"Xinguara";"Municipal";"2023";1002
"Social";"Educação";"Número de Matrículas em Creches por Dependência Administrativa";"Araguaia";"Xinguara";"Municipal";"2024";1162
"Social";"Educação";"Número de Matrículas em Creches por Dependência Administrativa";"Pará";"Pará";"Privada";"2019";11256
"Social";"Educação";"Número de Matrículas em Creches por Dependência Administrativa";"Pará";"Pará";"Privada";"2020";10262
"Social";"Educação";"Número de Matrículas em Creches por Dependência Administrativa";"Pará";"Pará";"Privada";"2021";8051
"Social";"Educação";"Número de Matrículas em Creches por Dependência Administrativa";"Pará";"Pará";"Privada";"2022";12059
"Social";"Educação";"Número de Matrículas em Creches por Dependência Administrativa";"Pará";"Pará";"Privada";"2023";12510
"Social";"Educação";"Número de Matrículas em Creches por Dependência Administrativa";"Pará";"Pará";"Privada";"2024";12640
"Social";"Educação";"Número de Matrículas em Creches por Dependência Administrativa";"Tocantins";"Abaetetuba";"Privada";"2019";196
"Social";"Educação";"Número de Matrículas em Creches por Dependência Administrativa";"Tocantins";"Abaetetuba";"Privada";"2020";206
"Social";"Educação";"Número de Matrículas em Creches por Dependência Administrativa";"Tocantins";"Abaetetuba";"Privada";"2021";86
"Social";"Educação";"Número de Matrículas em Creches por Dependência Administrativa";"Tocantins";"Abaetetuba";"Privada";"2022";212
"Social";"Educação";"Número de Matrículas em Creches por Dependência Administrativa";"Tocantins";"Abaetetuba";"Privada";"2023";187
"Social";"Educação";"Número de Matrículas em Creches por Dependência Administrativa";"Tocantins";"Abaetetuba";"Privada";"2024";207
"Social";"Educação";"Número de Matrículas em Creches por Dependência Administrativa";"Rio Capim";"Abel Figueiredo";"Privada";"2019";0
"Social";"Educação";"Número de Matrículas em Creches por Dependência Administrativa";"Rio Capim";"Abel Figueiredo";"Privada";"2020";0
"Social";"Educação";"Número de Matrículas em Creches por Dependência Administrativa";"Rio Capim";"Abel Figueiredo";"Privada";"2021";0
"Social";"Educação";"Número de Matrículas em Creches por Dependência Administrativa";"Rio Capim";"Abel Figueiredo";"Privada";"2022";0
"Social";"Educação";"Número de Matrículas em Creches por Dependência Administrativa";"Rio Capim";"Abel Figueiredo";"Privada";"2023";0
"Social";"Educação";"Número de Matrículas em Creches por Dependência Administrativa";"Rio Capim";"Abel Figueiredo";"Privada";"2024";0
"Social";"Educação";"Número de Matrículas em Creches por Dependência Administrativa";"Tocantins";"Acará";"Privada";"2019";0
"Social";"Educação";"Número de Matrículas em Creches por Dependência Administrativa";"Tocantins";"Acará";"Privada";"2020";0
"Social";"Educação";"Número de Matrículas em Creches por Dependência Administrativa";"Tocantins";"Acará";"Privada";"2021";0
"Social";"Educação";"Número de Matrículas em Creches por Dependência Administrativa";"Tocantins";"Acará";"Privada";"2022";0
"Social";"Educação";"Número de Matrículas em Creches por Dependência Administrativa";"Tocantins";"Acará";"Privada";"2023";0
"Social";"Educação";"Número de Matrículas em Creches por Dependência Administrativa";"Tocantins";"Acará";"Privada";"2024";0
"Social";"Educação";"Número de Matrículas em Creches por Dependência Administrativa";"Marajó";"Afuá";"Privada";"2019";0
"Social";"Educação";"Número de Matrículas em Creches por Dependência Administrativa";"Marajó";"Afuá";"Privada";"2020";0
"Social";"Educação";"Número de Matrículas em Creches por Dependência Administrativa";"Marajó";"Afuá";"Privada";"2021";0
"Social";"Educação";"Número de Matrículas em Creches por Dependência Administrativa";"Marajó";"Afuá";"Privada";"2022";0
"Social";"Educação";"Número de Matrículas em Creches por Dependência Administrativa";"Marajó";"Afuá";"Privada";"2023";0
"Social";"Educação";"Número de Matrículas em Creches por Dependência Administrativa";"Marajó";"Afuá";"Privada";"2024";0
"Social";"Educação";"Número de Matrículas em Creches por Dependência Administrativa";"Araguaia";"Água Azul do Norte";"Privada";"2019";10
"Social";"Educação";"Número de Matrículas em Creches por Dependência Administrativa";"Araguaia";"Água Azul do Norte";"Privada";"2020";3
"Social";"Educação";"Número de Matrículas em Creches por Dependência Administrativa";"Araguaia";"Água Azul do Norte";"Privada";"2021";2
"Social";"Educação";"Número de Matrículas em Creches por Dependência Administrativa";"Araguaia";"Água Azul do Norte";"Privada";"2022";4
"Social";"Educação";"Número de Matrículas em Creches por Dependência Administrativa";"Araguaia";"Água Azul do Norte";"Privada";"2023";4
"Social";"Educação";"Número de Matrículas em Creches por Dependência Administrativa";"Araguaia";"Água Azul do Norte";"Privada";"2024";2
"Social";"Educação";"Número de Matrículas em Creches por Dependência Administrativa";"Baixo Amazonas";"Alenquer";"Privada";"2019";47
"Social";"Educação";"Número de Matrículas em Creches por Dependência Administrativa";"Baixo Amazonas";"Alenquer";"Privada";"2020";61
"Social";"Educação";"Número de Matrículas em Creches por Dependência Administrativa";"Baixo Amazonas";"Alenquer";"Privada";"2021";15
"Social";"Educação";"Número de Matrículas em Creches por Dependência Administrativa";"Baixo Amazonas";"Alenquer";"Privada";"2022";54
"Social";"Educação";"Número de Matrículas em Creches por Dependência Administrativa";"Baixo Amazonas";"Alenquer";"Privada";"2023";86
"Social";"Educação";"Número de Matrículas em Creches por Dependência Administrativa";"Baixo Amazonas";"Alenquer";"Privada";"2024";35
"Social";"Educação";"Número de Matrículas em Creches por Dependência Administrativa";"Baixo Amazonas";"Almeirim";"Privada";"2019";23
"Social";"Educação";"Número de Matrículas em Creches por Dependência Administrativa";"Baixo Amazonas";"Almeirim";"Privada";"2020";11
"Social";"Educação";"Número de Matrículas em Creches por Dependência Administrativa";"Baixo Amazonas";"Almeirim";"Privada";"2021";8
"Social";"Educação";"Número de Matrículas em Creches por Dependência Administrativa";"Baixo Amazonas";"Almeirim";"Privada";"2022";15
"Social";"Educação";"Número de Matrículas em Creches por Dependência Administrativa";"Baixo Amazonas";"Almeirim";"Privada";"2023";4
"Social";"Educação";"Número de Matrículas em Creches por Dependência Administrativa";"Baixo Amazonas";"Almeirim";"Privada";"2024";0
"Social";"Educação";"Número de Matrículas em Creches por Dependência Administrativa";"Xingu";"Altamira";"Privada";"2019";159
"Social";"Educação";"Número de Matrículas em Creches por Dependência Administrativa";"Xingu";"Altamira";"Privada";"2020";176
"Social";"Educação";"Número de Matrículas em Creches por Dependência Administrativa";"Xingu";"Altamira";"Privada";"2021";72
"Social";"Educação";"Número de Matrículas em Creches por Dependência Administrativa";"Xingu";"Altamira";"Privada";"2022";176
"Social";"Educação";"Número de Matrículas em Creches por Dependência Administrativa";"Xingu";"Altamira";"Privada";"2023";217
"Social";"Educação";"Número de Matrículas em Creches por Dependência Administrativa";"Xingu";"Altamira";"Privada";"2024";173
"Social";"Educação";"Número de Matrículas em Creches por Dependência Administrativa";"Marajó";"Anajás";"Privada";"2019";0
"Social";"Educação";"Número de Matrículas em Creches por Dependência Administrativa";"Marajó";"Anajás";"Privada";"2020";0
"Social";"Educação";"Número de Matrículas em Creches por Dependência Administrativa";"Marajó";"Anajás";"Privada";"2021";0
"Social";"Educação";"Número de Matrículas em Creches por Dependência Administrativa";"Marajó";"Anajás";"Privada";"2022";0
"Social";"Educação";"Número de Matrículas em Creches por Dependência Administrativa";"Marajó";"Anajás";"Privada";"2023";0
"Social";"Educação";"Número de Matrículas em Creches por Dependência Administrativa";"Marajó";"Anajás";"Privada";"2024";0
"Social";"Educação";"Número de Matrículas em Creches por Dependência Administrativa";"Guajará";"Ananindeua";"Privada";"2019";744
"Social";"Educação";"Número de Matrículas em Creches por Dependência Administrativa";"Guajará";"Ananindeua";"Privada";"2020";636
"Social";"Educação";"Número de Matrículas em Creches por Dependência Administrativa";"Guajará";"Ananindeua";"Privada";"2021";496
"Social";"Educação";"Número de Matrículas em Creches por Dependência Administrativa";"Guajará";"Ananindeua";"Privada";"2022";787
"Social";"Educação";"Número de Matrículas em Creches por Dependência Administrativa";"Guajará";"Ananindeua";"Privada";"2023";677
"Social";"Educação";"Número de Matrículas em Creches por Dependência Administrativa";"Guajará";"Ananindeua";"Privada";"2024";771
"Social";"Educação";"Número de Matrículas em Creches por Dependência Administrativa";"Xingu";"Anapu";"Privada";"2019";14
"Social";"Educação";"Número de Matrículas em Creches por Dependência Administrativa";"Xingu";"Anapu";"Privada";"2020";6
"Social";"Educação";"Número de Matrículas em Creches por Dependência Administrativa";"Xingu";"Anapu";"Privada";"2021";8
"Social";"Educação";"Número de Matrículas em Creches por Dependência Administrativa";"Xingu";"Anapu";"Privada";"2022";19
"Social";"Educação";"Número de Matrículas em Creches por Dependência Administrativa";"Xingu";"Anapu";"Privada";"2023";30
"Social";"Educação";"Número de Matrículas em Creches por Dependência Administrativa";"Xingu";"Anapu";"Privada";"2024";43
"Social";"Educação";"Número de Matrículas em Creches por Dependência Administrativa";"Rio Caeté";"Augusto Corrêa";"Privada";"2019";33
"Social";"Educação";"Número de Matrículas em Creches por Dependência Administrativa";"Rio Caeté";"Augusto Corrêa";"Privada";"2020";15
"Social";"Educação";"Número de Matrículas em Creches por Dependência Administrativa";"Rio Caeté";"Augusto Corrêa";"Privada";"2021";10
"Social";"Educação";"Número de Matrículas em Creches por Dependência Administrativa";"Rio Caeté";"Augusto Corrêa";"Privada";"2022";0
"Social";"Educação";"Número de Matrículas em Creches por Dependência Administrativa";"Rio Caeté";"Augusto Corrêa";"Privada";"2023";0
"Social";"Educação";"Número de Matrículas em Creches por Dependência Administrativa";"Rio Caeté";"Augusto Corrêa";"Privada";"2024";8
"Social";"Educação";"Número de Matrículas em Creches por Dependência Administrativa";"Rio Capim";"Aurora do Pará";"Privada";"2019";0
"Social";"Educação";"Número de Matrículas em Creches por Dependência Administrativa";"Rio Capim";"Aurora do Pará";"Privada";"2020";0
"Social";"Educação";"Número de Matrículas em Creches por Dependência Administrativa";"Rio Capim";"Aurora do Pará";"Privada";"2021";0
"Social";"Educação";"Número de Matrículas em Creches por Dependência Administrativa";"Rio Capim";"Aurora do Pará";"Privada";"2022";0
"Social";"Educação";"Número de Matrículas em Creches por Dependência Administrativa";"Rio Capim";"Aurora do Pará";"Privada";"2023";0
"Social";"Educação";"Número de Matrículas em Creches por Dependência Administrativa";"Rio Capim";"Aurora do Pará";"Privada";"2024";0
"Social";"Educação";"Número de Matrículas em Creches por Dependência Administrativa";"Tapajós";"Aveiro";"Privada";"2019";0
"Social";"Educação";"Número de Matrículas em Creches por Dependência Administrativa";"Tapajós";"Aveiro";"Privada";"2020";0
"Social";"Educação";"Número de Matrículas em Creches por Dependência Administrativa";"Tapajós";"Aveiro";"Privada";"2021";0
"Social";"Educação";"Número de Matrículas em Creches por Dependência Administrativa";"Tapajós";"Aveiro";"Privada";"2022";0
"Social";"Educação";"Número de Matrículas em Creches por Dependência Administrativa";"Tapajós";"Aveiro";"Privada";"2023";0
"Social";"Educação";"Número de Matrículas em Creches por Dependência Administrativa";"Tapajós";"Aveiro";"Privada";"2024";0
"Social";"Educação";"Número de Matrículas em Creches por Dependência Administrativa";"Marajó";"Bagre";"Privada";"2019";0
"Social";"Educação";"Número de Matrículas em Creches por Dependência Administrativa";"Marajó";"Bagre";"Privada";"2020";0
"Social";"Educação";"Número de Matrículas em Creches por Dependência Administrativa";"Marajó";"Bagre";"Privada";"2021";0
"Social";"Educação";"Número de Matrículas em Creches por Dependência Administrativa";"Marajó";"Bagre";"Privada";"2022";0
"Social";"Educação";"Número de Matrículas em Creches por Dependência Administrativa";"Marajó";"Bagre";"Privada";"2023";0
"Social";"Educação";"Número de Matrículas em Creches por Dependência Administrativa";"Marajó";"Bagre";"Privada";"2024";0
"Social";"Educação";"Número de Matrículas em Creches por Dependência Administrativa";"Tocantins";"Baião";"Privada";"2019";27
"Social";"Educação";"Número de Matrículas em Creches por Dependência Administrativa";"Tocantins";"Baião";"Privada";"2020";36
"Social";"Educação";"Número de Matrículas em Creches por Dependência Administrativa";"Tocantins";"Baião";"Privada";"2021";19
"Social";"Educação";"Número de Matrículas em Creches por Dependência Administrativa";"Tocantins";"Baião";"Privada";"2022";41
"Social";"Educação";"Número de Matrículas em Creches por Dependência Administrativa";"Tocantins";"Baião";"Privada";"2023";38
"Social";"Educação";"Número de Matrículas em Creches por Dependência Administrativa";"Tocantins";"Baião";"Privada";"2024";41
"Social";"Educação";"Número de Matrículas em Creches por Dependência Administrativa";"Araguaia";"Bannach";"Privada";"2019";0
"Social";"Educação";"Número de Matrículas em Creches por Dependência Administrativa";"Araguaia";"Bannach";"Privada";"2020";0
"Social";"Educação";"Número de Matrículas em Creches por Dependência Administrativa";"Araguaia";"Bannach";"Privada";"2021";0
"Social";"Educação";"Número de Matrículas em Creches por Dependência Administrativa";"Araguaia";"Bannach";"Privada";"2022";0
"Social";"Educação";"Número de Matrículas em Creches por Dependência Administrativa";"Araguaia";"Bannach";"Privada";"2023";0
"Social";"Educação";"Número de Matrículas em Creches por Dependência Administrativa";"Araguaia";"Bannach";"Privada";"2024";0
"Social";"Educação";"Número de Matrículas em Creches por Dependência Administrativa";"Tocantins";"Barcarena";"Privada";"2019";170
"Social";"Educação";"Número de Matrículas em Creches por Dependência Administrativa";"Tocantins";"Barcarena";"Privada";"2020";232
"Social";"Educação";"Número de Matrículas em Creches por Dependência Administrativa";"Tocantins";"Barcarena";"Privada";"2021";207
"Social";"Educação";"Número de Matrículas em Creches por Dependência Administrativa";"Tocantins";"Barcarena";"Privada";"2022";227
"Social";"Educação";"Número de Matrículas em Creches por Dependência Administrativa";"Tocantins";"Barcarena";"Privada";"2023";230
"Social";"Educação";"Número de Matrículas em Creches por Dependência Administrativa";"Tocantins";"Barcarena";"Privada";"2024";282
"Social";"Educação";"Número de Matrículas em Creches por Dependência Administrativa";"Guajará";"Belém";"Privada";"2019";4724
"Social";"Educação";"Número de Matrículas em Creches por Dependência Administrativa";"Guajará";"Belém";"Privada";"2020";4403
"Social";"Educação";"Número de Matrículas em Creches por Dependência Administrativa";"Guajará";"Belém";"Privada";"2021";3900
"Social";"Educação";"Número de Matrículas em Creches por Dependência Administrativa";"Guajará";"Belém";"Privada";"2022";4981
"Social";"Educação";"Número de Matrículas em Creches por Dependência Administrativa";"Guajará";"Belém";"Privada";"2023";5267
"Social";"Educação";"Número de Matrículas em Creches por Dependência Administrativa";"Guajará";"Belém";"Privada";"2024";5375
"Social";"Educação";"Número de Matrículas em Creches por Dependência Administrativa";"Baixo Amazonas";"Belterra";"Privada";"2019";0
"Social";"Educação";"Número de Matrículas em Creches por Dependência Administrativa";"Baixo Amazonas";"Belterra";"Privada";"2020";0
"Social";"Educação";"Número de Matrículas em Creches por Dependência Administrativa";"Baixo Amazonas";"Belterra";"Privada";"2021";0
"Social";"Educação";"Número de Matrículas em Creches por Dependência Administrativa";"Baixo Amazonas";"Belterra";"Privada";"2022";0
"Social";"Educação";"Número de Matrículas em Creches por Dependência Administrativa";"Baixo Amazonas";"Belterra";"Privada";"2023";0
"Social";"Educação";"Número de Matrículas em Creches por Dependência Administrativa";"Baixo Amazonas";"Belterra";"Privada";"2024";11
"Social";"Educação";"Número de Matrículas em Creches por Dependência Administrativa";"Guajará";"Benevides";"Privada";"2019";44
"Social";"Educação";"Número de Matrículas em Creches por Dependência Administrativa";"Guajará";"Benevides";"Privada";"2020";15
"Social";"Educação";"Número de Matrículas em Creches por Dependência Administrativa";"Guajará";"Benevides";"Privada";"2021";50
"Social";"Educação";"Número de Matrículas em Creches por Dependência Administrativa";"Guajará";"Benevides";"Privada";"2022";88
"Social";"Educação";"Número de Matrículas em Creches por Dependência Administrativa";"Guajará";"Benevides";"Privada";"2023";58
"Social";"Educação";"Número de Matrículas em Creches por Dependência Administrativa";"Guajará";"Benevides";"Privada";"2024";63
"Social";"Educação";"Número de Matrículas em Creches por Dependência Administrativa";"Carajás";"Bom Jesus do Tocantins";"Privada";"2019";0
"Social";"Educação";"Número de Matrículas em Creches por Dependência Administrativa";"Carajás";"Bom Jesus do Tocantins";"Privada";"2020";0
"Social";"Educação";"Número de Matrículas em Creches por Dependência Administrativa";"Carajás";"Bom Jesus do Tocantins";"Privada";"2021";0
"Social";"Educação";"Número de Matrículas em Creches por Dependência Administrativa";"Carajás";"Bom Jesus do Tocantins";"Privada";"2022";0
"Social";"Educação";"Número de Matrículas em Creches por Dependência Administrativa";"Carajás";"Bom Jesus do Tocantins";"Privada";"2023";0
"Social";"Educação";"Número de Matrículas em Creches por Dependência Administrativa";"Carajás";"Bom Jesus do Tocantins";"Privada";"2024";0
"Social";"Educação";"Número de Matrículas em Creches por Dependência Administrativa";"Rio Caeté";"Bonito";"Privada";"2019";0
"Social";"Educação";"Número de Matrículas em Creches por Dependência Administrativa";"Rio Caeté";"Bonito";"Privada";"2020";0
"Social";"Educação";"Número de Matrículas em Creches por Dependência Administrativa";"Rio Caeté";"Bonito";"Privada";"2021";0
"Social";"Educação";"Número de Matrículas em Creches por Dependência Administrativa";"Rio Caeté";"Bonito";"Privada";"2022";0
"Social";"Educação";"Número de Matrículas em Creches por Dependência Administrativa";"Rio Caeté";"Bonito";"Privada";"2023";0
"Social";"Educação";"Número de Matrículas em Creches por Dependência Administrativa";"Rio Caeté";"Bonito";"Privada";"2024";0
"Social";"Educação";"Número de Matrículas em Creches por Dependência Administrativa";"Rio Caeté";"Bragança";"Privada";"2019";202
"Social";"Educação";"Número de Matrículas em Creches por Dependência Administrativa";"Rio Caeté";"Bragança";"Privada";"2020";236
"Social";"Educação";"Número de Matrículas em Creches por Dependência Administrativa";"Rio Caeté";"Bragança";"Privada";"2021";102
"Social";"Educação";"Número de Matrículas em Creches por Dependência Administrativa";"Rio Caeté";"Bragança";"Privada";"2022";218
"Social";"Educação";"Número de Matrículas em Creches por Dependência Administrativa";"Rio Caeté";"Bragança";"Privada";"2023";193
"Social";"Educação";"Número de Matrículas em Creches por Dependência Administrativa";"Rio Caeté";"Bragança";"Privada";"2024";142
"Social";"Educação";"Número de Matrículas em Creches por Dependência Administrativa";"Xingu";"Brasil Novo";"Privada";"2019";0
"Social";"Educação";"Número de Matrículas em Creches por Dependência Administrativa";"Xingu";"Brasil Novo";"Privada";"2020";0
"Social";"Educação";"Número de Matrículas em Creches por Dependência Administrativa";"Xingu";"Brasil Novo";"Privada";"2021";0
"Social";"Educação";"Número de Matrículas em Creches por Dependência Administrativa";"Xingu";"Brasil Novo";"Privada";"2022";0
"Social";"Educação";"Número de Matrículas em Creches por Dependência Administrativa";"Xingu";"Brasil Novo";"Privada";"2023";0
"Social";"Educação";"Número de Matrículas em Creches por Dependência Administrativa";"Xingu";"Brasil Novo";"Privada";"2024";0
"Social";"Educação";"Número de Matrículas em Creches por Dependência Administrativa";"Carajás";"Brejo Grande do Araguaia";"Privada";"2019";0
"Social";"Educação";"Número de Matrículas em Creches por Dependência Administrativa";"Carajás";"Brejo Grande do Araguaia";"Privada";"2020";0
"Social";"Educação";"Número de Matrículas em Creches por Dependência Administrativa";"Carajás";"Brejo Grande do Araguaia";"Privada";"2021";0
"Social";"Educação";"Número de Matrículas em Creches por Dependência Administrativa";"Carajás";"Brejo Grande do Araguaia";"Privada";"2022";0
"Social";"Educação";"Número de Matrículas em Creches por Dependência Administrativa";"Carajás";"Brejo Grande do Araguaia";"Privada";"2023";0
"Social";"Educação";"Número de Matrículas em Creches por Dependência Administrativa";"Carajás";"Brejo Grande do Araguaia";"Privada";"2024";0
"Social";"Educação";"Número de Matrículas em Creches por Dependência Administrativa";"Lago de Tucuruí";"Breu Branco";"Privada";"2019";0
"Social";"Educação";"Número de Matrículas em Creches por Dependência Administrativa";"Lago de Tucuruí";"Breu Branco";"Privada";"2020";0
"Social";"Educação";"Número de Matrículas em Creches por Dependência Administrativa";"Lago de Tucuruí";"Breu Branco";"Privada";"2021";0
"Social";"Educação";"Número de Matrículas em Creches por Dependência Administrativa";"Lago de Tucuruí";"Breu Branco";"Privada";"2022";0
"Social";"Educação";"Número de Matrículas em Creches por Dependência Administrativa";"Lago de Tucuruí";"Breu Branco";"Privada";"2023";0
"Social";"Educação";"Número de Matrículas em Creches por Dependência Administrativa";"Lago de Tucuruí";"Breu Branco";"Privada";"2024";0
"Social";"Educação";"Número de Matrículas em Creches por Dependência Administrativa";"Marajó";"Breves";"Privada";"2019";37
"Social";"Educação";"Número de Matrículas em Creches por Dependência Administrativa";"Marajó";"Breves";"Privada";"2020";21
"Social";"Educação";"Número de Matrículas em Creches por Dependência Administrativa";"Marajó";"Breves";"Privada";"2021";20
"Social";"Educação";"Número de Matrículas em Creches por Dependência Administrativa";"Marajó";"Breves";"Privada";"2022";120
"Social";"Educação";"Número de Matrículas em Creches por Dependência Administrativa";"Marajó";"Breves";"Privada";"2023";140
"Social";"Educação";"Número de Matrículas em Creches por Dependência Administrativa";"Marajó";"Breves";"Privada";"2024";39
"Social";"Educação";"Número de Matrículas em Creches por Dependência Administrativa";"Rio Capim";"Bujaru";"Privada";"2019";0
"Social";"Educação";"Número de Matrículas em Creches por Dependência Administrativa";"Rio Capim";"Bujaru";"Privada";"2020";0
"Social";"Educação";"Número de Matrículas em Creches por Dependência Administrativa";"Rio Capim";"Bujaru";"Privada";"2021";0
"Social";"Educação";"Número de Matrículas em Creches por Dependência Administrativa";"Rio Capim";"Bujaru";"Privada";"2022";0
"Social";"Educação";"Número de Matrículas em Creches por Dependência Administrativa";"Rio Capim";"Bujaru";"Privada";"2023";0
"Social";"Educação";"Número de Matrículas em Creches por Dependência Administrativa";"Rio Capim";"Bujaru";"Privada";"2024";0
"Social";"Educação";"Número de Matrículas em Creches por Dependência Administrativa";"Marajó";"Cachoeira do Arari";"Privada";"2019";0
"Social";"Educação";"Número de Matrículas em Creches por Dependência Administrativa";"Marajó";"Cachoeira do Arari";"Privada";"2020";0
"Social";"Educação";"Número de Matrículas em Creches por Dependência Administrativa";"Marajó";"Cachoeira do Arari";"Privada";"2021";0
"Social";"Educação";"Número de Matrículas em Creches por Dependência Administrativa";"Marajó";"Cachoeira do Arari";"Privada";"2022";0
"Social";"Educação";"Número de Matrículas em Creches por Dependência Administrativa";"Marajó";"Cachoeira do Arari";"Privada";"2023";0
"Social";"Educação";"Número de Matrículas em Creches por Dependência Administrativa";"Marajó";"Cachoeira do Arari";"Privada";"2024";0
"Social";"Educação";"Número de Matrículas em Creches por Dependência Administrativa";"Rio Caeté";"Cachoeira do Piriá";"Privada";"2019";6
"Social";"Educação";"Número de Matrículas em Creches por Dependência Administrativa";"Rio Caeté";"Cachoeira do Piriá";"Privada";"2020";10
"Social";"Educação";"Número de Matrículas em Creches por Dependência Administrativa";"Rio Caeté";"Cachoeira do Piriá";"Privada";"2021";5
"Social";"Educação";"Número de Matrículas em Creches por Dependência Administrativa";"Rio Caeté";"Cachoeira do Piriá";"Privada";"2022";7
"Social";"Educação";"Número de Matrículas em Creches por Dependência Administrativa";"Rio Caeté";"Cachoeira do Piriá";"Privada";"2023";7
"Social";"Educação";"Número de Matrículas em Creches por Dependência Administrativa";"Rio Caeté";"Cachoeira do Piriá";"Privada";"2024";0
"Social";"Educação";"Número de Matrículas em Creches por Dependência Administrativa";"Tocantins";"Cametá";"Privada";"2019";113
"Social";"Educação";"Número de Matrículas em Creches por Dependência Administrativa";"Tocantins";"Cametá";"Privada";"2020";116
"Social";"Educação";"Número de Matrículas em Creches por Dependência Administrativa";"Tocantins";"Cametá";"Privada";"2021";32
"Social";"Educação";"Número de Matrículas em Creches por Dependência Administrativa";"Tocantins";"Cametá";"Privada";"2022";111
"Social";"Educação";"Número de Matrículas em Creches por Dependência Administrativa";"Tocantins";"Cametá";"Privada";"2023";145
"Social";"Educação";"Número de Matrículas em Creches por Dependência Administrativa";"Tocantins";"Cametá";"Privada";"2024";176
"Social";"Educação";"Número de Matrículas em Creches por Dependência Administrativa";"Carajás";"Canaã dos Carajás";"Privada";"2019";212
"Social";"Educação";"Número de Matrículas em Creches por Dependência Administrativa";"Carajás";"Canaã dos Carajás";"Privada";"2020";208
"Social";"Educação";"Número de Matrículas em Creches por Dependência Administrativa";"Carajás";"Canaã dos Carajás";"Privada";"2021";128
"Social";"Educação";"Número de Matrículas em Creches por Dependência Administrativa";"Carajás";"Canaã dos Carajás";"Privada";"2022";248
"Social";"Educação";"Número de Matrículas em Creches por Dependência Administrativa";"Carajás";"Canaã dos Carajás";"Privada";"2023";351
"Social";"Educação";"Número de Matrículas em Creches por Dependência Administrativa";"Carajás";"Canaã dos Carajás";"Privada";"2024";405
"Social";"Educação";"Número de Matrículas em Creches por Dependência Administrativa";"Rio Caeté";"Capanema";"Privada";"2019";158
"Social";"Educação";"Número de Matrículas em Creches por Dependência Administrativa";"Rio Caeté";"Capanema";"Privada";"2020";112
"Social";"Educação";"Número de Matrículas em Creches por Dependência Administrativa";"Rio Caeté";"Capanema";"Privada";"2021";56
"Social";"Educação";"Número de Matrículas em Creches por Dependência Administrativa";"Rio Caeté";"Capanema";"Privada";"2022";75
"Social";"Educação";"Número de Matrículas em Creches por Dependência Administrativa";"Rio Caeté";"Capanema";"Privada";"2023";61
"Social";"Educação";"Número de Matrículas em Creches por Dependência Administrativa";"Rio Caeté";"Capanema";"Privada";"2024";60
"Social";"Educação";"Número de Matrículas em Creches por Dependência Administrativa";"Rio Capim";"Capitão Poço";"Privada";"2019";52
"Social";"Educação";"Número de Matrículas em Creches por Dependência Administrativa";"Rio Capim";"Capitão Poço";"Privada";"2020";42
"Social";"Educação";"Número de Matrículas em Creches por Dependência Administrativa";"Rio Capim";"Capitão Poço";"Privada";"2021";27
"Social";"Educação";"Número de Matrículas em Creches por Dependência Administrativa";"Rio Capim";"Capitão Poço";"Privada";"2022";41
"Social";"Educação";"Número de Matrículas em Creches por Dependência Administrativa";"Rio Capim";"Capitão Poço";"Privada";"2023";54
"Social";"Educação";"Número de Matrículas em Creches por Dependência Administrativa";"Rio Capim";"Capitão Poço";"Privada";"2024";86
"Social";"Educação";"Número de Matrículas em Creches por Dependência Administrativa";"Guamá";"Castanhal";"Privada";"2019";472
"Social";"Educação";"Número de Matrículas em Creches por Dependência Administrativa";"Guamá";"Castanhal";"Privada";"2020";547
"Social";"Educação";"Número de Matrículas em Creches por Dependência Administrativa";"Guamá";"Castanhal";"Privada";"2021";457
"Social";"Educação";"Número de Matrículas em Creches por Dependência Administrativa";"Guamá";"Castanhal";"Privada";"2022";542
"Social";"Educação";"Número de Matrículas em Creches por Dependência Administrativa";"Guamá";"Castanhal";"Privada";"2023";670
"Social";"Educação";"Número de Matrículas em Creches por Dependência Administrativa";"Guamá";"Castanhal";"Privada";"2024";724
"Social";"Educação";"Número de Matrículas em Creches por Dependência Administrativa";"Marajó";"Chaves";"Privada";"2019";0
"Social";"Educação";"Número de Matrículas em Creches por Dependência Administrativa";"Marajó";"Chaves";"Privada";"2020";0
"Social";"Educação";"Número de Matrículas em Creches por Dependência Administrativa";"Marajó";"Chaves";"Privada";"2021";0
"Social";"Educação";"Número de Matrículas em Creches por Dependência Administrativa";"Marajó";"Chaves";"Privada";"2022";0
"Social";"Educação";"Número de Matrículas em Creches por Dependência Administrativa";"Marajó";"Chaves";"Privada";"2023";0
"Social";"Educação";"Número de Matrículas em Creches por Dependência Administrativa";"Marajó";"Chaves";"Privada";"2024";0
"Social";"Educação";"Número de Matrículas em Creches por Dependência Administrativa";"Guamá";"Colares";"Privada";"2019";27
"Social";"Educação";"Número de Matrículas em Creches por Dependência Administrativa";"Guamá";"Colares";"Privada";"2020";0
"Social";"Educação";"Número de Matrículas em Creches por Dependência Administrativa";"Guamá";"Colares";"Privada";"2021";0
"Social";"Educação";"Número de Matrículas em Creches por Dependência Administrativa";"Guamá";"Colares";"Privada";"2022";0
"Social";"Educação";"Número de Matrículas em Creches por Dependência Administrativa";"Guamá";"Colares";"Privada";"2023";0
"Social";"Educação";"Número de Matrículas em Creches por Dependência Administrativa";"Guamá";"Colares";"Privada";"2024";0
"Social";"Educação";"Número de Matrículas em Creches por Dependência Administrativa";"Araguaia";"Conceição do Araguaia";"Privada";"2019";9
"Social";"Educação";"Número de Matrículas em Creches por Dependência Administrativa";"Araguaia";"Conceição do Araguaia";"Privada";"2020";11
"Social";"Educação";"Número de Matrículas em Creches por Dependência Administrativa";"Araguaia";"Conceição do Araguaia";"Privada";"2021";11
"Social";"Educação";"Número de Matrículas em Creches por Dependência Administrativa";"Araguaia";"Conceição do Araguaia";"Privada";"2022";31
"Social";"Educação";"Número de Matrículas em Creches por Dependência Administrativa";"Araguaia";"Conceição do Araguaia";"Privada";"2023";24
"Social";"Educação";"Número de Matrículas em Creches por Dependência Administrativa";"Araguaia";"Conceição do Araguaia";"Privada";"2024";18
"Social";"Educação";"Número de Matrículas em Creches por Dependência Administrativa";"Rio Capim";"Concórdia do Pará";"Privada";"2019";33
"Social";"Educação";"Número de Matrículas em Creches por Dependência Administrativa";"Rio Capim";"Concórdia do Pará";"Privada";"2020";24
"Social";"Educação";"Número de Matrículas em Creches por Dependência Administrativa";"Rio Capim";"Concórdia do Pará";"Privada";"2021";6
"Social";"Educação";"Número de Matrículas em Creches por Dependência Administrativa";"Rio Capim";"Concórdia do Pará";"Privada";"2022";14
"Social";"Educação";"Número de Matrículas em Creches por Dependência Administrativa";"Rio Capim";"Concórdia do Pará";"Privada";"2023";3
"Social";"Educação";"Número de Matrículas em Creches por Dependência Administrativa";"Rio Capim";"Concórdia do Pará";"Privada";"2024";9
"Social";"Educação";"Número de Matrículas em Creches por Dependência Administrativa";"Araguaia";"Cumaru do Norte";"Privada";"2019";0
"Social";"Educação";"Número de Matrículas em Creches por Dependência Administrativa";"Araguaia";"Cumaru do Norte";"Privada";"2020";0
"Social";"Educação";"Número de Matrículas em Creches por Dependência Administrativa";"Araguaia";"Cumaru do Norte";"Privada";"2021";0
"Social";"Educação";"Número de Matrículas em Creches por Dependência Administrativa";"Araguaia";"Cumaru do Norte";"Privada";"2022";0
"Social";"Educação";"Número de Matrículas em Creches por Dependência Administrativa";"Araguaia";"Cumaru do Norte";"Privada";"2023";0
"Social";"Educação";"Número de Matrículas em Creches por Dependência Administrativa";"Araguaia";"Cumaru do Norte";"Privada";"2024";0
"Social";"Educação";"Número de Matrículas em Creches por Dependência Administrativa";"Carajás";"Curionópolis";"Privada";"2019";0
"Social";"Educação";"Número de Matrículas em Creches por Dependência Administrativa";"Carajás";"Curionópolis";"Privada";"2020";13
"Social";"Educação";"Número de Matrículas em Creches por Dependência Administrativa";"Carajás";"Curionópolis";"Privada";"2021";0
"Social";"Educação";"Número de Matrículas em Creches por Dependência Administrativa";"Carajás";"Curionópolis";"Privada";"2022";20
"Social";"Educação";"Número de Matrículas em Creches por Dependência Administrativa";"Carajás";"Curionópolis";"Privada";"2023";9
"Social";"Educação";"Número de Matrículas em Creches por Dependência Administrativa";"Carajás";"Curionópolis";"Privada";"2024";17
"Social";"Educação";"Número de Matrículas em Creches por Dependência Administrativa";"Marajó";"Curralinho";"Privada";"2019";0
"Social";"Educação";"Número de Matrículas em Creches por Dependência Administrativa";"Marajó";"Curralinho";"Privada";"2020";0
"Social";"Educação";"Número de Matrículas em Creches por Dependência Administrativa";"Marajó";"Curralinho";"Privada";"2021";0
"Social";"Educação";"Número de Matrículas em Creches por Dependência Administrativa";"Marajó";"Curralinho";"Privada";"2022";0
"Social";"Educação";"Número de Matrículas em Creches por Dependência Administrativa";"Marajó";"Curralinho";"Privada";"2023";0
"Social";"Educação";"Número de Matrículas em Creches por Dependência Administrativa";"Marajó";"Curralinho";"Privada";"2024";0
"Social";"Educação";"Número de Matrículas em Creches por Dependência Administrativa";"Baixo Amazonas";"Curuá";"Privada";"2019";0
"Social";"Educação";"Número de Matrículas em Creches por Dependência Administrativa";"Baixo Amazonas";"Curuá";"Privada";"2020";0
"Social";"Educação";"Número de Matrículas em Creches por Dependência Administrativa";"Baixo Amazonas";"Curuá";"Privada";"2021";0
"Social";"Educação";"Número de Matrículas em Creches por Dependência Administrativa";"Baixo Amazonas";"Curuá";"Privada";"2022";0
"Social";"Educação";"Número de Matrículas em Creches por Dependência Administrativa";"Baixo Amazonas";"Curuá";"Privada";"2023";0
"Social";"Educação";"Número de Matrículas em Creches por Dependência Administrativa";"Baixo Amazonas";"Curuá";"Privada";"2024";0
"Social";"Educação";"Número de Matrículas em Creches por Dependência Administrativa";"Guamá";"Curuçá";"Privada";"2019";39
"Social";"Educação";"Número de Matrículas em Creches por Dependência Administrativa";"Guamá";"Curuçá";"Privada";"2020";50
"Social";"Educação";"Número de Matrículas em Creches por Dependência Administrativa";"Guamá";"Curuçá";"Privada";"2021";7
"Social";"Educação";"Número de Matrículas em Creches por Dependência Administrativa";"Guamá";"Curuçá";"Privada";"2022";12
"Social";"Educação";"Número de Matrículas em Creches por Dependência Administrativa";"Guamá";"Curuçá";"Privada";"2023";7
"Social";"Educação";"Número de Matrículas em Creches por Dependência Administrativa";"Guamá";"Curuçá";"Privada";"2024";5
"Social";"Educação";"Número de Matrículas em Creches por Dependência Administrativa";"Rio Capim";"Dom Eliseu";"Privada";"2019";26
"Social";"Educação";"Número de Matrículas em Creches por Dependência Administrativa";"Rio Capim";"Dom Eliseu";"Privada";"2020";13
"Social";"Educação";"Número de Matrículas em Creches por Dependência Administrativa";"Rio Capim";"Dom Eliseu";"Privada";"2021";31
"Social";"Educação";"Número de Matrículas em Creches por Dependência Administrativa";"Rio Capim";"Dom Eliseu";"Privada";"2022";30
"Social";"Educação";"Número de Matrículas em Creches por Dependência Administrativa";"Rio Capim";"Dom Eliseu";"Privada";"2023";50
"Social";"Educação";"Número de Matrículas em Creches por Dependência Administrativa";"Rio Capim";"Dom Eliseu";"Privada";"2024";39
"Social";"Educação";"Número de Matrículas em Creches por Dependência Administrativa";"Carajás";"Eldorado do Carajás";"Privada";"2019";0
"Social";"Educação";"Número de Matrículas em Creches por Dependência Administrativa";"Carajás";"Eldorado do Carajás";"Privada";"2020";0
"Social";"Educação";"Número de Matrículas em Creches por Dependência Administrativa";"Carajás";"Eldorado do Carajás";"Privada";"2021";0
"Social";"Educação";"Número de Matrículas em Creches por Dependência Administrativa";"Carajás";"Eldorado do Carajás";"Privada";"2022";0
"Social";"Educação";"Número de Matrículas em Creches por Dependência Administrativa";"Carajás";"Eldorado do Carajás";"Privada";"2023";0
"Social";"Educação";"Número de Matrículas em Creches por Dependência Administrativa";"Carajás";"Eldorado do Carajás";"Privada";"2024";0
"Social";"Educação";"Número de Matrículas em Creches por Dependência Administrativa";"Baixo Amazonas";"Faro";"Privada";"2019";0
"Social";"Educação";"Número de Matrículas em Creches por Dependência Administrativa";"Baixo Amazonas";"Faro";"Privada";"2020";0
"Social";"Educação";"Número de Matrículas em Creches por Dependência Administrativa";"Baixo Amazonas";"Faro";"Privada";"2021";0
"Social";"Educação";"Número de Matrículas em Creches por Dependência Administrativa";"Baixo Amazonas";"Faro";"Privada";"2022";0
"Social";"Educação";"Número de Matrículas em Creches por Dependência Administrativa";"Baixo Amazonas";"Faro";"Privada";"2023";0
"Social";"Educação";"Número de Matrículas em Creches por Dependência Administrativa";"Baixo Amazonas";"Faro";"Privada";"2024";0
"Social";"Educação";"Número de Matrículas em Creches por Dependência Administrativa";"Araguaia";"Floresta do Araguaia";"Privada";"2019";0
"Social";"Educação";"Número de Matrículas em Creches por Dependência Administrativa";"Araguaia";"Floresta do Araguaia";"Privada";"2020";0
"Social";"Educação";"Número de Matrículas em Creches por Dependência Administrativa";"Araguaia";"Floresta do Araguaia";"Privada";"2021";0
"Social";"Educação";"Número de Matrículas em Creches por Dependência Administrativa";"Araguaia";"Floresta do Araguaia";"Privada";"2022";0
"Social";"Educação";"Número de Matrículas em Creches por Dependência Administrativa";"Araguaia";"Floresta do Araguaia";"Privada";"2023";0
"Social";"Educação";"Número de Matrículas em Creches por Dependência Administrativa";"Araguaia";"Floresta do Araguaia";"Privada";"2024";0
"Social";"Educação";"Número de Matrículas em Creches por Dependência Administrativa";"Rio Capim";"Garrafão do Norte";"Privada";"2019";0
"Social";"Educação";"Número de Matrículas em Creches por Dependência Administrativa";"Rio Capim";"Garrafão do Norte";"Privada";"2020";0
"Social";"Educação";"Número de Matrículas em Creches por Dependência Administrativa";"Rio Capim";"Garrafão do Norte";"Privada";"2021";0
"Social";"Educação";"Número de Matrículas em Creches por Dependência Administrativa";"Rio Capim";"Garrafão do Norte";"Privada";"2022";0
"Social";"Educação";"Número de Matrículas em Creches por Dependência Administrativa";"Rio Capim";"Garrafão do Norte";"Privada";"2023";0
"Social";"Educação";"Número de Matrículas em Creches por Dependência Administrativa";"Rio Capim";"Garrafão do Norte";"Privada";"2024";0
"Social";"Educação";"Número de Matrículas em Creches por Dependência Administrativa";"Lago de Tucuruí";"Goianésia do Pará";"Privada";"2019";46
"Social";"Educação";"Número de Matrículas em Creches por Dependência Administrativa";"Lago de Tucuruí";"Goianésia do Pará";"Privada";"2020";26
"Social";"Educação";"Número de Matrículas em Creches por Dependência Administrativa";"Lago de Tucuruí";"Goianésia do Pará";"Privada";"2021";26
"Social";"Educação";"Número de Matrículas em Creches por Dependência Administrativa";"Lago de Tucuruí";"Goianésia do Pará";"Privada";"2022";34
"Social";"Educação";"Número de Matrículas em Creches por Dependência Administrativa";"Lago de Tucuruí";"Goianésia do Pará";"Privada";"2023";33
"Social";"Educação";"Número de Matrículas em Creches por Dependência Administrativa";"Lago de Tucuruí";"Goianésia do Pará";"Privada";"2024";35
"Social";"Educação";"Número de Matrículas em Creches por Dependência Administrativa";"Marajó";"Gurupá";"Privada";"2019";0
"Social";"Educação";"Número de Matrículas em Creches por Dependência Administrativa";"Marajó";"Gurupá";"Privada";"2020";0
"Social";"Educação";"Número de Matrículas em Creches por Dependência Administrativa";"Marajó";"Gurupá";"Privada";"2021";0
"Social";"Educação";"Número de Matrículas em Creches por Dependência Administrativa";"Marajó";"Gurupá";"Privada";"2022";0
"Social";"Educação";"Número de Matrículas em Creches por Dependência Administrativa";"Marajó";"Gurupá";"Privada";"2023";0
"Social";"Educação";"Número de Matrículas em Creches por Dependência Administrativa";"Marajó";"Gurupá";"Privada";"2024";0
"Social";"Educação";"Número de Matrículas em Creches por Dependência Administrativa";"Guamá";"Igarapé-Açu";"Privada";"2019";24
"Social";"Educação";"Número de Matrículas em Creches por Dependência Administrativa";"Guamá";"Igarapé-Açu";"Privada";"2020";13
"Social";"Educação";"Número de Matrículas em Creches por Dependência Administrativa";"Guamá";"Igarapé-Açu";"Privada";"2021";5
"Social";"Educação";"Número de Matrículas em Creches por Dependência Administrativa";"Guamá";"Igarapé-Açu";"Privada";"2022";11
"Social";"Educação";"Número de Matrículas em Creches por Dependência Administrativa";"Guamá";"Igarapé-Açu";"Privada";"2023";17
"Social";"Educação";"Número de Matrículas em Creches por Dependência Administrativa";"Guamá";"Igarapé-Açu";"Privada";"2024";10
"Social";"Educação";"Número de Matrículas em Creches por Dependência Administrativa";"Tocantins";"Igarapé-Miri";"Privada";"2019";137
"Social";"Educação";"Número de Matrículas em Creches por Dependência Administrativa";"Tocantins";"Igarapé-Miri";"Privada";"2020";124
"Social";"Educação";"Número de Matrículas em Creches por Dependência Administrativa";"Tocantins";"Igarapé-Miri";"Privada";"2021";31
"Social";"Educação";"Número de Matrículas em Creches por Dependência Administrativa";"Tocantins";"Igarapé-Miri";"Privada";"2022";65
"Social";"Educação";"Número de Matrículas em Creches por Dependência Administrativa";"Tocantins";"Igarapé-Miri";"Privada";"2023";62
"Social";"Educação";"Número de Matrículas em Creches por Dependência Administrativa";"Tocantins";"Igarapé-Miri";"Privada";"2024";46
"Social";"Educação";"Número de Matrículas em Creches por Dependência Administrativa";"Guamá";"Inhangapi";"Privada";"2019";0
"Social";"Educação";"Número de Matrículas em Creches por Dependência Administrativa";"Guamá";"Inhangapi";"Privada";"2020";0
"Social";"Educação";"Número de Matrículas em Creches por Dependência Administrativa";"Guamá";"Inhangapi";"Privada";"2021";0
"Social";"Educação";"Número de Matrículas em Creches por Dependência Administrativa";"Guamá";"Inhangapi";"Privada";"2022";0
"Social";"Educação";"Número de Matrículas em Creches por Dependência Administrativa";"Guamá";"Inhangapi";"Privada";"2023";0
"Social";"Educação";"Número de Matrículas em Creches por Dependência Administrativa";"Guamá";"Inhangapi";"Privada";"2024";0
"Social";"Educação";"Número de Matrículas em Creches por Dependência Administrativa";"Rio Capim";"Ipixuna do Pará";"Privada";"2019";23
"Social";"Educação";"Número de Matrículas em Creches por Dependência Administrativa";"Rio Capim";"Ipixuna do Pará";"Privada";"2020";0
"Social";"Educação";"Número de Matrículas em Creches por Dependência Administrativa";"Rio Capim";"Ipixuna do Pará";"Privada";"2021";5
"Social";"Educação";"Número de Matrículas em Creches por Dependência Administrativa";"Rio Capim";"Ipixuna do Pará";"Privada";"2022";10
"Social";"Educação";"Número de Matrículas em Creches por Dependência Administrativa";"Rio Capim";"Ipixuna do Pará";"Privada";"2023";9
"Social";"Educação";"Número de Matrículas em Creches por Dependência Administrativa";"Rio Capim";"Ipixuna do Pará";"Privada";"2024";11
"Social";"Educação";"Número de Matrículas em Creches por Dependência Administrativa";"Rio Capim";"Irituia";"Privada";"2019";0
"Social";"Educação";"Número de Matrículas em Creches por Dependência Administrativa";"Rio Capim";"Irituia";"Privada";"2020";0
"Social";"Educação";"Número de Matrículas em Creches por Dependência Administrativa";"Rio Capim";"Irituia";"Privada";"2021";0
"Social";"Educação";"Número de Matrículas em Creches por Dependência Administrativa";"Rio Capim";"Irituia";"Privada";"2022";0
"Social";"Educação";"Número de Matrículas em Creches por Dependência Administrativa";"Rio Capim";"Irituia";"Privada";"2023";0
"Social";"Educação";"Número de Matrículas em Creches por Dependência Administrativa";"Rio Capim";"Irituia";"Privada";"2024";0
"Social";"Educação";"Número de Matrículas em Creches por Dependência Administrativa";"Tapajós";"Itaituba";"Privada";"2019";221
"Social";"Educação";"Número de Matrículas em Creches por Dependência Administrativa";"Tapajós";"Itaituba";"Privada";"2020";221
"Social";"Educação";"Número de Matrículas em Creches por Dependência Administrativa";"Tapajós";"Itaituba";"Privada";"2021";190
"Social";"Educação";"Número de Matrículas em Creches por Dependência Administrativa";"Tapajós";"Itaituba";"Privada";"2022";226
"Social";"Educação";"Número de Matrículas em Creches por Dependência Administrativa";"Tapajós";"Itaituba";"Privada";"2023";303
"Social";"Educação";"Número de Matrículas em Creches por Dependência Administrativa";"Tapajós";"Itaituba";"Privada";"2024";301
"Social";"Educação";"Número de Matrículas em Creches por Dependência Administrativa";"Lago de Tucuruí";"Itupiranga";"Privada";"2019";15
"Social";"Educação";"Número de Matrículas em Creches por Dependência Administrativa";"Lago de Tucuruí";"Itupiranga";"Privada";"2020";17
"Social";"Educação";"Número de Matrículas em Creches por Dependência Administrativa";"Lago de Tucuruí";"Itupiranga";"Privada";"2021";14
"Social";"Educação";"Número de Matrículas em Creches por Dependência Administrativa";"Lago de Tucuruí";"Itupiranga";"Privada";"2022";20
"Social";"Educação";"Número de Matrículas em Creches por Dependência Administrativa";"Lago de Tucuruí";"Itupiranga";"Privada";"2023";11
"Social";"Educação";"Número de Matrículas em Creches por Dependência Administrativa";"Lago de Tucuruí";"Itupiranga";"Privada";"2024";11
"Social";"Educação";"Número de Matrículas em Creches por Dependência Administrativa";"Tapajós";"Jacareacanga";"Privada";"2019";0
"Social";"Educação";"Número de Matrículas em Creches por Dependência Administrativa";"Tapajós";"Jacareacanga";"Privada";"2020";0
"Social";"Educação";"Número de Matrículas em Creches por Dependência Administrativa";"Tapajós";"Jacareacanga";"Privada";"2021";0
"Social";"Educação";"Número de Matrículas em Creches por Dependência Administrativa";"Tapajós";"Jacareacanga";"Privada";"2022";0
"Social";"Educação";"Número de Matrículas em Creches por Dependência Administrativa";"Tapajós";"Jacareacanga";"Privada";"2023";0
"Social";"Educação";"Número de Matrículas em Creches por Dependência Administrativa";"Tapajós";"Jacareacanga";"Privada";"2024";0
"Social";"Educação";"Número de Matrículas em Creches por Dependência Administrativa";"Lago de Tucuruí";"Jacundá";"Privada";"2019";60
"Social";"Educação";"Número de Matrículas em Creches por Dependência Administrativa";"Lago de Tucuruí";"Jacundá";"Privada";"2020";30
"Social";"Educação";"Número de Matrículas em Creches por Dependência Administrativa";"Lago de Tucuruí";"Jacundá";"Privada";"2021";24
"Social";"Educação";"Número de Matrículas em Creches por Dependência Administrativa";"Lago de Tucuruí";"Jacundá";"Privada";"2022";53
"Social";"Educação";"Número de Matrículas em Creches por Dependência Administrativa";"Lago de Tucuruí";"Jacundá";"Privada";"2023";32
"Social";"Educação";"Número de Matrículas em Creches por Dependência Administrativa";"Lago de Tucuruí";"Jacundá";"Privada";"2024";18
"Social";"Educação";"Número de Matrículas em Creches por Dependência Administrativa";"Baixo Amazonas";"Juruti";"Privada";"2019";13
"Social";"Educação";"Número de Matrículas em Creches por Dependência Administrativa";"Baixo Amazonas";"Juruti";"Privada";"2020";18
"Social";"Educação";"Número de Matrículas em Creches por Dependência Administrativa";"Baixo Amazonas";"Juruti";"Privada";"2021";15
"Social";"Educação";"Número de Matrículas em Creches por Dependência Administrativa";"Baixo Amazonas";"Juruti";"Privada";"2022";15
"Social";"Educação";"Número de Matrículas em Creches por Dependência Administrativa";"Baixo Amazonas";"Juruti";"Privada";"2023";43
"Social";"Educação";"Número de Matrículas em Creches por Dependência Administrativa";"Baixo Amazonas";"Juruti";"Privada";"2024";33
"Social";"Educação";"Número de Matrículas em Creches por Dependência Administrativa";"Tocantins";"Limoeiro do Ajuru";"Privada";"2019";0
"Social";"Educação";"Número de Matrículas em Creches por Dependência Administrativa";"Tocantins";"Limoeiro do Ajuru";"Privada";"2020";0
"Social";"Educação";"Número de Matrículas em Creches por Dependência Administrativa";"Tocantins";"Limoeiro do Ajuru";"Privada";"2021";0
"Social";"Educação";"Número de Matrículas em Creches por Dependência Administrativa";"Tocantins";"Limoeiro do Ajuru";"Privada";"2022";0
"Social";"Educação";"Número de Matrículas em Creches por Dependência Administrativa";"Tocantins";"Limoeiro do Ajuru";"Privada";"2023";0
"Social";"Educação";"Número de Matrículas em Creches por Dependência Administrativa";"Tocantins";"Limoeiro do Ajuru";"Privada";"2024";0
"Social";"Educação";"Número de Matrículas em Creches por Dependência Administrativa";"Rio Capim";"Mãe do Rio";"Privada";"2019";17
"Social";"Educação";"Número de Matrículas em Creches por Dependência Administrativa";"Rio Capim";"Mãe do Rio";"Privada";"2020";12
"Social";"Educação";"Número de Matrículas em Creches por Dependência Administrativa";"Rio Capim";"Mãe do Rio";"Privada";"2021";0
"Social";"Educação";"Número de Matrículas em Creches por Dependência Administrativa";"Rio Capim";"Mãe do Rio";"Privada";"2022";14
"Social";"Educação";"Número de Matrículas em Creches por Dependência Administrativa";"Rio Capim";"Mãe do Rio";"Privada";"2023";14
"Social";"Educação";"Número de Matrículas em Creches por Dependência Administrativa";"Rio Capim";"Mãe do Rio";"Privada";"2024";13
"Social";"Educação";"Número de Matrículas em Creches por Dependência Administrativa";"Guamá";"Magalhães Barata";"Privada";"2019";0
"Social";"Educação";"Número de Matrículas em Creches por Dependência Administrativa";"Guamá";"Magalhães Barata";"Privada";"2020";0
"Social";"Educação";"Número de Matrículas em Creches por Dependência Administrativa";"Guamá";"Magalhães Barata";"Privada";"2021";0
"Social";"Educação";"Número de Matrículas em Creches por Dependência Administrativa";"Guamá";"Magalhães Barata";"Privada";"2022";0
"Social";"Educação";"Número de Matrículas em Creches por Dependência Administrativa";"Guamá";"Magalhães Barata";"Privada";"2023";0
"Social";"Educação";"Número de Matrículas em Creches por Dependência Administrativa";"Guamá";"Magalhães Barata";"Privada";"2024";0
"Social";"Educação";"Número de Matrículas em Creches por Dependência Administrativa";"Carajás";"Marabá";"Privada";"2019";231
"Social";"Educação";"Número de Matrículas em Creches por Dependência Administrativa";"Carajás";"Marabá";"Privada";"2020";226
"Social";"Educação";"Número de Matrículas em Creches por Dependência Administrativa";"Carajás";"Marabá";"Privada";"2021";241
"Social";"Educação";"Número de Matrículas em Creches por Dependência Administrativa";"Carajás";"Marabá";"Privada";"2022";249
"Social";"Educação";"Número de Matrículas em Creches por Dependência Administrativa";"Carajás";"Marabá";"Privada";"2023";395
"Social";"Educação";"Número de Matrículas em Creches por Dependência Administrativa";"Carajás";"Marabá";"Privada";"2024";352
"Social";"Educação";"Número de Matrículas em Creches por Dependência Administrativa";"Guamá";"Maracanã";"Privada";"2019";0
"Social";"Educação";"Número de Matrículas em Creches por Dependência Administrativa";"Guamá";"Maracanã";"Privada";"2020";0
"Social";"Educação";"Número de Matrículas em Creches por Dependência Administrativa";"Guamá";"Maracanã";"Privada";"2021";0
"Social";"Educação";"Número de Matrículas em Creches por Dependência Administrativa";"Guamá";"Maracanã";"Privada";"2022";0
"Social";"Educação";"Número de Matrículas em Creches por Dependência Administrativa";"Guamá";"Maracanã";"Privada";"2023";0
"Social";"Educação";"Número de Matrículas em Creches por Dependência Administrativa";"Guamá";"Maracanã";"Privada";"2024";0
"Social";"Educação";"Número de Matrículas em Creches por Dependência Administrativa";"Guamá";"Marapanim";"Privada";"2019";36
"Social";"Educação";"Número de Matrículas em Creches por Dependência Administrativa";"Guamá";"Marapanim";"Privada";"2020";28
"Social";"Educação";"Número de Matrículas em Creches por Dependência Administrativa";"Guamá";"Marapanim";"Privada";"2021";23
"Social";"Educação";"Número de Matrículas em Creches por Dependência Administrativa";"Guamá";"Marapanim";"Privada";"2022";33
"Social";"Educação";"Número de Matrículas em Creches por Dependência Administrativa";"Guamá";"Marapanim";"Privada";"2023";28
"Social";"Educação";"Número de Matrículas em Creches por Dependência Administrativa";"Guamá";"Marapanim";"Privada";"2024";26
"Social";"Educação";"Número de Matrículas em Creches por Dependência Administrativa";"Guajará";"Marituba";"Privada";"2019";36
"Social";"Educação";"Número de Matrículas em Creches por Dependência Administrativa";"Guajará";"Marituba";"Privada";"2020";9
"Social";"Educação";"Número de Matrículas em Creches por Dependência Administrativa";"Guajará";"Marituba";"Privada";"2021";6
"Social";"Educação";"Número de Matrículas em Creches por Dependência Administrativa";"Guajará";"Marituba";"Privada";"2022";1
"Social";"Educação";"Número de Matrículas em Creches por Dependência Administrativa";"Guajará";"Marituba";"Privada";"2023";27
"Social";"Educação";"Número de Matrículas em Creches por Dependência Administrativa";"Guajará";"Marituba";"Privada";"2024";10
"Social";"Educação";"Número de Matrículas em Creches por Dependência Administrativa";"Xingu";"Medicilândia";"Privada";"2019";0
"Social";"Educação";"Número de Matrículas em Creches por Dependência Administrativa";"Xingu";"Medicilândia";"Privada";"2020";0
"Social";"Educação";"Número de Matrículas em Creches por Dependência Administrativa";"Xingu";"Medicilândia";"Privada";"2021";0
"Social";"Educação";"Número de Matrículas em Creches por Dependência Administrativa";"Xingu";"Medicilândia";"Privada";"2022";0
"Social";"Educação";"Número de Matrículas em Creches por Dependência Administrativa";"Xingu";"Medicilândia";"Privada";"2023";0
"Social";"Educação";"Número de Matrículas em Creches por Dependência Administrativa";"Xingu";"Medicilândia";"Privada";"2024";0
"Social";"Educação";"Número de Matrículas em Creches por Dependência Administrativa";"Marajó";"Melgaço";"Privada";"2019";0
"Social";"Educação";"Número de Matrículas em Creches por Dependência Administrativa";"Marajó";"Melgaço";"Privada";"2020";0
"Social";"Educação";"Número de Matrículas em Creches por Dependência Administrativa";"Marajó";"Melgaço";"Privada";"2021";0
"Social";"Educação";"Número de Matrículas em Creches por Dependência Administrativa";"Marajó";"Melgaço";"Privada";"2022";0
"Social";"Educação";"Número de Matrículas em Creches por Dependência Administrativa";"Marajó";"Melgaço";"Privada";"2023";0
"Social";"Educação";"Número de Matrículas em Creches por Dependência Administrativa";"Marajó";"Melgaço";"Privada";"2024";0
"Social";"Educação";"Número de Matrículas em Creches por Dependência Administrativa";"Tocantins";"Mocajuba";"Privada";"2019";0
"Social";"Educação";"Número de Matrículas em Creches por Dependência Administrativa";"Tocantins";"Mocajuba";"Privada";"2020";0
"Social";"Educação";"Número de Matrículas em Creches por Dependência Administrativa";"Tocantins";"Mocajuba";"Privada";"2021";9
"Social";"Educação";"Número de Matrículas em Creches por Dependência Administrativa";"Tocantins";"Mocajuba";"Privada";"2022";7
"Social";"Educação";"Número de Matrículas em Creches por Dependência Administrativa";"Tocantins";"Mocajuba";"Privada";"2023";2
"Social";"Educação";"Número de Matrículas em Creches por Dependência Administrativa";"Tocantins";"Mocajuba";"Privada";"2024";0
"Social";"Educação";"Número de Matrículas em Creches por Dependência Administrativa";"Tocantins";"Moju";"Privada";"2019";0
"Social";"Educação";"Número de Matrículas em Creches por Dependência Administrativa";"Tocantins";"Moju";"Privada";"2020";0
"Social";"Educação";"Número de Matrículas em Creches por Dependência Administrativa";"Tocantins";"Moju";"Privada";"2021";0
"Social";"Educação";"Número de Matrículas em Creches por Dependência Administrativa";"Tocantins";"Moju";"Privada";"2022";0
"Social";"Educação";"Número de Matrículas em Creches por Dependência Administrativa";"Tocantins";"Moju";"Privada";"2023";0
"Social";"Educação";"Número de Matrículas em Creches por Dependência Administrativa";"Tocantins";"Moju";"Privada";"2024";0
"Social";"Educação";"Número de Matrículas em Creches por Dependência Administrativa";"Baixo Amazonas";"Mojuí dos campos";"Privada";"2019";0
"Social";"Educação";"Número de Matrículas em Creches por Dependência Administrativa";"Baixo Amazonas";"Mojuí dos campos";"Privada";"2020";0
"Social";"Educação";"Número de Matrículas em Creches por Dependência Administrativa";"Baixo Amazonas";"Mojuí dos campos";"Privada";"2021";0
"Social";"Educação";"Número de Matrículas em Creches por Dependência Administrativa";"Baixo Amazonas";"Mojuí dos campos";"Privada";"2022";0
"Social";"Educação";"Número de Matrículas em Creches por Dependência Administrativa";"Baixo Amazonas";"Mojuí dos campos";"Privada";"2023";0
"Social";"Educação";"Número de Matrículas em Creches por Dependência Administrativa";"Baixo Amazonas";"Mojuí dos campos";"Privada";"2024";15
"Social";"Educação";"Número de Matrículas em Creches por Dependência Administrativa";"Baixo Amazonas";"Monte Alegre";"Privada";"2019";75
"Social";"Educação";"Número de Matrículas em Creches por Dependência Administrativa";"Baixo Amazonas";"Monte Alegre";"Privada";"2020";65
"Social";"Educação";"Número de Matrículas em Creches por Dependência Administrativa";"Baixo Amazonas";"Monte Alegre";"Privada";"2021";16
"Social";"Educação";"Número de Matrículas em Creches por Dependência Administrativa";"Baixo Amazonas";"Monte Alegre";"Privada";"2022";73
"Social";"Educação";"Número de Matrículas em Creches por Dependência Administrativa";"Baixo Amazonas";"Monte Alegre";"Privada";"2023";75
"Social";"Educação";"Número de Matrículas em Creches por Dependência Administrativa";"Baixo Amazonas";"Monte Alegre";"Privada";"2024";76
"Social";"Educação";"Número de Matrículas em Creches por Dependência Administrativa";"Marajó";"Muaná";"Privada";"2019";0
"Social";"Educação";"Número de Matrículas em Creches por Dependência Administrativa";"Marajó";"Muaná";"Privada";"2020";0
"Social";"Educação";"Número de Matrículas em Creches por Dependência Administrativa";"Marajó";"Muaná";"Privada";"2021";0
"Social";"Educação";"Número de Matrículas em Creches por Dependência Administrativa";"Marajó";"Muaná";"Privada";"2022";0
"Social";"Educação";"Número de Matrículas em Creches por Dependência Administrativa";"Marajó";"Muaná";"Privada";"2023";0
"Social";"Educação";"Número de Matrículas em Creches por Dependência Administrativa";"Marajó";"Muaná";"Privada";"2024";0
"Social";"Educação";"Número de Matrículas em Creches por Dependência Administrativa";"Rio Capim";"Nova Esperança do Piriá";"Privada";"2019";0
"Social";"Educação";"Número de Matrículas em Creches por Dependência Administrativa";"Rio Capim";"Nova Esperança do Piriá";"Privada";"2020";0
"Social";"Educação";"Número de Matrículas em Creches por Dependência Administrativa";"Rio Capim";"Nova Esperança do Piriá";"Privada";"2021";0
"Social";"Educação";"Número de Matrículas em Creches por Dependência Administrativa";"Rio Capim";"Nova Esperança do Piriá";"Privada";"2022";0
"Social";"Educação";"Número de Matrículas em Creches por Dependência Administrativa";"Rio Capim";"Nova Esperança do Piriá";"Privada";"2023";0
"Social";"Educação";"Número de Matrículas em Creches por Dependência Administrativa";"Rio Capim";"Nova Esperança do Piriá";"Privada";"2024";0
"Social";"Educação";"Número de Matrículas em Creches por Dependência Administrativa";"Lago de Tucuruí";"Nova Ipixuna";"Privada";"2019";0
"Social";"Educação";"Número de Matrículas em Creches por Dependência Administrativa";"Lago de Tucuruí";"Nova Ipixuna";"Privada";"2020";0
"Social";"Educação";"Número de Matrículas em Creches por Dependência Administrativa";"Lago de Tucuruí";"Nova Ipixuna";"Privada";"2021";7
"Social";"Educação";"Número de Matrículas em Creches por Dependência Administrativa";"Lago de Tucuruí";"Nova Ipixuna";"Privada";"2022";8
"Social";"Educação";"Número de Matrículas em Creches por Dependência Administrativa";"Lago de Tucuruí";"Nova Ipixuna";"Privada";"2023";0
"Social";"Educação";"Número de Matrículas em Creches por Dependência Administrativa";"Lago de Tucuruí";"Nova Ipixuna";"Privada";"2024";0
"Social";"Educação";"Número de Matrículas em Creches por Dependência Administrativa";"Rio Caeté";"Nova Timboteua";"Privada";"2019";0
"Social";"Educação";"Número de Matrículas em Creches por Dependência Administrativa";"Rio Caeté";"Nova Timboteua";"Privada";"2020";0
"Social";"Educação";"Número de Matrículas em Creches por Dependência Administrativa";"Rio Caeté";"Nova Timboteua";"Privada";"2021";0
"Social";"Educação";"Número de Matrículas em Creches por Dependência Administrativa";"Rio Caeté";"Nova Timboteua";"Privada";"2022";0
"Social";"Educação";"Número de Matrículas em Creches por Dependência Administrativa";"Rio Caeté";"Nova Timboteua";"Privada";"2023";0
"Social";"Educação";"Número de Matrículas em Creches por Dependência Administrativa";"Rio Caeté";"Nova Timboteua";"Privada";"2024";0
"Social";"Educação";"Número de Matrículas em Creches por Dependência Administrativa";"Tapajós";"Novo Progresso";"Privada";"2019";13
"Social";"Educação";"Número de Matrículas em Creches por Dependência Administrativa";"Tapajós";"Novo Progresso";"Privada";"2020";5
"Social";"Educação";"Número de Matrículas em Creches por Dependência Administrativa";"Tapajós";"Novo Progresso";"Privada";"2021";20
"Social";"Educação";"Número de Matrículas em Creches por Dependência Administrativa";"Tapajós";"Novo Progresso";"Privada";"2022";14
"Social";"Educação";"Número de Matrículas em Creches por Dependência Administrativa";"Tapajós";"Novo Progresso";"Privada";"2023";26
"Social";"Educação";"Número de Matrículas em Creches por Dependência Administrativa";"Tapajós";"Novo Progresso";"Privada";"2024";13
"Social";"Educação";"Número de Matrículas em Creches por Dependência Administrativa";"Lago de Tucuruí";"Novo Repartimento";"Privada";"2019";13
"Social";"Educação";"Número de Matrículas em Creches por Dependência Administrativa";"Lago de Tucuruí";"Novo Repartimento";"Privada";"2020";17
"Social";"Educação";"Número de Matrículas em Creches por Dependência Administrativa";"Lago de Tucuruí";"Novo Repartimento";"Privada";"2021";13
"Social";"Educação";"Número de Matrículas em Creches por Dependência Administrativa";"Lago de Tucuruí";"Novo Repartimento";"Privada";"2022";19
"Social";"Educação";"Número de Matrículas em Creches por Dependência Administrativa";"Lago de Tucuruí";"Novo Repartimento";"Privada";"2023";14
"Social";"Educação";"Número de Matrículas em Creches por Dependência Administrativa";"Lago de Tucuruí";"Novo Repartimento";"Privada";"2024";20
"Social";"Educação";"Número de Matrículas em Creches por Dependência Administrativa";"Baixo Amazonas";"Óbidos";"Privada";"2019";32
"Social";"Educação";"Número de Matrículas em Creches por Dependência Administrativa";"Baixo Amazonas";"Óbidos";"Privada";"2020";43
"Social";"Educação";"Número de Matrículas em Creches por Dependência Administrativa";"Baixo Amazonas";"Óbidos";"Privada";"2021";31
"Social";"Educação";"Número de Matrículas em Creches por Dependência Administrativa";"Baixo Amazonas";"Óbidos";"Privada";"2022";31
"Social";"Educação";"Número de Matrículas em Creches por Dependência Administrativa";"Baixo Amazonas";"Óbidos";"Privada";"2023";32
"Social";"Educação";"Número de Matrículas em Creches por Dependência Administrativa";"Baixo Amazonas";"Óbidos";"Privada";"2024";47
"Social";"Educação";"Número de Matrículas em Creches por Dependência Administrativa";"Marajó";"Oeiras do Pará";"Privada";"2019";0
"Social";"Educação";"Número de Matrículas em Creches por Dependência Administrativa";"Marajó";"Oeiras do Pará";"Privada";"2020";0
"Social";"Educação";"Número de Matrículas em Creches por Dependência Administrativa";"Marajó";"Oeiras do Pará";"Privada";"2021";0
"Social";"Educação";"Número de Matrículas em Creches por Dependência Administrativa";"Marajó";"Oeiras do Pará";"Privada";"2022";0
"Social";"Educação";"Número de Matrículas em Creches por Dependência Administrativa";"Marajó";"Oeiras do Pará";"Privada";"2023";0
"Social";"Educação";"Número de Matrículas em Creches por Dependência Administrativa";"Marajó";"Oeiras do Pará";"Privada";"2024";0
"Social";"Educação";"Número de Matrículas em Creches por Dependência Administrativa";"Baixo Amazonas";"Oriximiná";"Privada";"2019";43
"Social";"Educação";"Número de Matrículas em Creches por Dependência Administrativa";"Baixo Amazonas";"Oriximiná";"Privada";"2020";40
"Social";"Educação";"Número de Matrículas em Creches por Dependência Administrativa";"Baixo Amazonas";"Oriximiná";"Privada";"2021";19
"Social";"Educação";"Número de Matrículas em Creches por Dependência Administrativa";"Baixo Amazonas";"Oriximiná";"Privada";"2022";45
"Social";"Educação";"Número de Matrículas em Creches por Dependência Administrativa";"Baixo Amazonas";"Oriximiná";"Privada";"2023";50
"Social";"Educação";"Número de Matrículas em Creches por Dependência Administrativa";"Baixo Amazonas";"Oriximiná";"Privada";"2024";41
"Social";"Educação";"Número de Matrículas em Creches por Dependência Administrativa";"Rio Capim";"Ourém";"Privada";"2019";0
"Social";"Educação";"Número de Matrículas em Creches por Dependência Administrativa";"Rio Capim";"Ourém";"Privada";"2020";0
"Social";"Educação";"Número de Matrículas em Creches por Dependência Administrativa";"Rio Capim";"Ourém";"Privada";"2021";0
"Social";"Educação";"Número de Matrículas em Creches por Dependência Administrativa";"Rio Capim";"Ourém";"Privada";"2022";0
"Social";"Educação";"Número de Matrículas em Creches por Dependência Administrativa";"Rio Capim";"Ourém";"Privada";"2023";0
"Social";"Educação";"Número de Matrículas em Creches por Dependência Administrativa";"Rio Capim";"Ourém";"Privada";"2024";0
"Social";"Educação";"Número de Matrículas em Creches por Dependência Administrativa";"Araguaia";"Ourilândia do Norte";"Privada";"2019";64
"Social";"Educação";"Número de Matrículas em Creches por Dependência Administrativa";"Araguaia";"Ourilândia do Norte";"Privada";"2020";55
"Social";"Educação";"Número de Matrículas em Creches por Dependência Administrativa";"Araguaia";"Ourilândia do Norte";"Privada";"2021";17
"Social";"Educação";"Número de Matrículas em Creches por Dependência Administrativa";"Araguaia";"Ourilândia do Norte";"Privada";"2022";55
"Social";"Educação";"Número de Matrículas em Creches por Dependência Administrativa";"Araguaia";"Ourilândia do Norte";"Privada";"2023";84
"Social";"Educação";"Número de Matrículas em Creches por Dependência Administrativa";"Araguaia";"Ourilândia do Norte";"Privada";"2024";94
"Social";"Educação";"Número de Matrículas em Creches por Dependência Administrativa";"Xingu";"Pacajá";"Privada";"2019";16
"Social";"Educação";"Número de Matrículas em Creches por Dependência Administrativa";"Xingu";"Pacajá";"Privada";"2020";8
"Social";"Educação";"Número de Matrículas em Creches por Dependência Administrativa";"Xingu";"Pacajá";"Privada";"2021";5
"Social";"Educação";"Número de Matrículas em Creches por Dependência Administrativa";"Xingu";"Pacajá";"Privada";"2022";8
"Social";"Educação";"Número de Matrículas em Creches por Dependência Administrativa";"Xingu";"Pacajá";"Privada";"2023";0
"Social";"Educação";"Número de Matrículas em Creches por Dependência Administrativa";"Xingu";"Pacajá";"Privada";"2024";0
"Social";"Educação";"Número de Matrículas em Creches por Dependência Administrativa";"Carajás";"Palestina do Pará";"Privada";"2019";0
"Social";"Educação";"Número de Matrículas em Creches por Dependência Administrativa";"Carajás";"Palestina do Pará";"Privada";"2020";0
"Social";"Educação";"Número de Matrículas em Creches por Dependência Administrativa";"Carajás";"Palestina do Pará";"Privada";"2021";0
"Social";"Educação";"Número de Matrículas em Creches por Dependência Administrativa";"Carajás";"Palestina do Pará";"Privada";"2022";0
"Social";"Educação";"Número de Matrículas em Creches por Dependência Administrativa";"Carajás";"Palestina do Pará";"Privada";"2023";0
"Social";"Educação";"Número de Matrículas em Creches por Dependência Administrativa";"Carajás";"Palestina do Pará";"Privada";"2024";0
"Social";"Educação";"Número de Matrículas em Creches por Dependência Administrativa";"Rio Capim";"Paragominas";"Privada";"2019";100
"Social";"Educação";"Número de Matrículas em Creches por Dependência Administrativa";"Rio Capim";"Paragominas";"Privada";"2020";130
"Social";"Educação";"Número de Matrículas em Creches por Dependência Administrativa";"Rio Capim";"Paragominas";"Privada";"2021";139
"Social";"Educação";"Número de Matrículas em Creches por Dependência Administrativa";"Rio Capim";"Paragominas";"Privada";"2022";241
"Social";"Educação";"Número de Matrículas em Creches por Dependência Administrativa";"Rio Capim";"Paragominas";"Privada";"2023";235
"Social";"Educação";"Número de Matrículas em Creches por Dependência Administrativa";"Rio Capim";"Paragominas";"Privada";"2024";216
"Social";"Educação";"Número de Matrículas em Creches por Dependência Administrativa";"Carajás";"Parauapebas";"Privada";"2019";539
"Social";"Educação";"Número de Matrículas em Creches por Dependência Administrativa";"Carajás";"Parauapebas";"Privada";"2020";434
"Social";"Educação";"Número de Matrículas em Creches por Dependência Administrativa";"Carajás";"Parauapebas";"Privada";"2021";474
"Social";"Educação";"Número de Matrículas em Creches por Dependência Administrativa";"Carajás";"Parauapebas";"Privada";"2022";751
"Social";"Educação";"Número de Matrículas em Creches por Dependência Administrativa";"Carajás";"Parauapebas";"Privada";"2023";592
"Social";"Educação";"Número de Matrículas em Creches por Dependência Administrativa";"Carajás";"Parauapebas";"Privada";"2024";743
"Social";"Educação";"Número de Matrículas em Creches por Dependência Administrativa";"Araguaia";"Pau D'Arco";"Privada";"2019";0
"Social";"Educação";"Número de Matrículas em Creches por Dependência Administrativa";"Araguaia";"Pau D'Arco";"Privada";"2020";0
"Social";"Educação";"Número de Matrículas em Creches por Dependência Administrativa";"Araguaia";"Pau D'Arco";"Privada";"2021";0
"Social";"Educação";"Número de Matrículas em Creches por Dependência Administrativa";"Araguaia";"Pau D'Arco";"Privada";"2022";0
"Social";"Educação";"Número de Matrículas em Creches por Dependência Administrativa";"Araguaia";"Pau D'Arco";"Privada";"2023";0
"Social";"Educação";"Número de Matrículas em Creches por Dependência Administrativa";"Araguaia";"Pau D'Arco";"Privada";"2024";0
"Social";"Educação";"Número de Matrículas em Creches por Dependência Administrativa";"Rio Caeté";"Peixe-Boi";"Privada";"2019";0
"Social";"Educação";"Número de Matrículas em Creches por Dependência Administrativa";"Rio Caeté";"Peixe-Boi";"Privada";"2020";0
"Social";"Educação";"Número de Matrículas em Creches por Dependência Administrativa";"Rio Caeté";"Peixe-Boi";"Privada";"2021";0
"Social";"Educação";"Número de Matrículas em Creches por Dependência Administrativa";"Rio Caeté";"Peixe-Boi";"Privada";"2022";0
"Social";"Educação";"Número de Matrículas em Creches por Dependência Administrativa";"Rio Caeté";"Peixe-Boi";"Privada";"2023";0
"Social";"Educação";"Número de Matrículas em Creches por Dependência Administrativa";"Rio Caeté";"Peixe-Boi";"Privada";"2024";0
"Social";"Educação";"Número de Matrículas em Creches por Dependência Administrativa";"Carajás";"Piçarra";"Privada";"2019";0
"Social";"Educação";"Número de Matrículas em Creches por Dependência Administrativa";"Carajás";"Piçarra";"Privada";"2020";0
"Social";"Educação";"Número de Matrículas em Creches por Dependência Administrativa";"Carajás";"Piçarra";"Privada";"2021";0
"Social";"Educação";"Número de Matrículas em Creches por Dependência Administrativa";"Carajás";"Piçarra";"Privada";"2022";0
"Social";"Educação";"Número de Matrículas em Creches por Dependência Administrativa";"Carajás";"Piçarra";"Privada";"2023";0
"Social";"Educação";"Número de Matrículas em Creches por Dependência Administrativa";"Carajás";"Piçarra";"Privada";"2024";0
"Social";"Educação";"Número de Matrículas em Creches por Dependência Administrativa";"Xingu";"Placas";"Privada";"2019";0
"Social";"Educação";"Número de Matrículas em Creches por Dependência Administrativa";"Xingu";"Placas";"Privada";"2020";0
"Social";"Educação";"Número de Matrículas em Creches por Dependência Administrativa";"Xingu";"Placas";"Privada";"2021";0
"Social";"Educação";"Número de Matrículas em Creches por Dependência Administrativa";"Xingu";"Placas";"Privada";"2022";0
"Social";"Educação";"Número de Matrículas em Creches por Dependência Administrativa";"Xingu";"Placas";"Privada";"2023";0
"Social";"Educação";"Número de Matrículas em Creches por Dependência Administrativa";"Xingu";"Placas";"Privada";"2024";0
"Social";"Educação";"Número de Matrículas em Creches por Dependência Administrativa";"Marajó";"Ponta de Pedras";"Privada";"2019";0
"Social";"Educação";"Número de Matrículas em Creches por Dependência Administrativa";"Marajó";"Ponta de Pedras";"Privada";"2020";0
"Social";"Educação";"Número de Matrículas em Creches por Dependência Administrativa";"Marajó";"Ponta de Pedras";"Privada";"2021";0
"Social";"Educação";"Número de Matrículas em Creches por Dependência Administrativa";"Marajó";"Ponta de Pedras";"Privada";"2022";0
"Social";"Educação";"Número de Matrículas em Creches por Dependência Administrativa";"Marajó";"Ponta de Pedras";"Privada";"2023";0
"Social";"Educação";"Número de Matrículas em Creches por Dependência Administrativa";"Marajó";"Ponta de Pedras";"Privada";"2024";0
"Social";"Educação";"Número de Matrículas em Creches por Dependência Administrativa";"Marajó";"Portel";"Privada";"2019";0
"Social";"Educação";"Número de Matrículas em Creches por Dependência Administrativa";"Marajó";"Portel";"Privada";"2020";0
"Social";"Educação";"Número de Matrículas em Creches por Dependência Administrativa";"Marajó";"Portel";"Privada";"2021";0
"Social";"Educação";"Número de Matrículas em Creches por Dependência Administrativa";"Marajó";"Portel";"Privada";"2022";0
"Social";"Educação";"Número de Matrículas em Creches por Dependência Administrativa";"Marajó";"Portel";"Privada";"2023";0
"Social";"Educação";"Número de Matrículas em Creches por Dependência Administrativa";"Marajó";"Portel";"Privada";"2024";0
"Social";"Educação";"Número de Matrículas em Creches por Dependência Administrativa";"Xingu";"Porto de Moz";"Privada";"2019";0
"Social";"Educação";"Número de Matrículas em Creches por Dependência Administrativa";"Xingu";"Porto de Moz";"Privada";"2020";0
"Social";"Educação";"Número de Matrículas em Creches por Dependência Administrativa";"Xingu";"Porto de Moz";"Privada";"2021";0
"Social";"Educação";"Número de Matrículas em Creches por Dependência Administrativa";"Xingu";"Porto de Moz";"Privada";"2022";0
"Social";"Educação";"Número de Matrículas em Creches por Dependência Administrativa";"Xingu";"Porto de Moz";"Privada";"2023";0
"Social";"Educação";"Número de Matrículas em Creches por Dependência Administrativa";"Xingu";"Porto de Moz";"Privada";"2024";0
"Social";"Educação";"Número de Matrículas em Creches por Dependência Administrativa";"Baixo Amazonas";"Prainha";"Privada";"2019";0
"Social";"Educação";"Número de Matrículas em Creches por Dependência Administrativa";"Baixo Amazonas";"Prainha";"Privada";"2020";0
"Social";"Educação";"Número de Matrículas em Creches por Dependência Administrativa";"Baixo Amazonas";"Prainha";"Privada";"2021";0
"Social";"Educação";"Número de Matrículas em Creches por Dependência Administrativa";"Baixo Amazonas";"Prainha";"Privada";"2022";0
"Social";"Educação";"Número de Matrículas em Creches por Dependência Administrativa";"Baixo Amazonas";"Prainha";"Privada";"2023";0
"Social";"Educação";"Número de Matrículas em Creches por Dependência Administrativa";"Baixo Amazonas";"Prainha";"Privada";"2024";0
"Social";"Educação";"Número de Matrículas em Creches por Dependência Administrativa";"Rio Caeté";"Primavera";"Privada";"2019";0
"Social";"Educação";"Número de Matrículas em Creches por Dependência Administrativa";"Rio Caeté";"Primavera";"Privada";"2020";0
"Social";"Educação";"Número de Matrículas em Creches por Dependência Administrativa";"Rio Caeté";"Primavera";"Privada";"2021";0
"Social";"Educação";"Número de Matrículas em Creches por Dependência Administrativa";"Rio Caeté";"Primavera";"Privada";"2022";0
"Social";"Educação";"Número de Matrículas em Creches por Dependência Administrativa";"Rio Caeté";"Primavera";"Privada";"2023";0
"Social";"Educação";"Número de Matrículas em Creches por Dependência Administrativa";"Rio Caeté";"Primavera";"Privada";"2024";0
"Social";"Educação";"Número de Matrículas em Creches por Dependência Administrativa";"Rio Caeté";"Quatipuru";"Privada";"2019";0
"Social";"Educação";"Número de Matrículas em Creches por Dependência Administrativa";"Rio Caeté";"Quatipuru";"Privada";"2020";0
"Social";"Educação";"Número de Matrículas em Creches por Dependência Administrativa";"Rio Caeté";"Quatipuru";"Privada";"2021";0
"Social";"Educação";"Número de Matrículas em Creches por Dependência Administrativa";"Rio Caeté";"Quatipuru";"Privada";"2022";0
"Social";"Educação";"Número de Matrículas em Creches por Dependência Administrativa";"Rio Caeté";"Quatipuru";"Privada";"2023";0
"Social";"Educação";"Número de Matrículas em Creches por Dependência Administrativa";"Rio Caeté";"Quatipuru";"Privada";"2024";0
"Social";"Educação";"Número de Matrículas em Creches por Dependência Administrativa";"Araguaia";"Redenção";"Privada";"2019";143
"Social";"Educação";"Número de Matrículas em Creches por Dependência Administrativa";"Araguaia";"Redenção";"Privada";"2020";29
"Social";"Educação";"Número de Matrículas em Creches por Dependência Administrativa";"Araguaia";"Redenção";"Privada";"2021";1
"Social";"Educação";"Número de Matrículas em Creches por Dependência Administrativa";"Araguaia";"Redenção";"Privada";"2022";161
"Social";"Educação";"Número de Matrículas em Creches por Dependência Administrativa";"Araguaia";"Redenção";"Privada";"2023";171
"Social";"Educação";"Número de Matrículas em Creches por Dependência Administrativa";"Araguaia";"Redenção";"Privada";"2024";152
"Social";"Educação";"Número de Matrículas em Creches por Dependência Administrativa";"Araguaia";"Rio Maria";"Privada";"2019";17
"Social";"Educação";"Número de Matrículas em Creches por Dependência Administrativa";"Araguaia";"Rio Maria";"Privada";"2020";22
"Social";"Educação";"Número de Matrículas em Creches por Dependência Administrativa";"Araguaia";"Rio Maria";"Privada";"2021";22
"Social";"Educação";"Número de Matrículas em Creches por Dependência Administrativa";"Araguaia";"Rio Maria";"Privada";"2022";35
"Social";"Educação";"Número de Matrículas em Creches por Dependência Administrativa";"Araguaia";"Rio Maria";"Privada";"2023";28
"Social";"Educação";"Número de Matrículas em Creches por Dependência Administrativa";"Araguaia";"Rio Maria";"Privada";"2024";34
"Social";"Educação";"Número de Matrículas em Creches por Dependência Administrativa";"Rio Capim";"Rondon do Pará";"Privada";"2019";37
"Social";"Educação";"Número de Matrículas em Creches por Dependência Administrativa";"Rio Capim";"Rondon do Pará";"Privada";"2020";38
"Social";"Educação";"Número de Matrículas em Creches por Dependência Administrativa";"Rio Capim";"Rondon do Pará";"Privada";"2021";21
"Social";"Educação";"Número de Matrículas em Creches por Dependência Administrativa";"Rio Capim";"Rondon do Pará";"Privada";"2022";33
"Social";"Educação";"Número de Matrículas em Creches por Dependência Administrativa";"Rio Capim";"Rondon do Pará";"Privada";"2023";25
"Social";"Educação";"Número de Matrículas em Creches por Dependência Administrativa";"Rio Capim";"Rondon do Pará";"Privada";"2024";15
"Social";"Educação";"Número de Matrículas em Creches por Dependência Administrativa";"Tapajós";"Rurópolis";"Privada";"2019";0
"Social";"Educação";"Número de Matrículas em Creches por Dependência Administrativa";"Tapajós";"Rurópolis";"Privada";"2020";0
"Social";"Educação";"Número de Matrículas em Creches por Dependência Administrativa";"Tapajós";"Rurópolis";"Privada";"2021";0
"Social";"Educação";"Número de Matrículas em Creches por Dependência Administrativa";"Tapajós";"Rurópolis";"Privada";"2022";0
"Social";"Educação";"Número de Matrículas em Creches por Dependência Administrativa";"Tapajós";"Rurópolis";"Privada";"2023";0
"Social";"Educação";"Número de Matrículas em Creches por Dependência Administrativa";"Tapajós";"Rurópolis";"Privada";"2024";0
"Social";"Educação";"Número de Matrículas em Creches por Dependência Administrativa";"Rio Caeté";"Salinópolis";"Privada";"2019";0
"Social";"Educação";"Número de Matrículas em Creches por Dependência Administrativa";"Rio Caeté";"Salinópolis";"Privada";"2020";0
"Social";"Educação";"Número de Matrículas em Creches por Dependência Administrativa";"Rio Caeté";"Salinópolis";"Privada";"2021";0
"Social";"Educação";"Número de Matrículas em Creches por Dependência Administrativa";"Rio Caeté";"Salinópolis";"Privada";"2022";25
"Social";"Educação";"Número de Matrículas em Creches por Dependência Administrativa";"Rio Caeté";"Salinópolis";"Privada";"2023";19
"Social";"Educação";"Número de Matrículas em Creches por Dependência Administrativa";"Rio Caeté";"Salinópolis";"Privada";"2024";32
"Social";"Educação";"Número de Matrículas em Creches por Dependência Administrativa";"Marajó";"Salvaterra";"Privada";"2019";0
"Social";"Educação";"Número de Matrículas em Creches por Dependência Administrativa";"Marajó";"Salvaterra";"Privada";"2020";0
"Social";"Educação";"Número de Matrículas em Creches por Dependência Administrativa";"Marajó";"Salvaterra";"Privada";"2021";0
"Social";"Educação";"Número de Matrículas em Creches por Dependência Administrativa";"Marajó";"Salvaterra";"Privada";"2022";0
"Social";"Educação";"Número de Matrículas em Creches por Dependência Administrativa";"Marajó";"Salvaterra";"Privada";"2023";0
"Social";"Educação";"Número de Matrículas em Creches por Dependência Administrativa";"Marajó";"Salvaterra";"Privada";"2024";0
"Social";"Educação";"Número de Matrículas em Creches por Dependência Administrativa";"Guajará";"Santa Bárbara do Pará";"Privada";"2019";0
"Social";"Educação";"Número de Matrículas em Creches por Dependência Administrativa";"Guajará";"Santa Bárbara do Pará";"Privada";"2020";0
"Social";"Educação";"Número de Matrículas em Creches por Dependência Administrativa";"Guajará";"Santa Bárbara do Pará";"Privada";"2021";0
"Social";"Educação";"Número de Matrículas em Creches por Dependência Administrativa";"Guajará";"Santa Bárbara do Pará";"Privada";"2022";0
"Social";"Educação";"Número de Matrículas em Creches por Dependência Administrativa";"Guajará";"Santa Bárbara do Pará";"Privada";"2023";0
"Social";"Educação";"Número de Matrículas em Creches por Dependência Administrativa";"Guajará";"Santa Bárbara do Pará";"Privada";"2024";0
"Social";"Educação";"Número de Matrículas em Creches por Dependência Administrativa";"Marajó";"Santa Cruz do Arari";"Privada";"2019";0
"Social";"Educação";"Número de Matrículas em Creches por Dependência Administrativa";"Marajó";"Santa Cruz do Arari";"Privada";"2020";0
"Social";"Educação";"Número de Matrículas em Creches por Dependência Administrativa";"Marajó";"Santa Cruz do Arari";"Privada";"2021";0
"Social";"Educação";"Número de Matrículas em Creches por Dependência Administrativa";"Marajó";"Santa Cruz do Arari";"Privada";"2022";0
"Social";"Educação";"Número de Matrículas em Creches por Dependência Administrativa";"Marajó";"Santa Cruz do Arari";"Privada";"2023";0
"Social";"Educação";"Número de Matrículas em Creches por Dependência Administrativa";"Marajó";"Santa Cruz do Arari";"Privada";"2024";0
"Social";"Educação";"Número de Matrículas em Creches por Dependência Administrativa";"Guamá";"Santa Izabel do Pará";"Privada";"2019";73
"Social";"Educação";"Número de Matrículas em Creches por Dependência Administrativa";"Guamá";"Santa Izabel do Pará";"Privada";"2020";62
"Social";"Educação";"Número de Matrículas em Creches por Dependência Administrativa";"Guamá";"Santa Izabel do Pará";"Privada";"2021";43
"Social";"Educação";"Número de Matrículas em Creches por Dependência Administrativa";"Guamá";"Santa Izabel do Pará";"Privada";"2022";58
"Social";"Educação";"Número de Matrículas em Creches por Dependência Administrativa";"Guamá";"Santa Izabel do Pará";"Privada";"2023";81
"Social";"Educação";"Número de Matrículas em Creches por Dependência Administrativa";"Guamá";"Santa Izabel do Pará";"Privada";"2024";48
"Social";"Educação";"Número de Matrículas em Creches por Dependência Administrativa";"Rio Caeté";"Santa Luzia do Pará";"Privada";"2019";0
"Social";"Educação";"Número de Matrículas em Creches por Dependência Administrativa";"Rio Caeté";"Santa Luzia do Pará";"Privada";"2020";0
"Social";"Educação";"Número de Matrículas em Creches por Dependência Administrativa";"Rio Caeté";"Santa Luzia do Pará";"Privada";"2021";0
"Social";"Educação";"Número de Matrículas em Creches por Dependência Administrativa";"Rio Caeté";"Santa Luzia do Pará";"Privada";"2022";0
"Social";"Educação";"Número de Matrículas em Creches por Dependência Administrativa";"Rio Caeté";"Santa Luzia do Pará";"Privada";"2023";0
"Social";"Educação";"Número de Matrículas em Creches por Dependência Administrativa";"Rio Caeté";"Santa Luzia do Pará";"Privada";"2024";0
"Social";"Educação";"Número de Matrículas em Creches por Dependência Administrativa";"Araguaia";"Santa Maria das Barreiras";"Privada";"2019";0
"Social";"Educação";"Número de Matrículas em Creches por Dependência Administrativa";"Araguaia";"Santa Maria das Barreiras";"Privada";"2020";0
"Social";"Educação";"Número de Matrículas em Creches por Dependência Administrativa";"Araguaia";"Santa Maria das Barreiras";"Privada";"2021";0
"Social";"Educação";"Número de Matrículas em Creches por Dependência Administrativa";"Araguaia";"Santa Maria das Barreiras";"Privada";"2022";0
"Social";"Educação";"Número de Matrículas em Creches por Dependência Administrativa";"Araguaia";"Santa Maria das Barreiras";"Privada";"2023";0
"Social";"Educação";"Número de Matrículas em Creches por Dependência Administrativa";"Araguaia";"Santa Maria das Barreiras";"Privada";"2024";0
"Social";"Educação";"Número de Matrículas em Creches por Dependência Administrativa";"Guamá";"Santa Maria do Pará";"Privada";"2019";7
"Social";"Educação";"Número de Matrículas em Creches por Dependência Administrativa";"Guamá";"Santa Maria do Pará";"Privada";"2020";0
"Social";"Educação";"Número de Matrículas em Creches por Dependência Administrativa";"Guamá";"Santa Maria do Pará";"Privada";"2021";13
"Social";"Educação";"Número de Matrículas em Creches por Dependência Administrativa";"Guamá";"Santa Maria do Pará";"Privada";"2022";33
"Social";"Educação";"Número de Matrículas em Creches por Dependência Administrativa";"Guamá";"Santa Maria do Pará";"Privada";"2023";33
"Social";"Educação";"Número de Matrículas em Creches por Dependência Administrativa";"Guamá";"Santa Maria do Pará";"Privada";"2024";26
"Social";"Educação";"Número de Matrículas em Creches por Dependência Administrativa";"Araguaia";"Santana do Araguaia";"Privada";"2019";25
"Social";"Educação";"Número de Matrículas em Creches por Dependência Administrativa";"Araguaia";"Santana do Araguaia";"Privada";"2020";17
"Social";"Educação";"Número de Matrículas em Creches por Dependência Administrativa";"Araguaia";"Santana do Araguaia";"Privada";"2021";2
"Social";"Educação";"Número de Matrículas em Creches por Dependência Administrativa";"Araguaia";"Santana do Araguaia";"Privada";"2022";20
"Social";"Educação";"Número de Matrículas em Creches por Dependência Administrativa";"Araguaia";"Santana do Araguaia";"Privada";"2023";20
"Social";"Educação";"Número de Matrículas em Creches por Dependência Administrativa";"Araguaia";"Santana do Araguaia";"Privada";"2024";9
"Social";"Educação";"Número de Matrículas em Creches por Dependência Administrativa";"Baixo Amazonas";"Santarém";"Privada";"2019";904
"Social";"Educação";"Número de Matrículas em Creches por Dependência Administrativa";"Baixo Amazonas";"Santarém";"Privada";"2020";816
"Social";"Educação";"Número de Matrículas em Creches por Dependência Administrativa";"Baixo Amazonas";"Santarém";"Privada";"2021";532
"Social";"Educação";"Número de Matrículas em Creches por Dependência Administrativa";"Baixo Amazonas";"Santarém";"Privada";"2022";968
"Social";"Educação";"Número de Matrículas em Creches por Dependência Administrativa";"Baixo Amazonas";"Santarém";"Privada";"2023";905
"Social";"Educação";"Número de Matrículas em Creches por Dependência Administrativa";"Baixo Amazonas";"Santarém";"Privada";"2024";830
"Social";"Educação";"Número de Matrículas em Creches por Dependência Administrativa";"Rio Caeté";"Santarém Novo";"Privada";"2019";0
"Social";"Educação";"Número de Matrículas em Creches por Dependência Administrativa";"Rio Caeté";"Santarém Novo";"Privada";"2020";0
"Social";"Educação";"Número de Matrículas em Creches por Dependência Administrativa";"Rio Caeté";"Santarém Novo";"Privada";"2021";0
"Social";"Educação";"Número de Matrículas em Creches por Dependência Administrativa";"Rio Caeté";"Santarém Novo";"Privada";"2022";0
"Social";"Educação";"Número de Matrículas em Creches por Dependência Administrativa";"Rio Caeté";"Santarém Novo";"Privada";"2023";0
"Social";"Educação";"Número de Matrículas em Creches por Dependência Administrativa";"Rio Caeté";"Santarém Novo";"Privada";"2024";0
"Social";"Educação";"Número de Matrículas em Creches por Dependência Administrativa";"Guamá";"Santo Antônio do Tauá";"Privada";"2019";33
"Social";"Educação";"Número de Matrículas em Creches por Dependência Administrativa";"Guamá";"Santo Antônio do Tauá";"Privada";"2020";24
"Social";"Educação";"Número de Matrículas em Creches por Dependência Administrativa";"Guamá";"Santo Antônio do Tauá";"Privada";"2021";10
"Social";"Educação";"Número de Matrículas em Creches por Dependência Administrativa";"Guamá";"Santo Antônio do Tauá";"Privada";"2022";35
"Social";"Educação";"Número de Matrículas em Creches por Dependência Administrativa";"Guamá";"Santo Antônio do Tauá";"Privada";"2023";42
"Social";"Educação";"Número de Matrículas em Creches por Dependência Administrativa";"Guamá";"Santo Antônio do Tauá";"Privada";"2024";39
"Social";"Educação";"Número de Matrículas em Creches por Dependência Administrativa";"Guamá";"São Caetano de Odivelas";"Privada";"2019";0
"Social";"Educação";"Número de Matrículas em Creches por Dependência Administrativa";"Guamá";"São Caetano de Odivelas";"Privada";"2020";0
"Social";"Educação";"Número de Matrículas em Creches por Dependência Administrativa";"Guamá";"São Caetano de Odivelas";"Privada";"2021";0
"Social";"Educação";"Número de Matrículas em Creches por Dependência Administrativa";"Guamá";"São Caetano de Odivelas";"Privada";"2022";0
"Social";"Educação";"Número de Matrículas em Creches por Dependência Administrativa";"Guamá";"São Caetano de Odivelas";"Privada";"2023";0
"Social";"Educação";"Número de Matrículas em Creches por Dependência Administrativa";"Guamá";"São Caetano de Odivelas";"Privada";"2024";0
"Social";"Educação";"Número de Matrículas em Creches por Dependência Administrativa";"Carajás";"São Domingos do Araguaia";"Privada";"2019";0
"Social";"Educação";"Número de Matrículas em Creches por Dependência Administrativa";"Carajás";"São Domingos do Araguaia";"Privada";"2020";8
"Social";"Educação";"Número de Matrículas em Creches por Dependência Administrativa";"Carajás";"São Domingos do Araguaia";"Privada";"2021";13
"Social";"Educação";"Número de Matrículas em Creches por Dependência Administrativa";"Carajás";"São Domingos do Araguaia";"Privada";"2022";23
"Social";"Educação";"Número de Matrículas em Creches por Dependência Administrativa";"Carajás";"São Domingos do Araguaia";"Privada";"2023";12
"Social";"Educação";"Número de Matrículas em Creches por Dependência Administrativa";"Carajás";"São Domingos do Araguaia";"Privada";"2024";21
"Social";"Educação";"Número de Matrículas em Creches por Dependência Administrativa";"Guamá";"São Domingos do Capim";"Privada";"2019";20
"Social";"Educação";"Número de Matrículas em Creches por Dependência Administrativa";"Guamá";"São Domingos do Capim";"Privada";"2020";19
"Social";"Educação";"Número de Matrículas em Creches por Dependência Administrativa";"Guamá";"São Domingos do Capim";"Privada";"2021";14
"Social";"Educação";"Número de Matrículas em Creches por Dependência Administrativa";"Guamá";"São Domingos do Capim";"Privada";"2022";19
"Social";"Educação";"Número de Matrículas em Creches por Dependência Administrativa";"Guamá";"São Domingos do Capim";"Privada";"2023";14
"Social";"Educação";"Número de Matrículas em Creches por Dependência Administrativa";"Guamá";"São Domingos do Capim";"Privada";"2024";12
"Social";"Educação";"Número de Matrículas em Creches por Dependência Administrativa";"Araguaia";"São Félix do Xingu";"Privada";"2019";28
"Social";"Educação";"Número de Matrículas em Creches por Dependência Administrativa";"Araguaia";"São Félix do Xingu";"Privada";"2020";10
"Social";"Educação";"Número de Matrículas em Creches por Dependência Administrativa";"Araguaia";"São Félix do Xingu";"Privada";"2021";0
"Social";"Educação";"Número de Matrículas em Creches por Dependência Administrativa";"Araguaia";"São Félix do Xingu";"Privada";"2022";19
"Social";"Educação";"Número de Matrículas em Creches por Dependência Administrativa";"Araguaia";"São Félix do Xingu";"Privada";"2023";11
"Social";"Educação";"Número de Matrículas em Creches por Dependência Administrativa";"Araguaia";"São Félix do Xingu";"Privada";"2024";11
"Social";"Educação";"Número de Matrículas em Creches por Dependência Administrativa";"Guamá";"São Francisco do Pará";"Privada";"2019";24
"Social";"Educação";"Número de Matrículas em Creches por Dependência Administrativa";"Guamá";"São Francisco do Pará";"Privada";"2020";12
"Social";"Educação";"Número de Matrículas em Creches por Dependência Administrativa";"Guamá";"São Francisco do Pará";"Privada";"2021";0
"Social";"Educação";"Número de Matrículas em Creches por Dependência Administrativa";"Guamá";"São Francisco do Pará";"Privada";"2022";0
"Social";"Educação";"Número de Matrículas em Creches por Dependência Administrativa";"Guamá";"São Francisco do Pará";"Privada";"2023";13
"Social";"Educação";"Número de Matrículas em Creches por Dependência Administrativa";"Guamá";"São Francisco do Pará";"Privada";"2024";13
"Social";"Educação";"Número de Matrículas em Creches por Dependência Administrativa";"Carajás";"São Geraldo do Araguaia";"Privada";"2019";10
"Social";"Educação";"Número de Matrículas em Creches por Dependência Administrativa";"Carajás";"São Geraldo do Araguaia";"Privada";"2020";0
"Social";"Educação";"Número de Matrículas em Creches por Dependência Administrativa";"Carajás";"São Geraldo do Araguaia";"Privada";"2021";10
"Social";"Educação";"Número de Matrículas em Creches por Dependência Administrativa";"Carajás";"São Geraldo do Araguaia";"Privada";"2022";14
"Social";"Educação";"Número de Matrículas em Creches por Dependência Administrativa";"Carajás";"São Geraldo do Araguaia";"Privada";"2023";0
"Social";"Educação";"Número de Matrículas em Creches por Dependência Administrativa";"Carajás";"São Geraldo do Araguaia";"Privada";"2024";0
"Social";"Educação";"Número de Matrículas em Creches por Dependência Administrativa";"Guamá";"São João da Ponta";"Privada";"2019";0
"Social";"Educação";"Número de Matrículas em Creches por Dependência Administrativa";"Guamá";"São João da Ponta";"Privada";"2020";0
"Social";"Educação";"Número de Matrículas em Creches por Dependência Administrativa";"Guamá";"São João da Ponta";"Privada";"2021";0
"Social";"Educação";"Número de Matrículas em Creches por Dependência Administrativa";"Guamá";"São João da Ponta";"Privada";"2022";0
"Social";"Educação";"Número de Matrículas em Creches por Dependência Administrativa";"Guamá";"São João da Ponta";"Privada";"2023";0
"Social";"Educação";"Número de Matrículas em Creches por Dependência Administrativa";"Guamá";"São João da Ponta";"Privada";"2024";0
"Social";"Educação";"Número de Matrículas em Creches por Dependência Administrativa";"Rio Caeté";"São João de Pirabas";"Privada";"2019";0
"Social";"Educação";"Número de Matrículas em Creches por Dependência Administrativa";"Rio Caeté";"São João de Pirabas";"Privada";"2020";0
"Social";"Educação";"Número de Matrículas em Creches por Dependência Administrativa";"Rio Caeté";"São João de Pirabas";"Privada";"2021";0
"Social";"Educação";"Número de Matrículas em Creches por Dependência Administrativa";"Rio Caeté";"São João de Pirabas";"Privada";"2022";0
"Social";"Educação";"Número de Matrículas em Creches por Dependência Administrativa";"Rio Caeté";"São João de Pirabas";"Privada";"2023";0
"Social";"Educação";"Número de Matrículas em Creches por Dependência Administrativa";"Rio Caeté";"São João de Pirabas";"Privada";"2024";0
"Social";"Educação";"Número de Matrículas em Creches por Dependência Administrativa";"Carajás";"São João do Araguaia";"Privada";"2019";0
"Social";"Educação";"Número de Matrículas em Creches por Dependência Administrativa";"Carajás";"São João do Araguaia";"Privada";"2020";0
"Social";"Educação";"Número de Matrículas em Creches por Dependência Administrativa";"Carajás";"São João do Araguaia";"Privada";"2021";0
"Social";"Educação";"Número de Matrículas em Creches por Dependência Administrativa";"Carajás";"São João do Araguaia";"Privada";"2022";0
"Social";"Educação";"Número de Matrículas em Creches por Dependência Administrativa";"Carajás";"São João do Araguaia";"Privada";"2023";0
"Social";"Educação";"Número de Matrículas em Creches por Dependência Administrativa";"Carajás";"São João do Araguaia";"Privada";"2024";0
"Social";"Educação";"Número de Matrículas em Creches por Dependência Administrativa";"Guamá";"São Miguel do Guamá";"Privada";"2019";19
"Social";"Educação";"Número de Matrículas em Creches por Dependência Administrativa";"Guamá";"São Miguel do Guamá";"Privada";"2020";9
"Social";"Educação";"Número de Matrículas em Creches por Dependência Administrativa";"Guamá";"São Miguel do Guamá";"Privada";"2021";5
"Social";"Educação";"Número de Matrículas em Creches por Dependência Administrativa";"Guamá";"São Miguel do Guamá";"Privada";"2022";3
"Social";"Educação";"Número de Matrículas em Creches por Dependência Administrativa";"Guamá";"São Miguel do Guamá";"Privada";"2023";0
"Social";"Educação";"Número de Matrículas em Creches por Dependência Administrativa";"Guamá";"São Miguel do Guamá";"Privada";"2024";5
"Social";"Educação";"Número de Matrículas em Creches por Dependência Administrativa";"Marajó";"São Sebastião da Boa Vista";"Privada";"2019";0
"Social";"Educação";"Número de Matrículas em Creches por Dependência Administrativa";"Marajó";"São Sebastião da Boa Vista";"Privada";"2020";0
"Social";"Educação";"Número de Matrículas em Creches por Dependência Administrativa";"Marajó";"São Sebastião da Boa Vista";"Privada";"2021";0
"Social";"Educação";"Número de Matrículas em Creches por Dependência Administrativa";"Marajó";"São Sebastião da Boa Vista";"Privada";"2022";0
"Social";"Educação";"Número de Matrículas em Creches por Dependência Administrativa";"Marajó";"São Sebastião da Boa Vista";"Privada";"2023";0
"Social";"Educação";"Número de Matrículas em Creches por Dependência Administrativa";"Marajó";"São Sebastião da Boa Vista";"Privada";"2024";0
"Social";"Educação";"Número de Matrículas em Creches por Dependência Administrativa";"Araguaia";"Sapucaia";"Privada";"2019";0
"Social";"Educação";"Número de Matrículas em Creches por Dependência Administrativa";"Araguaia";"Sapucaia";"Privada";"2020";0
"Social";"Educação";"Número de Matrículas em Creches por Dependência Administrativa";"Araguaia";"Sapucaia";"Privada";"2021";0
"Social";"Educação";"Número de Matrículas em Creches por Dependência Administrativa";"Araguaia";"Sapucaia";"Privada";"2022";0
"Social";"Educação";"Número de Matrículas em Creches por Dependência Administrativa";"Araguaia";"Sapucaia";"Privada";"2023";0
"Social";"Educação";"Número de Matrículas em Creches por Dependência Administrativa";"Araguaia";"Sapucaia";"Privada";"2024";0
"Social";"Educação";"Número de Matrículas em Creches por Dependência Administrativa";"Xingu";"Senador José Porfírio";"Privada";"2019";0
"Social";"Educação";"Número de Matrículas em Creches por Dependência Administrativa";"Xingu";"Senador José Porfírio";"Privada";"2020";0
"Social";"Educação";"Número de Matrículas em Creches por Dependência Administrativa";"Xingu";"Senador José Porfírio";"Privada";"2021";0
"Social";"Educação";"Número de Matrículas em Creches por Dependência Administrativa";"Xingu";"Senador José Porfírio";"Privada";"2022";0
"Social";"Educação";"Número de Matrículas em Creches por Dependência Administrativa";"Xingu";"Senador José Porfírio";"Privada";"2023";0
"Social";"Educação";"Número de Matrículas em Creches por Dependência Administrativa";"Xingu";"Senador José Porfírio";"Privada";"2024";0
"Social";"Educação";"Número de Matrículas em Creches por Dependência Administrativa";"Marajó";"Soure";"Privada";"2019";0
"Social";"Educação";"Número de Matrículas em Creches por Dependência Administrativa";"Marajó";"Soure";"Privada";"2020";0
"Social";"Educação";"Número de Matrículas em Creches por Dependência Administrativa";"Marajó";"Soure";"Privada";"2021";0
"Social";"Educação";"Número de Matrículas em Creches por Dependência Administrativa";"Marajó";"Soure";"Privada";"2022";0
"Social";"Educação";"Número de Matrículas em Creches por Dependência Administrativa";"Marajó";"Soure";"Privada";"2023";0
"Social";"Educação";"Número de Matrículas em Creches por Dependência Administrativa";"Marajó";"Soure";"Privada";"2024";0
"Social";"Educação";"Número de Matrículas em Creches por Dependência Administrativa";"Tocantins";"Tailândia";"Privada";"2019";100
"Social";"Educação";"Número de Matrículas em Creches por Dependência Administrativa";"Tocantins";"Tailândia";"Privada";"2020";111
"Social";"Educação";"Número de Matrículas em Creches por Dependência Administrativa";"Tocantins";"Tailândia";"Privada";"2021";104
"Social";"Educação";"Número de Matrículas em Creches por Dependência Administrativa";"Tocantins";"Tailândia";"Privada";"2022";135
"Social";"Educação";"Número de Matrículas em Creches por Dependência Administrativa";"Tocantins";"Tailândia";"Privada";"2023";125
"Social";"Educação";"Número de Matrículas em Creches por Dependência Administrativa";"Tocantins";"Tailândia";"Privada";"2024";146
"Social";"Educação";"Número de Matrículas em Creches por Dependência Administrativa";"Guamá";"Terra Alta";"Privada";"2019";0
"Social";"Educação";"Número de Matrículas em Creches por Dependência Administrativa";"Guamá";"Terra Alta";"Privada";"2020";0
"Social";"Educação";"Número de Matrículas em Creches por Dependência Administrativa";"Guamá";"Terra Alta";"Privada";"2021";4
"Social";"Educação";"Número de Matrículas em Creches por Dependência Administrativa";"Guamá";"Terra Alta";"Privada";"2022";7
"Social";"Educação";"Número de Matrículas em Creches por Dependência Administrativa";"Guamá";"Terra Alta";"Privada";"2023";10
"Social";"Educação";"Número de Matrículas em Creches por Dependência Administrativa";"Guamá";"Terra Alta";"Privada";"2024";12
"Social";"Educação";"Número de Matrículas em Creches por Dependência Administrativa";"Baixo Amazonas";"Terra Santa";"Privada";"2019";0
"Social";"Educação";"Número de Matrículas em Creches por Dependência Administrativa";"Baixo Amazonas";"Terra Santa";"Privada";"2020";0
"Social";"Educação";"Número de Matrículas em Creches por Dependência Administrativa";"Baixo Amazonas";"Terra Santa";"Privada";"2021";0
"Social";"Educação";"Número de Matrículas em Creches por Dependência Administrativa";"Baixo Amazonas";"Terra Santa";"Privada";"2022";0
"Social";"Educação";"Número de Matrículas em Creches por Dependência Administrativa";"Baixo Amazonas";"Terra Santa";"Privada";"2023";0
"Social";"Educação";"Número de Matrículas em Creches por Dependência Administrativa";"Baixo Amazonas";"Terra Santa";"Privada";"2024";0
"Social";"Educação";"Número de Matrículas em Creches por Dependência Administrativa";"Rio Capim";"Tomé-Açu";"Privada";"2019";26
"Social";"Educação";"Número de Matrículas em Creches por Dependência Administrativa";"Rio Capim";"Tomé-Açu";"Privada";"2020";16
"Social";"Educação";"Número de Matrículas em Creches por Dependência Administrativa";"Rio Capim";"Tomé-Açu";"Privada";"2021";22
"Social";"Educação";"Número de Matrículas em Creches por Dependência Administrativa";"Rio Capim";"Tomé-Açu";"Privada";"2022";29
"Social";"Educação";"Número de Matrículas em Creches por Dependência Administrativa";"Rio Capim";"Tomé-Açu";"Privada";"2023";46
"Social";"Educação";"Número de Matrículas em Creches por Dependência Administrativa";"Rio Capim";"Tomé-Açu";"Privada";"2024";40
"Social";"Educação";"Número de Matrículas em Creches por Dependência Administrativa";"Rio Caeté";"Tracuateua";"Privada";"2019";0
"Social";"Educação";"Número de Matrículas em Creches por Dependência Administrativa";"Rio Caeté";"Tracuateua";"Privada";"2020";0
"Social";"Educação";"Número de Matrículas em Creches por Dependência Administrativa";"Rio Caeté";"Tracuateua";"Privada";"2021";0
"Social";"Educação";"Número de Matrículas em Creches por Dependência Administrativa";"Rio Caeté";"Tracuateua";"Privada";"2022";0
"Social";"Educação";"Número de Matrículas em Creches por Dependência Administrativa";"Rio Caeté";"Tracuateua";"Privada";"2023";0
"Social";"Educação";"Número de Matrículas em Creches por Dependência Administrativa";"Rio Caeté";"Tracuateua";"Privada";"2024";0
"Social";"Educação";"Número de Matrículas em Creches por Dependência Administrativa";"Tapajós";"Trairão";"Privada";"2019";0
"Social";"Educação";"Número de Matrículas em Creches por Dependência Administrativa";"Tapajós";"Trairão";"Privada";"2020";0
"Social";"Educação";"Número de Matrículas em Creches por Dependência Administrativa";"Tapajós";"Trairão";"Privada";"2021";0
"Social";"Educação";"Número de Matrículas em Creches por Dependência Administrativa";"Tapajós";"Trairão";"Privada";"2022";0
"Social";"Educação";"Número de Matrículas em Creches por Dependência Administrativa";"Tapajós";"Trairão";"Privada";"2023";0
"Social";"Educação";"Número de Matrículas em Creches por Dependência Administrativa";"Tapajós";"Trairão";"Privada";"2024";0
"Social";"Educação";"Número de Matrículas em Creches por Dependência Administrativa";"Araguaia";"Tucumã";"Privada";"2019";35
"Social";"Educação";"Número de Matrículas em Creches por Dependência Administrativa";"Araguaia";"Tucumã";"Privada";"2020";27
"Social";"Educação";"Número de Matrículas em Creches por Dependência Administrativa";"Araguaia";"Tucumã";"Privada";"2021";15
"Social";"Educação";"Número de Matrículas em Creches por Dependência Administrativa";"Araguaia";"Tucumã";"Privada";"2022";35
"Social";"Educação";"Número de Matrículas em Creches por Dependência Administrativa";"Araguaia";"Tucumã";"Privada";"2023";12
"Social";"Educação";"Número de Matrículas em Creches por Dependência Administrativa";"Araguaia";"Tucumã";"Privada";"2024";43
"Social";"Educação";"Número de Matrículas em Creches por Dependência Administrativa";"Lago de Tucuruí";"Tucuruí";"Privada";"2019";212
"Social";"Educação";"Número de Matrículas em Creches por Dependência Administrativa";"Lago de Tucuruí";"Tucuruí";"Privada";"2020";172
"Social";"Educação";"Número de Matrículas em Creches por Dependência Administrativa";"Lago de Tucuruí";"Tucuruí";"Privada";"2021";58
"Social";"Educação";"Número de Matrículas em Creches por Dependência Administrativa";"Lago de Tucuruí";"Tucuruí";"Privada";"2022";146
"Social";"Educação";"Número de Matrículas em Creches por Dependência Administrativa";"Lago de Tucuruí";"Tucuruí";"Privada";"2023";146
"Social";"Educação";"Número de Matrículas em Creches por Dependência Administrativa";"Lago de Tucuruí";"Tucuruí";"Privada";"2024";101
"Social";"Educação";"Número de Matrículas em Creches por Dependência Administrativa";"Rio Capim";"Ulianópolis";"Privada";"2019";23
"Social";"Educação";"Número de Matrículas em Creches por Dependência Administrativa";"Rio Capim";"Ulianópolis";"Privada";"2020";0
"Social";"Educação";"Número de Matrículas em Creches por Dependência Administrativa";"Rio Capim";"Ulianópolis";"Privada";"2021";16
"Social";"Educação";"Número de Matrículas em Creches por Dependência Administrativa";"Rio Capim";"Ulianópolis";"Privada";"2022";18
"Social";"Educação";"Número de Matrículas em Creches por Dependência Administrativa";"Rio Capim";"Ulianópolis";"Privada";"2023";15
"Social";"Educação";"Número de Matrículas em Creches por Dependência Administrativa";"Rio Capim";"Ulianópolis";"Privada";"2024";9
"Social";"Educação";"Número de Matrículas em Creches por Dependência Administrativa";"Xingu";"Uruará";"Privada";"2019";21
"Social";"Educação";"Número de Matrículas em Creches por Dependência Administrativa";"Xingu";"Uruará";"Privada";"2020";33
"Social";"Educação";"Número de Matrículas em Creches por Dependência Administrativa";"Xingu";"Uruará";"Privada";"2021";0
"Social";"Educação";"Número de Matrículas em Creches por Dependência Administrativa";"Xingu";"Uruará";"Privada";"2022";32
"Social";"Educação";"Número de Matrículas em Creches por Dependência Administrativa";"Xingu";"Uruará";"Privada";"2023";41
"Social";"Educação";"Número de Matrículas em Creches por Dependência Administrativa";"Xingu";"Uruará";"Privada";"2024";29
"Social";"Educação";"Número de Matrículas em Creches por Dependência Administrativa";"Guamá";"Vigia";"Privada";"2019";91
"Social";"Educação";"Número de Matrículas em Creches por Dependência Administrativa";"Guamá";"Vigia";"Privada";"2020";70
"Social";"Educação";"Número de Matrículas em Creches por Dependência Administrativa";"Guamá";"Vigia";"Privada";"2021";32
"Social";"Educação";"Número de Matrículas em Creches por Dependência Administrativa";"Guamá";"Vigia";"Privada";"2022";81
"Social";"Educação";"Número de Matrículas em Creches por Dependência Administrativa";"Guamá";"Vigia";"Privada";"2023";66
"Social";"Educação";"Número de Matrículas em Creches por Dependência Administrativa";"Guamá";"Vigia";"Privada";"2024";63
"Social";"Educação";"Número de Matrículas em Creches por Dependência Administrativa";"Rio Caeté";"Viseu";"Privada";"2019";0
"Social";"Educação";"Número de Matrículas em Creches por Dependência Administrativa";"Rio Caeté";"Viseu";"Privada";"2020";0
"Social";"Educação";"Número de Matrículas em Creches por Dependência Administrativa";"Rio Caeté";"Viseu";"Privada";"2021";0
"Social";"Educação";"Número de Matrículas em Creches por Dependência Administrativa";"Rio Caeté";"Viseu";"Privada";"2022";0
"Social";"Educação";"Número de Matrículas em Creches por Dependência Administrativa";"Rio Caeté";"Viseu";"Privada";"2023";0
"Social";"Educação";"Número de Matrículas em Creches por Dependência Administrativa";"Rio Caeté";"Viseu";"Privada";"2024";0
"Social";"Educação";"Número de Matrículas em Creches por Dependência Administrativa";"Xingu";"Vitória do Xingu";"Privada";"2019";38
"Social";"Educação";"Número de Matrículas em Creches por Dependência Administrativa";"Xingu";"Vitória do Xingu";"Privada";"2020";0
"Social";"Educação";"Número de Matrículas em Creches por Dependência Administrativa";"Xingu";"Vitória do Xingu";"Privada";"2021";0
"Social";"Educação";"Número de Matrículas em Creches por Dependência Administrativa";"Xingu";"Vitória do Xingu";"Privada";"2022";0
"Social";"Educação";"Número de Matrículas em Creches por Dependência Administrativa";"Xingu";"Vitória do Xingu";"Privada";"2023";0
"Social";"Educação";"Número de Matrículas em Creches por Dependência Administrativa";"Xingu";"Vitória do Xingu";"Privada";"2024";0
"Social";"Educação";"Número de Matrículas em Creches por Dependência Administrativa";"Araguaia";"Xinguara";"Privada";"2019";39
"Social";"Educação";"Número de Matrículas em Creches por Dependência Administrativa";"Araguaia";"Xinguara";"Privada";"2020";43
"Social";"Educação";"Número de Matrículas em Creches por Dependência Administrativa";"Araguaia";"Xinguara";"Privada";"2021";29
"Social";"Educação";"Número de Matrículas em Creches por Dependência Administrativa";"Araguaia";"Xinguara";"Privada";"2022";74
"Social";"Educação";"Número de Matrículas em Creches por Dependência Administrativa";"Araguaia";"Xinguara";"Privada";"2023";79
"Social";"Educação";"Número de Matrículas em Creches por Dependência Administrativa";"Araguaia";"Xinguara";"Privada";"2024";88
"Social";"Educação";"Número de Matrículas em Creches por Dependência Administrativa";"Pará";"Pará";"Total";"2019";80708
"Social";"Educação";"Número de Matrículas em Creches por Dependência Administrativa";"Pará";"Pará";"Total";"2020";81549
"Social";"Educação";"Número de Matrículas em Creches por Dependência Administrativa";"Pará";"Pará";"Total";"2021";82217
"Social";"Educação";"Número de Matrículas em Creches por Dependência Administrativa";"Pará";"Pará";"Total";"2022";97601
"Social";"Educação";"Número de Matrículas em Creches por Dependência Administrativa";"Pará";"Pará";"Total";"2023";110046
"Social";"Educação";"Número de Matrículas em Creches por Dependência Administrativa";"Pará";"Pará";"Total";"2024";114051
"Social";"Educação";"Número de Matrículas em Creches por Dependência Administrativa";"Tocantins";"Abaetetuba";"Total";"2019";2007
"Social";"Educação";"Número de Matrículas em Creches por Dependência Administrativa";"Tocantins";"Abaetetuba";"Total";"2020";1938
"Social";"Educação";"Número de Matrículas em Creches por Dependência Administrativa";"Tocantins";"Abaetetuba";"Total";"2021";2003
"Social";"Educação";"Número de Matrículas em Creches por Dependência Administrativa";"Tocantins";"Abaetetuba";"Total";"2022";2685
"Social";"Educação";"Número de Matrículas em Creches por Dependência Administrativa";"Tocantins";"Abaetetuba";"Total";"2023";2722
"Social";"Educação";"Número de Matrículas em Creches por Dependência Administrativa";"Tocantins";"Abaetetuba";"Total";"2024";2858
"Social";"Educação";"Número de Matrículas em Creches por Dependência Administrativa";"Rio Capim";"Abel Figueiredo";"Total";"2019";95
"Social";"Educação";"Número de Matrículas em Creches por Dependência Administrativa";"Rio Capim";"Abel Figueiredo";"Total";"2020";86
"Social";"Educação";"Número de Matrículas em Creches por Dependência Administrativa";"Rio Capim";"Abel Figueiredo";"Total";"2021";95
"Social";"Educação";"Número de Matrículas em Creches por Dependência Administrativa";"Rio Capim";"Abel Figueiredo";"Total";"2022";97
"Social";"Educação";"Número de Matrículas em Creches por Dependência Administrativa";"Rio Capim";"Abel Figueiredo";"Total";"2023";78
"Social";"Educação";"Número de Matrículas em Creches por Dependência Administrativa";"Rio Capim";"Abel Figueiredo";"Total";"2024";75
"Social";"Educação";"Número de Matrículas em Creches por Dependência Administrativa";"Tocantins";"Acará";"Total";"2019";965
"Social";"Educação";"Número de Matrículas em Creches por Dependência Administrativa";"Tocantins";"Acará";"Total";"2020";1067
"Social";"Educação";"Número de Matrículas em Creches por Dependência Administrativa";"Tocantins";"Acará";"Total";"2021";1441
"Social";"Educação";"Número de Matrículas em Creches por Dependência Administrativa";"Tocantins";"Acará";"Total";"2022";1456
"Social";"Educação";"Número de Matrículas em Creches por Dependência Administrativa";"Tocantins";"Acará";"Total";"2023";1644
"Social";"Educação";"Número de Matrículas em Creches por Dependência Administrativa";"Tocantins";"Acará";"Total";"2024";1393
"Social";"Educação";"Número de Matrículas em Creches por Dependência Administrativa";"Marajó";"Afuá";"Total";"2019";238
"Social";"Educação";"Número de Matrículas em Creches por Dependência Administrativa";"Marajó";"Afuá";"Total";"2020";256
"Social";"Educação";"Número de Matrículas em Creches por Dependência Administrativa";"Marajó";"Afuá";"Total";"2021";234
"Social";"Educação";"Número de Matrículas em Creches por Dependência Administrativa";"Marajó";"Afuá";"Total";"2022";239
"Social";"Educação";"Número de Matrículas em Creches por Dependência Administrativa";"Marajó";"Afuá";"Total";"2023";247
"Social";"Educação";"Número de Matrículas em Creches por Dependência Administrativa";"Marajó";"Afuá";"Total";"2024";220
"Social";"Educação";"Número de Matrículas em Creches por Dependência Administrativa";"Araguaia";"Água Azul do Norte";"Total";"2019";278
"Social";"Educação";"Número de Matrículas em Creches por Dependência Administrativa";"Araguaia";"Água Azul do Norte";"Total";"2020";267
"Social";"Educação";"Número de Matrículas em Creches por Dependência Administrativa";"Araguaia";"Água Azul do Norte";"Total";"2021";303
"Social";"Educação";"Número de Matrículas em Creches por Dependência Administrativa";"Araguaia";"Água Azul do Norte";"Total";"2022";371
"Social";"Educação";"Número de Matrículas em Creches por Dependência Administrativa";"Araguaia";"Água Azul do Norte";"Total";"2023";351
"Social";"Educação";"Número de Matrículas em Creches por Dependência Administrativa";"Araguaia";"Água Azul do Norte";"Total";"2024";324
"Social";"Educação";"Número de Matrículas em Creches por Dependência Administrativa";"Baixo Amazonas";"Alenquer";"Total";"2019";156
"Social";"Educação";"Número de Matrículas em Creches por Dependência Administrativa";"Baixo Amazonas";"Alenquer";"Total";"2020";144
"Social";"Educação";"Número de Matrículas em Creches por Dependência Administrativa";"Baixo Amazonas";"Alenquer";"Total";"2021";76
"Social";"Educação";"Número de Matrículas em Creches por Dependência Administrativa";"Baixo Amazonas";"Alenquer";"Total";"2022";206
"Social";"Educação";"Número de Matrículas em Creches por Dependência Administrativa";"Baixo Amazonas";"Alenquer";"Total";"2023";239
"Social";"Educação";"Número de Matrículas em Creches por Dependência Administrativa";"Baixo Amazonas";"Alenquer";"Total";"2024";198
"Social";"Educação";"Número de Matrículas em Creches por Dependência Administrativa";"Baixo Amazonas";"Almeirim";"Total";"2019";23
"Social";"Educação";"Número de Matrículas em Creches por Dependência Administrativa";"Baixo Amazonas";"Almeirim";"Total";"2020";11
"Social";"Educação";"Número de Matrículas em Creches por Dependência Administrativa";"Baixo Amazonas";"Almeirim";"Total";"2021";8
"Social";"Educação";"Número de Matrículas em Creches por Dependência Administrativa";"Baixo Amazonas";"Almeirim";"Total";"2022";85
"Social";"Educação";"Número de Matrículas em Creches por Dependência Administrativa";"Baixo Amazonas";"Almeirim";"Total";"2023";1060
"Social";"Educação";"Número de Matrículas em Creches por Dependência Administrativa";"Baixo Amazonas";"Almeirim";"Total";"2024";1317
"Social";"Educação";"Número de Matrículas em Creches por Dependência Administrativa";"Xingu";"Altamira";"Total";"2019";1735
"Social";"Educação";"Número de Matrículas em Creches por Dependência Administrativa";"Xingu";"Altamira";"Total";"2020";1926
"Social";"Educação";"Número de Matrículas em Creches por Dependência Administrativa";"Xingu";"Altamira";"Total";"2021";1718
"Social";"Educação";"Número de Matrículas em Creches por Dependência Administrativa";"Xingu";"Altamira";"Total";"2022";2149
"Social";"Educação";"Número de Matrículas em Creches por Dependência Administrativa";"Xingu";"Altamira";"Total";"2023";2208
"Social";"Educação";"Número de Matrículas em Creches por Dependência Administrativa";"Xingu";"Altamira";"Total";"2024";2359
"Social";"Educação";"Número de Matrículas em Creches por Dependência Administrativa";"Marajó";"Anajás";"Total";"2019";255
"Social";"Educação";"Número de Matrículas em Creches por Dependência Administrativa";"Marajó";"Anajás";"Total";"2020";205
"Social";"Educação";"Número de Matrículas em Creches por Dependência Administrativa";"Marajó";"Anajás";"Total";"2021";223
"Social";"Educação";"Número de Matrículas em Creches por Dependência Administrativa";"Marajó";"Anajás";"Total";"2022";262
"Social";"Educação";"Número de Matrículas em Creches por Dependência Administrativa";"Marajó";"Anajás";"Total";"2023";285
"Social";"Educação";"Número de Matrículas em Creches por Dependência Administrativa";"Marajó";"Anajás";"Total";"2024";258
"Social";"Educação";"Número de Matrículas em Creches por Dependência Administrativa";"Guajará";"Ananindeua";"Total";"2019";3468
"Social";"Educação";"Número de Matrículas em Creches por Dependência Administrativa";"Guajará";"Ananindeua";"Total";"2020";3387
"Social";"Educação";"Número de Matrículas em Creches por Dependência Administrativa";"Guajará";"Ananindeua";"Total";"2021";3594
"Social";"Educação";"Número de Matrículas em Creches por Dependência Administrativa";"Guajará";"Ananindeua";"Total";"2022";4178
"Social";"Educação";"Número de Matrículas em Creches por Dependência Administrativa";"Guajará";"Ananindeua";"Total";"2023";4189
"Social";"Educação";"Número de Matrículas em Creches por Dependência Administrativa";"Guajará";"Ananindeua";"Total";"2024";4619
"Social";"Educação";"Número de Matrículas em Creches por Dependência Administrativa";"Xingu";"Anapu";"Total";"2019";14
"Social";"Educação";"Número de Matrículas em Creches por Dependência Administrativa";"Xingu";"Anapu";"Total";"2020";78
"Social";"Educação";"Número de Matrículas em Creches por Dependência Administrativa";"Xingu";"Anapu";"Total";"2021";126
"Social";"Educação";"Número de Matrículas em Creches por Dependência Administrativa";"Xingu";"Anapu";"Total";"2022";117
"Social";"Educação";"Número de Matrículas em Creches por Dependência Administrativa";"Xingu";"Anapu";"Total";"2023";153
"Social";"Educação";"Número de Matrículas em Creches por Dependência Administrativa";"Xingu";"Anapu";"Total";"2024";64
"Social";"Educação";"Número de Matrículas em Creches por Dependência Administrativa";"Rio Caeté";"Augusto Corrêa";"Total";"2019";166
"Social";"Educação";"Número de Matrículas em Creches por Dependência Administrativa";"Rio Caeté";"Augusto Corrêa";"Total";"2020";184
"Social";"Educação";"Número de Matrículas em Creches por Dependência Administrativa";"Rio Caeté";"Augusto Corrêa";"Total";"2021";179
"Social";"Educação";"Número de Matrículas em Creches por Dependência Administrativa";"Rio Caeté";"Augusto Corrêa";"Total";"2022";251
"Social";"Educação";"Número de Matrículas em Creches por Dependência Administrativa";"Rio Caeté";"Augusto Corrêa";"Total";"2023";276
"Social";"Educação";"Número de Matrículas em Creches por Dependência Administrativa";"Rio Caeté";"Augusto Corrêa";"Total";"2024";402
"Social";"Educação";"Número de Matrículas em Creches por Dependência Administrativa";"Rio Capim";"Aurora do Pará";"Total";"2019";144
"Social";"Educação";"Número de Matrículas em Creches por Dependência Administrativa";"Rio Capim";"Aurora do Pará";"Total";"2020";237
"Social";"Educação";"Número de Matrículas em Creches por Dependência Administrativa";"Rio Capim";"Aurora do Pará";"Total";"2021";228
"Social";"Educação";"Número de Matrículas em Creches por Dependência Administrativa";"Rio Capim";"Aurora do Pará";"Total";"2022";247
"Social";"Educação";"Número de Matrículas em Creches por Dependência Administrativa";"Rio Capim";"Aurora do Pará";"Total";"2023";337
"Social";"Educação";"Número de Matrículas em Creches por Dependência Administrativa";"Rio Capim";"Aurora do Pará";"Total";"2024";327
"Social";"Educação";"Número de Matrículas em Creches por Dependência Administrativa";"Tapajós";"Aveiro";"Total";"2019";0
"Social";"Educação";"Número de Matrículas em Creches por Dependência Administrativa";"Tapajós";"Aveiro";"Total";"2020";0
"Social";"Educação";"Número de Matrículas em Creches por Dependência Administrativa";"Tapajós";"Aveiro";"Total";"2021";0
"Social";"Educação";"Número de Matrículas em Creches por Dependência Administrativa";"Tapajós";"Aveiro";"Total";"2022";51
"Social";"Educação";"Número de Matrículas em Creches por Dependência Administrativa";"Tapajós";"Aveiro";"Total";"2023";178
"Social";"Educação";"Número de Matrículas em Creches por Dependência Administrativa";"Tapajós";"Aveiro";"Total";"2024";293
"Social";"Educação";"Número de Matrículas em Creches por Dependência Administrativa";"Marajó";"Bagre";"Total";"2019";7
"Social";"Educação";"Número de Matrículas em Creches por Dependência Administrativa";"Marajó";"Bagre";"Total";"2020";0
"Social";"Educação";"Número de Matrículas em Creches por Dependência Administrativa";"Marajó";"Bagre";"Total";"2021";1
"Social";"Educação";"Número de Matrículas em Creches por Dependência Administrativa";"Marajó";"Bagre";"Total";"2022";0
"Social";"Educação";"Número de Matrículas em Creches por Dependência Administrativa";"Marajó";"Bagre";"Total";"2023";0
"Social";"Educação";"Número de Matrículas em Creches por Dependência Administrativa";"Marajó";"Bagre";"Total";"2024";0
"Social";"Educação";"Número de Matrículas em Creches por Dependência Administrativa";"Tocantins";"Baião";"Total";"2019";170
"Social";"Educação";"Número de Matrículas em Creches por Dependência Administrativa";"Tocantins";"Baião";"Total";"2020";317
"Social";"Educação";"Número de Matrículas em Creches por Dependência Administrativa";"Tocantins";"Baião";"Total";"2021";322
"Social";"Educação";"Número de Matrículas em Creches por Dependência Administrativa";"Tocantins";"Baião";"Total";"2022";505
"Social";"Educação";"Número de Matrículas em Creches por Dependência Administrativa";"Tocantins";"Baião";"Total";"2023";499
"Social";"Educação";"Número de Matrículas em Creches por Dependência Administrativa";"Tocantins";"Baião";"Total";"2024";444
"Social";"Educação";"Número de Matrículas em Creches por Dependência Administrativa";"Araguaia";"Bannach";"Total";"2019";37
"Social";"Educação";"Número de Matrículas em Creches por Dependência Administrativa";"Araguaia";"Bannach";"Total";"2020";31
"Social";"Educação";"Número de Matrículas em Creches por Dependência Administrativa";"Araguaia";"Bannach";"Total";"2021";37
"Social";"Educação";"Número de Matrículas em Creches por Dependência Administrativa";"Araguaia";"Bannach";"Total";"2022";48
"Social";"Educação";"Número de Matrículas em Creches por Dependência Administrativa";"Araguaia";"Bannach";"Total";"2023";38
"Social";"Educação";"Número de Matrículas em Creches por Dependência Administrativa";"Araguaia";"Bannach";"Total";"2024";29
"Social";"Educação";"Número de Matrículas em Creches por Dependência Administrativa";"Tocantins";"Barcarena";"Total";"2019";1353
"Social";"Educação";"Número de Matrículas em Creches por Dependência Administrativa";"Tocantins";"Barcarena";"Total";"2020";1610
"Social";"Educação";"Número de Matrículas em Creches por Dependência Administrativa";"Tocantins";"Barcarena";"Total";"2021";1689
"Social";"Educação";"Número de Matrículas em Creches por Dependência Administrativa";"Tocantins";"Barcarena";"Total";"2022";2076
"Social";"Educação";"Número de Matrículas em Creches por Dependência Administrativa";"Tocantins";"Barcarena";"Total";"2023";2428
"Social";"Educação";"Número de Matrículas em Creches por Dependência Administrativa";"Tocantins";"Barcarena";"Total";"2024";2655
"Social";"Educação";"Número de Matrículas em Creches por Dependência Administrativa";"Guajará";"Belém";"Total";"2019";8254
"Social";"Educação";"Número de Matrículas em Creches por Dependência Administrativa";"Guajará";"Belém";"Total";"2020";9112
"Social";"Educação";"Número de Matrículas em Creches por Dependência Administrativa";"Guajará";"Belém";"Total";"2021";8142
"Social";"Educação";"Número de Matrículas em Creches por Dependência Administrativa";"Guajará";"Belém";"Total";"2022";9459
"Social";"Educação";"Número de Matrículas em Creches por Dependência Administrativa";"Guajará";"Belém";"Total";"2023";9842
"Social";"Educação";"Número de Matrículas em Creches por Dependência Administrativa";"Guajará";"Belém";"Total";"2024";9427
"Social";"Educação";"Número de Matrículas em Creches por Dependência Administrativa";"Baixo Amazonas";"Belterra";"Total";"2019";114
"Social";"Educação";"Número de Matrículas em Creches por Dependência Administrativa";"Baixo Amazonas";"Belterra";"Total";"2020";102
"Social";"Educação";"Número de Matrículas em Creches por Dependência Administrativa";"Baixo Amazonas";"Belterra";"Total";"2021";67
"Social";"Educação";"Número de Matrículas em Creches por Dependência Administrativa";"Baixo Amazonas";"Belterra";"Total";"2022";85
"Social";"Educação";"Número de Matrículas em Creches por Dependência Administrativa";"Baixo Amazonas";"Belterra";"Total";"2023";134
"Social";"Educação";"Número de Matrículas em Creches por Dependência Administrativa";"Baixo Amazonas";"Belterra";"Total";"2024";170
"Social";"Educação";"Número de Matrículas em Creches por Dependência Administrativa";"Guajará";"Benevides";"Total";"2019";1083
"Social";"Educação";"Número de Matrículas em Creches por Dependência Administrativa";"Guajará";"Benevides";"Total";"2020";977
"Social";"Educação";"Número de Matrículas em Creches por Dependência Administrativa";"Guajará";"Benevides";"Total";"2021";931
"Social";"Educação";"Número de Matrículas em Creches por Dependência Administrativa";"Guajará";"Benevides";"Total";"2022";1098
"Social";"Educação";"Número de Matrículas em Creches por Dependência Administrativa";"Guajará";"Benevides";"Total";"2023";1136
"Social";"Educação";"Número de Matrículas em Creches por Dependência Administrativa";"Guajará";"Benevides";"Total";"2024";1073
"Social";"Educação";"Número de Matrículas em Creches por Dependência Administrativa";"Carajás";"Bom Jesus do Tocantins";"Total";"2019";239
"Social";"Educação";"Número de Matrículas em Creches por Dependência Administrativa";"Carajás";"Bom Jesus do Tocantins";"Total";"2020";191
"Social";"Educação";"Número de Matrículas em Creches por Dependência Administrativa";"Carajás";"Bom Jesus do Tocantins";"Total";"2021";192
"Social";"Educação";"Número de Matrículas em Creches por Dependência Administrativa";"Carajás";"Bom Jesus do Tocantins";"Total";"2022";244
"Social";"Educação";"Número de Matrículas em Creches por Dependência Administrativa";"Carajás";"Bom Jesus do Tocantins";"Total";"2023";302
"Social";"Educação";"Número de Matrículas em Creches por Dependência Administrativa";"Carajás";"Bom Jesus do Tocantins";"Total";"2024";336
"Social";"Educação";"Número de Matrículas em Creches por Dependência Administrativa";"Rio Caeté";"Bonito";"Total";"2019";90
"Social";"Educação";"Número de Matrículas em Creches por Dependência Administrativa";"Rio Caeté";"Bonito";"Total";"2020";72
"Social";"Educação";"Número de Matrículas em Creches por Dependência Administrativa";"Rio Caeté";"Bonito";"Total";"2021";91
"Social";"Educação";"Número de Matrículas em Creches por Dependência Administrativa";"Rio Caeté";"Bonito";"Total";"2022";98
"Social";"Educação";"Número de Matrículas em Creches por Dependência Administrativa";"Rio Caeté";"Bonito";"Total";"2023";129
"Social";"Educação";"Número de Matrículas em Creches por Dependência Administrativa";"Rio Caeté";"Bonito";"Total";"2024";102
"Social";"Educação";"Número de Matrículas em Creches por Dependência Administrativa";"Rio Caeté";"Bragança";"Total";"2019";333
"Social";"Educação";"Número de Matrículas em Creches por Dependência Administrativa";"Rio Caeté";"Bragança";"Total";"2020";505
"Social";"Educação";"Número de Matrículas em Creches por Dependência Administrativa";"Rio Caeté";"Bragança";"Total";"2021";511
"Social";"Educação";"Número de Matrículas em Creches por Dependência Administrativa";"Rio Caeté";"Bragança";"Total";"2022";588
"Social";"Educação";"Número de Matrículas em Creches por Dependência Administrativa";"Rio Caeté";"Bragança";"Total";"2023";600
"Social";"Educação";"Número de Matrículas em Creches por Dependência Administrativa";"Rio Caeté";"Bragança";"Total";"2024";580
"Social";"Educação";"Número de Matrículas em Creches por Dependência Administrativa";"Xingu";"Brasil Novo";"Total";"2019";328
"Social";"Educação";"Número de Matrículas em Creches por Dependência Administrativa";"Xingu";"Brasil Novo";"Total";"2020";290
"Social";"Educação";"Número de Matrículas em Creches por Dependência Administrativa";"Xingu";"Brasil Novo";"Total";"2021";218
"Social";"Educação";"Número de Matrículas em Creches por Dependência Administrativa";"Xingu";"Brasil Novo";"Total";"2022";311
"Social";"Educação";"Número de Matrículas em Creches por Dependência Administrativa";"Xingu";"Brasil Novo";"Total";"2023";428
"Social";"Educação";"Número de Matrículas em Creches por Dependência Administrativa";"Xingu";"Brasil Novo";"Total";"2024";518
"Social";"Educação";"Número de Matrículas em Creches por Dependência Administrativa";"Carajás";"Brejo Grande do Araguaia";"Total";"2019";194
"Social";"Educação";"Número de Matrículas em Creches por Dependência Administrativa";"Carajás";"Brejo Grande do Araguaia";"Total";"2020";161
"Social";"Educação";"Número de Matrículas em Creches por Dependência Administrativa";"Carajás";"Brejo Grande do Araguaia";"Total";"2021";198
"Social";"Educação";"Número de Matrículas em Creches por Dependência Administrativa";"Carajás";"Brejo Grande do Araguaia";"Total";"2022";209
"Social";"Educação";"Número de Matrículas em Creches por Dependência Administrativa";"Carajás";"Brejo Grande do Araguaia";"Total";"2023";215
"Social";"Educação";"Número de Matrículas em Creches por Dependência Administrativa";"Carajás";"Brejo Grande do Araguaia";"Total";"2024";206
"Social";"Educação";"Número de Matrículas em Creches por Dependência Administrativa";"Lago de Tucuruí";"Breu Branco";"Total";"2019";344
"Social";"Educação";"Número de Matrículas em Creches por Dependência Administrativa";"Lago de Tucuruí";"Breu Branco";"Total";"2020";329
"Social";"Educação";"Número de Matrículas em Creches por Dependência Administrativa";"Lago de Tucuruí";"Breu Branco";"Total";"2021";300
"Social";"Educação";"Número de Matrículas em Creches por Dependência Administrativa";"Lago de Tucuruí";"Breu Branco";"Total";"2022";465
"Social";"Educação";"Número de Matrículas em Creches por Dependência Administrativa";"Lago de Tucuruí";"Breu Branco";"Total";"2023";750
"Social";"Educação";"Número de Matrículas em Creches por Dependência Administrativa";"Lago de Tucuruí";"Breu Branco";"Total";"2024";889
"Social";"Educação";"Número de Matrículas em Creches por Dependência Administrativa";"Marajó";"Breves";"Total";"2019";1208
"Social";"Educação";"Número de Matrículas em Creches por Dependência Administrativa";"Marajó";"Breves";"Total";"2020";1038
"Social";"Educação";"Número de Matrículas em Creches por Dependência Administrativa";"Marajó";"Breves";"Total";"2021";1618
"Social";"Educação";"Número de Matrículas em Creches por Dependência Administrativa";"Marajó";"Breves";"Total";"2022";2065
"Social";"Educação";"Número de Matrículas em Creches por Dependência Administrativa";"Marajó";"Breves";"Total";"2023";1928
"Social";"Educação";"Número de Matrículas em Creches por Dependência Administrativa";"Marajó";"Breves";"Total";"2024";2347
"Social";"Educação";"Número de Matrículas em Creches por Dependência Administrativa";"Rio Capim";"Bujaru";"Total";"2019";275
"Social";"Educação";"Número de Matrículas em Creches por Dependência Administrativa";"Rio Capim";"Bujaru";"Total";"2020";215
"Social";"Educação";"Número de Matrículas em Creches por Dependência Administrativa";"Rio Capim";"Bujaru";"Total";"2021";498
"Social";"Educação";"Número de Matrículas em Creches por Dependência Administrativa";"Rio Capim";"Bujaru";"Total";"2022";449
"Social";"Educação";"Número de Matrículas em Creches por Dependência Administrativa";"Rio Capim";"Bujaru";"Total";"2023";576
"Social";"Educação";"Número de Matrículas em Creches por Dependência Administrativa";"Rio Capim";"Bujaru";"Total";"2024";632
"Social";"Educação";"Número de Matrículas em Creches por Dependência Administrativa";"Marajó";"Cachoeira do Arari";"Total";"2019";371
"Social";"Educação";"Número de Matrículas em Creches por Dependência Administrativa";"Marajó";"Cachoeira do Arari";"Total";"2020";343
"Social";"Educação";"Número de Matrículas em Creches por Dependência Administrativa";"Marajó";"Cachoeira do Arari";"Total";"2021";299
"Social";"Educação";"Número de Matrículas em Creches por Dependência Administrativa";"Marajó";"Cachoeira do Arari";"Total";"2022";309
"Social";"Educação";"Número de Matrículas em Creches por Dependência Administrativa";"Marajó";"Cachoeira do Arari";"Total";"2023";309
"Social";"Educação";"Número de Matrículas em Creches por Dependência Administrativa";"Marajó";"Cachoeira do Arari";"Total";"2024";319
"Social";"Educação";"Número de Matrículas em Creches por Dependência Administrativa";"Rio Caeté";"Cachoeira do Piriá";"Total";"2019";304
"Social";"Educação";"Número de Matrículas em Creches por Dependência Administrativa";"Rio Caeté";"Cachoeira do Piriá";"Total";"2020";305
"Social";"Educação";"Número de Matrículas em Creches por Dependência Administrativa";"Rio Caeté";"Cachoeira do Piriá";"Total";"2021";358
"Social";"Educação";"Número de Matrículas em Creches por Dependência Administrativa";"Rio Caeté";"Cachoeira do Piriá";"Total";"2022";279
"Social";"Educação";"Número de Matrículas em Creches por Dependência Administrativa";"Rio Caeté";"Cachoeira do Piriá";"Total";"2023";291
"Social";"Educação";"Número de Matrículas em Creches por Dependência Administrativa";"Rio Caeté";"Cachoeira do Piriá";"Total";"2024";259
"Social";"Educação";"Número de Matrículas em Creches por Dependência Administrativa";"Tocantins";"Cametá";"Total";"2019";1234
"Social";"Educação";"Número de Matrículas em Creches por Dependência Administrativa";"Tocantins";"Cametá";"Total";"2020";1286
"Social";"Educação";"Número de Matrículas em Creches por Dependência Administrativa";"Tocantins";"Cametá";"Total";"2021";1334
"Social";"Educação";"Número de Matrículas em Creches por Dependência Administrativa";"Tocantins";"Cametá";"Total";"2022";1718
"Social";"Educação";"Número de Matrículas em Creches por Dependência Administrativa";"Tocantins";"Cametá";"Total";"2023";1970
"Social";"Educação";"Número de Matrículas em Creches por Dependência Administrativa";"Tocantins";"Cametá";"Total";"2024";2084
"Social";"Educação";"Número de Matrículas em Creches por Dependência Administrativa";"Carajás";"Canaã dos Carajás";"Total";"2019";649
"Social";"Educação";"Número de Matrículas em Creches por Dependência Administrativa";"Carajás";"Canaã dos Carajás";"Total";"2020";458
"Social";"Educação";"Número de Matrículas em Creches por Dependência Administrativa";"Carajás";"Canaã dos Carajás";"Total";"2021";358
"Social";"Educação";"Número de Matrículas em Creches por Dependência Administrativa";"Carajás";"Canaã dos Carajás";"Total";"2022";583
"Social";"Educação";"Número de Matrículas em Creches por Dependência Administrativa";"Carajás";"Canaã dos Carajás";"Total";"2023";1106
"Social";"Educação";"Número de Matrículas em Creches por Dependência Administrativa";"Carajás";"Canaã dos Carajás";"Total";"2024";1205
"Social";"Educação";"Número de Matrículas em Creches por Dependência Administrativa";"Rio Caeté";"Capanema";"Total";"2019";1107
"Social";"Educação";"Número de Matrículas em Creches por Dependência Administrativa";"Rio Caeté";"Capanema";"Total";"2020";992
"Social";"Educação";"Número de Matrículas em Creches por Dependência Administrativa";"Rio Caeté";"Capanema";"Total";"2021";938
"Social";"Educação";"Número de Matrículas em Creches por Dependência Administrativa";"Rio Caeté";"Capanema";"Total";"2022";949
"Social";"Educação";"Número de Matrículas em Creches por Dependência Administrativa";"Rio Caeté";"Capanema";"Total";"2023";1035
"Social";"Educação";"Número de Matrículas em Creches por Dependência Administrativa";"Rio Caeté";"Capanema";"Total";"2024";1082
"Social";"Educação";"Número de Matrículas em Creches por Dependência Administrativa";"Rio Capim";"Capitão Poço";"Total";"2019";634
"Social";"Educação";"Número de Matrículas em Creches por Dependência Administrativa";"Rio Capim";"Capitão Poço";"Total";"2020";651
"Social";"Educação";"Número de Matrículas em Creches por Dependência Administrativa";"Rio Capim";"Capitão Poço";"Total";"2021";539
"Social";"Educação";"Número de Matrículas em Creches por Dependência Administrativa";"Rio Capim";"Capitão Poço";"Total";"2022";670
"Social";"Educação";"Número de Matrículas em Creches por Dependência Administrativa";"Rio Capim";"Capitão Poço";"Total";"2023";767
"Social";"Educação";"Número de Matrículas em Creches por Dependência Administrativa";"Rio Capim";"Capitão Poço";"Total";"2024";750
"Social";"Educação";"Número de Matrículas em Creches por Dependência Administrativa";"Guamá";"Castanhal";"Total";"2019";736
"Social";"Educação";"Número de Matrículas em Creches por Dependência Administrativa";"Guamá";"Castanhal";"Total";"2020";877
"Social";"Educação";"Número de Matrículas em Creches por Dependência Administrativa";"Guamá";"Castanhal";"Total";"2021";966
"Social";"Educação";"Número de Matrículas em Creches por Dependência Administrativa";"Guamá";"Castanhal";"Total";"2022";1066
"Social";"Educação";"Número de Matrículas em Creches por Dependência Administrativa";"Guamá";"Castanhal";"Total";"2023";1412
"Social";"Educação";"Número de Matrículas em Creches por Dependência Administrativa";"Guamá";"Castanhal";"Total";"2024";1506
"Social";"Educação";"Número de Matrículas em Creches por Dependência Administrativa";"Marajó";"Chaves";"Total";"2019";70
"Social";"Educação";"Número de Matrículas em Creches por Dependência Administrativa";"Marajó";"Chaves";"Total";"2020";89
"Social";"Educação";"Número de Matrículas em Creches por Dependência Administrativa";"Marajó";"Chaves";"Total";"2021";279
"Social";"Educação";"Número de Matrículas em Creches por Dependência Administrativa";"Marajó";"Chaves";"Total";"2022";315
"Social";"Educação";"Número de Matrículas em Creches por Dependência Administrativa";"Marajó";"Chaves";"Total";"2023";353
"Social";"Educação";"Número de Matrículas em Creches por Dependência Administrativa";"Marajó";"Chaves";"Total";"2024";305
"Social";"Educação";"Número de Matrículas em Creches por Dependência Administrativa";"Guamá";"Colares";"Total";"2019";78
"Social";"Educação";"Número de Matrículas em Creches por Dependência Administrativa";"Guamá";"Colares";"Total";"2020";170
"Social";"Educação";"Número de Matrículas em Creches por Dependência Administrativa";"Guamá";"Colares";"Total";"2021";163
"Social";"Educação";"Número de Matrículas em Creches por Dependência Administrativa";"Guamá";"Colares";"Total";"2022";170
"Social";"Educação";"Número de Matrículas em Creches por Dependência Administrativa";"Guamá";"Colares";"Total";"2023";127
"Social";"Educação";"Número de Matrículas em Creches por Dependência Administrativa";"Guamá";"Colares";"Total";"2024";159
"Social";"Educação";"Número de Matrículas em Creches por Dependência Administrativa";"Araguaia";"Conceição do Araguaia";"Total";"2019";506
"Social";"Educação";"Número de Matrículas em Creches por Dependência Administrativa";"Araguaia";"Conceição do Araguaia";"Total";"2020";471
"Social";"Educação";"Número de Matrículas em Creches por Dependência Administrativa";"Araguaia";"Conceição do Araguaia";"Total";"2021";472
"Social";"Educação";"Número de Matrículas em Creches por Dependência Administrativa";"Araguaia";"Conceição do Araguaia";"Total";"2022";587
"Social";"Educação";"Número de Matrículas em Creches por Dependência Administrativa";"Araguaia";"Conceição do Araguaia";"Total";"2023";548
"Social";"Educação";"Número de Matrículas em Creches por Dependência Administrativa";"Araguaia";"Conceição do Araguaia";"Total";"2024";540
"Social";"Educação";"Número de Matrículas em Creches por Dependência Administrativa";"Rio Capim";"Concórdia do Pará";"Total";"2019";1093
"Social";"Educação";"Número de Matrículas em Creches por Dependência Administrativa";"Rio Capim";"Concórdia do Pará";"Total";"2020";1111
"Social";"Educação";"Número de Matrículas em Creches por Dependência Administrativa";"Rio Capim";"Concórdia do Pará";"Total";"2021";1198
"Social";"Educação";"Número de Matrículas em Creches por Dependência Administrativa";"Rio Capim";"Concórdia do Pará";"Total";"2022";1124
"Social";"Educação";"Número de Matrículas em Creches por Dependência Administrativa";"Rio Capim";"Concórdia do Pará";"Total";"2023";1236
"Social";"Educação";"Número de Matrículas em Creches por Dependência Administrativa";"Rio Capim";"Concórdia do Pará";"Total";"2024";1234
"Social";"Educação";"Número de Matrículas em Creches por Dependência Administrativa";"Araguaia";"Cumaru do Norte";"Total";"2019";183
"Social";"Educação";"Número de Matrículas em Creches por Dependência Administrativa";"Araguaia";"Cumaru do Norte";"Total";"2020";195
"Social";"Educação";"Número de Matrículas em Creches por Dependência Administrativa";"Araguaia";"Cumaru do Norte";"Total";"2021";221
"Social";"Educação";"Número de Matrículas em Creches por Dependência Administrativa";"Araguaia";"Cumaru do Norte";"Total";"2022";251
"Social";"Educação";"Número de Matrículas em Creches por Dependência Administrativa";"Araguaia";"Cumaru do Norte";"Total";"2023";344
"Social";"Educação";"Número de Matrículas em Creches por Dependência Administrativa";"Araguaia";"Cumaru do Norte";"Total";"2024";409
"Social";"Educação";"Número de Matrículas em Creches por Dependência Administrativa";"Carajás";"Curionópolis";"Total";"2019";258
"Social";"Educação";"Número de Matrículas em Creches por Dependência Administrativa";"Carajás";"Curionópolis";"Total";"2020";249
"Social";"Educação";"Número de Matrículas em Creches por Dependência Administrativa";"Carajás";"Curionópolis";"Total";"2021";249
"Social";"Educação";"Número de Matrículas em Creches por Dependência Administrativa";"Carajás";"Curionópolis";"Total";"2022";585
"Social";"Educação";"Número de Matrículas em Creches por Dependência Administrativa";"Carajás";"Curionópolis";"Total";"2023";817
"Social";"Educação";"Número de Matrículas em Creches por Dependência Administrativa";"Carajás";"Curionópolis";"Total";"2024";735
"Social";"Educação";"Número de Matrículas em Creches por Dependência Administrativa";"Marajó";"Curralinho";"Total";"2019";238
"Social";"Educação";"Número de Matrículas em Creches por Dependência Administrativa";"Marajó";"Curralinho";"Total";"2020";226
"Social";"Educação";"Número de Matrículas em Creches por Dependência Administrativa";"Marajó";"Curralinho";"Total";"2021";254
"Social";"Educação";"Número de Matrículas em Creches por Dependência Administrativa";"Marajó";"Curralinho";"Total";"2022";288
"Social";"Educação";"Número de Matrículas em Creches por Dependência Administrativa";"Marajó";"Curralinho";"Total";"2023";397
"Social";"Educação";"Número de Matrículas em Creches por Dependência Administrativa";"Marajó";"Curralinho";"Total";"2024";415
"Social";"Educação";"Número de Matrículas em Creches por Dependência Administrativa";"Baixo Amazonas";"Curuá";"Total";"2019";266
"Social";"Educação";"Número de Matrículas em Creches por Dependência Administrativa";"Baixo Amazonas";"Curuá";"Total";"2020";247
"Social";"Educação";"Número de Matrículas em Creches por Dependência Administrativa";"Baixo Amazonas";"Curuá";"Total";"2021";233
"Social";"Educação";"Número de Matrículas em Creches por Dependência Administrativa";"Baixo Amazonas";"Curuá";"Total";"2022";243
"Social";"Educação";"Número de Matrículas em Creches por Dependência Administrativa";"Baixo Amazonas";"Curuá";"Total";"2023";222
"Social";"Educação";"Número de Matrículas em Creches por Dependência Administrativa";"Baixo Amazonas";"Curuá";"Total";"2024";212
"Social";"Educação";"Número de Matrículas em Creches por Dependência Administrativa";"Guamá";"Curuçá";"Total";"2019";217
"Social";"Educação";"Número de Matrículas em Creches por Dependência Administrativa";"Guamá";"Curuçá";"Total";"2020";352
"Social";"Educação";"Número de Matrículas em Creches por Dependência Administrativa";"Guamá";"Curuçá";"Total";"2021";623
"Social";"Educação";"Número de Matrículas em Creches por Dependência Administrativa";"Guamá";"Curuçá";"Total";"2022";796
"Social";"Educação";"Número de Matrículas em Creches por Dependência Administrativa";"Guamá";"Curuçá";"Total";"2023";844
"Social";"Educação";"Número de Matrículas em Creches por Dependência Administrativa";"Guamá";"Curuçá";"Total";"2024";764
"Social";"Educação";"Número de Matrículas em Creches por Dependência Administrativa";"Rio Capim";"Dom Eliseu";"Total";"2019";875
"Social";"Educação";"Número de Matrículas em Creches por Dependência Administrativa";"Rio Capim";"Dom Eliseu";"Total";"2020";932
"Social";"Educação";"Número de Matrículas em Creches por Dependência Administrativa";"Rio Capim";"Dom Eliseu";"Total";"2021";1029
"Social";"Educação";"Número de Matrículas em Creches por Dependência Administrativa";"Rio Capim";"Dom Eliseu";"Total";"2022";1013
"Social";"Educação";"Número de Matrículas em Creches por Dependência Administrativa";"Rio Capim";"Dom Eliseu";"Total";"2023";963
"Social";"Educação";"Número de Matrículas em Creches por Dependência Administrativa";"Rio Capim";"Dom Eliseu";"Total";"2024";992
"Social";"Educação";"Número de Matrículas em Creches por Dependência Administrativa";"Carajás";"Eldorado do Carajás";"Total";"2019";127
"Social";"Educação";"Número de Matrículas em Creches por Dependência Administrativa";"Carajás";"Eldorado do Carajás";"Total";"2020";178
"Social";"Educação";"Número de Matrículas em Creches por Dependência Administrativa";"Carajás";"Eldorado do Carajás";"Total";"2021";221
"Social";"Educação";"Número de Matrículas em Creches por Dependência Administrativa";"Carajás";"Eldorado do Carajás";"Total";"2022";246
"Social";"Educação";"Número de Matrículas em Creches por Dependência Administrativa";"Carajás";"Eldorado do Carajás";"Total";"2023";473
"Social";"Educação";"Número de Matrículas em Creches por Dependência Administrativa";"Carajás";"Eldorado do Carajás";"Total";"2024";489
"Social";"Educação";"Número de Matrículas em Creches por Dependência Administrativa";"Baixo Amazonas";"Faro";"Total";"2019";254
"Social";"Educação";"Número de Matrículas em Creches por Dependência Administrativa";"Baixo Amazonas";"Faro";"Total";"2020";213
"Social";"Educação";"Número de Matrículas em Creches por Dependência Administrativa";"Baixo Amazonas";"Faro";"Total";"2021";298
"Social";"Educação";"Número de Matrículas em Creches por Dependência Administrativa";"Baixo Amazonas";"Faro";"Total";"2022";379
"Social";"Educação";"Número de Matrículas em Creches por Dependência Administrativa";"Baixo Amazonas";"Faro";"Total";"2023";401
"Social";"Educação";"Número de Matrículas em Creches por Dependência Administrativa";"Baixo Amazonas";"Faro";"Total";"2024";323
"Social";"Educação";"Número de Matrículas em Creches por Dependência Administrativa";"Araguaia";"Floresta do Araguaia";"Total";"2019";310
"Social";"Educação";"Número de Matrículas em Creches por Dependência Administrativa";"Araguaia";"Floresta do Araguaia";"Total";"2020";292
"Social";"Educação";"Número de Matrículas em Creches por Dependência Administrativa";"Araguaia";"Floresta do Araguaia";"Total";"2021";305
"Social";"Educação";"Número de Matrículas em Creches por Dependência Administrativa";"Araguaia";"Floresta do Araguaia";"Total";"2022";300
"Social";"Educação";"Número de Matrículas em Creches por Dependência Administrativa";"Araguaia";"Floresta do Araguaia";"Total";"2023";297
"Social";"Educação";"Número de Matrículas em Creches por Dependência Administrativa";"Araguaia";"Floresta do Araguaia";"Total";"2024";307
"Social";"Educação";"Número de Matrículas em Creches por Dependência Administrativa";"Rio Capim";"Garrafão do Norte";"Total";"2019";329
"Social";"Educação";"Número de Matrículas em Creches por Dependência Administrativa";"Rio Capim";"Garrafão do Norte";"Total";"2020";370
"Social";"Educação";"Número de Matrículas em Creches por Dependência Administrativa";"Rio Capim";"Garrafão do Norte";"Total";"2021";356
"Social";"Educação";"Número de Matrículas em Creches por Dependência Administrativa";"Rio Capim";"Garrafão do Norte";"Total";"2022";373
"Social";"Educação";"Número de Matrículas em Creches por Dependência Administrativa";"Rio Capim";"Garrafão do Norte";"Total";"2023";425
"Social";"Educação";"Número de Matrículas em Creches por Dependência Administrativa";"Rio Capim";"Garrafão do Norte";"Total";"2024";401
"Social";"Educação";"Número de Matrículas em Creches por Dependência Administrativa";"Lago de Tucuruí";"Goianésia do Pará";"Total";"2019";368
"Social";"Educação";"Número de Matrículas em Creches por Dependência Administrativa";"Lago de Tucuruí";"Goianésia do Pará";"Total";"2020";288
"Social";"Educação";"Número de Matrículas em Creches por Dependência Administrativa";"Lago de Tucuruí";"Goianésia do Pará";"Total";"2021";317
"Social";"Educação";"Número de Matrículas em Creches por Dependência Administrativa";"Lago de Tucuruí";"Goianésia do Pará";"Total";"2022";491
"Social";"Educação";"Número de Matrículas em Creches por Dependência Administrativa";"Lago de Tucuruí";"Goianésia do Pará";"Total";"2023";551
"Social";"Educação";"Número de Matrículas em Creches por Dependência Administrativa";"Lago de Tucuruí";"Goianésia do Pará";"Total";"2024";587
"Social";"Educação";"Número de Matrículas em Creches por Dependência Administrativa";"Marajó";"Gurupá";"Total";"2019";265
"Social";"Educação";"Número de Matrículas em Creches por Dependência Administrativa";"Marajó";"Gurupá";"Total";"2020";268
"Social";"Educação";"Número de Matrículas em Creches por Dependência Administrativa";"Marajó";"Gurupá";"Total";"2021";245
"Social";"Educação";"Número de Matrículas em Creches por Dependência Administrativa";"Marajó";"Gurupá";"Total";"2022";267
"Social";"Educação";"Número de Matrículas em Creches por Dependência Administrativa";"Marajó";"Gurupá";"Total";"2023";566
"Social";"Educação";"Número de Matrículas em Creches por Dependência Administrativa";"Marajó";"Gurupá";"Total";"2024";502
"Social";"Educação";"Número de Matrículas em Creches por Dependência Administrativa";"Guamá";"Igarapé-Açu";"Total";"2019";479
"Social";"Educação";"Número de Matrículas em Creches por Dependência Administrativa";"Guamá";"Igarapé-Açu";"Total";"2020";434
"Social";"Educação";"Número de Matrículas em Creches por Dependência Administrativa";"Guamá";"Igarapé-Açu";"Total";"2021";357
"Social";"Educação";"Número de Matrículas em Creches por Dependência Administrativa";"Guamá";"Igarapé-Açu";"Total";"2022";424
"Social";"Educação";"Número de Matrículas em Creches por Dependência Administrativa";"Guamá";"Igarapé-Açu";"Total";"2023";437
"Social";"Educação";"Número de Matrículas em Creches por Dependência Administrativa";"Guamá";"Igarapé-Açu";"Total";"2024";426
"Social";"Educação";"Número de Matrículas em Creches por Dependência Administrativa";"Tocantins";"Igarapé-Miri";"Total";"2019";664
"Social";"Educação";"Número de Matrículas em Creches por Dependência Administrativa";"Tocantins";"Igarapé-Miri";"Total";"2020";685
"Social";"Educação";"Número de Matrículas em Creches por Dependência Administrativa";"Tocantins";"Igarapé-Miri";"Total";"2021";601
"Social";"Educação";"Número de Matrículas em Creches por Dependência Administrativa";"Tocantins";"Igarapé-Miri";"Total";"2022";700
"Social";"Educação";"Número de Matrículas em Creches por Dependência Administrativa";"Tocantins";"Igarapé-Miri";"Total";"2023";764
"Social";"Educação";"Número de Matrículas em Creches por Dependência Administrativa";"Tocantins";"Igarapé-Miri";"Total";"2024";771
"Social";"Educação";"Número de Matrículas em Creches por Dependência Administrativa";"Guamá";"Inhangapi";"Total";"2019";0
"Social";"Educação";"Número de Matrículas em Creches por Dependência Administrativa";"Guamá";"Inhangapi";"Total";"2020";0
"Social";"Educação";"Número de Matrículas em Creches por Dependência Administrativa";"Guamá";"Inhangapi";"Total";"2021";0
"Social";"Educação";"Número de Matrículas em Creches por Dependência Administrativa";"Guamá";"Inhangapi";"Total";"2022";0
"Social";"Educação";"Número de Matrículas em Creches por Dependência Administrativa";"Guamá";"Inhangapi";"Total";"2023";0
"Social";"Educação";"Número de Matrículas em Creches por Dependência Administrativa";"Guamá";"Inhangapi";"Total";"2024";0
"Social";"Educação";"Número de Matrículas em Creches por Dependência Administrativa";"Rio Capim";"Ipixuna do Pará";"Total";"2019";864
"Social";"Educação";"Número de Matrículas em Creches por Dependência Administrativa";"Rio Capim";"Ipixuna do Pará";"Total";"2020";868
"Social";"Educação";"Número de Matrículas em Creches por Dependência Administrativa";"Rio Capim";"Ipixuna do Pará";"Total";"2021";939
"Social";"Educação";"Número de Matrículas em Creches por Dependência Administrativa";"Rio Capim";"Ipixuna do Pará";"Total";"2022";1121
"Social";"Educação";"Número de Matrículas em Creches por Dependência Administrativa";"Rio Capim";"Ipixuna do Pará";"Total";"2023";976
"Social";"Educação";"Número de Matrículas em Creches por Dependência Administrativa";"Rio Capim";"Ipixuna do Pará";"Total";"2024";967
"Social";"Educação";"Número de Matrículas em Creches por Dependência Administrativa";"Rio Capim";"Irituia";"Total";"2019";3
"Social";"Educação";"Número de Matrículas em Creches por Dependência Administrativa";"Rio Capim";"Irituia";"Total";"2020";0
"Social";"Educação";"Número de Matrículas em Creches por Dependência Administrativa";"Rio Capim";"Irituia";"Total";"2021";0
"Social";"Educação";"Número de Matrículas em Creches por Dependência Administrativa";"Rio Capim";"Irituia";"Total";"2022";134
"Social";"Educação";"Número de Matrículas em Creches por Dependência Administrativa";"Rio Capim";"Irituia";"Total";"2023";376
"Social";"Educação";"Número de Matrículas em Creches por Dependência Administrativa";"Rio Capim";"Irituia";"Total";"2024";370
"Social";"Educação";"Número de Matrículas em Creches por Dependência Administrativa";"Tapajós";"Itaituba";"Total";"2019";1841
"Social";"Educação";"Número de Matrículas em Creches por Dependência Administrativa";"Tapajós";"Itaituba";"Total";"2020";1762
"Social";"Educação";"Número de Matrículas em Creches por Dependência Administrativa";"Tapajós";"Itaituba";"Total";"2021";1951
"Social";"Educação";"Número de Matrículas em Creches por Dependência Administrativa";"Tapajós";"Itaituba";"Total";"2022";2243
"Social";"Educação";"Número de Matrículas em Creches por Dependência Administrativa";"Tapajós";"Itaituba";"Total";"2023";2386
"Social";"Educação";"Número de Matrículas em Creches por Dependência Administrativa";"Tapajós";"Itaituba";"Total";"2024";2474
"Social";"Educação";"Número de Matrículas em Creches por Dependência Administrativa";"Lago de Tucuruí";"Itupiranga";"Total";"2019";15
"Social";"Educação";"Número de Matrículas em Creches por Dependência Administrativa";"Lago de Tucuruí";"Itupiranga";"Total";"2020";17
"Social";"Educação";"Número de Matrículas em Creches por Dependência Administrativa";"Lago de Tucuruí";"Itupiranga";"Total";"2021";14
"Social";"Educação";"Número de Matrículas em Creches por Dependência Administrativa";"Lago de Tucuruí";"Itupiranga";"Total";"2022";20
"Social";"Educação";"Número de Matrículas em Creches por Dependência Administrativa";"Lago de Tucuruí";"Itupiranga";"Total";"2023";567
"Social";"Educação";"Número de Matrículas em Creches por Dependência Administrativa";"Lago de Tucuruí";"Itupiranga";"Total";"2024";633
"Social";"Educação";"Número de Matrículas em Creches por Dependência Administrativa";"Tapajós";"Jacareacanga";"Total";"2019";248
"Social";"Educação";"Número de Matrículas em Creches por Dependência Administrativa";"Tapajós";"Jacareacanga";"Total";"2020";245
"Social";"Educação";"Número de Matrículas em Creches por Dependência Administrativa";"Tapajós";"Jacareacanga";"Total";"2021";179
"Social";"Educação";"Número de Matrículas em Creches por Dependência Administrativa";"Tapajós";"Jacareacanga";"Total";"2022";258
"Social";"Educação";"Número de Matrículas em Creches por Dependência Administrativa";"Tapajós";"Jacareacanga";"Total";"2023";352
"Social";"Educação";"Número de Matrículas em Creches por Dependência Administrativa";"Tapajós";"Jacareacanga";"Total";"2024";386
"Social";"Educação";"Número de Matrículas em Creches por Dependência Administrativa";"Lago de Tucuruí";"Jacundá";"Total";"2019";704
"Social";"Educação";"Número de Matrículas em Creches por Dependência Administrativa";"Lago de Tucuruí";"Jacundá";"Total";"2020";844
"Social";"Educação";"Número de Matrículas em Creches por Dependência Administrativa";"Lago de Tucuruí";"Jacundá";"Total";"2021";875
"Social";"Educação";"Número de Matrículas em Creches por Dependência Administrativa";"Lago de Tucuruí";"Jacundá";"Total";"2022";984
"Social";"Educação";"Número de Matrículas em Creches por Dependência Administrativa";"Lago de Tucuruí";"Jacundá";"Total";"2023";993
"Social";"Educação";"Número de Matrículas em Creches por Dependência Administrativa";"Lago de Tucuruí";"Jacundá";"Total";"2024";908
"Social";"Educação";"Número de Matrículas em Creches por Dependência Administrativa";"Baixo Amazonas";"Juruti";"Total";"2019";668
"Social";"Educação";"Número de Matrículas em Creches por Dependência Administrativa";"Baixo Amazonas";"Juruti";"Total";"2020";545
"Social";"Educação";"Número de Matrículas em Creches por Dependência Administrativa";"Baixo Amazonas";"Juruti";"Total";"2021";594
"Social";"Educação";"Número de Matrículas em Creches por Dependência Administrativa";"Baixo Amazonas";"Juruti";"Total";"2022";652
"Social";"Educação";"Número de Matrículas em Creches por Dependência Administrativa";"Baixo Amazonas";"Juruti";"Total";"2023";567
"Social";"Educação";"Número de Matrículas em Creches por Dependência Administrativa";"Baixo Amazonas";"Juruti";"Total";"2024";608
"Social";"Educação";"Número de Matrículas em Creches por Dependência Administrativa";"Tocantins";"Limoeiro do Ajuru";"Total";"2019";183
"Social";"Educação";"Número de Matrículas em Creches por Dependência Administrativa";"Tocantins";"Limoeiro do Ajuru";"Total";"2020";177
"Social";"Educação";"Número de Matrículas em Creches por Dependência Administrativa";"Tocantins";"Limoeiro do Ajuru";"Total";"2021";371
"Social";"Educação";"Número de Matrículas em Creches por Dependência Administrativa";"Tocantins";"Limoeiro do Ajuru";"Total";"2022";590
"Social";"Educação";"Número de Matrículas em Creches por Dependência Administrativa";"Tocantins";"Limoeiro do Ajuru";"Total";"2023";508
"Social";"Educação";"Número de Matrículas em Creches por Dependência Administrativa";"Tocantins";"Limoeiro do Ajuru";"Total";"2024";520
"Social";"Educação";"Número de Matrículas em Creches por Dependência Administrativa";"Rio Capim";"Mãe do Rio";"Total";"2019";392
"Social";"Educação";"Número de Matrículas em Creches por Dependência Administrativa";"Rio Capim";"Mãe do Rio";"Total";"2020";373
"Social";"Educação";"Número de Matrículas em Creches por Dependência Administrativa";"Rio Capim";"Mãe do Rio";"Total";"2021";356
"Social";"Educação";"Número de Matrículas em Creches por Dependência Administrativa";"Rio Capim";"Mãe do Rio";"Total";"2022";515
"Social";"Educação";"Número de Matrículas em Creches por Dependência Administrativa";"Rio Capim";"Mãe do Rio";"Total";"2023";581
"Social";"Educação";"Número de Matrículas em Creches por Dependência Administrativa";"Rio Capim";"Mãe do Rio";"Total";"2024";547
"Social";"Educação";"Número de Matrículas em Creches por Dependência Administrativa";"Guamá";"Magalhães Barata";"Total";"2019";212
"Social";"Educação";"Número de Matrículas em Creches por Dependência Administrativa";"Guamá";"Magalhães Barata";"Total";"2020";157
"Social";"Educação";"Número de Matrículas em Creches por Dependência Administrativa";"Guamá";"Magalhães Barata";"Total";"2021";202
"Social";"Educação";"Número de Matrículas em Creches por Dependência Administrativa";"Guamá";"Magalhães Barata";"Total";"2022";282
"Social";"Educação";"Número de Matrículas em Creches por Dependência Administrativa";"Guamá";"Magalhães Barata";"Total";"2023";243
"Social";"Educação";"Número de Matrículas em Creches por Dependência Administrativa";"Guamá";"Magalhães Barata";"Total";"2024";197
"Social";"Educação";"Número de Matrículas em Creches por Dependência Administrativa";"Carajás";"Marabá";"Total";"2019";2564
"Social";"Educação";"Número de Matrículas em Creches por Dependência Administrativa";"Carajás";"Marabá";"Total";"2020";2377
"Social";"Educação";"Número de Matrículas em Creches por Dependência Administrativa";"Carajás";"Marabá";"Total";"2021";2241
"Social";"Educação";"Número de Matrículas em Creches por Dependência Administrativa";"Carajás";"Marabá";"Total";"2022";3183
"Social";"Educação";"Número de Matrículas em Creches por Dependência Administrativa";"Carajás";"Marabá";"Total";"2023";3465
"Social";"Educação";"Número de Matrículas em Creches por Dependência Administrativa";"Carajás";"Marabá";"Total";"2024";3373
"Social";"Educação";"Número de Matrículas em Creches por Dependência Administrativa";"Guamá";"Maracanã";"Total";"2019";388
"Social";"Educação";"Número de Matrículas em Creches por Dependência Administrativa";"Guamá";"Maracanã";"Total";"2020";288
"Social";"Educação";"Número de Matrículas em Creches por Dependência Administrativa";"Guamá";"Maracanã";"Total";"2021";275
"Social";"Educação";"Número de Matrículas em Creches por Dependência Administrativa";"Guamá";"Maracanã";"Total";"2022";430
"Social";"Educação";"Número de Matrículas em Creches por Dependência Administrativa";"Guamá";"Maracanã";"Total";"2023";492
"Social";"Educação";"Número de Matrículas em Creches por Dependência Administrativa";"Guamá";"Maracanã";"Total";"2024";513
"Social";"Educação";"Número de Matrículas em Creches por Dependência Administrativa";"Guamá";"Marapanim";"Total";"2019";206
"Social";"Educação";"Número de Matrículas em Creches por Dependência Administrativa";"Guamá";"Marapanim";"Total";"2020";235
"Social";"Educação";"Número de Matrículas em Creches por Dependência Administrativa";"Guamá";"Marapanim";"Total";"2021";242
"Social";"Educação";"Número de Matrículas em Creches por Dependência Administrativa";"Guamá";"Marapanim";"Total";"2022";269
"Social";"Educação";"Número de Matrículas em Creches por Dependência Administrativa";"Guamá";"Marapanim";"Total";"2023";296
"Social";"Educação";"Número de Matrículas em Creches por Dependência Administrativa";"Guamá";"Marapanim";"Total";"2024";278
"Social";"Educação";"Número de Matrículas em Creches por Dependência Administrativa";"Guajará";"Marituba";"Total";"2019";2241
"Social";"Educação";"Número de Matrículas em Creches por Dependência Administrativa";"Guajará";"Marituba";"Total";"2020";2199
"Social";"Educação";"Número de Matrículas em Creches por Dependência Administrativa";"Guajará";"Marituba";"Total";"2021";1919
"Social";"Educação";"Número de Matrículas em Creches por Dependência Administrativa";"Guajará";"Marituba";"Total";"2022";2170
"Social";"Educação";"Número de Matrículas em Creches por Dependência Administrativa";"Guajará";"Marituba";"Total";"2023";2194
"Social";"Educação";"Número de Matrículas em Creches por Dependência Administrativa";"Guajará";"Marituba";"Total";"2024";2266
"Social";"Educação";"Número de Matrículas em Creches por Dependência Administrativa";"Xingu";"Medicilândia";"Total";"2019";128
"Social";"Educação";"Número de Matrículas em Creches por Dependência Administrativa";"Xingu";"Medicilândia";"Total";"2020";206
"Social";"Educação";"Número de Matrículas em Creches por Dependência Administrativa";"Xingu";"Medicilândia";"Total";"2021";260
"Social";"Educação";"Número de Matrículas em Creches por Dependência Administrativa";"Xingu";"Medicilândia";"Total";"2022";260
"Social";"Educação";"Número de Matrículas em Creches por Dependência Administrativa";"Xingu";"Medicilândia";"Total";"2023";254
"Social";"Educação";"Número de Matrículas em Creches por Dependência Administrativa";"Xingu";"Medicilândia";"Total";"2024";215
"Social";"Educação";"Número de Matrículas em Creches por Dependência Administrativa";"Marajó";"Melgaço";"Total";"2019";345
"Social";"Educação";"Número de Matrículas em Creches por Dependência Administrativa";"Marajó";"Melgaço";"Total";"2020";333
"Social";"Educação";"Número de Matrículas em Creches por Dependência Administrativa";"Marajó";"Melgaço";"Total";"2021";350
"Social";"Educação";"Número de Matrículas em Creches por Dependência Administrativa";"Marajó";"Melgaço";"Total";"2022";371
"Social";"Educação";"Número de Matrículas em Creches por Dependência Administrativa";"Marajó";"Melgaço";"Total";"2023";459
"Social";"Educação";"Número de Matrículas em Creches por Dependência Administrativa";"Marajó";"Melgaço";"Total";"2024";445
"Social";"Educação";"Número de Matrículas em Creches por Dependência Administrativa";"Tocantins";"Mocajuba";"Total";"2019";595
"Social";"Educação";"Número de Matrículas em Creches por Dependência Administrativa";"Tocantins";"Mocajuba";"Total";"2020";574
"Social";"Educação";"Número de Matrículas em Creches por Dependência Administrativa";"Tocantins";"Mocajuba";"Total";"2021";678
"Social";"Educação";"Número de Matrículas em Creches por Dependência Administrativa";"Tocantins";"Mocajuba";"Total";"2022";621
"Social";"Educação";"Número de Matrículas em Creches por Dependência Administrativa";"Tocantins";"Mocajuba";"Total";"2023";741
"Social";"Educação";"Número de Matrículas em Creches por Dependência Administrativa";"Tocantins";"Mocajuba";"Total";"2024";724
"Social";"Educação";"Número de Matrículas em Creches por Dependência Administrativa";"Tocantins";"Moju";"Total";"2019";819
"Social";"Educação";"Número de Matrículas em Creches por Dependência Administrativa";"Tocantins";"Moju";"Total";"2020";839
"Social";"Educação";"Número de Matrículas em Creches por Dependência Administrativa";"Tocantins";"Moju";"Total";"2021";691
"Social";"Educação";"Número de Matrículas em Creches por Dependência Administrativa";"Tocantins";"Moju";"Total";"2022";951
"Social";"Educação";"Número de Matrículas em Creches por Dependência Administrativa";"Tocantins";"Moju";"Total";"2023";1118
"Social";"Educação";"Número de Matrículas em Creches por Dependência Administrativa";"Tocantins";"Moju";"Total";"2024";1320
"Social";"Educação";"Número de Matrículas em Creches por Dependência Administrativa";"Baixo Amazonas";"Mojuí dos campos";"Total";"2019";0
"Social";"Educação";"Número de Matrículas em Creches por Dependência Administrativa";"Baixo Amazonas";"Mojuí dos campos";"Total";"2020";0
"Social";"Educação";"Número de Matrículas em Creches por Dependência Administrativa";"Baixo Amazonas";"Mojuí dos campos";"Total";"2021";0
"Social";"Educação";"Número de Matrículas em Creches por Dependência Administrativa";"Baixo Amazonas";"Mojuí dos campos";"Total";"2022";0
"Social";"Educação";"Número de Matrículas em Creches por Dependência Administrativa";"Baixo Amazonas";"Mojuí dos campos";"Total";"2023";0
"Social";"Educação";"Número de Matrículas em Creches por Dependência Administrativa";"Baixo Amazonas";"Mojuí dos campos";"Total";"2024";15
"Social";"Educação";"Número de Matrículas em Creches por Dependência Administrativa";"Baixo Amazonas";"Monte Alegre";"Total";"2019";947
"Social";"Educação";"Número de Matrículas em Creches por Dependência Administrativa";"Baixo Amazonas";"Monte Alegre";"Total";"2020";819
"Social";"Educação";"Número de Matrículas em Creches por Dependência Administrativa";"Baixo Amazonas";"Monte Alegre";"Total";"2021";670
"Social";"Educação";"Número de Matrículas em Creches por Dependência Administrativa";"Baixo Amazonas";"Monte Alegre";"Total";"2022";752
"Social";"Educação";"Número de Matrículas em Creches por Dependência Administrativa";"Baixo Amazonas";"Monte Alegre";"Total";"2023";913
"Social";"Educação";"Número de Matrículas em Creches por Dependência Administrativa";"Baixo Amazonas";"Monte Alegre";"Total";"2024";936
"Social";"Educação";"Número de Matrículas em Creches por Dependência Administrativa";"Marajó";"Muaná";"Total";"2019";0
"Social";"Educação";"Número de Matrículas em Creches por Dependência Administrativa";"Marajó";"Muaná";"Total";"2020";0
"Social";"Educação";"Número de Matrículas em Creches por Dependência Administrativa";"Marajó";"Muaná";"Total";"2021";0
"Social";"Educação";"Número de Matrículas em Creches por Dependência Administrativa";"Marajó";"Muaná";"Total";"2022";66
"Social";"Educação";"Número de Matrículas em Creches por Dependência Administrativa";"Marajó";"Muaná";"Total";"2023";85
"Social";"Educação";"Número de Matrículas em Creches por Dependência Administrativa";"Marajó";"Muaná";"Total";"2024";47
"Social";"Educação";"Número de Matrículas em Creches por Dependência Administrativa";"Rio Capim";"Nova Esperança do Piriá";"Total";"2019";177
"Social";"Educação";"Número de Matrículas em Creches por Dependência Administrativa";"Rio Capim";"Nova Esperança do Piriá";"Total";"2020";196
"Social";"Educação";"Número de Matrículas em Creches por Dependência Administrativa";"Rio Capim";"Nova Esperança do Piriá";"Total";"2021";260
"Social";"Educação";"Número de Matrículas em Creches por Dependência Administrativa";"Rio Capim";"Nova Esperança do Piriá";"Total";"2022";294
"Social";"Educação";"Número de Matrículas em Creches por Dependência Administrativa";"Rio Capim";"Nova Esperança do Piriá";"Total";"2023";360
"Social";"Educação";"Número de Matrículas em Creches por Dependência Administrativa";"Rio Capim";"Nova Esperança do Piriá";"Total";"2024";331
"Social";"Educação";"Número de Matrículas em Creches por Dependência Administrativa";"Lago de Tucuruí";"Nova Ipixuna";"Total";"2019";161
"Social";"Educação";"Número de Matrículas em Creches por Dependência Administrativa";"Lago de Tucuruí";"Nova Ipixuna";"Total";"2020";149
"Social";"Educação";"Número de Matrículas em Creches por Dependência Administrativa";"Lago de Tucuruí";"Nova Ipixuna";"Total";"2021";153
"Social";"Educação";"Número de Matrículas em Creches por Dependência Administrativa";"Lago de Tucuruí";"Nova Ipixuna";"Total";"2022";209
"Social";"Educação";"Número de Matrículas em Creches por Dependência Administrativa";"Lago de Tucuruí";"Nova Ipixuna";"Total";"2023";225
"Social";"Educação";"Número de Matrículas em Creches por Dependência Administrativa";"Lago de Tucuruí";"Nova Ipixuna";"Total";"2024";205
"Social";"Educação";"Número de Matrículas em Creches por Dependência Administrativa";"Rio Caeté";"Nova Timboteua";"Total";"2019";182
"Social";"Educação";"Número de Matrículas em Creches por Dependência Administrativa";"Rio Caeté";"Nova Timboteua";"Total";"2020";168
"Social";"Educação";"Número de Matrículas em Creches por Dependência Administrativa";"Rio Caeté";"Nova Timboteua";"Total";"2021";180
"Social";"Educação";"Número de Matrículas em Creches por Dependência Administrativa";"Rio Caeté";"Nova Timboteua";"Total";"2022";159
"Social";"Educação";"Número de Matrículas em Creches por Dependência Administrativa";"Rio Caeté";"Nova Timboteua";"Total";"2023";153
"Social";"Educação";"Número de Matrículas em Creches por Dependência Administrativa";"Rio Caeté";"Nova Timboteua";"Total";"2024";158
"Social";"Educação";"Número de Matrículas em Creches por Dependência Administrativa";"Tapajós";"Novo Progresso";"Total";"2019";863
"Social";"Educação";"Número de Matrículas em Creches por Dependência Administrativa";"Tapajós";"Novo Progresso";"Total";"2020";780
"Social";"Educação";"Número de Matrículas em Creches por Dependência Administrativa";"Tapajós";"Novo Progresso";"Total";"2021";795
"Social";"Educação";"Número de Matrículas em Creches por Dependência Administrativa";"Tapajós";"Novo Progresso";"Total";"2022";877
"Social";"Educação";"Número de Matrículas em Creches por Dependência Administrativa";"Tapajós";"Novo Progresso";"Total";"2023";984
"Social";"Educação";"Número de Matrículas em Creches por Dependência Administrativa";"Tapajós";"Novo Progresso";"Total";"2024";1149
"Social";"Educação";"Número de Matrículas em Creches por Dependência Administrativa";"Lago de Tucuruí";"Novo Repartimento";"Total";"2019";550
"Social";"Educação";"Número de Matrículas em Creches por Dependência Administrativa";"Lago de Tucuruí";"Novo Repartimento";"Total";"2020";532
"Social";"Educação";"Número de Matrículas em Creches por Dependência Administrativa";"Lago de Tucuruí";"Novo Repartimento";"Total";"2021";657
"Social";"Educação";"Número de Matrículas em Creches por Dependência Administrativa";"Lago de Tucuruí";"Novo Repartimento";"Total";"2022";698
"Social";"Educação";"Número de Matrículas em Creches por Dependência Administrativa";"Lago de Tucuruí";"Novo Repartimento";"Total";"2023";736
"Social";"Educação";"Número de Matrículas em Creches por Dependência Administrativa";"Lago de Tucuruí";"Novo Repartimento";"Total";"2024";740
"Social";"Educação";"Número de Matrículas em Creches por Dependência Administrativa";"Baixo Amazonas";"Óbidos";"Total";"2019";132
"Social";"Educação";"Número de Matrículas em Creches por Dependência Administrativa";"Baixo Amazonas";"Óbidos";"Total";"2020";316
"Social";"Educação";"Número de Matrículas em Creches por Dependência Administrativa";"Baixo Amazonas";"Óbidos";"Total";"2021";330
"Social";"Educação";"Número de Matrículas em Creches por Dependência Administrativa";"Baixo Amazonas";"Óbidos";"Total";"2022";354
"Social";"Educação";"Número de Matrículas em Creches por Dependência Administrativa";"Baixo Amazonas";"Óbidos";"Total";"2023";433
"Social";"Educação";"Número de Matrículas em Creches por Dependência Administrativa";"Baixo Amazonas";"Óbidos";"Total";"2024";524
"Social";"Educação";"Número de Matrículas em Creches por Dependência Administrativa";"Marajó";"Oeiras do Pará";"Total";"2019";369
"Social";"Educação";"Número de Matrículas em Creches por Dependência Administrativa";"Marajó";"Oeiras do Pará";"Total";"2020";384
"Social";"Educação";"Número de Matrículas em Creches por Dependência Administrativa";"Marajó";"Oeiras do Pará";"Total";"2021";499
"Social";"Educação";"Número de Matrículas em Creches por Dependência Administrativa";"Marajó";"Oeiras do Pará";"Total";"2022";492
"Social";"Educação";"Número de Matrículas em Creches por Dependência Administrativa";"Marajó";"Oeiras do Pará";"Total";"2023";457
"Social";"Educação";"Número de Matrículas em Creches por Dependência Administrativa";"Marajó";"Oeiras do Pará";"Total";"2024";507
"Social";"Educação";"Número de Matrículas em Creches por Dependência Administrativa";"Baixo Amazonas";"Oriximiná";"Total";"2019";676
"Social";"Educação";"Número de Matrículas em Creches por Dependência Administrativa";"Baixo Amazonas";"Oriximiná";"Total";"2020";768
"Social";"Educação";"Número de Matrículas em Creches por Dependência Administrativa";"Baixo Amazonas";"Oriximiná";"Total";"2021";630
"Social";"Educação";"Número de Matrículas em Creches por Dependência Administrativa";"Baixo Amazonas";"Oriximiná";"Total";"2022";732
"Social";"Educação";"Número de Matrículas em Creches por Dependência Administrativa";"Baixo Amazonas";"Oriximiná";"Total";"2023";888
"Social";"Educação";"Número de Matrículas em Creches por Dependência Administrativa";"Baixo Amazonas";"Oriximiná";"Total";"2024";892
"Social";"Educação";"Número de Matrículas em Creches por Dependência Administrativa";"Rio Capim";"Ourém";"Total";"2019";347
"Social";"Educação";"Número de Matrículas em Creches por Dependência Administrativa";"Rio Capim";"Ourém";"Total";"2020";371
"Social";"Educação";"Número de Matrículas em Creches por Dependência Administrativa";"Rio Capim";"Ourém";"Total";"2021";357
"Social";"Educação";"Número de Matrículas em Creches por Dependência Administrativa";"Rio Capim";"Ourém";"Total";"2022";393
"Social";"Educação";"Número de Matrículas em Creches por Dependência Administrativa";"Rio Capim";"Ourém";"Total";"2023";414
"Social";"Educação";"Número de Matrículas em Creches por Dependência Administrativa";"Rio Capim";"Ourém";"Total";"2024";374
"Social";"Educação";"Número de Matrículas em Creches por Dependência Administrativa";"Araguaia";"Ourilândia do Norte";"Total";"2019";537
"Social";"Educação";"Número de Matrículas em Creches por Dependência Administrativa";"Araguaia";"Ourilândia do Norte";"Total";"2020";496
"Social";"Educação";"Número de Matrículas em Creches por Dependência Administrativa";"Araguaia";"Ourilândia do Norte";"Total";"2021";414
"Social";"Educação";"Número de Matrículas em Creches por Dependência Administrativa";"Araguaia";"Ourilândia do Norte";"Total";"2022";533
"Social";"Educação";"Número de Matrículas em Creches por Dependência Administrativa";"Araguaia";"Ourilândia do Norte";"Total";"2023";584
"Social";"Educação";"Número de Matrículas em Creches por Dependência Administrativa";"Araguaia";"Ourilândia do Norte";"Total";"2024";545
"Social";"Educação";"Número de Matrículas em Creches por Dependência Administrativa";"Xingu";"Pacajá";"Total";"2019";148
"Social";"Educação";"Número de Matrículas em Creches por Dependência Administrativa";"Xingu";"Pacajá";"Total";"2020";234
"Social";"Educação";"Número de Matrículas em Creches por Dependência Administrativa";"Xingu";"Pacajá";"Total";"2021";514
"Social";"Educação";"Número de Matrículas em Creches por Dependência Administrativa";"Xingu";"Pacajá";"Total";"2022";300
"Social";"Educação";"Número de Matrículas em Creches por Dependência Administrativa";"Xingu";"Pacajá";"Total";"2023";728
"Social";"Educação";"Número de Matrículas em Creches por Dependência Administrativa";"Xingu";"Pacajá";"Total";"2024";981
"Social";"Educação";"Número de Matrículas em Creches por Dependência Administrativa";"Carajás";"Palestina do Pará";"Total";"2019";161
"Social";"Educação";"Número de Matrículas em Creches por Dependência Administrativa";"Carajás";"Palestina do Pará";"Total";"2020";75
"Social";"Educação";"Número de Matrículas em Creches por Dependência Administrativa";"Carajás";"Palestina do Pará";"Total";"2021";126
"Social";"Educação";"Número de Matrículas em Creches por Dependência Administrativa";"Carajás";"Palestina do Pará";"Total";"2022";124
"Social";"Educação";"Número de Matrículas em Creches por Dependência Administrativa";"Carajás";"Palestina do Pará";"Total";"2023";148
"Social";"Educação";"Número de Matrículas em Creches por Dependência Administrativa";"Carajás";"Palestina do Pará";"Total";"2024";126
"Social";"Educação";"Número de Matrículas em Creches por Dependência Administrativa";"Rio Capim";"Paragominas";"Total";"2019";587
"Social";"Educação";"Número de Matrículas em Creches por Dependência Administrativa";"Rio Capim";"Paragominas";"Total";"2020";895
"Social";"Educação";"Número de Matrículas em Creches por Dependência Administrativa";"Rio Capim";"Paragominas";"Total";"2021";995
"Social";"Educação";"Número de Matrículas em Creches por Dependência Administrativa";"Rio Capim";"Paragominas";"Total";"2022";1316
"Social";"Educação";"Número de Matrículas em Creches por Dependência Administrativa";"Rio Capim";"Paragominas";"Total";"2023";1367
"Social";"Educação";"Número de Matrículas em Creches por Dependência Administrativa";"Rio Capim";"Paragominas";"Total";"2024";1319
"Social";"Educação";"Número de Matrículas em Creches por Dependência Administrativa";"Carajás";"Parauapebas";"Total";"2019";2558
"Social";"Educação";"Número de Matrículas em Creches por Dependência Administrativa";"Carajás";"Parauapebas";"Total";"2020";2567
"Social";"Educação";"Número de Matrículas em Creches por Dependência Administrativa";"Carajás";"Parauapebas";"Total";"2021";2329
"Social";"Educação";"Número de Matrículas em Creches por Dependência Administrativa";"Carajás";"Parauapebas";"Total";"2022";2902
"Social";"Educação";"Número de Matrículas em Creches por Dependência Administrativa";"Carajás";"Parauapebas";"Total";"2023";3482
"Social";"Educação";"Número de Matrículas em Creches por Dependência Administrativa";"Carajás";"Parauapebas";"Total";"2024";3610
"Social";"Educação";"Número de Matrículas em Creches por Dependência Administrativa";"Araguaia";"Pau D'Arco";"Total";"2019";263
"Social";"Educação";"Número de Matrículas em Creches por Dependência Administrativa";"Araguaia";"Pau D'Arco";"Total";"2020";165
"Social";"Educação";"Número de Matrículas em Creches por Dependência Administrativa";"Araguaia";"Pau D'Arco";"Total";"2021";154
"Social";"Educação";"Número de Matrículas em Creches por Dependência Administrativa";"Araguaia";"Pau D'Arco";"Total";"2022";181
"Social";"Educação";"Número de Matrículas em Creches por Dependência Administrativa";"Araguaia";"Pau D'Arco";"Total";"2023";252
"Social";"Educação";"Número de Matrículas em Creches por Dependência Administrativa";"Araguaia";"Pau D'Arco";"Total";"2024";207
"Social";"Educação";"Número de Matrículas em Creches por Dependência Administrativa";"Rio Caeté";"Peixe-Boi";"Total";"2019";197
"Social";"Educação";"Número de Matrículas em Creches por Dependência Administrativa";"Rio Caeté";"Peixe-Boi";"Total";"2020";196
"Social";"Educação";"Número de Matrículas em Creches por Dependência Administrativa";"Rio Caeté";"Peixe-Boi";"Total";"2021";264
"Social";"Educação";"Número de Matrículas em Creches por Dependência Administrativa";"Rio Caeté";"Peixe-Boi";"Total";"2022";232
"Social";"Educação";"Número de Matrículas em Creches por Dependência Administrativa";"Rio Caeté";"Peixe-Boi";"Total";"2023";263
"Social";"Educação";"Número de Matrículas em Creches por Dependência Administrativa";"Rio Caeté";"Peixe-Boi";"Total";"2024";268
"Social";"Educação";"Número de Matrículas em Creches por Dependência Administrativa";"Carajás";"Piçarra";"Total";"2019";299
"Social";"Educação";"Número de Matrículas em Creches por Dependência Administrativa";"Carajás";"Piçarra";"Total";"2020";296
"Social";"Educação";"Número de Matrículas em Creches por Dependência Administrativa";"Carajás";"Piçarra";"Total";"2021";352
"Social";"Educação";"Número de Matrículas em Creches por Dependência Administrativa";"Carajás";"Piçarra";"Total";"2022";380
"Social";"Educação";"Número de Matrículas em Creches por Dependência Administrativa";"Carajás";"Piçarra";"Total";"2023";414
"Social";"Educação";"Número de Matrículas em Creches por Dependência Administrativa";"Carajás";"Piçarra";"Total";"2024";396
"Social";"Educação";"Número de Matrículas em Creches por Dependência Administrativa";"Xingu";"Placas";"Total";"2019";398
"Social";"Educação";"Número de Matrículas em Creches por Dependência Administrativa";"Xingu";"Placas";"Total";"2020";346
"Social";"Educação";"Número de Matrículas em Creches por Dependência Administrativa";"Xingu";"Placas";"Total";"2021";204
"Social";"Educação";"Número de Matrículas em Creches por Dependência Administrativa";"Xingu";"Placas";"Total";"2022";292
"Social";"Educação";"Número de Matrículas em Creches por Dependência Administrativa";"Xingu";"Placas";"Total";"2023";356
"Social";"Educação";"Número de Matrículas em Creches por Dependência Administrativa";"Xingu";"Placas";"Total";"2024";349
"Social";"Educação";"Número de Matrículas em Creches por Dependência Administrativa";"Marajó";"Ponta de Pedras";"Total";"2019";225
"Social";"Educação";"Número de Matrículas em Creches por Dependência Administrativa";"Marajó";"Ponta de Pedras";"Total";"2020";307
"Social";"Educação";"Número de Matrículas em Creches por Dependência Administrativa";"Marajó";"Ponta de Pedras";"Total";"2021";184
"Social";"Educação";"Número de Matrículas em Creches por Dependência Administrativa";"Marajó";"Ponta de Pedras";"Total";"2022";128
"Social";"Educação";"Número de Matrículas em Creches por Dependência Administrativa";"Marajó";"Ponta de Pedras";"Total";"2023";226
"Social";"Educação";"Número de Matrículas em Creches por Dependência Administrativa";"Marajó";"Ponta de Pedras";"Total";"2024";204
"Social";"Educação";"Número de Matrículas em Creches por Dependência Administrativa";"Marajó";"Portel";"Total";"2019";416
"Social";"Educação";"Número de Matrículas em Creches por Dependência Administrativa";"Marajó";"Portel";"Total";"2020";442
"Social";"Educação";"Número de Matrículas em Creches por Dependência Administrativa";"Marajó";"Portel";"Total";"2021";424
"Social";"Educação";"Número de Matrículas em Creches por Dependência Administrativa";"Marajó";"Portel";"Total";"2022";579
"Social";"Educação";"Número de Matrículas em Creches por Dependência Administrativa";"Marajó";"Portel";"Total";"2023";562
"Social";"Educação";"Número de Matrículas em Creches por Dependência Administrativa";"Marajó";"Portel";"Total";"2024";636
"Social";"Educação";"Número de Matrículas em Creches por Dependência Administrativa";"Xingu";"Porto de Moz";"Total";"2019";164
"Social";"Educação";"Número de Matrículas em Creches por Dependência Administrativa";"Xingu";"Porto de Moz";"Total";"2020";184
"Social";"Educação";"Número de Matrículas em Creches por Dependência Administrativa";"Xingu";"Porto de Moz";"Total";"2021";184
"Social";"Educação";"Número de Matrículas em Creches por Dependência Administrativa";"Xingu";"Porto de Moz";"Total";"2022";327
"Social";"Educação";"Número de Matrículas em Creches por Dependência Administrativa";"Xingu";"Porto de Moz";"Total";"2023";408
"Social";"Educação";"Número de Matrículas em Creches por Dependência Administrativa";"Xingu";"Porto de Moz";"Total";"2024";480
"Social";"Educação";"Número de Matrículas em Creches por Dependência Administrativa";"Baixo Amazonas";"Prainha";"Total";"2019";292
"Social";"Educação";"Número de Matrículas em Creches por Dependência Administrativa";"Baixo Amazonas";"Prainha";"Total";"2020";329
"Social";"Educação";"Número de Matrículas em Creches por Dependência Administrativa";"Baixo Amazonas";"Prainha";"Total";"2021";494
"Social";"Educação";"Número de Matrículas em Creches por Dependência Administrativa";"Baixo Amazonas";"Prainha";"Total";"2022";398
"Social";"Educação";"Número de Matrículas em Creches por Dependência Administrativa";"Baixo Amazonas";"Prainha";"Total";"2023";638
"Social";"Educação";"Número de Matrículas em Creches por Dependência Administrativa";"Baixo Amazonas";"Prainha";"Total";"2024";526
"Social";"Educação";"Número de Matrículas em Creches por Dependência Administrativa";"Rio Caeté";"Primavera";"Total";"2019";151
"Social";"Educação";"Número de Matrículas em Creches por Dependência Administrativa";"Rio Caeté";"Primavera";"Total";"2020";197
"Social";"Educação";"Número de Matrículas em Creches por Dependência Administrativa";"Rio Caeté";"Primavera";"Total";"2021";180
"Social";"Educação";"Número de Matrículas em Creches por Dependência Administrativa";"Rio Caeté";"Primavera";"Total";"2022";219
"Social";"Educação";"Número de Matrículas em Creches por Dependência Administrativa";"Rio Caeté";"Primavera";"Total";"2023";209
"Social";"Educação";"Número de Matrículas em Creches por Dependência Administrativa";"Rio Caeté";"Primavera";"Total";"2024";190
"Social";"Educação";"Número de Matrículas em Creches por Dependência Administrativa";"Rio Caeté";"Quatipuru";"Total";"2019";96
"Social";"Educação";"Número de Matrículas em Creches por Dependência Administrativa";"Rio Caeté";"Quatipuru";"Total";"2020";103
"Social";"Educação";"Número de Matrículas em Creches por Dependência Administrativa";"Rio Caeté";"Quatipuru";"Total";"2021";108
"Social";"Educação";"Número de Matrículas em Creches por Dependência Administrativa";"Rio Caeté";"Quatipuru";"Total";"2022";126
"Social";"Educação";"Número de Matrículas em Creches por Dependência Administrativa";"Rio Caeté";"Quatipuru";"Total";"2023";117
"Social";"Educação";"Número de Matrículas em Creches por Dependência Administrativa";"Rio Caeté";"Quatipuru";"Total";"2024";128
"Social";"Educação";"Número de Matrículas em Creches por Dependência Administrativa";"Araguaia";"Redenção";"Total";"2019";1528
"Social";"Educação";"Número de Matrículas em Creches por Dependência Administrativa";"Araguaia";"Redenção";"Total";"2020";1320
"Social";"Educação";"Número de Matrículas em Creches por Dependência Administrativa";"Araguaia";"Redenção";"Total";"2021";1163
"Social";"Educação";"Número de Matrículas em Creches por Dependência Administrativa";"Araguaia";"Redenção";"Total";"2022";1370
"Social";"Educação";"Número de Matrículas em Creches por Dependência Administrativa";"Araguaia";"Redenção";"Total";"2023";1734
"Social";"Educação";"Número de Matrículas em Creches por Dependência Administrativa";"Araguaia";"Redenção";"Total";"2024";1736
"Social";"Educação";"Número de Matrículas em Creches por Dependência Administrativa";"Araguaia";"Rio Maria";"Total";"2019";133
"Social";"Educação";"Número de Matrículas em Creches por Dependência Administrativa";"Araguaia";"Rio Maria";"Total";"2020";121
"Social";"Educação";"Número de Matrículas em Creches por Dependência Administrativa";"Araguaia";"Rio Maria";"Total";"2021";125
"Social";"Educação";"Número de Matrículas em Creches por Dependência Administrativa";"Araguaia";"Rio Maria";"Total";"2022";173
"Social";"Educação";"Número de Matrículas em Creches por Dependência Administrativa";"Araguaia";"Rio Maria";"Total";"2023";162
"Social";"Educação";"Número de Matrículas em Creches por Dependência Administrativa";"Araguaia";"Rio Maria";"Total";"2024";168
"Social";"Educação";"Número de Matrículas em Creches por Dependência Administrativa";"Rio Capim";"Rondon do Pará";"Total";"2019";360
"Social";"Educação";"Número de Matrículas em Creches por Dependência Administrativa";"Rio Capim";"Rondon do Pará";"Total";"2020";361
"Social";"Educação";"Número de Matrículas em Creches por Dependência Administrativa";"Rio Capim";"Rondon do Pará";"Total";"2021";325
"Social";"Educação";"Número de Matrículas em Creches por Dependência Administrativa";"Rio Capim";"Rondon do Pará";"Total";"2022";317
"Social";"Educação";"Número de Matrículas em Creches por Dependência Administrativa";"Rio Capim";"Rondon do Pará";"Total";"2023";298
"Social";"Educação";"Número de Matrículas em Creches por Dependência Administrativa";"Rio Capim";"Rondon do Pará";"Total";"2024";439
"Social";"Educação";"Número de Matrículas em Creches por Dependência Administrativa";"Tapajós";"Rurópolis";"Total";"2019";434
"Social";"Educação";"Número de Matrículas em Creches por Dependência Administrativa";"Tapajós";"Rurópolis";"Total";"2020";401
"Social";"Educação";"Número de Matrículas em Creches por Dependência Administrativa";"Tapajós";"Rurópolis";"Total";"2021";391
"Social";"Educação";"Número de Matrículas em Creches por Dependência Administrativa";"Tapajós";"Rurópolis";"Total";"2022";447
"Social";"Educação";"Número de Matrículas em Creches por Dependência Administrativa";"Tapajós";"Rurópolis";"Total";"2023";435
"Social";"Educação";"Número de Matrículas em Creches por Dependência Administrativa";"Tapajós";"Rurópolis";"Total";"2024";457
"Social";"Educação";"Número de Matrículas em Creches por Dependência Administrativa";"Rio Caeté";"Salinópolis";"Total";"2019";481
"Social";"Educação";"Número de Matrículas em Creches por Dependência Administrativa";"Rio Caeté";"Salinópolis";"Total";"2020";496
"Social";"Educação";"Número de Matrículas em Creches por Dependência Administrativa";"Rio Caeté";"Salinópolis";"Total";"2021";445
"Social";"Educação";"Número de Matrículas em Creches por Dependência Administrativa";"Rio Caeté";"Salinópolis";"Total";"2022";479
"Social";"Educação";"Número de Matrículas em Creches por Dependência Administrativa";"Rio Caeté";"Salinópolis";"Total";"2023";563
"Social";"Educação";"Número de Matrículas em Creches por Dependência Administrativa";"Rio Caeté";"Salinópolis";"Total";"2024";511
"Social";"Educação";"Número de Matrículas em Creches por Dependência Administrativa";"Marajó";"Salvaterra";"Total";"2019";192
"Social";"Educação";"Número de Matrículas em Creches por Dependência Administrativa";"Marajó";"Salvaterra";"Total";"2020";175
"Social";"Educação";"Número de Matrículas em Creches por Dependência Administrativa";"Marajó";"Salvaterra";"Total";"2021";210
"Social";"Educação";"Número de Matrículas em Creches por Dependência Administrativa";"Marajó";"Salvaterra";"Total";"2022";220
"Social";"Educação";"Número de Matrículas em Creches por Dependência Administrativa";"Marajó";"Salvaterra";"Total";"2023";226
"Social";"Educação";"Número de Matrículas em Creches por Dependência Administrativa";"Marajó";"Salvaterra";"Total";"2024";325
"Social";"Educação";"Número de Matrículas em Creches por Dependência Administrativa";"Guajará";"Santa Bárbara do Pará";"Total";"2019";302
"Social";"Educação";"Número de Matrículas em Creches por Dependência Administrativa";"Guajará";"Santa Bárbara do Pará";"Total";"2020";322
"Social";"Educação";"Número de Matrículas em Creches por Dependência Administrativa";"Guajará";"Santa Bárbara do Pará";"Total";"2021";392
"Social";"Educação";"Número de Matrículas em Creches por Dependência Administrativa";"Guajará";"Santa Bárbara do Pará";"Total";"2022";408
"Social";"Educação";"Número de Matrículas em Creches por Dependência Administrativa";"Guajará";"Santa Bárbara do Pará";"Total";"2023";382
"Social";"Educação";"Número de Matrículas em Creches por Dependência Administrativa";"Guajará";"Santa Bárbara do Pará";"Total";"2024";414
"Social";"Educação";"Número de Matrículas em Creches por Dependência Administrativa";"Marajó";"Santa Cruz do Arari";"Total";"2019";172
"Social";"Educação";"Número de Matrículas em Creches por Dependência Administrativa";"Marajó";"Santa Cruz do Arari";"Total";"2020";153
"Social";"Educação";"Número de Matrículas em Creches por Dependência Administrativa";"Marajó";"Santa Cruz do Arari";"Total";"2021";188
"Social";"Educação";"Número de Matrículas em Creches por Dependência Administrativa";"Marajó";"Santa Cruz do Arari";"Total";"2022";187
"Social";"Educação";"Número de Matrículas em Creches por Dependência Administrativa";"Marajó";"Santa Cruz do Arari";"Total";"2023";190
"Social";"Educação";"Número de Matrículas em Creches por Dependência Administrativa";"Marajó";"Santa Cruz do Arari";"Total";"2024";230
"Social";"Educação";"Número de Matrículas em Creches por Dependência Administrativa";"Guamá";"Santa Izabel do Pará";"Total";"2019";634
"Social";"Educação";"Número de Matrículas em Creches por Dependência Administrativa";"Guamá";"Santa Izabel do Pará";"Total";"2020";666
"Social";"Educação";"Número de Matrículas em Creches por Dependência Administrativa";"Guamá";"Santa Izabel do Pará";"Total";"2021";573
"Social";"Educação";"Número de Matrículas em Creches por Dependência Administrativa";"Guamá";"Santa Izabel do Pará";"Total";"2022";668
"Social";"Educação";"Número de Matrículas em Creches por Dependência Administrativa";"Guamá";"Santa Izabel do Pará";"Total";"2023";714
"Social";"Educação";"Número de Matrículas em Creches por Dependência Administrativa";"Guamá";"Santa Izabel do Pará";"Total";"2024";630
"Social";"Educação";"Número de Matrículas em Creches por Dependência Administrativa";"Rio Caeté";"Santa Luzia do Pará";"Total";"2019";0
"Social";"Educação";"Número de Matrículas em Creches por Dependência Administrativa";"Rio Caeté";"Santa Luzia do Pará";"Total";"2020";0
"Social";"Educação";"Número de Matrículas em Creches por Dependência Administrativa";"Rio Caeté";"Santa Luzia do Pará";"Total";"2021";46
"Social";"Educação";"Número de Matrículas em Creches por Dependência Administrativa";"Rio Caeté";"Santa Luzia do Pará";"Total";"2022";97
"Social";"Educação";"Número de Matrículas em Creches por Dependência Administrativa";"Rio Caeté";"Santa Luzia do Pará";"Total";"2023";104
"Social";"Educação";"Número de Matrículas em Creches por Dependência Administrativa";"Rio Caeté";"Santa Luzia do Pará";"Total";"2024";201
"Social";"Educação";"Número de Matrículas em Creches por Dependência Administrativa";"Araguaia";"Santa Maria das Barreiras";"Total";"2019";212
"Social";"Educação";"Número de Matrículas em Creches por Dependência Administrativa";"Araguaia";"Santa Maria das Barreiras";"Total";"2020";195
"Social";"Educação";"Número de Matrículas em Creches por Dependência Administrativa";"Araguaia";"Santa Maria das Barreiras";"Total";"2021";138
"Social";"Educação";"Número de Matrículas em Creches por Dependência Administrativa";"Araguaia";"Santa Maria das Barreiras";"Total";"2022";314
"Social";"Educação";"Número de Matrículas em Creches por Dependência Administrativa";"Araguaia";"Santa Maria das Barreiras";"Total";"2023";277
"Social";"Educação";"Número de Matrículas em Creches por Dependência Administrativa";"Araguaia";"Santa Maria das Barreiras";"Total";"2024";306
"Social";"Educação";"Número de Matrículas em Creches por Dependência Administrativa";"Guamá";"Santa Maria do Pará";"Total";"2019";494
"Social";"Educação";"Número de Matrículas em Creches por Dependência Administrativa";"Guamá";"Santa Maria do Pará";"Total";"2020";495
"Social";"Educação";"Número de Matrículas em Creches por Dependência Administrativa";"Guamá";"Santa Maria do Pará";"Total";"2021";526
"Social";"Educação";"Número de Matrículas em Creches por Dependência Administrativa";"Guamá";"Santa Maria do Pará";"Total";"2022";532
"Social";"Educação";"Número de Matrículas em Creches por Dependência Administrativa";"Guamá";"Santa Maria do Pará";"Total";"2023";522
"Social";"Educação";"Número de Matrículas em Creches por Dependência Administrativa";"Guamá";"Santa Maria do Pará";"Total";"2024";442
"Social";"Educação";"Número de Matrículas em Creches por Dependência Administrativa";"Araguaia";"Santana do Araguaia";"Total";"2019";773
"Social";"Educação";"Número de Matrículas em Creches por Dependência Administrativa";"Araguaia";"Santana do Araguaia";"Total";"2020";748
"Social";"Educação";"Número de Matrículas em Creches por Dependência Administrativa";"Araguaia";"Santana do Araguaia";"Total";"2021";1190
"Social";"Educação";"Número de Matrículas em Creches por Dependência Administrativa";"Araguaia";"Santana do Araguaia";"Total";"2022";1321
"Social";"Educação";"Número de Matrículas em Creches por Dependência Administrativa";"Araguaia";"Santana do Araguaia";"Total";"2023";1593
"Social";"Educação";"Número de Matrículas em Creches por Dependência Administrativa";"Araguaia";"Santana do Araguaia";"Total";"2024";1782
"Social";"Educação";"Número de Matrículas em Creches por Dependência Administrativa";"Baixo Amazonas";"Santarém";"Total";"2019";3747
"Social";"Educação";"Número de Matrículas em Creches por Dependência Administrativa";"Baixo Amazonas";"Santarém";"Total";"2020";3674
"Social";"Educação";"Número de Matrículas em Creches por Dependência Administrativa";"Baixo Amazonas";"Santarém";"Total";"2021";3282
"Social";"Educação";"Número de Matrículas em Creches por Dependência Administrativa";"Baixo Amazonas";"Santarém";"Total";"2022";4457
"Social";"Educação";"Número de Matrículas em Creches por Dependência Administrativa";"Baixo Amazonas";"Santarém";"Total";"2023";4896
"Social";"Educação";"Número de Matrículas em Creches por Dependência Administrativa";"Baixo Amazonas";"Santarém";"Total";"2024";4900
"Social";"Educação";"Número de Matrículas em Creches por Dependência Administrativa";"Rio Caeté";"Santarém Novo";"Total";"2019";79
"Social";"Educação";"Número de Matrículas em Creches por Dependência Administrativa";"Rio Caeté";"Santarém Novo";"Total";"2020";68
"Social";"Educação";"Número de Matrículas em Creches por Dependência Administrativa";"Rio Caeté";"Santarém Novo";"Total";"2021";136
"Social";"Educação";"Número de Matrículas em Creches por Dependência Administrativa";"Rio Caeté";"Santarém Novo";"Total";"2022";120
"Social";"Educação";"Número de Matrículas em Creches por Dependência Administrativa";"Rio Caeté";"Santarém Novo";"Total";"2023";113
"Social";"Educação";"Número de Matrículas em Creches por Dependência Administrativa";"Rio Caeté";"Santarém Novo";"Total";"2024";117
"Social";"Educação";"Número de Matrículas em Creches por Dependência Administrativa";"Guamá";"Santo Antônio do Tauá";"Total";"2019";208
"Social";"Educação";"Número de Matrículas em Creches por Dependência Administrativa";"Guamá";"Santo Antônio do Tauá";"Total";"2020";204
"Social";"Educação";"Número de Matrículas em Creches por Dependência Administrativa";"Guamá";"Santo Antônio do Tauá";"Total";"2021";285
"Social";"Educação";"Número de Matrículas em Creches por Dependência Administrativa";"Guamá";"Santo Antônio do Tauá";"Total";"2022";219
"Social";"Educação";"Número de Matrículas em Creches por Dependência Administrativa";"Guamá";"Santo Antônio do Tauá";"Total";"2023";242
"Social";"Educação";"Número de Matrículas em Creches por Dependência Administrativa";"Guamá";"Santo Antônio do Tauá";"Total";"2024";276
"Social";"Educação";"Número de Matrículas em Creches por Dependência Administrativa";"Guamá";"São Caetano de Odivelas";"Total";"2019";295
"Social";"Educação";"Número de Matrículas em Creches por Dependência Administrativa";"Guamá";"São Caetano de Odivelas";"Total";"2020";292
"Social";"Educação";"Número de Matrículas em Creches por Dependência Administrativa";"Guamá";"São Caetano de Odivelas";"Total";"2021";335
"Social";"Educação";"Número de Matrículas em Creches por Dependência Administrativa";"Guamá";"São Caetano de Odivelas";"Total";"2022";325
"Social";"Educação";"Número de Matrículas em Creches por Dependência Administrativa";"Guamá";"São Caetano de Odivelas";"Total";"2023";318
"Social";"Educação";"Número de Matrículas em Creches por Dependência Administrativa";"Guamá";"São Caetano de Odivelas";"Total";"2024";363
"Social";"Educação";"Número de Matrículas em Creches por Dependência Administrativa";"Carajás";"São Domingos do Araguaia";"Total";"2019";284
"Social";"Educação";"Número de Matrículas em Creches por Dependência Administrativa";"Carajás";"São Domingos do Araguaia";"Total";"2020";313
"Social";"Educação";"Número de Matrículas em Creches por Dependência Administrativa";"Carajás";"São Domingos do Araguaia";"Total";"2021";210
"Social";"Educação";"Número de Matrículas em Creches por Dependência Administrativa";"Carajás";"São Domingos do Araguaia";"Total";"2022";452
"Social";"Educação";"Número de Matrículas em Creches por Dependência Administrativa";"Carajás";"São Domingos do Araguaia";"Total";"2023";460
"Social";"Educação";"Número de Matrículas em Creches por Dependência Administrativa";"Carajás";"São Domingos do Araguaia";"Total";"2024";438
"Social";"Educação";"Número de Matrículas em Creches por Dependência Administrativa";"Guamá";"São Domingos do Capim";"Total";"2019";544
"Social";"Educação";"Número de Matrículas em Creches por Dependência Administrativa";"Guamá";"São Domingos do Capim";"Total";"2020";588
"Social";"Educação";"Número de Matrículas em Creches por Dependência Administrativa";"Guamá";"São Domingos do Capim";"Total";"2021";587
"Social";"Educação";"Número de Matrículas em Creches por Dependência Administrativa";"Guamá";"São Domingos do Capim";"Total";"2022";670
"Social";"Educação";"Número de Matrículas em Creches por Dependência Administrativa";"Guamá";"São Domingos do Capim";"Total";"2023";755
"Social";"Educação";"Número de Matrículas em Creches por Dependência Administrativa";"Guamá";"São Domingos do Capim";"Total";"2024";658
"Social";"Educação";"Número de Matrículas em Creches por Dependência Administrativa";"Araguaia";"São Félix do Xingu";"Total";"2019";1051
"Social";"Educação";"Número de Matrículas em Creches por Dependência Administrativa";"Araguaia";"São Félix do Xingu";"Total";"2020";870
"Social";"Educação";"Número de Matrículas em Creches por Dependência Administrativa";"Araguaia";"São Félix do Xingu";"Total";"2021";942
"Social";"Educação";"Número de Matrículas em Creches por Dependência Administrativa";"Araguaia";"São Félix do Xingu";"Total";"2022";1216
"Social";"Educação";"Número de Matrículas em Creches por Dependência Administrativa";"Araguaia";"São Félix do Xingu";"Total";"2023";1392
"Social";"Educação";"Número de Matrículas em Creches por Dependência Administrativa";"Araguaia";"São Félix do Xingu";"Total";"2024";1590
"Social";"Educação";"Número de Matrículas em Creches por Dependência Administrativa";"Guamá";"São Francisco do Pará";"Total";"2019";24
"Social";"Educação";"Número de Matrículas em Creches por Dependência Administrativa";"Guamá";"São Francisco do Pará";"Total";"2020";12
"Social";"Educação";"Número de Matrículas em Creches por Dependência Administrativa";"Guamá";"São Francisco do Pará";"Total";"2021";0
"Social";"Educação";"Número de Matrículas em Creches por Dependência Administrativa";"Guamá";"São Francisco do Pará";"Total";"2022";0
"Social";"Educação";"Número de Matrículas em Creches por Dependência Administrativa";"Guamá";"São Francisco do Pará";"Total";"2023";13
"Social";"Educação";"Número de Matrículas em Creches por Dependência Administrativa";"Guamá";"São Francisco do Pará";"Total";"2024";13
"Social";"Educação";"Número de Matrículas em Creches por Dependência Administrativa";"Carajás";"São Geraldo do Araguaia";"Total";"2019";371
"Social";"Educação";"Número de Matrículas em Creches por Dependência Administrativa";"Carajás";"São Geraldo do Araguaia";"Total";"2020";372
"Social";"Educação";"Número de Matrículas em Creches por Dependência Administrativa";"Carajás";"São Geraldo do Araguaia";"Total";"2021";459
"Social";"Educação";"Número de Matrículas em Creches por Dependência Administrativa";"Carajás";"São Geraldo do Araguaia";"Total";"2022";492
"Social";"Educação";"Número de Matrículas em Creches por Dependência Administrativa";"Carajás";"São Geraldo do Araguaia";"Total";"2023";516
"Social";"Educação";"Número de Matrículas em Creches por Dependência Administrativa";"Carajás";"São Geraldo do Araguaia";"Total";"2024";565
"Social";"Educação";"Número de Matrículas em Creches por Dependência Administrativa";"Guamá";"São João da Ponta";"Total";"2019";66
"Social";"Educação";"Número de Matrículas em Creches por Dependência Administrativa";"Guamá";"São João da Ponta";"Total";"2020";60
"Social";"Educação";"Número de Matrículas em Creches por Dependência Administrativa";"Guamá";"São João da Ponta";"Total";"2021";90
"Social";"Educação";"Número de Matrículas em Creches por Dependência Administrativa";"Guamá";"São João da Ponta";"Total";"2022";86
"Social";"Educação";"Número de Matrículas em Creches por Dependência Administrativa";"Guamá";"São João da Ponta";"Total";"2023";83
"Social";"Educação";"Número de Matrículas em Creches por Dependência Administrativa";"Guamá";"São João da Ponta";"Total";"2024";76
"Social";"Educação";"Número de Matrículas em Creches por Dependência Administrativa";"Rio Caeté";"São João de Pirabas";"Total";"2019";3
"Social";"Educação";"Número de Matrículas em Creches por Dependência Administrativa";"Rio Caeté";"São João de Pirabas";"Total";"2020";0
"Social";"Educação";"Número de Matrículas em Creches por Dependência Administrativa";"Rio Caeté";"São João de Pirabas";"Total";"2021";0
"Social";"Educação";"Número de Matrículas em Creches por Dependência Administrativa";"Rio Caeté";"São João de Pirabas";"Total";"2022";0
"Social";"Educação";"Número de Matrículas em Creches por Dependência Administrativa";"Rio Caeté";"São João de Pirabas";"Total";"2023";0
"Social";"Educação";"Número de Matrículas em Creches por Dependência Administrativa";"Rio Caeté";"São João de Pirabas";"Total";"2024";0
"Social";"Educação";"Número de Matrículas em Creches por Dependência Administrativa";"Carajás";"São João do Araguaia";"Total";"2019";214
"Social";"Educação";"Número de Matrículas em Creches por Dependência Administrativa";"Carajás";"São João do Araguaia";"Total";"2020";212
"Social";"Educação";"Número de Matrículas em Creches por Dependência Administrativa";"Carajás";"São João do Araguaia";"Total";"2021";162
"Social";"Educação";"Número de Matrículas em Creches por Dependência Administrativa";"Carajás";"São João do Araguaia";"Total";"2022";239
"Social";"Educação";"Número de Matrículas em Creches por Dependência Administrativa";"Carajás";"São João do Araguaia";"Total";"2023";182
"Social";"Educação";"Número de Matrículas em Creches por Dependência Administrativa";"Carajás";"São João do Araguaia";"Total";"2024";220
"Social";"Educação";"Número de Matrículas em Creches por Dependência Administrativa";"Guamá";"São Miguel do Guamá";"Total";"2019";258
"Social";"Educação";"Número de Matrículas em Creches por Dependência Administrativa";"Guamá";"São Miguel do Guamá";"Total";"2020";368
"Social";"Educação";"Número de Matrículas em Creches por Dependência Administrativa";"Guamá";"São Miguel do Guamá";"Total";"2021";551
"Social";"Educação";"Número de Matrículas em Creches por Dependência Administrativa";"Guamá";"São Miguel do Guamá";"Total";"2022";708
"Social";"Educação";"Número de Matrículas em Creches por Dependência Administrativa";"Guamá";"São Miguel do Guamá";"Total";"2023";834
"Social";"Educação";"Número de Matrículas em Creches por Dependência Administrativa";"Guamá";"São Miguel do Guamá";"Total";"2024";972
"Social";"Educação";"Número de Matrículas em Creches por Dependência Administrativa";"Marajó";"São Sebastião da Boa Vista";"Total";"2019";315
"Social";"Educação";"Número de Matrículas em Creches por Dependência Administrativa";"Marajó";"São Sebastião da Boa Vista";"Total";"2020";272
"Social";"Educação";"Número de Matrículas em Creches por Dependência Administrativa";"Marajó";"São Sebastião da Boa Vista";"Total";"2021";345
"Social";"Educação";"Número de Matrículas em Creches por Dependência Administrativa";"Marajó";"São Sebastião da Boa Vista";"Total";"2022";349
"Social";"Educação";"Número de Matrículas em Creches por Dependência Administrativa";"Marajó";"São Sebastião da Boa Vista";"Total";"2023";473
"Social";"Educação";"Número de Matrículas em Creches por Dependência Administrativa";"Marajó";"São Sebastião da Boa Vista";"Total";"2024";523
"Social";"Educação";"Número de Matrículas em Creches por Dependência Administrativa";"Araguaia";"Sapucaia";"Total";"2019";243
"Social";"Educação";"Número de Matrículas em Creches por Dependência Administrativa";"Araguaia";"Sapucaia";"Total";"2020";237
"Social";"Educação";"Número de Matrículas em Creches por Dependência Administrativa";"Araguaia";"Sapucaia";"Total";"2021";234
"Social";"Educação";"Número de Matrículas em Creches por Dependência Administrativa";"Araguaia";"Sapucaia";"Total";"2022";243
"Social";"Educação";"Número de Matrículas em Creches por Dependência Administrativa";"Araguaia";"Sapucaia";"Total";"2023";242
"Social";"Educação";"Número de Matrículas em Creches por Dependência Administrativa";"Araguaia";"Sapucaia";"Total";"2024";239
"Social";"Educação";"Número de Matrículas em Creches por Dependência Administrativa";"Xingu";"Senador José Porfírio";"Total";"2019";92
"Social";"Educação";"Número de Matrículas em Creches por Dependência Administrativa";"Xingu";"Senador José Porfírio";"Total";"2020";89
"Social";"Educação";"Número de Matrículas em Creches por Dependência Administrativa";"Xingu";"Senador José Porfírio";"Total";"2021";100
"Social";"Educação";"Número de Matrículas em Creches por Dependência Administrativa";"Xingu";"Senador José Porfírio";"Total";"2022";103
"Social";"Educação";"Número de Matrículas em Creches por Dependência Administrativa";"Xingu";"Senador José Porfírio";"Total";"2023";235
"Social";"Educação";"Número de Matrículas em Creches por Dependência Administrativa";"Xingu";"Senador José Porfírio";"Total";"2024";167
"Social";"Educação";"Número de Matrículas em Creches por Dependência Administrativa";"Marajó";"Soure";"Total";"2019";557
"Social";"Educação";"Número de Matrículas em Creches por Dependência Administrativa";"Marajó";"Soure";"Total";"2020";449
"Social";"Educação";"Número de Matrículas em Creches por Dependência Administrativa";"Marajó";"Soure";"Total";"2021";506
"Social";"Educação";"Número de Matrículas em Creches por Dependência Administrativa";"Marajó";"Soure";"Total";"2022";510
"Social";"Educação";"Número de Matrículas em Creches por Dependência Administrativa";"Marajó";"Soure";"Total";"2023";561
"Social";"Educação";"Número de Matrículas em Creches por Dependência Administrativa";"Marajó";"Soure";"Total";"2024";565
"Social";"Educação";"Número de Matrículas em Creches por Dependência Administrativa";"Tocantins";"Tailândia";"Total";"2019";1135
"Social";"Educação";"Número de Matrículas em Creches por Dependência Administrativa";"Tocantins";"Tailândia";"Total";"2020";860
"Social";"Educação";"Número de Matrículas em Creches por Dependência Administrativa";"Tocantins";"Tailândia";"Total";"2021";939
"Social";"Educação";"Número de Matrículas em Creches por Dependência Administrativa";"Tocantins";"Tailândia";"Total";"2022";997
"Social";"Educação";"Número de Matrículas em Creches por Dependência Administrativa";"Tocantins";"Tailândia";"Total";"2023";1244
"Social";"Educação";"Número de Matrículas em Creches por Dependência Administrativa";"Tocantins";"Tailândia";"Total";"2024";1369
"Social";"Educação";"Número de Matrículas em Creches por Dependência Administrativa";"Guamá";"Terra Alta";"Total";"2019";0
"Social";"Educação";"Número de Matrículas em Creches por Dependência Administrativa";"Guamá";"Terra Alta";"Total";"2020";0
"Social";"Educação";"Número de Matrículas em Creches por Dependência Administrativa";"Guamá";"Terra Alta";"Total";"2021";4
"Social";"Educação";"Número de Matrículas em Creches por Dependência Administrativa";"Guamá";"Terra Alta";"Total";"2022";8
"Social";"Educação";"Número de Matrículas em Creches por Dependência Administrativa";"Guamá";"Terra Alta";"Total";"2023";10
"Social";"Educação";"Número de Matrículas em Creches por Dependência Administrativa";"Guamá";"Terra Alta";"Total";"2024";99
"Social";"Educação";"Número de Matrículas em Creches por Dependência Administrativa";"Baixo Amazonas";"Terra Santa";"Total";"2019";189
"Social";"Educação";"Número de Matrículas em Creches por Dependência Administrativa";"Baixo Amazonas";"Terra Santa";"Total";"2020";198
"Social";"Educação";"Número de Matrículas em Creches por Dependência Administrativa";"Baixo Amazonas";"Terra Santa";"Total";"2021";194
"Social";"Educação";"Número de Matrículas em Creches por Dependência Administrativa";"Baixo Amazonas";"Terra Santa";"Total";"2022";255
"Social";"Educação";"Número de Matrículas em Creches por Dependência Administrativa";"Baixo Amazonas";"Terra Santa";"Total";"2023";260
"Social";"Educação";"Número de Matrículas em Creches por Dependência Administrativa";"Baixo Amazonas";"Terra Santa";"Total";"2024";277
"Social";"Educação";"Número de Matrículas em Creches por Dependência Administrativa";"Rio Capim";"Tomé-Açu";"Total";"2019";584
"Social";"Educação";"Número de Matrículas em Creches por Dependência Administrativa";"Rio Capim";"Tomé-Açu";"Total";"2020";657
"Social";"Educação";"Número de Matrículas em Creches por Dependência Administrativa";"Rio Capim";"Tomé-Açu";"Total";"2021";525
"Social";"Educação";"Número de Matrículas em Creches por Dependência Administrativa";"Rio Capim";"Tomé-Açu";"Total";"2022";779
"Social";"Educação";"Número de Matrículas em Creches por Dependência Administrativa";"Rio Capim";"Tomé-Açu";"Total";"2023";1217
"Social";"Educação";"Número de Matrículas em Creches por Dependência Administrativa";"Rio Capim";"Tomé-Açu";"Total";"2024";1447
"Social";"Educação";"Número de Matrículas em Creches por Dependência Administrativa";"Rio Caeté";"Tracuateua";"Total";"2019";80
"Social";"Educação";"Número de Matrículas em Creches por Dependência Administrativa";"Rio Caeté";"Tracuateua";"Total";"2020";80
"Social";"Educação";"Número de Matrículas em Creches por Dependência Administrativa";"Rio Caeté";"Tracuateua";"Total";"2021";82
"Social";"Educação";"Número de Matrículas em Creches por Dependência Administrativa";"Rio Caeté";"Tracuateua";"Total";"2022";80
"Social";"Educação";"Número de Matrículas em Creches por Dependência Administrativa";"Rio Caeté";"Tracuateua";"Total";"2023";92
"Social";"Educação";"Número de Matrículas em Creches por Dependência Administrativa";"Rio Caeté";"Tracuateua";"Total";"2024";87
"Social";"Educação";"Número de Matrículas em Creches por Dependência Administrativa";"Tapajós";"Trairão";"Total";"2019";150
"Social";"Educação";"Número de Matrículas em Creches por Dependência Administrativa";"Tapajós";"Trairão";"Total";"2020";143
"Social";"Educação";"Número de Matrículas em Creches por Dependência Administrativa";"Tapajós";"Trairão";"Total";"2021";198
"Social";"Educação";"Número de Matrículas em Creches por Dependência Administrativa";"Tapajós";"Trairão";"Total";"2022";274
"Social";"Educação";"Número de Matrículas em Creches por Dependência Administrativa";"Tapajós";"Trairão";"Total";"2023";287
"Social";"Educação";"Número de Matrículas em Creches por Dependência Administrativa";"Tapajós";"Trairão";"Total";"2024";351
"Social";"Educação";"Número de Matrículas em Creches por Dependência Administrativa";"Araguaia";"Tucumã";"Total";"2019";957
"Social";"Educação";"Número de Matrículas em Creches por Dependência Administrativa";"Araguaia";"Tucumã";"Total";"2020";923
"Social";"Educação";"Número de Matrículas em Creches por Dependência Administrativa";"Araguaia";"Tucumã";"Total";"2021";771
"Social";"Educação";"Número de Matrículas em Creches por Dependência Administrativa";"Araguaia";"Tucumã";"Total";"2022";957
"Social";"Educação";"Número de Matrículas em Creches por Dependência Administrativa";"Araguaia";"Tucumã";"Total";"2023";1161
"Social";"Educação";"Número de Matrículas em Creches por Dependência Administrativa";"Araguaia";"Tucumã";"Total";"2024";1108
"Social";"Educação";"Número de Matrículas em Creches por Dependência Administrativa";"Lago de Tucuruí";"Tucuruí";"Total";"2019";1243
"Social";"Educação";"Número de Matrículas em Creches por Dependência Administrativa";"Lago de Tucuruí";"Tucuruí";"Total";"2020";1713
"Social";"Educação";"Número de Matrículas em Creches por Dependência Administrativa";"Lago de Tucuruí";"Tucuruí";"Total";"2021";1133
"Social";"Educação";"Número de Matrículas em Creches por Dependência Administrativa";"Lago de Tucuruí";"Tucuruí";"Total";"2022";1026
"Social";"Educação";"Número de Matrículas em Creches por Dependência Administrativa";"Lago de Tucuruí";"Tucuruí";"Total";"2023";980
"Social";"Educação";"Número de Matrículas em Creches por Dependência Administrativa";"Lago de Tucuruí";"Tucuruí";"Total";"2024";1689
"Social";"Educação";"Número de Matrículas em Creches por Dependência Administrativa";"Rio Capim";"Ulianópolis";"Total";"2019";590
"Social";"Educação";"Número de Matrículas em Creches por Dependência Administrativa";"Rio Capim";"Ulianópolis";"Total";"2020";581
"Social";"Educação";"Número de Matrículas em Creches por Dependência Administrativa";"Rio Capim";"Ulianópolis";"Total";"2021";598
"Social";"Educação";"Número de Matrículas em Creches por Dependência Administrativa";"Rio Capim";"Ulianópolis";"Total";"2022";642
"Social";"Educação";"Número de Matrículas em Creches por Dependência Administrativa";"Rio Capim";"Ulianópolis";"Total";"2023";685
"Social";"Educação";"Número de Matrículas em Creches por Dependência Administrativa";"Rio Capim";"Ulianópolis";"Total";"2024";679
"Social";"Educação";"Número de Matrículas em Creches por Dependência Administrativa";"Xingu";"Uruará";"Total";"2019";341
"Social";"Educação";"Número de Matrículas em Creches por Dependência Administrativa";"Xingu";"Uruará";"Total";"2020";356
"Social";"Educação";"Número de Matrículas em Creches por Dependência Administrativa";"Xingu";"Uruará";"Total";"2021";172
"Social";"Educação";"Número de Matrículas em Creches por Dependência Administrativa";"Xingu";"Uruará";"Total";"2022";231
"Social";"Educação";"Número de Matrículas em Creches por Dependência Administrativa";"Xingu";"Uruará";"Total";"2023";301
"Social";"Educação";"Número de Matrículas em Creches por Dependência Administrativa";"Xingu";"Uruará";"Total";"2024";278
"Social";"Educação";"Número de Matrículas em Creches por Dependência Administrativa";"Guamá";"Vigia";"Total";"2019";626
"Social";"Educação";"Número de Matrículas em Creches por Dependência Administrativa";"Guamá";"Vigia";"Total";"2020";573
"Social";"Educação";"Número de Matrículas em Creches por Dependência Administrativa";"Guamá";"Vigia";"Total";"2021";496
"Social";"Educação";"Número de Matrículas em Creches por Dependência Administrativa";"Guamá";"Vigia";"Total";"2022";597
"Social";"Educação";"Número de Matrículas em Creches por Dependência Administrativa";"Guamá";"Vigia";"Total";"2023";665
"Social";"Educação";"Número de Matrículas em Creches por Dependência Administrativa";"Guamá";"Vigia";"Total";"2024";622
"Social";"Educação";"Número de Matrículas em Creches por Dependência Administrativa";"Rio Caeté";"Viseu";"Total";"2019";1238
"Social";"Educação";"Número de Matrículas em Creches por Dependência Administrativa";"Rio Caeté";"Viseu";"Total";"2020";1127
"Social";"Educação";"Número de Matrículas em Creches por Dependência Administrativa";"Rio Caeté";"Viseu";"Total";"2021";1202
"Social";"Educação";"Número de Matrículas em Creches por Dependência Administrativa";"Rio Caeté";"Viseu";"Total";"2022";1477
"Social";"Educação";"Número de Matrículas em Creches por Dependência Administrativa";"Rio Caeté";"Viseu";"Total";"2023";1689
"Social";"Educação";"Número de Matrículas em Creches por Dependência Administrativa";"Rio Caeté";"Viseu";"Total";"2024";1704
"Social";"Educação";"Número de Matrículas em Creches por Dependência Administrativa";"Xingu";"Vitória do Xingu";"Total";"2019";319
"Social";"Educação";"Número de Matrículas em Creches por Dependência Administrativa";"Xingu";"Vitória do Xingu";"Total";"2020";280
"Social";"Educação";"Número de Matrículas em Creches por Dependência Administrativa";"Xingu";"Vitória do Xingu";"Total";"2021";269
"Social";"Educação";"Número de Matrículas em Creches por Dependência Administrativa";"Xingu";"Vitória do Xingu";"Total";"2022";263
"Social";"Educação";"Número de Matrículas em Creches por Dependência Administrativa";"Xingu";"Vitória do Xingu";"Total";"2023";262
"Social";"Educação";"Número de Matrículas em Creches por Dependência Administrativa";"Xingu";"Vitória do Xingu";"Total";"2024";290
"Social";"Educação";"Número de Matrículas em Creches por Dependência Administrativa";"Araguaia";"Xinguara";"Total";"2019";690
"Social";"Educação";"Número de Matrículas em Creches por Dependência Administrativa";"Araguaia";"Xinguara";"Total";"2020";753
"Social";"Educação";"Número de Matrículas em Creches por Dependência Administrativa";"Araguaia";"Xinguara";"Total";"2021";848
"Social";"Educação";"Número de Matrículas em Creches por Dependência Administrativa";"Araguaia";"Xinguara";"Total";"2022";956
"Social";"Educação";"Número de Matrículas em Creches por Dependência Administrativa";"Araguaia";"Xinguara";"Total";"2023";1081
"Social";"Educação";"Número de Matrículas em Creches por Dependência Administrativa";"Araguaia";"Xinguara";"Total";"2024";1250
