"tematica";"subtema";"indicador";"ri";"localidade";"categoria";"ano";"valor"
"Social";"Educação";"Estabelecimentos de Creche por Dependência Administrativa";"Pará";"Pará";"Federal";"2019";0
"Social";"Educação";"Estabelecimentos de Creche por Dependência Administrativa";"Pará";"Pará";"Federal";"2020";0
"Social";"Educação";"Estabelecimentos de Creche por Dependência Administrativa";"Pará";"Pará";"Federal";"2021";0
"Social";"Educação";"Estabelecimentos de Creche por Dependência Administrativa";"Pará";"Pará";"Federal";"2022";0
"Social";"Educação";"Estabelecimentos de Creche por Dependência Administrativa";"Pará";"Pará";"Federal";"2023";0
"Social";"Educação";"Estabelecimentos de Creche por Dependência Administrativa";"Pará";"Pará";"Federal";"2024";0
"Social";"Educação";"Estabelecimentos de Creche por Dependência Administrativa";"Tocantins";"Abaetetuba";"Federal";"2019";0
"Social";"Educação";"Estabelecimentos de Creche por Dependência Administrativa";"Tocantins";"Abaetetuba";"Federal";"2020";0
"Social";"Educação";"Estabelecimentos de Creche por Dependência Administrativa";"Tocantins";"Abaetetuba";"Federal";"2021";0
"Social";"Educação";"Estabelecimentos de Creche por Dependência Administrativa";"Tocantins";"Abaetetuba";"Federal";"2022";0
"Social";"Educação";"Estabelecimentos de Creche por Dependência Administrativa";"Tocantins";"Abaetetuba";"Federal";"2023";0
"Social";"Educação";"Estabelecimentos de Creche por Dependência Administrativa";"Tocantins";"Abaetetuba";"Federal";"2024";0
"Social";"Educação";"Estabelecimentos de Creche por Dependência Administrativa";"Rio Capim";"Abel Figueiredo";"Federal";"2019";0
"Social";"Educação";"Estabelecimentos de Creche por Dependência Administrativa";"Rio Capim";"Abel Figueiredo";"Federal";"2020";0
"Social";"Educação";"Estabelecimentos de Creche por Dependência Administrativa";"Rio Capim";"Abel Figueiredo";"Federal";"2021";0
"Social";"Educação";"Estabelecimentos de Creche por Dependência Administrativa";"Rio Capim";"Abel Figueiredo";"Federal";"2022";0
"Social";"Educação";"Estabelecimentos de Creche por Dependência Administrativa";"Rio Capim";"Abel Figueiredo";"Federal";"2023";0
"Social";"Educação";"Estabelecimentos de Creche por Dependência Administrativa";"Rio Capim";"Abel Figueiredo";"Federal";"2024";0
"Social";"Educação";"Estabelecimentos de Creche por Dependência Administrativa";"Tocantins";"Acará";"Federal";"2019";0
"Social";"Educação";"Estabelecimentos de Creche por Dependência Administrativa";"Tocantins";"Acará";"Federal";"2020";0
"Social";"Educação";"Estabelecimentos de Creche por Dependência Administrativa";"Tocantins";"Acará";"Federal";"2021";0
"Social";"Educação";"Estabelecimentos de Creche por Dependência Administrativa";"Tocantins";"Acará";"Federal";"2022";0
"Social";"Educação";"Estabelecimentos de Creche por Dependência Administrativa";"Tocantins";"Acará";"Federal";"2023";0
"Social";"Educação";"Estabelecimentos de Creche por Dependência Administrativa";"Tocantins";"Acará";"Federal";"2024";0
"Social";"Educação";"Estabelecimentos de Creche por Dependência Administrativa";"Marajó";"Afuá";"Federal";"2019";0
"Social";"Educação";"Estabelecimentos de Creche por Dependência Administrativa";"Marajó";"Afuá";"Federal";"2020";0
"Social";"Educação";"Estabelecimentos de Creche por Dependência Administrativa";"Marajó";"Afuá";"Federal";"2021";0
"Social";"Educação";"Estabelecimentos de Creche por Dependência Administrativa";"Marajó";"Afuá";"Federal";"2022";0
"Social";"Educação";"Estabelecimentos de Creche por Dependência Administrativa";"Marajó";"Afuá";"Federal";"2023";0
"Social";"Educação";"Estabelecimentos de Creche por Dependência Administrativa";"Marajó";"Afuá";"Federal";"2024";0
"Social";"Educação";"Estabelecimentos de Creche por Dependência Administrativa";"Araguaia";"Água Azul do Norte";"Federal";"2019";0
"Social";"Educação";"Estabelecimentos de Creche por Dependência Administrativa";"Araguaia";"Água Azul do Norte";"Federal";"2020";0
"Social";"Educação";"Estabelecimentos de Creche por Dependência Administrativa";"Araguaia";"Água Azul do Norte";"Federal";"2021";0
"Social";"Educação";"Estabelecimentos de Creche por Dependência Administrativa";"Araguaia";"Água Azul do Norte";"Federal";"2022";0
"Social";"Educação";"Estabelecimentos de Creche por Dependência Administrativa";"Araguaia";"Água Azul do Norte";"Federal";"2023";0
"Social";"Educação";"Estabelecimentos de Creche por Dependência Administrativa";"Araguaia";"Água Azul do Norte";"Federal";"2024";0
"Social";"Educação";"Estabelecimentos de Creche por Dependência Administrativa";"Baixo Amazonas";"Alenquer";"Federal";"2019";0
"Social";"Educação";"Estabelecimentos de Creche por Dependência Administrativa";"Baixo Amazonas";"Alenquer";"Federal";"2020";0
"Social";"Educação";"Estabelecimentos de Creche por Dependência Administrativa";"Baixo Amazonas";"Alenquer";"Federal";"2021";0
"Social";"Educação";"Estabelecimentos de Creche por Dependência Administrativa";"Baixo Amazonas";"Alenquer";"Federal";"2022";0
"Social";"Educação";"Estabelecimentos de Creche por Dependência Administrativa";"Baixo Amazonas";"Alenquer";"Federal";"2023";0
"Social";"Educação";"Estabelecimentos de Creche por Dependência Administrativa";"Baixo Amazonas";"Alenquer";"Federal";"2024";0
"Social";"Educação";"Estabelecimentos de Creche por Dependência Administrativa";"Baixo Amazonas";"Almeirim";"Federal";"2019";0
"Social";"Educação";"Estabelecimentos de Creche por Dependência Administrativa";"Baixo Amazonas";"Almeirim";"Federal";"2020";0
"Social";"Educação";"Estabelecimentos de Creche por Dependência Administrativa";"Baixo Amazonas";"Almeirim";"Federal";"2021";0
"Social";"Educação";"Estabelecimentos de Creche por Dependência Administrativa";"Baixo Amazonas";"Almeirim";"Federal";"2022";0
"Social";"Educação";"Estabelecimentos de Creche por Dependência Administrativa";"Baixo Amazonas";"Almeirim";"Federal";"2023";0
"Social";"Educação";"Estabelecimentos de Creche por Dependência Administrativa";"Baixo Amazonas";"Almeirim";"Federal";"2024";0
"Social";"Educação";"Estabelecimentos de Creche por Dependência Administrativa";"Xingu";"Altamira";"Federal";"2019";0
"Social";"Educação";"Estabelecimentos de Creche por Dependência Administrativa";"Xingu";"Altamira";"Federal";"2020";0
"Social";"Educação";"Estabelecimentos de Creche por Dependência Administrativa";"Xingu";"Altamira";"Federal";"2021";0
"Social";"Educação";"Estabelecimentos de Creche por Dependência Administrativa";"Xingu";"Altamira";"Federal";"2022";0
"Social";"Educação";"Estabelecimentos de Creche por Dependência Administrativa";"Xingu";"Altamira";"Federal";"2023";0
"Social";"Educação";"Estabelecimentos de Creche por Dependência Administrativa";"Xingu";"Altamira";"Federal";"2024";0
"Social";"Educação";"Estabelecimentos de Creche por Dependência Administrativa";"Marajó";"Anajás";"Federal";"2019";0
"Social";"Educação";"Estabelecimentos de Creche por Dependência Administrativa";"Marajó";"Anajás";"Federal";"2020";0
"Social";"Educação";"Estabelecimentos de Creche por Dependência Administrativa";"Marajó";"Anajás";"Federal";"2021";0
"Social";"Educação";"Estabelecimentos de Creche por Dependência Administrativa";"Marajó";"Anajás";"Federal";"2022";0
"Social";"Educação";"Estabelecimentos de Creche por Dependência Administrativa";"Marajó";"Anajás";"Federal";"2023";0
"Social";"Educação";"Estabelecimentos de Creche por Dependência Administrativa";"Marajó";"Anajás";"Federal";"2024";0
"Social";"Educação";"Estabelecimentos de Creche por Dependência Administrativa";"Guajará";"Ananindeua";"Federal";"2019";0
"Social";"Educação";"Estabelecimentos de Creche por Dependência Administrativa";"Guajará";"Ananindeua";"Federal";"2020";0
"Social";"Educação";"Estabelecimentos de Creche por Dependência Administrativa";"Guajará";"Ananindeua";"Federal";"2021";0
"Social";"Educação";"Estabelecimentos de Creche por Dependência Administrativa";"Guajará";"Ananindeua";"Federal";"2022";0
"Social";"Educação";"Estabelecimentos de Creche por Dependência Administrativa";"Guajará";"Ananindeua";"Federal";"2023";0
"Social";"Educação";"Estabelecimentos de Creche por Dependência Administrativa";"Guajará";"Ananindeua";"Federal";"2024";0
"Social";"Educação";"Estabelecimentos de Creche por Dependência Administrativa";"Xingu";"Anapu";"Federal";"2019";0
"Social";"Educação";"Estabelecimentos de Creche por Dependência Administrativa";"Xingu";"Anapu";"Federal";"2020";0
"Social";"Educação";"Estabelecimentos de Creche por Dependência Administrativa";"Xingu";"Anapu";"Federal";"2021";0
"Social";"Educação";"Estabelecimentos de Creche por Dependência Administrativa";"Xingu";"Anapu";"Federal";"2022";0
"Social";"Educação";"Estabelecimentos de Creche por Dependência Administrativa";"Xingu";"Anapu";"Federal";"2023";0
"Social";"Educação";"Estabelecimentos de Creche por Dependência Administrativa";"Xingu";"Anapu";"Federal";"2024";0
"Social";"Educação";"Estabelecimentos de Creche por Dependência Administrativa";"Rio Caeté";"Augusto Corrêa";"Federal";"2019";0
"Social";"Educação";"Estabelecimentos de Creche por Dependência Administrativa";"Rio Caeté";"Augusto Corrêa";"Federal";"2020";0
"Social";"Educação";"Estabelecimentos de Creche por Dependência Administrativa";"Rio Caeté";"Augusto Corrêa";"Federal";"2021";0
"Social";"Educação";"Estabelecimentos de Creche por Dependência Administrativa";"Rio Caeté";"Augusto Corrêa";"Federal";"2022";0
"Social";"Educação";"Estabelecimentos de Creche por Dependência Administrativa";"Rio Caeté";"Augusto Corrêa";"Federal";"2023";0
"Social";"Educação";"Estabelecimentos de Creche por Dependência Administrativa";"Rio Caeté";"Augusto Corrêa";"Federal";"2024";0
"Social";"Educação";"Estabelecimentos de Creche por Dependência Administrativa";"Rio Capim";"Aurora do Pará";"Federal";"2019";0
"Social";"Educação";"Estabelecimentos de Creche por Dependência Administrativa";"Rio Capim";"Aurora do Pará";"Federal";"2020";0
"Social";"Educação";"Estabelecimentos de Creche por Dependência Administrativa";"Rio Capim";"Aurora do Pará";"Federal";"2021";0
"Social";"Educação";"Estabelecimentos de Creche por Dependência Administrativa";"Rio Capim";"Aurora do Pará";"Federal";"2022";0
"Social";"Educação";"Estabelecimentos de Creche por Dependência Administrativa";"Rio Capim";"Aurora do Pará";"Federal";"2023";0
"Social";"Educação";"Estabelecimentos de Creche por Dependência Administrativa";"Rio Capim";"Aurora do Pará";"Federal";"2024";0
"Social";"Educação";"Estabelecimentos de Creche por Dependência Administrativa";"Tapajós";"Aveiro";"Federal";"2019";0
"Social";"Educação";"Estabelecimentos de Creche por Dependência Administrativa";"Tapajós";"Aveiro";"Federal";"2020";0
"Social";"Educação";"Estabelecimentos de Creche por Dependência Administrativa";"Tapajós";"Aveiro";"Federal";"2021";0
"Social";"Educação";"Estabelecimentos de Creche por Dependência Administrativa";"Tapajós";"Aveiro";"Federal";"2022";0
"Social";"Educação";"Estabelecimentos de Creche por Dependência Administrativa";"Tapajós";"Aveiro";"Federal";"2023";0
"Social";"Educação";"Estabelecimentos de Creche por Dependência Administrativa";"Tapajós";"Aveiro";"Federal";"2024";0
"Social";"Educação";"Estabelecimentos de Creche por Dependência Administrativa";"Marajó";"Bagre";"Federal";"2019";0
"Social";"Educação";"Estabelecimentos de Creche por Dependência Administrativa";"Marajó";"Bagre";"Federal";"2020";0
"Social";"Educação";"Estabelecimentos de Creche por Dependência Administrativa";"Marajó";"Bagre";"Federal";"2021";0
"Social";"Educação";"Estabelecimentos de Creche por Dependência Administrativa";"Marajó";"Bagre";"Federal";"2022";0
"Social";"Educação";"Estabelecimentos de Creche por Dependência Administrativa";"Marajó";"Bagre";"Federal";"2023";0
"Social";"Educação";"Estabelecimentos de Creche por Dependência Administrativa";"Marajó";"Bagre";"Federal";"2024";0
"Social";"Educação";"Estabelecimentos de Creche por Dependência Administrativa";"Tocantins";"Baião";"Federal";"2019";0
"Social";"Educação";"Estabelecimentos de Creche por Dependência Administrativa";"Tocantins";"Baião";"Federal";"2020";0
"Social";"Educação";"Estabelecimentos de Creche por Dependência Administrativa";"Tocantins";"Baião";"Federal";"2021";0
"Social";"Educação";"Estabelecimentos de Creche por Dependência Administrativa";"Tocantins";"Baião";"Federal";"2022";0
"Social";"Educação";"Estabelecimentos de Creche por Dependência Administrativa";"Tocantins";"Baião";"Federal";"2023";0
"Social";"Educação";"Estabelecimentos de Creche por Dependência Administrativa";"Tocantins";"Baião";"Federal";"2024";0
"Social";"Educação";"Estabelecimentos de Creche por Dependência Administrativa";"Araguaia";"Bannach";"Federal";"2019";0
"Social";"Educação";"Estabelecimentos de Creche por Dependência Administrativa";"Araguaia";"Bannach";"Federal";"2020";0
"Social";"Educação";"Estabelecimentos de Creche por Dependência Administrativa";"Araguaia";"Bannach";"Federal";"2021";0
"Social";"Educação";"Estabelecimentos de Creche por Dependência Administrativa";"Araguaia";"Bannach";"Federal";"2022";0
"Social";"Educação";"Estabelecimentos de Creche por Dependência Administrativa";"Araguaia";"Bannach";"Federal";"2023";0
"Social";"Educação";"Estabelecimentos de Creche por Dependência Administrativa";"Araguaia";"Bannach";"Federal";"2024";0
"Social";"Educação";"Estabelecimentos de Creche por Dependência Administrativa";"Tocantins";"Barcarena";"Federal";"2019";0
"Social";"Educação";"Estabelecimentos de Creche por Dependência Administrativa";"Tocantins";"Barcarena";"Federal";"2020";0
"Social";"Educação";"Estabelecimentos de Creche por Dependência Administrativa";"Tocantins";"Barcarena";"Federal";"2021";0
"Social";"Educação";"Estabelecimentos de Creche por Dependência Administrativa";"Tocantins";"Barcarena";"Federal";"2022";0
"Social";"Educação";"Estabelecimentos de Creche por Dependência Administrativa";"Tocantins";"Barcarena";"Federal";"2023";0
"Social";"Educação";"Estabelecimentos de Creche por Dependência Administrativa";"Tocantins";"Barcarena";"Federal";"2024";0
"Social";"Educação";"Estabelecimentos de Creche por Dependência Administrativa";"Guajará";"Belém";"Federal";"2019";0
"Social";"Educação";"Estabelecimentos de Creche por Dependência Administrativa";"Guajará";"Belém";"Federal";"2020";0
"Social";"Educação";"Estabelecimentos de Creche por Dependência Administrativa";"Guajará";"Belém";"Federal";"2021";0
"Social";"Educação";"Estabelecimentos de Creche por Dependência Administrativa";"Guajará";"Belém";"Federal";"2022";0
"Social";"Educação";"Estabelecimentos de Creche por Dependência Administrativa";"Guajará";"Belém";"Federal";"2023";0
"Social";"Educação";"Estabelecimentos de Creche por Dependência Administrativa";"Guajará";"Belém";"Federal";"2024";0
"Social";"Educação";"Estabelecimentos de Creche por Dependência Administrativa";"Baixo Amazonas";"Belterra";"Federal";"2019";0
"Social";"Educação";"Estabelecimentos de Creche por Dependência Administrativa";"Baixo Amazonas";"Belterra";"Federal";"2020";0
"Social";"Educação";"Estabelecimentos de Creche por Dependência Administrativa";"Baixo Amazonas";"Belterra";"Federal";"2021";0
"Social";"Educação";"Estabelecimentos de Creche por Dependência Administrativa";"Baixo Amazonas";"Belterra";"Federal";"2022";0
"Social";"Educação";"Estabelecimentos de Creche por Dependência Administrativa";"Baixo Amazonas";"Belterra";"Federal";"2023";0
"Social";"Educação";"Estabelecimentos de Creche por Dependência Administrativa";"Baixo Amazonas";"Belterra";"Federal";"2024";0
"Social";"Educação";"Estabelecimentos de Creche por Dependência Administrativa";"Guajará";"Benevides";"Federal";"2019";0
"Social";"Educação";"Estabelecimentos de Creche por Dependência Administrativa";"Guajará";"Benevides";"Federal";"2020";0
"Social";"Educação";"Estabelecimentos de Creche por Dependência Administrativa";"Guajará";"Benevides";"Federal";"2021";0
"Social";"Educação";"Estabelecimentos de Creche por Dependência Administrativa";"Guajará";"Benevides";"Federal";"2022";0
"Social";"Educação";"Estabelecimentos de Creche por Dependência Administrativa";"Guajará";"Benevides";"Federal";"2023";0
"Social";"Educação";"Estabelecimentos de Creche por Dependência Administrativa";"Guajará";"Benevides";"Federal";"2024";0
"Social";"Educação";"Estabelecimentos de Creche por Dependência Administrativa";"Carajás";"Bom Jesus do Tocantins";"Federal";"2019";0
"Social";"Educação";"Estabelecimentos de Creche por Dependência Administrativa";"Carajás";"Bom Jesus do Tocantins";"Federal";"2020";0
"Social";"Educação";"Estabelecimentos de Creche por Dependência Administrativa";"Carajás";"Bom Jesus do Tocantins";"Federal";"2021";0
"Social";"Educação";"Estabelecimentos de Creche por Dependência Administrativa";"Carajás";"Bom Jesus do Tocantins";"Federal";"2022";0
"Social";"Educação";"Estabelecimentos de Creche por Dependência Administrativa";"Carajás";"Bom Jesus do Tocantins";"Federal";"2023";0
"Social";"Educação";"Estabelecimentos de Creche por Dependência Administrativa";"Carajás";"Bom Jesus do Tocantins";"Federal";"2024";0
"Social";"Educação";"Estabelecimentos de Creche por Dependência Administrativa";"Rio Caeté";"Bonito";"Federal";"2019";0
"Social";"Educação";"Estabelecimentos de Creche por Dependência Administrativa";"Rio Caeté";"Bonito";"Federal";"2020";0
"Social";"Educação";"Estabelecimentos de Creche por Dependência Administrativa";"Rio Caeté";"Bonito";"Federal";"2021";0
"Social";"Educação";"Estabelecimentos de Creche por Dependência Administrativa";"Rio Caeté";"Bonito";"Federal";"2022";0
"Social";"Educação";"Estabelecimentos de Creche por Dependência Administrativa";"Rio Caeté";"Bonito";"Federal";"2023";0
"Social";"Educação";"Estabelecimentos de Creche por Dependência Administrativa";"Rio Caeté";"Bonito";"Federal";"2024";0
"Social";"Educação";"Estabelecimentos de Creche por Dependência Administrativa";"Rio Caeté";"Bragança";"Federal";"2019";0
"Social";"Educação";"Estabelecimentos de Creche por Dependência Administrativa";"Rio Caeté";"Bragança";"Federal";"2020";0
"Social";"Educação";"Estabelecimentos de Creche por Dependência Administrativa";"Rio Caeté";"Bragança";"Federal";"2021";0
"Social";"Educação";"Estabelecimentos de Creche por Dependência Administrativa";"Rio Caeté";"Bragança";"Federal";"2022";0
"Social";"Educação";"Estabelecimentos de Creche por Dependência Administrativa";"Rio Caeté";"Bragança";"Federal";"2023";0
"Social";"Educação";"Estabelecimentos de Creche por Dependência Administrativa";"Rio Caeté";"Bragança";"Federal";"2024";0
"Social";"Educação";"Estabelecimentos de Creche por Dependência Administrativa";"Xingu";"Brasil Novo";"Federal";"2019";0
"Social";"Educação";"Estabelecimentos de Creche por Dependência Administrativa";"Xingu";"Brasil Novo";"Federal";"2020";0
"Social";"Educação";"Estabelecimentos de Creche por Dependência Administrativa";"Xingu";"Brasil Novo";"Federal";"2021";0
"Social";"Educação";"Estabelecimentos de Creche por Dependência Administrativa";"Xingu";"Brasil Novo";"Federal";"2022";0
"Social";"Educação";"Estabelecimentos de Creche por Dependência Administrativa";"Xingu";"Brasil Novo";"Federal";"2023";0
"Social";"Educação";"Estabelecimentos de Creche por Dependência Administrativa";"Xingu";"Brasil Novo";"Federal";"2024";0
"Social";"Educação";"Estabelecimentos de Creche por Dependência Administrativa";"Carajás";"Brejo Grande do Araguaia";"Federal";"2019";0
"Social";"Educação";"Estabelecimentos de Creche por Dependência Administrativa";"Carajás";"Brejo Grande do Araguaia";"Federal";"2020";0
"Social";"Educação";"Estabelecimentos de Creche por Dependência Administrativa";"Carajás";"Brejo Grande do Araguaia";"Federal";"2021";0
"Social";"Educação";"Estabelecimentos de Creche por Dependência Administrativa";"Carajás";"Brejo Grande do Araguaia";"Federal";"2022";0
"Social";"Educação";"Estabelecimentos de Creche por Dependência Administrativa";"Carajás";"Brejo Grande do Araguaia";"Federal";"2023";0
"Social";"Educação";"Estabelecimentos de Creche por Dependência Administrativa";"Carajás";"Brejo Grande do Araguaia";"Federal";"2024";0
"Social";"Educação";"Estabelecimentos de Creche por Dependência Administrativa";"Lago de Tucuruí";"Breu Branco";"Federal";"2019";0
"Social";"Educação";"Estabelecimentos de Creche por Dependência Administrativa";"Lago de Tucuruí";"Breu Branco";"Federal";"2020";0
"Social";"Educação";"Estabelecimentos de Creche por Dependência Administrativa";"Lago de Tucuruí";"Breu Branco";"Federal";"2021";0
"Social";"Educação";"Estabelecimentos de Creche por Dependência Administrativa";"Lago de Tucuruí";"Breu Branco";"Federal";"2022";0
"Social";"Educação";"Estabelecimentos de Creche por Dependência Administrativa";"Lago de Tucuruí";"Breu Branco";"Federal";"2023";0
"Social";"Educação";"Estabelecimentos de Creche por Dependência Administrativa";"Lago de Tucuruí";"Breu Branco";"Federal";"2024";0
"Social";"Educação";"Estabelecimentos de Creche por Dependência Administrativa";"Marajó";"Breves";"Federal";"2019";0
"Social";"Educação";"Estabelecimentos de Creche por Dependência Administrativa";"Marajó";"Breves";"Federal";"2020";0
"Social";"Educação";"Estabelecimentos de Creche por Dependência Administrativa";"Marajó";"Breves";"Federal";"2021";0
"Social";"Educação";"Estabelecimentos de Creche por Dependência Administrativa";"Marajó";"Breves";"Federal";"2022";0
"Social";"Educação";"Estabelecimentos de Creche por Dependência Administrativa";"Marajó";"Breves";"Federal";"2023";0
"Social";"Educação";"Estabelecimentos de Creche por Dependência Administrativa";"Marajó";"Breves";"Federal";"2024";0
"Social";"Educação";"Estabelecimentos de Creche por Dependência Administrativa";"Rio Capim";"Bujaru";"Federal";"2019";0
"Social";"Educação";"Estabelecimentos de Creche por Dependência Administrativa";"Rio Capim";"Bujaru";"Federal";"2020";0
"Social";"Educação";"Estabelecimentos de Creche por Dependência Administrativa";"Rio Capim";"Bujaru";"Federal";"2021";0
"Social";"Educação";"Estabelecimentos de Creche por Dependência Administrativa";"Rio Capim";"Bujaru";"Federal";"2022";0
"Social";"Educação";"Estabelecimentos de Creche por Dependência Administrativa";"Rio Capim";"Bujaru";"Federal";"2023";0
"Social";"Educação";"Estabelecimentos de Creche por Dependência Administrativa";"Rio Capim";"Bujaru";"Federal";"2024";0
"Social";"Educação";"Estabelecimentos de Creche por Dependência Administrativa";"Marajó";"Cachoeira do Arari";"Federal";"2019";0
"Social";"Educação";"Estabelecimentos de Creche por Dependência Administrativa";"Marajó";"Cachoeira do Arari";"Federal";"2020";0
"Social";"Educação";"Estabelecimentos de Creche por Dependência Administrativa";"Marajó";"Cachoeira do Arari";"Federal";"2021";0
"Social";"Educação";"Estabelecimentos de Creche por Dependência Administrativa";"Marajó";"Cachoeira do Arari";"Federal";"2022";0
"Social";"Educação";"Estabelecimentos de Creche por Dependência Administrativa";"Marajó";"Cachoeira do Arari";"Federal";"2023";0
"Social";"Educação";"Estabelecimentos de Creche por Dependência Administrativa";"Marajó";"Cachoeira do Arari";"Federal";"2024";0
"Social";"Educação";"Estabelecimentos de Creche por Dependência Administrativa";"Rio Caeté";"Cachoeira do Piriá";"Federal";"2019";0
"Social";"Educação";"Estabelecimentos de Creche por Dependência Administrativa";"Rio Caeté";"Cachoeira do Piriá";"Federal";"2020";0
"Social";"Educação";"Estabelecimentos de Creche por Dependência Administrativa";"Rio Caeté";"Cachoeira do Piriá";"Federal";"2021";0
"Social";"Educação";"Estabelecimentos de Creche por Dependência Administrativa";"Rio Caeté";"Cachoeira do Piriá";"Federal";"2022";0
"Social";"Educação";"Estabelecimentos de Creche por Dependência Administrativa";"Rio Caeté";"Cachoeira do Piriá";"Federal";"2023";0
"Social";"Educação";"Estabelecimentos de Creche por Dependência Administrativa";"Rio Caeté";"Cachoeira do Piriá";"Federal";"2024";0
"Social";"Educação";"Estabelecimentos de Creche por Dependência Administrativa";"Tocantins";"Cametá";"Federal";"2019";0
"Social";"Educação";"Estabelecimentos de Creche por Dependência Administrativa";"Tocantins";"Cametá";"Federal";"2020";0
"Social";"Educação";"Estabelecimentos de Creche por Dependência Administrativa";"Tocantins";"Cametá";"Federal";"2021";0
"Social";"Educação";"Estabelecimentos de Creche por Dependência Administrativa";"Tocantins";"Cametá";"Federal";"2022";0
"Social";"Educação";"Estabelecimentos de Creche por Dependência Administrativa";"Tocantins";"Cametá";"Federal";"2023";0
"Social";"Educação";"Estabelecimentos de Creche por Dependência Administrativa";"Tocantins";"Cametá";"Federal";"2024";0
"Social";"Educação";"Estabelecimentos de Creche por Dependência Administrativa";"Carajás";"Canaã dos Carajás";"Federal";"2019";0
"Social";"Educação";"Estabelecimentos de Creche por Dependência Administrativa";"Carajás";"Canaã dos Carajás";"Federal";"2020";0
"Social";"Educação";"Estabelecimentos de Creche por Dependência Administrativa";"Carajás";"Canaã dos Carajás";"Federal";"2021";0
"Social";"Educação";"Estabelecimentos de Creche por Dependência Administrativa";"Carajás";"Canaã dos Carajás";"Federal";"2022";0
"Social";"Educação";"Estabelecimentos de Creche por Dependência Administrativa";"Carajás";"Canaã dos Carajás";"Federal";"2023";0
"Social";"Educação";"Estabelecimentos de Creche por Dependência Administrativa";"Carajás";"Canaã dos Carajás";"Federal";"2024";0
"Social";"Educação";"Estabelecimentos de Creche por Dependência Administrativa";"Rio Caeté";"Capanema";"Federal";"2019";0
"Social";"Educação";"Estabelecimentos de Creche por Dependência Administrativa";"Rio Caeté";"Capanema";"Federal";"2020";0
"Social";"Educação";"Estabelecimentos de Creche por Dependência Administrativa";"Rio Caeté";"Capanema";"Federal";"2021";0
"Social";"Educação";"Estabelecimentos de Creche por Dependência Administrativa";"Rio Caeté";"Capanema";"Federal";"2022";0
"Social";"Educação";"Estabelecimentos de Creche por Dependência Administrativa";"Rio Caeté";"Capanema";"Federal";"2023";0
"Social";"Educação";"Estabelecimentos de Creche por Dependência Administrativa";"Rio Caeté";"Capanema";"Federal";"2024";0
"Social";"Educação";"Estabelecimentos de Creche por Dependência Administrativa";"Rio Capim";"Capitão Poço";"Federal";"2019";0
"Social";"Educação";"Estabelecimentos de Creche por Dependência Administrativa";"Rio Capim";"Capitão Poço";"Federal";"2020";0
"Social";"Educação";"Estabelecimentos de Creche por Dependência Administrativa";"Rio Capim";"Capitão Poço";"Federal";"2021";0
"Social";"Educação";"Estabelecimentos de Creche por Dependência Administrativa";"Rio Capim";"Capitão Poço";"Federal";"2022";0
"Social";"Educação";"Estabelecimentos de Creche por Dependência Administrativa";"Rio Capim";"Capitão Poço";"Federal";"2023";0
"Social";"Educação";"Estabelecimentos de Creche por Dependência Administrativa";"Rio Capim";"Capitão Poço";"Federal";"2024";0
"Social";"Educação";"Estabelecimentos de Creche por Dependência Administrativa";"Guamá";"Castanhal";"Federal";"2019";0
"Social";"Educação";"Estabelecimentos de Creche por Dependência Administrativa";"Guamá";"Castanhal";"Federal";"2020";0
"Social";"Educação";"Estabelecimentos de Creche por Dependência Administrativa";"Guamá";"Castanhal";"Federal";"2021";0
"Social";"Educação";"Estabelecimentos de Creche por Dependência Administrativa";"Guamá";"Castanhal";"Federal";"2022";0
"Social";"Educação";"Estabelecimentos de Creche por Dependência Administrativa";"Guamá";"Castanhal";"Federal";"2023";0
"Social";"Educação";"Estabelecimentos de Creche por Dependência Administrativa";"Guamá";"Castanhal";"Federal";"2024";0
"Social";"Educação";"Estabelecimentos de Creche por Dependência Administrativa";"Marajó";"Chaves";"Federal";"2019";0
"Social";"Educação";"Estabelecimentos de Creche por Dependência Administrativa";"Marajó";"Chaves";"Federal";"2020";0
"Social";"Educação";"Estabelecimentos de Creche por Dependência Administrativa";"Marajó";"Chaves";"Federal";"2021";0
"Social";"Educação";"Estabelecimentos de Creche por Dependência Administrativa";"Marajó";"Chaves";"Federal";"2022";0
"Social";"Educação";"Estabelecimentos de Creche por Dependência Administrativa";"Marajó";"Chaves";"Federal";"2023";0
"Social";"Educação";"Estabelecimentos de Creche por Dependência Administrativa";"Marajó";"Chaves";"Federal";"2024";0
"Social";"Educação";"Estabelecimentos de Creche por Dependência Administrativa";"Guamá";"Colares";"Federal";"2019";0
"Social";"Educação";"Estabelecimentos de Creche por Dependência Administrativa";"Guamá";"Colares";"Federal";"2020";0
"Social";"Educação";"Estabelecimentos de Creche por Dependência Administrativa";"Guamá";"Colares";"Federal";"2021";0
"Social";"Educação";"Estabelecimentos de Creche por Dependência Administrativa";"Guamá";"Colares";"Federal";"2022";0
"Social";"Educação";"Estabelecimentos de Creche por Dependência Administrativa";"Guamá";"Colares";"Federal";"2023";0
"Social";"Educação";"Estabelecimentos de Creche por Dependência Administrativa";"Guamá";"Colares";"Federal";"2024";0
"Social";"Educação";"Estabelecimentos de Creche por Dependência Administrativa";"Araguaia";"Conceição do Araguaia";"Federal";"2019";0
"Social";"Educação";"Estabelecimentos de Creche por Dependência Administrativa";"Araguaia";"Conceição do Araguaia";"Federal";"2020";0
"Social";"Educação";"Estabelecimentos de Creche por Dependência Administrativa";"Araguaia";"Conceição do Araguaia";"Federal";"2021";0
"Social";"Educação";"Estabelecimentos de Creche por Dependência Administrativa";"Araguaia";"Conceição do Araguaia";"Federal";"2022";0
"Social";"Educação";"Estabelecimentos de Creche por Dependência Administrativa";"Araguaia";"Conceição do Araguaia";"Federal";"2023";0
"Social";"Educação";"Estabelecimentos de Creche por Dependência Administrativa";"Araguaia";"Conceição do Araguaia";"Federal";"2024";0
"Social";"Educação";"Estabelecimentos de Creche por Dependência Administrativa";"Rio Capim";"Concórdia do Pará";"Federal";"2019";0
"Social";"Educação";"Estabelecimentos de Creche por Dependência Administrativa";"Rio Capim";"Concórdia do Pará";"Federal";"2020";0
"Social";"Educação";"Estabelecimentos de Creche por Dependência Administrativa";"Rio Capim";"Concórdia do Pará";"Federal";"2021";0
"Social";"Educação";"Estabelecimentos de Creche por Dependência Administrativa";"Rio Capim";"Concórdia do Pará";"Federal";"2022";0
"Social";"Educação";"Estabelecimentos de Creche por Dependência Administrativa";"Rio Capim";"Concórdia do Pará";"Federal";"2023";0
"Social";"Educação";"Estabelecimentos de Creche por Dependência Administrativa";"Rio Capim";"Concórdia do Pará";"Federal";"2024";0
"Social";"Educação";"Estabelecimentos de Creche por Dependência Administrativa";"Araguaia";"Cumaru do Norte";"Federal";"2019";0
"Social";"Educação";"Estabelecimentos de Creche por Dependência Administrativa";"Araguaia";"Cumaru do Norte";"Federal";"2020";0
"Social";"Educação";"Estabelecimentos de Creche por Dependência Administrativa";"Araguaia";"Cumaru do Norte";"Federal";"2021";0
"Social";"Educação";"Estabelecimentos de Creche por Dependência Administrativa";"Araguaia";"Cumaru do Norte";"Federal";"2022";0
"Social";"Educação";"Estabelecimentos de Creche por Dependência Administrativa";"Araguaia";"Cumaru do Norte";"Federal";"2023";0
"Social";"Educação";"Estabelecimentos de Creche por Dependência Administrativa";"Araguaia";"Cumaru do Norte";"Federal";"2024";0
"Social";"Educação";"Estabelecimentos de Creche por Dependência Administrativa";"Carajás";"Curionópolis";"Federal";"2019";0
"Social";"Educação";"Estabelecimentos de Creche por Dependência Administrativa";"Carajás";"Curionópolis";"Federal";"2020";0
"Social";"Educação";"Estabelecimentos de Creche por Dependência Administrativa";"Carajás";"Curionópolis";"Federal";"2021";0
"Social";"Educação";"Estabelecimentos de Creche por Dependência Administrativa";"Carajás";"Curionópolis";"Federal";"2022";0
"Social";"Educação";"Estabelecimentos de Creche por Dependência Administrativa";"Carajás";"Curionópolis";"Federal";"2023";0
"Social";"Educação";"Estabelecimentos de Creche por Dependência Administrativa";"Carajás";"Curionópolis";"Federal";"2024";0
"Social";"Educação";"Estabelecimentos de Creche por Dependência Administrativa";"Marajó";"Curralinho";"Federal";"2019";0
"Social";"Educação";"Estabelecimentos de Creche por Dependência Administrativa";"Marajó";"Curralinho";"Federal";"2020";0
"Social";"Educação";"Estabelecimentos de Creche por Dependência Administrativa";"Marajó";"Curralinho";"Federal";"2021";0
"Social";"Educação";"Estabelecimentos de Creche por Dependência Administrativa";"Marajó";"Curralinho";"Federal";"2022";0
"Social";"Educação";"Estabelecimentos de Creche por Dependência Administrativa";"Marajó";"Curralinho";"Federal";"2023";0
"Social";"Educação";"Estabelecimentos de Creche por Dependência Administrativa";"Marajó";"Curralinho";"Federal";"2024";0
"Social";"Educação";"Estabelecimentos de Creche por Dependência Administrativa";"Baixo Amazonas";"Curuá";"Federal";"2019";0
"Social";"Educação";"Estabelecimentos de Creche por Dependência Administrativa";"Baixo Amazonas";"Curuá";"Federal";"2020";0
"Social";"Educação";"Estabelecimentos de Creche por Dependência Administrativa";"Baixo Amazonas";"Curuá";"Federal";"2021";0
"Social";"Educação";"Estabelecimentos de Creche por Dependência Administrativa";"Baixo Amazonas";"Curuá";"Federal";"2022";0
"Social";"Educação";"Estabelecimentos de Creche por Dependência Administrativa";"Baixo Amazonas";"Curuá";"Federal";"2023";0
"Social";"Educação";"Estabelecimentos de Creche por Dependência Administrativa";"Baixo Amazonas";"Curuá";"Federal";"2024";0
"Social";"Educação";"Estabelecimentos de Creche por Dependência Administrativa";"Guamá";"Curuçá";"Federal";"2019";0
"Social";"Educação";"Estabelecimentos de Creche por Dependência Administrativa";"Guamá";"Curuçá";"Federal";"2020";0
"Social";"Educação";"Estabelecimentos de Creche por Dependência Administrativa";"Guamá";"Curuçá";"Federal";"2021";0
"Social";"Educação";"Estabelecimentos de Creche por Dependência Administrativa";"Guamá";"Curuçá";"Federal";"2022";0
"Social";"Educação";"Estabelecimentos de Creche por Dependência Administrativa";"Guamá";"Curuçá";"Federal";"2023";0
"Social";"Educação";"Estabelecimentos de Creche por Dependência Administrativa";"Guamá";"Curuçá";"Federal";"2024";0
"Social";"Educação";"Estabelecimentos de Creche por Dependência Administrativa";"Rio Capim";"Dom Eliseu";"Federal";"2019";0
"Social";"Educação";"Estabelecimentos de Creche por Dependência Administrativa";"Rio Capim";"Dom Eliseu";"Federal";"2020";0
"Social";"Educação";"Estabelecimentos de Creche por Dependência Administrativa";"Rio Capim";"Dom Eliseu";"Federal";"2021";0
"Social";"Educação";"Estabelecimentos de Creche por Dependência Administrativa";"Rio Capim";"Dom Eliseu";"Federal";"2022";0
"Social";"Educação";"Estabelecimentos de Creche por Dependência Administrativa";"Rio Capim";"Dom Eliseu";"Federal";"2023";0
"Social";"Educação";"Estabelecimentos de Creche por Dependência Administrativa";"Rio Capim";"Dom Eliseu";"Federal";"2024";0
"Social";"Educação";"Estabelecimentos de Creche por Dependência Administrativa";"Carajás";"Eldorado do Carajás";"Federal";"2019";0
"Social";"Educação";"Estabelecimentos de Creche por Dependência Administrativa";"Carajás";"Eldorado do Carajás";"Federal";"2020";0
"Social";"Educação";"Estabelecimentos de Creche por Dependência Administrativa";"Carajás";"Eldorado do Carajás";"Federal";"2021";0
"Social";"Educação";"Estabelecimentos de Creche por Dependência Administrativa";"Carajás";"Eldorado do Carajás";"Federal";"2022";0
"Social";"Educação";"Estabelecimentos de Creche por Dependência Administrativa";"Carajás";"Eldorado do Carajás";"Federal";"2023";0
"Social";"Educação";"Estabelecimentos de Creche por Dependência Administrativa";"Carajás";"Eldorado do Carajás";"Federal";"2024";0
"Social";"Educação";"Estabelecimentos de Creche por Dependência Administrativa";"Baixo Amazonas";"Faro";"Federal";"2019";0
"Social";"Educação";"Estabelecimentos de Creche por Dependência Administrativa";"Baixo Amazonas";"Faro";"Federal";"2020";0
"Social";"Educação";"Estabelecimentos de Creche por Dependência Administrativa";"Baixo Amazonas";"Faro";"Federal";"2021";0
"Social";"Educação";"Estabelecimentos de Creche por Dependência Administrativa";"Baixo Amazonas";"Faro";"Federal";"2022";0
"Social";"Educação";"Estabelecimentos de Creche por Dependência Administrativa";"Baixo Amazonas";"Faro";"Federal";"2023";0
"Social";"Educação";"Estabelecimentos de Creche por Dependência Administrativa";"Baixo Amazonas";"Faro";"Federal";"2024";0
"Social";"Educação";"Estabelecimentos de Creche por Dependência Administrativa";"Araguaia";"Floresta do Araguaia";"Federal";"2019";0
"Social";"Educação";"Estabelecimentos de Creche por Dependência Administrativa";"Araguaia";"Floresta do Araguaia";"Federal";"2020";0
"Social";"Educação";"Estabelecimentos de Creche por Dependência Administrativa";"Araguaia";"Floresta do Araguaia";"Federal";"2021";0
"Social";"Educação";"Estabelecimentos de Creche por Dependência Administrativa";"Araguaia";"Floresta do Araguaia";"Federal";"2022";0
"Social";"Educação";"Estabelecimentos de Creche por Dependência Administrativa";"Araguaia";"Floresta do Araguaia";"Federal";"2023";0
"Social";"Educação";"Estabelecimentos de Creche por Dependência Administrativa";"Araguaia";"Floresta do Araguaia";"Federal";"2024";0
"Social";"Educação";"Estabelecimentos de Creche por Dependência Administrativa";"Rio Capim";"Garrafão do Norte";"Federal";"2019";0
"Social";"Educação";"Estabelecimentos de Creche por Dependência Administrativa";"Rio Capim";"Garrafão do Norte";"Federal";"2020";0
"Social";"Educação";"Estabelecimentos de Creche por Dependência Administrativa";"Rio Capim";"Garrafão do Norte";"Federal";"2021";0
"Social";"Educação";"Estabelecimentos de Creche por Dependência Administrativa";"Rio Capim";"Garrafão do Norte";"Federal";"2022";0
"Social";"Educação";"Estabelecimentos de Creche por Dependência Administrativa";"Rio Capim";"Garrafão do Norte";"Federal";"2023";0
"Social";"Educação";"Estabelecimentos de Creche por Dependência Administrativa";"Rio Capim";"Garrafão do Norte";"Federal";"2024";0
"Social";"Educação";"Estabelecimentos de Creche por Dependência Administrativa";"Lago de Tucuruí";"Goianésia do Pará";"Federal";"2019";0
"Social";"Educação";"Estabelecimentos de Creche por Dependência Administrativa";"Lago de Tucuruí";"Goianésia do Pará";"Federal";"2020";0
"Social";"Educação";"Estabelecimentos de Creche por Dependência Administrativa";"Lago de Tucuruí";"Goianésia do Pará";"Federal";"2021";0
"Social";"Educação";"Estabelecimentos de Creche por Dependência Administrativa";"Lago de Tucuruí";"Goianésia do Pará";"Federal";"2022";0
"Social";"Educação";"Estabelecimentos de Creche por Dependência Administrativa";"Lago de Tucuruí";"Goianésia do Pará";"Federal";"2023";0
"Social";"Educação";"Estabelecimentos de Creche por Dependência Administrativa";"Lago de Tucuruí";"Goianésia do Pará";"Federal";"2024";0
"Social";"Educação";"Estabelecimentos de Creche por Dependência Administrativa";"Marajó";"Gurupá";"Federal";"2019";0
"Social";"Educação";"Estabelecimentos de Creche por Dependência Administrativa";"Marajó";"Gurupá";"Federal";"2020";0
"Social";"Educação";"Estabelecimentos de Creche por Dependência Administrativa";"Marajó";"Gurupá";"Federal";"2021";0
"Social";"Educação";"Estabelecimentos de Creche por Dependência Administrativa";"Marajó";"Gurupá";"Federal";"2022";0
"Social";"Educação";"Estabelecimentos de Creche por Dependência Administrativa";"Marajó";"Gurupá";"Federal";"2023";0
"Social";"Educação";"Estabelecimentos de Creche por Dependência Administrativa";"Marajó";"Gurupá";"Federal";"2024";0
"Social";"Educação";"Estabelecimentos de Creche por Dependência Administrativa";"Guamá";"Igarapé-Açu";"Federal";"2019";0
"Social";"Educação";"Estabelecimentos de Creche por Dependência Administrativa";"Guamá";"Igarapé-Açu";"Federal";"2020";0
"Social";"Educação";"Estabelecimentos de Creche por Dependência Administrativa";"Guamá";"Igarapé-Açu";"Federal";"2021";0
"Social";"Educação";"Estabelecimentos de Creche por Dependência Administrativa";"Guamá";"Igarapé-Açu";"Federal";"2022";0
"Social";"Educação";"Estabelecimentos de Creche por Dependência Administrativa";"Guamá";"Igarapé-Açu";"Federal";"2023";0
"Social";"Educação";"Estabelecimentos de Creche por Dependência Administrativa";"Guamá";"Igarapé-Açu";"Federal";"2024";0
"Social";"Educação";"Estabelecimentos de Creche por Dependência Administrativa";"Tocantins";"Igarapé-Miri";"Federal";"2019";0
"Social";"Educação";"Estabelecimentos de Creche por Dependência Administrativa";"Tocantins";"Igarapé-Miri";"Federal";"2020";0
"Social";"Educação";"Estabelecimentos de Creche por Dependência Administrativa";"Tocantins";"Igarapé-Miri";"Federal";"2021";0
"Social";"Educação";"Estabelecimentos de Creche por Dependência Administrativa";"Tocantins";"Igarapé-Miri";"Federal";"2022";0
"Social";"Educação";"Estabelecimentos de Creche por Dependência Administrativa";"Tocantins";"Igarapé-Miri";"Federal";"2023";0
"Social";"Educação";"Estabelecimentos de Creche por Dependência Administrativa";"Tocantins";"Igarapé-Miri";"Federal";"2024";0
"Social";"Educação";"Estabelecimentos de Creche por Dependência Administrativa";"Guamá";"Inhangapi";"Federal";"2019";0
"Social";"Educação";"Estabelecimentos de Creche por Dependência Administrativa";"Guamá";"Inhangapi";"Federal";"2020";0
"Social";"Educação";"Estabelecimentos de Creche por Dependência Administrativa";"Guamá";"Inhangapi";"Federal";"2021";0
"Social";"Educação";"Estabelecimentos de Creche por Dependência Administrativa";"Guamá";"Inhangapi";"Federal";"2022";0
"Social";"Educação";"Estabelecimentos de Creche por Dependência Administrativa";"Guamá";"Inhangapi";"Federal";"2023";0
"Social";"Educação";"Estabelecimentos de Creche por Dependência Administrativa";"Guamá";"Inhangapi";"Federal";"2024";0
"Social";"Educação";"Estabelecimentos de Creche por Dependência Administrativa";"Rio Capim";"Ipixuna do Pará";"Federal";"2019";0
"Social";"Educação";"Estabelecimentos de Creche por Dependência Administrativa";"Rio Capim";"Ipixuna do Pará";"Federal";"2020";0
"Social";"Educação";"Estabelecimentos de Creche por Dependência Administrativa";"Rio Capim";"Ipixuna do Pará";"Federal";"2021";0
"Social";"Educação";"Estabelecimentos de Creche por Dependência Administrativa";"Rio Capim";"Ipixuna do Pará";"Federal";"2022";0
"Social";"Educação";"Estabelecimentos de Creche por Dependência Administrativa";"Rio Capim";"Ipixuna do Pará";"Federal";"2023";0
"Social";"Educação";"Estabelecimentos de Creche por Dependência Administrativa";"Rio Capim";"Ipixuna do Pará";"Federal";"2024";0
"Social";"Educação";"Estabelecimentos de Creche por Dependência Administrativa";"Rio Capim";"Irituia";"Federal";"2019";0
"Social";"Educação";"Estabelecimentos de Creche por Dependência Administrativa";"Rio Capim";"Irituia";"Federal";"2020";0
"Social";"Educação";"Estabelecimentos de Creche por Dependência Administrativa";"Rio Capim";"Irituia";"Federal";"2021";0
"Social";"Educação";"Estabelecimentos de Creche por Dependência Administrativa";"Rio Capim";"Irituia";"Federal";"2022";0
"Social";"Educação";"Estabelecimentos de Creche por Dependência Administrativa";"Rio Capim";"Irituia";"Federal";"2023";0
"Social";"Educação";"Estabelecimentos de Creche por Dependência Administrativa";"Rio Capim";"Irituia";"Federal";"2024";0
"Social";"Educação";"Estabelecimentos de Creche por Dependência Administrativa";"Tapajós";"Itaituba";"Federal";"2019";0
"Social";"Educação";"Estabelecimentos de Creche por Dependência Administrativa";"Tapajós";"Itaituba";"Federal";"2020";0
"Social";"Educação";"Estabelecimentos de Creche por Dependência Administrativa";"Tapajós";"Itaituba";"Federal";"2021";0
"Social";"Educação";"Estabelecimentos de Creche por Dependência Administrativa";"Tapajós";"Itaituba";"Federal";"2022";0
"Social";"Educação";"Estabelecimentos de Creche por Dependência Administrativa";"Tapajós";"Itaituba";"Federal";"2023";0
"Social";"Educação";"Estabelecimentos de Creche por Dependência Administrativa";"Tapajós";"Itaituba";"Federal";"2024";0
"Social";"Educação";"Estabelecimentos de Creche por Dependência Administrativa";"Lago de Tucuruí";"Itupiranga";"Federal";"2019";0
"Social";"Educação";"Estabelecimentos de Creche por Dependência Administrativa";"Lago de Tucuruí";"Itupiranga";"Federal";"2020";0
"Social";"Educação";"Estabelecimentos de Creche por Dependência Administrativa";"Lago de Tucuruí";"Itupiranga";"Federal";"2021";0
"Social";"Educação";"Estabelecimentos de Creche por Dependência Administrativa";"Lago de Tucuruí";"Itupiranga";"Federal";"2022";0
"Social";"Educação";"Estabelecimentos de Creche por Dependência Administrativa";"Lago de Tucuruí";"Itupiranga";"Federal";"2023";0
"Social";"Educação";"Estabelecimentos de Creche por Dependência Administrativa";"Lago de Tucuruí";"Itupiranga";"Federal";"2024";0
"Social";"Educação";"Estabelecimentos de Creche por Dependência Administrativa";"Tapajós";"Jacareacanga";"Federal";"2019";0
"Social";"Educação";"Estabelecimentos de Creche por Dependência Administrativa";"Tapajós";"Jacareacanga";"Federal";"2020";0
"Social";"Educação";"Estabelecimentos de Creche por Dependência Administrativa";"Tapajós";"Jacareacanga";"Federal";"2021";0
"Social";"Educação";"Estabelecimentos de Creche por Dependência Administrativa";"Tapajós";"Jacareacanga";"Federal";"2022";0
"Social";"Educação";"Estabelecimentos de Creche por Dependência Administrativa";"Tapajós";"Jacareacanga";"Federal";"2023";0
"Social";"Educação";"Estabelecimentos de Creche por Dependência Administrativa";"Tapajós";"Jacareacanga";"Federal";"2024";0
"Social";"Educação";"Estabelecimentos de Creche por Dependência Administrativa";"Lago de Tucuruí";"Jacundá";"Federal";"2019";0
"Social";"Educação";"Estabelecimentos de Creche por Dependência Administrativa";"Lago de Tucuruí";"Jacundá";"Federal";"2020";0
"Social";"Educação";"Estabelecimentos de Creche por Dependência Administrativa";"Lago de Tucuruí";"Jacundá";"Federal";"2021";0
"Social";"Educação";"Estabelecimentos de Creche por Dependência Administrativa";"Lago de Tucuruí";"Jacundá";"Federal";"2022";0
"Social";"Educação";"Estabelecimentos de Creche por Dependência Administrativa";"Lago de Tucuruí";"Jacundá";"Federal";"2023";0
"Social";"Educação";"Estabelecimentos de Creche por Dependência Administrativa";"Lago de Tucuruí";"Jacundá";"Federal";"2024";0
"Social";"Educação";"Estabelecimentos de Creche por Dependência Administrativa";"Baixo Amazonas";"Juruti";"Federal";"2019";0
"Social";"Educação";"Estabelecimentos de Creche por Dependência Administrativa";"Baixo Amazonas";"Juruti";"Federal";"2020";0
"Social";"Educação";"Estabelecimentos de Creche por Dependência Administrativa";"Baixo Amazonas";"Juruti";"Federal";"2021";0
"Social";"Educação";"Estabelecimentos de Creche por Dependência Administrativa";"Baixo Amazonas";"Juruti";"Federal";"2022";0
"Social";"Educação";"Estabelecimentos de Creche por Dependência Administrativa";"Baixo Amazonas";"Juruti";"Federal";"2023";0
"Social";"Educação";"Estabelecimentos de Creche por Dependência Administrativa";"Baixo Amazonas";"Juruti";"Federal";"2024";0
"Social";"Educação";"Estabelecimentos de Creche por Dependência Administrativa";"Tocantins";"Limoeiro do Ajuru";"Federal";"2019";0
"Social";"Educação";"Estabelecimentos de Creche por Dependência Administrativa";"Tocantins";"Limoeiro do Ajuru";"Federal";"2020";0
"Social";"Educação";"Estabelecimentos de Creche por Dependência Administrativa";"Tocantins";"Limoeiro do Ajuru";"Federal";"2021";0
"Social";"Educação";"Estabelecimentos de Creche por Dependência Administrativa";"Tocantins";"Limoeiro do Ajuru";"Federal";"2022";0
"Social";"Educação";"Estabelecimentos de Creche por Dependência Administrativa";"Tocantins";"Limoeiro do Ajuru";"Federal";"2023";0
"Social";"Educação";"Estabelecimentos de Creche por Dependência Administrativa";"Tocantins";"Limoeiro do Ajuru";"Federal";"2024";0
"Social";"Educação";"Estabelecimentos de Creche por Dependência Administrativa";"Rio Capim";"Mãe do Rio";"Federal";"2019";0
"Social";"Educação";"Estabelecimentos de Creche por Dependência Administrativa";"Rio Capim";"Mãe do Rio";"Federal";"2020";0
"Social";"Educação";"Estabelecimentos de Creche por Dependência Administrativa";"Rio Capim";"Mãe do Rio";"Federal";"2021";0
"Social";"Educação";"Estabelecimentos de Creche por Dependência Administrativa";"Rio Capim";"Mãe do Rio";"Federal";"2022";0
"Social";"Educação";"Estabelecimentos de Creche por Dependência Administrativa";"Rio Capim";"Mãe do Rio";"Federal";"2023";0
"Social";"Educação";"Estabelecimentos de Creche por Dependência Administrativa";"Rio Capim";"Mãe do Rio";"Federal";"2024";0
"Social";"Educação";"Estabelecimentos de Creche por Dependência Administrativa";"Guamá";"Magalhães Barata";"Federal";"2019";0
"Social";"Educação";"Estabelecimentos de Creche por Dependência Administrativa";"Guamá";"Magalhães Barata";"Federal";"2020";0
"Social";"Educação";"Estabelecimentos de Creche por Dependência Administrativa";"Guamá";"Magalhães Barata";"Federal";"2021";0
"Social";"Educação";"Estabelecimentos de Creche por Dependência Administrativa";"Guamá";"Magalhães Barata";"Federal";"2022";0
"Social";"Educação";"Estabelecimentos de Creche por Dependência Administrativa";"Guamá";"Magalhães Barata";"Federal";"2023";0
"Social";"Educação";"Estabelecimentos de Creche por Dependência Administrativa";"Guamá";"Magalhães Barata";"Federal";"2024";0
"Social";"Educação";"Estabelecimentos de Creche por Dependência Administrativa";"Carajás";"Marabá";"Federal";"2019";0
"Social";"Educação";"Estabelecimentos de Creche por Dependência Administrativa";"Carajás";"Marabá";"Federal";"2020";0
"Social";"Educação";"Estabelecimentos de Creche por Dependência Administrativa";"Carajás";"Marabá";"Federal";"2021";0
"Social";"Educação";"Estabelecimentos de Creche por Dependência Administrativa";"Carajás";"Marabá";"Federal";"2022";0
"Social";"Educação";"Estabelecimentos de Creche por Dependência Administrativa";"Carajás";"Marabá";"Federal";"2023";0
"Social";"Educação";"Estabelecimentos de Creche por Dependência Administrativa";"Carajás";"Marabá";"Federal";"2024";0
"Social";"Educação";"Estabelecimentos de Creche por Dependência Administrativa";"Guamá";"Maracanã";"Federal";"2019";0
"Social";"Educação";"Estabelecimentos de Creche por Dependência Administrativa";"Guamá";"Maracanã";"Federal";"2020";0
"Social";"Educação";"Estabelecimentos de Creche por Dependência Administrativa";"Guamá";"Maracanã";"Federal";"2021";0
"Social";"Educação";"Estabelecimentos de Creche por Dependência Administrativa";"Guamá";"Maracanã";"Federal";"2022";0
"Social";"Educação";"Estabelecimentos de Creche por Dependência Administrativa";"Guamá";"Maracanã";"Federal";"2023";0
"Social";"Educação";"Estabelecimentos de Creche por Dependência Administrativa";"Guamá";"Maracanã";"Federal";"2024";0
"Social";"Educação";"Estabelecimentos de Creche por Dependência Administrativa";"Guamá";"Marapanim";"Federal";"2019";0
"Social";"Educação";"Estabelecimentos de Creche por Dependência Administrativa";"Guamá";"Marapanim";"Federal";"2020";0
"Social";"Educação";"Estabelecimentos de Creche por Dependência Administrativa";"Guamá";"Marapanim";"Federal";"2021";0
"Social";"Educação";"Estabelecimentos de Creche por Dependência Administrativa";"Guamá";"Marapanim";"Federal";"2022";0
"Social";"Educação";"Estabelecimentos de Creche por Dependência Administrativa";"Guamá";"Marapanim";"Federal";"2023";0
"Social";"Educação";"Estabelecimentos de Creche por Dependência Administrativa";"Guamá";"Marapanim";"Federal";"2024";0
"Social";"Educação";"Estabelecimentos de Creche por Dependência Administrativa";"Guajará";"Marituba";"Federal";"2019";0
"Social";"Educação";"Estabelecimentos de Creche por Dependência Administrativa";"Guajará";"Marituba";"Federal";"2020";0
"Social";"Educação";"Estabelecimentos de Creche por Dependência Administrativa";"Guajará";"Marituba";"Federal";"2021";0
"Social";"Educação";"Estabelecimentos de Creche por Dependência Administrativa";"Guajará";"Marituba";"Federal";"2022";0
"Social";"Educação";"Estabelecimentos de Creche por Dependência Administrativa";"Guajará";"Marituba";"Federal";"2023";0
"Social";"Educação";"Estabelecimentos de Creche por Dependência Administrativa";"Guajará";"Marituba";"Federal";"2024";0
"Social";"Educação";"Estabelecimentos de Creche por Dependência Administrativa";"Xingu";"Medicilândia";"Federal";"2019";0
"Social";"Educação";"Estabelecimentos de Creche por Dependência Administrativa";"Xingu";"Medicilândia";"Federal";"2020";0
"Social";"Educação";"Estabelecimentos de Creche por Dependência Administrativa";"Xingu";"Medicilândia";"Federal";"2021";0
"Social";"Educação";"Estabelecimentos de Creche por Dependência Administrativa";"Xingu";"Medicilândia";"Federal";"2022";0
"Social";"Educação";"Estabelecimentos de Creche por Dependência Administrativa";"Xingu";"Medicilândia";"Federal";"2023";0
"Social";"Educação";"Estabelecimentos de Creche por Dependência Administrativa";"Xingu";"Medicilândia";"Federal";"2024";0
"Social";"Educação";"Estabelecimentos de Creche por Dependência Administrativa";"Marajó";"Melgaço";"Federal";"2019";0
"Social";"Educação";"Estabelecimentos de Creche por Dependência Administrativa";"Marajó";"Melgaço";"Federal";"2020";0
"Social";"Educação";"Estabelecimentos de Creche por Dependência Administrativa";"Marajó";"Melgaço";"Federal";"2021";0
"Social";"Educação";"Estabelecimentos de Creche por Dependência Administrativa";"Marajó";"Melgaço";"Federal";"2022";0
"Social";"Educação";"Estabelecimentos de Creche por Dependência Administrativa";"Marajó";"Melgaço";"Federal";"2023";0
"Social";"Educação";"Estabelecimentos de Creche por Dependência Administrativa";"Marajó";"Melgaço";"Federal";"2024";0
"Social";"Educação";"Estabelecimentos de Creche por Dependência Administrativa";"Tocantins";"Mocajuba";"Federal";"2019";0
"Social";"Educação";"Estabelecimentos de Creche por Dependência Administrativa";"Tocantins";"Mocajuba";"Federal";"2020";0
"Social";"Educação";"Estabelecimentos de Creche por Dependência Administrativa";"Tocantins";"Mocajuba";"Federal";"2021";0
"Social";"Educação";"Estabelecimentos de Creche por Dependência Administrativa";"Tocantins";"Mocajuba";"Federal";"2022";0
"Social";"Educação";"Estabelecimentos de Creche por Dependência Administrativa";"Tocantins";"Mocajuba";"Federal";"2023";0
"Social";"Educação";"Estabelecimentos de Creche por Dependência Administrativa";"Tocantins";"Mocajuba";"Federal";"2024";0
"Social";"Educação";"Estabelecimentos de Creche por Dependência Administrativa";"Tocantins";"Moju";"Federal";"2019";0
"Social";"Educação";"Estabelecimentos de Creche por Dependência Administrativa";"Tocantins";"Moju";"Federal";"2020";0
"Social";"Educação";"Estabelecimentos de Creche por Dependência Administrativa";"Tocantins";"Moju";"Federal";"2021";0
"Social";"Educação";"Estabelecimentos de Creche por Dependência Administrativa";"Tocantins";"Moju";"Federal";"2022";0
"Social";"Educação";"Estabelecimentos de Creche por Dependência Administrativa";"Tocantins";"Moju";"Federal";"2023";0
"Social";"Educação";"Estabelecimentos de Creche por Dependência Administrativa";"Tocantins";"Moju";"Federal";"2024";0
"Social";"Educação";"Estabelecimentos de Creche por Dependência Administrativa";"Baixo Amazonas";"Mojuí dos campos";"Federal";"2019";0
"Social";"Educação";"Estabelecimentos de Creche por Dependência Administrativa";"Baixo Amazonas";"Mojuí dos campos";"Federal";"2020";0
"Social";"Educação";"Estabelecimentos de Creche por Dependência Administrativa";"Baixo Amazonas";"Mojuí dos campos";"Federal";"2021";0
"Social";"Educação";"Estabelecimentos de Creche por Dependência Administrativa";"Baixo Amazonas";"Mojuí dos campos";"Federal";"2022";0
"Social";"Educação";"Estabelecimentos de Creche por Dependência Administrativa";"Baixo Amazonas";"Mojuí dos campos";"Federal";"2023";0
"Social";"Educação";"Estabelecimentos de Creche por Dependência Administrativa";"Baixo Amazonas";"Mojuí dos campos";"Federal";"2024";0
"Social";"Educação";"Estabelecimentos de Creche por Dependência Administrativa";"Baixo Amazonas";"Monte Alegre";"Federal";"2019";0
"Social";"Educação";"Estabelecimentos de Creche por Dependência Administrativa";"Baixo Amazonas";"Monte Alegre";"Federal";"2020";0
"Social";"Educação";"Estabelecimentos de Creche por Dependência Administrativa";"Baixo Amazonas";"Monte Alegre";"Federal";"2021";0
"Social";"Educação";"Estabelecimentos de Creche por Dependência Administrativa";"Baixo Amazonas";"Monte Alegre";"Federal";"2022";0
"Social";"Educação";"Estabelecimentos de Creche por Dependência Administrativa";"Baixo Amazonas";"Monte Alegre";"Federal";"2023";0
"Social";"Educação";"Estabelecimentos de Creche por Dependência Administrativa";"Baixo Amazonas";"Monte Alegre";"Federal";"2024";0
"Social";"Educação";"Estabelecimentos de Creche por Dependência Administrativa";"Marajó";"Muaná";"Federal";"2019";0
"Social";"Educação";"Estabelecimentos de Creche por Dependência Administrativa";"Marajó";"Muaná";"Federal";"2020";0
"Social";"Educação";"Estabelecimentos de Creche por Dependência Administrativa";"Marajó";"Muaná";"Federal";"2021";0
"Social";"Educação";"Estabelecimentos de Creche por Dependência Administrativa";"Marajó";"Muaná";"Federal";"2022";0
"Social";"Educação";"Estabelecimentos de Creche por Dependência Administrativa";"Marajó";"Muaná";"Federal";"2023";0
"Social";"Educação";"Estabelecimentos de Creche por Dependência Administrativa";"Marajó";"Muaná";"Federal";"2024";0
"Social";"Educação";"Estabelecimentos de Creche por Dependência Administrativa";"Rio Capim";"Nova Esperança do Piriá";"Federal";"2019";0
"Social";"Educação";"Estabelecimentos de Creche por Dependência Administrativa";"Rio Capim";"Nova Esperança do Piriá";"Federal";"2020";0
"Social";"Educação";"Estabelecimentos de Creche por Dependência Administrativa";"Rio Capim";"Nova Esperança do Piriá";"Federal";"2021";0
"Social";"Educação";"Estabelecimentos de Creche por Dependência Administrativa";"Rio Capim";"Nova Esperança do Piriá";"Federal";"2022";0
"Social";"Educação";"Estabelecimentos de Creche por Dependência Administrativa";"Rio Capim";"Nova Esperança do Piriá";"Federal";"2023";0
"Social";"Educação";"Estabelecimentos de Creche por Dependência Administrativa";"Rio Capim";"Nova Esperança do Piriá";"Federal";"2024";0
"Social";"Educação";"Estabelecimentos de Creche por Dependência Administrativa";"Lago de Tucuruí";"Nova Ipixuna";"Federal";"2019";0
"Social";"Educação";"Estabelecimentos de Creche por Dependência Administrativa";"Lago de Tucuruí";"Nova Ipixuna";"Federal";"2020";0
"Social";"Educação";"Estabelecimentos de Creche por Dependência Administrativa";"Lago de Tucuruí";"Nova Ipixuna";"Federal";"2021";0
"Social";"Educação";"Estabelecimentos de Creche por Dependência Administrativa";"Lago de Tucuruí";"Nova Ipixuna";"Federal";"2022";0
"Social";"Educação";"Estabelecimentos de Creche por Dependência Administrativa";"Lago de Tucuruí";"Nova Ipixuna";"Federal";"2023";0
"Social";"Educação";"Estabelecimentos de Creche por Dependência Administrativa";"Lago de Tucuruí";"Nova Ipixuna";"Federal";"2024";0
"Social";"Educação";"Estabelecimentos de Creche por Dependência Administrativa";"Rio Caeté";"Nova Timboteua";"Federal";"2019";0
"Social";"Educação";"Estabelecimentos de Creche por Dependência Administrativa";"Rio Caeté";"Nova Timboteua";"Federal";"2020";0
"Social";"Educação";"Estabelecimentos de Creche por Dependência Administrativa";"Rio Caeté";"Nova Timboteua";"Federal";"2021";0
"Social";"Educação";"Estabelecimentos de Creche por Dependência Administrativa";"Rio Caeté";"Nova Timboteua";"Federal";"2022";0
"Social";"Educação";"Estabelecimentos de Creche por Dependência Administrativa";"Rio Caeté";"Nova Timboteua";"Federal";"2023";0
"Social";"Educação";"Estabelecimentos de Creche por Dependência Administrativa";"Rio Caeté";"Nova Timboteua";"Federal";"2024";0
"Social";"Educação";"Estabelecimentos de Creche por Dependência Administrativa";"Tapajós";"Novo Progresso";"Federal";"2019";0
"Social";"Educação";"Estabelecimentos de Creche por Dependência Administrativa";"Tapajós";"Novo Progresso";"Federal";"2020";0
"Social";"Educação";"Estabelecimentos de Creche por Dependência Administrativa";"Tapajós";"Novo Progresso";"Federal";"2021";0
"Social";"Educação";"Estabelecimentos de Creche por Dependência Administrativa";"Tapajós";"Novo Progresso";"Federal";"2022";0
"Social";"Educação";"Estabelecimentos de Creche por Dependência Administrativa";"Tapajós";"Novo Progresso";"Federal";"2023";0
"Social";"Educação";"Estabelecimentos de Creche por Dependência Administrativa";"Tapajós";"Novo Progresso";"Federal";"2024";0
"Social";"Educação";"Estabelecimentos de Creche por Dependência Administrativa";"Lago de Tucuruí";"Novo Repartimento";"Federal";"2019";0
"Social";"Educação";"Estabelecimentos de Creche por Dependência Administrativa";"Lago de Tucuruí";"Novo Repartimento";"Federal";"2020";0
"Social";"Educação";"Estabelecimentos de Creche por Dependência Administrativa";"Lago de Tucuruí";"Novo Repartimento";"Federal";"2021";0
"Social";"Educação";"Estabelecimentos de Creche por Dependência Administrativa";"Lago de Tucuruí";"Novo Repartimento";"Federal";"2022";0
"Social";"Educação";"Estabelecimentos de Creche por Dependência Administrativa";"Lago de Tucuruí";"Novo Repartimento";"Federal";"2023";0
"Social";"Educação";"Estabelecimentos de Creche por Dependência Administrativa";"Lago de Tucuruí";"Novo Repartimento";"Federal";"2024";0
"Social";"Educação";"Estabelecimentos de Creche por Dependência Administrativa";"Baixo Amazonas";"Óbidos";"Federal";"2019";0
"Social";"Educação";"Estabelecimentos de Creche por Dependência Administrativa";"Baixo Amazonas";"Óbidos";"Federal";"2020";0
"Social";"Educação";"Estabelecimentos de Creche por Dependência Administrativa";"Baixo Amazonas";"Óbidos";"Federal";"2021";0
"Social";"Educação";"Estabelecimentos de Creche por Dependência Administrativa";"Baixo Amazonas";"Óbidos";"Federal";"2022";0
"Social";"Educação";"Estabelecimentos de Creche por Dependência Administrativa";"Baixo Amazonas";"Óbidos";"Federal";"2023";0
"Social";"Educação";"Estabelecimentos de Creche por Dependência Administrativa";"Baixo Amazonas";"Óbidos";"Federal";"2024";0
"Social";"Educação";"Estabelecimentos de Creche por Dependência Administrativa";"Marajó";"Oeiras do Pará";"Federal";"2019";0
"Social";"Educação";"Estabelecimentos de Creche por Dependência Administrativa";"Marajó";"Oeiras do Pará";"Federal";"2020";0
"Social";"Educação";"Estabelecimentos de Creche por Dependência Administrativa";"Marajó";"Oeiras do Pará";"Federal";"2021";0
"Social";"Educação";"Estabelecimentos de Creche por Dependência Administrativa";"Marajó";"Oeiras do Pará";"Federal";"2022";0
"Social";"Educação";"Estabelecimentos de Creche por Dependência Administrativa";"Marajó";"Oeiras do Pará";"Federal";"2023";0
"Social";"Educação";"Estabelecimentos de Creche por Dependência Administrativa";"Marajó";"Oeiras do Pará";"Federal";"2024";0
"Social";"Educação";"Estabelecimentos de Creche por Dependência Administrativa";"Baixo Amazonas";"Oriximiná";"Federal";"2019";0
"Social";"Educação";"Estabelecimentos de Creche por Dependência Administrativa";"Baixo Amazonas";"Oriximiná";"Federal";"2020";0
"Social";"Educação";"Estabelecimentos de Creche por Dependência Administrativa";"Baixo Amazonas";"Oriximiná";"Federal";"2021";0
"Social";"Educação";"Estabelecimentos de Creche por Dependência Administrativa";"Baixo Amazonas";"Oriximiná";"Federal";"2022";0
"Social";"Educação";"Estabelecimentos de Creche por Dependência Administrativa";"Baixo Amazonas";"Oriximiná";"Federal";"2023";0
"Social";"Educação";"Estabelecimentos de Creche por Dependência Administrativa";"Baixo Amazonas";"Oriximiná";"Federal";"2024";0
"Social";"Educação";"Estabelecimentos de Creche por Dependência Administrativa";"Rio Capim";"Ourém";"Federal";"2019";0
"Social";"Educação";"Estabelecimentos de Creche por Dependência Administrativa";"Rio Capim";"Ourém";"Federal";"2020";0
"Social";"Educação";"Estabelecimentos de Creche por Dependência Administrativa";"Rio Capim";"Ourém";"Federal";"2021";0
"Social";"Educação";"Estabelecimentos de Creche por Dependência Administrativa";"Rio Capim";"Ourém";"Federal";"2022";0
"Social";"Educação";"Estabelecimentos de Creche por Dependência Administrativa";"Rio Capim";"Ourém";"Federal";"2023";0
"Social";"Educação";"Estabelecimentos de Creche por Dependência Administrativa";"Rio Capim";"Ourém";"Federal";"2024";0
"Social";"Educação";"Estabelecimentos de Creche por Dependência Administrativa";"Araguaia";"Ourilândia do Norte";"Federal";"2019";0
"Social";"Educação";"Estabelecimentos de Creche por Dependência Administrativa";"Araguaia";"Ourilândia do Norte";"Federal";"2020";0
"Social";"Educação";"Estabelecimentos de Creche por Dependência Administrativa";"Araguaia";"Ourilândia do Norte";"Federal";"2021";0
"Social";"Educação";"Estabelecimentos de Creche por Dependência Administrativa";"Araguaia";"Ourilândia do Norte";"Federal";"2022";0
"Social";"Educação";"Estabelecimentos de Creche por Dependência Administrativa";"Araguaia";"Ourilândia do Norte";"Federal";"2023";0
"Social";"Educação";"Estabelecimentos de Creche por Dependência Administrativa";"Araguaia";"Ourilândia do Norte";"Federal";"2024";0
"Social";"Educação";"Estabelecimentos de Creche por Dependência Administrativa";"Xingu";"Pacajá";"Federal";"2019";0
"Social";"Educação";"Estabelecimentos de Creche por Dependência Administrativa";"Xingu";"Pacajá";"Federal";"2020";0
"Social";"Educação";"Estabelecimentos de Creche por Dependência Administrativa";"Xingu";"Pacajá";"Federal";"2021";0
"Social";"Educação";"Estabelecimentos de Creche por Dependência Administrativa";"Xingu";"Pacajá";"Federal";"2022";0
"Social";"Educação";"Estabelecimentos de Creche por Dependência Administrativa";"Xingu";"Pacajá";"Federal";"2023";0
"Social";"Educação";"Estabelecimentos de Creche por Dependência Administrativa";"Xingu";"Pacajá";"Federal";"2024";0
"Social";"Educação";"Estabelecimentos de Creche por Dependência Administrativa";"Carajás";"Palestina do Pará";"Federal";"2019";0
"Social";"Educação";"Estabelecimentos de Creche por Dependência Administrativa";"Carajás";"Palestina do Pará";"Federal";"2020";0
"Social";"Educação";"Estabelecimentos de Creche por Dependência Administrativa";"Carajás";"Palestina do Pará";"Federal";"2021";0
"Social";"Educação";"Estabelecimentos de Creche por Dependência Administrativa";"Carajás";"Palestina do Pará";"Federal";"2022";0
"Social";"Educação";"Estabelecimentos de Creche por Dependência Administrativa";"Carajás";"Palestina do Pará";"Federal";"2023";0
"Social";"Educação";"Estabelecimentos de Creche por Dependência Administrativa";"Carajás";"Palestina do Pará";"Federal";"2024";0
"Social";"Educação";"Estabelecimentos de Creche por Dependência Administrativa";"Rio Capim";"Paragominas";"Federal";"2019";0
"Social";"Educação";"Estabelecimentos de Creche por Dependência Administrativa";"Rio Capim";"Paragominas";"Federal";"2020";0
"Social";"Educação";"Estabelecimentos de Creche por Dependência Administrativa";"Rio Capim";"Paragominas";"Federal";"2021";0
"Social";"Educação";"Estabelecimentos de Creche por Dependência Administrativa";"Rio Capim";"Paragominas";"Federal";"2022";0
"Social";"Educação";"Estabelecimentos de Creche por Dependência Administrativa";"Rio Capim";"Paragominas";"Federal";"2023";0
"Social";"Educação";"Estabelecimentos de Creche por Dependência Administrativa";"Rio Capim";"Paragominas";"Federal";"2024";0
"Social";"Educação";"Estabelecimentos de Creche por Dependência Administrativa";"Carajás";"Parauapebas";"Federal";"2019";0
"Social";"Educação";"Estabelecimentos de Creche por Dependência Administrativa";"Carajás";"Parauapebas";"Federal";"2020";0
"Social";"Educação";"Estabelecimentos de Creche por Dependência Administrativa";"Carajás";"Parauapebas";"Federal";"2021";0
"Social";"Educação";"Estabelecimentos de Creche por Dependência Administrativa";"Carajás";"Parauapebas";"Federal";"2022";0
"Social";"Educação";"Estabelecimentos de Creche por Dependência Administrativa";"Carajás";"Parauapebas";"Federal";"2023";0
"Social";"Educação";"Estabelecimentos de Creche por Dependência Administrativa";"Carajás";"Parauapebas";"Federal";"2024";0
"Social";"Educação";"Estabelecimentos de Creche por Dependência Administrativa";"Araguaia";"Pau D'Arco";"Federal";"2019";0
"Social";"Educação";"Estabelecimentos de Creche por Dependência Administrativa";"Araguaia";"Pau D'Arco";"Federal";"2020";0
"Social";"Educação";"Estabelecimentos de Creche por Dependência Administrativa";"Araguaia";"Pau D'Arco";"Federal";"2021";0
"Social";"Educação";"Estabelecimentos de Creche por Dependência Administrativa";"Araguaia";"Pau D'Arco";"Federal";"2022";0
"Social";"Educação";"Estabelecimentos de Creche por Dependência Administrativa";"Araguaia";"Pau D'Arco";"Federal";"2023";0
"Social";"Educação";"Estabelecimentos de Creche por Dependência Administrativa";"Araguaia";"Pau D'Arco";"Federal";"2024";0
"Social";"Educação";"Estabelecimentos de Creche por Dependência Administrativa";"Rio Caeté";"Peixe-Boi";"Federal";"2019";0
"Social";"Educação";"Estabelecimentos de Creche por Dependência Administrativa";"Rio Caeté";"Peixe-Boi";"Federal";"2020";0
"Social";"Educação";"Estabelecimentos de Creche por Dependência Administrativa";"Rio Caeté";"Peixe-Boi";"Federal";"2021";0
"Social";"Educação";"Estabelecimentos de Creche por Dependência Administrativa";"Rio Caeté";"Peixe-Boi";"Federal";"2022";0
"Social";"Educação";"Estabelecimentos de Creche por Dependência Administrativa";"Rio Caeté";"Peixe-Boi";"Federal";"2023";0
"Social";"Educação";"Estabelecimentos de Creche por Dependência Administrativa";"Rio Caeté";"Peixe-Boi";"Federal";"2024";0
"Social";"Educação";"Estabelecimentos de Creche por Dependência Administrativa";"Carajás";"Piçarra";"Federal";"2019";0
"Social";"Educação";"Estabelecimentos de Creche por Dependência Administrativa";"Carajás";"Piçarra";"Federal";"2020";0
"Social";"Educação";"Estabelecimentos de Creche por Dependência Administrativa";"Carajás";"Piçarra";"Federal";"2021";0
"Social";"Educação";"Estabelecimentos de Creche por Dependência Administrativa";"Carajás";"Piçarra";"Federal";"2022";0
"Social";"Educação";"Estabelecimentos de Creche por Dependência Administrativa";"Carajás";"Piçarra";"Federal";"2023";0
"Social";"Educação";"Estabelecimentos de Creche por Dependência Administrativa";"Carajás";"Piçarra";"Federal";"2024";0
"Social";"Educação";"Estabelecimentos de Creche por Dependência Administrativa";"Xingu";"Placas";"Federal";"2019";0
"Social";"Educação";"Estabelecimentos de Creche por Dependência Administrativa";"Xingu";"Placas";"Federal";"2020";0
"Social";"Educação";"Estabelecimentos de Creche por Dependência Administrativa";"Xingu";"Placas";"Federal";"2021";0
"Social";"Educação";"Estabelecimentos de Creche por Dependência Administrativa";"Xingu";"Placas";"Federal";"2022";0
"Social";"Educação";"Estabelecimentos de Creche por Dependência Administrativa";"Xingu";"Placas";"Federal";"2023";0
"Social";"Educação";"Estabelecimentos de Creche por Dependência Administrativa";"Xingu";"Placas";"Federal";"2024";0
"Social";"Educação";"Estabelecimentos de Creche por Dependência Administrativa";"Marajó";"Ponta de Pedras";"Federal";"2019";0
"Social";"Educação";"Estabelecimentos de Creche por Dependência Administrativa";"Marajó";"Ponta de Pedras";"Federal";"2020";0
"Social";"Educação";"Estabelecimentos de Creche por Dependência Administrativa";"Marajó";"Ponta de Pedras";"Federal";"2021";0
"Social";"Educação";"Estabelecimentos de Creche por Dependência Administrativa";"Marajó";"Ponta de Pedras";"Federal";"2022";0
"Social";"Educação";"Estabelecimentos de Creche por Dependência Administrativa";"Marajó";"Ponta de Pedras";"Federal";"2023";0
"Social";"Educação";"Estabelecimentos de Creche por Dependência Administrativa";"Marajó";"Ponta de Pedras";"Federal";"2024";0
"Social";"Educação";"Estabelecimentos de Creche por Dependência Administrativa";"Marajó";"Portel";"Federal";"2019";0
"Social";"Educação";"Estabelecimentos de Creche por Dependência Administrativa";"Marajó";"Portel";"Federal";"2020";0
"Social";"Educação";"Estabelecimentos de Creche por Dependência Administrativa";"Marajó";"Portel";"Federal";"2021";0
"Social";"Educação";"Estabelecimentos de Creche por Dependência Administrativa";"Marajó";"Portel";"Federal";"2022";0
"Social";"Educação";"Estabelecimentos de Creche por Dependência Administrativa";"Marajó";"Portel";"Federal";"2023";0
"Social";"Educação";"Estabelecimentos de Creche por Dependência Administrativa";"Marajó";"Portel";"Federal";"2024";0
"Social";"Educação";"Estabelecimentos de Creche por Dependência Administrativa";"Xingu";"Porto de Moz";"Federal";"2019";0
"Social";"Educação";"Estabelecimentos de Creche por Dependência Administrativa";"Xingu";"Porto de Moz";"Federal";"2020";0
"Social";"Educação";"Estabelecimentos de Creche por Dependência Administrativa";"Xingu";"Porto de Moz";"Federal";"2021";0
"Social";"Educação";"Estabelecimentos de Creche por Dependência Administrativa";"Xingu";"Porto de Moz";"Federal";"2022";0
"Social";"Educação";"Estabelecimentos de Creche por Dependência Administrativa";"Xingu";"Porto de Moz";"Federal";"2023";0
"Social";"Educação";"Estabelecimentos de Creche por Dependência Administrativa";"Xingu";"Porto de Moz";"Federal";"2024";0
"Social";"Educação";"Estabelecimentos de Creche por Dependência Administrativa";"Baixo Amazonas";"Prainha";"Federal";"2019";0
"Social";"Educação";"Estabelecimentos de Creche por Dependência Administrativa";"Baixo Amazonas";"Prainha";"Federal";"2020";0
"Social";"Educação";"Estabelecimentos de Creche por Dependência Administrativa";"Baixo Amazonas";"Prainha";"Federal";"2021";0
"Social";"Educação";"Estabelecimentos de Creche por Dependência Administrativa";"Baixo Amazonas";"Prainha";"Federal";"2022";0
"Social";"Educação";"Estabelecimentos de Creche por Dependência Administrativa";"Baixo Amazonas";"Prainha";"Federal";"2023";0
"Social";"Educação";"Estabelecimentos de Creche por Dependência Administrativa";"Baixo Amazonas";"Prainha";"Federal";"2024";0
"Social";"Educação";"Estabelecimentos de Creche por Dependência Administrativa";"Rio Caeté";"Primavera";"Federal";"2019";0
"Social";"Educação";"Estabelecimentos de Creche por Dependência Administrativa";"Rio Caeté";"Primavera";"Federal";"2020";0
"Social";"Educação";"Estabelecimentos de Creche por Dependência Administrativa";"Rio Caeté";"Primavera";"Federal";"2021";0
"Social";"Educação";"Estabelecimentos de Creche por Dependência Administrativa";"Rio Caeté";"Primavera";"Federal";"2022";0
"Social";"Educação";"Estabelecimentos de Creche por Dependência Administrativa";"Rio Caeté";"Primavera";"Federal";"2023";0
"Social";"Educação";"Estabelecimentos de Creche por Dependência Administrativa";"Rio Caeté";"Primavera";"Federal";"2024";0
"Social";"Educação";"Estabelecimentos de Creche por Dependência Administrativa";"Rio Caeté";"Quatipuru";"Federal";"2019";0
"Social";"Educação";"Estabelecimentos de Creche por Dependência Administrativa";"Rio Caeté";"Quatipuru";"Federal";"2020";0
"Social";"Educação";"Estabelecimentos de Creche por Dependência Administrativa";"Rio Caeté";"Quatipuru";"Federal";"2021";0
"Social";"Educação";"Estabelecimentos de Creche por Dependência Administrativa";"Rio Caeté";"Quatipuru";"Federal";"2022";0
"Social";"Educação";"Estabelecimentos de Creche por Dependência Administrativa";"Rio Caeté";"Quatipuru";"Federal";"2023";0
"Social";"Educação";"Estabelecimentos de Creche por Dependência Administrativa";"Rio Caeté";"Quatipuru";"Federal";"2024";0
"Social";"Educação";"Estabelecimentos de Creche por Dependência Administrativa";"Araguaia";"Redenção";"Federal";"2019";0
"Social";"Educação";"Estabelecimentos de Creche por Dependência Administrativa";"Araguaia";"Redenção";"Federal";"2020";0
"Social";"Educação";"Estabelecimentos de Creche por Dependência Administrativa";"Araguaia";"Redenção";"Federal";"2021";0
"Social";"Educação";"Estabelecimentos de Creche por Dependência Administrativa";"Araguaia";"Redenção";"Federal";"2022";0
"Social";"Educação";"Estabelecimentos de Creche por Dependência Administrativa";"Araguaia";"Redenção";"Federal";"2023";0
"Social";"Educação";"Estabelecimentos de Creche por Dependência Administrativa";"Araguaia";"Redenção";"Federal";"2024";0
"Social";"Educação";"Estabelecimentos de Creche por Dependência Administrativa";"Araguaia";"Rio Maria";"Federal";"2019";0
"Social";"Educação";"Estabelecimentos de Creche por Dependência Administrativa";"Araguaia";"Rio Maria";"Federal";"2020";0
"Social";"Educação";"Estabelecimentos de Creche por Dependência Administrativa";"Araguaia";"Rio Maria";"Federal";"2021";0
"Social";"Educação";"Estabelecimentos de Creche por Dependência Administrativa";"Araguaia";"Rio Maria";"Federal";"2022";0
"Social";"Educação";"Estabelecimentos de Creche por Dependência Administrativa";"Araguaia";"Rio Maria";"Federal";"2023";0
"Social";"Educação";"Estabelecimentos de Creche por Dependência Administrativa";"Araguaia";"Rio Maria";"Federal";"2024";0
"Social";"Educação";"Estabelecimentos de Creche por Dependência Administrativa";"Rio Capim";"Rondon do Pará";"Federal";"2019";0
"Social";"Educação";"Estabelecimentos de Creche por Dependência Administrativa";"Rio Capim";"Rondon do Pará";"Federal";"2020";0
"Social";"Educação";"Estabelecimentos de Creche por Dependência Administrativa";"Rio Capim";"Rondon do Pará";"Federal";"2021";0
"Social";"Educação";"Estabelecimentos de Creche por Dependência Administrativa";"Rio Capim";"Rondon do Pará";"Federal";"2022";0
"Social";"Educação";"Estabelecimentos de Creche por Dependência Administrativa";"Rio Capim";"Rondon do Pará";"Federal";"2023";0
"Social";"Educação";"Estabelecimentos de Creche por Dependência Administrativa";"Rio Capim";"Rondon do Pará";"Federal";"2024";0
"Social";"Educação";"Estabelecimentos de Creche por Dependência Administrativa";"Tapajós";"Rurópolis";"Federal";"2019";0
"Social";"Educação";"Estabelecimentos de Creche por Dependência Administrativa";"Tapajós";"Rurópolis";"Federal";"2020";0
"Social";"Educação";"Estabelecimentos de Creche por Dependência Administrativa";"Tapajós";"Rurópolis";"Federal";"2021";0
"Social";"Educação";"Estabelecimentos de Creche por Dependência Administrativa";"Tapajós";"Rurópolis";"Federal";"2022";0
"Social";"Educação";"Estabelecimentos de Creche por Dependência Administrativa";"Tapajós";"Rurópolis";"Federal";"2023";0
"Social";"Educação";"Estabelecimentos de Creche por Dependência Administrativa";"Tapajós";"Rurópolis";"Federal";"2024";0
"Social";"Educação";"Estabelecimentos de Creche por Dependência Administrativa";"Rio Caeté";"Salinópolis";"Federal";"2019";0
"Social";"Educação";"Estabelecimentos de Creche por Dependência Administrativa";"Rio Caeté";"Salinópolis";"Federal";"2020";0
"Social";"Educação";"Estabelecimentos de Creche por Dependência Administrativa";"Rio Caeté";"Salinópolis";"Federal";"2021";0
"Social";"Educação";"Estabelecimentos de Creche por Dependência Administrativa";"Rio Caeté";"Salinópolis";"Federal";"2022";0
"Social";"Educação";"Estabelecimentos de Creche por Dependência Administrativa";"Rio Caeté";"Salinópolis";"Federal";"2023";0
"Social";"Educação";"Estabelecimentos de Creche por Dependência Administrativa";"Rio Caeté";"Salinópolis";"Federal";"2024";0
"Social";"Educação";"Estabelecimentos de Creche por Dependência Administrativa";"Marajó";"Salvaterra";"Federal";"2019";0
"Social";"Educação";"Estabelecimentos de Creche por Dependência Administrativa";"Marajó";"Salvaterra";"Federal";"2020";0
"Social";"Educação";"Estabelecimentos de Creche por Dependência Administrativa";"Marajó";"Salvaterra";"Federal";"2021";0
"Social";"Educação";"Estabelecimentos de Creche por Dependência Administrativa";"Marajó";"Salvaterra";"Federal";"2022";0
"Social";"Educação";"Estabelecimentos de Creche por Dependência Administrativa";"Marajó";"Salvaterra";"Federal";"2023";0
"Social";"Educação";"Estabelecimentos de Creche por Dependência Administrativa";"Marajó";"Salvaterra";"Federal";"2024";0
"Social";"Educação";"Estabelecimentos de Creche por Dependência Administrativa";"Guajará";"Santa Bárbara do Pará";"Federal";"2019";0
"Social";"Educação";"Estabelecimentos de Creche por Dependência Administrativa";"Guajará";"Santa Bárbara do Pará";"Federal";"2020";0
"Social";"Educação";"Estabelecimentos de Creche por Dependência Administrativa";"Guajará";"Santa Bárbara do Pará";"Federal";"2021";0
"Social";"Educação";"Estabelecimentos de Creche por Dependência Administrativa";"Guajará";"Santa Bárbara do Pará";"Federal";"2022";0
"Social";"Educação";"Estabelecimentos de Creche por Dependência Administrativa";"Guajará";"Santa Bárbara do Pará";"Federal";"2023";0
"Social";"Educação";"Estabelecimentos de Creche por Dependência Administrativa";"Guajará";"Santa Bárbara do Pará";"Federal";"2024";0
"Social";"Educação";"Estabelecimentos de Creche por Dependência Administrativa";"Marajó";"Santa Cruz do Arari";"Federal";"2019";0
"Social";"Educação";"Estabelecimentos de Creche por Dependência Administrativa";"Marajó";"Santa Cruz do Arari";"Federal";"2020";0
"Social";"Educação";"Estabelecimentos de Creche por Dependência Administrativa";"Marajó";"Santa Cruz do Arari";"Federal";"2021";0
"Social";"Educação";"Estabelecimentos de Creche por Dependência Administrativa";"Marajó";"Santa Cruz do Arari";"Federal";"2022";0
"Social";"Educação";"Estabelecimentos de Creche por Dependência Administrativa";"Marajó";"Santa Cruz do Arari";"Federal";"2023";0
"Social";"Educação";"Estabelecimentos de Creche por Dependência Administrativa";"Marajó";"Santa Cruz do Arari";"Federal";"2024";0
"Social";"Educação";"Estabelecimentos de Creche por Dependência Administrativa";"Guamá";"Santa Izabel do Pará";"Federal";"2019";0
"Social";"Educação";"Estabelecimentos de Creche por Dependência Administrativa";"Guamá";"Santa Izabel do Pará";"Federal";"2020";0
"Social";"Educação";"Estabelecimentos de Creche por Dependência Administrativa";"Guamá";"Santa Izabel do Pará";"Federal";"2021";0
"Social";"Educação";"Estabelecimentos de Creche por Dependência Administrativa";"Guamá";"Santa Izabel do Pará";"Federal";"2022";0
"Social";"Educação";"Estabelecimentos de Creche por Dependência Administrativa";"Guamá";"Santa Izabel do Pará";"Federal";"2023";0
"Social";"Educação";"Estabelecimentos de Creche por Dependência Administrativa";"Guamá";"Santa Izabel do Pará";"Federal";"2024";0
"Social";"Educação";"Estabelecimentos de Creche por Dependência Administrativa";"Rio Caeté";"Santa Luzia do Pará";"Federal";"2019";0
"Social";"Educação";"Estabelecimentos de Creche por Dependência Administrativa";"Rio Caeté";"Santa Luzia do Pará";"Federal";"2020";0
"Social";"Educação";"Estabelecimentos de Creche por Dependência Administrativa";"Rio Caeté";"Santa Luzia do Pará";"Federal";"2021";0
"Social";"Educação";"Estabelecimentos de Creche por Dependência Administrativa";"Rio Caeté";"Santa Luzia do Pará";"Federal";"2022";0
"Social";"Educação";"Estabelecimentos de Creche por Dependência Administrativa";"Rio Caeté";"Santa Luzia do Pará";"Federal";"2023";0
"Social";"Educação";"Estabelecimentos de Creche por Dependência Administrativa";"Rio Caeté";"Santa Luzia do Pará";"Federal";"2024";0
"Social";"Educação";"Estabelecimentos de Creche por Dependência Administrativa";"Araguaia";"Santa Maria das Barreiras";"Federal";"2019";0
"Social";"Educação";"Estabelecimentos de Creche por Dependência Administrativa";"Araguaia";"Santa Maria das Barreiras";"Federal";"2020";0
"Social";"Educação";"Estabelecimentos de Creche por Dependência Administrativa";"Araguaia";"Santa Maria das Barreiras";"Federal";"2021";0
"Social";"Educação";"Estabelecimentos de Creche por Dependência Administrativa";"Araguaia";"Santa Maria das Barreiras";"Federal";"2022";0
"Social";"Educação";"Estabelecimentos de Creche por Dependência Administrativa";"Araguaia";"Santa Maria das Barreiras";"Federal";"2023";0
"Social";"Educação";"Estabelecimentos de Creche por Dependência Administrativa";"Araguaia";"Santa Maria das Barreiras";"Federal";"2024";0
"Social";"Educação";"Estabelecimentos de Creche por Dependência Administrativa";"Guamá";"Santa Maria do Pará";"Federal";"2019";0
"Social";"Educação";"Estabelecimentos de Creche por Dependência Administrativa";"Guamá";"Santa Maria do Pará";"Federal";"2020";0
"Social";"Educação";"Estabelecimentos de Creche por Dependência Administrativa";"Guamá";"Santa Maria do Pará";"Federal";"2021";0
"Social";"Educação";"Estabelecimentos de Creche por Dependência Administrativa";"Guamá";"Santa Maria do Pará";"Federal";"2022";0
"Social";"Educação";"Estabelecimentos de Creche por Dependência Administrativa";"Guamá";"Santa Maria do Pará";"Federal";"2023";0
"Social";"Educação";"Estabelecimentos de Creche por Dependência Administrativa";"Guamá";"Santa Maria do Pará";"Federal";"2024";0
"Social";"Educação";"Estabelecimentos de Creche por Dependência Administrativa";"Araguaia";"Santana do Araguaia";"Federal";"2019";0
"Social";"Educação";"Estabelecimentos de Creche por Dependência Administrativa";"Araguaia";"Santana do Araguaia";"Federal";"2020";0
"Social";"Educação";"Estabelecimentos de Creche por Dependência Administrativa";"Araguaia";"Santana do Araguaia";"Federal";"2021";0
"Social";"Educação";"Estabelecimentos de Creche por Dependência Administrativa";"Araguaia";"Santana do Araguaia";"Federal";"2022";0
"Social";"Educação";"Estabelecimentos de Creche por Dependência Administrativa";"Araguaia";"Santana do Araguaia";"Federal";"2023";0
"Social";"Educação";"Estabelecimentos de Creche por Dependência Administrativa";"Araguaia";"Santana do Araguaia";"Federal";"2024";0
"Social";"Educação";"Estabelecimentos de Creche por Dependência Administrativa";"Baixo Amazonas";"Santarém";"Federal";"2019";0
"Social";"Educação";"Estabelecimentos de Creche por Dependência Administrativa";"Baixo Amazonas";"Santarém";"Federal";"2020";0
"Social";"Educação";"Estabelecimentos de Creche por Dependência Administrativa";"Baixo Amazonas";"Santarém";"Federal";"2021";0
"Social";"Educação";"Estabelecimentos de Creche por Dependência Administrativa";"Baixo Amazonas";"Santarém";"Federal";"2022";0
"Social";"Educação";"Estabelecimentos de Creche por Dependência Administrativa";"Baixo Amazonas";"Santarém";"Federal";"2023";0
"Social";"Educação";"Estabelecimentos de Creche por Dependência Administrativa";"Baixo Amazonas";"Santarém";"Federal";"2024";0
"Social";"Educação";"Estabelecimentos de Creche por Dependência Administrativa";"Rio Caeté";"Santarém Novo";"Federal";"2019";0
"Social";"Educação";"Estabelecimentos de Creche por Dependência Administrativa";"Rio Caeté";"Santarém Novo";"Federal";"2020";0
"Social";"Educação";"Estabelecimentos de Creche por Dependência Administrativa";"Rio Caeté";"Santarém Novo";"Federal";"2021";0
"Social";"Educação";"Estabelecimentos de Creche por Dependência Administrativa";"Rio Caeté";"Santarém Novo";"Federal";"2022";0
"Social";"Educação";"Estabelecimentos de Creche por Dependência Administrativa";"Rio Caeté";"Santarém Novo";"Federal";"2023";0
"Social";"Educação";"Estabelecimentos de Creche por Dependência Administrativa";"Rio Caeté";"Santarém Novo";"Federal";"2024";0
"Social";"Educação";"Estabelecimentos de Creche por Dependência Administrativa";"Guamá";"Santo Antônio do Tauá";"Federal";"2019";0
"Social";"Educação";"Estabelecimentos de Creche por Dependência Administrativa";"Guamá";"Santo Antônio do Tauá";"Federal";"2020";0
"Social";"Educação";"Estabelecimentos de Creche por Dependência Administrativa";"Guamá";"Santo Antônio do Tauá";"Federal";"2021";0
"Social";"Educação";"Estabelecimentos de Creche por Dependência Administrativa";"Guamá";"Santo Antônio do Tauá";"Federal";"2022";0
"Social";"Educação";"Estabelecimentos de Creche por Dependência Administrativa";"Guamá";"Santo Antônio do Tauá";"Federal";"2023";0
"Social";"Educação";"Estabelecimentos de Creche por Dependência Administrativa";"Guamá";"Santo Antônio do Tauá";"Federal";"2024";0
"Social";"Educação";"Estabelecimentos de Creche por Dependência Administrativa";"Guamá";"São Caetano de Odivelas";"Federal";"2019";0
"Social";"Educação";"Estabelecimentos de Creche por Dependência Administrativa";"Guamá";"São Caetano de Odivelas";"Federal";"2020";0
"Social";"Educação";"Estabelecimentos de Creche por Dependência Administrativa";"Guamá";"São Caetano de Odivelas";"Federal";"2021";0
"Social";"Educação";"Estabelecimentos de Creche por Dependência Administrativa";"Guamá";"São Caetano de Odivelas";"Federal";"2022";0
"Social";"Educação";"Estabelecimentos de Creche por Dependência Administrativa";"Guamá";"São Caetano de Odivelas";"Federal";"2023";0
"Social";"Educação";"Estabelecimentos de Creche por Dependência Administrativa";"Guamá";"São Caetano de Odivelas";"Federal";"2024";0
"Social";"Educação";"Estabelecimentos de Creche por Dependência Administrativa";"Carajás";"São Domingos do Araguaia";"Federal";"2019";0
"Social";"Educação";"Estabelecimentos de Creche por Dependência Administrativa";"Carajás";"São Domingos do Araguaia";"Federal";"2020";0
"Social";"Educação";"Estabelecimentos de Creche por Dependência Administrativa";"Carajás";"São Domingos do Araguaia";"Federal";"2021";0
"Social";"Educação";"Estabelecimentos de Creche por Dependência Administrativa";"Carajás";"São Domingos do Araguaia";"Federal";"2022";0
"Social";"Educação";"Estabelecimentos de Creche por Dependência Administrativa";"Carajás";"São Domingos do Araguaia";"Federal";"2023";0
"Social";"Educação";"Estabelecimentos de Creche por Dependência Administrativa";"Carajás";"São Domingos do Araguaia";"Federal";"2024";0
"Social";"Educação";"Estabelecimentos de Creche por Dependência Administrativa";"Guamá";"São Domingos do Capim";"Federal";"2019";0
"Social";"Educação";"Estabelecimentos de Creche por Dependência Administrativa";"Guamá";"São Domingos do Capim";"Federal";"2020";0
"Social";"Educação";"Estabelecimentos de Creche por Dependência Administrativa";"Guamá";"São Domingos do Capim";"Federal";"2021";0
"Social";"Educação";"Estabelecimentos de Creche por Dependência Administrativa";"Guamá";"São Domingos do Capim";"Federal";"2022";0
"Social";"Educação";"Estabelecimentos de Creche por Dependência Administrativa";"Guamá";"São Domingos do Capim";"Federal";"2023";0
"Social";"Educação";"Estabelecimentos de Creche por Dependência Administrativa";"Guamá";"São Domingos do Capim";"Federal";"2024";0
"Social";"Educação";"Estabelecimentos de Creche por Dependência Administrativa";"Araguaia";"São Félix do Xingu";"Federal";"2019";0
"Social";"Educação";"Estabelecimentos de Creche por Dependência Administrativa";"Araguaia";"São Félix do Xingu";"Federal";"2020";0
"Social";"Educação";"Estabelecimentos de Creche por Dependência Administrativa";"Araguaia";"São Félix do Xingu";"Federal";"2021";0
"Social";"Educação";"Estabelecimentos de Creche por Dependência Administrativa";"Araguaia";"São Félix do Xingu";"Federal";"2022";0
"Social";"Educação";"Estabelecimentos de Creche por Dependência Administrativa";"Araguaia";"São Félix do Xingu";"Federal";"2023";0
"Social";"Educação";"Estabelecimentos de Creche por Dependência Administrativa";"Araguaia";"São Félix do Xingu";"Federal";"2024";0
"Social";"Educação";"Estabelecimentos de Creche por Dependência Administrativa";"Guamá";"São Francisco do Pará";"Federal";"2019";0
"Social";"Educação";"Estabelecimentos de Creche por Dependência Administrativa";"Guamá";"São Francisco do Pará";"Federal";"2020";0
"Social";"Educação";"Estabelecimentos de Creche por Dependência Administrativa";"Guamá";"São Francisco do Pará";"Federal";"2021";0
"Social";"Educação";"Estabelecimentos de Creche por Dependência Administrativa";"Guamá";"São Francisco do Pará";"Federal";"2022";0
"Social";"Educação";"Estabelecimentos de Creche por Dependência Administrativa";"Guamá";"São Francisco do Pará";"Federal";"2023";0
"Social";"Educação";"Estabelecimentos de Creche por Dependência Administrativa";"Guamá";"São Francisco do Pará";"Federal";"2024";0
"Social";"Educação";"Estabelecimentos de Creche por Dependência Administrativa";"Carajás";"São Geraldo do Araguaia";"Federal";"2019";0
"Social";"Educação";"Estabelecimentos de Creche por Dependência Administrativa";"Carajás";"São Geraldo do Araguaia";"Federal";"2020";0
"Social";"Educação";"Estabelecimentos de Creche por Dependência Administrativa";"Carajás";"São Geraldo do Araguaia";"Federal";"2021";0
"Social";"Educação";"Estabelecimentos de Creche por Dependência Administrativa";"Carajás";"São Geraldo do Araguaia";"Federal";"2022";0
"Social";"Educação";"Estabelecimentos de Creche por Dependência Administrativa";"Carajás";"São Geraldo do Araguaia";"Federal";"2023";0
"Social";"Educação";"Estabelecimentos de Creche por Dependência Administrativa";"Carajás";"São Geraldo do Araguaia";"Federal";"2024";0
"Social";"Educação";"Estabelecimentos de Creche por Dependência Administrativa";"Guamá";"São João da Ponta";"Federal";"2019";0
"Social";"Educação";"Estabelecimentos de Creche por Dependência Administrativa";"Guamá";"São João da Ponta";"Federal";"2020";0
"Social";"Educação";"Estabelecimentos de Creche por Dependência Administrativa";"Guamá";"São João da Ponta";"Federal";"2021";0
"Social";"Educação";"Estabelecimentos de Creche por Dependência Administrativa";"Guamá";"São João da Ponta";"Federal";"2022";0
"Social";"Educação";"Estabelecimentos de Creche por Dependência Administrativa";"Guamá";"São João da Ponta";"Federal";"2023";0
"Social";"Educação";"Estabelecimentos de Creche por Dependência Administrativa";"Guamá";"São João da Ponta";"Federal";"2024";0
"Social";"Educação";"Estabelecimentos de Creche por Dependência Administrativa";"Rio Caeté";"São João de Pirabas";"Federal";"2019";0
"Social";"Educação";"Estabelecimentos de Creche por Dependência Administrativa";"Rio Caeté";"São João de Pirabas";"Federal";"2020";0
"Social";"Educação";"Estabelecimentos de Creche por Dependência Administrativa";"Rio Caeté";"São João de Pirabas";"Federal";"2021";0
"Social";"Educação";"Estabelecimentos de Creche por Dependência Administrativa";"Rio Caeté";"São João de Pirabas";"Federal";"2022";0
"Social";"Educação";"Estabelecimentos de Creche por Dependência Administrativa";"Rio Caeté";"São João de Pirabas";"Federal";"2023";0
"Social";"Educação";"Estabelecimentos de Creche por Dependência Administrativa";"Rio Caeté";"São João de Pirabas";"Federal";"2024";0
"Social";"Educação";"Estabelecimentos de Creche por Dependência Administrativa";"Carajás";"São João do Araguaia";"Federal";"2019";0
"Social";"Educação";"Estabelecimentos de Creche por Dependência Administrativa";"Carajás";"São João do Araguaia";"Federal";"2020";0
"Social";"Educação";"Estabelecimentos de Creche por Dependência Administrativa";"Carajás";"São João do Araguaia";"Federal";"2021";0
"Social";"Educação";"Estabelecimentos de Creche por Dependência Administrativa";"Carajás";"São João do Araguaia";"Federal";"2022";0
"Social";"Educação";"Estabelecimentos de Creche por Dependência Administrativa";"Carajás";"São João do Araguaia";"Federal";"2023";0
"Social";"Educação";"Estabelecimentos de Creche por Dependência Administrativa";"Carajás";"São João do Araguaia";"Federal";"2024";0
"Social";"Educação";"Estabelecimentos de Creche por Dependência Administrativa";"Guamá";"São Miguel do Guamá";"Federal";"2019";0
"Social";"Educação";"Estabelecimentos de Creche por Dependência Administrativa";"Guamá";"São Miguel do Guamá";"Federal";"2020";0
"Social";"Educação";"Estabelecimentos de Creche por Dependência Administrativa";"Guamá";"São Miguel do Guamá";"Federal";"2021";0
"Social";"Educação";"Estabelecimentos de Creche por Dependência Administrativa";"Guamá";"São Miguel do Guamá";"Federal";"2022";0
"Social";"Educação";"Estabelecimentos de Creche por Dependência Administrativa";"Guamá";"São Miguel do Guamá";"Federal";"2023";0
"Social";"Educação";"Estabelecimentos de Creche por Dependência Administrativa";"Guamá";"São Miguel do Guamá";"Federal";"2024";0
"Social";"Educação";"Estabelecimentos de Creche por Dependência Administrativa";"Marajó";"São Sebastião da Boa Vista";"Federal";"2019";0
"Social";"Educação";"Estabelecimentos de Creche por Dependência Administrativa";"Marajó";"São Sebastião da Boa Vista";"Federal";"2020";0
"Social";"Educação";"Estabelecimentos de Creche por Dependência Administrativa";"Marajó";"São Sebastião da Boa Vista";"Federal";"2021";0
"Social";"Educação";"Estabelecimentos de Creche por Dependência Administrativa";"Marajó";"São Sebastião da Boa Vista";"Federal";"2022";0
"Social";"Educação";"Estabelecimentos de Creche por Dependência Administrativa";"Marajó";"São Sebastião da Boa Vista";"Federal";"2023";0
"Social";"Educação";"Estabelecimentos de Creche por Dependência Administrativa";"Marajó";"São Sebastião da Boa Vista";"Federal";"2024";0
"Social";"Educação";"Estabelecimentos de Creche por Dependência Administrativa";"Araguaia";"Sapucaia";"Federal";"2019";0
"Social";"Educação";"Estabelecimentos de Creche por Dependência Administrativa";"Araguaia";"Sapucaia";"Federal";"2020";0
"Social";"Educação";"Estabelecimentos de Creche por Dependência Administrativa";"Araguaia";"Sapucaia";"Federal";"2021";0
"Social";"Educação";"Estabelecimentos de Creche por Dependência Administrativa";"Araguaia";"Sapucaia";"Federal";"2022";0
"Social";"Educação";"Estabelecimentos de Creche por Dependência Administrativa";"Araguaia";"Sapucaia";"Federal";"2023";0
"Social";"Educação";"Estabelecimentos de Creche por Dependência Administrativa";"Araguaia";"Sapucaia";"Federal";"2024";0
"Social";"Educação";"Estabelecimentos de Creche por Dependência Administrativa";"Xingu";"Senador José Porfírio";"Federal";"2019";0
"Social";"Educação";"Estabelecimentos de Creche por Dependência Administrativa";"Xingu";"Senador José Porfírio";"Federal";"2020";0
"Social";"Educação";"Estabelecimentos de Creche por Dependência Administrativa";"Xingu";"Senador José Porfírio";"Federal";"2021";0
"Social";"Educação";"Estabelecimentos de Creche por Dependência Administrativa";"Xingu";"Senador José Porfírio";"Federal";"2022";0
"Social";"Educação";"Estabelecimentos de Creche por Dependência Administrativa";"Xingu";"Senador José Porfírio";"Federal";"2023";0
"Social";"Educação";"Estabelecimentos de Creche por Dependência Administrativa";"Xingu";"Senador José Porfírio";"Federal";"2024";0
"Social";"Educação";"Estabelecimentos de Creche por Dependência Administrativa";"Marajó";"Soure";"Federal";"2019";0
"Social";"Educação";"Estabelecimentos de Creche por Dependência Administrativa";"Marajó";"Soure";"Federal";"2020";0
"Social";"Educação";"Estabelecimentos de Creche por Dependência Administrativa";"Marajó";"Soure";"Federal";"2021";0
"Social";"Educação";"Estabelecimentos de Creche por Dependência Administrativa";"Marajó";"Soure";"Federal";"2022";0
"Social";"Educação";"Estabelecimentos de Creche por Dependência Administrativa";"Marajó";"Soure";"Federal";"2023";0
"Social";"Educação";"Estabelecimentos de Creche por Dependência Administrativa";"Marajó";"Soure";"Federal";"2024";0
"Social";"Educação";"Estabelecimentos de Creche por Dependência Administrativa";"Tocantins";"Tailândia";"Federal";"2019";0
"Social";"Educação";"Estabelecimentos de Creche por Dependência Administrativa";"Tocantins";"Tailândia";"Federal";"2020";0
"Social";"Educação";"Estabelecimentos de Creche por Dependência Administrativa";"Tocantins";"Tailândia";"Federal";"2021";0
"Social";"Educação";"Estabelecimentos de Creche por Dependência Administrativa";"Tocantins";"Tailândia";"Federal";"2022";0
"Social";"Educação";"Estabelecimentos de Creche por Dependência Administrativa";"Tocantins";"Tailândia";"Federal";"2023";0
"Social";"Educação";"Estabelecimentos de Creche por Dependência Administrativa";"Tocantins";"Tailândia";"Federal";"2024";0
"Social";"Educação";"Estabelecimentos de Creche por Dependência Administrativa";"Guamá";"Terra Alta";"Federal";"2019";0
"Social";"Educação";"Estabelecimentos de Creche por Dependência Administrativa";"Guamá";"Terra Alta";"Federal";"2020";0
"Social";"Educação";"Estabelecimentos de Creche por Dependência Administrativa";"Guamá";"Terra Alta";"Federal";"2021";0
"Social";"Educação";"Estabelecimentos de Creche por Dependência Administrativa";"Guamá";"Terra Alta";"Federal";"2022";0
"Social";"Educação";"Estabelecimentos de Creche por Dependência Administrativa";"Guamá";"Terra Alta";"Federal";"2023";0
"Social";"Educação";"Estabelecimentos de Creche por Dependência Administrativa";"Guamá";"Terra Alta";"Federal";"2024";0
"Social";"Educação";"Estabelecimentos de Creche por Dependência Administrativa";"Baixo Amazonas";"Terra Santa";"Federal";"2019";0
"Social";"Educação";"Estabelecimentos de Creche por Dependência Administrativa";"Baixo Amazonas";"Terra Santa";"Federal";"2020";0
"Social";"Educação";"Estabelecimentos de Creche por Dependência Administrativa";"Baixo Amazonas";"Terra Santa";"Federal";"2021";0
"Social";"Educação";"Estabelecimentos de Creche por Dependência Administrativa";"Baixo Amazonas";"Terra Santa";"Federal";"2022";0
"Social";"Educação";"Estabelecimentos de Creche por Dependência Administrativa";"Baixo Amazonas";"Terra Santa";"Federal";"2023";0
"Social";"Educação";"Estabelecimentos de Creche por Dependência Administrativa";"Baixo Amazonas";"Terra Santa";"Federal";"2024";0
"Social";"Educação";"Estabelecimentos de Creche por Dependência Administrativa";"Rio Capim";"Tomé-Açu";"Federal";"2019";0
"Social";"Educação";"Estabelecimentos de Creche por Dependência Administrativa";"Rio Capim";"Tomé-Açu";"Federal";"2020";0
"Social";"Educação";"Estabelecimentos de Creche por Dependência Administrativa";"Rio Capim";"Tomé-Açu";"Federal";"2021";0
"Social";"Educação";"Estabelecimentos de Creche por Dependência Administrativa";"Rio Capim";"Tomé-Açu";"Federal";"2022";0
"Social";"Educação";"Estabelecimentos de Creche por Dependência Administrativa";"Rio Capim";"Tomé-Açu";"Federal";"2023";0
"Social";"Educação";"Estabelecimentos de Creche por Dependência Administrativa";"Rio Capim";"Tomé-Açu";"Federal";"2024";0
"Social";"Educação";"Estabelecimentos de Creche por Dependência Administrativa";"Rio Caeté";"Tracuateua";"Federal";"2019";0
"Social";"Educação";"Estabelecimentos de Creche por Dependência Administrativa";"Rio Caeté";"Tracuateua";"Federal";"2020";0
"Social";"Educação";"Estabelecimentos de Creche por Dependência Administrativa";"Rio Caeté";"Tracuateua";"Federal";"2021";0
"Social";"Educação";"Estabelecimentos de Creche por Dependência Administrativa";"Rio Caeté";"Tracuateua";"Federal";"2022";0
"Social";"Educação";"Estabelecimentos de Creche por Dependência Administrativa";"Rio Caeté";"Tracuateua";"Federal";"2023";0
"Social";"Educação";"Estabelecimentos de Creche por Dependência Administrativa";"Rio Caeté";"Tracuateua";"Federal";"2024";0
"Social";"Educação";"Estabelecimentos de Creche por Dependência Administrativa";"Tapajós";"Trairão";"Federal";"2019";0
"Social";"Educação";"Estabelecimentos de Creche por Dependência Administrativa";"Tapajós";"Trairão";"Federal";"2020";0
"Social";"Educação";"Estabelecimentos de Creche por Dependência Administrativa";"Tapajós";"Trairão";"Federal";"2021";0
"Social";"Educação";"Estabelecimentos de Creche por Dependência Administrativa";"Tapajós";"Trairão";"Federal";"2022";0
"Social";"Educação";"Estabelecimentos de Creche por Dependência Administrativa";"Tapajós";"Trairão";"Federal";"2023";0
"Social";"Educação";"Estabelecimentos de Creche por Dependência Administrativa";"Tapajós";"Trairão";"Federal";"2024";0
"Social";"Educação";"Estabelecimentos de Creche por Dependência Administrativa";"Araguaia";"Tucumã";"Federal";"2019";0
"Social";"Educação";"Estabelecimentos de Creche por Dependência Administrativa";"Araguaia";"Tucumã";"Federal";"2020";0
"Social";"Educação";"Estabelecimentos de Creche por Dependência Administrativa";"Araguaia";"Tucumã";"Federal";"2021";0
"Social";"Educação";"Estabelecimentos de Creche por Dependência Administrativa";"Araguaia";"Tucumã";"Federal";"2022";0
"Social";"Educação";"Estabelecimentos de Creche por Dependência Administrativa";"Araguaia";"Tucumã";"Federal";"2023";0
"Social";"Educação";"Estabelecimentos de Creche por Dependência Administrativa";"Araguaia";"Tucumã";"Federal";"2024";0
"Social";"Educação";"Estabelecimentos de Creche por Dependência Administrativa";"Lago de Tucuruí";"Tucuruí";"Federal";"2019";0
"Social";"Educação";"Estabelecimentos de Creche por Dependência Administrativa";"Lago de Tucuruí";"Tucuruí";"Federal";"2020";0
"Social";"Educação";"Estabelecimentos de Creche por Dependência Administrativa";"Lago de Tucuruí";"Tucuruí";"Federal";"2021";0
"Social";"Educação";"Estabelecimentos de Creche por Dependência Administrativa";"Lago de Tucuruí";"Tucuruí";"Federal";"2022";0
"Social";"Educação";"Estabelecimentos de Creche por Dependência Administrativa";"Lago de Tucuruí";"Tucuruí";"Federal";"2023";0
"Social";"Educação";"Estabelecimentos de Creche por Dependência Administrativa";"Lago de Tucuruí";"Tucuruí";"Federal";"2024";0
"Social";"Educação";"Estabelecimentos de Creche por Dependência Administrativa";"Rio Capim";"Ulianópolis";"Federal";"2019";0
"Social";"Educação";"Estabelecimentos de Creche por Dependência Administrativa";"Rio Capim";"Ulianópolis";"Federal";"2020";0
"Social";"Educação";"Estabelecimentos de Creche por Dependência Administrativa";"Rio Capim";"Ulianópolis";"Federal";"2021";0
"Social";"Educação";"Estabelecimentos de Creche por Dependência Administrativa";"Rio Capim";"Ulianópolis";"Federal";"2022";0
"Social";"Educação";"Estabelecimentos de Creche por Dependência Administrativa";"Rio Capim";"Ulianópolis";"Federal";"2023";0
"Social";"Educação";"Estabelecimentos de Creche por Dependência Administrativa";"Rio Capim";"Ulianópolis";"Federal";"2024";0
"Social";"Educação";"Estabelecimentos de Creche por Dependência Administrativa";"Xingu";"Uruará";"Federal";"2019";0
"Social";"Educação";"Estabelecimentos de Creche por Dependência Administrativa";"Xingu";"Uruará";"Federal";"2020";0
"Social";"Educação";"Estabelecimentos de Creche por Dependência Administrativa";"Xingu";"Uruará";"Federal";"2021";0
"Social";"Educação";"Estabelecimentos de Creche por Dependência Administrativa";"Xingu";"Uruará";"Federal";"2022";0
"Social";"Educação";"Estabelecimentos de Creche por Dependência Administrativa";"Xingu";"Uruará";"Federal";"2023";0
"Social";"Educação";"Estabelecimentos de Creche por Dependência Administrativa";"Xingu";"Uruará";"Federal";"2024";0
"Social";"Educação";"Estabelecimentos de Creche por Dependência Administrativa";"Guamá";"Vigia";"Federal";"2019";0
"Social";"Educação";"Estabelecimentos de Creche por Dependência Administrativa";"Guamá";"Vigia";"Federal";"2020";0
"Social";"Educação";"Estabelecimentos de Creche por Dependência Administrativa";"Guamá";"Vigia";"Federal";"2021";0
"Social";"Educação";"Estabelecimentos de Creche por Dependência Administrativa";"Guamá";"Vigia";"Federal";"2022";0
"Social";"Educação";"Estabelecimentos de Creche por Dependência Administrativa";"Guamá";"Vigia";"Federal";"2023";0
"Social";"Educação";"Estabelecimentos de Creche por Dependência Administrativa";"Guamá";"Vigia";"Federal";"2024";0
"Social";"Educação";"Estabelecimentos de Creche por Dependência Administrativa";"Rio Caeté";"Viseu";"Federal";"2019";0
"Social";"Educação";"Estabelecimentos de Creche por Dependência Administrativa";"Rio Caeté";"Viseu";"Federal";"2020";0
"Social";"Educação";"Estabelecimentos de Creche por Dependência Administrativa";"Rio Caeté";"Viseu";"Federal";"2021";0
"Social";"Educação";"Estabelecimentos de Creche por Dependência Administrativa";"Rio Caeté";"Viseu";"Federal";"2022";0
"Social";"Educação";"Estabelecimentos de Creche por Dependência Administrativa";"Rio Caeté";"Viseu";"Federal";"2023";0
"Social";"Educação";"Estabelecimentos de Creche por Dependência Administrativa";"Rio Caeté";"Viseu";"Federal";"2024";0
"Social";"Educação";"Estabelecimentos de Creche por Dependência Administrativa";"Xingu";"Vitória do Xingu";"Federal";"2019";0
"Social";"Educação";"Estabelecimentos de Creche por Dependência Administrativa";"Xingu";"Vitória do Xingu";"Federal";"2020";0
"Social";"Educação";"Estabelecimentos de Creche por Dependência Administrativa";"Xingu";"Vitória do Xingu";"Federal";"2021";0
"Social";"Educação";"Estabelecimentos de Creche por Dependência Administrativa";"Xingu";"Vitória do Xingu";"Federal";"2022";0
"Social";"Educação";"Estabelecimentos de Creche por Dependência Administrativa";"Xingu";"Vitória do Xingu";"Federal";"2023";0
"Social";"Educação";"Estabelecimentos de Creche por Dependência Administrativa";"Xingu";"Vitória do Xingu";"Federal";"2024";0
"Social";"Educação";"Estabelecimentos de Creche por Dependência Administrativa";"Araguaia";"Xinguara";"Federal";"2019";0
"Social";"Educação";"Estabelecimentos de Creche por Dependência Administrativa";"Araguaia";"Xinguara";"Federal";"2020";0
"Social";"Educação";"Estabelecimentos de Creche por Dependência Administrativa";"Araguaia";"Xinguara";"Federal";"2021";0
"Social";"Educação";"Estabelecimentos de Creche por Dependência Administrativa";"Araguaia";"Xinguara";"Federal";"2022";0
"Social";"Educação";"Estabelecimentos de Creche por Dependência Administrativa";"Araguaia";"Xinguara";"Federal";"2023";0
"Social";"Educação";"Estabelecimentos de Creche por Dependência Administrativa";"Araguaia";"Xinguara";"Federal";"2024";0
"Social";"Educação";"Estabelecimentos de Creche por Dependência Administrativa";"Pará";"Pará";"Estadual";"2019";8
"Social";"Educação";"Estabelecimentos de Creche por Dependência Administrativa";"Pará";"Pará";"Estadual";"2020";0
"Social";"Educação";"Estabelecimentos de Creche por Dependência Administrativa";"Pará";"Pará";"Estadual";"2021";0
"Social";"Educação";"Estabelecimentos de Creche por Dependência Administrativa";"Pará";"Pará";"Estadual";"2022";1
"Social";"Educação";"Estabelecimentos de Creche por Dependência Administrativa";"Pará";"Pará";"Estadual";"2023";1
"Social";"Educação";"Estabelecimentos de Creche por Dependência Administrativa";"Pará";"Pará";"Estadual";"2024";1
"Social";"Educação";"Estabelecimentos de Creche por Dependência Administrativa";"Tocantins";"Abaetetuba";"Estadual";"2019";0
"Social";"Educação";"Estabelecimentos de Creche por Dependência Administrativa";"Tocantins";"Abaetetuba";"Estadual";"2020";0
"Social";"Educação";"Estabelecimentos de Creche por Dependência Administrativa";"Tocantins";"Abaetetuba";"Estadual";"2021";0
"Social";"Educação";"Estabelecimentos de Creche por Dependência Administrativa";"Tocantins";"Abaetetuba";"Estadual";"2022";0
"Social";"Educação";"Estabelecimentos de Creche por Dependência Administrativa";"Tocantins";"Abaetetuba";"Estadual";"2023";0
"Social";"Educação";"Estabelecimentos de Creche por Dependência Administrativa";"Tocantins";"Abaetetuba";"Estadual";"2024";0
"Social";"Educação";"Estabelecimentos de Creche por Dependência Administrativa";"Rio Capim";"Abel Figueiredo";"Estadual";"2019";0
"Social";"Educação";"Estabelecimentos de Creche por Dependência Administrativa";"Rio Capim";"Abel Figueiredo";"Estadual";"2020";0
"Social";"Educação";"Estabelecimentos de Creche por Dependência Administrativa";"Rio Capim";"Abel Figueiredo";"Estadual";"2021";0
"Social";"Educação";"Estabelecimentos de Creche por Dependência Administrativa";"Rio Capim";"Abel Figueiredo";"Estadual";"2022";0
"Social";"Educação";"Estabelecimentos de Creche por Dependência Administrativa";"Rio Capim";"Abel Figueiredo";"Estadual";"2023";0
"Social";"Educação";"Estabelecimentos de Creche por Dependência Administrativa";"Rio Capim";"Abel Figueiredo";"Estadual";"2024";0
"Social";"Educação";"Estabelecimentos de Creche por Dependência Administrativa";"Tocantins";"Acará";"Estadual";"2019";0
"Social";"Educação";"Estabelecimentos de Creche por Dependência Administrativa";"Tocantins";"Acará";"Estadual";"2020";0
"Social";"Educação";"Estabelecimentos de Creche por Dependência Administrativa";"Tocantins";"Acará";"Estadual";"2021";0
"Social";"Educação";"Estabelecimentos de Creche por Dependência Administrativa";"Tocantins";"Acará";"Estadual";"2022";0
"Social";"Educação";"Estabelecimentos de Creche por Dependência Administrativa";"Tocantins";"Acará";"Estadual";"2023";0
"Social";"Educação";"Estabelecimentos de Creche por Dependência Administrativa";"Tocantins";"Acará";"Estadual";"2024";0
"Social";"Educação";"Estabelecimentos de Creche por Dependência Administrativa";"Marajó";"Afuá";"Estadual";"2019";0
"Social";"Educação";"Estabelecimentos de Creche por Dependência Administrativa";"Marajó";"Afuá";"Estadual";"2020";0
"Social";"Educação";"Estabelecimentos de Creche por Dependência Administrativa";"Marajó";"Afuá";"Estadual";"2021";0
"Social";"Educação";"Estabelecimentos de Creche por Dependência Administrativa";"Marajó";"Afuá";"Estadual";"2022";0
"Social";"Educação";"Estabelecimentos de Creche por Dependência Administrativa";"Marajó";"Afuá";"Estadual";"2023";0
"Social";"Educação";"Estabelecimentos de Creche por Dependência Administrativa";"Marajó";"Afuá";"Estadual";"2024";0
"Social";"Educação";"Estabelecimentos de Creche por Dependência Administrativa";"Araguaia";"Água Azul do Norte";"Estadual";"2019";0
"Social";"Educação";"Estabelecimentos de Creche por Dependência Administrativa";"Araguaia";"Água Azul do Norte";"Estadual";"2020";0
"Social";"Educação";"Estabelecimentos de Creche por Dependência Administrativa";"Araguaia";"Água Azul do Norte";"Estadual";"2021";0
"Social";"Educação";"Estabelecimentos de Creche por Dependência Administrativa";"Araguaia";"Água Azul do Norte";"Estadual";"2022";0
"Social";"Educação";"Estabelecimentos de Creche por Dependência Administrativa";"Araguaia";"Água Azul do Norte";"Estadual";"2023";0
"Social";"Educação";"Estabelecimentos de Creche por Dependência Administrativa";"Araguaia";"Água Azul do Norte";"Estadual";"2024";0
"Social";"Educação";"Estabelecimentos de Creche por Dependência Administrativa";"Baixo Amazonas";"Alenquer";"Estadual";"2019";0
"Social";"Educação";"Estabelecimentos de Creche por Dependência Administrativa";"Baixo Amazonas";"Alenquer";"Estadual";"2020";0
"Social";"Educação";"Estabelecimentos de Creche por Dependência Administrativa";"Baixo Amazonas";"Alenquer";"Estadual";"2021";0
"Social";"Educação";"Estabelecimentos de Creche por Dependência Administrativa";"Baixo Amazonas";"Alenquer";"Estadual";"2022";0
"Social";"Educação";"Estabelecimentos de Creche por Dependência Administrativa";"Baixo Amazonas";"Alenquer";"Estadual";"2023";0
"Social";"Educação";"Estabelecimentos de Creche por Dependência Administrativa";"Baixo Amazonas";"Alenquer";"Estadual";"2024";0
"Social";"Educação";"Estabelecimentos de Creche por Dependência Administrativa";"Baixo Amazonas";"Almeirim";"Estadual";"2019";0
"Social";"Educação";"Estabelecimentos de Creche por Dependência Administrativa";"Baixo Amazonas";"Almeirim";"Estadual";"2020";0
"Social";"Educação";"Estabelecimentos de Creche por Dependência Administrativa";"Baixo Amazonas";"Almeirim";"Estadual";"2021";0
"Social";"Educação";"Estabelecimentos de Creche por Dependência Administrativa";"Baixo Amazonas";"Almeirim";"Estadual";"2022";0
"Social";"Educação";"Estabelecimentos de Creche por Dependência Administrativa";"Baixo Amazonas";"Almeirim";"Estadual";"2023";0
"Social";"Educação";"Estabelecimentos de Creche por Dependência Administrativa";"Baixo Amazonas";"Almeirim";"Estadual";"2024";0
"Social";"Educação";"Estabelecimentos de Creche por Dependência Administrativa";"Xingu";"Altamira";"Estadual";"2019";0
"Social";"Educação";"Estabelecimentos de Creche por Dependência Administrativa";"Xingu";"Altamira";"Estadual";"2020";0
"Social";"Educação";"Estabelecimentos de Creche por Dependência Administrativa";"Xingu";"Altamira";"Estadual";"2021";0
"Social";"Educação";"Estabelecimentos de Creche por Dependência Administrativa";"Xingu";"Altamira";"Estadual";"2022";0
"Social";"Educação";"Estabelecimentos de Creche por Dependência Administrativa";"Xingu";"Altamira";"Estadual";"2023";0
"Social";"Educação";"Estabelecimentos de Creche por Dependência Administrativa";"Xingu";"Altamira";"Estadual";"2024";0
"Social";"Educação";"Estabelecimentos de Creche por Dependência Administrativa";"Marajó";"Anajás";"Estadual";"2019";0
"Social";"Educação";"Estabelecimentos de Creche por Dependência Administrativa";"Marajó";"Anajás";"Estadual";"2020";0
"Social";"Educação";"Estabelecimentos de Creche por Dependência Administrativa";"Marajó";"Anajás";"Estadual";"2021";0
"Social";"Educação";"Estabelecimentos de Creche por Dependência Administrativa";"Marajó";"Anajás";"Estadual";"2022";0
"Social";"Educação";"Estabelecimentos de Creche por Dependência Administrativa";"Marajó";"Anajás";"Estadual";"2023";0
"Social";"Educação";"Estabelecimentos de Creche por Dependência Administrativa";"Marajó";"Anajás";"Estadual";"2024";0
"Social";"Educação";"Estabelecimentos de Creche por Dependência Administrativa";"Guajará";"Ananindeua";"Estadual";"2019";0
"Social";"Educação";"Estabelecimentos de Creche por Dependência Administrativa";"Guajará";"Ananindeua";"Estadual";"2020";0
"Social";"Educação";"Estabelecimentos de Creche por Dependência Administrativa";"Guajará";"Ananindeua";"Estadual";"2021";0
"Social";"Educação";"Estabelecimentos de Creche por Dependência Administrativa";"Guajará";"Ananindeua";"Estadual";"2022";0
"Social";"Educação";"Estabelecimentos de Creche por Dependência Administrativa";"Guajará";"Ananindeua";"Estadual";"2023";0
"Social";"Educação";"Estabelecimentos de Creche por Dependência Administrativa";"Guajará";"Ananindeua";"Estadual";"2024";0
"Social";"Educação";"Estabelecimentos de Creche por Dependência Administrativa";"Xingu";"Anapu";"Estadual";"2019";0
"Social";"Educação";"Estabelecimentos de Creche por Dependência Administrativa";"Xingu";"Anapu";"Estadual";"2020";0
"Social";"Educação";"Estabelecimentos de Creche por Dependência Administrativa";"Xingu";"Anapu";"Estadual";"2021";0
"Social";"Educação";"Estabelecimentos de Creche por Dependência Administrativa";"Xingu";"Anapu";"Estadual";"2022";0
"Social";"Educação";"Estabelecimentos de Creche por Dependência Administrativa";"Xingu";"Anapu";"Estadual";"2023";0
"Social";"Educação";"Estabelecimentos de Creche por Dependência Administrativa";"Xingu";"Anapu";"Estadual";"2024";0
"Social";"Educação";"Estabelecimentos de Creche por Dependência Administrativa";"Rio Caeté";"Augusto Corrêa";"Estadual";"2019";0
"Social";"Educação";"Estabelecimentos de Creche por Dependência Administrativa";"Rio Caeté";"Augusto Corrêa";"Estadual";"2020";0
"Social";"Educação";"Estabelecimentos de Creche por Dependência Administrativa";"Rio Caeté";"Augusto Corrêa";"Estadual";"2021";0
"Social";"Educação";"Estabelecimentos de Creche por Dependência Administrativa";"Rio Caeté";"Augusto Corrêa";"Estadual";"2022";0
"Social";"Educação";"Estabelecimentos de Creche por Dependência Administrativa";"Rio Caeté";"Augusto Corrêa";"Estadual";"2023";0
"Social";"Educação";"Estabelecimentos de Creche por Dependência Administrativa";"Rio Caeté";"Augusto Corrêa";"Estadual";"2024";0
"Social";"Educação";"Estabelecimentos de Creche por Dependência Administrativa";"Rio Capim";"Aurora do Pará";"Estadual";"2019";0
"Social";"Educação";"Estabelecimentos de Creche por Dependência Administrativa";"Rio Capim";"Aurora do Pará";"Estadual";"2020";0
"Social";"Educação";"Estabelecimentos de Creche por Dependência Administrativa";"Rio Capim";"Aurora do Pará";"Estadual";"2021";0
"Social";"Educação";"Estabelecimentos de Creche por Dependência Administrativa";"Rio Capim";"Aurora do Pará";"Estadual";"2022";0
"Social";"Educação";"Estabelecimentos de Creche por Dependência Administrativa";"Rio Capim";"Aurora do Pará";"Estadual";"2023";0
"Social";"Educação";"Estabelecimentos de Creche por Dependência Administrativa";"Rio Capim";"Aurora do Pará";"Estadual";"2024";0
"Social";"Educação";"Estabelecimentos de Creche por Dependência Administrativa";"Tapajós";"Aveiro";"Estadual";"2019";0
"Social";"Educação";"Estabelecimentos de Creche por Dependência Administrativa";"Tapajós";"Aveiro";"Estadual";"2020";0
"Social";"Educação";"Estabelecimentos de Creche por Dependência Administrativa";"Tapajós";"Aveiro";"Estadual";"2021";0
"Social";"Educação";"Estabelecimentos de Creche por Dependência Administrativa";"Tapajós";"Aveiro";"Estadual";"2022";0
"Social";"Educação";"Estabelecimentos de Creche por Dependência Administrativa";"Tapajós";"Aveiro";"Estadual";"2023";0
"Social";"Educação";"Estabelecimentos de Creche por Dependência Administrativa";"Tapajós";"Aveiro";"Estadual";"2024";0
"Social";"Educação";"Estabelecimentos de Creche por Dependência Administrativa";"Marajó";"Bagre";"Estadual";"2019";0
"Social";"Educação";"Estabelecimentos de Creche por Dependência Administrativa";"Marajó";"Bagre";"Estadual";"2020";0
"Social";"Educação";"Estabelecimentos de Creche por Dependência Administrativa";"Marajó";"Bagre";"Estadual";"2021";0
"Social";"Educação";"Estabelecimentos de Creche por Dependência Administrativa";"Marajó";"Bagre";"Estadual";"2022";0
"Social";"Educação";"Estabelecimentos de Creche por Dependência Administrativa";"Marajó";"Bagre";"Estadual";"2023";0
"Social";"Educação";"Estabelecimentos de Creche por Dependência Administrativa";"Marajó";"Bagre";"Estadual";"2024";0
"Social";"Educação";"Estabelecimentos de Creche por Dependência Administrativa";"Tocantins";"Baião";"Estadual";"2019";0
"Social";"Educação";"Estabelecimentos de Creche por Dependência Administrativa";"Tocantins";"Baião";"Estadual";"2020";0
"Social";"Educação";"Estabelecimentos de Creche por Dependência Administrativa";"Tocantins";"Baião";"Estadual";"2021";0
"Social";"Educação";"Estabelecimentos de Creche por Dependência Administrativa";"Tocantins";"Baião";"Estadual";"2022";0
"Social";"Educação";"Estabelecimentos de Creche por Dependência Administrativa";"Tocantins";"Baião";"Estadual";"2023";0
"Social";"Educação";"Estabelecimentos de Creche por Dependência Administrativa";"Tocantins";"Baião";"Estadual";"2024";0
"Social";"Educação";"Estabelecimentos de Creche por Dependência Administrativa";"Araguaia";"Bannach";"Estadual";"2019";0
"Social";"Educação";"Estabelecimentos de Creche por Dependência Administrativa";"Araguaia";"Bannach";"Estadual";"2020";0
"Social";"Educação";"Estabelecimentos de Creche por Dependência Administrativa";"Araguaia";"Bannach";"Estadual";"2021";0
"Social";"Educação";"Estabelecimentos de Creche por Dependência Administrativa";"Araguaia";"Bannach";"Estadual";"2022";0
"Social";"Educação";"Estabelecimentos de Creche por Dependência Administrativa";"Araguaia";"Bannach";"Estadual";"2023";0
"Social";"Educação";"Estabelecimentos de Creche por Dependência Administrativa";"Araguaia";"Bannach";"Estadual";"2024";0
"Social";"Educação";"Estabelecimentos de Creche por Dependência Administrativa";"Tocantins";"Barcarena";"Estadual";"2019";0
"Social";"Educação";"Estabelecimentos de Creche por Dependência Administrativa";"Tocantins";"Barcarena";"Estadual";"2020";0
"Social";"Educação";"Estabelecimentos de Creche por Dependência Administrativa";"Tocantins";"Barcarena";"Estadual";"2021";0
"Social";"Educação";"Estabelecimentos de Creche por Dependência Administrativa";"Tocantins";"Barcarena";"Estadual";"2022";0
"Social";"Educação";"Estabelecimentos de Creche por Dependência Administrativa";"Tocantins";"Barcarena";"Estadual";"2023";0
"Social";"Educação";"Estabelecimentos de Creche por Dependência Administrativa";"Tocantins";"Barcarena";"Estadual";"2024";0
"Social";"Educação";"Estabelecimentos de Creche por Dependência Administrativa";"Guajará";"Belém";"Estadual";"2019";0
"Social";"Educação";"Estabelecimentos de Creche por Dependência Administrativa";"Guajará";"Belém";"Estadual";"2020";0
"Social";"Educação";"Estabelecimentos de Creche por Dependência Administrativa";"Guajará";"Belém";"Estadual";"2021";0
"Social";"Educação";"Estabelecimentos de Creche por Dependência Administrativa";"Guajará";"Belém";"Estadual";"2022";1
"Social";"Educação";"Estabelecimentos de Creche por Dependência Administrativa";"Guajará";"Belém";"Estadual";"2023";1
"Social";"Educação";"Estabelecimentos de Creche por Dependência Administrativa";"Guajará";"Belém";"Estadual";"2024";1
"Social";"Educação";"Estabelecimentos de Creche por Dependência Administrativa";"Baixo Amazonas";"Belterra";"Estadual";"2019";0
"Social";"Educação";"Estabelecimentos de Creche por Dependência Administrativa";"Baixo Amazonas";"Belterra";"Estadual";"2020";0
"Social";"Educação";"Estabelecimentos de Creche por Dependência Administrativa";"Baixo Amazonas";"Belterra";"Estadual";"2021";0
"Social";"Educação";"Estabelecimentos de Creche por Dependência Administrativa";"Baixo Amazonas";"Belterra";"Estadual";"2022";0
"Social";"Educação";"Estabelecimentos de Creche por Dependência Administrativa";"Baixo Amazonas";"Belterra";"Estadual";"2023";0
"Social";"Educação";"Estabelecimentos de Creche por Dependência Administrativa";"Baixo Amazonas";"Belterra";"Estadual";"2024";0
"Social";"Educação";"Estabelecimentos de Creche por Dependência Administrativa";"Guajará";"Benevides";"Estadual";"2019";0
"Social";"Educação";"Estabelecimentos de Creche por Dependência Administrativa";"Guajará";"Benevides";"Estadual";"2020";0
"Social";"Educação";"Estabelecimentos de Creche por Dependência Administrativa";"Guajará";"Benevides";"Estadual";"2021";0
"Social";"Educação";"Estabelecimentos de Creche por Dependência Administrativa";"Guajará";"Benevides";"Estadual";"2022";0
"Social";"Educação";"Estabelecimentos de Creche por Dependência Administrativa";"Guajará";"Benevides";"Estadual";"2023";0
"Social";"Educação";"Estabelecimentos de Creche por Dependência Administrativa";"Guajará";"Benevides";"Estadual";"2024";0
"Social";"Educação";"Estabelecimentos de Creche por Dependência Administrativa";"Carajás";"Bom Jesus do Tocantins";"Estadual";"2019";7
"Social";"Educação";"Estabelecimentos de Creche por Dependência Administrativa";"Carajás";"Bom Jesus do Tocantins";"Estadual";"2020";0
"Social";"Educação";"Estabelecimentos de Creche por Dependência Administrativa";"Carajás";"Bom Jesus do Tocantins";"Estadual";"2021";0
"Social";"Educação";"Estabelecimentos de Creche por Dependência Administrativa";"Carajás";"Bom Jesus do Tocantins";"Estadual";"2022";0
"Social";"Educação";"Estabelecimentos de Creche por Dependência Administrativa";"Carajás";"Bom Jesus do Tocantins";"Estadual";"2023";0
"Social";"Educação";"Estabelecimentos de Creche por Dependência Administrativa";"Carajás";"Bom Jesus do Tocantins";"Estadual";"2024";0
"Social";"Educação";"Estabelecimentos de Creche por Dependência Administrativa";"Rio Caeté";"Bonito";"Estadual";"2019";0
"Social";"Educação";"Estabelecimentos de Creche por Dependência Administrativa";"Rio Caeté";"Bonito";"Estadual";"2020";0
"Social";"Educação";"Estabelecimentos de Creche por Dependência Administrativa";"Rio Caeté";"Bonito";"Estadual";"2021";0
"Social";"Educação";"Estabelecimentos de Creche por Dependência Administrativa";"Rio Caeté";"Bonito";"Estadual";"2022";0
"Social";"Educação";"Estabelecimentos de Creche por Dependência Administrativa";"Rio Caeté";"Bonito";"Estadual";"2023";0
"Social";"Educação";"Estabelecimentos de Creche por Dependência Administrativa";"Rio Caeté";"Bonito";"Estadual";"2024";0
"Social";"Educação";"Estabelecimentos de Creche por Dependência Administrativa";"Rio Caeté";"Bragança";"Estadual";"2019";0
"Social";"Educação";"Estabelecimentos de Creche por Dependência Administrativa";"Rio Caeté";"Bragança";"Estadual";"2020";0
"Social";"Educação";"Estabelecimentos de Creche por Dependência Administrativa";"Rio Caeté";"Bragança";"Estadual";"2021";0
"Social";"Educação";"Estabelecimentos de Creche por Dependência Administrativa";"Rio Caeté";"Bragança";"Estadual";"2022";0
"Social";"Educação";"Estabelecimentos de Creche por Dependência Administrativa";"Rio Caeté";"Bragança";"Estadual";"2023";0
"Social";"Educação";"Estabelecimentos de Creche por Dependência Administrativa";"Rio Caeté";"Bragança";"Estadual";"2024";0
"Social";"Educação";"Estabelecimentos de Creche por Dependência Administrativa";"Xingu";"Brasil Novo";"Estadual";"2019";0
"Social";"Educação";"Estabelecimentos de Creche por Dependência Administrativa";"Xingu";"Brasil Novo";"Estadual";"2020";0
"Social";"Educação";"Estabelecimentos de Creche por Dependência Administrativa";"Xingu";"Brasil Novo";"Estadual";"2021";0
"Social";"Educação";"Estabelecimentos de Creche por Dependência Administrativa";"Xingu";"Brasil Novo";"Estadual";"2022";0
"Social";"Educação";"Estabelecimentos de Creche por Dependência Administrativa";"Xingu";"Brasil Novo";"Estadual";"2023";0
"Social";"Educação";"Estabelecimentos de Creche por Dependência Administrativa";"Xingu";"Brasil Novo";"Estadual";"2024";0
"Social";"Educação";"Estabelecimentos de Creche por Dependência Administrativa";"Carajás";"Brejo Grande do Araguaia";"Estadual";"2019";0
"Social";"Educação";"Estabelecimentos de Creche por Dependência Administrativa";"Carajás";"Brejo Grande do Araguaia";"Estadual";"2020";0
"Social";"Educação";"Estabelecimentos de Creche por Dependência Administrativa";"Carajás";"Brejo Grande do Araguaia";"Estadual";"2021";0
"Social";"Educação";"Estabelecimentos de Creche por Dependência Administrativa";"Carajás";"Brejo Grande do Araguaia";"Estadual";"2022";0
"Social";"Educação";"Estabelecimentos de Creche por Dependência Administrativa";"Carajás";"Brejo Grande do Araguaia";"Estadual";"2023";0
"Social";"Educação";"Estabelecimentos de Creche por Dependência Administrativa";"Carajás";"Brejo Grande do Araguaia";"Estadual";"2024";0
"Social";"Educação";"Estabelecimentos de Creche por Dependência Administrativa";"Lago de Tucuruí";"Breu Branco";"Estadual";"2019";0
"Social";"Educação";"Estabelecimentos de Creche por Dependência Administrativa";"Lago de Tucuruí";"Breu Branco";"Estadual";"2020";0
"Social";"Educação";"Estabelecimentos de Creche por Dependência Administrativa";"Lago de Tucuruí";"Breu Branco";"Estadual";"2021";0
"Social";"Educação";"Estabelecimentos de Creche por Dependência Administrativa";"Lago de Tucuruí";"Breu Branco";"Estadual";"2022";0
"Social";"Educação";"Estabelecimentos de Creche por Dependência Administrativa";"Lago de Tucuruí";"Breu Branco";"Estadual";"2023";0
"Social";"Educação";"Estabelecimentos de Creche por Dependência Administrativa";"Lago de Tucuruí";"Breu Branco";"Estadual";"2024";0
"Social";"Educação";"Estabelecimentos de Creche por Dependência Administrativa";"Marajó";"Breves";"Estadual";"2019";0
"Social";"Educação";"Estabelecimentos de Creche por Dependência Administrativa";"Marajó";"Breves";"Estadual";"2020";0
"Social";"Educação";"Estabelecimentos de Creche por Dependência Administrativa";"Marajó";"Breves";"Estadual";"2021";0
"Social";"Educação";"Estabelecimentos de Creche por Dependência Administrativa";"Marajó";"Breves";"Estadual";"2022";0
"Social";"Educação";"Estabelecimentos de Creche por Dependência Administrativa";"Marajó";"Breves";"Estadual";"2023";0
"Social";"Educação";"Estabelecimentos de Creche por Dependência Administrativa";"Marajó";"Breves";"Estadual";"2024";0
"Social";"Educação";"Estabelecimentos de Creche por Dependência Administrativa";"Rio Capim";"Bujaru";"Estadual";"2019";0
"Social";"Educação";"Estabelecimentos de Creche por Dependência Administrativa";"Rio Capim";"Bujaru";"Estadual";"2020";0
"Social";"Educação";"Estabelecimentos de Creche por Dependência Administrativa";"Rio Capim";"Bujaru";"Estadual";"2021";0
"Social";"Educação";"Estabelecimentos de Creche por Dependência Administrativa";"Rio Capim";"Bujaru";"Estadual";"2022";0
"Social";"Educação";"Estabelecimentos de Creche por Dependência Administrativa";"Rio Capim";"Bujaru";"Estadual";"2023";0
"Social";"Educação";"Estabelecimentos de Creche por Dependência Administrativa";"Rio Capim";"Bujaru";"Estadual";"2024";0
"Social";"Educação";"Estabelecimentos de Creche por Dependência Administrativa";"Marajó";"Cachoeira do Arari";"Estadual";"2019";0
"Social";"Educação";"Estabelecimentos de Creche por Dependência Administrativa";"Marajó";"Cachoeira do Arari";"Estadual";"2020";0
"Social";"Educação";"Estabelecimentos de Creche por Dependência Administrativa";"Marajó";"Cachoeira do Arari";"Estadual";"2021";0
"Social";"Educação";"Estabelecimentos de Creche por Dependência Administrativa";"Marajó";"Cachoeira do Arari";"Estadual";"2022";0
"Social";"Educação";"Estabelecimentos de Creche por Dependência Administrativa";"Marajó";"Cachoeira do Arari";"Estadual";"2023";0
"Social";"Educação";"Estabelecimentos de Creche por Dependência Administrativa";"Marajó";"Cachoeira do Arari";"Estadual";"2024";0
"Social";"Educação";"Estabelecimentos de Creche por Dependência Administrativa";"Rio Caeté";"Cachoeira do Piriá";"Estadual";"2019";0
"Social";"Educação";"Estabelecimentos de Creche por Dependência Administrativa";"Rio Caeté";"Cachoeira do Piriá";"Estadual";"2020";0
"Social";"Educação";"Estabelecimentos de Creche por Dependência Administrativa";"Rio Caeté";"Cachoeira do Piriá";"Estadual";"2021";0
"Social";"Educação";"Estabelecimentos de Creche por Dependência Administrativa";"Rio Caeté";"Cachoeira do Piriá";"Estadual";"2022";0
"Social";"Educação";"Estabelecimentos de Creche por Dependência Administrativa";"Rio Caeté";"Cachoeira do Piriá";"Estadual";"2023";0
"Social";"Educação";"Estabelecimentos de Creche por Dependência Administrativa";"Rio Caeté";"Cachoeira do Piriá";"Estadual";"2024";0
"Social";"Educação";"Estabelecimentos de Creche por Dependência Administrativa";"Tocantins";"Cametá";"Estadual";"2019";0
"Social";"Educação";"Estabelecimentos de Creche por Dependência Administrativa";"Tocantins";"Cametá";"Estadual";"2020";0
"Social";"Educação";"Estabelecimentos de Creche por Dependência Administrativa";"Tocantins";"Cametá";"Estadual";"2021";0
"Social";"Educação";"Estabelecimentos de Creche por Dependência Administrativa";"Tocantins";"Cametá";"Estadual";"2022";0
"Social";"Educação";"Estabelecimentos de Creche por Dependência Administrativa";"Tocantins";"Cametá";"Estadual";"2023";0
"Social";"Educação";"Estabelecimentos de Creche por Dependência Administrativa";"Tocantins";"Cametá";"Estadual";"2024";0
"Social";"Educação";"Estabelecimentos de Creche por Dependência Administrativa";"Carajás";"Canaã dos Carajás";"Estadual";"2019";0
"Social";"Educação";"Estabelecimentos de Creche por Dependência Administrativa";"Carajás";"Canaã dos Carajás";"Estadual";"2020";0
"Social";"Educação";"Estabelecimentos de Creche por Dependência Administrativa";"Carajás";"Canaã dos Carajás";"Estadual";"2021";0
"Social";"Educação";"Estabelecimentos de Creche por Dependência Administrativa";"Carajás";"Canaã dos Carajás";"Estadual";"2022";0
"Social";"Educação";"Estabelecimentos de Creche por Dependência Administrativa";"Carajás";"Canaã dos Carajás";"Estadual";"2023";0
"Social";"Educação";"Estabelecimentos de Creche por Dependência Administrativa";"Carajás";"Canaã dos Carajás";"Estadual";"2024";0
"Social";"Educação";"Estabelecimentos de Creche por Dependência Administrativa";"Rio Caeté";"Capanema";"Estadual";"2019";0
"Social";"Educação";"Estabelecimentos de Creche por Dependência Administrativa";"Rio Caeté";"Capanema";"Estadual";"2020";0
"Social";"Educação";"Estabelecimentos de Creche por Dependência Administrativa";"Rio Caeté";"Capanema";"Estadual";"2021";0
"Social";"Educação";"Estabelecimentos de Creche por Dependência Administrativa";"Rio Caeté";"Capanema";"Estadual";"2022";0
"Social";"Educação";"Estabelecimentos de Creche por Dependência Administrativa";"Rio Caeté";"Capanema";"Estadual";"2023";0
"Social";"Educação";"Estabelecimentos de Creche por Dependência Administrativa";"Rio Caeté";"Capanema";"Estadual";"2024";0
"Social";"Educação";"Estabelecimentos de Creche por Dependência Administrativa";"Rio Capim";"Capitão Poço";"Estadual";"2019";1
"Social";"Educação";"Estabelecimentos de Creche por Dependência Administrativa";"Rio Capim";"Capitão Poço";"Estadual";"2020";0
"Social";"Educação";"Estabelecimentos de Creche por Dependência Administrativa";"Rio Capim";"Capitão Poço";"Estadual";"2021";0
"Social";"Educação";"Estabelecimentos de Creche por Dependência Administrativa";"Rio Capim";"Capitão Poço";"Estadual";"2022";0
"Social";"Educação";"Estabelecimentos de Creche por Dependência Administrativa";"Rio Capim";"Capitão Poço";"Estadual";"2023";0
"Social";"Educação";"Estabelecimentos de Creche por Dependência Administrativa";"Rio Capim";"Capitão Poço";"Estadual";"2024";0
"Social";"Educação";"Estabelecimentos de Creche por Dependência Administrativa";"Guamá";"Castanhal";"Estadual";"2019";0
"Social";"Educação";"Estabelecimentos de Creche por Dependência Administrativa";"Guamá";"Castanhal";"Estadual";"2020";0
"Social";"Educação";"Estabelecimentos de Creche por Dependência Administrativa";"Guamá";"Castanhal";"Estadual";"2021";0
"Social";"Educação";"Estabelecimentos de Creche por Dependência Administrativa";"Guamá";"Castanhal";"Estadual";"2022";0
"Social";"Educação";"Estabelecimentos de Creche por Dependência Administrativa";"Guamá";"Castanhal";"Estadual";"2023";0
"Social";"Educação";"Estabelecimentos de Creche por Dependência Administrativa";"Guamá";"Castanhal";"Estadual";"2024";0
"Social";"Educação";"Estabelecimentos de Creche por Dependência Administrativa";"Marajó";"Chaves";"Estadual";"2019";0
"Social";"Educação";"Estabelecimentos de Creche por Dependência Administrativa";"Marajó";"Chaves";"Estadual";"2020";0
"Social";"Educação";"Estabelecimentos de Creche por Dependência Administrativa";"Marajó";"Chaves";"Estadual";"2021";0
"Social";"Educação";"Estabelecimentos de Creche por Dependência Administrativa";"Marajó";"Chaves";"Estadual";"2022";0
"Social";"Educação";"Estabelecimentos de Creche por Dependência Administrativa";"Marajó";"Chaves";"Estadual";"2023";0
"Social";"Educação";"Estabelecimentos de Creche por Dependência Administrativa";"Marajó";"Chaves";"Estadual";"2024";0
"Social";"Educação";"Estabelecimentos de Creche por Dependência Administrativa";"Guamá";"Colares";"Estadual";"2019";0
"Social";"Educação";"Estabelecimentos de Creche por Dependência Administrativa";"Guamá";"Colares";"Estadual";"2020";0
"Social";"Educação";"Estabelecimentos de Creche por Dependência Administrativa";"Guamá";"Colares";"Estadual";"2021";0
"Social";"Educação";"Estabelecimentos de Creche por Dependência Administrativa";"Guamá";"Colares";"Estadual";"2022";0
"Social";"Educação";"Estabelecimentos de Creche por Dependência Administrativa";"Guamá";"Colares";"Estadual";"2023";0
"Social";"Educação";"Estabelecimentos de Creche por Dependência Administrativa";"Guamá";"Colares";"Estadual";"2024";0
"Social";"Educação";"Estabelecimentos de Creche por Dependência Administrativa";"Araguaia";"Conceição do Araguaia";"Estadual";"2019";0
"Social";"Educação";"Estabelecimentos de Creche por Dependência Administrativa";"Araguaia";"Conceição do Araguaia";"Estadual";"2020";0
"Social";"Educação";"Estabelecimentos de Creche por Dependência Administrativa";"Araguaia";"Conceição do Araguaia";"Estadual";"2021";0
"Social";"Educação";"Estabelecimentos de Creche por Dependência Administrativa";"Araguaia";"Conceição do Araguaia";"Estadual";"2022";0
"Social";"Educação";"Estabelecimentos de Creche por Dependência Administrativa";"Araguaia";"Conceição do Araguaia";"Estadual";"2023";0
"Social";"Educação";"Estabelecimentos de Creche por Dependência Administrativa";"Araguaia";"Conceição do Araguaia";"Estadual";"2024";0
"Social";"Educação";"Estabelecimentos de Creche por Dependência Administrativa";"Rio Capim";"Concórdia do Pará";"Estadual";"2019";0
"Social";"Educação";"Estabelecimentos de Creche por Dependência Administrativa";"Rio Capim";"Concórdia do Pará";"Estadual";"2020";0
"Social";"Educação";"Estabelecimentos de Creche por Dependência Administrativa";"Rio Capim";"Concórdia do Pará";"Estadual";"2021";0
"Social";"Educação";"Estabelecimentos de Creche por Dependência Administrativa";"Rio Capim";"Concórdia do Pará";"Estadual";"2022";0
"Social";"Educação";"Estabelecimentos de Creche por Dependência Administrativa";"Rio Capim";"Concórdia do Pará";"Estadual";"2023";0
"Social";"Educação";"Estabelecimentos de Creche por Dependência Administrativa";"Rio Capim";"Concórdia do Pará";"Estadual";"2024";0
"Social";"Educação";"Estabelecimentos de Creche por Dependência Administrativa";"Araguaia";"Cumaru do Norte";"Estadual";"2019";0
"Social";"Educação";"Estabelecimentos de Creche por Dependência Administrativa";"Araguaia";"Cumaru do Norte";"Estadual";"2020";0
"Social";"Educação";"Estabelecimentos de Creche por Dependência Administrativa";"Araguaia";"Cumaru do Norte";"Estadual";"2021";0
"Social";"Educação";"Estabelecimentos de Creche por Dependência Administrativa";"Araguaia";"Cumaru do Norte";"Estadual";"2022";0
"Social";"Educação";"Estabelecimentos de Creche por Dependência Administrativa";"Araguaia";"Cumaru do Norte";"Estadual";"2023";0
"Social";"Educação";"Estabelecimentos de Creche por Dependência Administrativa";"Araguaia";"Cumaru do Norte";"Estadual";"2024";0
"Social";"Educação";"Estabelecimentos de Creche por Dependência Administrativa";"Carajás";"Curionópolis";"Estadual";"2019";0
"Social";"Educação";"Estabelecimentos de Creche por Dependência Administrativa";"Carajás";"Curionópolis";"Estadual";"2020";0
"Social";"Educação";"Estabelecimentos de Creche por Dependência Administrativa";"Carajás";"Curionópolis";"Estadual";"2021";0
"Social";"Educação";"Estabelecimentos de Creche por Dependência Administrativa";"Carajás";"Curionópolis";"Estadual";"2022";0
"Social";"Educação";"Estabelecimentos de Creche por Dependência Administrativa";"Carajás";"Curionópolis";"Estadual";"2023";0
"Social";"Educação";"Estabelecimentos de Creche por Dependência Administrativa";"Carajás";"Curionópolis";"Estadual";"2024";0
"Social";"Educação";"Estabelecimentos de Creche por Dependência Administrativa";"Marajó";"Curralinho";"Estadual";"2019";0
"Social";"Educação";"Estabelecimentos de Creche por Dependência Administrativa";"Marajó";"Curralinho";"Estadual";"2020";0
"Social";"Educação";"Estabelecimentos de Creche por Dependência Administrativa";"Marajó";"Curralinho";"Estadual";"2021";0
"Social";"Educação";"Estabelecimentos de Creche por Dependência Administrativa";"Marajó";"Curralinho";"Estadual";"2022";0
"Social";"Educação";"Estabelecimentos de Creche por Dependência Administrativa";"Marajó";"Curralinho";"Estadual";"2023";0
"Social";"Educação";"Estabelecimentos de Creche por Dependência Administrativa";"Marajó";"Curralinho";"Estadual";"2024";0
"Social";"Educação";"Estabelecimentos de Creche por Dependência Administrativa";"Baixo Amazonas";"Curuá";"Estadual";"2019";0
"Social";"Educação";"Estabelecimentos de Creche por Dependência Administrativa";"Baixo Amazonas";"Curuá";"Estadual";"2020";0
"Social";"Educação";"Estabelecimentos de Creche por Dependência Administrativa";"Baixo Amazonas";"Curuá";"Estadual";"2021";0
"Social";"Educação";"Estabelecimentos de Creche por Dependência Administrativa";"Baixo Amazonas";"Curuá";"Estadual";"2022";0
"Social";"Educação";"Estabelecimentos de Creche por Dependência Administrativa";"Baixo Amazonas";"Curuá";"Estadual";"2023";0
"Social";"Educação";"Estabelecimentos de Creche por Dependência Administrativa";"Baixo Amazonas";"Curuá";"Estadual";"2024";0
"Social";"Educação";"Estabelecimentos de Creche por Dependência Administrativa";"Guamá";"Curuçá";"Estadual";"2019";0
"Social";"Educação";"Estabelecimentos de Creche por Dependência Administrativa";"Guamá";"Curuçá";"Estadual";"2020";0
"Social";"Educação";"Estabelecimentos de Creche por Dependência Administrativa";"Guamá";"Curuçá";"Estadual";"2021";0
"Social";"Educação";"Estabelecimentos de Creche por Dependência Administrativa";"Guamá";"Curuçá";"Estadual";"2022";0
"Social";"Educação";"Estabelecimentos de Creche por Dependência Administrativa";"Guamá";"Curuçá";"Estadual";"2023";0
"Social";"Educação";"Estabelecimentos de Creche por Dependência Administrativa";"Guamá";"Curuçá";"Estadual";"2024";0
"Social";"Educação";"Estabelecimentos de Creche por Dependência Administrativa";"Rio Capim";"Dom Eliseu";"Estadual";"2019";0
"Social";"Educação";"Estabelecimentos de Creche por Dependência Administrativa";"Rio Capim";"Dom Eliseu";"Estadual";"2020";0
"Social";"Educação";"Estabelecimentos de Creche por Dependência Administrativa";"Rio Capim";"Dom Eliseu";"Estadual";"2021";0
"Social";"Educação";"Estabelecimentos de Creche por Dependência Administrativa";"Rio Capim";"Dom Eliseu";"Estadual";"2022";0
"Social";"Educação";"Estabelecimentos de Creche por Dependência Administrativa";"Rio Capim";"Dom Eliseu";"Estadual";"2023";0
"Social";"Educação";"Estabelecimentos de Creche por Dependência Administrativa";"Rio Capim";"Dom Eliseu";"Estadual";"2024";0
"Social";"Educação";"Estabelecimentos de Creche por Dependência Administrativa";"Carajás";"Eldorado do Carajás";"Estadual";"2019";0
"Social";"Educação";"Estabelecimentos de Creche por Dependência Administrativa";"Carajás";"Eldorado do Carajás";"Estadual";"2020";0
"Social";"Educação";"Estabelecimentos de Creche por Dependência Administrativa";"Carajás";"Eldorado do Carajás";"Estadual";"2021";0
"Social";"Educação";"Estabelecimentos de Creche por Dependência Administrativa";"Carajás";"Eldorado do Carajás";"Estadual";"2022";0
"Social";"Educação";"Estabelecimentos de Creche por Dependência Administrativa";"Carajás";"Eldorado do Carajás";"Estadual";"2023";0
"Social";"Educação";"Estabelecimentos de Creche por Dependência Administrativa";"Carajás";"Eldorado do Carajás";"Estadual";"2024";0
"Social";"Educação";"Estabelecimentos de Creche por Dependência Administrativa";"Baixo Amazonas";"Faro";"Estadual";"2019";0
"Social";"Educação";"Estabelecimentos de Creche por Dependência Administrativa";"Baixo Amazonas";"Faro";"Estadual";"2020";0
"Social";"Educação";"Estabelecimentos de Creche por Dependência Administrativa";"Baixo Amazonas";"Faro";"Estadual";"2021";0
"Social";"Educação";"Estabelecimentos de Creche por Dependência Administrativa";"Baixo Amazonas";"Faro";"Estadual";"2022";0
"Social";"Educação";"Estabelecimentos de Creche por Dependência Administrativa";"Baixo Amazonas";"Faro";"Estadual";"2023";0
"Social";"Educação";"Estabelecimentos de Creche por Dependência Administrativa";"Baixo Amazonas";"Faro";"Estadual";"2024";0
"Social";"Educação";"Estabelecimentos de Creche por Dependência Administrativa";"Araguaia";"Floresta do Araguaia";"Estadual";"2019";0
"Social";"Educação";"Estabelecimentos de Creche por Dependência Administrativa";"Araguaia";"Floresta do Araguaia";"Estadual";"2020";0
"Social";"Educação";"Estabelecimentos de Creche por Dependência Administrativa";"Araguaia";"Floresta do Araguaia";"Estadual";"2021";0
"Social";"Educação";"Estabelecimentos de Creche por Dependência Administrativa";"Araguaia";"Floresta do Araguaia";"Estadual";"2022";0
"Social";"Educação";"Estabelecimentos de Creche por Dependência Administrativa";"Araguaia";"Floresta do Araguaia";"Estadual";"2023";0
"Social";"Educação";"Estabelecimentos de Creche por Dependência Administrativa";"Araguaia";"Floresta do Araguaia";"Estadual";"2024";0
"Social";"Educação";"Estabelecimentos de Creche por Dependência Administrativa";"Rio Capim";"Garrafão do Norte";"Estadual";"2019";0
"Social";"Educação";"Estabelecimentos de Creche por Dependência Administrativa";"Rio Capim";"Garrafão do Norte";"Estadual";"2020";0
"Social";"Educação";"Estabelecimentos de Creche por Dependência Administrativa";"Rio Capim";"Garrafão do Norte";"Estadual";"2021";0
"Social";"Educação";"Estabelecimentos de Creche por Dependência Administrativa";"Rio Capim";"Garrafão do Norte";"Estadual";"2022";0
"Social";"Educação";"Estabelecimentos de Creche por Dependência Administrativa";"Rio Capim";"Garrafão do Norte";"Estadual";"2023";0
"Social";"Educação";"Estabelecimentos de Creche por Dependência Administrativa";"Rio Capim";"Garrafão do Norte";"Estadual";"2024";0
"Social";"Educação";"Estabelecimentos de Creche por Dependência Administrativa";"Lago de Tucuruí";"Goianésia do Pará";"Estadual";"2019";0
"Social";"Educação";"Estabelecimentos de Creche por Dependência Administrativa";"Lago de Tucuruí";"Goianésia do Pará";"Estadual";"2020";0
"Social";"Educação";"Estabelecimentos de Creche por Dependência Administrativa";"Lago de Tucuruí";"Goianésia do Pará";"Estadual";"2021";0
"Social";"Educação";"Estabelecimentos de Creche por Dependência Administrativa";"Lago de Tucuruí";"Goianésia do Pará";"Estadual";"2022";0
"Social";"Educação";"Estabelecimentos de Creche por Dependência Administrativa";"Lago de Tucuruí";"Goianésia do Pará";"Estadual";"2023";0
"Social";"Educação";"Estabelecimentos de Creche por Dependência Administrativa";"Lago de Tucuruí";"Goianésia do Pará";"Estadual";"2024";0
"Social";"Educação";"Estabelecimentos de Creche por Dependência Administrativa";"Marajó";"Gurupá";"Estadual";"2019";0
"Social";"Educação";"Estabelecimentos de Creche por Dependência Administrativa";"Marajó";"Gurupá";"Estadual";"2020";0
"Social";"Educação";"Estabelecimentos de Creche por Dependência Administrativa";"Marajó";"Gurupá";"Estadual";"2021";0
"Social";"Educação";"Estabelecimentos de Creche por Dependência Administrativa";"Marajó";"Gurupá";"Estadual";"2022";0
"Social";"Educação";"Estabelecimentos de Creche por Dependência Administrativa";"Marajó";"Gurupá";"Estadual";"2023";0
"Social";"Educação";"Estabelecimentos de Creche por Dependência Administrativa";"Marajó";"Gurupá";"Estadual";"2024";0
"Social";"Educação";"Estabelecimentos de Creche por Dependência Administrativa";"Guamá";"Igarapé-Açu";"Estadual";"2019";0
"Social";"Educação";"Estabelecimentos de Creche por Dependência Administrativa";"Guamá";"Igarapé-Açu";"Estadual";"2020";0
"Social";"Educação";"Estabelecimentos de Creche por Dependência Administrativa";"Guamá";"Igarapé-Açu";"Estadual";"2021";0
"Social";"Educação";"Estabelecimentos de Creche por Dependência Administrativa";"Guamá";"Igarapé-Açu";"Estadual";"2022";0
"Social";"Educação";"Estabelecimentos de Creche por Dependência Administrativa";"Guamá";"Igarapé-Açu";"Estadual";"2023";0
"Social";"Educação";"Estabelecimentos de Creche por Dependência Administrativa";"Guamá";"Igarapé-Açu";"Estadual";"2024";0
"Social";"Educação";"Estabelecimentos de Creche por Dependência Administrativa";"Tocantins";"Igarapé-Miri";"Estadual";"2019";0
"Social";"Educação";"Estabelecimentos de Creche por Dependência Administrativa";"Tocantins";"Igarapé-Miri";"Estadual";"2020";0
"Social";"Educação";"Estabelecimentos de Creche por Dependência Administrativa";"Tocantins";"Igarapé-Miri";"Estadual";"2021";0
"Social";"Educação";"Estabelecimentos de Creche por Dependência Administrativa";"Tocantins";"Igarapé-Miri";"Estadual";"2022";0
"Social";"Educação";"Estabelecimentos de Creche por Dependência Administrativa";"Tocantins";"Igarapé-Miri";"Estadual";"2023";0
"Social";"Educação";"Estabelecimentos de Creche por Dependência Administrativa";"Tocantins";"Igarapé-Miri";"Estadual";"2024";0
"Social";"Educação";"Estabelecimentos de Creche por Dependência Administrativa";"Guamá";"Inhangapi";"Estadual";"2019";0
"Social";"Educação";"Estabelecimentos de Creche por Dependência Administrativa";"Guamá";"Inhangapi";"Estadual";"2020";0
"Social";"Educação";"Estabelecimentos de Creche por Dependência Administrativa";"Guamá";"Inhangapi";"Estadual";"2021";0
"Social";"Educação";"Estabelecimentos de Creche por Dependência Administrativa";"Guamá";"Inhangapi";"Estadual";"2022";0
"Social";"Educação";"Estabelecimentos de Creche por Dependência Administrativa";"Guamá";"Inhangapi";"Estadual";"2023";0
"Social";"Educação";"Estabelecimentos de Creche por Dependência Administrativa";"Guamá";"Inhangapi";"Estadual";"2024";0
"Social";"Educação";"Estabelecimentos de Creche por Dependência Administrativa";"Rio Capim";"Ipixuna do Pará";"Estadual";"2019";0
"Social";"Educação";"Estabelecimentos de Creche por Dependência Administrativa";"Rio Capim";"Ipixuna do Pará";"Estadual";"2020";0
"Social";"Educação";"Estabelecimentos de Creche por Dependência Administrativa";"Rio Capim";"Ipixuna do Pará";"Estadual";"2021";0
"Social";"Educação";"Estabelecimentos de Creche por Dependência Administrativa";"Rio Capim";"Ipixuna do Pará";"Estadual";"2022";0
"Social";"Educação";"Estabelecimentos de Creche por Dependência Administrativa";"Rio Capim";"Ipixuna do Pará";"Estadual";"2023";0
"Social";"Educação";"Estabelecimentos de Creche por Dependência Administrativa";"Rio Capim";"Ipixuna do Pará";"Estadual";"2024";0
"Social";"Educação";"Estabelecimentos de Creche por Dependência Administrativa";"Rio Capim";"Irituia";"Estadual";"2019";0
"Social";"Educação";"Estabelecimentos de Creche por Dependência Administrativa";"Rio Capim";"Irituia";"Estadual";"2020";0
"Social";"Educação";"Estabelecimentos de Creche por Dependência Administrativa";"Rio Capim";"Irituia";"Estadual";"2021";0
"Social";"Educação";"Estabelecimentos de Creche por Dependência Administrativa";"Rio Capim";"Irituia";"Estadual";"2022";0
"Social";"Educação";"Estabelecimentos de Creche por Dependência Administrativa";"Rio Capim";"Irituia";"Estadual";"2023";0
"Social";"Educação";"Estabelecimentos de Creche por Dependência Administrativa";"Rio Capim";"Irituia";"Estadual";"2024";0
"Social";"Educação";"Estabelecimentos de Creche por Dependência Administrativa";"Tapajós";"Itaituba";"Estadual";"2019";0
"Social";"Educação";"Estabelecimentos de Creche por Dependência Administrativa";"Tapajós";"Itaituba";"Estadual";"2020";0
"Social";"Educação";"Estabelecimentos de Creche por Dependência Administrativa";"Tapajós";"Itaituba";"Estadual";"2021";0
"Social";"Educação";"Estabelecimentos de Creche por Dependência Administrativa";"Tapajós";"Itaituba";"Estadual";"2022";0
"Social";"Educação";"Estabelecimentos de Creche por Dependência Administrativa";"Tapajós";"Itaituba";"Estadual";"2023";0
"Social";"Educação";"Estabelecimentos de Creche por Dependência Administrativa";"Tapajós";"Itaituba";"Estadual";"2024";0
"Social";"Educação";"Estabelecimentos de Creche por Dependência Administrativa";"Lago de Tucuruí";"Itupiranga";"Estadual";"2019";0
"Social";"Educação";"Estabelecimentos de Creche por Dependência Administrativa";"Lago de Tucuruí";"Itupiranga";"Estadual";"2020";0
"Social";"Educação";"Estabelecimentos de Creche por Dependência Administrativa";"Lago de Tucuruí";"Itupiranga";"Estadual";"2021";0
"Social";"Educação";"Estabelecimentos de Creche por Dependência Administrativa";"Lago de Tucuruí";"Itupiranga";"Estadual";"2022";0
"Social";"Educação";"Estabelecimentos de Creche por Dependência Administrativa";"Lago de Tucuruí";"Itupiranga";"Estadual";"2023";0
"Social";"Educação";"Estabelecimentos de Creche por Dependência Administrativa";"Lago de Tucuruí";"Itupiranga";"Estadual";"2024";0
"Social";"Educação";"Estabelecimentos de Creche por Dependência Administrativa";"Tapajós";"Jacareacanga";"Estadual";"2019";0
"Social";"Educação";"Estabelecimentos de Creche por Dependência Administrativa";"Tapajós";"Jacareacanga";"Estadual";"2020";0
"Social";"Educação";"Estabelecimentos de Creche por Dependência Administrativa";"Tapajós";"Jacareacanga";"Estadual";"2021";0
"Social";"Educação";"Estabelecimentos de Creche por Dependência Administrativa";"Tapajós";"Jacareacanga";"Estadual";"2022";0
"Social";"Educação";"Estabelecimentos de Creche por Dependência Administrativa";"Tapajós";"Jacareacanga";"Estadual";"2023";0
"Social";"Educação";"Estabelecimentos de Creche por Dependência Administrativa";"Tapajós";"Jacareacanga";"Estadual";"2024";0
"Social";"Educação";"Estabelecimentos de Creche por Dependência Administrativa";"Lago de Tucuruí";"Jacundá";"Estadual";"2019";0
"Social";"Educação";"Estabelecimentos de Creche por Dependência Administrativa";"Lago de Tucuruí";"Jacundá";"Estadual";"2020";0
"Social";"Educação";"Estabelecimentos de Creche por Dependência Administrativa";"Lago de Tucuruí";"Jacundá";"Estadual";"2021";0
"Social";"Educação";"Estabelecimentos de Creche por Dependência Administrativa";"Lago de Tucuruí";"Jacundá";"Estadual";"2022";0
"Social";"Educação";"Estabelecimentos de Creche por Dependência Administrativa";"Lago de Tucuruí";"Jacundá";"Estadual";"2023";0
"Social";"Educação";"Estabelecimentos de Creche por Dependência Administrativa";"Lago de Tucuruí";"Jacundá";"Estadual";"2024";0
"Social";"Educação";"Estabelecimentos de Creche por Dependência Administrativa";"Baixo Amazonas";"Juruti";"Estadual";"2019";0
"Social";"Educação";"Estabelecimentos de Creche por Dependência Administrativa";"Baixo Amazonas";"Juruti";"Estadual";"2020";0
"Social";"Educação";"Estabelecimentos de Creche por Dependência Administrativa";"Baixo Amazonas";"Juruti";"Estadual";"2021";0
"Social";"Educação";"Estabelecimentos de Creche por Dependência Administrativa";"Baixo Amazonas";"Juruti";"Estadual";"2022";0
"Social";"Educação";"Estabelecimentos de Creche por Dependência Administrativa";"Baixo Amazonas";"Juruti";"Estadual";"2023";0
"Social";"Educação";"Estabelecimentos de Creche por Dependência Administrativa";"Baixo Amazonas";"Juruti";"Estadual";"2024";0
"Social";"Educação";"Estabelecimentos de Creche por Dependência Administrativa";"Tocantins";"Limoeiro do Ajuru";"Estadual";"2019";0
"Social";"Educação";"Estabelecimentos de Creche por Dependência Administrativa";"Tocantins";"Limoeiro do Ajuru";"Estadual";"2020";0
"Social";"Educação";"Estabelecimentos de Creche por Dependência Administrativa";"Tocantins";"Limoeiro do Ajuru";"Estadual";"2021";0
"Social";"Educação";"Estabelecimentos de Creche por Dependência Administrativa";"Tocantins";"Limoeiro do Ajuru";"Estadual";"2022";0
"Social";"Educação";"Estabelecimentos de Creche por Dependência Administrativa";"Tocantins";"Limoeiro do Ajuru";"Estadual";"2023";0
"Social";"Educação";"Estabelecimentos de Creche por Dependência Administrativa";"Tocantins";"Limoeiro do Ajuru";"Estadual";"2024";0
"Social";"Educação";"Estabelecimentos de Creche por Dependência Administrativa";"Rio Capim";"Mãe do Rio";"Estadual";"2019";0
"Social";"Educação";"Estabelecimentos de Creche por Dependência Administrativa";"Rio Capim";"Mãe do Rio";"Estadual";"2020";0
"Social";"Educação";"Estabelecimentos de Creche por Dependência Administrativa";"Rio Capim";"Mãe do Rio";"Estadual";"2021";0
"Social";"Educação";"Estabelecimentos de Creche por Dependência Administrativa";"Rio Capim";"Mãe do Rio";"Estadual";"2022";0
"Social";"Educação";"Estabelecimentos de Creche por Dependência Administrativa";"Rio Capim";"Mãe do Rio";"Estadual";"2023";0
"Social";"Educação";"Estabelecimentos de Creche por Dependência Administrativa";"Rio Capim";"Mãe do Rio";"Estadual";"2024";0
"Social";"Educação";"Estabelecimentos de Creche por Dependência Administrativa";"Guamá";"Magalhães Barata";"Estadual";"2019";0
"Social";"Educação";"Estabelecimentos de Creche por Dependência Administrativa";"Guamá";"Magalhães Barata";"Estadual";"2020";0
"Social";"Educação";"Estabelecimentos de Creche por Dependência Administrativa";"Guamá";"Magalhães Barata";"Estadual";"2021";0
"Social";"Educação";"Estabelecimentos de Creche por Dependência Administrativa";"Guamá";"Magalhães Barata";"Estadual";"2022";0
"Social";"Educação";"Estabelecimentos de Creche por Dependência Administrativa";"Guamá";"Magalhães Barata";"Estadual";"2023";0
"Social";"Educação";"Estabelecimentos de Creche por Dependência Administrativa";"Guamá";"Magalhães Barata";"Estadual";"2024";0
"Social";"Educação";"Estabelecimentos de Creche por Dependência Administrativa";"Carajás";"Marabá";"Estadual";"2019";0
"Social";"Educação";"Estabelecimentos de Creche por Dependência Administrativa";"Carajás";"Marabá";"Estadual";"2020";0
"Social";"Educação";"Estabelecimentos de Creche por Dependência Administrativa";"Carajás";"Marabá";"Estadual";"2021";0
"Social";"Educação";"Estabelecimentos de Creche por Dependência Administrativa";"Carajás";"Marabá";"Estadual";"2022";0
"Social";"Educação";"Estabelecimentos de Creche por Dependência Administrativa";"Carajás";"Marabá";"Estadual";"2023";0
"Social";"Educação";"Estabelecimentos de Creche por Dependência Administrativa";"Carajás";"Marabá";"Estadual";"2024";0
"Social";"Educação";"Estabelecimentos de Creche por Dependência Administrativa";"Guamá";"Maracanã";"Estadual";"2019";0
"Social";"Educação";"Estabelecimentos de Creche por Dependência Administrativa";"Guamá";"Maracanã";"Estadual";"2020";0
"Social";"Educação";"Estabelecimentos de Creche por Dependência Administrativa";"Guamá";"Maracanã";"Estadual";"2021";0
"Social";"Educação";"Estabelecimentos de Creche por Dependência Administrativa";"Guamá";"Maracanã";"Estadual";"2022";0
"Social";"Educação";"Estabelecimentos de Creche por Dependência Administrativa";"Guamá";"Maracanã";"Estadual";"2023";0
"Social";"Educação";"Estabelecimentos de Creche por Dependência Administrativa";"Guamá";"Maracanã";"Estadual";"2024";0
"Social";"Educação";"Estabelecimentos de Creche por Dependência Administrativa";"Guamá";"Marapanim";"Estadual";"2019";0
"Social";"Educação";"Estabelecimentos de Creche por Dependência Administrativa";"Guamá";"Marapanim";"Estadual";"2020";0
"Social";"Educação";"Estabelecimentos de Creche por Dependência Administrativa";"Guamá";"Marapanim";"Estadual";"2021";0
"Social";"Educação";"Estabelecimentos de Creche por Dependência Administrativa";"Guamá";"Marapanim";"Estadual";"2022";0
"Social";"Educação";"Estabelecimentos de Creche por Dependência Administrativa";"Guamá";"Marapanim";"Estadual";"2023";0
"Social";"Educação";"Estabelecimentos de Creche por Dependência Administrativa";"Guamá";"Marapanim";"Estadual";"2024";0
"Social";"Educação";"Estabelecimentos de Creche por Dependência Administrativa";"Guajará";"Marituba";"Estadual";"2019";0
"Social";"Educação";"Estabelecimentos de Creche por Dependência Administrativa";"Guajará";"Marituba";"Estadual";"2020";0
"Social";"Educação";"Estabelecimentos de Creche por Dependência Administrativa";"Guajará";"Marituba";"Estadual";"2021";0
"Social";"Educação";"Estabelecimentos de Creche por Dependência Administrativa";"Guajará";"Marituba";"Estadual";"2022";0
"Social";"Educação";"Estabelecimentos de Creche por Dependência Administrativa";"Guajará";"Marituba";"Estadual";"2023";0
"Social";"Educação";"Estabelecimentos de Creche por Dependência Administrativa";"Guajará";"Marituba";"Estadual";"2024";0
"Social";"Educação";"Estabelecimentos de Creche por Dependência Administrativa";"Xingu";"Medicilândia";"Estadual";"2019";0
"Social";"Educação";"Estabelecimentos de Creche por Dependência Administrativa";"Xingu";"Medicilândia";"Estadual";"2020";0
"Social";"Educação";"Estabelecimentos de Creche por Dependência Administrativa";"Xingu";"Medicilândia";"Estadual";"2021";0
"Social";"Educação";"Estabelecimentos de Creche por Dependência Administrativa";"Xingu";"Medicilândia";"Estadual";"2022";0
"Social";"Educação";"Estabelecimentos de Creche por Dependência Administrativa";"Xingu";"Medicilândia";"Estadual";"2023";0
"Social";"Educação";"Estabelecimentos de Creche por Dependência Administrativa";"Xingu";"Medicilândia";"Estadual";"2024";0
"Social";"Educação";"Estabelecimentos de Creche por Dependência Administrativa";"Marajó";"Melgaço";"Estadual";"2019";0
"Social";"Educação";"Estabelecimentos de Creche por Dependência Administrativa";"Marajó";"Melgaço";"Estadual";"2020";0
"Social";"Educação";"Estabelecimentos de Creche por Dependência Administrativa";"Marajó";"Melgaço";"Estadual";"2021";0
"Social";"Educação";"Estabelecimentos de Creche por Dependência Administrativa";"Marajó";"Melgaço";"Estadual";"2022";0
"Social";"Educação";"Estabelecimentos de Creche por Dependência Administrativa";"Marajó";"Melgaço";"Estadual";"2023";0
"Social";"Educação";"Estabelecimentos de Creche por Dependência Administrativa";"Marajó";"Melgaço";"Estadual";"2024";0
"Social";"Educação";"Estabelecimentos de Creche por Dependência Administrativa";"Tocantins";"Mocajuba";"Estadual";"2019";0
"Social";"Educação";"Estabelecimentos de Creche por Dependência Administrativa";"Tocantins";"Mocajuba";"Estadual";"2020";0
"Social";"Educação";"Estabelecimentos de Creche por Dependência Administrativa";"Tocantins";"Mocajuba";"Estadual";"2021";0
"Social";"Educação";"Estabelecimentos de Creche por Dependência Administrativa";"Tocantins";"Mocajuba";"Estadual";"2022";0
"Social";"Educação";"Estabelecimentos de Creche por Dependência Administrativa";"Tocantins";"Mocajuba";"Estadual";"2023";0
"Social";"Educação";"Estabelecimentos de Creche por Dependência Administrativa";"Tocantins";"Mocajuba";"Estadual";"2024";0
"Social";"Educação";"Estabelecimentos de Creche por Dependência Administrativa";"Tocantins";"Moju";"Estadual";"2019";0
"Social";"Educação";"Estabelecimentos de Creche por Dependência Administrativa";"Tocantins";"Moju";"Estadual";"2020";0
"Social";"Educação";"Estabelecimentos de Creche por Dependência Administrativa";"Tocantins";"Moju";"Estadual";"2021";0
"Social";"Educação";"Estabelecimentos de Creche por Dependência Administrativa";"Tocantins";"Moju";"Estadual";"2022";0
"Social";"Educação";"Estabelecimentos de Creche por Dependência Administrativa";"Tocantins";"Moju";"Estadual";"2023";0
"Social";"Educação";"Estabelecimentos de Creche por Dependência Administrativa";"Tocantins";"Moju";"Estadual";"2024";0
"Social";"Educação";"Estabelecimentos de Creche por Dependência Administrativa";"Baixo Amazonas";"Mojuí dos campos";"Estadual";"2019";0
"Social";"Educação";"Estabelecimentos de Creche por Dependência Administrativa";"Baixo Amazonas";"Mojuí dos campos";"Estadual";"2020";0
"Social";"Educação";"Estabelecimentos de Creche por Dependência Administrativa";"Baixo Amazonas";"Mojuí dos campos";"Estadual";"2021";0
"Social";"Educação";"Estabelecimentos de Creche por Dependência Administrativa";"Baixo Amazonas";"Mojuí dos campos";"Estadual";"2022";0
"Social";"Educação";"Estabelecimentos de Creche por Dependência Administrativa";"Baixo Amazonas";"Mojuí dos campos";"Estadual";"2023";0
"Social";"Educação";"Estabelecimentos de Creche por Dependência Administrativa";"Baixo Amazonas";"Mojuí dos campos";"Estadual";"2024";0
"Social";"Educação";"Estabelecimentos de Creche por Dependência Administrativa";"Baixo Amazonas";"Monte Alegre";"Estadual";"2019";0
"Social";"Educação";"Estabelecimentos de Creche por Dependência Administrativa";"Baixo Amazonas";"Monte Alegre";"Estadual";"2020";0
"Social";"Educação";"Estabelecimentos de Creche por Dependência Administrativa";"Baixo Amazonas";"Monte Alegre";"Estadual";"2021";0
"Social";"Educação";"Estabelecimentos de Creche por Dependência Administrativa";"Baixo Amazonas";"Monte Alegre";"Estadual";"2022";0
"Social";"Educação";"Estabelecimentos de Creche por Dependência Administrativa";"Baixo Amazonas";"Monte Alegre";"Estadual";"2023";0
"Social";"Educação";"Estabelecimentos de Creche por Dependência Administrativa";"Baixo Amazonas";"Monte Alegre";"Estadual";"2024";0
"Social";"Educação";"Estabelecimentos de Creche por Dependência Administrativa";"Marajó";"Muaná";"Estadual";"2019";0
"Social";"Educação";"Estabelecimentos de Creche por Dependência Administrativa";"Marajó";"Muaná";"Estadual";"2020";0
"Social";"Educação";"Estabelecimentos de Creche por Dependência Administrativa";"Marajó";"Muaná";"Estadual";"2021";0
"Social";"Educação";"Estabelecimentos de Creche por Dependência Administrativa";"Marajó";"Muaná";"Estadual";"2022";0
"Social";"Educação";"Estabelecimentos de Creche por Dependência Administrativa";"Marajó";"Muaná";"Estadual";"2023";0
"Social";"Educação";"Estabelecimentos de Creche por Dependência Administrativa";"Marajó";"Muaná";"Estadual";"2024";0
"Social";"Educação";"Estabelecimentos de Creche por Dependência Administrativa";"Rio Capim";"Nova Esperança do Piriá";"Estadual";"2019";0
"Social";"Educação";"Estabelecimentos de Creche por Dependência Administrativa";"Rio Capim";"Nova Esperança do Piriá";"Estadual";"2020";0
"Social";"Educação";"Estabelecimentos de Creche por Dependência Administrativa";"Rio Capim";"Nova Esperança do Piriá";"Estadual";"2021";0
"Social";"Educação";"Estabelecimentos de Creche por Dependência Administrativa";"Rio Capim";"Nova Esperança do Piriá";"Estadual";"2022";0
"Social";"Educação";"Estabelecimentos de Creche por Dependência Administrativa";"Rio Capim";"Nova Esperança do Piriá";"Estadual";"2023";0
"Social";"Educação";"Estabelecimentos de Creche por Dependência Administrativa";"Rio Capim";"Nova Esperança do Piriá";"Estadual";"2024";0
"Social";"Educação";"Estabelecimentos de Creche por Dependência Administrativa";"Lago de Tucuruí";"Nova Ipixuna";"Estadual";"2019";0
"Social";"Educação";"Estabelecimentos de Creche por Dependência Administrativa";"Lago de Tucuruí";"Nova Ipixuna";"Estadual";"2020";0
"Social";"Educação";"Estabelecimentos de Creche por Dependência Administrativa";"Lago de Tucuruí";"Nova Ipixuna";"Estadual";"2021";0
"Social";"Educação";"Estabelecimentos de Creche por Dependência Administrativa";"Lago de Tucuruí";"Nova Ipixuna";"Estadual";"2022";0
"Social";"Educação";"Estabelecimentos de Creche por Dependência Administrativa";"Lago de Tucuruí";"Nova Ipixuna";"Estadual";"2023";0
"Social";"Educação";"Estabelecimentos de Creche por Dependência Administrativa";"Lago de Tucuruí";"Nova Ipixuna";"Estadual";"2024";0
"Social";"Educação";"Estabelecimentos de Creche por Dependência Administrativa";"Rio Caeté";"Nova Timboteua";"Estadual";"2019";0
"Social";"Educação";"Estabelecimentos de Creche por Dependência Administrativa";"Rio Caeté";"Nova Timboteua";"Estadual";"2020";0
"Social";"Educação";"Estabelecimentos de Creche por Dependência Administrativa";"Rio Caeté";"Nova Timboteua";"Estadual";"2021";0
"Social";"Educação";"Estabelecimentos de Creche por Dependência Administrativa";"Rio Caeté";"Nova Timboteua";"Estadual";"2022";0
"Social";"Educação";"Estabelecimentos de Creche por Dependência Administrativa";"Rio Caeté";"Nova Timboteua";"Estadual";"2023";0
"Social";"Educação";"Estabelecimentos de Creche por Dependência Administrativa";"Rio Caeté";"Nova Timboteua";"Estadual";"2024";0
"Social";"Educação";"Estabelecimentos de Creche por Dependência Administrativa";"Tapajós";"Novo Progresso";"Estadual";"2019";0
"Social";"Educação";"Estabelecimentos de Creche por Dependência Administrativa";"Tapajós";"Novo Progresso";"Estadual";"2020";0
"Social";"Educação";"Estabelecimentos de Creche por Dependência Administrativa";"Tapajós";"Novo Progresso";"Estadual";"2021";0
"Social";"Educação";"Estabelecimentos de Creche por Dependência Administrativa";"Tapajós";"Novo Progresso";"Estadual";"2022";0
"Social";"Educação";"Estabelecimentos de Creche por Dependência Administrativa";"Tapajós";"Novo Progresso";"Estadual";"2023";0
"Social";"Educação";"Estabelecimentos de Creche por Dependência Administrativa";"Tapajós";"Novo Progresso";"Estadual";"2024";0
"Social";"Educação";"Estabelecimentos de Creche por Dependência Administrativa";"Lago de Tucuruí";"Novo Repartimento";"Estadual";"2019";0
"Social";"Educação";"Estabelecimentos de Creche por Dependência Administrativa";"Lago de Tucuruí";"Novo Repartimento";"Estadual";"2020";0
"Social";"Educação";"Estabelecimentos de Creche por Dependência Administrativa";"Lago de Tucuruí";"Novo Repartimento";"Estadual";"2021";0
"Social";"Educação";"Estabelecimentos de Creche por Dependência Administrativa";"Lago de Tucuruí";"Novo Repartimento";"Estadual";"2022";0
"Social";"Educação";"Estabelecimentos de Creche por Dependência Administrativa";"Lago de Tucuruí";"Novo Repartimento";"Estadual";"2023";0
"Social";"Educação";"Estabelecimentos de Creche por Dependência Administrativa";"Lago de Tucuruí";"Novo Repartimento";"Estadual";"2024";0
"Social";"Educação";"Estabelecimentos de Creche por Dependência Administrativa";"Baixo Amazonas";"Óbidos";"Estadual";"2019";0
"Social";"Educação";"Estabelecimentos de Creche por Dependência Administrativa";"Baixo Amazonas";"Óbidos";"Estadual";"2020";0
"Social";"Educação";"Estabelecimentos de Creche por Dependência Administrativa";"Baixo Amazonas";"Óbidos";"Estadual";"2021";0
"Social";"Educação";"Estabelecimentos de Creche por Dependência Administrativa";"Baixo Amazonas";"Óbidos";"Estadual";"2022";0
"Social";"Educação";"Estabelecimentos de Creche por Dependência Administrativa";"Baixo Amazonas";"Óbidos";"Estadual";"2023";0
"Social";"Educação";"Estabelecimentos de Creche por Dependência Administrativa";"Baixo Amazonas";"Óbidos";"Estadual";"2024";0
"Social";"Educação";"Estabelecimentos de Creche por Dependência Administrativa";"Marajó";"Oeiras do Pará";"Estadual";"2019";0
"Social";"Educação";"Estabelecimentos de Creche por Dependência Administrativa";"Marajó";"Oeiras do Pará";"Estadual";"2020";0
"Social";"Educação";"Estabelecimentos de Creche por Dependência Administrativa";"Marajó";"Oeiras do Pará";"Estadual";"2021";0
"Social";"Educação";"Estabelecimentos de Creche por Dependência Administrativa";"Marajó";"Oeiras do Pará";"Estadual";"2022";0
"Social";"Educação";"Estabelecimentos de Creche por Dependência Administrativa";"Marajó";"Oeiras do Pará";"Estadual";"2023";0
"Social";"Educação";"Estabelecimentos de Creche por Dependência Administrativa";"Marajó";"Oeiras do Pará";"Estadual";"2024";0
"Social";"Educação";"Estabelecimentos de Creche por Dependência Administrativa";"Baixo Amazonas";"Oriximiná";"Estadual";"2019";0
"Social";"Educação";"Estabelecimentos de Creche por Dependência Administrativa";"Baixo Amazonas";"Oriximiná";"Estadual";"2020";0
"Social";"Educação";"Estabelecimentos de Creche por Dependência Administrativa";"Baixo Amazonas";"Oriximiná";"Estadual";"2021";0
"Social";"Educação";"Estabelecimentos de Creche por Dependência Administrativa";"Baixo Amazonas";"Oriximiná";"Estadual";"2022";0
"Social";"Educação";"Estabelecimentos de Creche por Dependência Administrativa";"Baixo Amazonas";"Oriximiná";"Estadual";"2023";0
"Social";"Educação";"Estabelecimentos de Creche por Dependência Administrativa";"Baixo Amazonas";"Oriximiná";"Estadual";"2024";0
"Social";"Educação";"Estabelecimentos de Creche por Dependência Administrativa";"Rio Capim";"Ourém";"Estadual";"2019";0
"Social";"Educação";"Estabelecimentos de Creche por Dependência Administrativa";"Rio Capim";"Ourém";"Estadual";"2020";0
"Social";"Educação";"Estabelecimentos de Creche por Dependência Administrativa";"Rio Capim";"Ourém";"Estadual";"2021";0
"Social";"Educação";"Estabelecimentos de Creche por Dependência Administrativa";"Rio Capim";"Ourém";"Estadual";"2022";0
"Social";"Educação";"Estabelecimentos de Creche por Dependência Administrativa";"Rio Capim";"Ourém";"Estadual";"2023";0
"Social";"Educação";"Estabelecimentos de Creche por Dependência Administrativa";"Rio Capim";"Ourém";"Estadual";"2024";0
"Social";"Educação";"Estabelecimentos de Creche por Dependência Administrativa";"Araguaia";"Ourilândia do Norte";"Estadual";"2019";0
"Social";"Educação";"Estabelecimentos de Creche por Dependência Administrativa";"Araguaia";"Ourilândia do Norte";"Estadual";"2020";0
"Social";"Educação";"Estabelecimentos de Creche por Dependência Administrativa";"Araguaia";"Ourilândia do Norte";"Estadual";"2021";0
"Social";"Educação";"Estabelecimentos de Creche por Dependência Administrativa";"Araguaia";"Ourilândia do Norte";"Estadual";"2022";0
"Social";"Educação";"Estabelecimentos de Creche por Dependência Administrativa";"Araguaia";"Ourilândia do Norte";"Estadual";"2023";0
"Social";"Educação";"Estabelecimentos de Creche por Dependência Administrativa";"Araguaia";"Ourilândia do Norte";"Estadual";"2024";0
"Social";"Educação";"Estabelecimentos de Creche por Dependência Administrativa";"Xingu";"Pacajá";"Estadual";"2019";0
"Social";"Educação";"Estabelecimentos de Creche por Dependência Administrativa";"Xingu";"Pacajá";"Estadual";"2020";0
"Social";"Educação";"Estabelecimentos de Creche por Dependência Administrativa";"Xingu";"Pacajá";"Estadual";"2021";0
"Social";"Educação";"Estabelecimentos de Creche por Dependência Administrativa";"Xingu";"Pacajá";"Estadual";"2022";0
"Social";"Educação";"Estabelecimentos de Creche por Dependência Administrativa";"Xingu";"Pacajá";"Estadual";"2023";0
"Social";"Educação";"Estabelecimentos de Creche por Dependência Administrativa";"Xingu";"Pacajá";"Estadual";"2024";0
"Social";"Educação";"Estabelecimentos de Creche por Dependência Administrativa";"Carajás";"Palestina do Pará";"Estadual";"2019";0
"Social";"Educação";"Estabelecimentos de Creche por Dependência Administrativa";"Carajás";"Palestina do Pará";"Estadual";"2020";0
"Social";"Educação";"Estabelecimentos de Creche por Dependência Administrativa";"Carajás";"Palestina do Pará";"Estadual";"2021";0
"Social";"Educação";"Estabelecimentos de Creche por Dependência Administrativa";"Carajás";"Palestina do Pará";"Estadual";"2022";0
"Social";"Educação";"Estabelecimentos de Creche por Dependência Administrativa";"Carajás";"Palestina do Pará";"Estadual";"2023";0
"Social";"Educação";"Estabelecimentos de Creche por Dependência Administrativa";"Carajás";"Palestina do Pará";"Estadual";"2024";0
"Social";"Educação";"Estabelecimentos de Creche por Dependência Administrativa";"Rio Capim";"Paragominas";"Estadual";"2019";0
"Social";"Educação";"Estabelecimentos de Creche por Dependência Administrativa";"Rio Capim";"Paragominas";"Estadual";"2020";0
"Social";"Educação";"Estabelecimentos de Creche por Dependência Administrativa";"Rio Capim";"Paragominas";"Estadual";"2021";0
"Social";"Educação";"Estabelecimentos de Creche por Dependência Administrativa";"Rio Capim";"Paragominas";"Estadual";"2022";0
"Social";"Educação";"Estabelecimentos de Creche por Dependência Administrativa";"Rio Capim";"Paragominas";"Estadual";"2023";0
"Social";"Educação";"Estabelecimentos de Creche por Dependência Administrativa";"Rio Capim";"Paragominas";"Estadual";"2024";0
"Social";"Educação";"Estabelecimentos de Creche por Dependência Administrativa";"Carajás";"Parauapebas";"Estadual";"2019";0
"Social";"Educação";"Estabelecimentos de Creche por Dependência Administrativa";"Carajás";"Parauapebas";"Estadual";"2020";0
"Social";"Educação";"Estabelecimentos de Creche por Dependência Administrativa";"Carajás";"Parauapebas";"Estadual";"2021";0
"Social";"Educação";"Estabelecimentos de Creche por Dependência Administrativa";"Carajás";"Parauapebas";"Estadual";"2022";0
"Social";"Educação";"Estabelecimentos de Creche por Dependência Administrativa";"Carajás";"Parauapebas";"Estadual";"2023";0
"Social";"Educação";"Estabelecimentos de Creche por Dependência Administrativa";"Carajás";"Parauapebas";"Estadual";"2024";0
"Social";"Educação";"Estabelecimentos de Creche por Dependência Administrativa";"Araguaia";"Pau D'Arco";"Estadual";"2019";0
"Social";"Educação";"Estabelecimentos de Creche por Dependência Administrativa";"Araguaia";"Pau D'Arco";"Estadual";"2020";0
"Social";"Educação";"Estabelecimentos de Creche por Dependência Administrativa";"Araguaia";"Pau D'Arco";"Estadual";"2021";0
"Social";"Educação";"Estabelecimentos de Creche por Dependência Administrativa";"Araguaia";"Pau D'Arco";"Estadual";"2022";0
"Social";"Educação";"Estabelecimentos de Creche por Dependência Administrativa";"Araguaia";"Pau D'Arco";"Estadual";"2023";0
"Social";"Educação";"Estabelecimentos de Creche por Dependência Administrativa";"Araguaia";"Pau D'Arco";"Estadual";"2024";0
"Social";"Educação";"Estabelecimentos de Creche por Dependência Administrativa";"Rio Caeté";"Peixe-Boi";"Estadual";"2019";0
"Social";"Educação";"Estabelecimentos de Creche por Dependência Administrativa";"Rio Caeté";"Peixe-Boi";"Estadual";"2020";0
"Social";"Educação";"Estabelecimentos de Creche por Dependência Administrativa";"Rio Caeté";"Peixe-Boi";"Estadual";"2021";0
"Social";"Educação";"Estabelecimentos de Creche por Dependência Administrativa";"Rio Caeté";"Peixe-Boi";"Estadual";"2022";0
"Social";"Educação";"Estabelecimentos de Creche por Dependência Administrativa";"Rio Caeté";"Peixe-Boi";"Estadual";"2023";0
"Social";"Educação";"Estabelecimentos de Creche por Dependência Administrativa";"Rio Caeté";"Peixe-Boi";"Estadual";"2024";0
"Social";"Educação";"Estabelecimentos de Creche por Dependência Administrativa";"Carajás";"Piçarra";"Estadual";"2019";0
"Social";"Educação";"Estabelecimentos de Creche por Dependência Administrativa";"Carajás";"Piçarra";"Estadual";"2020";0
"Social";"Educação";"Estabelecimentos de Creche por Dependência Administrativa";"Carajás";"Piçarra";"Estadual";"2021";0
"Social";"Educação";"Estabelecimentos de Creche por Dependência Administrativa";"Carajás";"Piçarra";"Estadual";"2022";0
"Social";"Educação";"Estabelecimentos de Creche por Dependência Administrativa";"Carajás";"Piçarra";"Estadual";"2023";0
"Social";"Educação";"Estabelecimentos de Creche por Dependência Administrativa";"Carajás";"Piçarra";"Estadual";"2024";0
"Social";"Educação";"Estabelecimentos de Creche por Dependência Administrativa";"Xingu";"Placas";"Estadual";"2019";0
"Social";"Educação";"Estabelecimentos de Creche por Dependência Administrativa";"Xingu";"Placas";"Estadual";"2020";0
"Social";"Educação";"Estabelecimentos de Creche por Dependência Administrativa";"Xingu";"Placas";"Estadual";"2021";0
"Social";"Educação";"Estabelecimentos de Creche por Dependência Administrativa";"Xingu";"Placas";"Estadual";"2022";0
"Social";"Educação";"Estabelecimentos de Creche por Dependência Administrativa";"Xingu";"Placas";"Estadual";"2023";0
"Social";"Educação";"Estabelecimentos de Creche por Dependência Administrativa";"Xingu";"Placas";"Estadual";"2024";0
"Social";"Educação";"Estabelecimentos de Creche por Dependência Administrativa";"Marajó";"Ponta de Pedras";"Estadual";"2019";0
"Social";"Educação";"Estabelecimentos de Creche por Dependência Administrativa";"Marajó";"Ponta de Pedras";"Estadual";"2020";0
"Social";"Educação";"Estabelecimentos de Creche por Dependência Administrativa";"Marajó";"Ponta de Pedras";"Estadual";"2021";0
"Social";"Educação";"Estabelecimentos de Creche por Dependência Administrativa";"Marajó";"Ponta de Pedras";"Estadual";"2022";0
"Social";"Educação";"Estabelecimentos de Creche por Dependência Administrativa";"Marajó";"Ponta de Pedras";"Estadual";"2023";0
"Social";"Educação";"Estabelecimentos de Creche por Dependência Administrativa";"Marajó";"Ponta de Pedras";"Estadual";"2024";0
"Social";"Educação";"Estabelecimentos de Creche por Dependência Administrativa";"Marajó";"Portel";"Estadual";"2019";0
"Social";"Educação";"Estabelecimentos de Creche por Dependência Administrativa";"Marajó";"Portel";"Estadual";"2020";0
"Social";"Educação";"Estabelecimentos de Creche por Dependência Administrativa";"Marajó";"Portel";"Estadual";"2021";0
"Social";"Educação";"Estabelecimentos de Creche por Dependência Administrativa";"Marajó";"Portel";"Estadual";"2022";0
"Social";"Educação";"Estabelecimentos de Creche por Dependência Administrativa";"Marajó";"Portel";"Estadual";"2023";0
"Social";"Educação";"Estabelecimentos de Creche por Dependência Administrativa";"Marajó";"Portel";"Estadual";"2024";0
"Social";"Educação";"Estabelecimentos de Creche por Dependência Administrativa";"Xingu";"Porto de Moz";"Estadual";"2019";0
"Social";"Educação";"Estabelecimentos de Creche por Dependência Administrativa";"Xingu";"Porto de Moz";"Estadual";"2020";0
"Social";"Educação";"Estabelecimentos de Creche por Dependência Administrativa";"Xingu";"Porto de Moz";"Estadual";"2021";0
"Social";"Educação";"Estabelecimentos de Creche por Dependência Administrativa";"Xingu";"Porto de Moz";"Estadual";"2022";0
"Social";"Educação";"Estabelecimentos de Creche por Dependência Administrativa";"Xingu";"Porto de Moz";"Estadual";"2023";0
"Social";"Educação";"Estabelecimentos de Creche por Dependência Administrativa";"Xingu";"Porto de Moz";"Estadual";"2024";0
"Social";"Educação";"Estabelecimentos de Creche por Dependência Administrativa";"Baixo Amazonas";"Prainha";"Estadual";"2019";0
"Social";"Educação";"Estabelecimentos de Creche por Dependência Administrativa";"Baixo Amazonas";"Prainha";"Estadual";"2020";0
"Social";"Educação";"Estabelecimentos de Creche por Dependência Administrativa";"Baixo Amazonas";"Prainha";"Estadual";"2021";0
"Social";"Educação";"Estabelecimentos de Creche por Dependência Administrativa";"Baixo Amazonas";"Prainha";"Estadual";"2022";0
"Social";"Educação";"Estabelecimentos de Creche por Dependência Administrativa";"Baixo Amazonas";"Prainha";"Estadual";"2023";0
"Social";"Educação";"Estabelecimentos de Creche por Dependência Administrativa";"Baixo Amazonas";"Prainha";"Estadual";"2024";0
"Social";"Educação";"Estabelecimentos de Creche por Dependência Administrativa";"Rio Caeté";"Primavera";"Estadual";"2019";0
"Social";"Educação";"Estabelecimentos de Creche por Dependência Administrativa";"Rio Caeté";"Primavera";"Estadual";"2020";0
"Social";"Educação";"Estabelecimentos de Creche por Dependência Administrativa";"Rio Caeté";"Primavera";"Estadual";"2021";0
"Social";"Educação";"Estabelecimentos de Creche por Dependência Administrativa";"Rio Caeté";"Primavera";"Estadual";"2022";0
"Social";"Educação";"Estabelecimentos de Creche por Dependência Administrativa";"Rio Caeté";"Primavera";"Estadual";"2023";0
"Social";"Educação";"Estabelecimentos de Creche por Dependência Administrativa";"Rio Caeté";"Primavera";"Estadual";"2024";0
"Social";"Educação";"Estabelecimentos de Creche por Dependência Administrativa";"Rio Caeté";"Quatipuru";"Estadual";"2019";0
"Social";"Educação";"Estabelecimentos de Creche por Dependência Administrativa";"Rio Caeté";"Quatipuru";"Estadual";"2020";0
"Social";"Educação";"Estabelecimentos de Creche por Dependência Administrativa";"Rio Caeté";"Quatipuru";"Estadual";"2021";0
"Social";"Educação";"Estabelecimentos de Creche por Dependência Administrativa";"Rio Caeté";"Quatipuru";"Estadual";"2022";0
"Social";"Educação";"Estabelecimentos de Creche por Dependência Administrativa";"Rio Caeté";"Quatipuru";"Estadual";"2023";0
"Social";"Educação";"Estabelecimentos de Creche por Dependência Administrativa";"Rio Caeté";"Quatipuru";"Estadual";"2024";0
"Social";"Educação";"Estabelecimentos de Creche por Dependência Administrativa";"Araguaia";"Redenção";"Estadual";"2019";0
"Social";"Educação";"Estabelecimentos de Creche por Dependência Administrativa";"Araguaia";"Redenção";"Estadual";"2020";0
"Social";"Educação";"Estabelecimentos de Creche por Dependência Administrativa";"Araguaia";"Redenção";"Estadual";"2021";0
"Social";"Educação";"Estabelecimentos de Creche por Dependência Administrativa";"Araguaia";"Redenção";"Estadual";"2022";0
"Social";"Educação";"Estabelecimentos de Creche por Dependência Administrativa";"Araguaia";"Redenção";"Estadual";"2023";0
"Social";"Educação";"Estabelecimentos de Creche por Dependência Administrativa";"Araguaia";"Redenção";"Estadual";"2024";0
"Social";"Educação";"Estabelecimentos de Creche por Dependência Administrativa";"Araguaia";"Rio Maria";"Estadual";"2019";0
"Social";"Educação";"Estabelecimentos de Creche por Dependência Administrativa";"Araguaia";"Rio Maria";"Estadual";"2020";0
"Social";"Educação";"Estabelecimentos de Creche por Dependência Administrativa";"Araguaia";"Rio Maria";"Estadual";"2021";0
"Social";"Educação";"Estabelecimentos de Creche por Dependência Administrativa";"Araguaia";"Rio Maria";"Estadual";"2022";0
"Social";"Educação";"Estabelecimentos de Creche por Dependência Administrativa";"Araguaia";"Rio Maria";"Estadual";"2023";0
"Social";"Educação";"Estabelecimentos de Creche por Dependência Administrativa";"Araguaia";"Rio Maria";"Estadual";"2024";0
"Social";"Educação";"Estabelecimentos de Creche por Dependência Administrativa";"Rio Capim";"Rondon do Pará";"Estadual";"2019";0
"Social";"Educação";"Estabelecimentos de Creche por Dependência Administrativa";"Rio Capim";"Rondon do Pará";"Estadual";"2020";0
"Social";"Educação";"Estabelecimentos de Creche por Dependência Administrativa";"Rio Capim";"Rondon do Pará";"Estadual";"2021";0
"Social";"Educação";"Estabelecimentos de Creche por Dependência Administrativa";"Rio Capim";"Rondon do Pará";"Estadual";"2022";0
"Social";"Educação";"Estabelecimentos de Creche por Dependência Administrativa";"Rio Capim";"Rondon do Pará";"Estadual";"2023";0
"Social";"Educação";"Estabelecimentos de Creche por Dependência Administrativa";"Rio Capim";"Rondon do Pará";"Estadual";"2024";0
"Social";"Educação";"Estabelecimentos de Creche por Dependência Administrativa";"Tapajós";"Rurópolis";"Estadual";"2019";0
"Social";"Educação";"Estabelecimentos de Creche por Dependência Administrativa";"Tapajós";"Rurópolis";"Estadual";"2020";0
"Social";"Educação";"Estabelecimentos de Creche por Dependência Administrativa";"Tapajós";"Rurópolis";"Estadual";"2021";0
"Social";"Educação";"Estabelecimentos de Creche por Dependência Administrativa";"Tapajós";"Rurópolis";"Estadual";"2022";0
"Social";"Educação";"Estabelecimentos de Creche por Dependência Administrativa";"Tapajós";"Rurópolis";"Estadual";"2023";0
"Social";"Educação";"Estabelecimentos de Creche por Dependência Administrativa";"Tapajós";"Rurópolis";"Estadual";"2024";0
"Social";"Educação";"Estabelecimentos de Creche por Dependência Administrativa";"Rio Caeté";"Salinópolis";"Estadual";"2019";0
"Social";"Educação";"Estabelecimentos de Creche por Dependência Administrativa";"Rio Caeté";"Salinópolis";"Estadual";"2020";0
"Social";"Educação";"Estabelecimentos de Creche por Dependência Administrativa";"Rio Caeté";"Salinópolis";"Estadual";"2021";0
"Social";"Educação";"Estabelecimentos de Creche por Dependência Administrativa";"Rio Caeté";"Salinópolis";"Estadual";"2022";0
"Social";"Educação";"Estabelecimentos de Creche por Dependência Administrativa";"Rio Caeté";"Salinópolis";"Estadual";"2023";0
"Social";"Educação";"Estabelecimentos de Creche por Dependência Administrativa";"Rio Caeté";"Salinópolis";"Estadual";"2024";0
"Social";"Educação";"Estabelecimentos de Creche por Dependência Administrativa";"Marajó";"Salvaterra";"Estadual";"2019";0
"Social";"Educação";"Estabelecimentos de Creche por Dependência Administrativa";"Marajó";"Salvaterra";"Estadual";"2020";0
"Social";"Educação";"Estabelecimentos de Creche por Dependência Administrativa";"Marajó";"Salvaterra";"Estadual";"2021";0
"Social";"Educação";"Estabelecimentos de Creche por Dependência Administrativa";"Marajó";"Salvaterra";"Estadual";"2022";0
"Social";"Educação";"Estabelecimentos de Creche por Dependência Administrativa";"Marajó";"Salvaterra";"Estadual";"2023";0
"Social";"Educação";"Estabelecimentos de Creche por Dependência Administrativa";"Marajó";"Salvaterra";"Estadual";"2024";0
"Social";"Educação";"Estabelecimentos de Creche por Dependência Administrativa";"Guajará";"Santa Bárbara do Pará";"Estadual";"2019";0
"Social";"Educação";"Estabelecimentos de Creche por Dependência Administrativa";"Guajará";"Santa Bárbara do Pará";"Estadual";"2020";0
"Social";"Educação";"Estabelecimentos de Creche por Dependência Administrativa";"Guajará";"Santa Bárbara do Pará";"Estadual";"2021";0
"Social";"Educação";"Estabelecimentos de Creche por Dependência Administrativa";"Guajará";"Santa Bárbara do Pará";"Estadual";"2022";0
"Social";"Educação";"Estabelecimentos de Creche por Dependência Administrativa";"Guajará";"Santa Bárbara do Pará";"Estadual";"2023";0
"Social";"Educação";"Estabelecimentos de Creche por Dependência Administrativa";"Guajará";"Santa Bárbara do Pará";"Estadual";"2024";0
"Social";"Educação";"Estabelecimentos de Creche por Dependência Administrativa";"Marajó";"Santa Cruz do Arari";"Estadual";"2019";0
"Social";"Educação";"Estabelecimentos de Creche por Dependência Administrativa";"Marajó";"Santa Cruz do Arari";"Estadual";"2020";0
"Social";"Educação";"Estabelecimentos de Creche por Dependência Administrativa";"Marajó";"Santa Cruz do Arari";"Estadual";"2021";0
"Social";"Educação";"Estabelecimentos de Creche por Dependência Administrativa";"Marajó";"Santa Cruz do Arari";"Estadual";"2022";0
"Social";"Educação";"Estabelecimentos de Creche por Dependência Administrativa";"Marajó";"Santa Cruz do Arari";"Estadual";"2023";0
"Social";"Educação";"Estabelecimentos de Creche por Dependência Administrativa";"Marajó";"Santa Cruz do Arari";"Estadual";"2024";0
"Social";"Educação";"Estabelecimentos de Creche por Dependência Administrativa";"Guamá";"Santa Izabel do Pará";"Estadual";"2019";0
"Social";"Educação";"Estabelecimentos de Creche por Dependência Administrativa";"Guamá";"Santa Izabel do Pará";"Estadual";"2020";0
"Social";"Educação";"Estabelecimentos de Creche por Dependência Administrativa";"Guamá";"Santa Izabel do Pará";"Estadual";"2021";0
"Social";"Educação";"Estabelecimentos de Creche por Dependência Administrativa";"Guamá";"Santa Izabel do Pará";"Estadual";"2022";0
"Social";"Educação";"Estabelecimentos de Creche por Dependência Administrativa";"Guamá";"Santa Izabel do Pará";"Estadual";"2023";0
"Social";"Educação";"Estabelecimentos de Creche por Dependência Administrativa";"Guamá";"Santa Izabel do Pará";"Estadual";"2024";0
"Social";"Educação";"Estabelecimentos de Creche por Dependência Administrativa";"Rio Caeté";"Santa Luzia do Pará";"Estadual";"2019";0
"Social";"Educação";"Estabelecimentos de Creche por Dependência Administrativa";"Rio Caeté";"Santa Luzia do Pará";"Estadual";"2020";0
"Social";"Educação";"Estabelecimentos de Creche por Dependência Administrativa";"Rio Caeté";"Santa Luzia do Pará";"Estadual";"2021";0
"Social";"Educação";"Estabelecimentos de Creche por Dependência Administrativa";"Rio Caeté";"Santa Luzia do Pará";"Estadual";"2022";0
"Social";"Educação";"Estabelecimentos de Creche por Dependência Administrativa";"Rio Caeté";"Santa Luzia do Pará";"Estadual";"2023";0
"Social";"Educação";"Estabelecimentos de Creche por Dependência Administrativa";"Rio Caeté";"Santa Luzia do Pará";"Estadual";"2024";0
"Social";"Educação";"Estabelecimentos de Creche por Dependência Administrativa";"Araguaia";"Santa Maria das Barreiras";"Estadual";"2019";0
"Social";"Educação";"Estabelecimentos de Creche por Dependência Administrativa";"Araguaia";"Santa Maria das Barreiras";"Estadual";"2020";0
"Social";"Educação";"Estabelecimentos de Creche por Dependência Administrativa";"Araguaia";"Santa Maria das Barreiras";"Estadual";"2021";0
"Social";"Educação";"Estabelecimentos de Creche por Dependência Administrativa";"Araguaia";"Santa Maria das Barreiras";"Estadual";"2022";0
"Social";"Educação";"Estabelecimentos de Creche por Dependência Administrativa";"Araguaia";"Santa Maria das Barreiras";"Estadual";"2023";0
"Social";"Educação";"Estabelecimentos de Creche por Dependência Administrativa";"Araguaia";"Santa Maria das Barreiras";"Estadual";"2024";0
"Social";"Educação";"Estabelecimentos de Creche por Dependência Administrativa";"Guamá";"Santa Maria do Pará";"Estadual";"2019";0
"Social";"Educação";"Estabelecimentos de Creche por Dependência Administrativa";"Guamá";"Santa Maria do Pará";"Estadual";"2020";0
"Social";"Educação";"Estabelecimentos de Creche por Dependência Administrativa";"Guamá";"Santa Maria do Pará";"Estadual";"2021";0
"Social";"Educação";"Estabelecimentos de Creche por Dependência Administrativa";"Guamá";"Santa Maria do Pará";"Estadual";"2022";0
"Social";"Educação";"Estabelecimentos de Creche por Dependência Administrativa";"Guamá";"Santa Maria do Pará";"Estadual";"2023";0
"Social";"Educação";"Estabelecimentos de Creche por Dependência Administrativa";"Guamá";"Santa Maria do Pará";"Estadual";"2024";0
"Social";"Educação";"Estabelecimentos de Creche por Dependência Administrativa";"Araguaia";"Santana do Araguaia";"Estadual";"2019";0
"Social";"Educação";"Estabelecimentos de Creche por Dependência Administrativa";"Araguaia";"Santana do Araguaia";"Estadual";"2020";0
"Social";"Educação";"Estabelecimentos de Creche por Dependência Administrativa";"Araguaia";"Santana do Araguaia";"Estadual";"2021";0
"Social";"Educação";"Estabelecimentos de Creche por Dependência Administrativa";"Araguaia";"Santana do Araguaia";"Estadual";"2022";0
"Social";"Educação";"Estabelecimentos de Creche por Dependência Administrativa";"Araguaia";"Santana do Araguaia";"Estadual";"2023";0
"Social";"Educação";"Estabelecimentos de Creche por Dependência Administrativa";"Araguaia";"Santana do Araguaia";"Estadual";"2024";0
"Social";"Educação";"Estabelecimentos de Creche por Dependência Administrativa";"Baixo Amazonas";"Santarém";"Estadual";"2019";0
"Social";"Educação";"Estabelecimentos de Creche por Dependência Administrativa";"Baixo Amazonas";"Santarém";"Estadual";"2020";0
"Social";"Educação";"Estabelecimentos de Creche por Dependência Administrativa";"Baixo Amazonas";"Santarém";"Estadual";"2021";0
"Social";"Educação";"Estabelecimentos de Creche por Dependência Administrativa";"Baixo Amazonas";"Santarém";"Estadual";"2022";0
"Social";"Educação";"Estabelecimentos de Creche por Dependência Administrativa";"Baixo Amazonas";"Santarém";"Estadual";"2023";0
"Social";"Educação";"Estabelecimentos de Creche por Dependência Administrativa";"Baixo Amazonas";"Santarém";"Estadual";"2024";0
"Social";"Educação";"Estabelecimentos de Creche por Dependência Administrativa";"Rio Caeté";"Santarém Novo";"Estadual";"2019";0
"Social";"Educação";"Estabelecimentos de Creche por Dependência Administrativa";"Rio Caeté";"Santarém Novo";"Estadual";"2020";0
"Social";"Educação";"Estabelecimentos de Creche por Dependência Administrativa";"Rio Caeté";"Santarém Novo";"Estadual";"2021";0
"Social";"Educação";"Estabelecimentos de Creche por Dependência Administrativa";"Rio Caeté";"Santarém Novo";"Estadual";"2022";0
"Social";"Educação";"Estabelecimentos de Creche por Dependência Administrativa";"Rio Caeté";"Santarém Novo";"Estadual";"2023";0
"Social";"Educação";"Estabelecimentos de Creche por Dependência Administrativa";"Rio Caeté";"Santarém Novo";"Estadual";"2024";0
"Social";"Educação";"Estabelecimentos de Creche por Dependência Administrativa";"Guamá";"Santo Antônio do Tauá";"Estadual";"2019";0
"Social";"Educação";"Estabelecimentos de Creche por Dependência Administrativa";"Guamá";"Santo Antônio do Tauá";"Estadual";"2020";0
"Social";"Educação";"Estabelecimentos de Creche por Dependência Administrativa";"Guamá";"Santo Antônio do Tauá";"Estadual";"2021";0
"Social";"Educação";"Estabelecimentos de Creche por Dependência Administrativa";"Guamá";"Santo Antônio do Tauá";"Estadual";"2022";0
"Social";"Educação";"Estabelecimentos de Creche por Dependência Administrativa";"Guamá";"Santo Antônio do Tauá";"Estadual";"2023";0
"Social";"Educação";"Estabelecimentos de Creche por Dependência Administrativa";"Guamá";"Santo Antônio do Tauá";"Estadual";"2024";0
"Social";"Educação";"Estabelecimentos de Creche por Dependência Administrativa";"Guamá";"São Caetano de Odivelas";"Estadual";"2019";0
"Social";"Educação";"Estabelecimentos de Creche por Dependência Administrativa";"Guamá";"São Caetano de Odivelas";"Estadual";"2020";0
"Social";"Educação";"Estabelecimentos de Creche por Dependência Administrativa";"Guamá";"São Caetano de Odivelas";"Estadual";"2021";0
"Social";"Educação";"Estabelecimentos de Creche por Dependência Administrativa";"Guamá";"São Caetano de Odivelas";"Estadual";"2022";0
"Social";"Educação";"Estabelecimentos de Creche por Dependência Administrativa";"Guamá";"São Caetano de Odivelas";"Estadual";"2023";0
"Social";"Educação";"Estabelecimentos de Creche por Dependência Administrativa";"Guamá";"São Caetano de Odivelas";"Estadual";"2024";0
"Social";"Educação";"Estabelecimentos de Creche por Dependência Administrativa";"Carajás";"São Domingos do Araguaia";"Estadual";"2019";0
"Social";"Educação";"Estabelecimentos de Creche por Dependência Administrativa";"Carajás";"São Domingos do Araguaia";"Estadual";"2020";0
"Social";"Educação";"Estabelecimentos de Creche por Dependência Administrativa";"Carajás";"São Domingos do Araguaia";"Estadual";"2021";0
"Social";"Educação";"Estabelecimentos de Creche por Dependência Administrativa";"Carajás";"São Domingos do Araguaia";"Estadual";"2022";0
"Social";"Educação";"Estabelecimentos de Creche por Dependência Administrativa";"Carajás";"São Domingos do Araguaia";"Estadual";"2023";0
"Social";"Educação";"Estabelecimentos de Creche por Dependência Administrativa";"Carajás";"São Domingos do Araguaia";"Estadual";"2024";0
"Social";"Educação";"Estabelecimentos de Creche por Dependência Administrativa";"Guamá";"São Domingos do Capim";"Estadual";"2019";0
"Social";"Educação";"Estabelecimentos de Creche por Dependência Administrativa";"Guamá";"São Domingos do Capim";"Estadual";"2020";0
"Social";"Educação";"Estabelecimentos de Creche por Dependência Administrativa";"Guamá";"São Domingos do Capim";"Estadual";"2021";0
"Social";"Educação";"Estabelecimentos de Creche por Dependência Administrativa";"Guamá";"São Domingos do Capim";"Estadual";"2022";0
"Social";"Educação";"Estabelecimentos de Creche por Dependência Administrativa";"Guamá";"São Domingos do Capim";"Estadual";"2023";0
"Social";"Educação";"Estabelecimentos de Creche por Dependência Administrativa";"Guamá";"São Domingos do Capim";"Estadual";"2024";0
"Social";"Educação";"Estabelecimentos de Creche por Dependência Administrativa";"Araguaia";"São Félix do Xingu";"Estadual";"2019";0
"Social";"Educação";"Estabelecimentos de Creche por Dependência Administrativa";"Araguaia";"São Félix do Xingu";"Estadual";"2020";0
"Social";"Educação";"Estabelecimentos de Creche por Dependência Administrativa";"Araguaia";"São Félix do Xingu";"Estadual";"2021";0
"Social";"Educação";"Estabelecimentos de Creche por Dependência Administrativa";"Araguaia";"São Félix do Xingu";"Estadual";"2022";0
"Social";"Educação";"Estabelecimentos de Creche por Dependência Administrativa";"Araguaia";"São Félix do Xingu";"Estadual";"2023";0
"Social";"Educação";"Estabelecimentos de Creche por Dependência Administrativa";"Araguaia";"São Félix do Xingu";"Estadual";"2024";0
"Social";"Educação";"Estabelecimentos de Creche por Dependência Administrativa";"Guamá";"São Francisco do Pará";"Estadual";"2019";0
"Social";"Educação";"Estabelecimentos de Creche por Dependência Administrativa";"Guamá";"São Francisco do Pará";"Estadual";"2020";0
"Social";"Educação";"Estabelecimentos de Creche por Dependência Administrativa";"Guamá";"São Francisco do Pará";"Estadual";"2021";0
"Social";"Educação";"Estabelecimentos de Creche por Dependência Administrativa";"Guamá";"São Francisco do Pará";"Estadual";"2022";0
"Social";"Educação";"Estabelecimentos de Creche por Dependência Administrativa";"Guamá";"São Francisco do Pará";"Estadual";"2023";0
"Social";"Educação";"Estabelecimentos de Creche por Dependência Administrativa";"Guamá";"São Francisco do Pará";"Estadual";"2024";0
"Social";"Educação";"Estabelecimentos de Creche por Dependência Administrativa";"Carajás";"São Geraldo do Araguaia";"Estadual";"2019";0
"Social";"Educação";"Estabelecimentos de Creche por Dependência Administrativa";"Carajás";"São Geraldo do Araguaia";"Estadual";"2020";0
"Social";"Educação";"Estabelecimentos de Creche por Dependência Administrativa";"Carajás";"São Geraldo do Araguaia";"Estadual";"2021";0
"Social";"Educação";"Estabelecimentos de Creche por Dependência Administrativa";"Carajás";"São Geraldo do Araguaia";"Estadual";"2022";0
"Social";"Educação";"Estabelecimentos de Creche por Dependência Administrativa";"Carajás";"São Geraldo do Araguaia";"Estadual";"2023";0
"Social";"Educação";"Estabelecimentos de Creche por Dependência Administrativa";"Carajás";"São Geraldo do Araguaia";"Estadual";"2024";0
"Social";"Educação";"Estabelecimentos de Creche por Dependência Administrativa";"Guamá";"São João da Ponta";"Estadual";"2019";0
"Social";"Educação";"Estabelecimentos de Creche por Dependência Administrativa";"Guamá";"São João da Ponta";"Estadual";"2020";0
"Social";"Educação";"Estabelecimentos de Creche por Dependência Administrativa";"Guamá";"São João da Ponta";"Estadual";"2021";0
"Social";"Educação";"Estabelecimentos de Creche por Dependência Administrativa";"Guamá";"São João da Ponta";"Estadual";"2022";0
"Social";"Educação";"Estabelecimentos de Creche por Dependência Administrativa";"Guamá";"São João da Ponta";"Estadual";"2023";0
"Social";"Educação";"Estabelecimentos de Creche por Dependência Administrativa";"Guamá";"São João da Ponta";"Estadual";"2024";0
"Social";"Educação";"Estabelecimentos de Creche por Dependência Administrativa";"Rio Caeté";"São João de Pirabas";"Estadual";"2019";0
"Social";"Educação";"Estabelecimentos de Creche por Dependência Administrativa";"Rio Caeté";"São João de Pirabas";"Estadual";"2020";0
"Social";"Educação";"Estabelecimentos de Creche por Dependência Administrativa";"Rio Caeté";"São João de Pirabas";"Estadual";"2021";0
"Social";"Educação";"Estabelecimentos de Creche por Dependência Administrativa";"Rio Caeté";"São João de Pirabas";"Estadual";"2022";0
"Social";"Educação";"Estabelecimentos de Creche por Dependência Administrativa";"Rio Caeté";"São João de Pirabas";"Estadual";"2023";0
"Social";"Educação";"Estabelecimentos de Creche por Dependência Administrativa";"Rio Caeté";"São João de Pirabas";"Estadual";"2024";0
"Social";"Educação";"Estabelecimentos de Creche por Dependência Administrativa";"Carajás";"São João do Araguaia";"Estadual";"2019";0
"Social";"Educação";"Estabelecimentos de Creche por Dependência Administrativa";"Carajás";"São João do Araguaia";"Estadual";"2020";0
"Social";"Educação";"Estabelecimentos de Creche por Dependência Administrativa";"Carajás";"São João do Araguaia";"Estadual";"2021";0
"Social";"Educação";"Estabelecimentos de Creche por Dependência Administrativa";"Carajás";"São João do Araguaia";"Estadual";"2022";0
"Social";"Educação";"Estabelecimentos de Creche por Dependência Administrativa";"Carajás";"São João do Araguaia";"Estadual";"2023";0
"Social";"Educação";"Estabelecimentos de Creche por Dependência Administrativa";"Carajás";"São João do Araguaia";"Estadual";"2024";0
"Social";"Educação";"Estabelecimentos de Creche por Dependência Administrativa";"Guamá";"São Miguel do Guamá";"Estadual";"2019";0
"Social";"Educação";"Estabelecimentos de Creche por Dependência Administrativa";"Guamá";"São Miguel do Guamá";"Estadual";"2020";0
"Social";"Educação";"Estabelecimentos de Creche por Dependência Administrativa";"Guamá";"São Miguel do Guamá";"Estadual";"2021";0
"Social";"Educação";"Estabelecimentos de Creche por Dependência Administrativa";"Guamá";"São Miguel do Guamá";"Estadual";"2022";0
"Social";"Educação";"Estabelecimentos de Creche por Dependência Administrativa";"Guamá";"São Miguel do Guamá";"Estadual";"2023";0
"Social";"Educação";"Estabelecimentos de Creche por Dependência Administrativa";"Guamá";"São Miguel do Guamá";"Estadual";"2024";0
"Social";"Educação";"Estabelecimentos de Creche por Dependência Administrativa";"Marajó";"São Sebastião da Boa Vista";"Estadual";"2019";0
"Social";"Educação";"Estabelecimentos de Creche por Dependência Administrativa";"Marajó";"São Sebastião da Boa Vista";"Estadual";"2020";0
"Social";"Educação";"Estabelecimentos de Creche por Dependência Administrativa";"Marajó";"São Sebastião da Boa Vista";"Estadual";"2021";0
"Social";"Educação";"Estabelecimentos de Creche por Dependência Administrativa";"Marajó";"São Sebastião da Boa Vista";"Estadual";"2022";0
"Social";"Educação";"Estabelecimentos de Creche por Dependência Administrativa";"Marajó";"São Sebastião da Boa Vista";"Estadual";"2023";0
"Social";"Educação";"Estabelecimentos de Creche por Dependência Administrativa";"Marajó";"São Sebastião da Boa Vista";"Estadual";"2024";0
"Social";"Educação";"Estabelecimentos de Creche por Dependência Administrativa";"Araguaia";"Sapucaia";"Estadual";"2019";0
"Social";"Educação";"Estabelecimentos de Creche por Dependência Administrativa";"Araguaia";"Sapucaia";"Estadual";"2020";0
"Social";"Educação";"Estabelecimentos de Creche por Dependência Administrativa";"Araguaia";"Sapucaia";"Estadual";"2021";0
"Social";"Educação";"Estabelecimentos de Creche por Dependência Administrativa";"Araguaia";"Sapucaia";"Estadual";"2022";0
"Social";"Educação";"Estabelecimentos de Creche por Dependência Administrativa";"Araguaia";"Sapucaia";"Estadual";"2023";0
"Social";"Educação";"Estabelecimentos de Creche por Dependência Administrativa";"Araguaia";"Sapucaia";"Estadual";"2024";0
"Social";"Educação";"Estabelecimentos de Creche por Dependência Administrativa";"Xingu";"Senador José Porfírio";"Estadual";"2019";0
"Social";"Educação";"Estabelecimentos de Creche por Dependência Administrativa";"Xingu";"Senador José Porfírio";"Estadual";"2020";0
"Social";"Educação";"Estabelecimentos de Creche por Dependência Administrativa";"Xingu";"Senador José Porfírio";"Estadual";"2021";0
"Social";"Educação";"Estabelecimentos de Creche por Dependência Administrativa";"Xingu";"Senador José Porfírio";"Estadual";"2022";0
"Social";"Educação";"Estabelecimentos de Creche por Dependência Administrativa";"Xingu";"Senador José Porfírio";"Estadual";"2023";0
"Social";"Educação";"Estabelecimentos de Creche por Dependência Administrativa";"Xingu";"Senador José Porfírio";"Estadual";"2024";0
"Social";"Educação";"Estabelecimentos de Creche por Dependência Administrativa";"Marajó";"Soure";"Estadual";"2019";0
"Social";"Educação";"Estabelecimentos de Creche por Dependência Administrativa";"Marajó";"Soure";"Estadual";"2020";0
"Social";"Educação";"Estabelecimentos de Creche por Dependência Administrativa";"Marajó";"Soure";"Estadual";"2021";0
"Social";"Educação";"Estabelecimentos de Creche por Dependência Administrativa";"Marajó";"Soure";"Estadual";"2022";0
"Social";"Educação";"Estabelecimentos de Creche por Dependência Administrativa";"Marajó";"Soure";"Estadual";"2023";0
"Social";"Educação";"Estabelecimentos de Creche por Dependência Administrativa";"Marajó";"Soure";"Estadual";"2024";0
"Social";"Educação";"Estabelecimentos de Creche por Dependência Administrativa";"Tocantins";"Tailândia";"Estadual";"2019";0
"Social";"Educação";"Estabelecimentos de Creche por Dependência Administrativa";"Tocantins";"Tailândia";"Estadual";"2020";0
"Social";"Educação";"Estabelecimentos de Creche por Dependência Administrativa";"Tocantins";"Tailândia";"Estadual";"2021";0
"Social";"Educação";"Estabelecimentos de Creche por Dependência Administrativa";"Tocantins";"Tailândia";"Estadual";"2022";0
"Social";"Educação";"Estabelecimentos de Creche por Dependência Administrativa";"Tocantins";"Tailândia";"Estadual";"2023";0
"Social";"Educação";"Estabelecimentos de Creche por Dependência Administrativa";"Tocantins";"Tailândia";"Estadual";"2024";0
"Social";"Educação";"Estabelecimentos de Creche por Dependência Administrativa";"Guamá";"Terra Alta";"Estadual";"2019";0
"Social";"Educação";"Estabelecimentos de Creche por Dependência Administrativa";"Guamá";"Terra Alta";"Estadual";"2020";0
"Social";"Educação";"Estabelecimentos de Creche por Dependência Administrativa";"Guamá";"Terra Alta";"Estadual";"2021";0
"Social";"Educação";"Estabelecimentos de Creche por Dependência Administrativa";"Guamá";"Terra Alta";"Estadual";"2022";0
"Social";"Educação";"Estabelecimentos de Creche por Dependência Administrativa";"Guamá";"Terra Alta";"Estadual";"2023";0
"Social";"Educação";"Estabelecimentos de Creche por Dependência Administrativa";"Guamá";"Terra Alta";"Estadual";"2024";0
"Social";"Educação";"Estabelecimentos de Creche por Dependência Administrativa";"Baixo Amazonas";"Terra Santa";"Estadual";"2019";0
"Social";"Educação";"Estabelecimentos de Creche por Dependência Administrativa";"Baixo Amazonas";"Terra Santa";"Estadual";"2020";0
"Social";"Educação";"Estabelecimentos de Creche por Dependência Administrativa";"Baixo Amazonas";"Terra Santa";"Estadual";"2021";0
"Social";"Educação";"Estabelecimentos de Creche por Dependência Administrativa";"Baixo Amazonas";"Terra Santa";"Estadual";"2022";0
"Social";"Educação";"Estabelecimentos de Creche por Dependência Administrativa";"Baixo Amazonas";"Terra Santa";"Estadual";"2023";0
"Social";"Educação";"Estabelecimentos de Creche por Dependência Administrativa";"Baixo Amazonas";"Terra Santa";"Estadual";"2024";0
"Social";"Educação";"Estabelecimentos de Creche por Dependência Administrativa";"Rio Capim";"Tomé-Açu";"Estadual";"2019";0
"Social";"Educação";"Estabelecimentos de Creche por Dependência Administrativa";"Rio Capim";"Tomé-Açu";"Estadual";"2020";0
"Social";"Educação";"Estabelecimentos de Creche por Dependência Administrativa";"Rio Capim";"Tomé-Açu";"Estadual";"2021";0
"Social";"Educação";"Estabelecimentos de Creche por Dependência Administrativa";"Rio Capim";"Tomé-Açu";"Estadual";"2022";0
"Social";"Educação";"Estabelecimentos de Creche por Dependência Administrativa";"Rio Capim";"Tomé-Açu";"Estadual";"2023";0
"Social";"Educação";"Estabelecimentos de Creche por Dependência Administrativa";"Rio Capim";"Tomé-Açu";"Estadual";"2024";0
"Social";"Educação";"Estabelecimentos de Creche por Dependência Administrativa";"Rio Caeté";"Tracuateua";"Estadual";"2019";0
"Social";"Educação";"Estabelecimentos de Creche por Dependência Administrativa";"Rio Caeté";"Tracuateua";"Estadual";"2020";0
"Social";"Educação";"Estabelecimentos de Creche por Dependência Administrativa";"Rio Caeté";"Tracuateua";"Estadual";"2021";0
"Social";"Educação";"Estabelecimentos de Creche por Dependência Administrativa";"Rio Caeté";"Tracuateua";"Estadual";"2022";0
"Social";"Educação";"Estabelecimentos de Creche por Dependência Administrativa";"Rio Caeté";"Tracuateua";"Estadual";"2023";0
"Social";"Educação";"Estabelecimentos de Creche por Dependência Administrativa";"Rio Caeté";"Tracuateua";"Estadual";"2024";0
"Social";"Educação";"Estabelecimentos de Creche por Dependência Administrativa";"Tapajós";"Trairão";"Estadual";"2019";0
"Social";"Educação";"Estabelecimentos de Creche por Dependência Administrativa";"Tapajós";"Trairão";"Estadual";"2020";0
"Social";"Educação";"Estabelecimentos de Creche por Dependência Administrativa";"Tapajós";"Trairão";"Estadual";"2021";0
"Social";"Educação";"Estabelecimentos de Creche por Dependência Administrativa";"Tapajós";"Trairão";"Estadual";"2022";0
"Social";"Educação";"Estabelecimentos de Creche por Dependência Administrativa";"Tapajós";"Trairão";"Estadual";"2023";0
"Social";"Educação";"Estabelecimentos de Creche por Dependência Administrativa";"Tapajós";"Trairão";"Estadual";"2024";0
"Social";"Educação";"Estabelecimentos de Creche por Dependência Administrativa";"Araguaia";"Tucumã";"Estadual";"2019";0
"Social";"Educação";"Estabelecimentos de Creche por Dependência Administrativa";"Araguaia";"Tucumã";"Estadual";"2020";0
"Social";"Educação";"Estabelecimentos de Creche por Dependência Administrativa";"Araguaia";"Tucumã";"Estadual";"2021";0
"Social";"Educação";"Estabelecimentos de Creche por Dependência Administrativa";"Araguaia";"Tucumã";"Estadual";"2022";0
"Social";"Educação";"Estabelecimentos de Creche por Dependência Administrativa";"Araguaia";"Tucumã";"Estadual";"2023";0
"Social";"Educação";"Estabelecimentos de Creche por Dependência Administrativa";"Araguaia";"Tucumã";"Estadual";"2024";0
"Social";"Educação";"Estabelecimentos de Creche por Dependência Administrativa";"Lago de Tucuruí";"Tucuruí";"Estadual";"2019";0
"Social";"Educação";"Estabelecimentos de Creche por Dependência Administrativa";"Lago de Tucuruí";"Tucuruí";"Estadual";"2020";0
"Social";"Educação";"Estabelecimentos de Creche por Dependência Administrativa";"Lago de Tucuruí";"Tucuruí";"Estadual";"2021";0
"Social";"Educação";"Estabelecimentos de Creche por Dependência Administrativa";"Lago de Tucuruí";"Tucuruí";"Estadual";"2022";0
"Social";"Educação";"Estabelecimentos de Creche por Dependência Administrativa";"Lago de Tucuruí";"Tucuruí";"Estadual";"2023";0
"Social";"Educação";"Estabelecimentos de Creche por Dependência Administrativa";"Lago de Tucuruí";"Tucuruí";"Estadual";"2024";0
"Social";"Educação";"Estabelecimentos de Creche por Dependência Administrativa";"Rio Capim";"Ulianópolis";"Estadual";"2019";0
"Social";"Educação";"Estabelecimentos de Creche por Dependência Administrativa";"Rio Capim";"Ulianópolis";"Estadual";"2020";0
"Social";"Educação";"Estabelecimentos de Creche por Dependência Administrativa";"Rio Capim";"Ulianópolis";"Estadual";"2021";0
"Social";"Educação";"Estabelecimentos de Creche por Dependência Administrativa";"Rio Capim";"Ulianópolis";"Estadual";"2022";0
"Social";"Educação";"Estabelecimentos de Creche por Dependência Administrativa";"Rio Capim";"Ulianópolis";"Estadual";"2023";0
"Social";"Educação";"Estabelecimentos de Creche por Dependência Administrativa";"Rio Capim";"Ulianópolis";"Estadual";"2024";0
"Social";"Educação";"Estabelecimentos de Creche por Dependência Administrativa";"Xingu";"Uruará";"Estadual";"2019";0
"Social";"Educação";"Estabelecimentos de Creche por Dependência Administrativa";"Xingu";"Uruará";"Estadual";"2020";0
"Social";"Educação";"Estabelecimentos de Creche por Dependência Administrativa";"Xingu";"Uruará";"Estadual";"2021";0
"Social";"Educação";"Estabelecimentos de Creche por Dependência Administrativa";"Xingu";"Uruará";"Estadual";"2022";0
"Social";"Educação";"Estabelecimentos de Creche por Dependência Administrativa";"Xingu";"Uruará";"Estadual";"2023";0
"Social";"Educação";"Estabelecimentos de Creche por Dependência Administrativa";"Xingu";"Uruará";"Estadual";"2024";0
"Social";"Educação";"Estabelecimentos de Creche por Dependência Administrativa";"Guamá";"Vigia";"Estadual";"2019";0
"Social";"Educação";"Estabelecimentos de Creche por Dependência Administrativa";"Guamá";"Vigia";"Estadual";"2020";0
"Social";"Educação";"Estabelecimentos de Creche por Dependência Administrativa";"Guamá";"Vigia";"Estadual";"2021";0
"Social";"Educação";"Estabelecimentos de Creche por Dependência Administrativa";"Guamá";"Vigia";"Estadual";"2022";0
"Social";"Educação";"Estabelecimentos de Creche por Dependência Administrativa";"Guamá";"Vigia";"Estadual";"2023";0
"Social";"Educação";"Estabelecimentos de Creche por Dependência Administrativa";"Guamá";"Vigia";"Estadual";"2024";0
"Social";"Educação";"Estabelecimentos de Creche por Dependência Administrativa";"Rio Caeté";"Viseu";"Estadual";"2019";0
"Social";"Educação";"Estabelecimentos de Creche por Dependência Administrativa";"Rio Caeté";"Viseu";"Estadual";"2020";0
"Social";"Educação";"Estabelecimentos de Creche por Dependência Administrativa";"Rio Caeté";"Viseu";"Estadual";"2021";0
"Social";"Educação";"Estabelecimentos de Creche por Dependência Administrativa";"Rio Caeté";"Viseu";"Estadual";"2022";0
"Social";"Educação";"Estabelecimentos de Creche por Dependência Administrativa";"Rio Caeté";"Viseu";"Estadual";"2023";0
"Social";"Educação";"Estabelecimentos de Creche por Dependência Administrativa";"Rio Caeté";"Viseu";"Estadual";"2024";0
"Social";"Educação";"Estabelecimentos de Creche por Dependência Administrativa";"Xingu";"Vitória do Xingu";"Estadual";"2019";0
"Social";"Educação";"Estabelecimentos de Creche por Dependência Administrativa";"Xingu";"Vitória do Xingu";"Estadual";"2020";0
"Social";"Educação";"Estabelecimentos de Creche por Dependência Administrativa";"Xingu";"Vitória do Xingu";"Estadual";"2021";0
"Social";"Educação";"Estabelecimentos de Creche por Dependência Administrativa";"Xingu";"Vitória do Xingu";"Estadual";"2022";0
"Social";"Educação";"Estabelecimentos de Creche por Dependência Administrativa";"Xingu";"Vitória do Xingu";"Estadual";"2023";0
"Social";"Educação";"Estabelecimentos de Creche por Dependência Administrativa";"Xingu";"Vitória do Xingu";"Estadual";"2024";0
"Social";"Educação";"Estabelecimentos de Creche por Dependência Administrativa";"Araguaia";"Xinguara";"Estadual";"2019";0
"Social";"Educação";"Estabelecimentos de Creche por Dependência Administrativa";"Araguaia";"Xinguara";"Estadual";"2020";0
"Social";"Educação";"Estabelecimentos de Creche por Dependência Administrativa";"Araguaia";"Xinguara";"Estadual";"2021";0
"Social";"Educação";"Estabelecimentos de Creche por Dependência Administrativa";"Araguaia";"Xinguara";"Estadual";"2022";0
"Social";"Educação";"Estabelecimentos de Creche por Dependência Administrativa";"Araguaia";"Xinguara";"Estadual";"2023";0
"Social";"Educação";"Estabelecimentos de Creche por Dependência Administrativa";"Araguaia";"Xinguara";"Estadual";"2024";0
"Social";"Educação";"Estabelecimentos de Creche por Dependência Administrativa";"Pará";"Pará";"Municipal";"2019";2081
"Social";"Educação";"Estabelecimentos de Creche por Dependência Administrativa";"Pará";"Pará";"Municipal";"2020";2046
"Social";"Educação";"Estabelecimentos de Creche por Dependência Administrativa";"Pará";"Pará";"Municipal";"2021";2376
"Social";"Educação";"Estabelecimentos de Creche por Dependência Administrativa";"Pará";"Pará";"Municipal";"2022";2691
"Social";"Educação";"Estabelecimentos de Creche por Dependência Administrativa";"Pará";"Pará";"Municipal";"2023";3189
"Social";"Educação";"Estabelecimentos de Creche por Dependência Administrativa";"Pará";"Pará";"Municipal";"2024";3344
"Social";"Educação";"Estabelecimentos de Creche por Dependência Administrativa";"Tocantins";"Abaetetuba";"Municipal";"2019";17
"Social";"Educação";"Estabelecimentos de Creche por Dependência Administrativa";"Tocantins";"Abaetetuba";"Municipal";"2020";13
"Social";"Educação";"Estabelecimentos de Creche por Dependência Administrativa";"Tocantins";"Abaetetuba";"Municipal";"2021";42
"Social";"Educação";"Estabelecimentos de Creche por Dependência Administrativa";"Tocantins";"Abaetetuba";"Municipal";"2022";98
"Social";"Educação";"Estabelecimentos de Creche por Dependência Administrativa";"Tocantins";"Abaetetuba";"Municipal";"2023";100
"Social";"Educação";"Estabelecimentos de Creche por Dependência Administrativa";"Tocantins";"Abaetetuba";"Municipal";"2024";119
"Social";"Educação";"Estabelecimentos de Creche por Dependência Administrativa";"Rio Capim";"Abel Figueiredo";"Municipal";"2019";2
"Social";"Educação";"Estabelecimentos de Creche por Dependência Administrativa";"Rio Capim";"Abel Figueiredo";"Municipal";"2020";2
"Social";"Educação";"Estabelecimentos de Creche por Dependência Administrativa";"Rio Capim";"Abel Figueiredo";"Municipal";"2021";2
"Social";"Educação";"Estabelecimentos de Creche por Dependência Administrativa";"Rio Capim";"Abel Figueiredo";"Municipal";"2022";2
"Social";"Educação";"Estabelecimentos de Creche por Dependência Administrativa";"Rio Capim";"Abel Figueiredo";"Municipal";"2023";2
"Social";"Educação";"Estabelecimentos de Creche por Dependência Administrativa";"Rio Capim";"Abel Figueiredo";"Municipal";"2024";2
"Social";"Educação";"Estabelecimentos de Creche por Dependência Administrativa";"Tocantins";"Acará";"Municipal";"2019";105
"Social";"Educação";"Estabelecimentos de Creche por Dependência Administrativa";"Tocantins";"Acará";"Municipal";"2020";118
"Social";"Educação";"Estabelecimentos de Creche por Dependência Administrativa";"Tocantins";"Acará";"Municipal";"2021";135
"Social";"Educação";"Estabelecimentos de Creche por Dependência Administrativa";"Tocantins";"Acará";"Municipal";"2022";126
"Social";"Educação";"Estabelecimentos de Creche por Dependência Administrativa";"Tocantins";"Acará";"Municipal";"2023";132
"Social";"Educação";"Estabelecimentos de Creche por Dependência Administrativa";"Tocantins";"Acará";"Municipal";"2024";121
"Social";"Educação";"Estabelecimentos de Creche por Dependência Administrativa";"Marajó";"Afuá";"Municipal";"2019";1
"Social";"Educação";"Estabelecimentos de Creche por Dependência Administrativa";"Marajó";"Afuá";"Municipal";"2020";2
"Social";"Educação";"Estabelecimentos de Creche por Dependência Administrativa";"Marajó";"Afuá";"Municipal";"2021";1
"Social";"Educação";"Estabelecimentos de Creche por Dependência Administrativa";"Marajó";"Afuá";"Municipal";"2022";1
"Social";"Educação";"Estabelecimentos de Creche por Dependência Administrativa";"Marajó";"Afuá";"Municipal";"2023";1
"Social";"Educação";"Estabelecimentos de Creche por Dependência Administrativa";"Marajó";"Afuá";"Municipal";"2024";1
"Social";"Educação";"Estabelecimentos de Creche por Dependência Administrativa";"Araguaia";"Água Azul do Norte";"Municipal";"2019";3
"Social";"Educação";"Estabelecimentos de Creche por Dependência Administrativa";"Araguaia";"Água Azul do Norte";"Municipal";"2020";3
"Social";"Educação";"Estabelecimentos de Creche por Dependência Administrativa";"Araguaia";"Água Azul do Norte";"Municipal";"2021";3
"Social";"Educação";"Estabelecimentos de Creche por Dependência Administrativa";"Araguaia";"Água Azul do Norte";"Municipal";"2022";3
"Social";"Educação";"Estabelecimentos de Creche por Dependência Administrativa";"Araguaia";"Água Azul do Norte";"Municipal";"2023";3
"Social";"Educação";"Estabelecimentos de Creche por Dependência Administrativa";"Araguaia";"Água Azul do Norte";"Municipal";"2024";3
"Social";"Educação";"Estabelecimentos de Creche por Dependência Administrativa";"Baixo Amazonas";"Alenquer";"Municipal";"2019";4
"Social";"Educação";"Estabelecimentos de Creche por Dependência Administrativa";"Baixo Amazonas";"Alenquer";"Municipal";"2020";3
"Social";"Educação";"Estabelecimentos de Creche por Dependência Administrativa";"Baixo Amazonas";"Alenquer";"Municipal";"2021";3
"Social";"Educação";"Estabelecimentos de Creche por Dependência Administrativa";"Baixo Amazonas";"Alenquer";"Municipal";"2022";5
"Social";"Educação";"Estabelecimentos de Creche por Dependência Administrativa";"Baixo Amazonas";"Alenquer";"Municipal";"2023";4
"Social";"Educação";"Estabelecimentos de Creche por Dependência Administrativa";"Baixo Amazonas";"Alenquer";"Municipal";"2024";4
"Social";"Educação";"Estabelecimentos de Creche por Dependência Administrativa";"Baixo Amazonas";"Almeirim";"Municipal";"2019";0
"Social";"Educação";"Estabelecimentos de Creche por Dependência Administrativa";"Baixo Amazonas";"Almeirim";"Municipal";"2020";0
"Social";"Educação";"Estabelecimentos de Creche por Dependência Administrativa";"Baixo Amazonas";"Almeirim";"Municipal";"2021";0
"Social";"Educação";"Estabelecimentos de Creche por Dependência Administrativa";"Baixo Amazonas";"Almeirim";"Municipal";"2022";3
"Social";"Educação";"Estabelecimentos de Creche por Dependência Administrativa";"Baixo Amazonas";"Almeirim";"Municipal";"2023";42
"Social";"Educação";"Estabelecimentos de Creche por Dependência Administrativa";"Baixo Amazonas";"Almeirim";"Municipal";"2024";49
"Social";"Educação";"Estabelecimentos de Creche por Dependência Administrativa";"Xingu";"Altamira";"Municipal";"2019";11
"Social";"Educação";"Estabelecimentos de Creche por Dependência Administrativa";"Xingu";"Altamira";"Municipal";"2020";14
"Social";"Educação";"Estabelecimentos de Creche por Dependência Administrativa";"Xingu";"Altamira";"Municipal";"2021";16
"Social";"Educação";"Estabelecimentos de Creche por Dependência Administrativa";"Xingu";"Altamira";"Municipal";"2022";17
"Social";"Educação";"Estabelecimentos de Creche por Dependência Administrativa";"Xingu";"Altamira";"Municipal";"2023";17
"Social";"Educação";"Estabelecimentos de Creche por Dependência Administrativa";"Xingu";"Altamira";"Municipal";"2024";18
"Social";"Educação";"Estabelecimentos de Creche por Dependência Administrativa";"Marajó";"Anajás";"Municipal";"2019";19
"Social";"Educação";"Estabelecimentos de Creche por Dependência Administrativa";"Marajó";"Anajás";"Municipal";"2020";5
"Social";"Educação";"Estabelecimentos de Creche por Dependência Administrativa";"Marajó";"Anajás";"Municipal";"2021";9
"Social";"Educação";"Estabelecimentos de Creche por Dependência Administrativa";"Marajó";"Anajás";"Municipal";"2022";9
"Social";"Educação";"Estabelecimentos de Creche por Dependência Administrativa";"Marajó";"Anajás";"Municipal";"2023";13
"Social";"Educação";"Estabelecimentos de Creche por Dependência Administrativa";"Marajó";"Anajás";"Municipal";"2024";16
"Social";"Educação";"Estabelecimentos de Creche por Dependência Administrativa";"Guajará";"Ananindeua";"Municipal";"2019";30
"Social";"Educação";"Estabelecimentos de Creche por Dependência Administrativa";"Guajará";"Ananindeua";"Municipal";"2020";32
"Social";"Educação";"Estabelecimentos de Creche por Dependência Administrativa";"Guajará";"Ananindeua";"Municipal";"2021";34
"Social";"Educação";"Estabelecimentos de Creche por Dependência Administrativa";"Guajará";"Ananindeua";"Municipal";"2022";34
"Social";"Educação";"Estabelecimentos de Creche por Dependência Administrativa";"Guajará";"Ananindeua";"Municipal";"2023";33
"Social";"Educação";"Estabelecimentos de Creche por Dependência Administrativa";"Guajará";"Ananindeua";"Municipal";"2024";37
"Social";"Educação";"Estabelecimentos de Creche por Dependência Administrativa";"Xingu";"Anapu";"Municipal";"2019";0
"Social";"Educação";"Estabelecimentos de Creche por Dependência Administrativa";"Xingu";"Anapu";"Municipal";"2020";1
"Social";"Educação";"Estabelecimentos de Creche por Dependência Administrativa";"Xingu";"Anapu";"Municipal";"2021";2
"Social";"Educação";"Estabelecimentos de Creche por Dependência Administrativa";"Xingu";"Anapu";"Municipal";"2022";2
"Social";"Educação";"Estabelecimentos de Creche por Dependência Administrativa";"Xingu";"Anapu";"Municipal";"2023";3
"Social";"Educação";"Estabelecimentos de Creche por Dependência Administrativa";"Xingu";"Anapu";"Municipal";"2024";1
"Social";"Educação";"Estabelecimentos de Creche por Dependência Administrativa";"Rio Caeté";"Augusto Corrêa";"Municipal";"2019";3
"Social";"Educação";"Estabelecimentos de Creche por Dependência Administrativa";"Rio Caeté";"Augusto Corrêa";"Municipal";"2020";4
"Social";"Educação";"Estabelecimentos de Creche por Dependência Administrativa";"Rio Caeté";"Augusto Corrêa";"Municipal";"2021";4
"Social";"Educação";"Estabelecimentos de Creche por Dependência Administrativa";"Rio Caeté";"Augusto Corrêa";"Municipal";"2022";8
"Social";"Educação";"Estabelecimentos de Creche por Dependência Administrativa";"Rio Caeté";"Augusto Corrêa";"Municipal";"2023";9
"Social";"Educação";"Estabelecimentos de Creche por Dependência Administrativa";"Rio Caeté";"Augusto Corrêa";"Municipal";"2024";14
"Social";"Educação";"Estabelecimentos de Creche por Dependência Administrativa";"Rio Capim";"Aurora do Pará";"Municipal";"2019";2
"Social";"Educação";"Estabelecimentos de Creche por Dependência Administrativa";"Rio Capim";"Aurora do Pará";"Municipal";"2020";2
"Social";"Educação";"Estabelecimentos de Creche por Dependência Administrativa";"Rio Capim";"Aurora do Pará";"Municipal";"2021";7
"Social";"Educação";"Estabelecimentos de Creche por Dependência Administrativa";"Rio Capim";"Aurora do Pará";"Municipal";"2022";6
"Social";"Educação";"Estabelecimentos de Creche por Dependência Administrativa";"Rio Capim";"Aurora do Pará";"Municipal";"2023";7
"Social";"Educação";"Estabelecimentos de Creche por Dependência Administrativa";"Rio Capim";"Aurora do Pará";"Municipal";"2024";13
"Social";"Educação";"Estabelecimentos de Creche por Dependência Administrativa";"Tapajós";"Aveiro";"Municipal";"2019";0
"Social";"Educação";"Estabelecimentos de Creche por Dependência Administrativa";"Tapajós";"Aveiro";"Municipal";"2020";0
"Social";"Educação";"Estabelecimentos de Creche por Dependência Administrativa";"Tapajós";"Aveiro";"Municipal";"2021";0
"Social";"Educação";"Estabelecimentos de Creche por Dependência Administrativa";"Tapajós";"Aveiro";"Municipal";"2022";3
"Social";"Educação";"Estabelecimentos de Creche por Dependência Administrativa";"Tapajós";"Aveiro";"Municipal";"2023";22
"Social";"Educação";"Estabelecimentos de Creche por Dependência Administrativa";"Tapajós";"Aveiro";"Municipal";"2024";25
"Social";"Educação";"Estabelecimentos de Creche por Dependência Administrativa";"Marajó";"Bagre";"Municipal";"2019";5
"Social";"Educação";"Estabelecimentos de Creche por Dependência Administrativa";"Marajó";"Bagre";"Municipal";"2020";0
"Social";"Educação";"Estabelecimentos de Creche por Dependência Administrativa";"Marajó";"Bagre";"Municipal";"2021";1
"Social";"Educação";"Estabelecimentos de Creche por Dependência Administrativa";"Marajó";"Bagre";"Municipal";"2022";0
"Social";"Educação";"Estabelecimentos de Creche por Dependência Administrativa";"Marajó";"Bagre";"Municipal";"2023";0
"Social";"Educação";"Estabelecimentos de Creche por Dependência Administrativa";"Marajó";"Bagre";"Municipal";"2024";0
"Social";"Educação";"Estabelecimentos de Creche por Dependência Administrativa";"Tocantins";"Baião";"Municipal";"2019";26
"Social";"Educação";"Estabelecimentos de Creche por Dependência Administrativa";"Tocantins";"Baião";"Municipal";"2020";33
"Social";"Educação";"Estabelecimentos de Creche por Dependência Administrativa";"Tocantins";"Baião";"Municipal";"2021";26
"Social";"Educação";"Estabelecimentos de Creche por Dependência Administrativa";"Tocantins";"Baião";"Municipal";"2022";32
"Social";"Educação";"Estabelecimentos de Creche por Dependência Administrativa";"Tocantins";"Baião";"Municipal";"2023";39
"Social";"Educação";"Estabelecimentos de Creche por Dependência Administrativa";"Tocantins";"Baião";"Municipal";"2024";37
"Social";"Educação";"Estabelecimentos de Creche por Dependência Administrativa";"Araguaia";"Bannach";"Municipal";"2019";1
"Social";"Educação";"Estabelecimentos de Creche por Dependência Administrativa";"Araguaia";"Bannach";"Municipal";"2020";4
"Social";"Educação";"Estabelecimentos de Creche por Dependência Administrativa";"Araguaia";"Bannach";"Municipal";"2021";3
"Social";"Educação";"Estabelecimentos de Creche por Dependência Administrativa";"Araguaia";"Bannach";"Municipal";"2022";4
"Social";"Educação";"Estabelecimentos de Creche por Dependência Administrativa";"Araguaia";"Bannach";"Municipal";"2023";5
"Social";"Educação";"Estabelecimentos de Creche por Dependência Administrativa";"Araguaia";"Bannach";"Municipal";"2024";5
"Social";"Educação";"Estabelecimentos de Creche por Dependência Administrativa";"Tocantins";"Barcarena";"Municipal";"2019";14
"Social";"Educação";"Estabelecimentos de Creche por Dependência Administrativa";"Tocantins";"Barcarena";"Municipal";"2020";14
"Social";"Educação";"Estabelecimentos de Creche por Dependência Administrativa";"Tocantins";"Barcarena";"Municipal";"2021";15
"Social";"Educação";"Estabelecimentos de Creche por Dependência Administrativa";"Tocantins";"Barcarena";"Municipal";"2022";18
"Social";"Educação";"Estabelecimentos de Creche por Dependência Administrativa";"Tocantins";"Barcarena";"Municipal";"2023";26
"Social";"Educação";"Estabelecimentos de Creche por Dependência Administrativa";"Tocantins";"Barcarena";"Municipal";"2024";26
"Social";"Educação";"Estabelecimentos de Creche por Dependência Administrativa";"Guajará";"Belém";"Municipal";"2019";64
"Social";"Educação";"Estabelecimentos de Creche por Dependência Administrativa";"Guajará";"Belém";"Municipal";"2020";62
"Social";"Educação";"Estabelecimentos de Creche por Dependência Administrativa";"Guajará";"Belém";"Municipal";"2021";63
"Social";"Educação";"Estabelecimentos de Creche por Dependência Administrativa";"Guajará";"Belém";"Municipal";"2022";63
"Social";"Educação";"Estabelecimentos de Creche por Dependência Administrativa";"Guajará";"Belém";"Municipal";"2023";64
"Social";"Educação";"Estabelecimentos de Creche por Dependência Administrativa";"Guajará";"Belém";"Municipal";"2024";65
"Social";"Educação";"Estabelecimentos de Creche por Dependência Administrativa";"Baixo Amazonas";"Belterra";"Municipal";"2019";1
"Social";"Educação";"Estabelecimentos de Creche por Dependência Administrativa";"Baixo Amazonas";"Belterra";"Municipal";"2020";1
"Social";"Educação";"Estabelecimentos de Creche por Dependência Administrativa";"Baixo Amazonas";"Belterra";"Municipal";"2021";1
"Social";"Educação";"Estabelecimentos de Creche por Dependência Administrativa";"Baixo Amazonas";"Belterra";"Municipal";"2022";1
"Social";"Educação";"Estabelecimentos de Creche por Dependência Administrativa";"Baixo Amazonas";"Belterra";"Municipal";"2023";3
"Social";"Educação";"Estabelecimentos de Creche por Dependência Administrativa";"Baixo Amazonas";"Belterra";"Municipal";"2024";3
"Social";"Educação";"Estabelecimentos de Creche por Dependência Administrativa";"Guajará";"Benevides";"Municipal";"2019";11
"Social";"Educação";"Estabelecimentos de Creche por Dependência Administrativa";"Guajará";"Benevides";"Municipal";"2020";11
"Social";"Educação";"Estabelecimentos de Creche por Dependência Administrativa";"Guajará";"Benevides";"Municipal";"2021";10
"Social";"Educação";"Estabelecimentos de Creche por Dependência Administrativa";"Guajará";"Benevides";"Municipal";"2022";12
"Social";"Educação";"Estabelecimentos de Creche por Dependência Administrativa";"Guajará";"Benevides";"Municipal";"2023";12
"Social";"Educação";"Estabelecimentos de Creche por Dependência Administrativa";"Guajará";"Benevides";"Municipal";"2024";8
"Social";"Educação";"Estabelecimentos de Creche por Dependência Administrativa";"Carajás";"Bom Jesus do Tocantins";"Municipal";"2019";3
"Social";"Educação";"Estabelecimentos de Creche por Dependência Administrativa";"Carajás";"Bom Jesus do Tocantins";"Municipal";"2020";3
"Social";"Educação";"Estabelecimentos de Creche por Dependência Administrativa";"Carajás";"Bom Jesus do Tocantins";"Municipal";"2021";3
"Social";"Educação";"Estabelecimentos de Creche por Dependência Administrativa";"Carajás";"Bom Jesus do Tocantins";"Municipal";"2022";3
"Social";"Educação";"Estabelecimentos de Creche por Dependência Administrativa";"Carajás";"Bom Jesus do Tocantins";"Municipal";"2023";4
"Social";"Educação";"Estabelecimentos de Creche por Dependência Administrativa";"Carajás";"Bom Jesus do Tocantins";"Municipal";"2024";4
"Social";"Educação";"Estabelecimentos de Creche por Dependência Administrativa";"Rio Caeté";"Bonito";"Municipal";"2019";11
"Social";"Educação";"Estabelecimentos de Creche por Dependência Administrativa";"Rio Caeté";"Bonito";"Municipal";"2020";7
"Social";"Educação";"Estabelecimentos de Creche por Dependência Administrativa";"Rio Caeté";"Bonito";"Municipal";"2021";14
"Social";"Educação";"Estabelecimentos de Creche por Dependência Administrativa";"Rio Caeté";"Bonito";"Municipal";"2022";18
"Social";"Educação";"Estabelecimentos de Creche por Dependência Administrativa";"Rio Caeté";"Bonito";"Municipal";"2023";20
"Social";"Educação";"Estabelecimentos de Creche por Dependência Administrativa";"Rio Caeté";"Bonito";"Municipal";"2024";17
"Social";"Educação";"Estabelecimentos de Creche por Dependência Administrativa";"Rio Caeté";"Bragança";"Municipal";"2019";2
"Social";"Educação";"Estabelecimentos de Creche por Dependência Administrativa";"Rio Caeté";"Bragança";"Municipal";"2020";6
"Social";"Educação";"Estabelecimentos de Creche por Dependência Administrativa";"Rio Caeté";"Bragança";"Municipal";"2021";13
"Social";"Educação";"Estabelecimentos de Creche por Dependência Administrativa";"Rio Caeté";"Bragança";"Municipal";"2022";12
"Social";"Educação";"Estabelecimentos de Creche por Dependência Administrativa";"Rio Caeté";"Bragança";"Municipal";"2023";14
"Social";"Educação";"Estabelecimentos de Creche por Dependência Administrativa";"Rio Caeté";"Bragança";"Municipal";"2024";15
"Social";"Educação";"Estabelecimentos de Creche por Dependência Administrativa";"Xingu";"Brasil Novo";"Municipal";"2019";5
"Social";"Educação";"Estabelecimentos de Creche por Dependência Administrativa";"Xingu";"Brasil Novo";"Municipal";"2020";5
"Social";"Educação";"Estabelecimentos de Creche por Dependência Administrativa";"Xingu";"Brasil Novo";"Municipal";"2021";7
"Social";"Educação";"Estabelecimentos de Creche por Dependência Administrativa";"Xingu";"Brasil Novo";"Municipal";"2022";8
"Social";"Educação";"Estabelecimentos de Creche por Dependência Administrativa";"Xingu";"Brasil Novo";"Municipal";"2023";16
"Social";"Educação";"Estabelecimentos de Creche por Dependência Administrativa";"Xingu";"Brasil Novo";"Municipal";"2024";17
"Social";"Educação";"Estabelecimentos de Creche por Dependência Administrativa";"Carajás";"Brejo Grande do Araguaia";"Municipal";"2019";10
"Social";"Educação";"Estabelecimentos de Creche por Dependência Administrativa";"Carajás";"Brejo Grande do Araguaia";"Municipal";"2020";8
"Social";"Educação";"Estabelecimentos de Creche por Dependência Administrativa";"Carajás";"Brejo Grande do Araguaia";"Municipal";"2021";10
"Social";"Educação";"Estabelecimentos de Creche por Dependência Administrativa";"Carajás";"Brejo Grande do Araguaia";"Municipal";"2022";11
"Social";"Educação";"Estabelecimentos de Creche por Dependência Administrativa";"Carajás";"Brejo Grande do Araguaia";"Municipal";"2023";11
"Social";"Educação";"Estabelecimentos de Creche por Dependência Administrativa";"Carajás";"Brejo Grande do Araguaia";"Municipal";"2024";9
"Social";"Educação";"Estabelecimentos de Creche por Dependência Administrativa";"Lago de Tucuruí";"Breu Branco";"Municipal";"2019";1
"Social";"Educação";"Estabelecimentos de Creche por Dependência Administrativa";"Lago de Tucuruí";"Breu Branco";"Municipal";"2020";1
"Social";"Educação";"Estabelecimentos de Creche por Dependência Administrativa";"Lago de Tucuruí";"Breu Branco";"Municipal";"2021";1
"Social";"Educação";"Estabelecimentos de Creche por Dependência Administrativa";"Lago de Tucuruí";"Breu Branco";"Municipal";"2022";2
"Social";"Educação";"Estabelecimentos de Creche por Dependência Administrativa";"Lago de Tucuruí";"Breu Branco";"Municipal";"2023";4
"Social";"Educação";"Estabelecimentos de Creche por Dependência Administrativa";"Lago de Tucuruí";"Breu Branco";"Municipal";"2024";7
"Social";"Educação";"Estabelecimentos de Creche por Dependência Administrativa";"Marajó";"Breves";"Municipal";"2019";56
"Social";"Educação";"Estabelecimentos de Creche por Dependência Administrativa";"Marajó";"Breves";"Municipal";"2020";8
"Social";"Educação";"Estabelecimentos de Creche por Dependência Administrativa";"Marajó";"Breves";"Municipal";"2021";95
"Social";"Educação";"Estabelecimentos de Creche por Dependência Administrativa";"Marajó";"Breves";"Municipal";"2022";109
"Social";"Educação";"Estabelecimentos de Creche por Dependência Administrativa";"Marajó";"Breves";"Municipal";"2023";138
"Social";"Educação";"Estabelecimentos de Creche por Dependência Administrativa";"Marajó";"Breves";"Municipal";"2024";161
"Social";"Educação";"Estabelecimentos de Creche por Dependência Administrativa";"Rio Capim";"Bujaru";"Municipal";"2019";2
"Social";"Educação";"Estabelecimentos de Creche por Dependência Administrativa";"Rio Capim";"Bujaru";"Municipal";"2020";1
"Social";"Educação";"Estabelecimentos de Creche por Dependência Administrativa";"Rio Capim";"Bujaru";"Municipal";"2021";22
"Social";"Educação";"Estabelecimentos de Creche por Dependência Administrativa";"Rio Capim";"Bujaru";"Municipal";"2022";27
"Social";"Educação";"Estabelecimentos de Creche por Dependência Administrativa";"Rio Capim";"Bujaru";"Municipal";"2023";41
"Social";"Educação";"Estabelecimentos de Creche por Dependência Administrativa";"Rio Capim";"Bujaru";"Municipal";"2024";50
"Social";"Educação";"Estabelecimentos de Creche por Dependência Administrativa";"Marajó";"Cachoeira do Arari";"Municipal";"2019";14
"Social";"Educação";"Estabelecimentos de Creche por Dependência Administrativa";"Marajó";"Cachoeira do Arari";"Municipal";"2020";13
"Social";"Educação";"Estabelecimentos de Creche por Dependência Administrativa";"Marajó";"Cachoeira do Arari";"Municipal";"2021";16
"Social";"Educação";"Estabelecimentos de Creche por Dependência Administrativa";"Marajó";"Cachoeira do Arari";"Municipal";"2022";17
"Social";"Educação";"Estabelecimentos de Creche por Dependência Administrativa";"Marajó";"Cachoeira do Arari";"Municipal";"2023";21
"Social";"Educação";"Estabelecimentos de Creche por Dependência Administrativa";"Marajó";"Cachoeira do Arari";"Municipal";"2024";25
"Social";"Educação";"Estabelecimentos de Creche por Dependência Administrativa";"Rio Caeté";"Cachoeira do Piriá";"Municipal";"2019";35
"Social";"Educação";"Estabelecimentos de Creche por Dependência Administrativa";"Rio Caeté";"Cachoeira do Piriá";"Municipal";"2020";31
"Social";"Educação";"Estabelecimentos de Creche por Dependência Administrativa";"Rio Caeté";"Cachoeira do Piriá";"Municipal";"2021";34
"Social";"Educação";"Estabelecimentos de Creche por Dependência Administrativa";"Rio Caeté";"Cachoeira do Piriá";"Municipal";"2022";36
"Social";"Educação";"Estabelecimentos de Creche por Dependência Administrativa";"Rio Caeté";"Cachoeira do Piriá";"Municipal";"2023";35
"Social";"Educação";"Estabelecimentos de Creche por Dependência Administrativa";"Rio Caeté";"Cachoeira do Piriá";"Municipal";"2024";33
"Social";"Educação";"Estabelecimentos de Creche por Dependência Administrativa";"Tocantins";"Cametá";"Municipal";"2019";35
"Social";"Educação";"Estabelecimentos de Creche por Dependência Administrativa";"Tocantins";"Cametá";"Municipal";"2020";40
"Social";"Educação";"Estabelecimentos de Creche por Dependência Administrativa";"Tocantins";"Cametá";"Municipal";"2021";46
"Social";"Educação";"Estabelecimentos de Creche por Dependência Administrativa";"Tocantins";"Cametá";"Municipal";"2022";62
"Social";"Educação";"Estabelecimentos de Creche por Dependência Administrativa";"Tocantins";"Cametá";"Municipal";"2023";74
"Social";"Educação";"Estabelecimentos de Creche por Dependência Administrativa";"Tocantins";"Cametá";"Municipal";"2024";82
"Social";"Educação";"Estabelecimentos de Creche por Dependência Administrativa";"Carajás";"Canaã dos Carajás";"Municipal";"2019";7
"Social";"Educação";"Estabelecimentos de Creche por Dependência Administrativa";"Carajás";"Canaã dos Carajás";"Municipal";"2020";6
"Social";"Educação";"Estabelecimentos de Creche por Dependência Administrativa";"Carajás";"Canaã dos Carajás";"Municipal";"2021";7
"Social";"Educação";"Estabelecimentos de Creche por Dependência Administrativa";"Carajás";"Canaã dos Carajás";"Municipal";"2022";7
"Social";"Educação";"Estabelecimentos de Creche por Dependência Administrativa";"Carajás";"Canaã dos Carajás";"Municipal";"2023";7
"Social";"Educação";"Estabelecimentos de Creche por Dependência Administrativa";"Carajás";"Canaã dos Carajás";"Municipal";"2024";7
"Social";"Educação";"Estabelecimentos de Creche por Dependência Administrativa";"Rio Caeté";"Capanema";"Municipal";"2019";22
"Social";"Educação";"Estabelecimentos de Creche por Dependência Administrativa";"Rio Caeté";"Capanema";"Municipal";"2020";22
"Social";"Educação";"Estabelecimentos de Creche por Dependência Administrativa";"Rio Caeté";"Capanema";"Municipal";"2021";22
"Social";"Educação";"Estabelecimentos de Creche por Dependência Administrativa";"Rio Caeté";"Capanema";"Municipal";"2022";22
"Social";"Educação";"Estabelecimentos de Creche por Dependência Administrativa";"Rio Caeté";"Capanema";"Municipal";"2023";22
"Social";"Educação";"Estabelecimentos de Creche por Dependência Administrativa";"Rio Caeté";"Capanema";"Municipal";"2024";23
"Social";"Educação";"Estabelecimentos de Creche por Dependência Administrativa";"Rio Capim";"Capitão Poço";"Municipal";"2019";63
"Social";"Educação";"Estabelecimentos de Creche por Dependência Administrativa";"Rio Capim";"Capitão Poço";"Municipal";"2020";69
"Social";"Educação";"Estabelecimentos de Creche por Dependência Administrativa";"Rio Capim";"Capitão Poço";"Municipal";"2021";59
"Social";"Educação";"Estabelecimentos de Creche por Dependência Administrativa";"Rio Capim";"Capitão Poço";"Municipal";"2022";61
"Social";"Educação";"Estabelecimentos de Creche por Dependência Administrativa";"Rio Capim";"Capitão Poço";"Municipal";"2023";67
"Social";"Educação";"Estabelecimentos de Creche por Dependência Administrativa";"Rio Capim";"Capitão Poço";"Municipal";"2024";67
"Social";"Educação";"Estabelecimentos de Creche por Dependência Administrativa";"Guamá";"Castanhal";"Municipal";"2019";3
"Social";"Educação";"Estabelecimentos de Creche por Dependência Administrativa";"Guamá";"Castanhal";"Municipal";"2020";3
"Social";"Educação";"Estabelecimentos de Creche por Dependência Administrativa";"Guamá";"Castanhal";"Municipal";"2021";5
"Social";"Educação";"Estabelecimentos de Creche por Dependência Administrativa";"Guamá";"Castanhal";"Municipal";"2022";5
"Social";"Educação";"Estabelecimentos de Creche por Dependência Administrativa";"Guamá";"Castanhal";"Municipal";"2023";9
"Social";"Educação";"Estabelecimentos de Creche por Dependência Administrativa";"Guamá";"Castanhal";"Municipal";"2024";12
"Social";"Educação";"Estabelecimentos de Creche por Dependência Administrativa";"Marajó";"Chaves";"Municipal";"2019";4
"Social";"Educação";"Estabelecimentos de Creche por Dependência Administrativa";"Marajó";"Chaves";"Municipal";"2020";6
"Social";"Educação";"Estabelecimentos de Creche por Dependência Administrativa";"Marajó";"Chaves";"Municipal";"2021";32
"Social";"Educação";"Estabelecimentos de Creche por Dependência Administrativa";"Marajó";"Chaves";"Municipal";"2022";45
"Social";"Educação";"Estabelecimentos de Creche por Dependência Administrativa";"Marajó";"Chaves";"Municipal";"2023";55
"Social";"Educação";"Estabelecimentos de Creche por Dependência Administrativa";"Marajó";"Chaves";"Municipal";"2024";44
"Social";"Educação";"Estabelecimentos de Creche por Dependência Administrativa";"Guamá";"Colares";"Municipal";"2019";8
"Social";"Educação";"Estabelecimentos de Creche por Dependência Administrativa";"Guamá";"Colares";"Municipal";"2020";17
"Social";"Educação";"Estabelecimentos de Creche por Dependência Administrativa";"Guamá";"Colares";"Municipal";"2021";23
"Social";"Educação";"Estabelecimentos de Creche por Dependência Administrativa";"Guamá";"Colares";"Municipal";"2022";22
"Social";"Educação";"Estabelecimentos de Creche por Dependência Administrativa";"Guamá";"Colares";"Municipal";"2023";19
"Social";"Educação";"Estabelecimentos de Creche por Dependência Administrativa";"Guamá";"Colares";"Municipal";"2024";22
"Social";"Educação";"Estabelecimentos de Creche por Dependência Administrativa";"Araguaia";"Conceição do Araguaia";"Municipal";"2019";3
"Social";"Educação";"Estabelecimentos de Creche por Dependência Administrativa";"Araguaia";"Conceição do Araguaia";"Municipal";"2020";3
"Social";"Educação";"Estabelecimentos de Creche por Dependência Administrativa";"Araguaia";"Conceição do Araguaia";"Municipal";"2021";4
"Social";"Educação";"Estabelecimentos de Creche por Dependência Administrativa";"Araguaia";"Conceição do Araguaia";"Municipal";"2022";4
"Social";"Educação";"Estabelecimentos de Creche por Dependência Administrativa";"Araguaia";"Conceição do Araguaia";"Municipal";"2023";4
"Social";"Educação";"Estabelecimentos de Creche por Dependência Administrativa";"Araguaia";"Conceição do Araguaia";"Municipal";"2024";3
"Social";"Educação";"Estabelecimentos de Creche por Dependência Administrativa";"Rio Capim";"Concórdia do Pará";"Municipal";"2019";68
"Social";"Educação";"Estabelecimentos de Creche por Dependência Administrativa";"Rio Capim";"Concórdia do Pará";"Municipal";"2020";70
"Social";"Educação";"Estabelecimentos de Creche por Dependência Administrativa";"Rio Capim";"Concórdia do Pará";"Municipal";"2021";66
"Social";"Educação";"Estabelecimentos de Creche por Dependência Administrativa";"Rio Capim";"Concórdia do Pará";"Municipal";"2022";63
"Social";"Educação";"Estabelecimentos de Creche por Dependência Administrativa";"Rio Capim";"Concórdia do Pará";"Municipal";"2023";61
"Social";"Educação";"Estabelecimentos de Creche por Dependência Administrativa";"Rio Capim";"Concórdia do Pará";"Municipal";"2024";64
"Social";"Educação";"Estabelecimentos de Creche por Dependência Administrativa";"Araguaia";"Cumaru do Norte";"Municipal";"2019";4
"Social";"Educação";"Estabelecimentos de Creche por Dependência Administrativa";"Araguaia";"Cumaru do Norte";"Municipal";"2020";4
"Social";"Educação";"Estabelecimentos de Creche por Dependência Administrativa";"Araguaia";"Cumaru do Norte";"Municipal";"2021";4
"Social";"Educação";"Estabelecimentos de Creche por Dependência Administrativa";"Araguaia";"Cumaru do Norte";"Municipal";"2022";5
"Social";"Educação";"Estabelecimentos de Creche por Dependência Administrativa";"Araguaia";"Cumaru do Norte";"Municipal";"2023";6
"Social";"Educação";"Estabelecimentos de Creche por Dependência Administrativa";"Araguaia";"Cumaru do Norte";"Municipal";"2024";6
"Social";"Educação";"Estabelecimentos de Creche por Dependência Administrativa";"Carajás";"Curionópolis";"Municipal";"2019";5
"Social";"Educação";"Estabelecimentos de Creche por Dependência Administrativa";"Carajás";"Curionópolis";"Municipal";"2020";5
"Social";"Educação";"Estabelecimentos de Creche por Dependência Administrativa";"Carajás";"Curionópolis";"Municipal";"2021";6
"Social";"Educação";"Estabelecimentos de Creche por Dependência Administrativa";"Carajás";"Curionópolis";"Municipal";"2022";8
"Social";"Educação";"Estabelecimentos de Creche por Dependência Administrativa";"Carajás";"Curionópolis";"Municipal";"2023";8
"Social";"Educação";"Estabelecimentos de Creche por Dependência Administrativa";"Carajás";"Curionópolis";"Municipal";"2024";5
"Social";"Educação";"Estabelecimentos de Creche por Dependência Administrativa";"Marajó";"Curralinho";"Municipal";"2019";4
"Social";"Educação";"Estabelecimentos de Creche por Dependência Administrativa";"Marajó";"Curralinho";"Municipal";"2020";3
"Social";"Educação";"Estabelecimentos de Creche por Dependência Administrativa";"Marajó";"Curralinho";"Municipal";"2021";4
"Social";"Educação";"Estabelecimentos de Creche por Dependência Administrativa";"Marajó";"Curralinho";"Municipal";"2022";4
"Social";"Educação";"Estabelecimentos de Creche por Dependência Administrativa";"Marajó";"Curralinho";"Municipal";"2023";5
"Social";"Educação";"Estabelecimentos de Creche por Dependência Administrativa";"Marajó";"Curralinho";"Municipal";"2024";5
"Social";"Educação";"Estabelecimentos de Creche por Dependência Administrativa";"Baixo Amazonas";"Curuá";"Municipal";"2019";20
"Social";"Educação";"Estabelecimentos de Creche por Dependência Administrativa";"Baixo Amazonas";"Curuá";"Municipal";"2020";16
"Social";"Educação";"Estabelecimentos de Creche por Dependência Administrativa";"Baixo Amazonas";"Curuá";"Municipal";"2021";17
"Social";"Educação";"Estabelecimentos de Creche por Dependência Administrativa";"Baixo Amazonas";"Curuá";"Municipal";"2022";13
"Social";"Educação";"Estabelecimentos de Creche por Dependência Administrativa";"Baixo Amazonas";"Curuá";"Municipal";"2023";6
"Social";"Educação";"Estabelecimentos de Creche por Dependência Administrativa";"Baixo Amazonas";"Curuá";"Municipal";"2024";5
"Social";"Educação";"Estabelecimentos de Creche por Dependência Administrativa";"Guamá";"Curuçá";"Municipal";"2019";5
"Social";"Educação";"Estabelecimentos de Creche por Dependência Administrativa";"Guamá";"Curuçá";"Municipal";"2020";8
"Social";"Educação";"Estabelecimentos de Creche por Dependência Administrativa";"Guamá";"Curuçá";"Municipal";"2021";21
"Social";"Educação";"Estabelecimentos de Creche por Dependência Administrativa";"Guamá";"Curuçá";"Municipal";"2022";27
"Social";"Educação";"Estabelecimentos de Creche por Dependência Administrativa";"Guamá";"Curuçá";"Municipal";"2023";36
"Social";"Educação";"Estabelecimentos de Creche por Dependência Administrativa";"Guamá";"Curuçá";"Municipal";"2024";38
"Social";"Educação";"Estabelecimentos de Creche por Dependência Administrativa";"Rio Capim";"Dom Eliseu";"Municipal";"2019";9
"Social";"Educação";"Estabelecimentos de Creche por Dependência Administrativa";"Rio Capim";"Dom Eliseu";"Municipal";"2020";9
"Social";"Educação";"Estabelecimentos de Creche por Dependência Administrativa";"Rio Capim";"Dom Eliseu";"Municipal";"2021";11
"Social";"Educação";"Estabelecimentos de Creche por Dependência Administrativa";"Rio Capim";"Dom Eliseu";"Municipal";"2022";11
"Social";"Educação";"Estabelecimentos de Creche por Dependência Administrativa";"Rio Capim";"Dom Eliseu";"Municipal";"2023";18
"Social";"Educação";"Estabelecimentos de Creche por Dependência Administrativa";"Rio Capim";"Dom Eliseu";"Municipal";"2024";17
"Social";"Educação";"Estabelecimentos de Creche por Dependência Administrativa";"Carajás";"Eldorado do Carajás";"Municipal";"2019";2
"Social";"Educação";"Estabelecimentos de Creche por Dependência Administrativa";"Carajás";"Eldorado do Carajás";"Municipal";"2020";3
"Social";"Educação";"Estabelecimentos de Creche por Dependência Administrativa";"Carajás";"Eldorado do Carajás";"Municipal";"2021";5
"Social";"Educação";"Estabelecimentos de Creche por Dependência Administrativa";"Carajás";"Eldorado do Carajás";"Municipal";"2022";5
"Social";"Educação";"Estabelecimentos de Creche por Dependência Administrativa";"Carajás";"Eldorado do Carajás";"Municipal";"2023";12
"Social";"Educação";"Estabelecimentos de Creche por Dependência Administrativa";"Carajás";"Eldorado do Carajás";"Municipal";"2024";13
"Social";"Educação";"Estabelecimentos de Creche por Dependência Administrativa";"Baixo Amazonas";"Faro";"Municipal";"2019";13
"Social";"Educação";"Estabelecimentos de Creche por Dependência Administrativa";"Baixo Amazonas";"Faro";"Municipal";"2020";10
"Social";"Educação";"Estabelecimentos de Creche por Dependência Administrativa";"Baixo Amazonas";"Faro";"Municipal";"2021";15
"Social";"Educação";"Estabelecimentos de Creche por Dependência Administrativa";"Baixo Amazonas";"Faro";"Municipal";"2022";16
"Social";"Educação";"Estabelecimentos de Creche por Dependência Administrativa";"Baixo Amazonas";"Faro";"Municipal";"2023";16
"Social";"Educação";"Estabelecimentos de Creche por Dependência Administrativa";"Baixo Amazonas";"Faro";"Municipal";"2024";14
"Social";"Educação";"Estabelecimentos de Creche por Dependência Administrativa";"Araguaia";"Floresta do Araguaia";"Municipal";"2019";2
"Social";"Educação";"Estabelecimentos de Creche por Dependência Administrativa";"Araguaia";"Floresta do Araguaia";"Municipal";"2020";2
"Social";"Educação";"Estabelecimentos de Creche por Dependência Administrativa";"Araguaia";"Floresta do Araguaia";"Municipal";"2021";2
"Social";"Educação";"Estabelecimentos de Creche por Dependência Administrativa";"Araguaia";"Floresta do Araguaia";"Municipal";"2022";3
"Social";"Educação";"Estabelecimentos de Creche por Dependência Administrativa";"Araguaia";"Floresta do Araguaia";"Municipal";"2023";4
"Social";"Educação";"Estabelecimentos de Creche por Dependência Administrativa";"Araguaia";"Floresta do Araguaia";"Municipal";"2024";4
"Social";"Educação";"Estabelecimentos de Creche por Dependência Administrativa";"Rio Capim";"Garrafão do Norte";"Municipal";"2019";41
"Social";"Educação";"Estabelecimentos de Creche por Dependência Administrativa";"Rio Capim";"Garrafão do Norte";"Municipal";"2020";46
"Social";"Educação";"Estabelecimentos de Creche por Dependência Administrativa";"Rio Capim";"Garrafão do Norte";"Municipal";"2021";39
"Social";"Educação";"Estabelecimentos de Creche por Dependência Administrativa";"Rio Capim";"Garrafão do Norte";"Municipal";"2022";41
"Social";"Educação";"Estabelecimentos de Creche por Dependência Administrativa";"Rio Capim";"Garrafão do Norte";"Municipal";"2023";44
"Social";"Educação";"Estabelecimentos de Creche por Dependência Administrativa";"Rio Capim";"Garrafão do Norte";"Municipal";"2024";43
"Social";"Educação";"Estabelecimentos de Creche por Dependência Administrativa";"Lago de Tucuruí";"Goianésia do Pará";"Municipal";"2019";16
"Social";"Educação";"Estabelecimentos de Creche por Dependência Administrativa";"Lago de Tucuruí";"Goianésia do Pará";"Municipal";"2020";11
"Social";"Educação";"Estabelecimentos de Creche por Dependência Administrativa";"Lago de Tucuruí";"Goianésia do Pará";"Municipal";"2021";8
"Social";"Educação";"Estabelecimentos de Creche por Dependência Administrativa";"Lago de Tucuruí";"Goianésia do Pará";"Municipal";"2022";14
"Social";"Educação";"Estabelecimentos de Creche por Dependência Administrativa";"Lago de Tucuruí";"Goianésia do Pará";"Municipal";"2023";15
"Social";"Educação";"Estabelecimentos de Creche por Dependência Administrativa";"Lago de Tucuruí";"Goianésia do Pará";"Municipal";"2024";16
"Social";"Educação";"Estabelecimentos de Creche por Dependência Administrativa";"Marajó";"Gurupá";"Municipal";"2019";6
"Social";"Educação";"Estabelecimentos de Creche por Dependência Administrativa";"Marajó";"Gurupá";"Municipal";"2020";7
"Social";"Educação";"Estabelecimentos de Creche por Dependência Administrativa";"Marajó";"Gurupá";"Municipal";"2021";4
"Social";"Educação";"Estabelecimentos de Creche por Dependência Administrativa";"Marajó";"Gurupá";"Municipal";"2022";4
"Social";"Educação";"Estabelecimentos de Creche por Dependência Administrativa";"Marajó";"Gurupá";"Municipal";"2023";58
"Social";"Educação";"Estabelecimentos de Creche por Dependência Administrativa";"Marajó";"Gurupá";"Municipal";"2024";57
"Social";"Educação";"Estabelecimentos de Creche por Dependência Administrativa";"Guamá";"Igarapé-Açu";"Municipal";"2019";7
"Social";"Educação";"Estabelecimentos de Creche por Dependência Administrativa";"Guamá";"Igarapé-Açu";"Municipal";"2020";8
"Social";"Educação";"Estabelecimentos de Creche por Dependência Administrativa";"Guamá";"Igarapé-Açu";"Municipal";"2021";7
"Social";"Educação";"Estabelecimentos de Creche por Dependência Administrativa";"Guamá";"Igarapé-Açu";"Municipal";"2022";10
"Social";"Educação";"Estabelecimentos de Creche por Dependência Administrativa";"Guamá";"Igarapé-Açu";"Municipal";"2023";9
"Social";"Educação";"Estabelecimentos de Creche por Dependência Administrativa";"Guamá";"Igarapé-Açu";"Municipal";"2024";8
"Social";"Educação";"Estabelecimentos de Creche por Dependência Administrativa";"Tocantins";"Igarapé-Miri";"Municipal";"2019";17
"Social";"Educação";"Estabelecimentos de Creche por Dependência Administrativa";"Tocantins";"Igarapé-Miri";"Municipal";"2020";17
"Social";"Educação";"Estabelecimentos de Creche por Dependência Administrativa";"Tocantins";"Igarapé-Miri";"Municipal";"2021";15
"Social";"Educação";"Estabelecimentos de Creche por Dependência Administrativa";"Tocantins";"Igarapé-Miri";"Municipal";"2022";12
"Social";"Educação";"Estabelecimentos de Creche por Dependência Administrativa";"Tocantins";"Igarapé-Miri";"Municipal";"2023";12
"Social";"Educação";"Estabelecimentos de Creche por Dependência Administrativa";"Tocantins";"Igarapé-Miri";"Municipal";"2024";10
"Social";"Educação";"Estabelecimentos de Creche por Dependência Administrativa";"Guamá";"Inhangapi";"Municipal";"2019";0
"Social";"Educação";"Estabelecimentos de Creche por Dependência Administrativa";"Guamá";"Inhangapi";"Municipal";"2020";0
"Social";"Educação";"Estabelecimentos de Creche por Dependência Administrativa";"Guamá";"Inhangapi";"Municipal";"2021";0
"Social";"Educação";"Estabelecimentos de Creche por Dependência Administrativa";"Guamá";"Inhangapi";"Municipal";"2022";0
"Social";"Educação";"Estabelecimentos de Creche por Dependência Administrativa";"Guamá";"Inhangapi";"Municipal";"2023";0
"Social";"Educação";"Estabelecimentos de Creche por Dependência Administrativa";"Guamá";"Inhangapi";"Municipal";"2024";0
"Social";"Educação";"Estabelecimentos de Creche por Dependência Administrativa";"Rio Capim";"Ipixuna do Pará";"Municipal";"2019";8
"Social";"Educação";"Estabelecimentos de Creche por Dependência Administrativa";"Rio Capim";"Ipixuna do Pará";"Municipal";"2020";2
"Social";"Educação";"Estabelecimentos de Creche por Dependência Administrativa";"Rio Capim";"Ipixuna do Pará";"Municipal";"2021";4
"Social";"Educação";"Estabelecimentos de Creche por Dependência Administrativa";"Rio Capim";"Ipixuna do Pará";"Municipal";"2022";39
"Social";"Educação";"Estabelecimentos de Creche por Dependência Administrativa";"Rio Capim";"Ipixuna do Pará";"Municipal";"2023";43
"Social";"Educação";"Estabelecimentos de Creche por Dependência Administrativa";"Rio Capim";"Ipixuna do Pará";"Municipal";"2024";48
"Social";"Educação";"Estabelecimentos de Creche por Dependência Administrativa";"Rio Capim";"Irituia";"Municipal";"2019";3
"Social";"Educação";"Estabelecimentos de Creche por Dependência Administrativa";"Rio Capim";"Irituia";"Municipal";"2020";0
"Social";"Educação";"Estabelecimentos de Creche por Dependência Administrativa";"Rio Capim";"Irituia";"Municipal";"2021";0
"Social";"Educação";"Estabelecimentos de Creche por Dependência Administrativa";"Rio Capim";"Irituia";"Municipal";"2022";7
"Social";"Educação";"Estabelecimentos de Creche por Dependência Administrativa";"Rio Capim";"Irituia";"Municipal";"2023";68
"Social";"Educação";"Estabelecimentos de Creche por Dependência Administrativa";"Rio Capim";"Irituia";"Municipal";"2024";71
"Social";"Educação";"Estabelecimentos de Creche por Dependência Administrativa";"Tapajós";"Itaituba";"Municipal";"2019";68
"Social";"Educação";"Estabelecimentos de Creche por Dependência Administrativa";"Tapajós";"Itaituba";"Municipal";"2020";69
"Social";"Educação";"Estabelecimentos de Creche por Dependência Administrativa";"Tapajós";"Itaituba";"Municipal";"2021";76
"Social";"Educação";"Estabelecimentos de Creche por Dependência Administrativa";"Tapajós";"Itaituba";"Municipal";"2022";74
"Social";"Educação";"Estabelecimentos de Creche por Dependência Administrativa";"Tapajós";"Itaituba";"Municipal";"2023";74
"Social";"Educação";"Estabelecimentos de Creche por Dependência Administrativa";"Tapajós";"Itaituba";"Municipal";"2024";81
"Social";"Educação";"Estabelecimentos de Creche por Dependência Administrativa";"Lago de Tucuruí";"Itupiranga";"Municipal";"2019";0
"Social";"Educação";"Estabelecimentos de Creche por Dependência Administrativa";"Lago de Tucuruí";"Itupiranga";"Municipal";"2020";0
"Social";"Educação";"Estabelecimentos de Creche por Dependência Administrativa";"Lago de Tucuruí";"Itupiranga";"Municipal";"2021";0
"Social";"Educação";"Estabelecimentos de Creche por Dependência Administrativa";"Lago de Tucuruí";"Itupiranga";"Municipal";"2022";0
"Social";"Educação";"Estabelecimentos de Creche por Dependência Administrativa";"Lago de Tucuruí";"Itupiranga";"Municipal";"2023";19
"Social";"Educação";"Estabelecimentos de Creche por Dependência Administrativa";"Lago de Tucuruí";"Itupiranga";"Municipal";"2024";24
"Social";"Educação";"Estabelecimentos de Creche por Dependência Administrativa";"Tapajós";"Jacareacanga";"Municipal";"2019";2
"Social";"Educação";"Estabelecimentos de Creche por Dependência Administrativa";"Tapajós";"Jacareacanga";"Municipal";"2020";2
"Social";"Educação";"Estabelecimentos de Creche por Dependência Administrativa";"Tapajós";"Jacareacanga";"Municipal";"2021";2
"Social";"Educação";"Estabelecimentos de Creche por Dependência Administrativa";"Tapajós";"Jacareacanga";"Municipal";"2022";2
"Social";"Educação";"Estabelecimentos de Creche por Dependência Administrativa";"Tapajós";"Jacareacanga";"Municipal";"2023";2
"Social";"Educação";"Estabelecimentos de Creche por Dependência Administrativa";"Tapajós";"Jacareacanga";"Municipal";"2024";2
"Social";"Educação";"Estabelecimentos de Creche por Dependência Administrativa";"Lago de Tucuruí";"Jacundá";"Municipal";"2019";9
"Social";"Educação";"Estabelecimentos de Creche por Dependência Administrativa";"Lago de Tucuruí";"Jacundá";"Municipal";"2020";10
"Social";"Educação";"Estabelecimentos de Creche por Dependência Administrativa";"Lago de Tucuruí";"Jacundá";"Municipal";"2021";11
"Social";"Educação";"Estabelecimentos de Creche por Dependência Administrativa";"Lago de Tucuruí";"Jacundá";"Municipal";"2022";12
"Social";"Educação";"Estabelecimentos de Creche por Dependência Administrativa";"Lago de Tucuruí";"Jacundá";"Municipal";"2023";13
"Social";"Educação";"Estabelecimentos de Creche por Dependência Administrativa";"Lago de Tucuruí";"Jacundá";"Municipal";"2024";9
"Social";"Educação";"Estabelecimentos de Creche por Dependência Administrativa";"Baixo Amazonas";"Juruti";"Municipal";"2019";62
"Social";"Educação";"Estabelecimentos de Creche por Dependência Administrativa";"Baixo Amazonas";"Juruti";"Municipal";"2020";55
"Social";"Educação";"Estabelecimentos de Creche por Dependência Administrativa";"Baixo Amazonas";"Juruti";"Municipal";"2021";56
"Social";"Educação";"Estabelecimentos de Creche por Dependência Administrativa";"Baixo Amazonas";"Juruti";"Municipal";"2022";53
"Social";"Educação";"Estabelecimentos de Creche por Dependência Administrativa";"Baixo Amazonas";"Juruti";"Municipal";"2023";54
"Social";"Educação";"Estabelecimentos de Creche por Dependência Administrativa";"Baixo Amazonas";"Juruti";"Municipal";"2024";56
"Social";"Educação";"Estabelecimentos de Creche por Dependência Administrativa";"Tocantins";"Limoeiro do Ajuru";"Municipal";"2019";5
"Social";"Educação";"Estabelecimentos de Creche por Dependência Administrativa";"Tocantins";"Limoeiro do Ajuru";"Municipal";"2020";2
"Social";"Educação";"Estabelecimentos de Creche por Dependência Administrativa";"Tocantins";"Limoeiro do Ajuru";"Municipal";"2021";27
"Social";"Educação";"Estabelecimentos de Creche por Dependência Administrativa";"Tocantins";"Limoeiro do Ajuru";"Municipal";"2022";39
"Social";"Educação";"Estabelecimentos de Creche por Dependência Administrativa";"Tocantins";"Limoeiro do Ajuru";"Municipal";"2023";29
"Social";"Educação";"Estabelecimentos de Creche por Dependência Administrativa";"Tocantins";"Limoeiro do Ajuru";"Municipal";"2024";28
"Social";"Educação";"Estabelecimentos de Creche por Dependência Administrativa";"Rio Capim";"Mãe do Rio";"Municipal";"2019";9
"Social";"Educação";"Estabelecimentos de Creche por Dependência Administrativa";"Rio Capim";"Mãe do Rio";"Municipal";"2020";13
"Social";"Educação";"Estabelecimentos de Creche por Dependência Administrativa";"Rio Capim";"Mãe do Rio";"Municipal";"2021";13
"Social";"Educação";"Estabelecimentos de Creche por Dependência Administrativa";"Rio Capim";"Mãe do Rio";"Municipal";"2022";17
"Social";"Educação";"Estabelecimentos de Creche por Dependência Administrativa";"Rio Capim";"Mãe do Rio";"Municipal";"2023";22
"Social";"Educação";"Estabelecimentos de Creche por Dependência Administrativa";"Rio Capim";"Mãe do Rio";"Municipal";"2024";24
"Social";"Educação";"Estabelecimentos de Creche por Dependência Administrativa";"Guamá";"Magalhães Barata";"Municipal";"2019";15
"Social";"Educação";"Estabelecimentos de Creche por Dependência Administrativa";"Guamá";"Magalhães Barata";"Municipal";"2020";13
"Social";"Educação";"Estabelecimentos de Creche por Dependência Administrativa";"Guamá";"Magalhães Barata";"Municipal";"2021";16
"Social";"Educação";"Estabelecimentos de Creche por Dependência Administrativa";"Guamá";"Magalhães Barata";"Municipal";"2022";17
"Social";"Educação";"Estabelecimentos de Creche por Dependência Administrativa";"Guamá";"Magalhães Barata";"Municipal";"2023";17
"Social";"Educação";"Estabelecimentos de Creche por Dependência Administrativa";"Guamá";"Magalhães Barata";"Municipal";"2024";17
"Social";"Educação";"Estabelecimentos de Creche por Dependência Administrativa";"Carajás";"Marabá";"Municipal";"2019";42
"Social";"Educação";"Estabelecimentos de Creche por Dependência Administrativa";"Carajás";"Marabá";"Municipal";"2020";39
"Social";"Educação";"Estabelecimentos de Creche por Dependência Administrativa";"Carajás";"Marabá";"Municipal";"2021";38
"Social";"Educação";"Estabelecimentos de Creche por Dependência Administrativa";"Carajás";"Marabá";"Municipal";"2022";41
"Social";"Educação";"Estabelecimentos de Creche por Dependência Administrativa";"Carajás";"Marabá";"Municipal";"2023";41
"Social";"Educação";"Estabelecimentos de Creche por Dependência Administrativa";"Carajás";"Marabá";"Municipal";"2024";42
"Social";"Educação";"Estabelecimentos de Creche por Dependência Administrativa";"Guamá";"Maracanã";"Municipal";"2019";38
"Social";"Educação";"Estabelecimentos de Creche por Dependência Administrativa";"Guamá";"Maracanã";"Municipal";"2020";32
"Social";"Educação";"Estabelecimentos de Creche por Dependência Administrativa";"Guamá";"Maracanã";"Municipal";"2021";46
"Social";"Educação";"Estabelecimentos de Creche por Dependência Administrativa";"Guamá";"Maracanã";"Municipal";"2022";60
"Social";"Educação";"Estabelecimentos de Creche por Dependência Administrativa";"Guamá";"Maracanã";"Municipal";"2023";67
"Social";"Educação";"Estabelecimentos de Creche por Dependência Administrativa";"Guamá";"Maracanã";"Municipal";"2024";66
"Social";"Educação";"Estabelecimentos de Creche por Dependência Administrativa";"Guamá";"Marapanim";"Municipal";"2019";13
"Social";"Educação";"Estabelecimentos de Creche por Dependência Administrativa";"Guamá";"Marapanim";"Municipal";"2020";20
"Social";"Educação";"Estabelecimentos de Creche por Dependência Administrativa";"Guamá";"Marapanim";"Municipal";"2021";23
"Social";"Educação";"Estabelecimentos de Creche por Dependência Administrativa";"Guamá";"Marapanim";"Municipal";"2022";29
"Social";"Educação";"Estabelecimentos de Creche por Dependência Administrativa";"Guamá";"Marapanim";"Municipal";"2023";34
"Social";"Educação";"Estabelecimentos de Creche por Dependência Administrativa";"Guamá";"Marapanim";"Municipal";"2024";32
"Social";"Educação";"Estabelecimentos de Creche por Dependência Administrativa";"Guajará";"Marituba";"Municipal";"2019";35
"Social";"Educação";"Estabelecimentos de Creche por Dependência Administrativa";"Guajará";"Marituba";"Municipal";"2020";34
"Social";"Educação";"Estabelecimentos de Creche por Dependência Administrativa";"Guajará";"Marituba";"Municipal";"2021";35
"Social";"Educação";"Estabelecimentos de Creche por Dependência Administrativa";"Guajará";"Marituba";"Municipal";"2022";30
"Social";"Educação";"Estabelecimentos de Creche por Dependência Administrativa";"Guajará";"Marituba";"Municipal";"2023";30
"Social";"Educação";"Estabelecimentos de Creche por Dependência Administrativa";"Guajará";"Marituba";"Municipal";"2024";30
"Social";"Educação";"Estabelecimentos de Creche por Dependência Administrativa";"Xingu";"Medicilândia";"Municipal";"2019";1
"Social";"Educação";"Estabelecimentos de Creche por Dependência Administrativa";"Xingu";"Medicilândia";"Municipal";"2020";1
"Social";"Educação";"Estabelecimentos de Creche por Dependência Administrativa";"Xingu";"Medicilândia";"Municipal";"2021";3
"Social";"Educação";"Estabelecimentos de Creche por Dependência Administrativa";"Xingu";"Medicilândia";"Municipal";"2022";4
"Social";"Educação";"Estabelecimentos de Creche por Dependência Administrativa";"Xingu";"Medicilândia";"Municipal";"2023";3
"Social";"Educação";"Estabelecimentos de Creche por Dependência Administrativa";"Xingu";"Medicilândia";"Municipal";"2024";1
"Social";"Educação";"Estabelecimentos de Creche por Dependência Administrativa";"Marajó";"Melgaço";"Municipal";"2019";1
"Social";"Educação";"Estabelecimentos de Creche por Dependência Administrativa";"Marajó";"Melgaço";"Municipal";"2020";1
"Social";"Educação";"Estabelecimentos de Creche por Dependência Administrativa";"Marajó";"Melgaço";"Municipal";"2021";1
"Social";"Educação";"Estabelecimentos de Creche por Dependência Administrativa";"Marajó";"Melgaço";"Municipal";"2022";1
"Social";"Educação";"Estabelecimentos de Creche por Dependência Administrativa";"Marajó";"Melgaço";"Municipal";"2023";1
"Social";"Educação";"Estabelecimentos de Creche por Dependência Administrativa";"Marajó";"Melgaço";"Municipal";"2024";1
"Social";"Educação";"Estabelecimentos de Creche por Dependência Administrativa";"Tocantins";"Mocajuba";"Municipal";"2019";42
"Social";"Educação";"Estabelecimentos de Creche por Dependência Administrativa";"Tocantins";"Mocajuba";"Municipal";"2020";38
"Social";"Educação";"Estabelecimentos de Creche por Dependência Administrativa";"Tocantins";"Mocajuba";"Municipal";"2021";39
"Social";"Educação";"Estabelecimentos de Creche por Dependência Administrativa";"Tocantins";"Mocajuba";"Municipal";"2022";37
"Social";"Educação";"Estabelecimentos de Creche por Dependência Administrativa";"Tocantins";"Mocajuba";"Municipal";"2023";41
"Social";"Educação";"Estabelecimentos de Creche por Dependência Administrativa";"Tocantins";"Mocajuba";"Municipal";"2024";39
"Social";"Educação";"Estabelecimentos de Creche por Dependência Administrativa";"Tocantins";"Moju";"Municipal";"2019";20
"Social";"Educação";"Estabelecimentos de Creche por Dependência Administrativa";"Tocantins";"Moju";"Municipal";"2020";19
"Social";"Educação";"Estabelecimentos de Creche por Dependência Administrativa";"Tocantins";"Moju";"Municipal";"2021";26
"Social";"Educação";"Estabelecimentos de Creche por Dependência Administrativa";"Tocantins";"Moju";"Municipal";"2022";40
"Social";"Educação";"Estabelecimentos de Creche por Dependência Administrativa";"Tocantins";"Moju";"Municipal";"2023";48
"Social";"Educação";"Estabelecimentos de Creche por Dependência Administrativa";"Tocantins";"Moju";"Municipal";"2024";69
"Social";"Educação";"Estabelecimentos de Creche por Dependência Administrativa";"Baixo Amazonas";"Mojuí dos campos";"Municipal";"2019";0
"Social";"Educação";"Estabelecimentos de Creche por Dependência Administrativa";"Baixo Amazonas";"Mojuí dos campos";"Municipal";"2020";0
"Social";"Educação";"Estabelecimentos de Creche por Dependência Administrativa";"Baixo Amazonas";"Mojuí dos campos";"Municipal";"2021";0
"Social";"Educação";"Estabelecimentos de Creche por Dependência Administrativa";"Baixo Amazonas";"Mojuí dos campos";"Municipal";"2022";0
"Social";"Educação";"Estabelecimentos de Creche por Dependência Administrativa";"Baixo Amazonas";"Mojuí dos campos";"Municipal";"2023";0
"Social";"Educação";"Estabelecimentos de Creche por Dependência Administrativa";"Baixo Amazonas";"Mojuí dos campos";"Municipal";"2024";0
"Social";"Educação";"Estabelecimentos de Creche por Dependência Administrativa";"Baixo Amazonas";"Monte Alegre";"Municipal";"2019";88
"Social";"Educação";"Estabelecimentos de Creche por Dependência Administrativa";"Baixo Amazonas";"Monte Alegre";"Municipal";"2020";90
"Social";"Educação";"Estabelecimentos de Creche por Dependência Administrativa";"Baixo Amazonas";"Monte Alegre";"Municipal";"2021";88
"Social";"Educação";"Estabelecimentos de Creche por Dependência Administrativa";"Baixo Amazonas";"Monte Alegre";"Municipal";"2022";86
"Social";"Educação";"Estabelecimentos de Creche por Dependência Administrativa";"Baixo Amazonas";"Monte Alegre";"Municipal";"2023";84
"Social";"Educação";"Estabelecimentos de Creche por Dependência Administrativa";"Baixo Amazonas";"Monte Alegre";"Municipal";"2024";88
"Social";"Educação";"Estabelecimentos de Creche por Dependência Administrativa";"Marajó";"Muaná";"Municipal";"2019";0
"Social";"Educação";"Estabelecimentos de Creche por Dependência Administrativa";"Marajó";"Muaná";"Municipal";"2020";0
"Social";"Educação";"Estabelecimentos de Creche por Dependência Administrativa";"Marajó";"Muaná";"Municipal";"2021";0
"Social";"Educação";"Estabelecimentos de Creche por Dependência Administrativa";"Marajó";"Muaná";"Municipal";"2022";2
"Social";"Educação";"Estabelecimentos de Creche por Dependência Administrativa";"Marajó";"Muaná";"Municipal";"2023";2
"Social";"Educação";"Estabelecimentos de Creche por Dependência Administrativa";"Marajó";"Muaná";"Municipal";"2024";3
"Social";"Educação";"Estabelecimentos de Creche por Dependência Administrativa";"Rio Capim";"Nova Esperança do Piriá";"Municipal";"2019";2
"Social";"Educação";"Estabelecimentos de Creche por Dependência Administrativa";"Rio Capim";"Nova Esperança do Piriá";"Municipal";"2020";4
"Social";"Educação";"Estabelecimentos de Creche por Dependência Administrativa";"Rio Capim";"Nova Esperança do Piriá";"Municipal";"2021";4
"Social";"Educação";"Estabelecimentos de Creche por Dependência Administrativa";"Rio Capim";"Nova Esperança do Piriá";"Municipal";"2022";8
"Social";"Educação";"Estabelecimentos de Creche por Dependência Administrativa";"Rio Capim";"Nova Esperança do Piriá";"Municipal";"2023";14
"Social";"Educação";"Estabelecimentos de Creche por Dependência Administrativa";"Rio Capim";"Nova Esperança do Piriá";"Municipal";"2024";11
"Social";"Educação";"Estabelecimentos de Creche por Dependência Administrativa";"Lago de Tucuruí";"Nova Ipixuna";"Municipal";"2019";7
"Social";"Educação";"Estabelecimentos de Creche por Dependência Administrativa";"Lago de Tucuruí";"Nova Ipixuna";"Municipal";"2020";5
"Social";"Educação";"Estabelecimentos de Creche por Dependência Administrativa";"Lago de Tucuruí";"Nova Ipixuna";"Municipal";"2021";5
"Social";"Educação";"Estabelecimentos de Creche por Dependência Administrativa";"Lago de Tucuruí";"Nova Ipixuna";"Municipal";"2022";9
"Social";"Educação";"Estabelecimentos de Creche por Dependência Administrativa";"Lago de Tucuruí";"Nova Ipixuna";"Municipal";"2023";11
"Social";"Educação";"Estabelecimentos de Creche por Dependência Administrativa";"Lago de Tucuruí";"Nova Ipixuna";"Municipal";"2024";12
"Social";"Educação";"Estabelecimentos de Creche por Dependência Administrativa";"Rio Caeté";"Nova Timboteua";"Municipal";"2019";15
"Social";"Educação";"Estabelecimentos de Creche por Dependência Administrativa";"Rio Caeté";"Nova Timboteua";"Municipal";"2020";16
"Social";"Educação";"Estabelecimentos de Creche por Dependência Administrativa";"Rio Caeté";"Nova Timboteua";"Municipal";"2021";14
"Social";"Educação";"Estabelecimentos de Creche por Dependência Administrativa";"Rio Caeté";"Nova Timboteua";"Municipal";"2022";15
"Social";"Educação";"Estabelecimentos de Creche por Dependência Administrativa";"Rio Caeté";"Nova Timboteua";"Municipal";"2023";15
"Social";"Educação";"Estabelecimentos de Creche por Dependência Administrativa";"Rio Caeté";"Nova Timboteua";"Municipal";"2024";15
"Social";"Educação";"Estabelecimentos de Creche por Dependência Administrativa";"Tapajós";"Novo Progresso";"Municipal";"2019";6
"Social";"Educação";"Estabelecimentos de Creche por Dependência Administrativa";"Tapajós";"Novo Progresso";"Municipal";"2020";6
"Social";"Educação";"Estabelecimentos de Creche por Dependência Administrativa";"Tapajós";"Novo Progresso";"Municipal";"2021";6
"Social";"Educação";"Estabelecimentos de Creche por Dependência Administrativa";"Tapajós";"Novo Progresso";"Municipal";"2022";6
"Social";"Educação";"Estabelecimentos de Creche por Dependência Administrativa";"Tapajós";"Novo Progresso";"Municipal";"2023";7
"Social";"Educação";"Estabelecimentos de Creche por Dependência Administrativa";"Tapajós";"Novo Progresso";"Municipal";"2024";7
"Social";"Educação";"Estabelecimentos de Creche por Dependência Administrativa";"Lago de Tucuruí";"Novo Repartimento";"Municipal";"2019";18
"Social";"Educação";"Estabelecimentos de Creche por Dependência Administrativa";"Lago de Tucuruí";"Novo Repartimento";"Municipal";"2020";20
"Social";"Educação";"Estabelecimentos de Creche por Dependência Administrativa";"Lago de Tucuruí";"Novo Repartimento";"Municipal";"2021";19
"Social";"Educação";"Estabelecimentos de Creche por Dependência Administrativa";"Lago de Tucuruí";"Novo Repartimento";"Municipal";"2022";18
"Social";"Educação";"Estabelecimentos de Creche por Dependência Administrativa";"Lago de Tucuruí";"Novo Repartimento";"Municipal";"2023";22
"Social";"Educação";"Estabelecimentos de Creche por Dependência Administrativa";"Lago de Tucuruí";"Novo Repartimento";"Municipal";"2024";13
"Social";"Educação";"Estabelecimentos de Creche por Dependência Administrativa";"Baixo Amazonas";"Óbidos";"Municipal";"2019";2
"Social";"Educação";"Estabelecimentos de Creche por Dependência Administrativa";"Baixo Amazonas";"Óbidos";"Municipal";"2020";6
"Social";"Educação";"Estabelecimentos de Creche por Dependência Administrativa";"Baixo Amazonas";"Óbidos";"Municipal";"2021";8
"Social";"Educação";"Estabelecimentos de Creche por Dependência Administrativa";"Baixo Amazonas";"Óbidos";"Municipal";"2022";9
"Social";"Educação";"Estabelecimentos de Creche por Dependência Administrativa";"Baixo Amazonas";"Óbidos";"Municipal";"2023";10
"Social";"Educação";"Estabelecimentos de Creche por Dependência Administrativa";"Baixo Amazonas";"Óbidos";"Municipal";"2024";14
"Social";"Educação";"Estabelecimentos de Creche por Dependência Administrativa";"Marajó";"Oeiras do Pará";"Municipal";"2019";7
"Social";"Educação";"Estabelecimentos de Creche por Dependência Administrativa";"Marajó";"Oeiras do Pará";"Municipal";"2020";17
"Social";"Educação";"Estabelecimentos de Creche por Dependência Administrativa";"Marajó";"Oeiras do Pará";"Municipal";"2021";25
"Social";"Educação";"Estabelecimentos de Creche por Dependência Administrativa";"Marajó";"Oeiras do Pará";"Municipal";"2022";27
"Social";"Educação";"Estabelecimentos de Creche por Dependência Administrativa";"Marajó";"Oeiras do Pará";"Municipal";"2023";28
"Social";"Educação";"Estabelecimentos de Creche por Dependência Administrativa";"Marajó";"Oeiras do Pará";"Municipal";"2024";32
"Social";"Educação";"Estabelecimentos de Creche por Dependência Administrativa";"Baixo Amazonas";"Oriximiná";"Municipal";"2019";37
"Social";"Educação";"Estabelecimentos de Creche por Dependência Administrativa";"Baixo Amazonas";"Oriximiná";"Municipal";"2020";44
"Social";"Educação";"Estabelecimentos de Creche por Dependência Administrativa";"Baixo Amazonas";"Oriximiná";"Municipal";"2021";43
"Social";"Educação";"Estabelecimentos de Creche por Dependência Administrativa";"Baixo Amazonas";"Oriximiná";"Municipal";"2022";49
"Social";"Educação";"Estabelecimentos de Creche por Dependência Administrativa";"Baixo Amazonas";"Oriximiná";"Municipal";"2023";51
"Social";"Educação";"Estabelecimentos de Creche por Dependência Administrativa";"Baixo Amazonas";"Oriximiná";"Municipal";"2024";55
"Social";"Educação";"Estabelecimentos de Creche por Dependência Administrativa";"Rio Capim";"Ourém";"Municipal";"2019";11
"Social";"Educação";"Estabelecimentos de Creche por Dependência Administrativa";"Rio Capim";"Ourém";"Municipal";"2020";13
"Social";"Educação";"Estabelecimentos de Creche por Dependência Administrativa";"Rio Capim";"Ourém";"Municipal";"2021";13
"Social";"Educação";"Estabelecimentos de Creche por Dependência Administrativa";"Rio Capim";"Ourém";"Municipal";"2022";14
"Social";"Educação";"Estabelecimentos de Creche por Dependência Administrativa";"Rio Capim";"Ourém";"Municipal";"2023";16
"Social";"Educação";"Estabelecimentos de Creche por Dependência Administrativa";"Rio Capim";"Ourém";"Municipal";"2024";17
"Social";"Educação";"Estabelecimentos de Creche por Dependência Administrativa";"Araguaia";"Ourilândia do Norte";"Municipal";"2019";8
"Social";"Educação";"Estabelecimentos de Creche por Dependência Administrativa";"Araguaia";"Ourilândia do Norte";"Municipal";"2020";7
"Social";"Educação";"Estabelecimentos de Creche por Dependência Administrativa";"Araguaia";"Ourilândia do Norte";"Municipal";"2021";7
"Social";"Educação";"Estabelecimentos de Creche por Dependência Administrativa";"Araguaia";"Ourilândia do Norte";"Municipal";"2022";9
"Social";"Educação";"Estabelecimentos de Creche por Dependência Administrativa";"Araguaia";"Ourilândia do Norte";"Municipal";"2023";8
"Social";"Educação";"Estabelecimentos de Creche por Dependência Administrativa";"Araguaia";"Ourilândia do Norte";"Municipal";"2024";7
"Social";"Educação";"Estabelecimentos de Creche por Dependência Administrativa";"Xingu";"Pacajá";"Municipal";"2019";5
"Social";"Educação";"Estabelecimentos de Creche por Dependência Administrativa";"Xingu";"Pacajá";"Municipal";"2020";5
"Social";"Educação";"Estabelecimentos de Creche por Dependência Administrativa";"Xingu";"Pacajá";"Municipal";"2021";5
"Social";"Educação";"Estabelecimentos de Creche por Dependência Administrativa";"Xingu";"Pacajá";"Municipal";"2022";7
"Social";"Educação";"Estabelecimentos de Creche por Dependência Administrativa";"Xingu";"Pacajá";"Municipal";"2023";26
"Social";"Educação";"Estabelecimentos de Creche por Dependência Administrativa";"Xingu";"Pacajá";"Municipal";"2024";39
"Social";"Educação";"Estabelecimentos de Creche por Dependência Administrativa";"Carajás";"Palestina do Pará";"Municipal";"2019";5
"Social";"Educação";"Estabelecimentos de Creche por Dependência Administrativa";"Carajás";"Palestina do Pará";"Municipal";"2020";3
"Social";"Educação";"Estabelecimentos de Creche por Dependência Administrativa";"Carajás";"Palestina do Pará";"Municipal";"2021";6
"Social";"Educação";"Estabelecimentos de Creche por Dependência Administrativa";"Carajás";"Palestina do Pará";"Municipal";"2022";6
"Social";"Educação";"Estabelecimentos de Creche por Dependência Administrativa";"Carajás";"Palestina do Pará";"Municipal";"2023";6
"Social";"Educação";"Estabelecimentos de Creche por Dependência Administrativa";"Carajás";"Palestina do Pará";"Municipal";"2024";6
"Social";"Educação";"Estabelecimentos de Creche por Dependência Administrativa";"Rio Capim";"Paragominas";"Municipal";"2019";23
"Social";"Educação";"Estabelecimentos de Creche por Dependência Administrativa";"Rio Capim";"Paragominas";"Municipal";"2020";29
"Social";"Educação";"Estabelecimentos de Creche por Dependência Administrativa";"Rio Capim";"Paragominas";"Municipal";"2021";32
"Social";"Educação";"Estabelecimentos de Creche por Dependência Administrativa";"Rio Capim";"Paragominas";"Municipal";"2022";37
"Social";"Educação";"Estabelecimentos de Creche por Dependência Administrativa";"Rio Capim";"Paragominas";"Municipal";"2023";30
"Social";"Educação";"Estabelecimentos de Creche por Dependência Administrativa";"Rio Capim";"Paragominas";"Municipal";"2024";21
"Social";"Educação";"Estabelecimentos de Creche por Dependência Administrativa";"Carajás";"Parauapebas";"Municipal";"2019";19
"Social";"Educação";"Estabelecimentos de Creche por Dependência Administrativa";"Carajás";"Parauapebas";"Municipal";"2020";19
"Social";"Educação";"Estabelecimentos de Creche por Dependência Administrativa";"Carajás";"Parauapebas";"Municipal";"2021";18
"Social";"Educação";"Estabelecimentos de Creche por Dependência Administrativa";"Carajás";"Parauapebas";"Municipal";"2022";20
"Social";"Educação";"Estabelecimentos de Creche por Dependência Administrativa";"Carajás";"Parauapebas";"Municipal";"2023";20
"Social";"Educação";"Estabelecimentos de Creche por Dependência Administrativa";"Carajás";"Parauapebas";"Municipal";"2024";21
"Social";"Educação";"Estabelecimentos de Creche por Dependência Administrativa";"Araguaia";"Pau D'Arco";"Municipal";"2019";1
"Social";"Educação";"Estabelecimentos de Creche por Dependência Administrativa";"Araguaia";"Pau D'Arco";"Municipal";"2020";1
"Social";"Educação";"Estabelecimentos de Creche por Dependência Administrativa";"Araguaia";"Pau D'Arco";"Municipal";"2021";1
"Social";"Educação";"Estabelecimentos de Creche por Dependência Administrativa";"Araguaia";"Pau D'Arco";"Municipal";"2022";1
"Social";"Educação";"Estabelecimentos de Creche por Dependência Administrativa";"Araguaia";"Pau D'Arco";"Municipal";"2023";1
"Social";"Educação";"Estabelecimentos de Creche por Dependência Administrativa";"Araguaia";"Pau D'Arco";"Municipal";"2024";1
"Social";"Educação";"Estabelecimentos de Creche por Dependência Administrativa";"Rio Caeté";"Peixe-Boi";"Municipal";"2019";7
"Social";"Educação";"Estabelecimentos de Creche por Dependência Administrativa";"Rio Caeté";"Peixe-Boi";"Municipal";"2020";8
"Social";"Educação";"Estabelecimentos de Creche por Dependência Administrativa";"Rio Caeté";"Peixe-Boi";"Municipal";"2021";8
"Social";"Educação";"Estabelecimentos de Creche por Dependência Administrativa";"Rio Caeté";"Peixe-Boi";"Municipal";"2022";8
"Social";"Educação";"Estabelecimentos de Creche por Dependência Administrativa";"Rio Caeté";"Peixe-Boi";"Municipal";"2023";8
"Social";"Educação";"Estabelecimentos de Creche por Dependência Administrativa";"Rio Caeté";"Peixe-Boi";"Municipal";"2024";8
"Social";"Educação";"Estabelecimentos de Creche por Dependência Administrativa";"Carajás";"Piçarra";"Municipal";"2019";6
"Social";"Educação";"Estabelecimentos de Creche por Dependência Administrativa";"Carajás";"Piçarra";"Municipal";"2020";5
"Social";"Educação";"Estabelecimentos de Creche por Dependência Administrativa";"Carajás";"Piçarra";"Municipal";"2021";6
"Social";"Educação";"Estabelecimentos de Creche por Dependência Administrativa";"Carajás";"Piçarra";"Municipal";"2022";5
"Social";"Educação";"Estabelecimentos de Creche por Dependência Administrativa";"Carajás";"Piçarra";"Municipal";"2023";6
"Social";"Educação";"Estabelecimentos de Creche por Dependência Administrativa";"Carajás";"Piçarra";"Municipal";"2024";5
"Social";"Educação";"Estabelecimentos de Creche por Dependência Administrativa";"Xingu";"Placas";"Municipal";"2019";4
"Social";"Educação";"Estabelecimentos de Creche por Dependência Administrativa";"Xingu";"Placas";"Municipal";"2020";4
"Social";"Educação";"Estabelecimentos de Creche por Dependência Administrativa";"Xingu";"Placas";"Municipal";"2021";4
"Social";"Educação";"Estabelecimentos de Creche por Dependência Administrativa";"Xingu";"Placas";"Municipal";"2022";10
"Social";"Educação";"Estabelecimentos de Creche por Dependência Administrativa";"Xingu";"Placas";"Municipal";"2023";17
"Social";"Educação";"Estabelecimentos de Creche por Dependência Administrativa";"Xingu";"Placas";"Municipal";"2024";25
"Social";"Educação";"Estabelecimentos de Creche por Dependência Administrativa";"Marajó";"Ponta de Pedras";"Municipal";"2019";1
"Social";"Educação";"Estabelecimentos de Creche por Dependência Administrativa";"Marajó";"Ponta de Pedras";"Municipal";"2020";1
"Social";"Educação";"Estabelecimentos de Creche por Dependência Administrativa";"Marajó";"Ponta de Pedras";"Municipal";"2021";1
"Social";"Educação";"Estabelecimentos de Creche por Dependência Administrativa";"Marajó";"Ponta de Pedras";"Municipal";"2022";1
"Social";"Educação";"Estabelecimentos de Creche por Dependência Administrativa";"Marajó";"Ponta de Pedras";"Municipal";"2023";2
"Social";"Educação";"Estabelecimentos de Creche por Dependência Administrativa";"Marajó";"Ponta de Pedras";"Municipal";"2024";2
"Social";"Educação";"Estabelecimentos de Creche por Dependência Administrativa";"Marajó";"Portel";"Municipal";"2019";5
"Social";"Educação";"Estabelecimentos de Creche por Dependência Administrativa";"Marajó";"Portel";"Municipal";"2020";5
"Social";"Educação";"Estabelecimentos de Creche por Dependência Administrativa";"Marajó";"Portel";"Municipal";"2021";6
"Social";"Educação";"Estabelecimentos de Creche por Dependência Administrativa";"Marajó";"Portel";"Municipal";"2022";6
"Social";"Educação";"Estabelecimentos de Creche por Dependência Administrativa";"Marajó";"Portel";"Municipal";"2023";6
"Social";"Educação";"Estabelecimentos de Creche por Dependência Administrativa";"Marajó";"Portel";"Municipal";"2024";6
"Social";"Educação";"Estabelecimentos de Creche por Dependência Administrativa";"Xingu";"Porto de Moz";"Municipal";"2019";1
"Social";"Educação";"Estabelecimentos de Creche por Dependência Administrativa";"Xingu";"Porto de Moz";"Municipal";"2020";1
"Social";"Educação";"Estabelecimentos de Creche por Dependência Administrativa";"Xingu";"Porto de Moz";"Municipal";"2021";2
"Social";"Educação";"Estabelecimentos de Creche por Dependência Administrativa";"Xingu";"Porto de Moz";"Municipal";"2022";3
"Social";"Educação";"Estabelecimentos de Creche por Dependência Administrativa";"Xingu";"Porto de Moz";"Municipal";"2023";3
"Social";"Educação";"Estabelecimentos de Creche por Dependência Administrativa";"Xingu";"Porto de Moz";"Municipal";"2024";3
"Social";"Educação";"Estabelecimentos de Creche por Dependência Administrativa";"Baixo Amazonas";"Prainha";"Municipal";"2019";24
"Social";"Educação";"Estabelecimentos de Creche por Dependência Administrativa";"Baixo Amazonas";"Prainha";"Municipal";"2020";23
"Social";"Educação";"Estabelecimentos de Creche por Dependência Administrativa";"Baixo Amazonas";"Prainha";"Municipal";"2021";51
"Social";"Educação";"Estabelecimentos de Creche por Dependência Administrativa";"Baixo Amazonas";"Prainha";"Municipal";"2022";32
"Social";"Educação";"Estabelecimentos de Creche por Dependência Administrativa";"Baixo Amazonas";"Prainha";"Municipal";"2023";37
"Social";"Educação";"Estabelecimentos de Creche por Dependência Administrativa";"Baixo Amazonas";"Prainha";"Municipal";"2024";35
"Social";"Educação";"Estabelecimentos de Creche por Dependência Administrativa";"Rio Caeté";"Primavera";"Municipal";"2019";3
"Social";"Educação";"Estabelecimentos de Creche por Dependência Administrativa";"Rio Caeté";"Primavera";"Municipal";"2020";4
"Social";"Educação";"Estabelecimentos de Creche por Dependência Administrativa";"Rio Caeté";"Primavera";"Municipal";"2021";5
"Social";"Educação";"Estabelecimentos de Creche por Dependência Administrativa";"Rio Caeté";"Primavera";"Municipal";"2022";5
"Social";"Educação";"Estabelecimentos de Creche por Dependência Administrativa";"Rio Caeté";"Primavera";"Municipal";"2023";4
"Social";"Educação";"Estabelecimentos de Creche por Dependência Administrativa";"Rio Caeté";"Primavera";"Municipal";"2024";5
"Social";"Educação";"Estabelecimentos de Creche por Dependência Administrativa";"Rio Caeté";"Quatipuru";"Municipal";"2019";6
"Social";"Educação";"Estabelecimentos de Creche por Dependência Administrativa";"Rio Caeté";"Quatipuru";"Municipal";"2020";6
"Social";"Educação";"Estabelecimentos de Creche por Dependência Administrativa";"Rio Caeté";"Quatipuru";"Municipal";"2021";7
"Social";"Educação";"Estabelecimentos de Creche por Dependência Administrativa";"Rio Caeté";"Quatipuru";"Municipal";"2022";7
"Social";"Educação";"Estabelecimentos de Creche por Dependência Administrativa";"Rio Caeté";"Quatipuru";"Municipal";"2023";8
"Social";"Educação";"Estabelecimentos de Creche por Dependência Administrativa";"Rio Caeté";"Quatipuru";"Municipal";"2024";9
"Social";"Educação";"Estabelecimentos de Creche por Dependência Administrativa";"Araguaia";"Redenção";"Municipal";"2019";10
"Social";"Educação";"Estabelecimentos de Creche por Dependência Administrativa";"Araguaia";"Redenção";"Municipal";"2020";9
"Social";"Educação";"Estabelecimentos de Creche por Dependência Administrativa";"Araguaia";"Redenção";"Municipal";"2021";9
"Social";"Educação";"Estabelecimentos de Creche por Dependência Administrativa";"Araguaia";"Redenção";"Municipal";"2022";9
"Social";"Educação";"Estabelecimentos de Creche por Dependência Administrativa";"Araguaia";"Redenção";"Municipal";"2023";10
"Social";"Educação";"Estabelecimentos de Creche por Dependência Administrativa";"Araguaia";"Redenção";"Municipal";"2024";10
"Social";"Educação";"Estabelecimentos de Creche por Dependência Administrativa";"Araguaia";"Rio Maria";"Municipal";"2019";1
"Social";"Educação";"Estabelecimentos de Creche por Dependência Administrativa";"Araguaia";"Rio Maria";"Municipal";"2020";1
"Social";"Educação";"Estabelecimentos de Creche por Dependência Administrativa";"Araguaia";"Rio Maria";"Municipal";"2021";2
"Social";"Educação";"Estabelecimentos de Creche por Dependência Administrativa";"Araguaia";"Rio Maria";"Municipal";"2022";2
"Social";"Educação";"Estabelecimentos de Creche por Dependência Administrativa";"Araguaia";"Rio Maria";"Municipal";"2023";2
"Social";"Educação";"Estabelecimentos de Creche por Dependência Administrativa";"Araguaia";"Rio Maria";"Municipal";"2024";2
"Social";"Educação";"Estabelecimentos de Creche por Dependência Administrativa";"Rio Capim";"Rondon do Pará";"Municipal";"2019";4
"Social";"Educação";"Estabelecimentos de Creche por Dependência Administrativa";"Rio Capim";"Rondon do Pará";"Municipal";"2020";4
"Social";"Educação";"Estabelecimentos de Creche por Dependência Administrativa";"Rio Capim";"Rondon do Pará";"Municipal";"2021";4
"Social";"Educação";"Estabelecimentos de Creche por Dependência Administrativa";"Rio Capim";"Rondon do Pará";"Municipal";"2022";5
"Social";"Educação";"Estabelecimentos de Creche por Dependência Administrativa";"Rio Capim";"Rondon do Pará";"Municipal";"2023";4
"Social";"Educação";"Estabelecimentos de Creche por Dependência Administrativa";"Rio Capim";"Rondon do Pará";"Municipal";"2024";6
"Social";"Educação";"Estabelecimentos de Creche por Dependência Administrativa";"Tapajós";"Rurópolis";"Municipal";"2019";34
"Social";"Educação";"Estabelecimentos de Creche por Dependência Administrativa";"Tapajós";"Rurópolis";"Municipal";"2020";34
"Social";"Educação";"Estabelecimentos de Creche por Dependência Administrativa";"Tapajós";"Rurópolis";"Municipal";"2021";35
"Social";"Educação";"Estabelecimentos de Creche por Dependência Administrativa";"Tapajós";"Rurópolis";"Municipal";"2022";37
"Social";"Educação";"Estabelecimentos de Creche por Dependência Administrativa";"Tapajós";"Rurópolis";"Municipal";"2023";44
"Social";"Educação";"Estabelecimentos de Creche por Dependência Administrativa";"Tapajós";"Rurópolis";"Municipal";"2024";41
"Social";"Educação";"Estabelecimentos de Creche por Dependência Administrativa";"Rio Caeté";"Salinópolis";"Municipal";"2019";21
"Social";"Educação";"Estabelecimentos de Creche por Dependência Administrativa";"Rio Caeté";"Salinópolis";"Municipal";"2020";22
"Social";"Educação";"Estabelecimentos de Creche por Dependência Administrativa";"Rio Caeté";"Salinópolis";"Municipal";"2021";23
"Social";"Educação";"Estabelecimentos de Creche por Dependência Administrativa";"Rio Caeté";"Salinópolis";"Municipal";"2022";23
"Social";"Educação";"Estabelecimentos de Creche por Dependência Administrativa";"Rio Caeté";"Salinópolis";"Municipal";"2023";22
"Social";"Educação";"Estabelecimentos de Creche por Dependência Administrativa";"Rio Caeté";"Salinópolis";"Municipal";"2024";22
"Social";"Educação";"Estabelecimentos de Creche por Dependência Administrativa";"Marajó";"Salvaterra";"Municipal";"2019";6
"Social";"Educação";"Estabelecimentos de Creche por Dependência Administrativa";"Marajó";"Salvaterra";"Municipal";"2020";8
"Social";"Educação";"Estabelecimentos de Creche por Dependência Administrativa";"Marajó";"Salvaterra";"Municipal";"2021";9
"Social";"Educação";"Estabelecimentos de Creche por Dependência Administrativa";"Marajó";"Salvaterra";"Municipal";"2022";13
"Social";"Educação";"Estabelecimentos de Creche por Dependência Administrativa";"Marajó";"Salvaterra";"Municipal";"2023";10
"Social";"Educação";"Estabelecimentos de Creche por Dependência Administrativa";"Marajó";"Salvaterra";"Municipal";"2024";16
"Social";"Educação";"Estabelecimentos de Creche por Dependência Administrativa";"Guajará";"Santa Bárbara do Pará";"Municipal";"2019";10
"Social";"Educação";"Estabelecimentos de Creche por Dependência Administrativa";"Guajará";"Santa Bárbara do Pará";"Municipal";"2020";9
"Social";"Educação";"Estabelecimentos de Creche por Dependência Administrativa";"Guajará";"Santa Bárbara do Pará";"Municipal";"2021";13
"Social";"Educação";"Estabelecimentos de Creche por Dependência Administrativa";"Guajará";"Santa Bárbara do Pará";"Municipal";"2022";12
"Social";"Educação";"Estabelecimentos de Creche por Dependência Administrativa";"Guajará";"Santa Bárbara do Pará";"Municipal";"2023";12
"Social";"Educação";"Estabelecimentos de Creche por Dependência Administrativa";"Guajará";"Santa Bárbara do Pará";"Municipal";"2024";13
"Social";"Educação";"Estabelecimentos de Creche por Dependência Administrativa";"Marajó";"Santa Cruz do Arari";"Municipal";"2019";3
"Social";"Educação";"Estabelecimentos de Creche por Dependência Administrativa";"Marajó";"Santa Cruz do Arari";"Municipal";"2020";3
"Social";"Educação";"Estabelecimentos de Creche por Dependência Administrativa";"Marajó";"Santa Cruz do Arari";"Municipal";"2021";3
"Social";"Educação";"Estabelecimentos de Creche por Dependência Administrativa";"Marajó";"Santa Cruz do Arari";"Municipal";"2022";3
"Social";"Educação";"Estabelecimentos de Creche por Dependência Administrativa";"Marajó";"Santa Cruz do Arari";"Municipal";"2023";3
"Social";"Educação";"Estabelecimentos de Creche por Dependência Administrativa";"Marajó";"Santa Cruz do Arari";"Municipal";"2024";3
"Social";"Educação";"Estabelecimentos de Creche por Dependência Administrativa";"Guamá";"Santa Izabel do Pará";"Municipal";"2019";30
"Social";"Educação";"Estabelecimentos de Creche por Dependência Administrativa";"Guamá";"Santa Izabel do Pará";"Municipal";"2020";31
"Social";"Educação";"Estabelecimentos de Creche por Dependência Administrativa";"Guamá";"Santa Izabel do Pará";"Municipal";"2021";32
"Social";"Educação";"Estabelecimentos de Creche por Dependência Administrativa";"Guamá";"Santa Izabel do Pará";"Municipal";"2022";31
"Social";"Educação";"Estabelecimentos de Creche por Dependência Administrativa";"Guamá";"Santa Izabel do Pará";"Municipal";"2023";33
"Social";"Educação";"Estabelecimentos de Creche por Dependência Administrativa";"Guamá";"Santa Izabel do Pará";"Municipal";"2024";33
"Social";"Educação";"Estabelecimentos de Creche por Dependência Administrativa";"Rio Caeté";"Santa Luzia do Pará";"Municipal";"2019";0
"Social";"Educação";"Estabelecimentos de Creche por Dependência Administrativa";"Rio Caeté";"Santa Luzia do Pará";"Municipal";"2020";0
"Social";"Educação";"Estabelecimentos de Creche por Dependência Administrativa";"Rio Caeté";"Santa Luzia do Pará";"Municipal";"2021";1
"Social";"Educação";"Estabelecimentos de Creche por Dependência Administrativa";"Rio Caeté";"Santa Luzia do Pará";"Municipal";"2022";1
"Social";"Educação";"Estabelecimentos de Creche por Dependência Administrativa";"Rio Caeté";"Santa Luzia do Pará";"Municipal";"2023";1
"Social";"Educação";"Estabelecimentos de Creche por Dependência Administrativa";"Rio Caeté";"Santa Luzia do Pará";"Municipal";"2024";1
"Social";"Educação";"Estabelecimentos de Creche por Dependência Administrativa";"Araguaia";"Santa Maria das Barreiras";"Municipal";"2019";5
"Social";"Educação";"Estabelecimentos de Creche por Dependência Administrativa";"Araguaia";"Santa Maria das Barreiras";"Municipal";"2020";5
"Social";"Educação";"Estabelecimentos de Creche por Dependência Administrativa";"Araguaia";"Santa Maria das Barreiras";"Municipal";"2021";2
"Social";"Educação";"Estabelecimentos de Creche por Dependência Administrativa";"Araguaia";"Santa Maria das Barreiras";"Municipal";"2022";11
"Social";"Educação";"Estabelecimentos de Creche por Dependência Administrativa";"Araguaia";"Santa Maria das Barreiras";"Municipal";"2023";7
"Social";"Educação";"Estabelecimentos de Creche por Dependência Administrativa";"Araguaia";"Santa Maria das Barreiras";"Municipal";"2024";9
"Social";"Educação";"Estabelecimentos de Creche por Dependência Administrativa";"Guamá";"Santa Maria do Pará";"Municipal";"2019";39
"Social";"Educação";"Estabelecimentos de Creche por Dependência Administrativa";"Guamá";"Santa Maria do Pará";"Municipal";"2020";39
"Social";"Educação";"Estabelecimentos de Creche por Dependência Administrativa";"Guamá";"Santa Maria do Pará";"Municipal";"2021";39
"Social";"Educação";"Estabelecimentos de Creche por Dependência Administrativa";"Guamá";"Santa Maria do Pará";"Municipal";"2022";36
"Social";"Educação";"Estabelecimentos de Creche por Dependência Administrativa";"Guamá";"Santa Maria do Pará";"Municipal";"2023";38
"Social";"Educação";"Estabelecimentos de Creche por Dependência Administrativa";"Guamá";"Santa Maria do Pará";"Municipal";"2024";36
"Social";"Educação";"Estabelecimentos de Creche por Dependência Administrativa";"Araguaia";"Santana do Araguaia";"Municipal";"2019";7
"Social";"Educação";"Estabelecimentos de Creche por Dependência Administrativa";"Araguaia";"Santana do Araguaia";"Municipal";"2020";7
"Social";"Educação";"Estabelecimentos de Creche por Dependência Administrativa";"Araguaia";"Santana do Araguaia";"Municipal";"2021";10
"Social";"Educação";"Estabelecimentos de Creche por Dependência Administrativa";"Araguaia";"Santana do Araguaia";"Municipal";"2022";12
"Social";"Educação";"Estabelecimentos de Creche por Dependência Administrativa";"Araguaia";"Santana do Araguaia";"Municipal";"2023";11
"Social";"Educação";"Estabelecimentos de Creche por Dependência Administrativa";"Araguaia";"Santana do Araguaia";"Municipal";"2024";11
"Social";"Educação";"Estabelecimentos de Creche por Dependência Administrativa";"Baixo Amazonas";"Santarém";"Municipal";"2019";33
"Social";"Educação";"Estabelecimentos de Creche por Dependência Administrativa";"Baixo Amazonas";"Santarém";"Municipal";"2020";34
"Social";"Educação";"Estabelecimentos de Creche por Dependência Administrativa";"Baixo Amazonas";"Santarém";"Municipal";"2021";37
"Social";"Educação";"Estabelecimentos de Creche por Dependência Administrativa";"Baixo Amazonas";"Santarém";"Municipal";"2022";40
"Social";"Educação";"Estabelecimentos de Creche por Dependência Administrativa";"Baixo Amazonas";"Santarém";"Municipal";"2023";43
"Social";"Educação";"Estabelecimentos de Creche por Dependência Administrativa";"Baixo Amazonas";"Santarém";"Municipal";"2024";46
"Social";"Educação";"Estabelecimentos de Creche por Dependência Administrativa";"Rio Caeté";"Santarém Novo";"Municipal";"2019";1
"Social";"Educação";"Estabelecimentos de Creche por Dependência Administrativa";"Rio Caeté";"Santarém Novo";"Municipal";"2020";1
"Social";"Educação";"Estabelecimentos de Creche por Dependência Administrativa";"Rio Caeté";"Santarém Novo";"Municipal";"2021";1
"Social";"Educação";"Estabelecimentos de Creche por Dependência Administrativa";"Rio Caeté";"Santarém Novo";"Municipal";"2022";2
"Social";"Educação";"Estabelecimentos de Creche por Dependência Administrativa";"Rio Caeté";"Santarém Novo";"Municipal";"2023";1
"Social";"Educação";"Estabelecimentos de Creche por Dependência Administrativa";"Rio Caeté";"Santarém Novo";"Municipal";"2024";1
"Social";"Educação";"Estabelecimentos de Creche por Dependência Administrativa";"Guamá";"Santo Antônio do Tauá";"Municipal";"2019";7
"Social";"Educação";"Estabelecimentos de Creche por Dependência Administrativa";"Guamá";"Santo Antônio do Tauá";"Municipal";"2020";5
"Social";"Educação";"Estabelecimentos de Creche por Dependência Administrativa";"Guamá";"Santo Antônio do Tauá";"Municipal";"2021";7
"Social";"Educação";"Estabelecimentos de Creche por Dependência Administrativa";"Guamá";"Santo Antônio do Tauá";"Municipal";"2022";5
"Social";"Educação";"Estabelecimentos de Creche por Dependência Administrativa";"Guamá";"Santo Antônio do Tauá";"Municipal";"2023";6
"Social";"Educação";"Estabelecimentos de Creche por Dependência Administrativa";"Guamá";"Santo Antônio do Tauá";"Municipal";"2024";8
"Social";"Educação";"Estabelecimentos de Creche por Dependência Administrativa";"Guamá";"São Caetano de Odivelas";"Municipal";"2019";24
"Social";"Educação";"Estabelecimentos de Creche por Dependência Administrativa";"Guamá";"São Caetano de Odivelas";"Municipal";"2020";29
"Social";"Educação";"Estabelecimentos de Creche por Dependência Administrativa";"Guamá";"São Caetano de Odivelas";"Municipal";"2021";22
"Social";"Educação";"Estabelecimentos de Creche por Dependência Administrativa";"Guamá";"São Caetano de Odivelas";"Municipal";"2022";25
"Social";"Educação";"Estabelecimentos de Creche por Dependência Administrativa";"Guamá";"São Caetano de Odivelas";"Municipal";"2023";28
"Social";"Educação";"Estabelecimentos de Creche por Dependência Administrativa";"Guamá";"São Caetano de Odivelas";"Municipal";"2024";26
"Social";"Educação";"Estabelecimentos de Creche por Dependência Administrativa";"Carajás";"São Domingos do Araguaia";"Municipal";"2019";20
"Social";"Educação";"Estabelecimentos de Creche por Dependência Administrativa";"Carajás";"São Domingos do Araguaia";"Municipal";"2020";16
"Social";"Educação";"Estabelecimentos de Creche por Dependência Administrativa";"Carajás";"São Domingos do Araguaia";"Municipal";"2021";14
"Social";"Educação";"Estabelecimentos de Creche por Dependência Administrativa";"Carajás";"São Domingos do Araguaia";"Municipal";"2022";24
"Social";"Educação";"Estabelecimentos de Creche por Dependência Administrativa";"Carajás";"São Domingos do Araguaia";"Municipal";"2023";21
"Social";"Educação";"Estabelecimentos de Creche por Dependência Administrativa";"Carajás";"São Domingos do Araguaia";"Municipal";"2024";20
"Social";"Educação";"Estabelecimentos de Creche por Dependência Administrativa";"Guamá";"São Domingos do Capim";"Municipal";"2019";41
"Social";"Educação";"Estabelecimentos de Creche por Dependência Administrativa";"Guamá";"São Domingos do Capim";"Municipal";"2020";45
"Social";"Educação";"Estabelecimentos de Creche por Dependência Administrativa";"Guamá";"São Domingos do Capim";"Municipal";"2021";51
"Social";"Educação";"Estabelecimentos de Creche por Dependência Administrativa";"Guamá";"São Domingos do Capim";"Municipal";"2022";69
"Social";"Educação";"Estabelecimentos de Creche por Dependência Administrativa";"Guamá";"São Domingos do Capim";"Municipal";"2023";70
"Social";"Educação";"Estabelecimentos de Creche por Dependência Administrativa";"Guamá";"São Domingos do Capim";"Municipal";"2024";67
"Social";"Educação";"Estabelecimentos de Creche por Dependência Administrativa";"Araguaia";"São Félix do Xingu";"Municipal";"2019";10
"Social";"Educação";"Estabelecimentos de Creche por Dependência Administrativa";"Araguaia";"São Félix do Xingu";"Municipal";"2020";9
"Social";"Educação";"Estabelecimentos de Creche por Dependência Administrativa";"Araguaia";"São Félix do Xingu";"Municipal";"2021";9
"Social";"Educação";"Estabelecimentos de Creche por Dependência Administrativa";"Araguaia";"São Félix do Xingu";"Municipal";"2022";10
"Social";"Educação";"Estabelecimentos de Creche por Dependência Administrativa";"Araguaia";"São Félix do Xingu";"Municipal";"2023";12
"Social";"Educação";"Estabelecimentos de Creche por Dependência Administrativa";"Araguaia";"São Félix do Xingu";"Municipal";"2024";15
"Social";"Educação";"Estabelecimentos de Creche por Dependência Administrativa";"Guamá";"São Francisco do Pará";"Municipal";"2019";0
"Social";"Educação";"Estabelecimentos de Creche por Dependência Administrativa";"Guamá";"São Francisco do Pará";"Municipal";"2020";0
"Social";"Educação";"Estabelecimentos de Creche por Dependência Administrativa";"Guamá";"São Francisco do Pará";"Municipal";"2021";0
"Social";"Educação";"Estabelecimentos de Creche por Dependência Administrativa";"Guamá";"São Francisco do Pará";"Municipal";"2022";0
"Social";"Educação";"Estabelecimentos de Creche por Dependência Administrativa";"Guamá";"São Francisco do Pará";"Municipal";"2023";0
"Social";"Educação";"Estabelecimentos de Creche por Dependência Administrativa";"Guamá";"São Francisco do Pará";"Municipal";"2024";0
"Social";"Educação";"Estabelecimentos de Creche por Dependência Administrativa";"Carajás";"São Geraldo do Araguaia";"Municipal";"2019";10
"Social";"Educação";"Estabelecimentos de Creche por Dependência Administrativa";"Carajás";"São Geraldo do Araguaia";"Municipal";"2020";8
"Social";"Educação";"Estabelecimentos de Creche por Dependência Administrativa";"Carajás";"São Geraldo do Araguaia";"Municipal";"2021";10
"Social";"Educação";"Estabelecimentos de Creche por Dependência Administrativa";"Carajás";"São Geraldo do Araguaia";"Municipal";"2022";9
"Social";"Educação";"Estabelecimentos de Creche por Dependência Administrativa";"Carajás";"São Geraldo do Araguaia";"Municipal";"2023";11
"Social";"Educação";"Estabelecimentos de Creche por Dependência Administrativa";"Carajás";"São Geraldo do Araguaia";"Municipal";"2024";15
"Social";"Educação";"Estabelecimentos de Creche por Dependência Administrativa";"Guamá";"São João da Ponta";"Municipal";"2019";10
"Social";"Educação";"Estabelecimentos de Creche por Dependência Administrativa";"Guamá";"São João da Ponta";"Municipal";"2020";10
"Social";"Educação";"Estabelecimentos de Creche por Dependência Administrativa";"Guamá";"São João da Ponta";"Municipal";"2021";5
"Social";"Educação";"Estabelecimentos de Creche por Dependência Administrativa";"Guamá";"São João da Ponta";"Municipal";"2022";11
"Social";"Educação";"Estabelecimentos de Creche por Dependência Administrativa";"Guamá";"São João da Ponta";"Municipal";"2023";11
"Social";"Educação";"Estabelecimentos de Creche por Dependência Administrativa";"Guamá";"São João da Ponta";"Municipal";"2024";11
"Social";"Educação";"Estabelecimentos de Creche por Dependência Administrativa";"Rio Caeté";"São João de Pirabas";"Municipal";"2019";2
"Social";"Educação";"Estabelecimentos de Creche por Dependência Administrativa";"Rio Caeté";"São João de Pirabas";"Municipal";"2020";0
"Social";"Educação";"Estabelecimentos de Creche por Dependência Administrativa";"Rio Caeté";"São João de Pirabas";"Municipal";"2021";0
"Social";"Educação";"Estabelecimentos de Creche por Dependência Administrativa";"Rio Caeté";"São João de Pirabas";"Municipal";"2022";0
"Social";"Educação";"Estabelecimentos de Creche por Dependência Administrativa";"Rio Caeté";"São João de Pirabas";"Municipal";"2023";0
"Social";"Educação";"Estabelecimentos de Creche por Dependência Administrativa";"Rio Caeté";"São João de Pirabas";"Municipal";"2024";0
"Social";"Educação";"Estabelecimentos de Creche por Dependência Administrativa";"Carajás";"São João do Araguaia";"Municipal";"2019";14
"Social";"Educação";"Estabelecimentos de Creche por Dependência Administrativa";"Carajás";"São João do Araguaia";"Municipal";"2020";16
"Social";"Educação";"Estabelecimentos de Creche por Dependência Administrativa";"Carajás";"São João do Araguaia";"Municipal";"2021";17
"Social";"Educação";"Estabelecimentos de Creche por Dependência Administrativa";"Carajás";"São João do Araguaia";"Municipal";"2022";16
"Social";"Educação";"Estabelecimentos de Creche por Dependência Administrativa";"Carajás";"São João do Araguaia";"Municipal";"2023";14
"Social";"Educação";"Estabelecimentos de Creche por Dependência Administrativa";"Carajás";"São João do Araguaia";"Municipal";"2024";17
"Social";"Educação";"Estabelecimentos de Creche por Dependência Administrativa";"Guamá";"São Miguel do Guamá";"Municipal";"2019";2
"Social";"Educação";"Estabelecimentos de Creche por Dependência Administrativa";"Guamá";"São Miguel do Guamá";"Municipal";"2020";4
"Social";"Educação";"Estabelecimentos de Creche por Dependência Administrativa";"Guamá";"São Miguel do Guamá";"Municipal";"2021";6
"Social";"Educação";"Estabelecimentos de Creche por Dependência Administrativa";"Guamá";"São Miguel do Guamá";"Municipal";"2022";12
"Social";"Educação";"Estabelecimentos de Creche por Dependência Administrativa";"Guamá";"São Miguel do Guamá";"Municipal";"2023";19
"Social";"Educação";"Estabelecimentos de Creche por Dependência Administrativa";"Guamá";"São Miguel do Guamá";"Municipal";"2024";18
"Social";"Educação";"Estabelecimentos de Creche por Dependência Administrativa";"Marajó";"São Sebastião da Boa Vista";"Municipal";"2019";1
"Social";"Educação";"Estabelecimentos de Creche por Dependência Administrativa";"Marajó";"São Sebastião da Boa Vista";"Municipal";"2020";1
"Social";"Educação";"Estabelecimentos de Creche por Dependência Administrativa";"Marajó";"São Sebastião da Boa Vista";"Municipal";"2021";1
"Social";"Educação";"Estabelecimentos de Creche por Dependência Administrativa";"Marajó";"São Sebastião da Boa Vista";"Municipal";"2022";1
"Social";"Educação";"Estabelecimentos de Creche por Dependência Administrativa";"Marajó";"São Sebastião da Boa Vista";"Municipal";"2023";24
"Social";"Educação";"Estabelecimentos de Creche por Dependência Administrativa";"Marajó";"São Sebastião da Boa Vista";"Municipal";"2024";27
"Social";"Educação";"Estabelecimentos de Creche por Dependência Administrativa";"Araguaia";"Sapucaia";"Municipal";"2019";1
"Social";"Educação";"Estabelecimentos de Creche por Dependência Administrativa";"Araguaia";"Sapucaia";"Municipal";"2020";1
"Social";"Educação";"Estabelecimentos de Creche por Dependência Administrativa";"Araguaia";"Sapucaia";"Municipal";"2021";1
"Social";"Educação";"Estabelecimentos de Creche por Dependência Administrativa";"Araguaia";"Sapucaia";"Municipal";"2022";1
"Social";"Educação";"Estabelecimentos de Creche por Dependência Administrativa";"Araguaia";"Sapucaia";"Municipal";"2023";1
"Social";"Educação";"Estabelecimentos de Creche por Dependência Administrativa";"Araguaia";"Sapucaia";"Municipal";"2024";1
"Social";"Educação";"Estabelecimentos de Creche por Dependência Administrativa";"Xingu";"Senador José Porfírio";"Municipal";"2019";1
"Social";"Educação";"Estabelecimentos de Creche por Dependência Administrativa";"Xingu";"Senador José Porfírio";"Municipal";"2020";1
"Social";"Educação";"Estabelecimentos de Creche por Dependência Administrativa";"Xingu";"Senador José Porfírio";"Municipal";"2021";2
"Social";"Educação";"Estabelecimentos de Creche por Dependência Administrativa";"Xingu";"Senador José Porfírio";"Municipal";"2022";3
"Social";"Educação";"Estabelecimentos de Creche por Dependência Administrativa";"Xingu";"Senador José Porfírio";"Municipal";"2023";7
"Social";"Educação";"Estabelecimentos de Creche por Dependência Administrativa";"Xingu";"Senador José Porfírio";"Municipal";"2024";6
"Social";"Educação";"Estabelecimentos de Creche por Dependência Administrativa";"Marajó";"Soure";"Municipal";"2019";9
"Social";"Educação";"Estabelecimentos de Creche por Dependência Administrativa";"Marajó";"Soure";"Municipal";"2020";9
"Social";"Educação";"Estabelecimentos de Creche por Dependência Administrativa";"Marajó";"Soure";"Municipal";"2021";10
"Social";"Educação";"Estabelecimentos de Creche por Dependência Administrativa";"Marajó";"Soure";"Municipal";"2022";10
"Social";"Educação";"Estabelecimentos de Creche por Dependência Administrativa";"Marajó";"Soure";"Municipal";"2023";14
"Social";"Educação";"Estabelecimentos de Creche por Dependência Administrativa";"Marajó";"Soure";"Municipal";"2024";13
"Social";"Educação";"Estabelecimentos de Creche por Dependência Administrativa";"Tocantins";"Tailândia";"Municipal";"2019";12
"Social";"Educação";"Estabelecimentos de Creche por Dependência Administrativa";"Tocantins";"Tailândia";"Municipal";"2020";11
"Social";"Educação";"Estabelecimentos de Creche por Dependência Administrativa";"Tocantins";"Tailândia";"Municipal";"2021";10
"Social";"Educação";"Estabelecimentos de Creche por Dependência Administrativa";"Tocantins";"Tailândia";"Municipal";"2022";12
"Social";"Educação";"Estabelecimentos de Creche por Dependência Administrativa";"Tocantins";"Tailândia";"Municipal";"2023";22
"Social";"Educação";"Estabelecimentos de Creche por Dependência Administrativa";"Tocantins";"Tailândia";"Municipal";"2024";26
"Social";"Educação";"Estabelecimentos de Creche por Dependência Administrativa";"Guamá";"Terra Alta";"Municipal";"2019";0
"Social";"Educação";"Estabelecimentos de Creche por Dependência Administrativa";"Guamá";"Terra Alta";"Municipal";"2020";0
"Social";"Educação";"Estabelecimentos de Creche por Dependência Administrativa";"Guamá";"Terra Alta";"Municipal";"2021";0
"Social";"Educação";"Estabelecimentos de Creche por Dependência Administrativa";"Guamá";"Terra Alta";"Municipal";"2022";1
"Social";"Educação";"Estabelecimentos de Creche por Dependência Administrativa";"Guamá";"Terra Alta";"Municipal";"2023";0
"Social";"Educação";"Estabelecimentos de Creche por Dependência Administrativa";"Guamá";"Terra Alta";"Municipal";"2024";4
"Social";"Educação";"Estabelecimentos de Creche por Dependência Administrativa";"Baixo Amazonas";"Terra Santa";"Municipal";"2019";10
"Social";"Educação";"Estabelecimentos de Creche por Dependência Administrativa";"Baixo Amazonas";"Terra Santa";"Municipal";"2020";11
"Social";"Educação";"Estabelecimentos de Creche por Dependência Administrativa";"Baixo Amazonas";"Terra Santa";"Municipal";"2021";11
"Social";"Educação";"Estabelecimentos de Creche por Dependência Administrativa";"Baixo Amazonas";"Terra Santa";"Municipal";"2022";13
"Social";"Educação";"Estabelecimentos de Creche por Dependência Administrativa";"Baixo Amazonas";"Terra Santa";"Municipal";"2023";12
"Social";"Educação";"Estabelecimentos de Creche por Dependência Administrativa";"Baixo Amazonas";"Terra Santa";"Municipal";"2024";13
"Social";"Educação";"Estabelecimentos de Creche por Dependência Administrativa";"Rio Capim";"Tomé-Açu";"Municipal";"2019";6
"Social";"Educação";"Estabelecimentos de Creche por Dependência Administrativa";"Rio Capim";"Tomé-Açu";"Municipal";"2020";9
"Social";"Educação";"Estabelecimentos de Creche por Dependência Administrativa";"Rio Capim";"Tomé-Açu";"Municipal";"2021";11
"Social";"Educação";"Estabelecimentos de Creche por Dependência Administrativa";"Rio Capim";"Tomé-Açu";"Municipal";"2022";17
"Social";"Educação";"Estabelecimentos de Creche por Dependência Administrativa";"Rio Capim";"Tomé-Açu";"Municipal";"2023";53
"Social";"Educação";"Estabelecimentos de Creche por Dependência Administrativa";"Rio Capim";"Tomé-Açu";"Municipal";"2024";63
"Social";"Educação";"Estabelecimentos de Creche por Dependência Administrativa";"Rio Caeté";"Tracuateua";"Municipal";"2019";1
"Social";"Educação";"Estabelecimentos de Creche por Dependência Administrativa";"Rio Caeté";"Tracuateua";"Municipal";"2020";1
"Social";"Educação";"Estabelecimentos de Creche por Dependência Administrativa";"Rio Caeté";"Tracuateua";"Municipal";"2021";2
"Social";"Educação";"Estabelecimentos de Creche por Dependência Administrativa";"Rio Caeté";"Tracuateua";"Municipal";"2022";4
"Social";"Educação";"Estabelecimentos de Creche por Dependência Administrativa";"Rio Caeté";"Tracuateua";"Municipal";"2023";3
"Social";"Educação";"Estabelecimentos de Creche por Dependência Administrativa";"Rio Caeté";"Tracuateua";"Municipal";"2024";3
"Social";"Educação";"Estabelecimentos de Creche por Dependência Administrativa";"Tapajós";"Trairão";"Municipal";"2019";2
"Social";"Educação";"Estabelecimentos de Creche por Dependência Administrativa";"Tapajós";"Trairão";"Municipal";"2020";2
"Social";"Educação";"Estabelecimentos de Creche por Dependência Administrativa";"Tapajós";"Trairão";"Municipal";"2021";3
"Social";"Educação";"Estabelecimentos de Creche por Dependência Administrativa";"Tapajós";"Trairão";"Municipal";"2022";3
"Social";"Educação";"Estabelecimentos de Creche por Dependência Administrativa";"Tapajós";"Trairão";"Municipal";"2023";3
"Social";"Educação";"Estabelecimentos de Creche por Dependência Administrativa";"Tapajós";"Trairão";"Municipal";"2024";3
"Social";"Educação";"Estabelecimentos de Creche por Dependência Administrativa";"Araguaia";"Tucumã";"Municipal";"2019";7
"Social";"Educação";"Estabelecimentos de Creche por Dependência Administrativa";"Araguaia";"Tucumã";"Municipal";"2020";7
"Social";"Educação";"Estabelecimentos de Creche por Dependência Administrativa";"Araguaia";"Tucumã";"Municipal";"2021";8
"Social";"Educação";"Estabelecimentos de Creche por Dependência Administrativa";"Araguaia";"Tucumã";"Municipal";"2022";9
"Social";"Educação";"Estabelecimentos de Creche por Dependência Administrativa";"Araguaia";"Tucumã";"Municipal";"2023";9
"Social";"Educação";"Estabelecimentos de Creche por Dependência Administrativa";"Araguaia";"Tucumã";"Municipal";"2024";9
"Social";"Educação";"Estabelecimentos de Creche por Dependência Administrativa";"Lago de Tucuruí";"Tucuruí";"Municipal";"2019";6
"Social";"Educação";"Estabelecimentos de Creche por Dependência Administrativa";"Lago de Tucuruí";"Tucuruí";"Municipal";"2020";12
"Social";"Educação";"Estabelecimentos de Creche por Dependência Administrativa";"Lago de Tucuruí";"Tucuruí";"Municipal";"2021";10
"Social";"Educação";"Estabelecimentos de Creche por Dependência Administrativa";"Lago de Tucuruí";"Tucuruí";"Municipal";"2022";5
"Social";"Educação";"Estabelecimentos de Creche por Dependência Administrativa";"Lago de Tucuruí";"Tucuruí";"Municipal";"2023";5
"Social";"Educação";"Estabelecimentos de Creche por Dependência Administrativa";"Lago de Tucuruí";"Tucuruí";"Municipal";"2024";11
"Social";"Educação";"Estabelecimentos de Creche por Dependência Administrativa";"Rio Capim";"Ulianópolis";"Municipal";"2019";5
"Social";"Educação";"Estabelecimentos de Creche por Dependência Administrativa";"Rio Capim";"Ulianópolis";"Municipal";"2020";7
"Social";"Educação";"Estabelecimentos de Creche por Dependência Administrativa";"Rio Capim";"Ulianópolis";"Municipal";"2021";10
"Social";"Educação";"Estabelecimentos de Creche por Dependência Administrativa";"Rio Capim";"Ulianópolis";"Municipal";"2022";13
"Social";"Educação";"Estabelecimentos de Creche por Dependência Administrativa";"Rio Capim";"Ulianópolis";"Municipal";"2023";13
"Social";"Educação";"Estabelecimentos de Creche por Dependência Administrativa";"Rio Capim";"Ulianópolis";"Municipal";"2024";15
"Social";"Educação";"Estabelecimentos de Creche por Dependência Administrativa";"Xingu";"Uruará";"Municipal";"2019";45
"Social";"Educação";"Estabelecimentos de Creche por Dependência Administrativa";"Xingu";"Uruará";"Municipal";"2020";27
"Social";"Educação";"Estabelecimentos de Creche por Dependência Administrativa";"Xingu";"Uruará";"Municipal";"2021";3
"Social";"Educação";"Estabelecimentos de Creche por Dependência Administrativa";"Xingu";"Uruará";"Municipal";"2022";4
"Social";"Educação";"Estabelecimentos de Creche por Dependência Administrativa";"Xingu";"Uruará";"Municipal";"2023";4
"Social";"Educação";"Estabelecimentos de Creche por Dependência Administrativa";"Xingu";"Uruará";"Municipal";"2024";4
"Social";"Educação";"Estabelecimentos de Creche por Dependência Administrativa";"Guamá";"Vigia";"Municipal";"2019";31
"Social";"Educação";"Estabelecimentos de Creche por Dependência Administrativa";"Guamá";"Vigia";"Municipal";"2020";33
"Social";"Educação";"Estabelecimentos de Creche por Dependência Administrativa";"Guamá";"Vigia";"Municipal";"2021";29
"Social";"Educação";"Estabelecimentos de Creche por Dependência Administrativa";"Guamá";"Vigia";"Municipal";"2022";29
"Social";"Educação";"Estabelecimentos de Creche por Dependência Administrativa";"Guamá";"Vigia";"Municipal";"2023";30
"Social";"Educação";"Estabelecimentos de Creche por Dependência Administrativa";"Guamá";"Vigia";"Municipal";"2024";30
"Social";"Educação";"Estabelecimentos de Creche por Dependência Administrativa";"Rio Caeté";"Viseu";"Municipal";"2019";87
"Social";"Educação";"Estabelecimentos de Creche por Dependência Administrativa";"Rio Caeté";"Viseu";"Municipal";"2020";73
"Social";"Educação";"Estabelecimentos de Creche por Dependência Administrativa";"Rio Caeté";"Viseu";"Municipal";"2021";82
"Social";"Educação";"Estabelecimentos de Creche por Dependência Administrativa";"Rio Caeté";"Viseu";"Municipal";"2022";84
"Social";"Educação";"Estabelecimentos de Creche por Dependência Administrativa";"Rio Caeté";"Viseu";"Municipal";"2023";91
"Social";"Educação";"Estabelecimentos de Creche por Dependência Administrativa";"Rio Caeté";"Viseu";"Municipal";"2024";90
"Social";"Educação";"Estabelecimentos de Creche por Dependência Administrativa";"Xingu";"Vitória do Xingu";"Municipal";"2019";1
"Social";"Educação";"Estabelecimentos de Creche por Dependência Administrativa";"Xingu";"Vitória do Xingu";"Municipal";"2020";1
"Social";"Educação";"Estabelecimentos de Creche por Dependência Administrativa";"Xingu";"Vitória do Xingu";"Municipal";"2021";1
"Social";"Educação";"Estabelecimentos de Creche por Dependência Administrativa";"Xingu";"Vitória do Xingu";"Municipal";"2022";1
"Social";"Educação";"Estabelecimentos de Creche por Dependência Administrativa";"Xingu";"Vitória do Xingu";"Municipal";"2023";1
"Social";"Educação";"Estabelecimentos de Creche por Dependência Administrativa";"Xingu";"Vitória do Xingu";"Municipal";"2024";1
"Social";"Educação";"Estabelecimentos de Creche por Dependência Administrativa";"Araguaia";"Xinguara";"Municipal";"2019";6
"Social";"Educação";"Estabelecimentos de Creche por Dependência Administrativa";"Araguaia";"Xinguara";"Municipal";"2020";7
"Social";"Educação";"Estabelecimentos de Creche por Dependência Administrativa";"Araguaia";"Xinguara";"Municipal";"2021";7
"Social";"Educação";"Estabelecimentos de Creche por Dependência Administrativa";"Araguaia";"Xinguara";"Municipal";"2022";7
"Social";"Educação";"Estabelecimentos de Creche por Dependência Administrativa";"Araguaia";"Xinguara";"Municipal";"2023";8
"Social";"Educação";"Estabelecimentos de Creche por Dependência Administrativa";"Araguaia";"Xinguara";"Municipal";"2024";8
"Social";"Educação";"Estabelecimentos de Creche por Dependência Administrativa";"Pará";"Pará";"Privada";"2019";388
"Social";"Educação";"Estabelecimentos de Creche por Dependência Administrativa";"Pará";"Pará";"Privada";"2020";394
"Social";"Educação";"Estabelecimentos de Creche por Dependência Administrativa";"Pará";"Pará";"Privada";"2021";375
"Social";"Educação";"Estabelecimentos de Creche por Dependência Administrativa";"Pará";"Pará";"Privada";"2022";410
"Social";"Educação";"Estabelecimentos de Creche por Dependência Administrativa";"Pará";"Pará";"Privada";"2023";415
"Social";"Educação";"Estabelecimentos de Creche por Dependência Administrativa";"Pará";"Pará";"Privada";"2024";437
"Social";"Educação";"Estabelecimentos de Creche por Dependência Administrativa";"Tocantins";"Abaetetuba";"Privada";"2019";3
"Social";"Educação";"Estabelecimentos de Creche por Dependência Administrativa";"Tocantins";"Abaetetuba";"Privada";"2020";4
"Social";"Educação";"Estabelecimentos de Creche por Dependência Administrativa";"Tocantins";"Abaetetuba";"Privada";"2021";5
"Social";"Educação";"Estabelecimentos de Creche por Dependência Administrativa";"Tocantins";"Abaetetuba";"Privada";"2022";3
"Social";"Educação";"Estabelecimentos de Creche por Dependência Administrativa";"Tocantins";"Abaetetuba";"Privada";"2023";3
"Social";"Educação";"Estabelecimentos de Creche por Dependência Administrativa";"Tocantins";"Abaetetuba";"Privada";"2024";3
"Social";"Educação";"Estabelecimentos de Creche por Dependência Administrativa";"Rio Capim";"Abel Figueiredo";"Privada";"2019";0
"Social";"Educação";"Estabelecimentos de Creche por Dependência Administrativa";"Rio Capim";"Abel Figueiredo";"Privada";"2020";0
"Social";"Educação";"Estabelecimentos de Creche por Dependência Administrativa";"Rio Capim";"Abel Figueiredo";"Privada";"2021";0
"Social";"Educação";"Estabelecimentos de Creche por Dependência Administrativa";"Rio Capim";"Abel Figueiredo";"Privada";"2022";0
"Social";"Educação";"Estabelecimentos de Creche por Dependência Administrativa";"Rio Capim";"Abel Figueiredo";"Privada";"2023";0
"Social";"Educação";"Estabelecimentos de Creche por Dependência Administrativa";"Rio Capim";"Abel Figueiredo";"Privada";"2024";0
"Social";"Educação";"Estabelecimentos de Creche por Dependência Administrativa";"Tocantins";"Acará";"Privada";"2019";0
"Social";"Educação";"Estabelecimentos de Creche por Dependência Administrativa";"Tocantins";"Acará";"Privada";"2020";0
"Social";"Educação";"Estabelecimentos de Creche por Dependência Administrativa";"Tocantins";"Acará";"Privada";"2021";0
"Social";"Educação";"Estabelecimentos de Creche por Dependência Administrativa";"Tocantins";"Acará";"Privada";"2022";0
"Social";"Educação";"Estabelecimentos de Creche por Dependência Administrativa";"Tocantins";"Acará";"Privada";"2023";0
"Social";"Educação";"Estabelecimentos de Creche por Dependência Administrativa";"Tocantins";"Acará";"Privada";"2024";0
"Social";"Educação";"Estabelecimentos de Creche por Dependência Administrativa";"Marajó";"Afuá";"Privada";"2019";0
"Social";"Educação";"Estabelecimentos de Creche por Dependência Administrativa";"Marajó";"Afuá";"Privada";"2020";0
"Social";"Educação";"Estabelecimentos de Creche por Dependência Administrativa";"Marajó";"Afuá";"Privada";"2021";0
"Social";"Educação";"Estabelecimentos de Creche por Dependência Administrativa";"Marajó";"Afuá";"Privada";"2022";0
"Social";"Educação";"Estabelecimentos de Creche por Dependência Administrativa";"Marajó";"Afuá";"Privada";"2023";0
"Social";"Educação";"Estabelecimentos de Creche por Dependência Administrativa";"Marajó";"Afuá";"Privada";"2024";0
"Social";"Educação";"Estabelecimentos de Creche por Dependência Administrativa";"Araguaia";"Água Azul do Norte";"Privada";"2019";1
"Social";"Educação";"Estabelecimentos de Creche por Dependência Administrativa";"Araguaia";"Água Azul do Norte";"Privada";"2020";1
"Social";"Educação";"Estabelecimentos de Creche por Dependência Administrativa";"Araguaia";"Água Azul do Norte";"Privada";"2021";1
"Social";"Educação";"Estabelecimentos de Creche por Dependência Administrativa";"Araguaia";"Água Azul do Norte";"Privada";"2022";1
"Social";"Educação";"Estabelecimentos de Creche por Dependência Administrativa";"Araguaia";"Água Azul do Norte";"Privada";"2023";1
"Social";"Educação";"Estabelecimentos de Creche por Dependência Administrativa";"Araguaia";"Água Azul do Norte";"Privada";"2024";1
"Social";"Educação";"Estabelecimentos de Creche por Dependência Administrativa";"Baixo Amazonas";"Alenquer";"Privada";"2019";3
"Social";"Educação";"Estabelecimentos de Creche por Dependência Administrativa";"Baixo Amazonas";"Alenquer";"Privada";"2020";3
"Social";"Educação";"Estabelecimentos de Creche por Dependência Administrativa";"Baixo Amazonas";"Alenquer";"Privada";"2021";3
"Social";"Educação";"Estabelecimentos de Creche por Dependência Administrativa";"Baixo Amazonas";"Alenquer";"Privada";"2022";4
"Social";"Educação";"Estabelecimentos de Creche por Dependência Administrativa";"Baixo Amazonas";"Alenquer";"Privada";"2023";4
"Social";"Educação";"Estabelecimentos de Creche por Dependência Administrativa";"Baixo Amazonas";"Alenquer";"Privada";"2024";3
"Social";"Educação";"Estabelecimentos de Creche por Dependência Administrativa";"Baixo Amazonas";"Almeirim";"Privada";"2019";2
"Social";"Educação";"Estabelecimentos de Creche por Dependência Administrativa";"Baixo Amazonas";"Almeirim";"Privada";"2020";1
"Social";"Educação";"Estabelecimentos de Creche por Dependência Administrativa";"Baixo Amazonas";"Almeirim";"Privada";"2021";2
"Social";"Educação";"Estabelecimentos de Creche por Dependência Administrativa";"Baixo Amazonas";"Almeirim";"Privada";"2022";1
"Social";"Educação";"Estabelecimentos de Creche por Dependência Administrativa";"Baixo Amazonas";"Almeirim";"Privada";"2023";1
"Social";"Educação";"Estabelecimentos de Creche por Dependência Administrativa";"Baixo Amazonas";"Almeirim";"Privada";"2024";0
"Social";"Educação";"Estabelecimentos de Creche por Dependência Administrativa";"Xingu";"Altamira";"Privada";"2019";4
"Social";"Educação";"Estabelecimentos de Creche por Dependência Administrativa";"Xingu";"Altamira";"Privada";"2020";4
"Social";"Educação";"Estabelecimentos de Creche por Dependência Administrativa";"Xingu";"Altamira";"Privada";"2021";4
"Social";"Educação";"Estabelecimentos de Creche por Dependência Administrativa";"Xingu";"Altamira";"Privada";"2022";5
"Social";"Educação";"Estabelecimentos de Creche por Dependência Administrativa";"Xingu";"Altamira";"Privada";"2023";7
"Social";"Educação";"Estabelecimentos de Creche por Dependência Administrativa";"Xingu";"Altamira";"Privada";"2024";6
"Social";"Educação";"Estabelecimentos de Creche por Dependência Administrativa";"Marajó";"Anajás";"Privada";"2019";0
"Social";"Educação";"Estabelecimentos de Creche por Dependência Administrativa";"Marajó";"Anajás";"Privada";"2020";0
"Social";"Educação";"Estabelecimentos de Creche por Dependência Administrativa";"Marajó";"Anajás";"Privada";"2021";0
"Social";"Educação";"Estabelecimentos de Creche por Dependência Administrativa";"Marajó";"Anajás";"Privada";"2022";0
"Social";"Educação";"Estabelecimentos de Creche por Dependência Administrativa";"Marajó";"Anajás";"Privada";"2023";0
"Social";"Educação";"Estabelecimentos de Creche por Dependência Administrativa";"Marajó";"Anajás";"Privada";"2024";0
"Social";"Educação";"Estabelecimentos de Creche por Dependência Administrativa";"Guajará";"Ananindeua";"Privada";"2019";30
"Social";"Educação";"Estabelecimentos de Creche por Dependência Administrativa";"Guajará";"Ananindeua";"Privada";"2020";30
"Social";"Educação";"Estabelecimentos de Creche por Dependência Administrativa";"Guajará";"Ananindeua";"Privada";"2021";30
"Social";"Educação";"Estabelecimentos de Creche por Dependência Administrativa";"Guajará";"Ananindeua";"Privada";"2022";35
"Social";"Educação";"Estabelecimentos de Creche por Dependência Administrativa";"Guajará";"Ananindeua";"Privada";"2023";36
"Social";"Educação";"Estabelecimentos de Creche por Dependência Administrativa";"Guajará";"Ananindeua";"Privada";"2024";38
"Social";"Educação";"Estabelecimentos de Creche por Dependência Administrativa";"Xingu";"Anapu";"Privada";"2019";1
"Social";"Educação";"Estabelecimentos de Creche por Dependência Administrativa";"Xingu";"Anapu";"Privada";"2020";1
"Social";"Educação";"Estabelecimentos de Creche por Dependência Administrativa";"Xingu";"Anapu";"Privada";"2021";1
"Social";"Educação";"Estabelecimentos de Creche por Dependência Administrativa";"Xingu";"Anapu";"Privada";"2022";1
"Social";"Educação";"Estabelecimentos de Creche por Dependência Administrativa";"Xingu";"Anapu";"Privada";"2023";1
"Social";"Educação";"Estabelecimentos de Creche por Dependência Administrativa";"Xingu";"Anapu";"Privada";"2024";1
"Social";"Educação";"Estabelecimentos de Creche por Dependência Administrativa";"Rio Caeté";"Augusto Corrêa";"Privada";"2019";2
"Social";"Educação";"Estabelecimentos de Creche por Dependência Administrativa";"Rio Caeté";"Augusto Corrêa";"Privada";"2020";2
"Social";"Educação";"Estabelecimentos de Creche por Dependência Administrativa";"Rio Caeté";"Augusto Corrêa";"Privada";"2021";2
"Social";"Educação";"Estabelecimentos de Creche por Dependência Administrativa";"Rio Caeté";"Augusto Corrêa";"Privada";"2022";0
"Social";"Educação";"Estabelecimentos de Creche por Dependência Administrativa";"Rio Caeté";"Augusto Corrêa";"Privada";"2023";0
"Social";"Educação";"Estabelecimentos de Creche por Dependência Administrativa";"Rio Caeté";"Augusto Corrêa";"Privada";"2024";1
"Social";"Educação";"Estabelecimentos de Creche por Dependência Administrativa";"Rio Capim";"Aurora do Pará";"Privada";"2019";0
"Social";"Educação";"Estabelecimentos de Creche por Dependência Administrativa";"Rio Capim";"Aurora do Pará";"Privada";"2020";0
"Social";"Educação";"Estabelecimentos de Creche por Dependência Administrativa";"Rio Capim";"Aurora do Pará";"Privada";"2021";0
"Social";"Educação";"Estabelecimentos de Creche por Dependência Administrativa";"Rio Capim";"Aurora do Pará";"Privada";"2022";0
"Social";"Educação";"Estabelecimentos de Creche por Dependência Administrativa";"Rio Capim";"Aurora do Pará";"Privada";"2023";0
"Social";"Educação";"Estabelecimentos de Creche por Dependência Administrativa";"Rio Capim";"Aurora do Pará";"Privada";"2024";0
"Social";"Educação";"Estabelecimentos de Creche por Dependência Administrativa";"Tapajós";"Aveiro";"Privada";"2019";0
"Social";"Educação";"Estabelecimentos de Creche por Dependência Administrativa";"Tapajós";"Aveiro";"Privada";"2020";0
"Social";"Educação";"Estabelecimentos de Creche por Dependência Administrativa";"Tapajós";"Aveiro";"Privada";"2021";0
"Social";"Educação";"Estabelecimentos de Creche por Dependência Administrativa";"Tapajós";"Aveiro";"Privada";"2022";0
"Social";"Educação";"Estabelecimentos de Creche por Dependência Administrativa";"Tapajós";"Aveiro";"Privada";"2023";0
"Social";"Educação";"Estabelecimentos de Creche por Dependência Administrativa";"Tapajós";"Aveiro";"Privada";"2024";0
"Social";"Educação";"Estabelecimentos de Creche por Dependência Administrativa";"Marajó";"Bagre";"Privada";"2019";0
"Social";"Educação";"Estabelecimentos de Creche por Dependência Administrativa";"Marajó";"Bagre";"Privada";"2020";0
"Social";"Educação";"Estabelecimentos de Creche por Dependência Administrativa";"Marajó";"Bagre";"Privada";"2021";0
"Social";"Educação";"Estabelecimentos de Creche por Dependência Administrativa";"Marajó";"Bagre";"Privada";"2022";0
"Social";"Educação";"Estabelecimentos de Creche por Dependência Administrativa";"Marajó";"Bagre";"Privada";"2023";0
"Social";"Educação";"Estabelecimentos de Creche por Dependência Administrativa";"Marajó";"Bagre";"Privada";"2024";0
"Social";"Educação";"Estabelecimentos de Creche por Dependência Administrativa";"Tocantins";"Baião";"Privada";"2019";2
"Social";"Educação";"Estabelecimentos de Creche por Dependência Administrativa";"Tocantins";"Baião";"Privada";"2020";2
"Social";"Educação";"Estabelecimentos de Creche por Dependência Administrativa";"Tocantins";"Baião";"Privada";"2021";2
"Social";"Educação";"Estabelecimentos de Creche por Dependência Administrativa";"Tocantins";"Baião";"Privada";"2022";2
"Social";"Educação";"Estabelecimentos de Creche por Dependência Administrativa";"Tocantins";"Baião";"Privada";"2023";2
"Social";"Educação";"Estabelecimentos de Creche por Dependência Administrativa";"Tocantins";"Baião";"Privada";"2024";2
"Social";"Educação";"Estabelecimentos de Creche por Dependência Administrativa";"Araguaia";"Bannach";"Privada";"2019";0
"Social";"Educação";"Estabelecimentos de Creche por Dependência Administrativa";"Araguaia";"Bannach";"Privada";"2020";0
"Social";"Educação";"Estabelecimentos de Creche por Dependência Administrativa";"Araguaia";"Bannach";"Privada";"2021";0
"Social";"Educação";"Estabelecimentos de Creche por Dependência Administrativa";"Araguaia";"Bannach";"Privada";"2022";0
"Social";"Educação";"Estabelecimentos de Creche por Dependência Administrativa";"Araguaia";"Bannach";"Privada";"2023";0
"Social";"Educação";"Estabelecimentos de Creche por Dependência Administrativa";"Araguaia";"Bannach";"Privada";"2024";0
"Social";"Educação";"Estabelecimentos de Creche por Dependência Administrativa";"Tocantins";"Barcarena";"Privada";"2019";7
"Social";"Educação";"Estabelecimentos de Creche por Dependência Administrativa";"Tocantins";"Barcarena";"Privada";"2020";12
"Social";"Educação";"Estabelecimentos de Creche por Dependência Administrativa";"Tocantins";"Barcarena";"Privada";"2021";11
"Social";"Educação";"Estabelecimentos de Creche por Dependência Administrativa";"Tocantins";"Barcarena";"Privada";"2022";8
"Social";"Educação";"Estabelecimentos de Creche por Dependência Administrativa";"Tocantins";"Barcarena";"Privada";"2023";9
"Social";"Educação";"Estabelecimentos de Creche por Dependência Administrativa";"Tocantins";"Barcarena";"Privada";"2024";10
"Social";"Educação";"Estabelecimentos de Creche por Dependência Administrativa";"Guajará";"Belém";"Privada";"2019";122
"Social";"Educação";"Estabelecimentos de Creche por Dependência Administrativa";"Guajará";"Belém";"Privada";"2020";127
"Social";"Educação";"Estabelecimentos de Creche por Dependência Administrativa";"Guajará";"Belém";"Privada";"2021";123
"Social";"Educação";"Estabelecimentos de Creche por Dependência Administrativa";"Guajará";"Belém";"Privada";"2022";132
"Social";"Educação";"Estabelecimentos de Creche por Dependência Administrativa";"Guajará";"Belém";"Privada";"2023";136
"Social";"Educação";"Estabelecimentos de Creche por Dependência Administrativa";"Guajará";"Belém";"Privada";"2024";141
"Social";"Educação";"Estabelecimentos de Creche por Dependência Administrativa";"Baixo Amazonas";"Belterra";"Privada";"2019";0
"Social";"Educação";"Estabelecimentos de Creche por Dependência Administrativa";"Baixo Amazonas";"Belterra";"Privada";"2020";0
"Social";"Educação";"Estabelecimentos de Creche por Dependência Administrativa";"Baixo Amazonas";"Belterra";"Privada";"2021";0
"Social";"Educação";"Estabelecimentos de Creche por Dependência Administrativa";"Baixo Amazonas";"Belterra";"Privada";"2022";0
"Social";"Educação";"Estabelecimentos de Creche por Dependência Administrativa";"Baixo Amazonas";"Belterra";"Privada";"2023";0
"Social";"Educação";"Estabelecimentos de Creche por Dependência Administrativa";"Baixo Amazonas";"Belterra";"Privada";"2024";1
"Social";"Educação";"Estabelecimentos de Creche por Dependência Administrativa";"Guajará";"Benevides";"Privada";"2019";4
"Social";"Educação";"Estabelecimentos de Creche por Dependência Administrativa";"Guajará";"Benevides";"Privada";"2020";2
"Social";"Educação";"Estabelecimentos de Creche por Dependência Administrativa";"Guajará";"Benevides";"Privada";"2021";5
"Social";"Educação";"Estabelecimentos de Creche por Dependência Administrativa";"Guajará";"Benevides";"Privada";"2022";5
"Social";"Educação";"Estabelecimentos de Creche por Dependência Administrativa";"Guajará";"Benevides";"Privada";"2023";5
"Social";"Educação";"Estabelecimentos de Creche por Dependência Administrativa";"Guajará";"Benevides";"Privada";"2024";4
"Social";"Educação";"Estabelecimentos de Creche por Dependência Administrativa";"Carajás";"Bom Jesus do Tocantins";"Privada";"2019";0
"Social";"Educação";"Estabelecimentos de Creche por Dependência Administrativa";"Carajás";"Bom Jesus do Tocantins";"Privada";"2020";0
"Social";"Educação";"Estabelecimentos de Creche por Dependência Administrativa";"Carajás";"Bom Jesus do Tocantins";"Privada";"2021";0
"Social";"Educação";"Estabelecimentos de Creche por Dependência Administrativa";"Carajás";"Bom Jesus do Tocantins";"Privada";"2022";0
"Social";"Educação";"Estabelecimentos de Creche por Dependência Administrativa";"Carajás";"Bom Jesus do Tocantins";"Privada";"2023";0
"Social";"Educação";"Estabelecimentos de Creche por Dependência Administrativa";"Carajás";"Bom Jesus do Tocantins";"Privada";"2024";0
"Social";"Educação";"Estabelecimentos de Creche por Dependência Administrativa";"Rio Caeté";"Bonito";"Privada";"2019";0
"Social";"Educação";"Estabelecimentos de Creche por Dependência Administrativa";"Rio Caeté";"Bonito";"Privada";"2020";0
"Social";"Educação";"Estabelecimentos de Creche por Dependência Administrativa";"Rio Caeté";"Bonito";"Privada";"2021";0
"Social";"Educação";"Estabelecimentos de Creche por Dependência Administrativa";"Rio Caeté";"Bonito";"Privada";"2022";0
"Social";"Educação";"Estabelecimentos de Creche por Dependência Administrativa";"Rio Caeté";"Bonito";"Privada";"2023";0
"Social";"Educação";"Estabelecimentos de Creche por Dependência Administrativa";"Rio Caeté";"Bonito";"Privada";"2024";0
"Social";"Educação";"Estabelecimentos de Creche por Dependência Administrativa";"Rio Caeté";"Bragança";"Privada";"2019";7
"Social";"Educação";"Estabelecimentos de Creche por Dependência Administrativa";"Rio Caeté";"Bragança";"Privada";"2020";7
"Social";"Educação";"Estabelecimentos de Creche por Dependência Administrativa";"Rio Caeté";"Bragança";"Privada";"2021";5
"Social";"Educação";"Estabelecimentos de Creche por Dependência Administrativa";"Rio Caeté";"Bragança";"Privada";"2022";7
"Social";"Educação";"Estabelecimentos de Creche por Dependência Administrativa";"Rio Caeté";"Bragança";"Privada";"2023";6
"Social";"Educação";"Estabelecimentos de Creche por Dependência Administrativa";"Rio Caeté";"Bragança";"Privada";"2024";5
"Social";"Educação";"Estabelecimentos de Creche por Dependência Administrativa";"Xingu";"Brasil Novo";"Privada";"2019";0
"Social";"Educação";"Estabelecimentos de Creche por Dependência Administrativa";"Xingu";"Brasil Novo";"Privada";"2020";0
"Social";"Educação";"Estabelecimentos de Creche por Dependência Administrativa";"Xingu";"Brasil Novo";"Privada";"2021";0
"Social";"Educação";"Estabelecimentos de Creche por Dependência Administrativa";"Xingu";"Brasil Novo";"Privada";"2022";0
"Social";"Educação";"Estabelecimentos de Creche por Dependência Administrativa";"Xingu";"Brasil Novo";"Privada";"2023";0
"Social";"Educação";"Estabelecimentos de Creche por Dependência Administrativa";"Xingu";"Brasil Novo";"Privada";"2024";0
"Social";"Educação";"Estabelecimentos de Creche por Dependência Administrativa";"Carajás";"Brejo Grande do Araguaia";"Privada";"2019";0
"Social";"Educação";"Estabelecimentos de Creche por Dependência Administrativa";"Carajás";"Brejo Grande do Araguaia";"Privada";"2020";0
"Social";"Educação";"Estabelecimentos de Creche por Dependência Administrativa";"Carajás";"Brejo Grande do Araguaia";"Privada";"2021";0
"Social";"Educação";"Estabelecimentos de Creche por Dependência Administrativa";"Carajás";"Brejo Grande do Araguaia";"Privada";"2022";0
"Social";"Educação";"Estabelecimentos de Creche por Dependência Administrativa";"Carajás";"Brejo Grande do Araguaia";"Privada";"2023";0
"Social";"Educação";"Estabelecimentos de Creche por Dependência Administrativa";"Carajás";"Brejo Grande do Araguaia";"Privada";"2024";0
"Social";"Educação";"Estabelecimentos de Creche por Dependência Administrativa";"Lago de Tucuruí";"Breu Branco";"Privada";"2019";0
"Social";"Educação";"Estabelecimentos de Creche por Dependência Administrativa";"Lago de Tucuruí";"Breu Branco";"Privada";"2020";0
"Social";"Educação";"Estabelecimentos de Creche por Dependência Administrativa";"Lago de Tucuruí";"Breu Branco";"Privada";"2021";0
"Social";"Educação";"Estabelecimentos de Creche por Dependência Administrativa";"Lago de Tucuruí";"Breu Branco";"Privada";"2022";0
"Social";"Educação";"Estabelecimentos de Creche por Dependência Administrativa";"Lago de Tucuruí";"Breu Branco";"Privada";"2023";0
"Social";"Educação";"Estabelecimentos de Creche por Dependência Administrativa";"Lago de Tucuruí";"Breu Branco";"Privada";"2024";0
"Social";"Educação";"Estabelecimentos de Creche por Dependência Administrativa";"Marajó";"Breves";"Privada";"2019";1
"Social";"Educação";"Estabelecimentos de Creche por Dependência Administrativa";"Marajó";"Breves";"Privada";"2020";1
"Social";"Educação";"Estabelecimentos de Creche por Dependência Administrativa";"Marajó";"Breves";"Privada";"2021";1
"Social";"Educação";"Estabelecimentos de Creche por Dependência Administrativa";"Marajó";"Breves";"Privada";"2022";2
"Social";"Educação";"Estabelecimentos de Creche por Dependência Administrativa";"Marajó";"Breves";"Privada";"2023";2
"Social";"Educação";"Estabelecimentos de Creche por Dependência Administrativa";"Marajó";"Breves";"Privada";"2024";1
"Social";"Educação";"Estabelecimentos de Creche por Dependência Administrativa";"Rio Capim";"Bujaru";"Privada";"2019";0
"Social";"Educação";"Estabelecimentos de Creche por Dependência Administrativa";"Rio Capim";"Bujaru";"Privada";"2020";0
"Social";"Educação";"Estabelecimentos de Creche por Dependência Administrativa";"Rio Capim";"Bujaru";"Privada";"2021";0
"Social";"Educação";"Estabelecimentos de Creche por Dependência Administrativa";"Rio Capim";"Bujaru";"Privada";"2022";0
"Social";"Educação";"Estabelecimentos de Creche por Dependência Administrativa";"Rio Capim";"Bujaru";"Privada";"2023";0
"Social";"Educação";"Estabelecimentos de Creche por Dependência Administrativa";"Rio Capim";"Bujaru";"Privada";"2024";0
"Social";"Educação";"Estabelecimentos de Creche por Dependência Administrativa";"Marajó";"Cachoeira do Arari";"Privada";"2019";0
"Social";"Educação";"Estabelecimentos de Creche por Dependência Administrativa";"Marajó";"Cachoeira do Arari";"Privada";"2020";0
"Social";"Educação";"Estabelecimentos de Creche por Dependência Administrativa";"Marajó";"Cachoeira do Arari";"Privada";"2021";0
"Social";"Educação";"Estabelecimentos de Creche por Dependência Administrativa";"Marajó";"Cachoeira do Arari";"Privada";"2022";0
"Social";"Educação";"Estabelecimentos de Creche por Dependência Administrativa";"Marajó";"Cachoeira do Arari";"Privada";"2023";0
"Social";"Educação";"Estabelecimentos de Creche por Dependência Administrativa";"Marajó";"Cachoeira do Arari";"Privada";"2024";0
"Social";"Educação";"Estabelecimentos de Creche por Dependência Administrativa";"Rio Caeté";"Cachoeira do Piriá";"Privada";"2019";1
"Social";"Educação";"Estabelecimentos de Creche por Dependência Administrativa";"Rio Caeté";"Cachoeira do Piriá";"Privada";"2020";1
"Social";"Educação";"Estabelecimentos de Creche por Dependência Administrativa";"Rio Caeté";"Cachoeira do Piriá";"Privada";"2021";1
"Social";"Educação";"Estabelecimentos de Creche por Dependência Administrativa";"Rio Caeté";"Cachoeira do Piriá";"Privada";"2022";1
"Social";"Educação";"Estabelecimentos de Creche por Dependência Administrativa";"Rio Caeté";"Cachoeira do Piriá";"Privada";"2023";1
"Social";"Educação";"Estabelecimentos de Creche por Dependência Administrativa";"Rio Caeté";"Cachoeira do Piriá";"Privada";"2024";0
"Social";"Educação";"Estabelecimentos de Creche por Dependência Administrativa";"Tocantins";"Cametá";"Privada";"2019";4
"Social";"Educação";"Estabelecimentos de Creche por Dependência Administrativa";"Tocantins";"Cametá";"Privada";"2020";5
"Social";"Educação";"Estabelecimentos de Creche por Dependência Administrativa";"Tocantins";"Cametá";"Privada";"2021";4
"Social";"Educação";"Estabelecimentos de Creche por Dependência Administrativa";"Tocantins";"Cametá";"Privada";"2022";5
"Social";"Educação";"Estabelecimentos de Creche por Dependência Administrativa";"Tocantins";"Cametá";"Privada";"2023";7
"Social";"Educação";"Estabelecimentos de Creche por Dependência Administrativa";"Tocantins";"Cametá";"Privada";"2024";5
"Social";"Educação";"Estabelecimentos de Creche por Dependência Administrativa";"Carajás";"Canaã dos Carajás";"Privada";"2019";6
"Social";"Educação";"Estabelecimentos de Creche por Dependência Administrativa";"Carajás";"Canaã dos Carajás";"Privada";"2020";7
"Social";"Educação";"Estabelecimentos de Creche por Dependência Administrativa";"Carajás";"Canaã dos Carajás";"Privada";"2021";9
"Social";"Educação";"Estabelecimentos de Creche por Dependência Administrativa";"Carajás";"Canaã dos Carajás";"Privada";"2022";8
"Social";"Educação";"Estabelecimentos de Creche por Dependência Administrativa";"Carajás";"Canaã dos Carajás";"Privada";"2023";6
"Social";"Educação";"Estabelecimentos de Creche por Dependência Administrativa";"Carajás";"Canaã dos Carajás";"Privada";"2024";6
"Social";"Educação";"Estabelecimentos de Creche por Dependência Administrativa";"Rio Caeté";"Capanema";"Privada";"2019";7
"Social";"Educação";"Estabelecimentos de Creche por Dependência Administrativa";"Rio Caeté";"Capanema";"Privada";"2020";7
"Social";"Educação";"Estabelecimentos de Creche por Dependência Administrativa";"Rio Caeté";"Capanema";"Privada";"2021";5
"Social";"Educação";"Estabelecimentos de Creche por Dependência Administrativa";"Rio Caeté";"Capanema";"Privada";"2022";5
"Social";"Educação";"Estabelecimentos de Creche por Dependência Administrativa";"Rio Caeté";"Capanema";"Privada";"2023";3
"Social";"Educação";"Estabelecimentos de Creche por Dependência Administrativa";"Rio Caeté";"Capanema";"Privada";"2024";3
"Social";"Educação";"Estabelecimentos de Creche por Dependência Administrativa";"Rio Capim";"Capitão Poço";"Privada";"2019";3
"Social";"Educação";"Estabelecimentos de Creche por Dependência Administrativa";"Rio Capim";"Capitão Poço";"Privada";"2020";3
"Social";"Educação";"Estabelecimentos de Creche por Dependência Administrativa";"Rio Capim";"Capitão Poço";"Privada";"2021";2
"Social";"Educação";"Estabelecimentos de Creche por Dependência Administrativa";"Rio Capim";"Capitão Poço";"Privada";"2022";3
"Social";"Educação";"Estabelecimentos de Creche por Dependência Administrativa";"Rio Capim";"Capitão Poço";"Privada";"2023";4
"Social";"Educação";"Estabelecimentos de Creche por Dependência Administrativa";"Rio Capim";"Capitão Poço";"Privada";"2024";5
"Social";"Educação";"Estabelecimentos de Creche por Dependência Administrativa";"Guamá";"Castanhal";"Privada";"2019";16
"Social";"Educação";"Estabelecimentos de Creche por Dependência Administrativa";"Guamá";"Castanhal";"Privada";"2020";20
"Social";"Educação";"Estabelecimentos de Creche por Dependência Administrativa";"Guamá";"Castanhal";"Privada";"2021";18
"Social";"Educação";"Estabelecimentos de Creche por Dependência Administrativa";"Guamá";"Castanhal";"Privada";"2022";18
"Social";"Educação";"Estabelecimentos de Creche por Dependência Administrativa";"Guamá";"Castanhal";"Privada";"2023";21
"Social";"Educação";"Estabelecimentos de Creche por Dependência Administrativa";"Guamá";"Castanhal";"Privada";"2024";22
"Social";"Educação";"Estabelecimentos de Creche por Dependência Administrativa";"Marajó";"Chaves";"Privada";"2019";0
"Social";"Educação";"Estabelecimentos de Creche por Dependência Administrativa";"Marajó";"Chaves";"Privada";"2020";0
"Social";"Educação";"Estabelecimentos de Creche por Dependência Administrativa";"Marajó";"Chaves";"Privada";"2021";0
"Social";"Educação";"Estabelecimentos de Creche por Dependência Administrativa";"Marajó";"Chaves";"Privada";"2022";0
"Social";"Educação";"Estabelecimentos de Creche por Dependência Administrativa";"Marajó";"Chaves";"Privada";"2023";0
"Social";"Educação";"Estabelecimentos de Creche por Dependência Administrativa";"Marajó";"Chaves";"Privada";"2024";0
"Social";"Educação";"Estabelecimentos de Creche por Dependência Administrativa";"Guamá";"Colares";"Privada";"2019";1
"Social";"Educação";"Estabelecimentos de Creche por Dependência Administrativa";"Guamá";"Colares";"Privada";"2020";0
"Social";"Educação";"Estabelecimentos de Creche por Dependência Administrativa";"Guamá";"Colares";"Privada";"2021";0
"Social";"Educação";"Estabelecimentos de Creche por Dependência Administrativa";"Guamá";"Colares";"Privada";"2022";0
"Social";"Educação";"Estabelecimentos de Creche por Dependência Administrativa";"Guamá";"Colares";"Privada";"2023";0
"Social";"Educação";"Estabelecimentos de Creche por Dependência Administrativa";"Guamá";"Colares";"Privada";"2024";0
"Social";"Educação";"Estabelecimentos de Creche por Dependência Administrativa";"Araguaia";"Conceição do Araguaia";"Privada";"2019";1
"Social";"Educação";"Estabelecimentos de Creche por Dependência Administrativa";"Araguaia";"Conceição do Araguaia";"Privada";"2020";1
"Social";"Educação";"Estabelecimentos de Creche por Dependência Administrativa";"Araguaia";"Conceição do Araguaia";"Privada";"2021";1
"Social";"Educação";"Estabelecimentos de Creche por Dependência Administrativa";"Araguaia";"Conceição do Araguaia";"Privada";"2022";2
"Social";"Educação";"Estabelecimentos de Creche por Dependência Administrativa";"Araguaia";"Conceição do Araguaia";"Privada";"2023";2
"Social";"Educação";"Estabelecimentos de Creche por Dependência Administrativa";"Araguaia";"Conceição do Araguaia";"Privada";"2024";2
"Social";"Educação";"Estabelecimentos de Creche por Dependência Administrativa";"Rio Capim";"Concórdia do Pará";"Privada";"2019";1
"Social";"Educação";"Estabelecimentos de Creche por Dependência Administrativa";"Rio Capim";"Concórdia do Pará";"Privada";"2020";1
"Social";"Educação";"Estabelecimentos de Creche por Dependência Administrativa";"Rio Capim";"Concórdia do Pará";"Privada";"2021";1
"Social";"Educação";"Estabelecimentos de Creche por Dependência Administrativa";"Rio Capim";"Concórdia do Pará";"Privada";"2022";1
"Social";"Educação";"Estabelecimentos de Creche por Dependência Administrativa";"Rio Capim";"Concórdia do Pará";"Privada";"2023";1
"Social";"Educação";"Estabelecimentos de Creche por Dependência Administrativa";"Rio Capim";"Concórdia do Pará";"Privada";"2024";1
"Social";"Educação";"Estabelecimentos de Creche por Dependência Administrativa";"Araguaia";"Cumaru do Norte";"Privada";"2019";0
"Social";"Educação";"Estabelecimentos de Creche por Dependência Administrativa";"Araguaia";"Cumaru do Norte";"Privada";"2020";0
"Social";"Educação";"Estabelecimentos de Creche por Dependência Administrativa";"Araguaia";"Cumaru do Norte";"Privada";"2021";0
"Social";"Educação";"Estabelecimentos de Creche por Dependência Administrativa";"Araguaia";"Cumaru do Norte";"Privada";"2022";0
"Social";"Educação";"Estabelecimentos de Creche por Dependência Administrativa";"Araguaia";"Cumaru do Norte";"Privada";"2023";0
"Social";"Educação";"Estabelecimentos de Creche por Dependência Administrativa";"Araguaia";"Cumaru do Norte";"Privada";"2024";0
"Social";"Educação";"Estabelecimentos de Creche por Dependência Administrativa";"Carajás";"Curionópolis";"Privada";"2019";0
"Social";"Educação";"Estabelecimentos de Creche por Dependência Administrativa";"Carajás";"Curionópolis";"Privada";"2020";1
"Social";"Educação";"Estabelecimentos de Creche por Dependência Administrativa";"Carajás";"Curionópolis";"Privada";"2021";0
"Social";"Educação";"Estabelecimentos de Creche por Dependência Administrativa";"Carajás";"Curionópolis";"Privada";"2022";1
"Social";"Educação";"Estabelecimentos de Creche por Dependência Administrativa";"Carajás";"Curionópolis";"Privada";"2023";1
"Social";"Educação";"Estabelecimentos de Creche por Dependência Administrativa";"Carajás";"Curionópolis";"Privada";"2024";1
"Social";"Educação";"Estabelecimentos de Creche por Dependência Administrativa";"Marajó";"Curralinho";"Privada";"2019";0
"Social";"Educação";"Estabelecimentos de Creche por Dependência Administrativa";"Marajó";"Curralinho";"Privada";"2020";0
"Social";"Educação";"Estabelecimentos de Creche por Dependência Administrativa";"Marajó";"Curralinho";"Privada";"2021";0
"Social";"Educação";"Estabelecimentos de Creche por Dependência Administrativa";"Marajó";"Curralinho";"Privada";"2022";0
"Social";"Educação";"Estabelecimentos de Creche por Dependência Administrativa";"Marajó";"Curralinho";"Privada";"2023";0
"Social";"Educação";"Estabelecimentos de Creche por Dependência Administrativa";"Marajó";"Curralinho";"Privada";"2024";0
"Social";"Educação";"Estabelecimentos de Creche por Dependência Administrativa";"Baixo Amazonas";"Curuá";"Privada";"2019";0
"Social";"Educação";"Estabelecimentos de Creche por Dependência Administrativa";"Baixo Amazonas";"Curuá";"Privada";"2020";0
"Social";"Educação";"Estabelecimentos de Creche por Dependência Administrativa";"Baixo Amazonas";"Curuá";"Privada";"2021";0
"Social";"Educação";"Estabelecimentos de Creche por Dependência Administrativa";"Baixo Amazonas";"Curuá";"Privada";"2022";0
"Social";"Educação";"Estabelecimentos de Creche por Dependência Administrativa";"Baixo Amazonas";"Curuá";"Privada";"2023";0
"Social";"Educação";"Estabelecimentos de Creche por Dependência Administrativa";"Baixo Amazonas";"Curuá";"Privada";"2024";0
"Social";"Educação";"Estabelecimentos de Creche por Dependência Administrativa";"Guamá";"Curuçá";"Privada";"2019";2
"Social";"Educação";"Estabelecimentos de Creche por Dependência Administrativa";"Guamá";"Curuçá";"Privada";"2020";3
"Social";"Educação";"Estabelecimentos de Creche por Dependência Administrativa";"Guamá";"Curuçá";"Privada";"2021";2
"Social";"Educação";"Estabelecimentos de Creche por Dependência Administrativa";"Guamá";"Curuçá";"Privada";"2022";1
"Social";"Educação";"Estabelecimentos de Creche por Dependência Administrativa";"Guamá";"Curuçá";"Privada";"2023";1
"Social";"Educação";"Estabelecimentos de Creche por Dependência Administrativa";"Guamá";"Curuçá";"Privada";"2024";1
"Social";"Educação";"Estabelecimentos de Creche por Dependência Administrativa";"Rio Capim";"Dom Eliseu";"Privada";"2019";1
"Social";"Educação";"Estabelecimentos de Creche por Dependência Administrativa";"Rio Capim";"Dom Eliseu";"Privada";"2020";1
"Social";"Educação";"Estabelecimentos de Creche por Dependência Administrativa";"Rio Capim";"Dom Eliseu";"Privada";"2021";1
"Social";"Educação";"Estabelecimentos de Creche por Dependência Administrativa";"Rio Capim";"Dom Eliseu";"Privada";"2022";1
"Social";"Educação";"Estabelecimentos de Creche por Dependência Administrativa";"Rio Capim";"Dom Eliseu";"Privada";"2023";1
"Social";"Educação";"Estabelecimentos de Creche por Dependência Administrativa";"Rio Capim";"Dom Eliseu";"Privada";"2024";1
"Social";"Educação";"Estabelecimentos de Creche por Dependência Administrativa";"Carajás";"Eldorado do Carajás";"Privada";"2019";0
"Social";"Educação";"Estabelecimentos de Creche por Dependência Administrativa";"Carajás";"Eldorado do Carajás";"Privada";"2020";0
"Social";"Educação";"Estabelecimentos de Creche por Dependência Administrativa";"Carajás";"Eldorado do Carajás";"Privada";"2021";0
"Social";"Educação";"Estabelecimentos de Creche por Dependência Administrativa";"Carajás";"Eldorado do Carajás";"Privada";"2022";0
"Social";"Educação";"Estabelecimentos de Creche por Dependência Administrativa";"Carajás";"Eldorado do Carajás";"Privada";"2023";0
"Social";"Educação";"Estabelecimentos de Creche por Dependência Administrativa";"Carajás";"Eldorado do Carajás";"Privada";"2024";0
"Social";"Educação";"Estabelecimentos de Creche por Dependência Administrativa";"Baixo Amazonas";"Faro";"Privada";"2019";0
"Social";"Educação";"Estabelecimentos de Creche por Dependência Administrativa";"Baixo Amazonas";"Faro";"Privada";"2020";0
"Social";"Educação";"Estabelecimentos de Creche por Dependência Administrativa";"Baixo Amazonas";"Faro";"Privada";"2021";0
"Social";"Educação";"Estabelecimentos de Creche por Dependência Administrativa";"Baixo Amazonas";"Faro";"Privada";"2022";0
"Social";"Educação";"Estabelecimentos de Creche por Dependência Administrativa";"Baixo Amazonas";"Faro";"Privada";"2023";0
"Social";"Educação";"Estabelecimentos de Creche por Dependência Administrativa";"Baixo Amazonas";"Faro";"Privada";"2024";0
"Social";"Educação";"Estabelecimentos de Creche por Dependência Administrativa";"Araguaia";"Floresta do Araguaia";"Privada";"2019";0
"Social";"Educação";"Estabelecimentos de Creche por Dependência Administrativa";"Araguaia";"Floresta do Araguaia";"Privada";"2020";0
"Social";"Educação";"Estabelecimentos de Creche por Dependência Administrativa";"Araguaia";"Floresta do Araguaia";"Privada";"2021";0
"Social";"Educação";"Estabelecimentos de Creche por Dependência Administrativa";"Araguaia";"Floresta do Araguaia";"Privada";"2022";0
"Social";"Educação";"Estabelecimentos de Creche por Dependência Administrativa";"Araguaia";"Floresta do Araguaia";"Privada";"2023";0
"Social";"Educação";"Estabelecimentos de Creche por Dependência Administrativa";"Araguaia";"Floresta do Araguaia";"Privada";"2024";0
"Social";"Educação";"Estabelecimentos de Creche por Dependência Administrativa";"Rio Capim";"Garrafão do Norte";"Privada";"2019";0
"Social";"Educação";"Estabelecimentos de Creche por Dependência Administrativa";"Rio Capim";"Garrafão do Norte";"Privada";"2020";0
"Social";"Educação";"Estabelecimentos de Creche por Dependência Administrativa";"Rio Capim";"Garrafão do Norte";"Privada";"2021";0
"Social";"Educação";"Estabelecimentos de Creche por Dependência Administrativa";"Rio Capim";"Garrafão do Norte";"Privada";"2022";0
"Social";"Educação";"Estabelecimentos de Creche por Dependência Administrativa";"Rio Capim";"Garrafão do Norte";"Privada";"2023";0
"Social";"Educação";"Estabelecimentos de Creche por Dependência Administrativa";"Rio Capim";"Garrafão do Norte";"Privada";"2024";0
"Social";"Educação";"Estabelecimentos de Creche por Dependência Administrativa";"Lago de Tucuruí";"Goianésia do Pará";"Privada";"2019";2
"Social";"Educação";"Estabelecimentos de Creche por Dependência Administrativa";"Lago de Tucuruí";"Goianésia do Pará";"Privada";"2020";1
"Social";"Educação";"Estabelecimentos de Creche por Dependência Administrativa";"Lago de Tucuruí";"Goianésia do Pará";"Privada";"2021";2
"Social";"Educação";"Estabelecimentos de Creche por Dependência Administrativa";"Lago de Tucuruí";"Goianésia do Pará";"Privada";"2022";2
"Social";"Educação";"Estabelecimentos de Creche por Dependência Administrativa";"Lago de Tucuruí";"Goianésia do Pará";"Privada";"2023";2
"Social";"Educação";"Estabelecimentos de Creche por Dependência Administrativa";"Lago de Tucuruí";"Goianésia do Pará";"Privada";"2024";3
"Social";"Educação";"Estabelecimentos de Creche por Dependência Administrativa";"Marajó";"Gurupá";"Privada";"2019";0
"Social";"Educação";"Estabelecimentos de Creche por Dependência Administrativa";"Marajó";"Gurupá";"Privada";"2020";0
"Social";"Educação";"Estabelecimentos de Creche por Dependência Administrativa";"Marajó";"Gurupá";"Privada";"2021";0
"Social";"Educação";"Estabelecimentos de Creche por Dependência Administrativa";"Marajó";"Gurupá";"Privada";"2022";0
"Social";"Educação";"Estabelecimentos de Creche por Dependência Administrativa";"Marajó";"Gurupá";"Privada";"2023";0
"Social";"Educação";"Estabelecimentos de Creche por Dependência Administrativa";"Marajó";"Gurupá";"Privada";"2024";0
"Social";"Educação";"Estabelecimentos de Creche por Dependência Administrativa";"Guamá";"Igarapé-Açu";"Privada";"2019";2
"Social";"Educação";"Estabelecimentos de Creche por Dependência Administrativa";"Guamá";"Igarapé-Açu";"Privada";"2020";2
"Social";"Educação";"Estabelecimentos de Creche por Dependência Administrativa";"Guamá";"Igarapé-Açu";"Privada";"2021";1
"Social";"Educação";"Estabelecimentos de Creche por Dependência Administrativa";"Guamá";"Igarapé-Açu";"Privada";"2022";1
"Social";"Educação";"Estabelecimentos de Creche por Dependência Administrativa";"Guamá";"Igarapé-Açu";"Privada";"2023";2
"Social";"Educação";"Estabelecimentos de Creche por Dependência Administrativa";"Guamá";"Igarapé-Açu";"Privada";"2024";2
"Social";"Educação";"Estabelecimentos de Creche por Dependência Administrativa";"Tocantins";"Igarapé-Miri";"Privada";"2019";2
"Social";"Educação";"Estabelecimentos de Creche por Dependência Administrativa";"Tocantins";"Igarapé-Miri";"Privada";"2020";2
"Social";"Educação";"Estabelecimentos de Creche por Dependência Administrativa";"Tocantins";"Igarapé-Miri";"Privada";"2021";1
"Social";"Educação";"Estabelecimentos de Creche por Dependência Administrativa";"Tocantins";"Igarapé-Miri";"Privada";"2022";1
"Social";"Educação";"Estabelecimentos de Creche por Dependência Administrativa";"Tocantins";"Igarapé-Miri";"Privada";"2023";1
"Social";"Educação";"Estabelecimentos de Creche por Dependência Administrativa";"Tocantins";"Igarapé-Miri";"Privada";"2024";2
"Social";"Educação";"Estabelecimentos de Creche por Dependência Administrativa";"Guamá";"Inhangapi";"Privada";"2019";0
"Social";"Educação";"Estabelecimentos de Creche por Dependência Administrativa";"Guamá";"Inhangapi";"Privada";"2020";0
"Social";"Educação";"Estabelecimentos de Creche por Dependência Administrativa";"Guamá";"Inhangapi";"Privada";"2021";0
"Social";"Educação";"Estabelecimentos de Creche por Dependência Administrativa";"Guamá";"Inhangapi";"Privada";"2022";0
"Social";"Educação";"Estabelecimentos de Creche por Dependência Administrativa";"Guamá";"Inhangapi";"Privada";"2023";0
"Social";"Educação";"Estabelecimentos de Creche por Dependência Administrativa";"Guamá";"Inhangapi";"Privada";"2024";0
"Social";"Educação";"Estabelecimentos de Creche por Dependência Administrativa";"Rio Capim";"Ipixuna do Pará";"Privada";"2019";1
"Social";"Educação";"Estabelecimentos de Creche por Dependência Administrativa";"Rio Capim";"Ipixuna do Pará";"Privada";"2020";0
"Social";"Educação";"Estabelecimentos de Creche por Dependência Administrativa";"Rio Capim";"Ipixuna do Pará";"Privada";"2021";1
"Social";"Educação";"Estabelecimentos de Creche por Dependência Administrativa";"Rio Capim";"Ipixuna do Pará";"Privada";"2022";1
"Social";"Educação";"Estabelecimentos de Creche por Dependência Administrativa";"Rio Capim";"Ipixuna do Pará";"Privada";"2023";1
"Social";"Educação";"Estabelecimentos de Creche por Dependência Administrativa";"Rio Capim";"Ipixuna do Pará";"Privada";"2024";1
"Social";"Educação";"Estabelecimentos de Creche por Dependência Administrativa";"Rio Capim";"Irituia";"Privada";"2019";0
"Social";"Educação";"Estabelecimentos de Creche por Dependência Administrativa";"Rio Capim";"Irituia";"Privada";"2020";0
"Social";"Educação";"Estabelecimentos de Creche por Dependência Administrativa";"Rio Capim";"Irituia";"Privada";"2021";0
"Social";"Educação";"Estabelecimentos de Creche por Dependência Administrativa";"Rio Capim";"Irituia";"Privada";"2022";0
"Social";"Educação";"Estabelecimentos de Creche por Dependência Administrativa";"Rio Capim";"Irituia";"Privada";"2023";0
"Social";"Educação";"Estabelecimentos de Creche por Dependência Administrativa";"Rio Capim";"Irituia";"Privada";"2024";0
"Social";"Educação";"Estabelecimentos de Creche por Dependência Administrativa";"Tapajós";"Itaituba";"Privada";"2019";4
"Social";"Educação";"Estabelecimentos de Creche por Dependência Administrativa";"Tapajós";"Itaituba";"Privada";"2020";4
"Social";"Educação";"Estabelecimentos de Creche por Dependência Administrativa";"Tapajós";"Itaituba";"Privada";"2021";3
"Social";"Educação";"Estabelecimentos de Creche por Dependência Administrativa";"Tapajós";"Itaituba";"Privada";"2022";3
"Social";"Educação";"Estabelecimentos de Creche por Dependência Administrativa";"Tapajós";"Itaituba";"Privada";"2023";4
"Social";"Educação";"Estabelecimentos de Creche por Dependência Administrativa";"Tapajós";"Itaituba";"Privada";"2024";5
"Social";"Educação";"Estabelecimentos de Creche por Dependência Administrativa";"Lago de Tucuruí";"Itupiranga";"Privada";"2019";1
"Social";"Educação";"Estabelecimentos de Creche por Dependência Administrativa";"Lago de Tucuruí";"Itupiranga";"Privada";"2020";1
"Social";"Educação";"Estabelecimentos de Creche por Dependência Administrativa";"Lago de Tucuruí";"Itupiranga";"Privada";"2021";1
"Social";"Educação";"Estabelecimentos de Creche por Dependência Administrativa";"Lago de Tucuruí";"Itupiranga";"Privada";"2022";1
"Social";"Educação";"Estabelecimentos de Creche por Dependência Administrativa";"Lago de Tucuruí";"Itupiranga";"Privada";"2023";1
"Social";"Educação";"Estabelecimentos de Creche por Dependência Administrativa";"Lago de Tucuruí";"Itupiranga";"Privada";"2024";1
"Social";"Educação";"Estabelecimentos de Creche por Dependência Administrativa";"Tapajós";"Jacareacanga";"Privada";"2019";0
"Social";"Educação";"Estabelecimentos de Creche por Dependência Administrativa";"Tapajós";"Jacareacanga";"Privada";"2020";0
"Social";"Educação";"Estabelecimentos de Creche por Dependência Administrativa";"Tapajós";"Jacareacanga";"Privada";"2021";0
"Social";"Educação";"Estabelecimentos de Creche por Dependência Administrativa";"Tapajós";"Jacareacanga";"Privada";"2022";0
"Social";"Educação";"Estabelecimentos de Creche por Dependência Administrativa";"Tapajós";"Jacareacanga";"Privada";"2023";0
"Social";"Educação";"Estabelecimentos de Creche por Dependência Administrativa";"Tapajós";"Jacareacanga";"Privada";"2024";0
"Social";"Educação";"Estabelecimentos de Creche por Dependência Administrativa";"Lago de Tucuruí";"Jacundá";"Privada";"2019";2
"Social";"Educação";"Estabelecimentos de Creche por Dependência Administrativa";"Lago de Tucuruí";"Jacundá";"Privada";"2020";2
"Social";"Educação";"Estabelecimentos de Creche por Dependência Administrativa";"Lago de Tucuruí";"Jacundá";"Privada";"2021";2
"Social";"Educação";"Estabelecimentos de Creche por Dependência Administrativa";"Lago de Tucuruí";"Jacundá";"Privada";"2022";3
"Social";"Educação";"Estabelecimentos de Creche por Dependência Administrativa";"Lago de Tucuruí";"Jacundá";"Privada";"2023";2
"Social";"Educação";"Estabelecimentos de Creche por Dependência Administrativa";"Lago de Tucuruí";"Jacundá";"Privada";"2024";2
"Social";"Educação";"Estabelecimentos de Creche por Dependência Administrativa";"Baixo Amazonas";"Juruti";"Privada";"2019";1
"Social";"Educação";"Estabelecimentos de Creche por Dependência Administrativa";"Baixo Amazonas";"Juruti";"Privada";"2020";1
"Social";"Educação";"Estabelecimentos de Creche por Dependência Administrativa";"Baixo Amazonas";"Juruti";"Privada";"2021";1
"Social";"Educação";"Estabelecimentos de Creche por Dependência Administrativa";"Baixo Amazonas";"Juruti";"Privada";"2022";1
"Social";"Educação";"Estabelecimentos de Creche por Dependência Administrativa";"Baixo Amazonas";"Juruti";"Privada";"2023";2
"Social";"Educação";"Estabelecimentos de Creche por Dependência Administrativa";"Baixo Amazonas";"Juruti";"Privada";"2024";2
"Social";"Educação";"Estabelecimentos de Creche por Dependência Administrativa";"Tocantins";"Limoeiro do Ajuru";"Privada";"2019";0
"Social";"Educação";"Estabelecimentos de Creche por Dependência Administrativa";"Tocantins";"Limoeiro do Ajuru";"Privada";"2020";0
"Social";"Educação";"Estabelecimentos de Creche por Dependência Administrativa";"Tocantins";"Limoeiro do Ajuru";"Privada";"2021";0
"Social";"Educação";"Estabelecimentos de Creche por Dependência Administrativa";"Tocantins";"Limoeiro do Ajuru";"Privada";"2022";0
"Social";"Educação";"Estabelecimentos de Creche por Dependência Administrativa";"Tocantins";"Limoeiro do Ajuru";"Privada";"2023";0
"Social";"Educação";"Estabelecimentos de Creche por Dependência Administrativa";"Tocantins";"Limoeiro do Ajuru";"Privada";"2024";0
"Social";"Educação";"Estabelecimentos de Creche por Dependência Administrativa";"Rio Capim";"Mãe do Rio";"Privada";"2019";1
"Social";"Educação";"Estabelecimentos de Creche por Dependência Administrativa";"Rio Capim";"Mãe do Rio";"Privada";"2020";1
"Social";"Educação";"Estabelecimentos de Creche por Dependência Administrativa";"Rio Capim";"Mãe do Rio";"Privada";"2021";0
"Social";"Educação";"Estabelecimentos de Creche por Dependência Administrativa";"Rio Capim";"Mãe do Rio";"Privada";"2022";1
"Social";"Educação";"Estabelecimentos de Creche por Dependência Administrativa";"Rio Capim";"Mãe do Rio";"Privada";"2023";1
"Social";"Educação";"Estabelecimentos de Creche por Dependência Administrativa";"Rio Capim";"Mãe do Rio";"Privada";"2024";1
"Social";"Educação";"Estabelecimentos de Creche por Dependência Administrativa";"Guamá";"Magalhães Barata";"Privada";"2019";0
"Social";"Educação";"Estabelecimentos de Creche por Dependência Administrativa";"Guamá";"Magalhães Barata";"Privada";"2020";0
"Social";"Educação";"Estabelecimentos de Creche por Dependência Administrativa";"Guamá";"Magalhães Barata";"Privada";"2021";0
"Social";"Educação";"Estabelecimentos de Creche por Dependência Administrativa";"Guamá";"Magalhães Barata";"Privada";"2022";0
"Social";"Educação";"Estabelecimentos de Creche por Dependência Administrativa";"Guamá";"Magalhães Barata";"Privada";"2023";0
"Social";"Educação";"Estabelecimentos de Creche por Dependência Administrativa";"Guamá";"Magalhães Barata";"Privada";"2024";0
"Social";"Educação";"Estabelecimentos de Creche por Dependência Administrativa";"Carajás";"Marabá";"Privada";"2019";15
"Social";"Educação";"Estabelecimentos de Creche por Dependência Administrativa";"Carajás";"Marabá";"Privada";"2020";14
"Social";"Educação";"Estabelecimentos de Creche por Dependência Administrativa";"Carajás";"Marabá";"Privada";"2021";16
"Social";"Educação";"Estabelecimentos de Creche por Dependência Administrativa";"Carajás";"Marabá";"Privada";"2022";15
"Social";"Educação";"Estabelecimentos de Creche por Dependência Administrativa";"Carajás";"Marabá";"Privada";"2023";13
"Social";"Educação";"Estabelecimentos de Creche por Dependência Administrativa";"Carajás";"Marabá";"Privada";"2024";18
"Social";"Educação";"Estabelecimentos de Creche por Dependência Administrativa";"Guamá";"Maracanã";"Privada";"2019";0
"Social";"Educação";"Estabelecimentos de Creche por Dependência Administrativa";"Guamá";"Maracanã";"Privada";"2020";0
"Social";"Educação";"Estabelecimentos de Creche por Dependência Administrativa";"Guamá";"Maracanã";"Privada";"2021";0
"Social";"Educação";"Estabelecimentos de Creche por Dependência Administrativa";"Guamá";"Maracanã";"Privada";"2022";0
"Social";"Educação";"Estabelecimentos de Creche por Dependência Administrativa";"Guamá";"Maracanã";"Privada";"2023";0
"Social";"Educação";"Estabelecimentos de Creche por Dependência Administrativa";"Guamá";"Maracanã";"Privada";"2024";0
"Social";"Educação";"Estabelecimentos de Creche por Dependência Administrativa";"Guamá";"Marapanim";"Privada";"2019";2
"Social";"Educação";"Estabelecimentos de Creche por Dependência Administrativa";"Guamá";"Marapanim";"Privada";"2020";2
"Social";"Educação";"Estabelecimentos de Creche por Dependência Administrativa";"Guamá";"Marapanim";"Privada";"2021";2
"Social";"Educação";"Estabelecimentos de Creche por Dependência Administrativa";"Guamá";"Marapanim";"Privada";"2022";2
"Social";"Educação";"Estabelecimentos de Creche por Dependência Administrativa";"Guamá";"Marapanim";"Privada";"2023";2
"Social";"Educação";"Estabelecimentos de Creche por Dependência Administrativa";"Guamá";"Marapanim";"Privada";"2024";2
"Social";"Educação";"Estabelecimentos de Creche por Dependência Administrativa";"Guajará";"Marituba";"Privada";"2019";3
"Social";"Educação";"Estabelecimentos de Creche por Dependência Administrativa";"Guajará";"Marituba";"Privada";"2020";2
"Social";"Educação";"Estabelecimentos de Creche por Dependência Administrativa";"Guajará";"Marituba";"Privada";"2021";2
"Social";"Educação";"Estabelecimentos de Creche por Dependência Administrativa";"Guajará";"Marituba";"Privada";"2022";1
"Social";"Educação";"Estabelecimentos de Creche por Dependência Administrativa";"Guajará";"Marituba";"Privada";"2023";1
"Social";"Educação";"Estabelecimentos de Creche por Dependência Administrativa";"Guajará";"Marituba";"Privada";"2024";1
"Social";"Educação";"Estabelecimentos de Creche por Dependência Administrativa";"Xingu";"Medicilândia";"Privada";"2019";0
"Social";"Educação";"Estabelecimentos de Creche por Dependência Administrativa";"Xingu";"Medicilândia";"Privada";"2020";0
"Social";"Educação";"Estabelecimentos de Creche por Dependência Administrativa";"Xingu";"Medicilândia";"Privada";"2021";0
"Social";"Educação";"Estabelecimentos de Creche por Dependência Administrativa";"Xingu";"Medicilândia";"Privada";"2022";0
"Social";"Educação";"Estabelecimentos de Creche por Dependência Administrativa";"Xingu";"Medicilândia";"Privada";"2023";0
"Social";"Educação";"Estabelecimentos de Creche por Dependência Administrativa";"Xingu";"Medicilândia";"Privada";"2024";0
"Social";"Educação";"Estabelecimentos de Creche por Dependência Administrativa";"Marajó";"Melgaço";"Privada";"2019";0
"Social";"Educação";"Estabelecimentos de Creche por Dependência Administrativa";"Marajó";"Melgaço";"Privada";"2020";0
"Social";"Educação";"Estabelecimentos de Creche por Dependência Administrativa";"Marajó";"Melgaço";"Privada";"2021";0
"Social";"Educação";"Estabelecimentos de Creche por Dependência Administrativa";"Marajó";"Melgaço";"Privada";"2022";0
"Social";"Educação";"Estabelecimentos de Creche por Dependência Administrativa";"Marajó";"Melgaço";"Privada";"2023";0
"Social";"Educação";"Estabelecimentos de Creche por Dependência Administrativa";"Marajó";"Melgaço";"Privada";"2024";0
"Social";"Educação";"Estabelecimentos de Creche por Dependência Administrativa";"Tocantins";"Mocajuba";"Privada";"2019";0
"Social";"Educação";"Estabelecimentos de Creche por Dependência Administrativa";"Tocantins";"Mocajuba";"Privada";"2020";0
"Social";"Educação";"Estabelecimentos de Creche por Dependência Administrativa";"Tocantins";"Mocajuba";"Privada";"2021";1
"Social";"Educação";"Estabelecimentos de Creche por Dependência Administrativa";"Tocantins";"Mocajuba";"Privada";"2022";1
"Social";"Educação";"Estabelecimentos de Creche por Dependência Administrativa";"Tocantins";"Mocajuba";"Privada";"2023";1
"Social";"Educação";"Estabelecimentos de Creche por Dependência Administrativa";"Tocantins";"Mocajuba";"Privada";"2024";0
"Social";"Educação";"Estabelecimentos de Creche por Dependência Administrativa";"Tocantins";"Moju";"Privada";"2019";0
"Social";"Educação";"Estabelecimentos de Creche por Dependência Administrativa";"Tocantins";"Moju";"Privada";"2020";0
"Social";"Educação";"Estabelecimentos de Creche por Dependência Administrativa";"Tocantins";"Moju";"Privada";"2021";0
"Social";"Educação";"Estabelecimentos de Creche por Dependência Administrativa";"Tocantins";"Moju";"Privada";"2022";0
"Social";"Educação";"Estabelecimentos de Creche por Dependência Administrativa";"Tocantins";"Moju";"Privada";"2023";0
"Social";"Educação";"Estabelecimentos de Creche por Dependência Administrativa";"Tocantins";"Moju";"Privada";"2024";0
"Social";"Educação";"Estabelecimentos de Creche por Dependência Administrativa";"Baixo Amazonas";"Mojuí dos campos";"Privada";"2019";0
"Social";"Educação";"Estabelecimentos de Creche por Dependência Administrativa";"Baixo Amazonas";"Mojuí dos campos";"Privada";"2020";0
"Social";"Educação";"Estabelecimentos de Creche por Dependência Administrativa";"Baixo Amazonas";"Mojuí dos campos";"Privada";"2021";0
"Social";"Educação";"Estabelecimentos de Creche por Dependência Administrativa";"Baixo Amazonas";"Mojuí dos campos";"Privada";"2022";0
"Social";"Educação";"Estabelecimentos de Creche por Dependência Administrativa";"Baixo Amazonas";"Mojuí dos campos";"Privada";"2023";0
"Social";"Educação";"Estabelecimentos de Creche por Dependência Administrativa";"Baixo Amazonas";"Mojuí dos campos";"Privada";"2024";1
"Social";"Educação";"Estabelecimentos de Creche por Dependência Administrativa";"Baixo Amazonas";"Monte Alegre";"Privada";"2019";2
"Social";"Educação";"Estabelecimentos de Creche por Dependência Administrativa";"Baixo Amazonas";"Monte Alegre";"Privada";"2020";2
"Social";"Educação";"Estabelecimentos de Creche por Dependência Administrativa";"Baixo Amazonas";"Monte Alegre";"Privada";"2021";2
"Social";"Educação";"Estabelecimentos de Creche por Dependência Administrativa";"Baixo Amazonas";"Monte Alegre";"Privada";"2022";2
"Social";"Educação";"Estabelecimentos de Creche por Dependência Administrativa";"Baixo Amazonas";"Monte Alegre";"Privada";"2023";2
"Social";"Educação";"Estabelecimentos de Creche por Dependência Administrativa";"Baixo Amazonas";"Monte Alegre";"Privada";"2024";2
"Social";"Educação";"Estabelecimentos de Creche por Dependência Administrativa";"Marajó";"Muaná";"Privada";"2019";0
"Social";"Educação";"Estabelecimentos de Creche por Dependência Administrativa";"Marajó";"Muaná";"Privada";"2020";0
"Social";"Educação";"Estabelecimentos de Creche por Dependência Administrativa";"Marajó";"Muaná";"Privada";"2021";0
"Social";"Educação";"Estabelecimentos de Creche por Dependência Administrativa";"Marajó";"Muaná";"Privada";"2022";0
"Social";"Educação";"Estabelecimentos de Creche por Dependência Administrativa";"Marajó";"Muaná";"Privada";"2023";0
"Social";"Educação";"Estabelecimentos de Creche por Dependência Administrativa";"Marajó";"Muaná";"Privada";"2024";0
"Social";"Educação";"Estabelecimentos de Creche por Dependência Administrativa";"Rio Capim";"Nova Esperança do Piriá";"Privada";"2019";0
"Social";"Educação";"Estabelecimentos de Creche por Dependência Administrativa";"Rio Capim";"Nova Esperança do Piriá";"Privada";"2020";0
"Social";"Educação";"Estabelecimentos de Creche por Dependência Administrativa";"Rio Capim";"Nova Esperança do Piriá";"Privada";"2021";0
"Social";"Educação";"Estabelecimentos de Creche por Dependência Administrativa";"Rio Capim";"Nova Esperança do Piriá";"Privada";"2022";0
"Social";"Educação";"Estabelecimentos de Creche por Dependência Administrativa";"Rio Capim";"Nova Esperança do Piriá";"Privada";"2023";0
"Social";"Educação";"Estabelecimentos de Creche por Dependência Administrativa";"Rio Capim";"Nova Esperança do Piriá";"Privada";"2024";0
"Social";"Educação";"Estabelecimentos de Creche por Dependência Administrativa";"Lago de Tucuruí";"Nova Ipixuna";"Privada";"2019";0
"Social";"Educação";"Estabelecimentos de Creche por Dependência Administrativa";"Lago de Tucuruí";"Nova Ipixuna";"Privada";"2020";0
"Social";"Educação";"Estabelecimentos de Creche por Dependência Administrativa";"Lago de Tucuruí";"Nova Ipixuna";"Privada";"2021";1
"Social";"Educação";"Estabelecimentos de Creche por Dependência Administrativa";"Lago de Tucuruí";"Nova Ipixuna";"Privada";"2022";1
"Social";"Educação";"Estabelecimentos de Creche por Dependência Administrativa";"Lago de Tucuruí";"Nova Ipixuna";"Privada";"2023";0
"Social";"Educação";"Estabelecimentos de Creche por Dependência Administrativa";"Lago de Tucuruí";"Nova Ipixuna";"Privada";"2024";0
"Social";"Educação";"Estabelecimentos de Creche por Dependência Administrativa";"Rio Caeté";"Nova Timboteua";"Privada";"2019";0
"Social";"Educação";"Estabelecimentos de Creche por Dependência Administrativa";"Rio Caeté";"Nova Timboteua";"Privada";"2020";0
"Social";"Educação";"Estabelecimentos de Creche por Dependência Administrativa";"Rio Caeté";"Nova Timboteua";"Privada";"2021";0
"Social";"Educação";"Estabelecimentos de Creche por Dependência Administrativa";"Rio Caeté";"Nova Timboteua";"Privada";"2022";0
"Social";"Educação";"Estabelecimentos de Creche por Dependência Administrativa";"Rio Caeté";"Nova Timboteua";"Privada";"2023";0
"Social";"Educação";"Estabelecimentos de Creche por Dependência Administrativa";"Rio Caeté";"Nova Timboteua";"Privada";"2024";0
"Social";"Educação";"Estabelecimentos de Creche por Dependência Administrativa";"Tapajós";"Novo Progresso";"Privada";"2019";1
"Social";"Educação";"Estabelecimentos de Creche por Dependência Administrativa";"Tapajós";"Novo Progresso";"Privada";"2020";1
"Social";"Educação";"Estabelecimentos de Creche por Dependência Administrativa";"Tapajós";"Novo Progresso";"Privada";"2021";1
"Social";"Educação";"Estabelecimentos de Creche por Dependência Administrativa";"Tapajós";"Novo Progresso";"Privada";"2022";1
"Social";"Educação";"Estabelecimentos de Creche por Dependência Administrativa";"Tapajós";"Novo Progresso";"Privada";"2023";1
"Social";"Educação";"Estabelecimentos de Creche por Dependência Administrativa";"Tapajós";"Novo Progresso";"Privada";"2024";1
"Social";"Educação";"Estabelecimentos de Creche por Dependência Administrativa";"Lago de Tucuruí";"Novo Repartimento";"Privada";"2019";1
"Social";"Educação";"Estabelecimentos de Creche por Dependência Administrativa";"Lago de Tucuruí";"Novo Repartimento";"Privada";"2020";1
"Social";"Educação";"Estabelecimentos de Creche por Dependência Administrativa";"Lago de Tucuruí";"Novo Repartimento";"Privada";"2021";1
"Social";"Educação";"Estabelecimentos de Creche por Dependência Administrativa";"Lago de Tucuruí";"Novo Repartimento";"Privada";"2022";1
"Social";"Educação";"Estabelecimentos de Creche por Dependência Administrativa";"Lago de Tucuruí";"Novo Repartimento";"Privada";"2023";1
"Social";"Educação";"Estabelecimentos de Creche por Dependência Administrativa";"Lago de Tucuruí";"Novo Repartimento";"Privada";"2024";1
"Social";"Educação";"Estabelecimentos de Creche por Dependência Administrativa";"Baixo Amazonas";"Óbidos";"Privada";"2019";1
"Social";"Educação";"Estabelecimentos de Creche por Dependência Administrativa";"Baixo Amazonas";"Óbidos";"Privada";"2020";1
"Social";"Educação";"Estabelecimentos de Creche por Dependência Administrativa";"Baixo Amazonas";"Óbidos";"Privada";"2021";1
"Social";"Educação";"Estabelecimentos de Creche por Dependência Administrativa";"Baixo Amazonas";"Óbidos";"Privada";"2022";1
"Social";"Educação";"Estabelecimentos de Creche por Dependência Administrativa";"Baixo Amazonas";"Óbidos";"Privada";"2023";1
"Social";"Educação";"Estabelecimentos de Creche por Dependência Administrativa";"Baixo Amazonas";"Óbidos";"Privada";"2024";1
"Social";"Educação";"Estabelecimentos de Creche por Dependência Administrativa";"Marajó";"Oeiras do Pará";"Privada";"2019";0
"Social";"Educação";"Estabelecimentos de Creche por Dependência Administrativa";"Marajó";"Oeiras do Pará";"Privada";"2020";0
"Social";"Educação";"Estabelecimentos de Creche por Dependência Administrativa";"Marajó";"Oeiras do Pará";"Privada";"2021";0
"Social";"Educação";"Estabelecimentos de Creche por Dependência Administrativa";"Marajó";"Oeiras do Pará";"Privada";"2022";0
"Social";"Educação";"Estabelecimentos de Creche por Dependência Administrativa";"Marajó";"Oeiras do Pará";"Privada";"2023";0
"Social";"Educação";"Estabelecimentos de Creche por Dependência Administrativa";"Marajó";"Oeiras do Pará";"Privada";"2024";0
"Social";"Educação";"Estabelecimentos de Creche por Dependência Administrativa";"Baixo Amazonas";"Oriximiná";"Privada";"2019";4
"Social";"Educação";"Estabelecimentos de Creche por Dependência Administrativa";"Baixo Amazonas";"Oriximiná";"Privada";"2020";4
"Social";"Educação";"Estabelecimentos de Creche por Dependência Administrativa";"Baixo Amazonas";"Oriximiná";"Privada";"2021";3
"Social";"Educação";"Estabelecimentos de Creche por Dependência Administrativa";"Baixo Amazonas";"Oriximiná";"Privada";"2022";4
"Social";"Educação";"Estabelecimentos de Creche por Dependência Administrativa";"Baixo Amazonas";"Oriximiná";"Privada";"2023";4
"Social";"Educação";"Estabelecimentos de Creche por Dependência Administrativa";"Baixo Amazonas";"Oriximiná";"Privada";"2024";4
"Social";"Educação";"Estabelecimentos de Creche por Dependência Administrativa";"Rio Capim";"Ourém";"Privada";"2019";0
"Social";"Educação";"Estabelecimentos de Creche por Dependência Administrativa";"Rio Capim";"Ourém";"Privada";"2020";0
"Social";"Educação";"Estabelecimentos de Creche por Dependência Administrativa";"Rio Capim";"Ourém";"Privada";"2021";0
"Social";"Educação";"Estabelecimentos de Creche por Dependência Administrativa";"Rio Capim";"Ourém";"Privada";"2022";0
"Social";"Educação";"Estabelecimentos de Creche por Dependência Administrativa";"Rio Capim";"Ourém";"Privada";"2023";0
"Social";"Educação";"Estabelecimentos de Creche por Dependência Administrativa";"Rio Capim";"Ourém";"Privada";"2024";0
"Social";"Educação";"Estabelecimentos de Creche por Dependência Administrativa";"Araguaia";"Ourilândia do Norte";"Privada";"2019";1
"Social";"Educação";"Estabelecimentos de Creche por Dependência Administrativa";"Araguaia";"Ourilândia do Norte";"Privada";"2020";1
"Social";"Educação";"Estabelecimentos de Creche por Dependência Administrativa";"Araguaia";"Ourilândia do Norte";"Privada";"2021";1
"Social";"Educação";"Estabelecimentos de Creche por Dependência Administrativa";"Araguaia";"Ourilândia do Norte";"Privada";"2022";1
"Social";"Educação";"Estabelecimentos de Creche por Dependência Administrativa";"Araguaia";"Ourilândia do Norte";"Privada";"2023";1
"Social";"Educação";"Estabelecimentos de Creche por Dependência Administrativa";"Araguaia";"Ourilândia do Norte";"Privada";"2024";1
"Social";"Educação";"Estabelecimentos de Creche por Dependência Administrativa";"Xingu";"Pacajá";"Privada";"2019";2
"Social";"Educação";"Estabelecimentos de Creche por Dependência Administrativa";"Xingu";"Pacajá";"Privada";"2020";1
"Social";"Educação";"Estabelecimentos de Creche por Dependência Administrativa";"Xingu";"Pacajá";"Privada";"2021";1
"Social";"Educação";"Estabelecimentos de Creche por Dependência Administrativa";"Xingu";"Pacajá";"Privada";"2022";1
"Social";"Educação";"Estabelecimentos de Creche por Dependência Administrativa";"Xingu";"Pacajá";"Privada";"2023";0
"Social";"Educação";"Estabelecimentos de Creche por Dependência Administrativa";"Xingu";"Pacajá";"Privada";"2024";0
"Social";"Educação";"Estabelecimentos de Creche por Dependência Administrativa";"Carajás";"Palestina do Pará";"Privada";"2019";0
"Social";"Educação";"Estabelecimentos de Creche por Dependência Administrativa";"Carajás";"Palestina do Pará";"Privada";"2020";0
"Social";"Educação";"Estabelecimentos de Creche por Dependência Administrativa";"Carajás";"Palestina do Pará";"Privada";"2021";0
"Social";"Educação";"Estabelecimentos de Creche por Dependência Administrativa";"Carajás";"Palestina do Pará";"Privada";"2022";0
"Social";"Educação";"Estabelecimentos de Creche por Dependência Administrativa";"Carajás";"Palestina do Pará";"Privada";"2023";0
"Social";"Educação";"Estabelecimentos de Creche por Dependência Administrativa";"Carajás";"Palestina do Pará";"Privada";"2024";0
"Social";"Educação";"Estabelecimentos de Creche por Dependência Administrativa";"Rio Capim";"Paragominas";"Privada";"2019";3
"Social";"Educação";"Estabelecimentos de Creche por Dependência Administrativa";"Rio Capim";"Paragominas";"Privada";"2020";5
"Social";"Educação";"Estabelecimentos de Creche por Dependência Administrativa";"Rio Capim";"Paragominas";"Privada";"2021";4
"Social";"Educação";"Estabelecimentos de Creche por Dependência Administrativa";"Rio Capim";"Paragominas";"Privada";"2022";5
"Social";"Educação";"Estabelecimentos de Creche por Dependência Administrativa";"Rio Capim";"Paragominas";"Privada";"2023";5
"Social";"Educação";"Estabelecimentos de Creche por Dependência Administrativa";"Rio Capim";"Paragominas";"Privada";"2024";5
"Social";"Educação";"Estabelecimentos de Creche por Dependência Administrativa";"Carajás";"Parauapebas";"Privada";"2019";18
"Social";"Educação";"Estabelecimentos de Creche por Dependência Administrativa";"Carajás";"Parauapebas";"Privada";"2020";20
"Social";"Educação";"Estabelecimentos de Creche por Dependência Administrativa";"Carajás";"Parauapebas";"Privada";"2021";20
"Social";"Educação";"Estabelecimentos de Creche por Dependência Administrativa";"Carajás";"Parauapebas";"Privada";"2022";21
"Social";"Educação";"Estabelecimentos de Creche por Dependência Administrativa";"Carajás";"Parauapebas";"Privada";"2023";18
"Social";"Educação";"Estabelecimentos de Creche por Dependência Administrativa";"Carajás";"Parauapebas";"Privada";"2024";21
"Social";"Educação";"Estabelecimentos de Creche por Dependência Administrativa";"Araguaia";"Pau D'Arco";"Privada";"2019";0
"Social";"Educação";"Estabelecimentos de Creche por Dependência Administrativa";"Araguaia";"Pau D'Arco";"Privada";"2020";0
"Social";"Educação";"Estabelecimentos de Creche por Dependência Administrativa";"Araguaia";"Pau D'Arco";"Privada";"2021";0
"Social";"Educação";"Estabelecimentos de Creche por Dependência Administrativa";"Araguaia";"Pau D'Arco";"Privada";"2022";0
"Social";"Educação";"Estabelecimentos de Creche por Dependência Administrativa";"Araguaia";"Pau D'Arco";"Privada";"2023";0
"Social";"Educação";"Estabelecimentos de Creche por Dependência Administrativa";"Araguaia";"Pau D'Arco";"Privada";"2024";0
"Social";"Educação";"Estabelecimentos de Creche por Dependência Administrativa";"Rio Caeté";"Peixe-Boi";"Privada";"2019";0
"Social";"Educação";"Estabelecimentos de Creche por Dependência Administrativa";"Rio Caeté";"Peixe-Boi";"Privada";"2020";0
"Social";"Educação";"Estabelecimentos de Creche por Dependência Administrativa";"Rio Caeté";"Peixe-Boi";"Privada";"2021";0
"Social";"Educação";"Estabelecimentos de Creche por Dependência Administrativa";"Rio Caeté";"Peixe-Boi";"Privada";"2022";0
"Social";"Educação";"Estabelecimentos de Creche por Dependência Administrativa";"Rio Caeté";"Peixe-Boi";"Privada";"2023";0
"Social";"Educação";"Estabelecimentos de Creche por Dependência Administrativa";"Rio Caeté";"Peixe-Boi";"Privada";"2024";0
"Social";"Educação";"Estabelecimentos de Creche por Dependência Administrativa";"Carajás";"Piçarra";"Privada";"2019";0
"Social";"Educação";"Estabelecimentos de Creche por Dependência Administrativa";"Carajás";"Piçarra";"Privada";"2020";0
"Social";"Educação";"Estabelecimentos de Creche por Dependência Administrativa";"Carajás";"Piçarra";"Privada";"2021";0
"Social";"Educação";"Estabelecimentos de Creche por Dependência Administrativa";"Carajás";"Piçarra";"Privada";"2022";0
"Social";"Educação";"Estabelecimentos de Creche por Dependência Administrativa";"Carajás";"Piçarra";"Privada";"2023";0
"Social";"Educação";"Estabelecimentos de Creche por Dependência Administrativa";"Carajás";"Piçarra";"Privada";"2024";0
"Social";"Educação";"Estabelecimentos de Creche por Dependência Administrativa";"Xingu";"Placas";"Privada";"2019";0
"Social";"Educação";"Estabelecimentos de Creche por Dependência Administrativa";"Xingu";"Placas";"Privada";"2020";0
"Social";"Educação";"Estabelecimentos de Creche por Dependência Administrativa";"Xingu";"Placas";"Privada";"2021";0
"Social";"Educação";"Estabelecimentos de Creche por Dependência Administrativa";"Xingu";"Placas";"Privada";"2022";0
"Social";"Educação";"Estabelecimentos de Creche por Dependência Administrativa";"Xingu";"Placas";"Privada";"2023";0
"Social";"Educação";"Estabelecimentos de Creche por Dependência Administrativa";"Xingu";"Placas";"Privada";"2024";0
"Social";"Educação";"Estabelecimentos de Creche por Dependência Administrativa";"Marajó";"Ponta de Pedras";"Privada";"2019";0
"Social";"Educação";"Estabelecimentos de Creche por Dependência Administrativa";"Marajó";"Ponta de Pedras";"Privada";"2020";0
"Social";"Educação";"Estabelecimentos de Creche por Dependência Administrativa";"Marajó";"Ponta de Pedras";"Privada";"2021";0
"Social";"Educação";"Estabelecimentos de Creche por Dependência Administrativa";"Marajó";"Ponta de Pedras";"Privada";"2022";0
"Social";"Educação";"Estabelecimentos de Creche por Dependência Administrativa";"Marajó";"Ponta de Pedras";"Privada";"2023";0
"Social";"Educação";"Estabelecimentos de Creche por Dependência Administrativa";"Marajó";"Ponta de Pedras";"Privada";"2024";0
"Social";"Educação";"Estabelecimentos de Creche por Dependência Administrativa";"Marajó";"Portel";"Privada";"2019";0
"Social";"Educação";"Estabelecimentos de Creche por Dependência Administrativa";"Marajó";"Portel";"Privada";"2020";0
"Social";"Educação";"Estabelecimentos de Creche por Dependência Administrativa";"Marajó";"Portel";"Privada";"2021";0
"Social";"Educação";"Estabelecimentos de Creche por Dependência Administrativa";"Marajó";"Portel";"Privada";"2022";0
"Social";"Educação";"Estabelecimentos de Creche por Dependência Administrativa";"Marajó";"Portel";"Privada";"2023";0
"Social";"Educação";"Estabelecimentos de Creche por Dependência Administrativa";"Marajó";"Portel";"Privada";"2024";0
"Social";"Educação";"Estabelecimentos de Creche por Dependência Administrativa";"Xingu";"Porto de Moz";"Privada";"2019";0
"Social";"Educação";"Estabelecimentos de Creche por Dependência Administrativa";"Xingu";"Porto de Moz";"Privada";"2020";0
"Social";"Educação";"Estabelecimentos de Creche por Dependência Administrativa";"Xingu";"Porto de Moz";"Privada";"2021";0
"Social";"Educação";"Estabelecimentos de Creche por Dependência Administrativa";"Xingu";"Porto de Moz";"Privada";"2022";0
"Social";"Educação";"Estabelecimentos de Creche por Dependência Administrativa";"Xingu";"Porto de Moz";"Privada";"2023";0
"Social";"Educação";"Estabelecimentos de Creche por Dependência Administrativa";"Xingu";"Porto de Moz";"Privada";"2024";0
"Social";"Educação";"Estabelecimentos de Creche por Dependência Administrativa";"Baixo Amazonas";"Prainha";"Privada";"2019";0
"Social";"Educação";"Estabelecimentos de Creche por Dependência Administrativa";"Baixo Amazonas";"Prainha";"Privada";"2020";0
"Social";"Educação";"Estabelecimentos de Creche por Dependência Administrativa";"Baixo Amazonas";"Prainha";"Privada";"2021";0
"Social";"Educação";"Estabelecimentos de Creche por Dependência Administrativa";"Baixo Amazonas";"Prainha";"Privada";"2022";0
"Social";"Educação";"Estabelecimentos de Creche por Dependência Administrativa";"Baixo Amazonas";"Prainha";"Privada";"2023";0
"Social";"Educação";"Estabelecimentos de Creche por Dependência Administrativa";"Baixo Amazonas";"Prainha";"Privada";"2024";0
"Social";"Educação";"Estabelecimentos de Creche por Dependência Administrativa";"Rio Caeté";"Primavera";"Privada";"2019";0
"Social";"Educação";"Estabelecimentos de Creche por Dependência Administrativa";"Rio Caeté";"Primavera";"Privada";"2020";0
"Social";"Educação";"Estabelecimentos de Creche por Dependência Administrativa";"Rio Caeté";"Primavera";"Privada";"2021";0
"Social";"Educação";"Estabelecimentos de Creche por Dependência Administrativa";"Rio Caeté";"Primavera";"Privada";"2022";0
"Social";"Educação";"Estabelecimentos de Creche por Dependência Administrativa";"Rio Caeté";"Primavera";"Privada";"2023";0
"Social";"Educação";"Estabelecimentos de Creche por Dependência Administrativa";"Rio Caeté";"Primavera";"Privada";"2024";0
"Social";"Educação";"Estabelecimentos de Creche por Dependência Administrativa";"Rio Caeté";"Quatipuru";"Privada";"2019";0
"Social";"Educação";"Estabelecimentos de Creche por Dependência Administrativa";"Rio Caeté";"Quatipuru";"Privada";"2020";0
"Social";"Educação";"Estabelecimentos de Creche por Dependência Administrativa";"Rio Caeté";"Quatipuru";"Privada";"2021";0
"Social";"Educação";"Estabelecimentos de Creche por Dependência Administrativa";"Rio Caeté";"Quatipuru";"Privada";"2022";0
"Social";"Educação";"Estabelecimentos de Creche por Dependência Administrativa";"Rio Caeté";"Quatipuru";"Privada";"2023";0
"Social";"Educação";"Estabelecimentos de Creche por Dependência Administrativa";"Rio Caeté";"Quatipuru";"Privada";"2024";0
"Social";"Educação";"Estabelecimentos de Creche por Dependência Administrativa";"Araguaia";"Redenção";"Privada";"2019";6
"Social";"Educação";"Estabelecimentos de Creche por Dependência Administrativa";"Araguaia";"Redenção";"Privada";"2020";2
"Social";"Educação";"Estabelecimentos de Creche por Dependência Administrativa";"Araguaia";"Redenção";"Privada";"2021";1
"Social";"Educação";"Estabelecimentos de Creche por Dependência Administrativa";"Araguaia";"Redenção";"Privada";"2022";4
"Social";"Educação";"Estabelecimentos de Creche por Dependência Administrativa";"Araguaia";"Redenção";"Privada";"2023";7
"Social";"Educação";"Estabelecimentos de Creche por Dependência Administrativa";"Araguaia";"Redenção";"Privada";"2024";7
"Social";"Educação";"Estabelecimentos de Creche por Dependência Administrativa";"Araguaia";"Rio Maria";"Privada";"2019";3
"Social";"Educação";"Estabelecimentos de Creche por Dependência Administrativa";"Araguaia";"Rio Maria";"Privada";"2020";2
"Social";"Educação";"Estabelecimentos de Creche por Dependência Administrativa";"Araguaia";"Rio Maria";"Privada";"2021";2
"Social";"Educação";"Estabelecimentos de Creche por Dependência Administrativa";"Araguaia";"Rio Maria";"Privada";"2022";2
"Social";"Educação";"Estabelecimentos de Creche por Dependência Administrativa";"Araguaia";"Rio Maria";"Privada";"2023";2
"Social";"Educação";"Estabelecimentos de Creche por Dependência Administrativa";"Araguaia";"Rio Maria";"Privada";"2024";2
"Social";"Educação";"Estabelecimentos de Creche por Dependência Administrativa";"Rio Capim";"Rondon do Pará";"Privada";"2019";3
"Social";"Educação";"Estabelecimentos de Creche por Dependência Administrativa";"Rio Capim";"Rondon do Pará";"Privada";"2020";2
"Social";"Educação";"Estabelecimentos de Creche por Dependência Administrativa";"Rio Capim";"Rondon do Pará";"Privada";"2021";2
"Social";"Educação";"Estabelecimentos de Creche por Dependência Administrativa";"Rio Capim";"Rondon do Pará";"Privada";"2022";2
"Social";"Educação";"Estabelecimentos de Creche por Dependência Administrativa";"Rio Capim";"Rondon do Pará";"Privada";"2023";2
"Social";"Educação";"Estabelecimentos de Creche por Dependência Administrativa";"Rio Capim";"Rondon do Pará";"Privada";"2024";2
"Social";"Educação";"Estabelecimentos de Creche por Dependência Administrativa";"Tapajós";"Rurópolis";"Privada";"2019";0
"Social";"Educação";"Estabelecimentos de Creche por Dependência Administrativa";"Tapajós";"Rurópolis";"Privada";"2020";0
"Social";"Educação";"Estabelecimentos de Creche por Dependência Administrativa";"Tapajós";"Rurópolis";"Privada";"2021";0
"Social";"Educação";"Estabelecimentos de Creche por Dependência Administrativa";"Tapajós";"Rurópolis";"Privada";"2022";0
"Social";"Educação";"Estabelecimentos de Creche por Dependência Administrativa";"Tapajós";"Rurópolis";"Privada";"2023";0
"Social";"Educação";"Estabelecimentos de Creche por Dependência Administrativa";"Tapajós";"Rurópolis";"Privada";"2024";0
"Social";"Educação";"Estabelecimentos de Creche por Dependência Administrativa";"Rio Caeté";"Salinópolis";"Privada";"2019";0
"Social";"Educação";"Estabelecimentos de Creche por Dependência Administrativa";"Rio Caeté";"Salinópolis";"Privada";"2020";0
"Social";"Educação";"Estabelecimentos de Creche por Dependência Administrativa";"Rio Caeté";"Salinópolis";"Privada";"2021";0
"Social";"Educação";"Estabelecimentos de Creche por Dependência Administrativa";"Rio Caeté";"Salinópolis";"Privada";"2022";1
"Social";"Educação";"Estabelecimentos de Creche por Dependência Administrativa";"Rio Caeté";"Salinópolis";"Privada";"2023";1
"Social";"Educação";"Estabelecimentos de Creche por Dependência Administrativa";"Rio Caeté";"Salinópolis";"Privada";"2024";2
"Social";"Educação";"Estabelecimentos de Creche por Dependência Administrativa";"Marajó";"Salvaterra";"Privada";"2019";0
"Social";"Educação";"Estabelecimentos de Creche por Dependência Administrativa";"Marajó";"Salvaterra";"Privada";"2020";0
"Social";"Educação";"Estabelecimentos de Creche por Dependência Administrativa";"Marajó";"Salvaterra";"Privada";"2021";0
"Social";"Educação";"Estabelecimentos de Creche por Dependência Administrativa";"Marajó";"Salvaterra";"Privada";"2022";0
"Social";"Educação";"Estabelecimentos de Creche por Dependência Administrativa";"Marajó";"Salvaterra";"Privada";"2023";0
"Social";"Educação";"Estabelecimentos de Creche por Dependência Administrativa";"Marajó";"Salvaterra";"Privada";"2024";0
"Social";"Educação";"Estabelecimentos de Creche por Dependência Administrativa";"Guajará";"Santa Bárbara do Pará";"Privada";"2019";0
"Social";"Educação";"Estabelecimentos de Creche por Dependência Administrativa";"Guajará";"Santa Bárbara do Pará";"Privada";"2020";0
"Social";"Educação";"Estabelecimentos de Creche por Dependência Administrativa";"Guajará";"Santa Bárbara do Pará";"Privada";"2021";0
"Social";"Educação";"Estabelecimentos de Creche por Dependência Administrativa";"Guajará";"Santa Bárbara do Pará";"Privada";"2022";0
"Social";"Educação";"Estabelecimentos de Creche por Dependência Administrativa";"Guajará";"Santa Bárbara do Pará";"Privada";"2023";0
"Social";"Educação";"Estabelecimentos de Creche por Dependência Administrativa";"Guajará";"Santa Bárbara do Pará";"Privada";"2024";0
"Social";"Educação";"Estabelecimentos de Creche por Dependência Administrativa";"Marajó";"Santa Cruz do Arari";"Privada";"2019";0
"Social";"Educação";"Estabelecimentos de Creche por Dependência Administrativa";"Marajó";"Santa Cruz do Arari";"Privada";"2020";0
"Social";"Educação";"Estabelecimentos de Creche por Dependência Administrativa";"Marajó";"Santa Cruz do Arari";"Privada";"2021";0
"Social";"Educação";"Estabelecimentos de Creche por Dependência Administrativa";"Marajó";"Santa Cruz do Arari";"Privada";"2022";0
"Social";"Educação";"Estabelecimentos de Creche por Dependência Administrativa";"Marajó";"Santa Cruz do Arari";"Privada";"2023";0
"Social";"Educação";"Estabelecimentos de Creche por Dependência Administrativa";"Marajó";"Santa Cruz do Arari";"Privada";"2024";0
"Social";"Educação";"Estabelecimentos de Creche por Dependência Administrativa";"Guamá";"Santa Izabel do Pará";"Privada";"2019";4
"Social";"Educação";"Estabelecimentos de Creche por Dependência Administrativa";"Guamá";"Santa Izabel do Pará";"Privada";"2020";4
"Social";"Educação";"Estabelecimentos de Creche por Dependência Administrativa";"Guamá";"Santa Izabel do Pará";"Privada";"2021";4
"Social";"Educação";"Estabelecimentos de Creche por Dependência Administrativa";"Guamá";"Santa Izabel do Pará";"Privada";"2022";4
"Social";"Educação";"Estabelecimentos de Creche por Dependência Administrativa";"Guamá";"Santa Izabel do Pará";"Privada";"2023";4
"Social";"Educação";"Estabelecimentos de Creche por Dependência Administrativa";"Guamá";"Santa Izabel do Pará";"Privada";"2024";5
"Social";"Educação";"Estabelecimentos de Creche por Dependência Administrativa";"Rio Caeté";"Santa Luzia do Pará";"Privada";"2019";0
"Social";"Educação";"Estabelecimentos de Creche por Dependência Administrativa";"Rio Caeté";"Santa Luzia do Pará";"Privada";"2020";0
"Social";"Educação";"Estabelecimentos de Creche por Dependência Administrativa";"Rio Caeté";"Santa Luzia do Pará";"Privada";"2021";0
"Social";"Educação";"Estabelecimentos de Creche por Dependência Administrativa";"Rio Caeté";"Santa Luzia do Pará";"Privada";"2022";0
"Social";"Educação";"Estabelecimentos de Creche por Dependência Administrativa";"Rio Caeté";"Santa Luzia do Pará";"Privada";"2023";0
"Social";"Educação";"Estabelecimentos de Creche por Dependência Administrativa";"Rio Caeté";"Santa Luzia do Pará";"Privada";"2024";0
"Social";"Educação";"Estabelecimentos de Creche por Dependência Administrativa";"Araguaia";"Santa Maria das Barreiras";"Privada";"2019";0
"Social";"Educação";"Estabelecimentos de Creche por Dependência Administrativa";"Araguaia";"Santa Maria das Barreiras";"Privada";"2020";0
"Social";"Educação";"Estabelecimentos de Creche por Dependência Administrativa";"Araguaia";"Santa Maria das Barreiras";"Privada";"2021";0
"Social";"Educação";"Estabelecimentos de Creche por Dependência Administrativa";"Araguaia";"Santa Maria das Barreiras";"Privada";"2022";0
"Social";"Educação";"Estabelecimentos de Creche por Dependência Administrativa";"Araguaia";"Santa Maria das Barreiras";"Privada";"2023";0
"Social";"Educação";"Estabelecimentos de Creche por Dependência Administrativa";"Araguaia";"Santa Maria das Barreiras";"Privada";"2024";0
"Social";"Educação";"Estabelecimentos de Creche por Dependência Administrativa";"Guamá";"Santa Maria do Pará";"Privada";"2019";1
"Social";"Educação";"Estabelecimentos de Creche por Dependência Administrativa";"Guamá";"Santa Maria do Pará";"Privada";"2020";0
"Social";"Educação";"Estabelecimentos de Creche por Dependência Administrativa";"Guamá";"Santa Maria do Pará";"Privada";"2021";1
"Social";"Educação";"Estabelecimentos de Creche por Dependência Administrativa";"Guamá";"Santa Maria do Pará";"Privada";"2022";1
"Social";"Educação";"Estabelecimentos de Creche por Dependência Administrativa";"Guamá";"Santa Maria do Pará";"Privada";"2023";2
"Social";"Educação";"Estabelecimentos de Creche por Dependência Administrativa";"Guamá";"Santa Maria do Pará";"Privada";"2024";2
"Social";"Educação";"Estabelecimentos de Creche por Dependência Administrativa";"Araguaia";"Santana do Araguaia";"Privada";"2019";3
"Social";"Educação";"Estabelecimentos de Creche por Dependência Administrativa";"Araguaia";"Santana do Araguaia";"Privada";"2020";3
"Social";"Educação";"Estabelecimentos de Creche por Dependência Administrativa";"Araguaia";"Santana do Araguaia";"Privada";"2021";1
"Social";"Educação";"Estabelecimentos de Creche por Dependência Administrativa";"Araguaia";"Santana do Araguaia";"Privada";"2022";3
"Social";"Educação";"Estabelecimentos de Creche por Dependência Administrativa";"Araguaia";"Santana do Araguaia";"Privada";"2023";3
"Social";"Educação";"Estabelecimentos de Creche por Dependência Administrativa";"Araguaia";"Santana do Araguaia";"Privada";"2024";2
"Social";"Educação";"Estabelecimentos de Creche por Dependência Administrativa";"Baixo Amazonas";"Santarém";"Privada";"2019";32
"Social";"Educação";"Estabelecimentos de Creche por Dependência Administrativa";"Baixo Amazonas";"Santarém";"Privada";"2020";34
"Social";"Educação";"Estabelecimentos de Creche por Dependência Administrativa";"Baixo Amazonas";"Santarém";"Privada";"2021";30
"Social";"Educação";"Estabelecimentos de Creche por Dependência Administrativa";"Baixo Amazonas";"Santarém";"Privada";"2022";34
"Social";"Educação";"Estabelecimentos de Creche por Dependência Administrativa";"Baixo Amazonas";"Santarém";"Privada";"2023";35
"Social";"Educação";"Estabelecimentos de Creche por Dependência Administrativa";"Baixo Amazonas";"Santarém";"Privada";"2024";36
"Social";"Educação";"Estabelecimentos de Creche por Dependência Administrativa";"Rio Caeté";"Santarém Novo";"Privada";"2019";0
"Social";"Educação";"Estabelecimentos de Creche por Dependência Administrativa";"Rio Caeté";"Santarém Novo";"Privada";"2020";0
"Social";"Educação";"Estabelecimentos de Creche por Dependência Administrativa";"Rio Caeté";"Santarém Novo";"Privada";"2021";0
"Social";"Educação";"Estabelecimentos de Creche por Dependência Administrativa";"Rio Caeté";"Santarém Novo";"Privada";"2022";0
"Social";"Educação";"Estabelecimentos de Creche por Dependência Administrativa";"Rio Caeté";"Santarém Novo";"Privada";"2023";0
"Social";"Educação";"Estabelecimentos de Creche por Dependência Administrativa";"Rio Caeté";"Santarém Novo";"Privada";"2024";0
"Social";"Educação";"Estabelecimentos de Creche por Dependência Administrativa";"Guamá";"Santo Antônio do Tauá";"Privada";"2019";2
"Social";"Educação";"Estabelecimentos de Creche por Dependência Administrativa";"Guamá";"Santo Antônio do Tauá";"Privada";"2020";2
"Social";"Educação";"Estabelecimentos de Creche por Dependência Administrativa";"Guamá";"Santo Antônio do Tauá";"Privada";"2021";1
"Social";"Educação";"Estabelecimentos de Creche por Dependência Administrativa";"Guamá";"Santo Antônio do Tauá";"Privada";"2022";3
"Social";"Educação";"Estabelecimentos de Creche por Dependência Administrativa";"Guamá";"Santo Antônio do Tauá";"Privada";"2023";2
"Social";"Educação";"Estabelecimentos de Creche por Dependência Administrativa";"Guamá";"Santo Antônio do Tauá";"Privada";"2024";3
"Social";"Educação";"Estabelecimentos de Creche por Dependência Administrativa";"Guamá";"São Caetano de Odivelas";"Privada";"2019";0
"Social";"Educação";"Estabelecimentos de Creche por Dependência Administrativa";"Guamá";"São Caetano de Odivelas";"Privada";"2020";0
"Social";"Educação";"Estabelecimentos de Creche por Dependência Administrativa";"Guamá";"São Caetano de Odivelas";"Privada";"2021";0
"Social";"Educação";"Estabelecimentos de Creche por Dependência Administrativa";"Guamá";"São Caetano de Odivelas";"Privada";"2022";0
"Social";"Educação";"Estabelecimentos de Creche por Dependência Administrativa";"Guamá";"São Caetano de Odivelas";"Privada";"2023";0
"Social";"Educação";"Estabelecimentos de Creche por Dependência Administrativa";"Guamá";"São Caetano de Odivelas";"Privada";"2024";0
"Social";"Educação";"Estabelecimentos de Creche por Dependência Administrativa";"Carajás";"São Domingos do Araguaia";"Privada";"2019";0
"Social";"Educação";"Estabelecimentos de Creche por Dependência Administrativa";"Carajás";"São Domingos do Araguaia";"Privada";"2020";1
"Social";"Educação";"Estabelecimentos de Creche por Dependência Administrativa";"Carajás";"São Domingos do Araguaia";"Privada";"2021";1
"Social";"Educação";"Estabelecimentos de Creche por Dependência Administrativa";"Carajás";"São Domingos do Araguaia";"Privada";"2022";1
"Social";"Educação";"Estabelecimentos de Creche por Dependência Administrativa";"Carajás";"São Domingos do Araguaia";"Privada";"2023";1
"Social";"Educação";"Estabelecimentos de Creche por Dependência Administrativa";"Carajás";"São Domingos do Araguaia";"Privada";"2024";2
"Social";"Educação";"Estabelecimentos de Creche por Dependência Administrativa";"Guamá";"São Domingos do Capim";"Privada";"2019";1
"Social";"Educação";"Estabelecimentos de Creche por Dependência Administrativa";"Guamá";"São Domingos do Capim";"Privada";"2020";1
"Social";"Educação";"Estabelecimentos de Creche por Dependência Administrativa";"Guamá";"São Domingos do Capim";"Privada";"2021";1
"Social";"Educação";"Estabelecimentos de Creche por Dependência Administrativa";"Guamá";"São Domingos do Capim";"Privada";"2022";1
"Social";"Educação";"Estabelecimentos de Creche por Dependência Administrativa";"Guamá";"São Domingos do Capim";"Privada";"2023";1
"Social";"Educação";"Estabelecimentos de Creche por Dependência Administrativa";"Guamá";"São Domingos do Capim";"Privada";"2024";1
"Social";"Educação";"Estabelecimentos de Creche por Dependência Administrativa";"Araguaia";"São Félix do Xingu";"Privada";"2019";2
"Social";"Educação";"Estabelecimentos de Creche por Dependência Administrativa";"Araguaia";"São Félix do Xingu";"Privada";"2020";1
"Social";"Educação";"Estabelecimentos de Creche por Dependência Administrativa";"Araguaia";"São Félix do Xingu";"Privada";"2021";0
"Social";"Educação";"Estabelecimentos de Creche por Dependência Administrativa";"Araguaia";"São Félix do Xingu";"Privada";"2022";1
"Social";"Educação";"Estabelecimentos de Creche por Dependência Administrativa";"Araguaia";"São Félix do Xingu";"Privada";"2023";1
"Social";"Educação";"Estabelecimentos de Creche por Dependência Administrativa";"Araguaia";"São Félix do Xingu";"Privada";"2024";1
"Social";"Educação";"Estabelecimentos de Creche por Dependência Administrativa";"Guamá";"São Francisco do Pará";"Privada";"2019";1
"Social";"Educação";"Estabelecimentos de Creche por Dependência Administrativa";"Guamá";"São Francisco do Pará";"Privada";"2020";1
"Social";"Educação";"Estabelecimentos de Creche por Dependência Administrativa";"Guamá";"São Francisco do Pará";"Privada";"2021";0
"Social";"Educação";"Estabelecimentos de Creche por Dependência Administrativa";"Guamá";"São Francisco do Pará";"Privada";"2022";0
"Social";"Educação";"Estabelecimentos de Creche por Dependência Administrativa";"Guamá";"São Francisco do Pará";"Privada";"2023";1
"Social";"Educação";"Estabelecimentos de Creche por Dependência Administrativa";"Guamá";"São Francisco do Pará";"Privada";"2024";1
"Social";"Educação";"Estabelecimentos de Creche por Dependência Administrativa";"Carajás";"São Geraldo do Araguaia";"Privada";"2019";1
"Social";"Educação";"Estabelecimentos de Creche por Dependência Administrativa";"Carajás";"São Geraldo do Araguaia";"Privada";"2020";0
"Social";"Educação";"Estabelecimentos de Creche por Dependência Administrativa";"Carajás";"São Geraldo do Araguaia";"Privada";"2021";1
"Social";"Educação";"Estabelecimentos de Creche por Dependência Administrativa";"Carajás";"São Geraldo do Araguaia";"Privada";"2022";1
"Social";"Educação";"Estabelecimentos de Creche por Dependência Administrativa";"Carajás";"São Geraldo do Araguaia";"Privada";"2023";0
"Social";"Educação";"Estabelecimentos de Creche por Dependência Administrativa";"Carajás";"São Geraldo do Araguaia";"Privada";"2024";0
"Social";"Educação";"Estabelecimentos de Creche por Dependência Administrativa";"Guamá";"São João da Ponta";"Privada";"2019";0
"Social";"Educação";"Estabelecimentos de Creche por Dependência Administrativa";"Guamá";"São João da Ponta";"Privada";"2020";0
"Social";"Educação";"Estabelecimentos de Creche por Dependência Administrativa";"Guamá";"São João da Ponta";"Privada";"2021";0
"Social";"Educação";"Estabelecimentos de Creche por Dependência Administrativa";"Guamá";"São João da Ponta";"Privada";"2022";0
"Social";"Educação";"Estabelecimentos de Creche por Dependência Administrativa";"Guamá";"São João da Ponta";"Privada";"2023";0
"Social";"Educação";"Estabelecimentos de Creche por Dependência Administrativa";"Guamá";"São João da Ponta";"Privada";"2024";0
"Social";"Educação";"Estabelecimentos de Creche por Dependência Administrativa";"Rio Caeté";"São João de Pirabas";"Privada";"2019";0
"Social";"Educação";"Estabelecimentos de Creche por Dependência Administrativa";"Rio Caeté";"São João de Pirabas";"Privada";"2020";0
"Social";"Educação";"Estabelecimentos de Creche por Dependência Administrativa";"Rio Caeté";"São João de Pirabas";"Privada";"2021";0
"Social";"Educação";"Estabelecimentos de Creche por Dependência Administrativa";"Rio Caeté";"São João de Pirabas";"Privada";"2022";0
"Social";"Educação";"Estabelecimentos de Creche por Dependência Administrativa";"Rio Caeté";"São João de Pirabas";"Privada";"2023";0
"Social";"Educação";"Estabelecimentos de Creche por Dependência Administrativa";"Rio Caeté";"São João de Pirabas";"Privada";"2024";0
"Social";"Educação";"Estabelecimentos de Creche por Dependência Administrativa";"Carajás";"São João do Araguaia";"Privada";"2019";0
"Social";"Educação";"Estabelecimentos de Creche por Dependência Administrativa";"Carajás";"São João do Araguaia";"Privada";"2020";0
"Social";"Educação";"Estabelecimentos de Creche por Dependência Administrativa";"Carajás";"São João do Araguaia";"Privada";"2021";0
"Social";"Educação";"Estabelecimentos de Creche por Dependência Administrativa";"Carajás";"São João do Araguaia";"Privada";"2022";0
"Social";"Educação";"Estabelecimentos de Creche por Dependência Administrativa";"Carajás";"São João do Araguaia";"Privada";"2023";0
"Social";"Educação";"Estabelecimentos de Creche por Dependência Administrativa";"Carajás";"São João do Araguaia";"Privada";"2024";0
"Social";"Educação";"Estabelecimentos de Creche por Dependência Administrativa";"Guamá";"São Miguel do Guamá";"Privada";"2019";1
"Social";"Educação";"Estabelecimentos de Creche por Dependência Administrativa";"Guamá";"São Miguel do Guamá";"Privada";"2020";1
"Social";"Educação";"Estabelecimentos de Creche por Dependência Administrativa";"Guamá";"São Miguel do Guamá";"Privada";"2021";1
"Social";"Educação";"Estabelecimentos de Creche por Dependência Administrativa";"Guamá";"São Miguel do Guamá";"Privada";"2022";1
"Social";"Educação";"Estabelecimentos de Creche por Dependência Administrativa";"Guamá";"São Miguel do Guamá";"Privada";"2023";0
"Social";"Educação";"Estabelecimentos de Creche por Dependência Administrativa";"Guamá";"São Miguel do Guamá";"Privada";"2024";1
"Social";"Educação";"Estabelecimentos de Creche por Dependência Administrativa";"Marajó";"São Sebastião da Boa Vista";"Privada";"2019";0
"Social";"Educação";"Estabelecimentos de Creche por Dependência Administrativa";"Marajó";"São Sebastião da Boa Vista";"Privada";"2020";0
"Social";"Educação";"Estabelecimentos de Creche por Dependência Administrativa";"Marajó";"São Sebastião da Boa Vista";"Privada";"2021";0
"Social";"Educação";"Estabelecimentos de Creche por Dependência Administrativa";"Marajó";"São Sebastião da Boa Vista";"Privada";"2022";0
"Social";"Educação";"Estabelecimentos de Creche por Dependência Administrativa";"Marajó";"São Sebastião da Boa Vista";"Privada";"2023";0
"Social";"Educação";"Estabelecimentos de Creche por Dependência Administrativa";"Marajó";"São Sebastião da Boa Vista";"Privada";"2024";0
"Social";"Educação";"Estabelecimentos de Creche por Dependência Administrativa";"Araguaia";"Sapucaia";"Privada";"2019";0
"Social";"Educação";"Estabelecimentos de Creche por Dependência Administrativa";"Araguaia";"Sapucaia";"Privada";"2020";0
"Social";"Educação";"Estabelecimentos de Creche por Dependência Administrativa";"Araguaia";"Sapucaia";"Privada";"2021";0
"Social";"Educação";"Estabelecimentos de Creche por Dependência Administrativa";"Araguaia";"Sapucaia";"Privada";"2022";0
"Social";"Educação";"Estabelecimentos de Creche por Dependência Administrativa";"Araguaia";"Sapucaia";"Privada";"2023";0
"Social";"Educação";"Estabelecimentos de Creche por Dependência Administrativa";"Araguaia";"Sapucaia";"Privada";"2024";0
"Social";"Educação";"Estabelecimentos de Creche por Dependência Administrativa";"Xingu";"Senador José Porfírio";"Privada";"2019";0
"Social";"Educação";"Estabelecimentos de Creche por Dependência Administrativa";"Xingu";"Senador José Porfírio";"Privada";"2020";0
"Social";"Educação";"Estabelecimentos de Creche por Dependência Administrativa";"Xingu";"Senador José Porfírio";"Privada";"2021";0
"Social";"Educação";"Estabelecimentos de Creche por Dependência Administrativa";"Xingu";"Senador José Porfírio";"Privada";"2022";0
"Social";"Educação";"Estabelecimentos de Creche por Dependência Administrativa";"Xingu";"Senador José Porfírio";"Privada";"2023";0
"Social";"Educação";"Estabelecimentos de Creche por Dependência Administrativa";"Xingu";"Senador José Porfírio";"Privada";"2024";0
"Social";"Educação";"Estabelecimentos de Creche por Dependência Administrativa";"Marajó";"Soure";"Privada";"2019";0
"Social";"Educação";"Estabelecimentos de Creche por Dependência Administrativa";"Marajó";"Soure";"Privada";"2020";0
"Social";"Educação";"Estabelecimentos de Creche por Dependência Administrativa";"Marajó";"Soure";"Privada";"2021";0
"Social";"Educação";"Estabelecimentos de Creche por Dependência Administrativa";"Marajó";"Soure";"Privada";"2022";0
"Social";"Educação";"Estabelecimentos de Creche por Dependência Administrativa";"Marajó";"Soure";"Privada";"2023";0
"Social";"Educação";"Estabelecimentos de Creche por Dependência Administrativa";"Marajó";"Soure";"Privada";"2024";0
"Social";"Educação";"Estabelecimentos de Creche por Dependência Administrativa";"Tocantins";"Tailândia";"Privada";"2019";4
"Social";"Educação";"Estabelecimentos de Creche por Dependência Administrativa";"Tocantins";"Tailândia";"Privada";"2020";4
"Social";"Educação";"Estabelecimentos de Creche por Dependência Administrativa";"Tocantins";"Tailândia";"Privada";"2021";4
"Social";"Educação";"Estabelecimentos de Creche por Dependência Administrativa";"Tocantins";"Tailândia";"Privada";"2022";5
"Social";"Educação";"Estabelecimentos de Creche por Dependência Administrativa";"Tocantins";"Tailândia";"Privada";"2023";5
"Social";"Educação";"Estabelecimentos de Creche por Dependência Administrativa";"Tocantins";"Tailândia";"Privada";"2024";5
"Social";"Educação";"Estabelecimentos de Creche por Dependência Administrativa";"Guamá";"Terra Alta";"Privada";"2019";0
"Social";"Educação";"Estabelecimentos de Creche por Dependência Administrativa";"Guamá";"Terra Alta";"Privada";"2020";0
"Social";"Educação";"Estabelecimentos de Creche por Dependência Administrativa";"Guamá";"Terra Alta";"Privada";"2021";1
"Social";"Educação";"Estabelecimentos de Creche por Dependência Administrativa";"Guamá";"Terra Alta";"Privada";"2022";1
"Social";"Educação";"Estabelecimentos de Creche por Dependência Administrativa";"Guamá";"Terra Alta";"Privada";"2023";1
"Social";"Educação";"Estabelecimentos de Creche por Dependência Administrativa";"Guamá";"Terra Alta";"Privada";"2024";2
"Social";"Educação";"Estabelecimentos de Creche por Dependência Administrativa";"Baixo Amazonas";"Terra Santa";"Privada";"2019";0
"Social";"Educação";"Estabelecimentos de Creche por Dependência Administrativa";"Baixo Amazonas";"Terra Santa";"Privada";"2020";0
"Social";"Educação";"Estabelecimentos de Creche por Dependência Administrativa";"Baixo Amazonas";"Terra Santa";"Privada";"2021";0
"Social";"Educação";"Estabelecimentos de Creche por Dependência Administrativa";"Baixo Amazonas";"Terra Santa";"Privada";"2022";0
"Social";"Educação";"Estabelecimentos de Creche por Dependência Administrativa";"Baixo Amazonas";"Terra Santa";"Privada";"2023";0
"Social";"Educação";"Estabelecimentos de Creche por Dependência Administrativa";"Baixo Amazonas";"Terra Santa";"Privada";"2024";0
"Social";"Educação";"Estabelecimentos de Creche por Dependência Administrativa";"Rio Capim";"Tomé-Açu";"Privada";"2019";2
"Social";"Educação";"Estabelecimentos de Creche por Dependência Administrativa";"Rio Capim";"Tomé-Açu";"Privada";"2020";2
"Social";"Educação";"Estabelecimentos de Creche por Dependência Administrativa";"Rio Capim";"Tomé-Açu";"Privada";"2021";2
"Social";"Educação";"Estabelecimentos de Creche por Dependência Administrativa";"Rio Capim";"Tomé-Açu";"Privada";"2022";2
"Social";"Educação";"Estabelecimentos de Creche por Dependência Administrativa";"Rio Capim";"Tomé-Açu";"Privada";"2023";2
"Social";"Educação";"Estabelecimentos de Creche por Dependência Administrativa";"Rio Capim";"Tomé-Açu";"Privada";"2024";2
"Social";"Educação";"Estabelecimentos de Creche por Dependência Administrativa";"Rio Caeté";"Tracuateua";"Privada";"2019";0
"Social";"Educação";"Estabelecimentos de Creche por Dependência Administrativa";"Rio Caeté";"Tracuateua";"Privada";"2020";0
"Social";"Educação";"Estabelecimentos de Creche por Dependência Administrativa";"Rio Caeté";"Tracuateua";"Privada";"2021";0
"Social";"Educação";"Estabelecimentos de Creche por Dependência Administrativa";"Rio Caeté";"Tracuateua";"Privada";"2022";0
"Social";"Educação";"Estabelecimentos de Creche por Dependência Administrativa";"Rio Caeté";"Tracuateua";"Privada";"2023";0
"Social";"Educação";"Estabelecimentos de Creche por Dependência Administrativa";"Rio Caeté";"Tracuateua";"Privada";"2024";0
"Social";"Educação";"Estabelecimentos de Creche por Dependência Administrativa";"Tapajós";"Trairão";"Privada";"2019";0
"Social";"Educação";"Estabelecimentos de Creche por Dependência Administrativa";"Tapajós";"Trairão";"Privada";"2020";0
"Social";"Educação";"Estabelecimentos de Creche por Dependência Administrativa";"Tapajós";"Trairão";"Privada";"2021";0
"Social";"Educação";"Estabelecimentos de Creche por Dependência Administrativa";"Tapajós";"Trairão";"Privada";"2022";0
"Social";"Educação";"Estabelecimentos de Creche por Dependência Administrativa";"Tapajós";"Trairão";"Privada";"2023";0
"Social";"Educação";"Estabelecimentos de Creche por Dependência Administrativa";"Tapajós";"Trairão";"Privada";"2024";0
"Social";"Educação";"Estabelecimentos de Creche por Dependência Administrativa";"Araguaia";"Tucumã";"Privada";"2019";3
"Social";"Educação";"Estabelecimentos de Creche por Dependência Administrativa";"Araguaia";"Tucumã";"Privada";"2020";3
"Social";"Educação";"Estabelecimentos de Creche por Dependência Administrativa";"Araguaia";"Tucumã";"Privada";"2021";2
"Social";"Educação";"Estabelecimentos de Creche por Dependência Administrativa";"Araguaia";"Tucumã";"Privada";"2022";3
"Social";"Educação";"Estabelecimentos de Creche por Dependência Administrativa";"Araguaia";"Tucumã";"Privada";"2023";1
"Social";"Educação";"Estabelecimentos de Creche por Dependência Administrativa";"Araguaia";"Tucumã";"Privada";"2024";3
"Social";"Educação";"Estabelecimentos de Creche por Dependência Administrativa";"Lago de Tucuruí";"Tucuruí";"Privada";"2019";8
"Social";"Educação";"Estabelecimentos de Creche por Dependência Administrativa";"Lago de Tucuruí";"Tucuruí";"Privada";"2020";8
"Social";"Educação";"Estabelecimentos de Creche por Dependência Administrativa";"Lago de Tucuruí";"Tucuruí";"Privada";"2021";6
"Social";"Educação";"Estabelecimentos de Creche por Dependência Administrativa";"Lago de Tucuruí";"Tucuruí";"Privada";"2022";7
"Social";"Educação";"Estabelecimentos de Creche por Dependência Administrativa";"Lago de Tucuruí";"Tucuruí";"Privada";"2023";7
"Social";"Educação";"Estabelecimentos de Creche por Dependência Administrativa";"Lago de Tucuruí";"Tucuruí";"Privada";"2024";7
"Social";"Educação";"Estabelecimentos de Creche por Dependência Administrativa";"Rio Capim";"Ulianópolis";"Privada";"2019";1
"Social";"Educação";"Estabelecimentos de Creche por Dependência Administrativa";"Rio Capim";"Ulianópolis";"Privada";"2020";0
"Social";"Educação";"Estabelecimentos de Creche por Dependência Administrativa";"Rio Capim";"Ulianópolis";"Privada";"2021";1
"Social";"Educação";"Estabelecimentos de Creche por Dependência Administrativa";"Rio Capim";"Ulianópolis";"Privada";"2022";1
"Social";"Educação";"Estabelecimentos de Creche por Dependência Administrativa";"Rio Capim";"Ulianópolis";"Privada";"2023";1
"Social";"Educação";"Estabelecimentos de Creche por Dependência Administrativa";"Rio Capim";"Ulianópolis";"Privada";"2024";1
"Social";"Educação";"Estabelecimentos de Creche por Dependência Administrativa";"Xingu";"Uruará";"Privada";"2019";2
"Social";"Educação";"Estabelecimentos de Creche por Dependência Administrativa";"Xingu";"Uruará";"Privada";"2020";2
"Social";"Educação";"Estabelecimentos de Creche por Dependência Administrativa";"Xingu";"Uruará";"Privada";"2021";0
"Social";"Educação";"Estabelecimentos de Creche por Dependência Administrativa";"Xingu";"Uruará";"Privada";"2022";2
"Social";"Educação";"Estabelecimentos de Creche por Dependência Administrativa";"Xingu";"Uruará";"Privada";"2023";2
"Social";"Educação";"Estabelecimentos de Creche por Dependência Administrativa";"Xingu";"Uruará";"Privada";"2024";2
"Social";"Educação";"Estabelecimentos de Creche por Dependência Administrativa";"Guamá";"Vigia";"Privada";"2019";3
"Social";"Educação";"Estabelecimentos de Creche por Dependência Administrativa";"Guamá";"Vigia";"Privada";"2020";3
"Social";"Educação";"Estabelecimentos de Creche por Dependência Administrativa";"Guamá";"Vigia";"Privada";"2021";3
"Social";"Educação";"Estabelecimentos de Creche por Dependência Administrativa";"Guamá";"Vigia";"Privada";"2022";3
"Social";"Educação";"Estabelecimentos de Creche por Dependência Administrativa";"Guamá";"Vigia";"Privada";"2023";3
"Social";"Educação";"Estabelecimentos de Creche por Dependência Administrativa";"Guamá";"Vigia";"Privada";"2024";3
"Social";"Educação";"Estabelecimentos de Creche por Dependência Administrativa";"Rio Caeté";"Viseu";"Privada";"2019";0
"Social";"Educação";"Estabelecimentos de Creche por Dependência Administrativa";"Rio Caeté";"Viseu";"Privada";"2020";0
"Social";"Educação";"Estabelecimentos de Creche por Dependência Administrativa";"Rio Caeté";"Viseu";"Privada";"2021";0
"Social";"Educação";"Estabelecimentos de Creche por Dependência Administrativa";"Rio Caeté";"Viseu";"Privada";"2022";0
"Social";"Educação";"Estabelecimentos de Creche por Dependência Administrativa";"Rio Caeté";"Viseu";"Privada";"2023";0
"Social";"Educação";"Estabelecimentos de Creche por Dependência Administrativa";"Rio Caeté";"Viseu";"Privada";"2024";0
"Social";"Educação";"Estabelecimentos de Creche por Dependência Administrativa";"Xingu";"Vitória do Xingu";"Privada";"2019";1
"Social";"Educação";"Estabelecimentos de Creche por Dependência Administrativa";"Xingu";"Vitória do Xingu";"Privada";"2020";0
"Social";"Educação";"Estabelecimentos de Creche por Dependência Administrativa";"Xingu";"Vitória do Xingu";"Privada";"2021";0
"Social";"Educação";"Estabelecimentos de Creche por Dependência Administrativa";"Xingu";"Vitória do Xingu";"Privada";"2022";0
"Social";"Educação";"Estabelecimentos de Creche por Dependência Administrativa";"Xingu";"Vitória do Xingu";"Privada";"2023";0
"Social";"Educação";"Estabelecimentos de Creche por Dependência Administrativa";"Xingu";"Vitória do Xingu";"Privada";"2024";0
"Social";"Educação";"Estabelecimentos de Creche por Dependência Administrativa";"Araguaia";"Xinguara";"Privada";"2019";3
"Social";"Educação";"Estabelecimentos de Creche por Dependência Administrativa";"Araguaia";"Xinguara";"Privada";"2020";3
"Social";"Educação";"Estabelecimentos de Creche por Dependência Administrativa";"Araguaia";"Xinguara";"Privada";"2021";3
"Social";"Educação";"Estabelecimentos de Creche por Dependência Administrativa";"Araguaia";"Xinguara";"Privada";"2022";4
"Social";"Educação";"Estabelecimentos de Creche por Dependência Administrativa";"Araguaia";"Xinguara";"Privada";"2023";4
"Social";"Educação";"Estabelecimentos de Creche por Dependência Administrativa";"Araguaia";"Xinguara";"Privada";"2024";4
"Social";"Educação";"Estabelecimentos de Creche por Dependência Administrativa";"Pará";"Pará";"Total";"2019";2477
"Social";"Educação";"Estabelecimentos de Creche por Dependência Administrativa";"Pará";"Pará";"Total";"2020";2440
"Social";"Educação";"Estabelecimentos de Creche por Dependência Administrativa";"Pará";"Pará";"Total";"2021";2751
"Social";"Educação";"Estabelecimentos de Creche por Dependência Administrativa";"Pará";"Pará";"Total";"2022";3102
"Social";"Educação";"Estabelecimentos de Creche por Dependência Administrativa";"Pará";"Pará";"Total";"2023";3605
"Social";"Educação";"Estabelecimentos de Creche por Dependência Administrativa";"Pará";"Pará";"Total";"2024";3782
"Social";"Educação";"Estabelecimentos de Creche por Dependência Administrativa";"Tocantins";"Abaetetuba";"Total";"2019";20
"Social";"Educação";"Estabelecimentos de Creche por Dependência Administrativa";"Tocantins";"Abaetetuba";"Total";"2020";17
"Social";"Educação";"Estabelecimentos de Creche por Dependência Administrativa";"Tocantins";"Abaetetuba";"Total";"2021";47
"Social";"Educação";"Estabelecimentos de Creche por Dependência Administrativa";"Tocantins";"Abaetetuba";"Total";"2022";101
"Social";"Educação";"Estabelecimentos de Creche por Dependência Administrativa";"Tocantins";"Abaetetuba";"Total";"2023";103
"Social";"Educação";"Estabelecimentos de Creche por Dependência Administrativa";"Tocantins";"Abaetetuba";"Total";"2024";122
"Social";"Educação";"Estabelecimentos de Creche por Dependência Administrativa";"Rio Capim";"Abel Figueiredo";"Total";"2019";2
"Social";"Educação";"Estabelecimentos de Creche por Dependência Administrativa";"Rio Capim";"Abel Figueiredo";"Total";"2020";2
"Social";"Educação";"Estabelecimentos de Creche por Dependência Administrativa";"Rio Capim";"Abel Figueiredo";"Total";"2021";2
"Social";"Educação";"Estabelecimentos de Creche por Dependência Administrativa";"Rio Capim";"Abel Figueiredo";"Total";"2022";2
"Social";"Educação";"Estabelecimentos de Creche por Dependência Administrativa";"Rio Capim";"Abel Figueiredo";"Total";"2023";2
"Social";"Educação";"Estabelecimentos de Creche por Dependência Administrativa";"Rio Capim";"Abel Figueiredo";"Total";"2024";2
"Social";"Educação";"Estabelecimentos de Creche por Dependência Administrativa";"Tocantins";"Acará";"Total";"2019";105
"Social";"Educação";"Estabelecimentos de Creche por Dependência Administrativa";"Tocantins";"Acará";"Total";"2020";118
"Social";"Educação";"Estabelecimentos de Creche por Dependência Administrativa";"Tocantins";"Acará";"Total";"2021";135
"Social";"Educação";"Estabelecimentos de Creche por Dependência Administrativa";"Tocantins";"Acará";"Total";"2022";126
"Social";"Educação";"Estabelecimentos de Creche por Dependência Administrativa";"Tocantins";"Acará";"Total";"2023";132
"Social";"Educação";"Estabelecimentos de Creche por Dependência Administrativa";"Tocantins";"Acará";"Total";"2024";121
"Social";"Educação";"Estabelecimentos de Creche por Dependência Administrativa";"Marajó";"Afuá";"Total";"2019";1
"Social";"Educação";"Estabelecimentos de Creche por Dependência Administrativa";"Marajó";"Afuá";"Total";"2020";2
"Social";"Educação";"Estabelecimentos de Creche por Dependência Administrativa";"Marajó";"Afuá";"Total";"2021";1
"Social";"Educação";"Estabelecimentos de Creche por Dependência Administrativa";"Marajó";"Afuá";"Total";"2022";1
"Social";"Educação";"Estabelecimentos de Creche por Dependência Administrativa";"Marajó";"Afuá";"Total";"2023";1
"Social";"Educação";"Estabelecimentos de Creche por Dependência Administrativa";"Marajó";"Afuá";"Total";"2024";1
"Social";"Educação";"Estabelecimentos de Creche por Dependência Administrativa";"Araguaia";"Água Azul do Norte";"Total";"2019";4
"Social";"Educação";"Estabelecimentos de Creche por Dependência Administrativa";"Araguaia";"Água Azul do Norte";"Total";"2020";4
"Social";"Educação";"Estabelecimentos de Creche por Dependência Administrativa";"Araguaia";"Água Azul do Norte";"Total";"2021";4
"Social";"Educação";"Estabelecimentos de Creche por Dependência Administrativa";"Araguaia";"Água Azul do Norte";"Total";"2022";4
"Social";"Educação";"Estabelecimentos de Creche por Dependência Administrativa";"Araguaia";"Água Azul do Norte";"Total";"2023";4
"Social";"Educação";"Estabelecimentos de Creche por Dependência Administrativa";"Araguaia";"Água Azul do Norte";"Total";"2024";4
"Social";"Educação";"Estabelecimentos de Creche por Dependência Administrativa";"Baixo Amazonas";"Alenquer";"Total";"2019";7
"Social";"Educação";"Estabelecimentos de Creche por Dependência Administrativa";"Baixo Amazonas";"Alenquer";"Total";"2020";6
"Social";"Educação";"Estabelecimentos de Creche por Dependência Administrativa";"Baixo Amazonas";"Alenquer";"Total";"2021";6
"Social";"Educação";"Estabelecimentos de Creche por Dependência Administrativa";"Baixo Amazonas";"Alenquer";"Total";"2022";9
"Social";"Educação";"Estabelecimentos de Creche por Dependência Administrativa";"Baixo Amazonas";"Alenquer";"Total";"2023";8
"Social";"Educação";"Estabelecimentos de Creche por Dependência Administrativa";"Baixo Amazonas";"Alenquer";"Total";"2024";7
"Social";"Educação";"Estabelecimentos de Creche por Dependência Administrativa";"Baixo Amazonas";"Almeirim";"Total";"2019";2
"Social";"Educação";"Estabelecimentos de Creche por Dependência Administrativa";"Baixo Amazonas";"Almeirim";"Total";"2020";1
"Social";"Educação";"Estabelecimentos de Creche por Dependência Administrativa";"Baixo Amazonas";"Almeirim";"Total";"2021";2
"Social";"Educação";"Estabelecimentos de Creche por Dependência Administrativa";"Baixo Amazonas";"Almeirim";"Total";"2022";4
"Social";"Educação";"Estabelecimentos de Creche por Dependência Administrativa";"Baixo Amazonas";"Almeirim";"Total";"2023";43
"Social";"Educação";"Estabelecimentos de Creche por Dependência Administrativa";"Baixo Amazonas";"Almeirim";"Total";"2024";49
"Social";"Educação";"Estabelecimentos de Creche por Dependência Administrativa";"Xingu";"Altamira";"Total";"2019";15
"Social";"Educação";"Estabelecimentos de Creche por Dependência Administrativa";"Xingu";"Altamira";"Total";"2020";18
"Social";"Educação";"Estabelecimentos de Creche por Dependência Administrativa";"Xingu";"Altamira";"Total";"2021";20
"Social";"Educação";"Estabelecimentos de Creche por Dependência Administrativa";"Xingu";"Altamira";"Total";"2022";22
"Social";"Educação";"Estabelecimentos de Creche por Dependência Administrativa";"Xingu";"Altamira";"Total";"2023";24
"Social";"Educação";"Estabelecimentos de Creche por Dependência Administrativa";"Xingu";"Altamira";"Total";"2024";24
"Social";"Educação";"Estabelecimentos de Creche por Dependência Administrativa";"Marajó";"Anajás";"Total";"2019";19
"Social";"Educação";"Estabelecimentos de Creche por Dependência Administrativa";"Marajó";"Anajás";"Total";"2020";5
"Social";"Educação";"Estabelecimentos de Creche por Dependência Administrativa";"Marajó";"Anajás";"Total";"2021";9
"Social";"Educação";"Estabelecimentos de Creche por Dependência Administrativa";"Marajó";"Anajás";"Total";"2022";9
"Social";"Educação";"Estabelecimentos de Creche por Dependência Administrativa";"Marajó";"Anajás";"Total";"2023";13
"Social";"Educação";"Estabelecimentos de Creche por Dependência Administrativa";"Marajó";"Anajás";"Total";"2024";16
"Social";"Educação";"Estabelecimentos de Creche por Dependência Administrativa";"Guajará";"Ananindeua";"Total";"2019";60
"Social";"Educação";"Estabelecimentos de Creche por Dependência Administrativa";"Guajará";"Ananindeua";"Total";"2020";62
"Social";"Educação";"Estabelecimentos de Creche por Dependência Administrativa";"Guajará";"Ananindeua";"Total";"2021";64
"Social";"Educação";"Estabelecimentos de Creche por Dependência Administrativa";"Guajará";"Ananindeua";"Total";"2022";69
"Social";"Educação";"Estabelecimentos de Creche por Dependência Administrativa";"Guajará";"Ananindeua";"Total";"2023";69
"Social";"Educação";"Estabelecimentos de Creche por Dependência Administrativa";"Guajará";"Ananindeua";"Total";"2024";75
"Social";"Educação";"Estabelecimentos de Creche por Dependência Administrativa";"Xingu";"Anapu";"Total";"2019";1
"Social";"Educação";"Estabelecimentos de Creche por Dependência Administrativa";"Xingu";"Anapu";"Total";"2020";2
"Social";"Educação";"Estabelecimentos de Creche por Dependência Administrativa";"Xingu";"Anapu";"Total";"2021";3
"Social";"Educação";"Estabelecimentos de Creche por Dependência Administrativa";"Xingu";"Anapu";"Total";"2022";3
"Social";"Educação";"Estabelecimentos de Creche por Dependência Administrativa";"Xingu";"Anapu";"Total";"2023";4
"Social";"Educação";"Estabelecimentos de Creche por Dependência Administrativa";"Xingu";"Anapu";"Total";"2024";2
"Social";"Educação";"Estabelecimentos de Creche por Dependência Administrativa";"Rio Caeté";"Augusto Corrêa";"Total";"2019";5
"Social";"Educação";"Estabelecimentos de Creche por Dependência Administrativa";"Rio Caeté";"Augusto Corrêa";"Total";"2020";6
"Social";"Educação";"Estabelecimentos de Creche por Dependência Administrativa";"Rio Caeté";"Augusto Corrêa";"Total";"2021";6
"Social";"Educação";"Estabelecimentos de Creche por Dependência Administrativa";"Rio Caeté";"Augusto Corrêa";"Total";"2022";8
"Social";"Educação";"Estabelecimentos de Creche por Dependência Administrativa";"Rio Caeté";"Augusto Corrêa";"Total";"2023";9
"Social";"Educação";"Estabelecimentos de Creche por Dependência Administrativa";"Rio Caeté";"Augusto Corrêa";"Total";"2024";15
"Social";"Educação";"Estabelecimentos de Creche por Dependência Administrativa";"Rio Capim";"Aurora do Pará";"Total";"2019";2
"Social";"Educação";"Estabelecimentos de Creche por Dependência Administrativa";"Rio Capim";"Aurora do Pará";"Total";"2020";2
"Social";"Educação";"Estabelecimentos de Creche por Dependência Administrativa";"Rio Capim";"Aurora do Pará";"Total";"2021";7
"Social";"Educação";"Estabelecimentos de Creche por Dependência Administrativa";"Rio Capim";"Aurora do Pará";"Total";"2022";6
"Social";"Educação";"Estabelecimentos de Creche por Dependência Administrativa";"Rio Capim";"Aurora do Pará";"Total";"2023";7
"Social";"Educação";"Estabelecimentos de Creche por Dependência Administrativa";"Rio Capim";"Aurora do Pará";"Total";"2024";13
"Social";"Educação";"Estabelecimentos de Creche por Dependência Administrativa";"Tapajós";"Aveiro";"Total";"2019";0
"Social";"Educação";"Estabelecimentos de Creche por Dependência Administrativa";"Tapajós";"Aveiro";"Total";"2020";0
"Social";"Educação";"Estabelecimentos de Creche por Dependência Administrativa";"Tapajós";"Aveiro";"Total";"2021";0
"Social";"Educação";"Estabelecimentos de Creche por Dependência Administrativa";"Tapajós";"Aveiro";"Total";"2022";3
"Social";"Educação";"Estabelecimentos de Creche por Dependência Administrativa";"Tapajós";"Aveiro";"Total";"2023";22
"Social";"Educação";"Estabelecimentos de Creche por Dependência Administrativa";"Tapajós";"Aveiro";"Total";"2024";25
"Social";"Educação";"Estabelecimentos de Creche por Dependência Administrativa";"Marajó";"Bagre";"Total";"2019";5
"Social";"Educação";"Estabelecimentos de Creche por Dependência Administrativa";"Marajó";"Bagre";"Total";"2020";0
"Social";"Educação";"Estabelecimentos de Creche por Dependência Administrativa";"Marajó";"Bagre";"Total";"2021";1
"Social";"Educação";"Estabelecimentos de Creche por Dependência Administrativa";"Marajó";"Bagre";"Total";"2022";0
"Social";"Educação";"Estabelecimentos de Creche por Dependência Administrativa";"Marajó";"Bagre";"Total";"2023";0
"Social";"Educação";"Estabelecimentos de Creche por Dependência Administrativa";"Marajó";"Bagre";"Total";"2024";0
"Social";"Educação";"Estabelecimentos de Creche por Dependência Administrativa";"Tocantins";"Baião";"Total";"2019";28
"Social";"Educação";"Estabelecimentos de Creche por Dependência Administrativa";"Tocantins";"Baião";"Total";"2020";35
"Social";"Educação";"Estabelecimentos de Creche por Dependência Administrativa";"Tocantins";"Baião";"Total";"2021";28
"Social";"Educação";"Estabelecimentos de Creche por Dependência Administrativa";"Tocantins";"Baião";"Total";"2022";34
"Social";"Educação";"Estabelecimentos de Creche por Dependência Administrativa";"Tocantins";"Baião";"Total";"2023";41
"Social";"Educação";"Estabelecimentos de Creche por Dependência Administrativa";"Tocantins";"Baião";"Total";"2024";39
"Social";"Educação";"Estabelecimentos de Creche por Dependência Administrativa";"Araguaia";"Bannach";"Total";"2019";1
"Social";"Educação";"Estabelecimentos de Creche por Dependência Administrativa";"Araguaia";"Bannach";"Total";"2020";4
"Social";"Educação";"Estabelecimentos de Creche por Dependência Administrativa";"Araguaia";"Bannach";"Total";"2021";3
"Social";"Educação";"Estabelecimentos de Creche por Dependência Administrativa";"Araguaia";"Bannach";"Total";"2022";4
"Social";"Educação";"Estabelecimentos de Creche por Dependência Administrativa";"Araguaia";"Bannach";"Total";"2023";5
"Social";"Educação";"Estabelecimentos de Creche por Dependência Administrativa";"Araguaia";"Bannach";"Total";"2024";5
"Social";"Educação";"Estabelecimentos de Creche por Dependência Administrativa";"Tocantins";"Barcarena";"Total";"2019";21
"Social";"Educação";"Estabelecimentos de Creche por Dependência Administrativa";"Tocantins";"Barcarena";"Total";"2020";26
"Social";"Educação";"Estabelecimentos de Creche por Dependência Administrativa";"Tocantins";"Barcarena";"Total";"2021";26
"Social";"Educação";"Estabelecimentos de Creche por Dependência Administrativa";"Tocantins";"Barcarena";"Total";"2022";26
"Social";"Educação";"Estabelecimentos de Creche por Dependência Administrativa";"Tocantins";"Barcarena";"Total";"2023";35
"Social";"Educação";"Estabelecimentos de Creche por Dependência Administrativa";"Tocantins";"Barcarena";"Total";"2024";36
"Social";"Educação";"Estabelecimentos de Creche por Dependência Administrativa";"Guajará";"Belém";"Total";"2019";186
"Social";"Educação";"Estabelecimentos de Creche por Dependência Administrativa";"Guajará";"Belém";"Total";"2020";189
"Social";"Educação";"Estabelecimentos de Creche por Dependência Administrativa";"Guajará";"Belém";"Total";"2021";186
"Social";"Educação";"Estabelecimentos de Creche por Dependência Administrativa";"Guajará";"Belém";"Total";"2022";196
"Social";"Educação";"Estabelecimentos de Creche por Dependência Administrativa";"Guajará";"Belém";"Total";"2023";201
"Social";"Educação";"Estabelecimentos de Creche por Dependência Administrativa";"Guajará";"Belém";"Total";"2024";207
"Social";"Educação";"Estabelecimentos de Creche por Dependência Administrativa";"Baixo Amazonas";"Belterra";"Total";"2019";1
"Social";"Educação";"Estabelecimentos de Creche por Dependência Administrativa";"Baixo Amazonas";"Belterra";"Total";"2020";1
"Social";"Educação";"Estabelecimentos de Creche por Dependência Administrativa";"Baixo Amazonas";"Belterra";"Total";"2021";1
"Social";"Educação";"Estabelecimentos de Creche por Dependência Administrativa";"Baixo Amazonas";"Belterra";"Total";"2022";1
"Social";"Educação";"Estabelecimentos de Creche por Dependência Administrativa";"Baixo Amazonas";"Belterra";"Total";"2023";3
"Social";"Educação";"Estabelecimentos de Creche por Dependência Administrativa";"Baixo Amazonas";"Belterra";"Total";"2024";4
"Social";"Educação";"Estabelecimentos de Creche por Dependência Administrativa";"Guajará";"Benevides";"Total";"2019";15
"Social";"Educação";"Estabelecimentos de Creche por Dependência Administrativa";"Guajará";"Benevides";"Total";"2020";13
"Social";"Educação";"Estabelecimentos de Creche por Dependência Administrativa";"Guajará";"Benevides";"Total";"2021";15
"Social";"Educação";"Estabelecimentos de Creche por Dependência Administrativa";"Guajará";"Benevides";"Total";"2022";17
"Social";"Educação";"Estabelecimentos de Creche por Dependência Administrativa";"Guajará";"Benevides";"Total";"2023";17
"Social";"Educação";"Estabelecimentos de Creche por Dependência Administrativa";"Guajará";"Benevides";"Total";"2024";12
"Social";"Educação";"Estabelecimentos de Creche por Dependência Administrativa";"Carajás";"Bom Jesus do Tocantins";"Total";"2019";10
"Social";"Educação";"Estabelecimentos de Creche por Dependência Administrativa";"Carajás";"Bom Jesus do Tocantins";"Total";"2020";3
"Social";"Educação";"Estabelecimentos de Creche por Dependência Administrativa";"Carajás";"Bom Jesus do Tocantins";"Total";"2021";3
"Social";"Educação";"Estabelecimentos de Creche por Dependência Administrativa";"Carajás";"Bom Jesus do Tocantins";"Total";"2022";3
"Social";"Educação";"Estabelecimentos de Creche por Dependência Administrativa";"Carajás";"Bom Jesus do Tocantins";"Total";"2023";4
"Social";"Educação";"Estabelecimentos de Creche por Dependência Administrativa";"Carajás";"Bom Jesus do Tocantins";"Total";"2024";4
"Social";"Educação";"Estabelecimentos de Creche por Dependência Administrativa";"Rio Caeté";"Bonito";"Total";"2019";11
"Social";"Educação";"Estabelecimentos de Creche por Dependência Administrativa";"Rio Caeté";"Bonito";"Total";"2020";7
"Social";"Educação";"Estabelecimentos de Creche por Dependência Administrativa";"Rio Caeté";"Bonito";"Total";"2021";14
"Social";"Educação";"Estabelecimentos de Creche por Dependência Administrativa";"Rio Caeté";"Bonito";"Total";"2022";18
"Social";"Educação";"Estabelecimentos de Creche por Dependência Administrativa";"Rio Caeté";"Bonito";"Total";"2023";20
"Social";"Educação";"Estabelecimentos de Creche por Dependência Administrativa";"Rio Caeté";"Bonito";"Total";"2024";17
"Social";"Educação";"Estabelecimentos de Creche por Dependência Administrativa";"Rio Caeté";"Bragança";"Total";"2019";9
"Social";"Educação";"Estabelecimentos de Creche por Dependência Administrativa";"Rio Caeté";"Bragança";"Total";"2020";13
"Social";"Educação";"Estabelecimentos de Creche por Dependência Administrativa";"Rio Caeté";"Bragança";"Total";"2021";18
"Social";"Educação";"Estabelecimentos de Creche por Dependência Administrativa";"Rio Caeté";"Bragança";"Total";"2022";19
"Social";"Educação";"Estabelecimentos de Creche por Dependência Administrativa";"Rio Caeté";"Bragança";"Total";"2023";20
"Social";"Educação";"Estabelecimentos de Creche por Dependência Administrativa";"Rio Caeté";"Bragança";"Total";"2024";20
"Social";"Educação";"Estabelecimentos de Creche por Dependência Administrativa";"Xingu";"Brasil Novo";"Total";"2019";5
"Social";"Educação";"Estabelecimentos de Creche por Dependência Administrativa";"Xingu";"Brasil Novo";"Total";"2020";5
"Social";"Educação";"Estabelecimentos de Creche por Dependência Administrativa";"Xingu";"Brasil Novo";"Total";"2021";7
"Social";"Educação";"Estabelecimentos de Creche por Dependência Administrativa";"Xingu";"Brasil Novo";"Total";"2022";8
"Social";"Educação";"Estabelecimentos de Creche por Dependência Administrativa";"Xingu";"Brasil Novo";"Total";"2023";16
"Social";"Educação";"Estabelecimentos de Creche por Dependência Administrativa";"Xingu";"Brasil Novo";"Total";"2024";17
"Social";"Educação";"Estabelecimentos de Creche por Dependência Administrativa";"Carajás";"Brejo Grande do Araguaia";"Total";"2019";10
"Social";"Educação";"Estabelecimentos de Creche por Dependência Administrativa";"Carajás";"Brejo Grande do Araguaia";"Total";"2020";8
"Social";"Educação";"Estabelecimentos de Creche por Dependência Administrativa";"Carajás";"Brejo Grande do Araguaia";"Total";"2021";10
"Social";"Educação";"Estabelecimentos de Creche por Dependência Administrativa";"Carajás";"Brejo Grande do Araguaia";"Total";"2022";11
"Social";"Educação";"Estabelecimentos de Creche por Dependência Administrativa";"Carajás";"Brejo Grande do Araguaia";"Total";"2023";11
"Social";"Educação";"Estabelecimentos de Creche por Dependência Administrativa";"Carajás";"Brejo Grande do Araguaia";"Total";"2024";9
"Social";"Educação";"Estabelecimentos de Creche por Dependência Administrativa";"Lago de Tucuruí";"Breu Branco";"Total";"2019";1
"Social";"Educação";"Estabelecimentos de Creche por Dependência Administrativa";"Lago de Tucuruí";"Breu Branco";"Total";"2020";1
"Social";"Educação";"Estabelecimentos de Creche por Dependência Administrativa";"Lago de Tucuruí";"Breu Branco";"Total";"2021";1
"Social";"Educação";"Estabelecimentos de Creche por Dependência Administrativa";"Lago de Tucuruí";"Breu Branco";"Total";"2022";2
"Social";"Educação";"Estabelecimentos de Creche por Dependência Administrativa";"Lago de Tucuruí";"Breu Branco";"Total";"2023";4
"Social";"Educação";"Estabelecimentos de Creche por Dependência Administrativa";"Lago de Tucuruí";"Breu Branco";"Total";"2024";7
"Social";"Educação";"Estabelecimentos de Creche por Dependência Administrativa";"Marajó";"Breves";"Total";"2019";57
"Social";"Educação";"Estabelecimentos de Creche por Dependência Administrativa";"Marajó";"Breves";"Total";"2020";9
"Social";"Educação";"Estabelecimentos de Creche por Dependência Administrativa";"Marajó";"Breves";"Total";"2021";96
"Social";"Educação";"Estabelecimentos de Creche por Dependência Administrativa";"Marajó";"Breves";"Total";"2022";111
"Social";"Educação";"Estabelecimentos de Creche por Dependência Administrativa";"Marajó";"Breves";"Total";"2023";140
"Social";"Educação";"Estabelecimentos de Creche por Dependência Administrativa";"Marajó";"Breves";"Total";"2024";162
"Social";"Educação";"Estabelecimentos de Creche por Dependência Administrativa";"Rio Capim";"Bujaru";"Total";"2019";2
"Social";"Educação";"Estabelecimentos de Creche por Dependência Administrativa";"Rio Capim";"Bujaru";"Total";"2020";1
"Social";"Educação";"Estabelecimentos de Creche por Dependência Administrativa";"Rio Capim";"Bujaru";"Total";"2021";22
"Social";"Educação";"Estabelecimentos de Creche por Dependência Administrativa";"Rio Capim";"Bujaru";"Total";"2022";27
"Social";"Educação";"Estabelecimentos de Creche por Dependência Administrativa";"Rio Capim";"Bujaru";"Total";"2023";41
"Social";"Educação";"Estabelecimentos de Creche por Dependência Administrativa";"Rio Capim";"Bujaru";"Total";"2024";50
"Social";"Educação";"Estabelecimentos de Creche por Dependência Administrativa";"Marajó";"Cachoeira do Arari";"Total";"2019";14
"Social";"Educação";"Estabelecimentos de Creche por Dependência Administrativa";"Marajó";"Cachoeira do Arari";"Total";"2020";13
"Social";"Educação";"Estabelecimentos de Creche por Dependência Administrativa";"Marajó";"Cachoeira do Arari";"Total";"2021";16
"Social";"Educação";"Estabelecimentos de Creche por Dependência Administrativa";"Marajó";"Cachoeira do Arari";"Total";"2022";17
"Social";"Educação";"Estabelecimentos de Creche por Dependência Administrativa";"Marajó";"Cachoeira do Arari";"Total";"2023";21
"Social";"Educação";"Estabelecimentos de Creche por Dependência Administrativa";"Marajó";"Cachoeira do Arari";"Total";"2024";25
"Social";"Educação";"Estabelecimentos de Creche por Dependência Administrativa";"Rio Caeté";"Cachoeira do Piriá";"Total";"2019";36
"Social";"Educação";"Estabelecimentos de Creche por Dependência Administrativa";"Rio Caeté";"Cachoeira do Piriá";"Total";"2020";32
"Social";"Educação";"Estabelecimentos de Creche por Dependência Administrativa";"Rio Caeté";"Cachoeira do Piriá";"Total";"2021";35
"Social";"Educação";"Estabelecimentos de Creche por Dependência Administrativa";"Rio Caeté";"Cachoeira do Piriá";"Total";"2022";37
"Social";"Educação";"Estabelecimentos de Creche por Dependência Administrativa";"Rio Caeté";"Cachoeira do Piriá";"Total";"2023";36
"Social";"Educação";"Estabelecimentos de Creche por Dependência Administrativa";"Rio Caeté";"Cachoeira do Piriá";"Total";"2024";33
"Social";"Educação";"Estabelecimentos de Creche por Dependência Administrativa";"Tocantins";"Cametá";"Total";"2019";39
"Social";"Educação";"Estabelecimentos de Creche por Dependência Administrativa";"Tocantins";"Cametá";"Total";"2020";45
"Social";"Educação";"Estabelecimentos de Creche por Dependência Administrativa";"Tocantins";"Cametá";"Total";"2021";50
"Social";"Educação";"Estabelecimentos de Creche por Dependência Administrativa";"Tocantins";"Cametá";"Total";"2022";67
"Social";"Educação";"Estabelecimentos de Creche por Dependência Administrativa";"Tocantins";"Cametá";"Total";"2023";81
"Social";"Educação";"Estabelecimentos de Creche por Dependência Administrativa";"Tocantins";"Cametá";"Total";"2024";87
"Social";"Educação";"Estabelecimentos de Creche por Dependência Administrativa";"Carajás";"Canaã dos Carajás";"Total";"2019";13
"Social";"Educação";"Estabelecimentos de Creche por Dependência Administrativa";"Carajás";"Canaã dos Carajás";"Total";"2020";13
"Social";"Educação";"Estabelecimentos de Creche por Dependência Administrativa";"Carajás";"Canaã dos Carajás";"Total";"2021";16
"Social";"Educação";"Estabelecimentos de Creche por Dependência Administrativa";"Carajás";"Canaã dos Carajás";"Total";"2022";15
"Social";"Educação";"Estabelecimentos de Creche por Dependência Administrativa";"Carajás";"Canaã dos Carajás";"Total";"2023";13
"Social";"Educação";"Estabelecimentos de Creche por Dependência Administrativa";"Carajás";"Canaã dos Carajás";"Total";"2024";13
"Social";"Educação";"Estabelecimentos de Creche por Dependência Administrativa";"Rio Caeté";"Capanema";"Total";"2019";29
"Social";"Educação";"Estabelecimentos de Creche por Dependência Administrativa";"Rio Caeté";"Capanema";"Total";"2020";29
"Social";"Educação";"Estabelecimentos de Creche por Dependência Administrativa";"Rio Caeté";"Capanema";"Total";"2021";27
"Social";"Educação";"Estabelecimentos de Creche por Dependência Administrativa";"Rio Caeté";"Capanema";"Total";"2022";27
"Social";"Educação";"Estabelecimentos de Creche por Dependência Administrativa";"Rio Caeté";"Capanema";"Total";"2023";25
"Social";"Educação";"Estabelecimentos de Creche por Dependência Administrativa";"Rio Caeté";"Capanema";"Total";"2024";26
"Social";"Educação";"Estabelecimentos de Creche por Dependência Administrativa";"Rio Capim";"Capitão Poço";"Total";"2019";67
"Social";"Educação";"Estabelecimentos de Creche por Dependência Administrativa";"Rio Capim";"Capitão Poço";"Total";"2020";72
"Social";"Educação";"Estabelecimentos de Creche por Dependência Administrativa";"Rio Capim";"Capitão Poço";"Total";"2021";61
"Social";"Educação";"Estabelecimentos de Creche por Dependência Administrativa";"Rio Capim";"Capitão Poço";"Total";"2022";64
"Social";"Educação";"Estabelecimentos de Creche por Dependência Administrativa";"Rio Capim";"Capitão Poço";"Total";"2023";71
"Social";"Educação";"Estabelecimentos de Creche por Dependência Administrativa";"Rio Capim";"Capitão Poço";"Total";"2024";72
"Social";"Educação";"Estabelecimentos de Creche por Dependência Administrativa";"Guamá";"Castanhal";"Total";"2019";19
"Social";"Educação";"Estabelecimentos de Creche por Dependência Administrativa";"Guamá";"Castanhal";"Total";"2020";23
"Social";"Educação";"Estabelecimentos de Creche por Dependência Administrativa";"Guamá";"Castanhal";"Total";"2021";23
"Social";"Educação";"Estabelecimentos de Creche por Dependência Administrativa";"Guamá";"Castanhal";"Total";"2022";23
"Social";"Educação";"Estabelecimentos de Creche por Dependência Administrativa";"Guamá";"Castanhal";"Total";"2023";30
"Social";"Educação";"Estabelecimentos de Creche por Dependência Administrativa";"Guamá";"Castanhal";"Total";"2024";34
"Social";"Educação";"Estabelecimentos de Creche por Dependência Administrativa";"Marajó";"Chaves";"Total";"2019";4
"Social";"Educação";"Estabelecimentos de Creche por Dependência Administrativa";"Marajó";"Chaves";"Total";"2020";6
"Social";"Educação";"Estabelecimentos de Creche por Dependência Administrativa";"Marajó";"Chaves";"Total";"2021";32
"Social";"Educação";"Estabelecimentos de Creche por Dependência Administrativa";"Marajó";"Chaves";"Total";"2022";45
"Social";"Educação";"Estabelecimentos de Creche por Dependência Administrativa";"Marajó";"Chaves";"Total";"2023";55
"Social";"Educação";"Estabelecimentos de Creche por Dependência Administrativa";"Marajó";"Chaves";"Total";"2024";44
"Social";"Educação";"Estabelecimentos de Creche por Dependência Administrativa";"Guamá";"Colares";"Total";"2019";9
"Social";"Educação";"Estabelecimentos de Creche por Dependência Administrativa";"Guamá";"Colares";"Total";"2020";17
"Social";"Educação";"Estabelecimentos de Creche por Dependência Administrativa";"Guamá";"Colares";"Total";"2021";23
"Social";"Educação";"Estabelecimentos de Creche por Dependência Administrativa";"Guamá";"Colares";"Total";"2022";22
"Social";"Educação";"Estabelecimentos de Creche por Dependência Administrativa";"Guamá";"Colares";"Total";"2023";19
"Social";"Educação";"Estabelecimentos de Creche por Dependência Administrativa";"Guamá";"Colares";"Total";"2024";22
"Social";"Educação";"Estabelecimentos de Creche por Dependência Administrativa";"Araguaia";"Conceição do Araguaia";"Total";"2019";4
"Social";"Educação";"Estabelecimentos de Creche por Dependência Administrativa";"Araguaia";"Conceição do Araguaia";"Total";"2020";4
"Social";"Educação";"Estabelecimentos de Creche por Dependência Administrativa";"Araguaia";"Conceição do Araguaia";"Total";"2021";5
"Social";"Educação";"Estabelecimentos de Creche por Dependência Administrativa";"Araguaia";"Conceição do Araguaia";"Total";"2022";6
"Social";"Educação";"Estabelecimentos de Creche por Dependência Administrativa";"Araguaia";"Conceição do Araguaia";"Total";"2023";6
"Social";"Educação";"Estabelecimentos de Creche por Dependência Administrativa";"Araguaia";"Conceição do Araguaia";"Total";"2024";5
"Social";"Educação";"Estabelecimentos de Creche por Dependência Administrativa";"Rio Capim";"Concórdia do Pará";"Total";"2019";69
"Social";"Educação";"Estabelecimentos de Creche por Dependência Administrativa";"Rio Capim";"Concórdia do Pará";"Total";"2020";71
"Social";"Educação";"Estabelecimentos de Creche por Dependência Administrativa";"Rio Capim";"Concórdia do Pará";"Total";"2021";67
"Social";"Educação";"Estabelecimentos de Creche por Dependência Administrativa";"Rio Capim";"Concórdia do Pará";"Total";"2022";64
"Social";"Educação";"Estabelecimentos de Creche por Dependência Administrativa";"Rio Capim";"Concórdia do Pará";"Total";"2023";62
"Social";"Educação";"Estabelecimentos de Creche por Dependência Administrativa";"Rio Capim";"Concórdia do Pará";"Total";"2024";65
"Social";"Educação";"Estabelecimentos de Creche por Dependência Administrativa";"Araguaia";"Cumaru do Norte";"Total";"2019";4
"Social";"Educação";"Estabelecimentos de Creche por Dependência Administrativa";"Araguaia";"Cumaru do Norte";"Total";"2020";4
"Social";"Educação";"Estabelecimentos de Creche por Dependência Administrativa";"Araguaia";"Cumaru do Norte";"Total";"2021";4
"Social";"Educação";"Estabelecimentos de Creche por Dependência Administrativa";"Araguaia";"Cumaru do Norte";"Total";"2022";5
"Social";"Educação";"Estabelecimentos de Creche por Dependência Administrativa";"Araguaia";"Cumaru do Norte";"Total";"2023";6
"Social";"Educação";"Estabelecimentos de Creche por Dependência Administrativa";"Araguaia";"Cumaru do Norte";"Total";"2024";6
"Social";"Educação";"Estabelecimentos de Creche por Dependência Administrativa";"Carajás";"Curionópolis";"Total";"2019";5
"Social";"Educação";"Estabelecimentos de Creche por Dependência Administrativa";"Carajás";"Curionópolis";"Total";"2020";6
"Social";"Educação";"Estabelecimentos de Creche por Dependência Administrativa";"Carajás";"Curionópolis";"Total";"2021";6
"Social";"Educação";"Estabelecimentos de Creche por Dependência Administrativa";"Carajás";"Curionópolis";"Total";"2022";9
"Social";"Educação";"Estabelecimentos de Creche por Dependência Administrativa";"Carajás";"Curionópolis";"Total";"2023";9
"Social";"Educação";"Estabelecimentos de Creche por Dependência Administrativa";"Carajás";"Curionópolis";"Total";"2024";6
"Social";"Educação";"Estabelecimentos de Creche por Dependência Administrativa";"Marajó";"Curralinho";"Total";"2019";4
"Social";"Educação";"Estabelecimentos de Creche por Dependência Administrativa";"Marajó";"Curralinho";"Total";"2020";3
"Social";"Educação";"Estabelecimentos de Creche por Dependência Administrativa";"Marajó";"Curralinho";"Total";"2021";4
"Social";"Educação";"Estabelecimentos de Creche por Dependência Administrativa";"Marajó";"Curralinho";"Total";"2022";4
"Social";"Educação";"Estabelecimentos de Creche por Dependência Administrativa";"Marajó";"Curralinho";"Total";"2023";5
"Social";"Educação";"Estabelecimentos de Creche por Dependência Administrativa";"Marajó";"Curralinho";"Total";"2024";5
"Social";"Educação";"Estabelecimentos de Creche por Dependência Administrativa";"Baixo Amazonas";"Curuá";"Total";"2019";20
"Social";"Educação";"Estabelecimentos de Creche por Dependência Administrativa";"Baixo Amazonas";"Curuá";"Total";"2020";16
"Social";"Educação";"Estabelecimentos de Creche por Dependência Administrativa";"Baixo Amazonas";"Curuá";"Total";"2021";17
"Social";"Educação";"Estabelecimentos de Creche por Dependência Administrativa";"Baixo Amazonas";"Curuá";"Total";"2022";13
"Social";"Educação";"Estabelecimentos de Creche por Dependência Administrativa";"Baixo Amazonas";"Curuá";"Total";"2023";6
"Social";"Educação";"Estabelecimentos de Creche por Dependência Administrativa";"Baixo Amazonas";"Curuá";"Total";"2024";5
"Social";"Educação";"Estabelecimentos de Creche por Dependência Administrativa";"Guamá";"Curuçá";"Total";"2019";7
"Social";"Educação";"Estabelecimentos de Creche por Dependência Administrativa";"Guamá";"Curuçá";"Total";"2020";11
"Social";"Educação";"Estabelecimentos de Creche por Dependência Administrativa";"Guamá";"Curuçá";"Total";"2021";23
"Social";"Educação";"Estabelecimentos de Creche por Dependência Administrativa";"Guamá";"Curuçá";"Total";"2022";28
"Social";"Educação";"Estabelecimentos de Creche por Dependência Administrativa";"Guamá";"Curuçá";"Total";"2023";37
"Social";"Educação";"Estabelecimentos de Creche por Dependência Administrativa";"Guamá";"Curuçá";"Total";"2024";39
"Social";"Educação";"Estabelecimentos de Creche por Dependência Administrativa";"Rio Capim";"Dom Eliseu";"Total";"2019";10
"Social";"Educação";"Estabelecimentos de Creche por Dependência Administrativa";"Rio Capim";"Dom Eliseu";"Total";"2020";10
"Social";"Educação";"Estabelecimentos de Creche por Dependência Administrativa";"Rio Capim";"Dom Eliseu";"Total";"2021";12
"Social";"Educação";"Estabelecimentos de Creche por Dependência Administrativa";"Rio Capim";"Dom Eliseu";"Total";"2022";12
"Social";"Educação";"Estabelecimentos de Creche por Dependência Administrativa";"Rio Capim";"Dom Eliseu";"Total";"2023";19
"Social";"Educação";"Estabelecimentos de Creche por Dependência Administrativa";"Rio Capim";"Dom Eliseu";"Total";"2024";18
"Social";"Educação";"Estabelecimentos de Creche por Dependência Administrativa";"Carajás";"Eldorado do Carajás";"Total";"2019";2
"Social";"Educação";"Estabelecimentos de Creche por Dependência Administrativa";"Carajás";"Eldorado do Carajás";"Total";"2020";3
"Social";"Educação";"Estabelecimentos de Creche por Dependência Administrativa";"Carajás";"Eldorado do Carajás";"Total";"2021";5
"Social";"Educação";"Estabelecimentos de Creche por Dependência Administrativa";"Carajás";"Eldorado do Carajás";"Total";"2022";5
"Social";"Educação";"Estabelecimentos de Creche por Dependência Administrativa";"Carajás";"Eldorado do Carajás";"Total";"2023";12
"Social";"Educação";"Estabelecimentos de Creche por Dependência Administrativa";"Carajás";"Eldorado do Carajás";"Total";"2024";13
"Social";"Educação";"Estabelecimentos de Creche por Dependência Administrativa";"Baixo Amazonas";"Faro";"Total";"2019";13
"Social";"Educação";"Estabelecimentos de Creche por Dependência Administrativa";"Baixo Amazonas";"Faro";"Total";"2020";10
"Social";"Educação";"Estabelecimentos de Creche por Dependência Administrativa";"Baixo Amazonas";"Faro";"Total";"2021";15
"Social";"Educação";"Estabelecimentos de Creche por Dependência Administrativa";"Baixo Amazonas";"Faro";"Total";"2022";16
"Social";"Educação";"Estabelecimentos de Creche por Dependência Administrativa";"Baixo Amazonas";"Faro";"Total";"2023";16
"Social";"Educação";"Estabelecimentos de Creche por Dependência Administrativa";"Baixo Amazonas";"Faro";"Total";"2024";14
"Social";"Educação";"Estabelecimentos de Creche por Dependência Administrativa";"Araguaia";"Floresta do Araguaia";"Total";"2019";2
"Social";"Educação";"Estabelecimentos de Creche por Dependência Administrativa";"Araguaia";"Floresta do Araguaia";"Total";"2020";2
"Social";"Educação";"Estabelecimentos de Creche por Dependência Administrativa";"Araguaia";"Floresta do Araguaia";"Total";"2021";2
"Social";"Educação";"Estabelecimentos de Creche por Dependência Administrativa";"Araguaia";"Floresta do Araguaia";"Total";"2022";3
"Social";"Educação";"Estabelecimentos de Creche por Dependência Administrativa";"Araguaia";"Floresta do Araguaia";"Total";"2023";4
"Social";"Educação";"Estabelecimentos de Creche por Dependência Administrativa";"Araguaia";"Floresta do Araguaia";"Total";"2024";4
"Social";"Educação";"Estabelecimentos de Creche por Dependência Administrativa";"Rio Capim";"Garrafão do Norte";"Total";"2019";41
"Social";"Educação";"Estabelecimentos de Creche por Dependência Administrativa";"Rio Capim";"Garrafão do Norte";"Total";"2020";46
"Social";"Educação";"Estabelecimentos de Creche por Dependência Administrativa";"Rio Capim";"Garrafão do Norte";"Total";"2021";39
"Social";"Educação";"Estabelecimentos de Creche por Dependência Administrativa";"Rio Capim";"Garrafão do Norte";"Total";"2022";41
"Social";"Educação";"Estabelecimentos de Creche por Dependência Administrativa";"Rio Capim";"Garrafão do Norte";"Total";"2023";44
"Social";"Educação";"Estabelecimentos de Creche por Dependência Administrativa";"Rio Capim";"Garrafão do Norte";"Total";"2024";43
"Social";"Educação";"Estabelecimentos de Creche por Dependência Administrativa";"Lago de Tucuruí";"Goianésia do Pará";"Total";"2019";18
"Social";"Educação";"Estabelecimentos de Creche por Dependência Administrativa";"Lago de Tucuruí";"Goianésia do Pará";"Total";"2020";12
"Social";"Educação";"Estabelecimentos de Creche por Dependência Administrativa";"Lago de Tucuruí";"Goianésia do Pará";"Total";"2021";10
"Social";"Educação";"Estabelecimentos de Creche por Dependência Administrativa";"Lago de Tucuruí";"Goianésia do Pará";"Total";"2022";16
"Social";"Educação";"Estabelecimentos de Creche por Dependência Administrativa";"Lago de Tucuruí";"Goianésia do Pará";"Total";"2023";17
"Social";"Educação";"Estabelecimentos de Creche por Dependência Administrativa";"Lago de Tucuruí";"Goianésia do Pará";"Total";"2024";19
"Social";"Educação";"Estabelecimentos de Creche por Dependência Administrativa";"Marajó";"Gurupá";"Total";"2019";6
"Social";"Educação";"Estabelecimentos de Creche por Dependência Administrativa";"Marajó";"Gurupá";"Total";"2020";7
"Social";"Educação";"Estabelecimentos de Creche por Dependência Administrativa";"Marajó";"Gurupá";"Total";"2021";4
"Social";"Educação";"Estabelecimentos de Creche por Dependência Administrativa";"Marajó";"Gurupá";"Total";"2022";4
"Social";"Educação";"Estabelecimentos de Creche por Dependência Administrativa";"Marajó";"Gurupá";"Total";"2023";58
"Social";"Educação";"Estabelecimentos de Creche por Dependência Administrativa";"Marajó";"Gurupá";"Total";"2024";57
"Social";"Educação";"Estabelecimentos de Creche por Dependência Administrativa";"Guamá";"Igarapé-Açu";"Total";"2019";9
"Social";"Educação";"Estabelecimentos de Creche por Dependência Administrativa";"Guamá";"Igarapé-Açu";"Total";"2020";10
"Social";"Educação";"Estabelecimentos de Creche por Dependência Administrativa";"Guamá";"Igarapé-Açu";"Total";"2021";8
"Social";"Educação";"Estabelecimentos de Creche por Dependência Administrativa";"Guamá";"Igarapé-Açu";"Total";"2022";11
"Social";"Educação";"Estabelecimentos de Creche por Dependência Administrativa";"Guamá";"Igarapé-Açu";"Total";"2023";11
"Social";"Educação";"Estabelecimentos de Creche por Dependência Administrativa";"Guamá";"Igarapé-Açu";"Total";"2024";10
"Social";"Educação";"Estabelecimentos de Creche por Dependência Administrativa";"Tocantins";"Igarapé-Miri";"Total";"2019";19
"Social";"Educação";"Estabelecimentos de Creche por Dependência Administrativa";"Tocantins";"Igarapé-Miri";"Total";"2020";19
"Social";"Educação";"Estabelecimentos de Creche por Dependência Administrativa";"Tocantins";"Igarapé-Miri";"Total";"2021";16
"Social";"Educação";"Estabelecimentos de Creche por Dependência Administrativa";"Tocantins";"Igarapé-Miri";"Total";"2022";13
"Social";"Educação";"Estabelecimentos de Creche por Dependência Administrativa";"Tocantins";"Igarapé-Miri";"Total";"2023";13
"Social";"Educação";"Estabelecimentos de Creche por Dependência Administrativa";"Tocantins";"Igarapé-Miri";"Total";"2024";12
"Social";"Educação";"Estabelecimentos de Creche por Dependência Administrativa";"Guamá";"Inhangapi";"Total";"2019";0
"Social";"Educação";"Estabelecimentos de Creche por Dependência Administrativa";"Guamá";"Inhangapi";"Total";"2020";0
"Social";"Educação";"Estabelecimentos de Creche por Dependência Administrativa";"Guamá";"Inhangapi";"Total";"2021";0
"Social";"Educação";"Estabelecimentos de Creche por Dependência Administrativa";"Guamá";"Inhangapi";"Total";"2022";0
"Social";"Educação";"Estabelecimentos de Creche por Dependência Administrativa";"Guamá";"Inhangapi";"Total";"2023";0
"Social";"Educação";"Estabelecimentos de Creche por Dependência Administrativa";"Guamá";"Inhangapi";"Total";"2024";0
"Social";"Educação";"Estabelecimentos de Creche por Dependência Administrativa";"Rio Capim";"Ipixuna do Pará";"Total";"2019";9
"Social";"Educação";"Estabelecimentos de Creche por Dependência Administrativa";"Rio Capim";"Ipixuna do Pará";"Total";"2020";2
"Social";"Educação";"Estabelecimentos de Creche por Dependência Administrativa";"Rio Capim";"Ipixuna do Pará";"Total";"2021";5
"Social";"Educação";"Estabelecimentos de Creche por Dependência Administrativa";"Rio Capim";"Ipixuna do Pará";"Total";"2022";40
"Social";"Educação";"Estabelecimentos de Creche por Dependência Administrativa";"Rio Capim";"Ipixuna do Pará";"Total";"2023";44
"Social";"Educação";"Estabelecimentos de Creche por Dependência Administrativa";"Rio Capim";"Ipixuna do Pará";"Total";"2024";49
"Social";"Educação";"Estabelecimentos de Creche por Dependência Administrativa";"Rio Capim";"Irituia";"Total";"2019";3
"Social";"Educação";"Estabelecimentos de Creche por Dependência Administrativa";"Rio Capim";"Irituia";"Total";"2020";0
"Social";"Educação";"Estabelecimentos de Creche por Dependência Administrativa";"Rio Capim";"Irituia";"Total";"2021";0
"Social";"Educação";"Estabelecimentos de Creche por Dependência Administrativa";"Rio Capim";"Irituia";"Total";"2022";7
"Social";"Educação";"Estabelecimentos de Creche por Dependência Administrativa";"Rio Capim";"Irituia";"Total";"2023";68
"Social";"Educação";"Estabelecimentos de Creche por Dependência Administrativa";"Rio Capim";"Irituia";"Total";"2024";71
"Social";"Educação";"Estabelecimentos de Creche por Dependência Administrativa";"Tapajós";"Itaituba";"Total";"2019";72
"Social";"Educação";"Estabelecimentos de Creche por Dependência Administrativa";"Tapajós";"Itaituba";"Total";"2020";73
"Social";"Educação";"Estabelecimentos de Creche por Dependência Administrativa";"Tapajós";"Itaituba";"Total";"2021";79
"Social";"Educação";"Estabelecimentos de Creche por Dependência Administrativa";"Tapajós";"Itaituba";"Total";"2022";77
"Social";"Educação";"Estabelecimentos de Creche por Dependência Administrativa";"Tapajós";"Itaituba";"Total";"2023";78
"Social";"Educação";"Estabelecimentos de Creche por Dependência Administrativa";"Tapajós";"Itaituba";"Total";"2024";86
"Social";"Educação";"Estabelecimentos de Creche por Dependência Administrativa";"Lago de Tucuruí";"Itupiranga";"Total";"2019";1
"Social";"Educação";"Estabelecimentos de Creche por Dependência Administrativa";"Lago de Tucuruí";"Itupiranga";"Total";"2020";1
"Social";"Educação";"Estabelecimentos de Creche por Dependência Administrativa";"Lago de Tucuruí";"Itupiranga";"Total";"2021";1
"Social";"Educação";"Estabelecimentos de Creche por Dependência Administrativa";"Lago de Tucuruí";"Itupiranga";"Total";"2022";1
"Social";"Educação";"Estabelecimentos de Creche por Dependência Administrativa";"Lago de Tucuruí";"Itupiranga";"Total";"2023";20
"Social";"Educação";"Estabelecimentos de Creche por Dependência Administrativa";"Lago de Tucuruí";"Itupiranga";"Total";"2024";25
"Social";"Educação";"Estabelecimentos de Creche por Dependência Administrativa";"Tapajós";"Jacareacanga";"Total";"2019";2
"Social";"Educação";"Estabelecimentos de Creche por Dependência Administrativa";"Tapajós";"Jacareacanga";"Total";"2020";2
"Social";"Educação";"Estabelecimentos de Creche por Dependência Administrativa";"Tapajós";"Jacareacanga";"Total";"2021";2
"Social";"Educação";"Estabelecimentos de Creche por Dependência Administrativa";"Tapajós";"Jacareacanga";"Total";"2022";2
"Social";"Educação";"Estabelecimentos de Creche por Dependência Administrativa";"Tapajós";"Jacareacanga";"Total";"2023";2
"Social";"Educação";"Estabelecimentos de Creche por Dependência Administrativa";"Tapajós";"Jacareacanga";"Total";"2024";2
"Social";"Educação";"Estabelecimentos de Creche por Dependência Administrativa";"Lago de Tucuruí";"Jacundá";"Total";"2019";11
"Social";"Educação";"Estabelecimentos de Creche por Dependência Administrativa";"Lago de Tucuruí";"Jacundá";"Total";"2020";12
"Social";"Educação";"Estabelecimentos de Creche por Dependência Administrativa";"Lago de Tucuruí";"Jacundá";"Total";"2021";13
"Social";"Educação";"Estabelecimentos de Creche por Dependência Administrativa";"Lago de Tucuruí";"Jacundá";"Total";"2022";15
"Social";"Educação";"Estabelecimentos de Creche por Dependência Administrativa";"Lago de Tucuruí";"Jacundá";"Total";"2023";15
"Social";"Educação";"Estabelecimentos de Creche por Dependência Administrativa";"Lago de Tucuruí";"Jacundá";"Total";"2024";11
"Social";"Educação";"Estabelecimentos de Creche por Dependência Administrativa";"Baixo Amazonas";"Juruti";"Total";"2019";63
"Social";"Educação";"Estabelecimentos de Creche por Dependência Administrativa";"Baixo Amazonas";"Juruti";"Total";"2020";56
"Social";"Educação";"Estabelecimentos de Creche por Dependência Administrativa";"Baixo Amazonas";"Juruti";"Total";"2021";57
"Social";"Educação";"Estabelecimentos de Creche por Dependência Administrativa";"Baixo Amazonas";"Juruti";"Total";"2022";54
"Social";"Educação";"Estabelecimentos de Creche por Dependência Administrativa";"Baixo Amazonas";"Juruti";"Total";"2023";56
"Social";"Educação";"Estabelecimentos de Creche por Dependência Administrativa";"Baixo Amazonas";"Juruti";"Total";"2024";58
"Social";"Educação";"Estabelecimentos de Creche por Dependência Administrativa";"Tocantins";"Limoeiro do Ajuru";"Total";"2019";5
"Social";"Educação";"Estabelecimentos de Creche por Dependência Administrativa";"Tocantins";"Limoeiro do Ajuru";"Total";"2020";2
"Social";"Educação";"Estabelecimentos de Creche por Dependência Administrativa";"Tocantins";"Limoeiro do Ajuru";"Total";"2021";27
"Social";"Educação";"Estabelecimentos de Creche por Dependência Administrativa";"Tocantins";"Limoeiro do Ajuru";"Total";"2022";39
"Social";"Educação";"Estabelecimentos de Creche por Dependência Administrativa";"Tocantins";"Limoeiro do Ajuru";"Total";"2023";29
"Social";"Educação";"Estabelecimentos de Creche por Dependência Administrativa";"Tocantins";"Limoeiro do Ajuru";"Total";"2024";28
"Social";"Educação";"Estabelecimentos de Creche por Dependência Administrativa";"Rio Capim";"Mãe do Rio";"Total";"2019";10
"Social";"Educação";"Estabelecimentos de Creche por Dependência Administrativa";"Rio Capim";"Mãe do Rio";"Total";"2020";14
"Social";"Educação";"Estabelecimentos de Creche por Dependência Administrativa";"Rio Capim";"Mãe do Rio";"Total";"2021";13
"Social";"Educação";"Estabelecimentos de Creche por Dependência Administrativa";"Rio Capim";"Mãe do Rio";"Total";"2022";18
"Social";"Educação";"Estabelecimentos de Creche por Dependência Administrativa";"Rio Capim";"Mãe do Rio";"Total";"2023";23
"Social";"Educação";"Estabelecimentos de Creche por Dependência Administrativa";"Rio Capim";"Mãe do Rio";"Total";"2024";25
"Social";"Educação";"Estabelecimentos de Creche por Dependência Administrativa";"Guamá";"Magalhães Barata";"Total";"2019";15
"Social";"Educação";"Estabelecimentos de Creche por Dependência Administrativa";"Guamá";"Magalhães Barata";"Total";"2020";13
"Social";"Educação";"Estabelecimentos de Creche por Dependência Administrativa";"Guamá";"Magalhães Barata";"Total";"2021";16
"Social";"Educação";"Estabelecimentos de Creche por Dependência Administrativa";"Guamá";"Magalhães Barata";"Total";"2022";17
"Social";"Educação";"Estabelecimentos de Creche por Dependência Administrativa";"Guamá";"Magalhães Barata";"Total";"2023";17
"Social";"Educação";"Estabelecimentos de Creche por Dependência Administrativa";"Guamá";"Magalhães Barata";"Total";"2024";17
"Social";"Educação";"Estabelecimentos de Creche por Dependência Administrativa";"Carajás";"Marabá";"Total";"2019";57
"Social";"Educação";"Estabelecimentos de Creche por Dependência Administrativa";"Carajás";"Marabá";"Total";"2020";53
"Social";"Educação";"Estabelecimentos de Creche por Dependência Administrativa";"Carajás";"Marabá";"Total";"2021";54
"Social";"Educação";"Estabelecimentos de Creche por Dependência Administrativa";"Carajás";"Marabá";"Total";"2022";56
"Social";"Educação";"Estabelecimentos de Creche por Dependência Administrativa";"Carajás";"Marabá";"Total";"2023";54
"Social";"Educação";"Estabelecimentos de Creche por Dependência Administrativa";"Carajás";"Marabá";"Total";"2024";60
"Social";"Educação";"Estabelecimentos de Creche por Dependência Administrativa";"Guamá";"Maracanã";"Total";"2019";38
"Social";"Educação";"Estabelecimentos de Creche por Dependência Administrativa";"Guamá";"Maracanã";"Total";"2020";32
"Social";"Educação";"Estabelecimentos de Creche por Dependência Administrativa";"Guamá";"Maracanã";"Total";"2021";46
"Social";"Educação";"Estabelecimentos de Creche por Dependência Administrativa";"Guamá";"Maracanã";"Total";"2022";60
"Social";"Educação";"Estabelecimentos de Creche por Dependência Administrativa";"Guamá";"Maracanã";"Total";"2023";67
"Social";"Educação";"Estabelecimentos de Creche por Dependência Administrativa";"Guamá";"Maracanã";"Total";"2024";66
"Social";"Educação";"Estabelecimentos de Creche por Dependência Administrativa";"Guamá";"Marapanim";"Total";"2019";15
"Social";"Educação";"Estabelecimentos de Creche por Dependência Administrativa";"Guamá";"Marapanim";"Total";"2020";22
"Social";"Educação";"Estabelecimentos de Creche por Dependência Administrativa";"Guamá";"Marapanim";"Total";"2021";25
"Social";"Educação";"Estabelecimentos de Creche por Dependência Administrativa";"Guamá";"Marapanim";"Total";"2022";31
"Social";"Educação";"Estabelecimentos de Creche por Dependência Administrativa";"Guamá";"Marapanim";"Total";"2023";36
"Social";"Educação";"Estabelecimentos de Creche por Dependência Administrativa";"Guamá";"Marapanim";"Total";"2024";34
"Social";"Educação";"Estabelecimentos de Creche por Dependência Administrativa";"Guajará";"Marituba";"Total";"2019";38
"Social";"Educação";"Estabelecimentos de Creche por Dependência Administrativa";"Guajará";"Marituba";"Total";"2020";36
"Social";"Educação";"Estabelecimentos de Creche por Dependência Administrativa";"Guajará";"Marituba";"Total";"2021";37
"Social";"Educação";"Estabelecimentos de Creche por Dependência Administrativa";"Guajará";"Marituba";"Total";"2022";31
"Social";"Educação";"Estabelecimentos de Creche por Dependência Administrativa";"Guajará";"Marituba";"Total";"2023";31
"Social";"Educação";"Estabelecimentos de Creche por Dependência Administrativa";"Guajará";"Marituba";"Total";"2024";31
"Social";"Educação";"Estabelecimentos de Creche por Dependência Administrativa";"Xingu";"Medicilândia";"Total";"2019";1
"Social";"Educação";"Estabelecimentos de Creche por Dependência Administrativa";"Xingu";"Medicilândia";"Total";"2020";1
"Social";"Educação";"Estabelecimentos de Creche por Dependência Administrativa";"Xingu";"Medicilândia";"Total";"2021";3
"Social";"Educação";"Estabelecimentos de Creche por Dependência Administrativa";"Xingu";"Medicilândia";"Total";"2022";4
"Social";"Educação";"Estabelecimentos de Creche por Dependência Administrativa";"Xingu";"Medicilândia";"Total";"2023";3
"Social";"Educação";"Estabelecimentos de Creche por Dependência Administrativa";"Xingu";"Medicilândia";"Total";"2024";1
"Social";"Educação";"Estabelecimentos de Creche por Dependência Administrativa";"Marajó";"Melgaço";"Total";"2019";1
"Social";"Educação";"Estabelecimentos de Creche por Dependência Administrativa";"Marajó";"Melgaço";"Total";"2020";1
"Social";"Educação";"Estabelecimentos de Creche por Dependência Administrativa";"Marajó";"Melgaço";"Total";"2021";1
"Social";"Educação";"Estabelecimentos de Creche por Dependência Administrativa";"Marajó";"Melgaço";"Total";"2022";1
"Social";"Educação";"Estabelecimentos de Creche por Dependência Administrativa";"Marajó";"Melgaço";"Total";"2023";1
"Social";"Educação";"Estabelecimentos de Creche por Dependência Administrativa";"Marajó";"Melgaço";"Total";"2024";1
"Social";"Educação";"Estabelecimentos de Creche por Dependência Administrativa";"Tocantins";"Mocajuba";"Total";"2019";42
"Social";"Educação";"Estabelecimentos de Creche por Dependência Administrativa";"Tocantins";"Mocajuba";"Total";"2020";38
"Social";"Educação";"Estabelecimentos de Creche por Dependência Administrativa";"Tocantins";"Mocajuba";"Total";"2021";40
"Social";"Educação";"Estabelecimentos de Creche por Dependência Administrativa";"Tocantins";"Mocajuba";"Total";"2022";38
"Social";"Educação";"Estabelecimentos de Creche por Dependência Administrativa";"Tocantins";"Mocajuba";"Total";"2023";42
"Social";"Educação";"Estabelecimentos de Creche por Dependência Administrativa";"Tocantins";"Mocajuba";"Total";"2024";39
"Social";"Educação";"Estabelecimentos de Creche por Dependência Administrativa";"Tocantins";"Moju";"Total";"2019";20
"Social";"Educação";"Estabelecimentos de Creche por Dependência Administrativa";"Tocantins";"Moju";"Total";"2020";19
"Social";"Educação";"Estabelecimentos de Creche por Dependência Administrativa";"Tocantins";"Moju";"Total";"2021";26
"Social";"Educação";"Estabelecimentos de Creche por Dependência Administrativa";"Tocantins";"Moju";"Total";"2022";40
"Social";"Educação";"Estabelecimentos de Creche por Dependência Administrativa";"Tocantins";"Moju";"Total";"2023";48
"Social";"Educação";"Estabelecimentos de Creche por Dependência Administrativa";"Tocantins";"Moju";"Total";"2024";69
"Social";"Educação";"Estabelecimentos de Creche por Dependência Administrativa";"Baixo Amazonas";"Mojuí dos campos";"Total";"2019";0
"Social";"Educação";"Estabelecimentos de Creche por Dependência Administrativa";"Baixo Amazonas";"Mojuí dos campos";"Total";"2020";0
"Social";"Educação";"Estabelecimentos de Creche por Dependência Administrativa";"Baixo Amazonas";"Mojuí dos campos";"Total";"2021";0
"Social";"Educação";"Estabelecimentos de Creche por Dependência Administrativa";"Baixo Amazonas";"Mojuí dos campos";"Total";"2022";0
"Social";"Educação";"Estabelecimentos de Creche por Dependência Administrativa";"Baixo Amazonas";"Mojuí dos campos";"Total";"2023";0
"Social";"Educação";"Estabelecimentos de Creche por Dependência Administrativa";"Baixo Amazonas";"Mojuí dos campos";"Total";"2024";1
"Social";"Educação";"Estabelecimentos de Creche por Dependência Administrativa";"Baixo Amazonas";"Monte Alegre";"Total";"2019";90
"Social";"Educação";"Estabelecimentos de Creche por Dependência Administrativa";"Baixo Amazonas";"Monte Alegre";"Total";"2020";92
"Social";"Educação";"Estabelecimentos de Creche por Dependência Administrativa";"Baixo Amazonas";"Monte Alegre";"Total";"2021";90
"Social";"Educação";"Estabelecimentos de Creche por Dependência Administrativa";"Baixo Amazonas";"Monte Alegre";"Total";"2022";88
"Social";"Educação";"Estabelecimentos de Creche por Dependência Administrativa";"Baixo Amazonas";"Monte Alegre";"Total";"2023";86
"Social";"Educação";"Estabelecimentos de Creche por Dependência Administrativa";"Baixo Amazonas";"Monte Alegre";"Total";"2024";90
"Social";"Educação";"Estabelecimentos de Creche por Dependência Administrativa";"Marajó";"Muaná";"Total";"2019";0
"Social";"Educação";"Estabelecimentos de Creche por Dependência Administrativa";"Marajó";"Muaná";"Total";"2020";0
"Social";"Educação";"Estabelecimentos de Creche por Dependência Administrativa";"Marajó";"Muaná";"Total";"2021";0
"Social";"Educação";"Estabelecimentos de Creche por Dependência Administrativa";"Marajó";"Muaná";"Total";"2022";2
"Social";"Educação";"Estabelecimentos de Creche por Dependência Administrativa";"Marajó";"Muaná";"Total";"2023";2
"Social";"Educação";"Estabelecimentos de Creche por Dependência Administrativa";"Marajó";"Muaná";"Total";"2024";3
"Social";"Educação";"Estabelecimentos de Creche por Dependência Administrativa";"Rio Capim";"Nova Esperança do Piriá";"Total";"2019";2
"Social";"Educação";"Estabelecimentos de Creche por Dependência Administrativa";"Rio Capim";"Nova Esperança do Piriá";"Total";"2020";4
"Social";"Educação";"Estabelecimentos de Creche por Dependência Administrativa";"Rio Capim";"Nova Esperança do Piriá";"Total";"2021";4
"Social";"Educação";"Estabelecimentos de Creche por Dependência Administrativa";"Rio Capim";"Nova Esperança do Piriá";"Total";"2022";8
"Social";"Educação";"Estabelecimentos de Creche por Dependência Administrativa";"Rio Capim";"Nova Esperança do Piriá";"Total";"2023";14
"Social";"Educação";"Estabelecimentos de Creche por Dependência Administrativa";"Rio Capim";"Nova Esperança do Piriá";"Total";"2024";11
"Social";"Educação";"Estabelecimentos de Creche por Dependência Administrativa";"Lago de Tucuruí";"Nova Ipixuna";"Total";"2019";7
"Social";"Educação";"Estabelecimentos de Creche por Dependência Administrativa";"Lago de Tucuruí";"Nova Ipixuna";"Total";"2020";5
"Social";"Educação";"Estabelecimentos de Creche por Dependência Administrativa";"Lago de Tucuruí";"Nova Ipixuna";"Total";"2021";6
"Social";"Educação";"Estabelecimentos de Creche por Dependência Administrativa";"Lago de Tucuruí";"Nova Ipixuna";"Total";"2022";10
"Social";"Educação";"Estabelecimentos de Creche por Dependência Administrativa";"Lago de Tucuruí";"Nova Ipixuna";"Total";"2023";11
"Social";"Educação";"Estabelecimentos de Creche por Dependência Administrativa";"Lago de Tucuruí";"Nova Ipixuna";"Total";"2024";12
"Social";"Educação";"Estabelecimentos de Creche por Dependência Administrativa";"Rio Caeté";"Nova Timboteua";"Total";"2019";15
"Social";"Educação";"Estabelecimentos de Creche por Dependência Administrativa";"Rio Caeté";"Nova Timboteua";"Total";"2020";16
"Social";"Educação";"Estabelecimentos de Creche por Dependência Administrativa";"Rio Caeté";"Nova Timboteua";"Total";"2021";14
"Social";"Educação";"Estabelecimentos de Creche por Dependência Administrativa";"Rio Caeté";"Nova Timboteua";"Total";"2022";15
"Social";"Educação";"Estabelecimentos de Creche por Dependência Administrativa";"Rio Caeté";"Nova Timboteua";"Total";"2023";15
"Social";"Educação";"Estabelecimentos de Creche por Dependência Administrativa";"Rio Caeté";"Nova Timboteua";"Total";"2024";15
"Social";"Educação";"Estabelecimentos de Creche por Dependência Administrativa";"Tapajós";"Novo Progresso";"Total";"2019";7
"Social";"Educação";"Estabelecimentos de Creche por Dependência Administrativa";"Tapajós";"Novo Progresso";"Total";"2020";7
"Social";"Educação";"Estabelecimentos de Creche por Dependência Administrativa";"Tapajós";"Novo Progresso";"Total";"2021";7
"Social";"Educação";"Estabelecimentos de Creche por Dependência Administrativa";"Tapajós";"Novo Progresso";"Total";"2022";7
"Social";"Educação";"Estabelecimentos de Creche por Dependência Administrativa";"Tapajós";"Novo Progresso";"Total";"2023";8
"Social";"Educação";"Estabelecimentos de Creche por Dependência Administrativa";"Tapajós";"Novo Progresso";"Total";"2024";8
"Social";"Educação";"Estabelecimentos de Creche por Dependência Administrativa";"Lago de Tucuruí";"Novo Repartimento";"Total";"2019";19
"Social";"Educação";"Estabelecimentos de Creche por Dependência Administrativa";"Lago de Tucuruí";"Novo Repartimento";"Total";"2020";21
"Social";"Educação";"Estabelecimentos de Creche por Dependência Administrativa";"Lago de Tucuruí";"Novo Repartimento";"Total";"2021";20
"Social";"Educação";"Estabelecimentos de Creche por Dependência Administrativa";"Lago de Tucuruí";"Novo Repartimento";"Total";"2022";19
"Social";"Educação";"Estabelecimentos de Creche por Dependência Administrativa";"Lago de Tucuruí";"Novo Repartimento";"Total";"2023";23
"Social";"Educação";"Estabelecimentos de Creche por Dependência Administrativa";"Lago de Tucuruí";"Novo Repartimento";"Total";"2024";14
"Social";"Educação";"Estabelecimentos de Creche por Dependência Administrativa";"Baixo Amazonas";"Óbidos";"Total";"2019";3
"Social";"Educação";"Estabelecimentos de Creche por Dependência Administrativa";"Baixo Amazonas";"Óbidos";"Total";"2020";7
"Social";"Educação";"Estabelecimentos de Creche por Dependência Administrativa";"Baixo Amazonas";"Óbidos";"Total";"2021";9
"Social";"Educação";"Estabelecimentos de Creche por Dependência Administrativa";"Baixo Amazonas";"Óbidos";"Total";"2022";10
"Social";"Educação";"Estabelecimentos de Creche por Dependência Administrativa";"Baixo Amazonas";"Óbidos";"Total";"2023";11
"Social";"Educação";"Estabelecimentos de Creche por Dependência Administrativa";"Baixo Amazonas";"Óbidos";"Total";"2024";15
"Social";"Educação";"Estabelecimentos de Creche por Dependência Administrativa";"Marajó";"Oeiras do Pará";"Total";"2019";7
"Social";"Educação";"Estabelecimentos de Creche por Dependência Administrativa";"Marajó";"Oeiras do Pará";"Total";"2020";17
"Social";"Educação";"Estabelecimentos de Creche por Dependência Administrativa";"Marajó";"Oeiras do Pará";"Total";"2021";25
"Social";"Educação";"Estabelecimentos de Creche por Dependência Administrativa";"Marajó";"Oeiras do Pará";"Total";"2022";27
"Social";"Educação";"Estabelecimentos de Creche por Dependência Administrativa";"Marajó";"Oeiras do Pará";"Total";"2023";28
"Social";"Educação";"Estabelecimentos de Creche por Dependência Administrativa";"Marajó";"Oeiras do Pará";"Total";"2024";32
"Social";"Educação";"Estabelecimentos de Creche por Dependência Administrativa";"Baixo Amazonas";"Oriximiná";"Total";"2019";41
"Social";"Educação";"Estabelecimentos de Creche por Dependência Administrativa";"Baixo Amazonas";"Oriximiná";"Total";"2020";48
"Social";"Educação";"Estabelecimentos de Creche por Dependência Administrativa";"Baixo Amazonas";"Oriximiná";"Total";"2021";46
"Social";"Educação";"Estabelecimentos de Creche por Dependência Administrativa";"Baixo Amazonas";"Oriximiná";"Total";"2022";53
"Social";"Educação";"Estabelecimentos de Creche por Dependência Administrativa";"Baixo Amazonas";"Oriximiná";"Total";"2023";55
"Social";"Educação";"Estabelecimentos de Creche por Dependência Administrativa";"Baixo Amazonas";"Oriximiná";"Total";"2024";59
"Social";"Educação";"Estabelecimentos de Creche por Dependência Administrativa";"Rio Capim";"Ourém";"Total";"2019";11
"Social";"Educação";"Estabelecimentos de Creche por Dependência Administrativa";"Rio Capim";"Ourém";"Total";"2020";13
"Social";"Educação";"Estabelecimentos de Creche por Dependência Administrativa";"Rio Capim";"Ourém";"Total";"2021";13
"Social";"Educação";"Estabelecimentos de Creche por Dependência Administrativa";"Rio Capim";"Ourém";"Total";"2022";14
"Social";"Educação";"Estabelecimentos de Creche por Dependência Administrativa";"Rio Capim";"Ourém";"Total";"2023";16
"Social";"Educação";"Estabelecimentos de Creche por Dependência Administrativa";"Rio Capim";"Ourém";"Total";"2024";17
"Social";"Educação";"Estabelecimentos de Creche por Dependência Administrativa";"Araguaia";"Ourilândia do Norte";"Total";"2019";9
"Social";"Educação";"Estabelecimentos de Creche por Dependência Administrativa";"Araguaia";"Ourilândia do Norte";"Total";"2020";8
"Social";"Educação";"Estabelecimentos de Creche por Dependência Administrativa";"Araguaia";"Ourilândia do Norte";"Total";"2021";8
"Social";"Educação";"Estabelecimentos de Creche por Dependência Administrativa";"Araguaia";"Ourilândia do Norte";"Total";"2022";10
"Social";"Educação";"Estabelecimentos de Creche por Dependência Administrativa";"Araguaia";"Ourilândia do Norte";"Total";"2023";9
"Social";"Educação";"Estabelecimentos de Creche por Dependência Administrativa";"Araguaia";"Ourilândia do Norte";"Total";"2024";8
"Social";"Educação";"Estabelecimentos de Creche por Dependência Administrativa";"Xingu";"Pacajá";"Total";"2019";7
"Social";"Educação";"Estabelecimentos de Creche por Dependência Administrativa";"Xingu";"Pacajá";"Total";"2020";6
"Social";"Educação";"Estabelecimentos de Creche por Dependência Administrativa";"Xingu";"Pacajá";"Total";"2021";6
"Social";"Educação";"Estabelecimentos de Creche por Dependência Administrativa";"Xingu";"Pacajá";"Total";"2022";8
"Social";"Educação";"Estabelecimentos de Creche por Dependência Administrativa";"Xingu";"Pacajá";"Total";"2023";26
"Social";"Educação";"Estabelecimentos de Creche por Dependência Administrativa";"Xingu";"Pacajá";"Total";"2024";39
"Social";"Educação";"Estabelecimentos de Creche por Dependência Administrativa";"Carajás";"Palestina do Pará";"Total";"2019";5
"Social";"Educação";"Estabelecimentos de Creche por Dependência Administrativa";"Carajás";"Palestina do Pará";"Total";"2020";3
"Social";"Educação";"Estabelecimentos de Creche por Dependência Administrativa";"Carajás";"Palestina do Pará";"Total";"2021";6
"Social";"Educação";"Estabelecimentos de Creche por Dependência Administrativa";"Carajás";"Palestina do Pará";"Total";"2022";6
"Social";"Educação";"Estabelecimentos de Creche por Dependência Administrativa";"Carajás";"Palestina do Pará";"Total";"2023";6
"Social";"Educação";"Estabelecimentos de Creche por Dependência Administrativa";"Carajás";"Palestina do Pará";"Total";"2024";6
"Social";"Educação";"Estabelecimentos de Creche por Dependência Administrativa";"Rio Capim";"Paragominas";"Total";"2019";26
"Social";"Educação";"Estabelecimentos de Creche por Dependência Administrativa";"Rio Capim";"Paragominas";"Total";"2020";34
"Social";"Educação";"Estabelecimentos de Creche por Dependência Administrativa";"Rio Capim";"Paragominas";"Total";"2021";36
"Social";"Educação";"Estabelecimentos de Creche por Dependência Administrativa";"Rio Capim";"Paragominas";"Total";"2022";42
"Social";"Educação";"Estabelecimentos de Creche por Dependência Administrativa";"Rio Capim";"Paragominas";"Total";"2023";35
"Social";"Educação";"Estabelecimentos de Creche por Dependência Administrativa";"Rio Capim";"Paragominas";"Total";"2024";26
"Social";"Educação";"Estabelecimentos de Creche por Dependência Administrativa";"Carajás";"Parauapebas";"Total";"2019";37
"Social";"Educação";"Estabelecimentos de Creche por Dependência Administrativa";"Carajás";"Parauapebas";"Total";"2020";39
"Social";"Educação";"Estabelecimentos de Creche por Dependência Administrativa";"Carajás";"Parauapebas";"Total";"2021";38
"Social";"Educação";"Estabelecimentos de Creche por Dependência Administrativa";"Carajás";"Parauapebas";"Total";"2022";41
"Social";"Educação";"Estabelecimentos de Creche por Dependência Administrativa";"Carajás";"Parauapebas";"Total";"2023";38
"Social";"Educação";"Estabelecimentos de Creche por Dependência Administrativa";"Carajás";"Parauapebas";"Total";"2024";42
"Social";"Educação";"Estabelecimentos de Creche por Dependência Administrativa";"Araguaia";"Pau D'Arco";"Total";"2019";1
"Social";"Educação";"Estabelecimentos de Creche por Dependência Administrativa";"Araguaia";"Pau D'Arco";"Total";"2020";1
"Social";"Educação";"Estabelecimentos de Creche por Dependência Administrativa";"Araguaia";"Pau D'Arco";"Total";"2021";1
"Social";"Educação";"Estabelecimentos de Creche por Dependência Administrativa";"Araguaia";"Pau D'Arco";"Total";"2022";1
"Social";"Educação";"Estabelecimentos de Creche por Dependência Administrativa";"Araguaia";"Pau D'Arco";"Total";"2023";1
"Social";"Educação";"Estabelecimentos de Creche por Dependência Administrativa";"Araguaia";"Pau D'Arco";"Total";"2024";1
"Social";"Educação";"Estabelecimentos de Creche por Dependência Administrativa";"Rio Caeté";"Peixe-Boi";"Total";"2019";7
"Social";"Educação";"Estabelecimentos de Creche por Dependência Administrativa";"Rio Caeté";"Peixe-Boi";"Total";"2020";8
"Social";"Educação";"Estabelecimentos de Creche por Dependência Administrativa";"Rio Caeté";"Peixe-Boi";"Total";"2021";8
"Social";"Educação";"Estabelecimentos de Creche por Dependência Administrativa";"Rio Caeté";"Peixe-Boi";"Total";"2022";8
"Social";"Educação";"Estabelecimentos de Creche por Dependência Administrativa";"Rio Caeté";"Peixe-Boi";"Total";"2023";8
"Social";"Educação";"Estabelecimentos de Creche por Dependência Administrativa";"Rio Caeté";"Peixe-Boi";"Total";"2024";8
"Social";"Educação";"Estabelecimentos de Creche por Dependência Administrativa";"Carajás";"Piçarra";"Total";"2019";6
"Social";"Educação";"Estabelecimentos de Creche por Dependência Administrativa";"Carajás";"Piçarra";"Total";"2020";5
"Social";"Educação";"Estabelecimentos de Creche por Dependência Administrativa";"Carajás";"Piçarra";"Total";"2021";6
"Social";"Educação";"Estabelecimentos de Creche por Dependência Administrativa";"Carajás";"Piçarra";"Total";"2022";5
"Social";"Educação";"Estabelecimentos de Creche por Dependência Administrativa";"Carajás";"Piçarra";"Total";"2023";6
"Social";"Educação";"Estabelecimentos de Creche por Dependência Administrativa";"Carajás";"Piçarra";"Total";"2024";5
"Social";"Educação";"Estabelecimentos de Creche por Dependência Administrativa";"Xingu";"Placas";"Total";"2019";4
"Social";"Educação";"Estabelecimentos de Creche por Dependência Administrativa";"Xingu";"Placas";"Total";"2020";4
"Social";"Educação";"Estabelecimentos de Creche por Dependência Administrativa";"Xingu";"Placas";"Total";"2021";4
"Social";"Educação";"Estabelecimentos de Creche por Dependência Administrativa";"Xingu";"Placas";"Total";"2022";10
"Social";"Educação";"Estabelecimentos de Creche por Dependência Administrativa";"Xingu";"Placas";"Total";"2023";17
"Social";"Educação";"Estabelecimentos de Creche por Dependência Administrativa";"Xingu";"Placas";"Total";"2024";25
"Social";"Educação";"Estabelecimentos de Creche por Dependência Administrativa";"Marajó";"Ponta de Pedras";"Total";"2019";1
"Social";"Educação";"Estabelecimentos de Creche por Dependência Administrativa";"Marajó";"Ponta de Pedras";"Total";"2020";1
"Social";"Educação";"Estabelecimentos de Creche por Dependência Administrativa";"Marajó";"Ponta de Pedras";"Total";"2021";1
"Social";"Educação";"Estabelecimentos de Creche por Dependência Administrativa";"Marajó";"Ponta de Pedras";"Total";"2022";1
"Social";"Educação";"Estabelecimentos de Creche por Dependência Administrativa";"Marajó";"Ponta de Pedras";"Total";"2023";2
"Social";"Educação";"Estabelecimentos de Creche por Dependência Administrativa";"Marajó";"Ponta de Pedras";"Total";"2024";2
"Social";"Educação";"Estabelecimentos de Creche por Dependência Administrativa";"Marajó";"Portel";"Total";"2019";5
"Social";"Educação";"Estabelecimentos de Creche por Dependência Administrativa";"Marajó";"Portel";"Total";"2020";5
"Social";"Educação";"Estabelecimentos de Creche por Dependência Administrativa";"Marajó";"Portel";"Total";"2021";6
"Social";"Educação";"Estabelecimentos de Creche por Dependência Administrativa";"Marajó";"Portel";"Total";"2022";6
"Social";"Educação";"Estabelecimentos de Creche por Dependência Administrativa";"Marajó";"Portel";"Total";"2023";6
"Social";"Educação";"Estabelecimentos de Creche por Dependência Administrativa";"Marajó";"Portel";"Total";"2024";6
"Social";"Educação";"Estabelecimentos de Creche por Dependência Administrativa";"Xingu";"Porto de Moz";"Total";"2019";1
"Social";"Educação";"Estabelecimentos de Creche por Dependência Administrativa";"Xingu";"Porto de Moz";"Total";"2020";1
"Social";"Educação";"Estabelecimentos de Creche por Dependência Administrativa";"Xingu";"Porto de Moz";"Total";"2021";2
"Social";"Educação";"Estabelecimentos de Creche por Dependência Administrativa";"Xingu";"Porto de Moz";"Total";"2022";3
"Social";"Educação";"Estabelecimentos de Creche por Dependência Administrativa";"Xingu";"Porto de Moz";"Total";"2023";3
"Social";"Educação";"Estabelecimentos de Creche por Dependência Administrativa";"Xingu";"Porto de Moz";"Total";"2024";3
"Social";"Educação";"Estabelecimentos de Creche por Dependência Administrativa";"Baixo Amazonas";"Prainha";"Total";"2019";24
"Social";"Educação";"Estabelecimentos de Creche por Dependência Administrativa";"Baixo Amazonas";"Prainha";"Total";"2020";23
"Social";"Educação";"Estabelecimentos de Creche por Dependência Administrativa";"Baixo Amazonas";"Prainha";"Total";"2021";51
"Social";"Educação";"Estabelecimentos de Creche por Dependência Administrativa";"Baixo Amazonas";"Prainha";"Total";"2022";32
"Social";"Educação";"Estabelecimentos de Creche por Dependência Administrativa";"Baixo Amazonas";"Prainha";"Total";"2023";37
"Social";"Educação";"Estabelecimentos de Creche por Dependência Administrativa";"Baixo Amazonas";"Prainha";"Total";"2024";35
"Social";"Educação";"Estabelecimentos de Creche por Dependência Administrativa";"Rio Caeté";"Primavera";"Total";"2019";3
"Social";"Educação";"Estabelecimentos de Creche por Dependência Administrativa";"Rio Caeté";"Primavera";"Total";"2020";4
"Social";"Educação";"Estabelecimentos de Creche por Dependência Administrativa";"Rio Caeté";"Primavera";"Total";"2021";5
"Social";"Educação";"Estabelecimentos de Creche por Dependência Administrativa";"Rio Caeté";"Primavera";"Total";"2022";5
"Social";"Educação";"Estabelecimentos de Creche por Dependência Administrativa";"Rio Caeté";"Primavera";"Total";"2023";4
"Social";"Educação";"Estabelecimentos de Creche por Dependência Administrativa";"Rio Caeté";"Primavera";"Total";"2024";5
"Social";"Educação";"Estabelecimentos de Creche por Dependência Administrativa";"Rio Caeté";"Quatipuru";"Total";"2019";6
"Social";"Educação";"Estabelecimentos de Creche por Dependência Administrativa";"Rio Caeté";"Quatipuru";"Total";"2020";6
"Social";"Educação";"Estabelecimentos de Creche por Dependência Administrativa";"Rio Caeté";"Quatipuru";"Total";"2021";7
"Social";"Educação";"Estabelecimentos de Creche por Dependência Administrativa";"Rio Caeté";"Quatipuru";"Total";"2022";7
"Social";"Educação";"Estabelecimentos de Creche por Dependência Administrativa";"Rio Caeté";"Quatipuru";"Total";"2023";8
"Social";"Educação";"Estabelecimentos de Creche por Dependência Administrativa";"Rio Caeté";"Quatipuru";"Total";"2024";9
"Social";"Educação";"Estabelecimentos de Creche por Dependência Administrativa";"Araguaia";"Redenção";"Total";"2019";16
"Social";"Educação";"Estabelecimentos de Creche por Dependência Administrativa";"Araguaia";"Redenção";"Total";"2020";11
"Social";"Educação";"Estabelecimentos de Creche por Dependência Administrativa";"Araguaia";"Redenção";"Total";"2021";10
"Social";"Educação";"Estabelecimentos de Creche por Dependência Administrativa";"Araguaia";"Redenção";"Total";"2022";13
"Social";"Educação";"Estabelecimentos de Creche por Dependência Administrativa";"Araguaia";"Redenção";"Total";"2023";17
"Social";"Educação";"Estabelecimentos de Creche por Dependência Administrativa";"Araguaia";"Redenção";"Total";"2024";17
"Social";"Educação";"Estabelecimentos de Creche por Dependência Administrativa";"Araguaia";"Rio Maria";"Total";"2019";4
"Social";"Educação";"Estabelecimentos de Creche por Dependência Administrativa";"Araguaia";"Rio Maria";"Total";"2020";3
"Social";"Educação";"Estabelecimentos de Creche por Dependência Administrativa";"Araguaia";"Rio Maria";"Total";"2021";4
"Social";"Educação";"Estabelecimentos de Creche por Dependência Administrativa";"Araguaia";"Rio Maria";"Total";"2022";4
"Social";"Educação";"Estabelecimentos de Creche por Dependência Administrativa";"Araguaia";"Rio Maria";"Total";"2023";4
"Social";"Educação";"Estabelecimentos de Creche por Dependência Administrativa";"Araguaia";"Rio Maria";"Total";"2024";4
"Social";"Educação";"Estabelecimentos de Creche por Dependência Administrativa";"Rio Capim";"Rondon do Pará";"Total";"2019";7
"Social";"Educação";"Estabelecimentos de Creche por Dependência Administrativa";"Rio Capim";"Rondon do Pará";"Total";"2020";6
"Social";"Educação";"Estabelecimentos de Creche por Dependência Administrativa";"Rio Capim";"Rondon do Pará";"Total";"2021";6
"Social";"Educação";"Estabelecimentos de Creche por Dependência Administrativa";"Rio Capim";"Rondon do Pará";"Total";"2022";7
"Social";"Educação";"Estabelecimentos de Creche por Dependência Administrativa";"Rio Capim";"Rondon do Pará";"Total";"2023";6
"Social";"Educação";"Estabelecimentos de Creche por Dependência Administrativa";"Rio Capim";"Rondon do Pará";"Total";"2024";8
"Social";"Educação";"Estabelecimentos de Creche por Dependência Administrativa";"Tapajós";"Rurópolis";"Total";"2019";34
"Social";"Educação";"Estabelecimentos de Creche por Dependência Administrativa";"Tapajós";"Rurópolis";"Total";"2020";34
"Social";"Educação";"Estabelecimentos de Creche por Dependência Administrativa";"Tapajós";"Rurópolis";"Total";"2021";35
"Social";"Educação";"Estabelecimentos de Creche por Dependência Administrativa";"Tapajós";"Rurópolis";"Total";"2022";37
"Social";"Educação";"Estabelecimentos de Creche por Dependência Administrativa";"Tapajós";"Rurópolis";"Total";"2023";44
"Social";"Educação";"Estabelecimentos de Creche por Dependência Administrativa";"Tapajós";"Rurópolis";"Total";"2024";41
"Social";"Educação";"Estabelecimentos de Creche por Dependência Administrativa";"Rio Caeté";"Salinópolis";"Total";"2019";21
"Social";"Educação";"Estabelecimentos de Creche por Dependência Administrativa";"Rio Caeté";"Salinópolis";"Total";"2020";22
"Social";"Educação";"Estabelecimentos de Creche por Dependência Administrativa";"Rio Caeté";"Salinópolis";"Total";"2021";23
"Social";"Educação";"Estabelecimentos de Creche por Dependência Administrativa";"Rio Caeté";"Salinópolis";"Total";"2022";24
"Social";"Educação";"Estabelecimentos de Creche por Dependência Administrativa";"Rio Caeté";"Salinópolis";"Total";"2023";23
"Social";"Educação";"Estabelecimentos de Creche por Dependência Administrativa";"Rio Caeté";"Salinópolis";"Total";"2024";24
"Social";"Educação";"Estabelecimentos de Creche por Dependência Administrativa";"Marajó";"Salvaterra";"Total";"2019";6
"Social";"Educação";"Estabelecimentos de Creche por Dependência Administrativa";"Marajó";"Salvaterra";"Total";"2020";8
"Social";"Educação";"Estabelecimentos de Creche por Dependência Administrativa";"Marajó";"Salvaterra";"Total";"2021";9
"Social";"Educação";"Estabelecimentos de Creche por Dependência Administrativa";"Marajó";"Salvaterra";"Total";"2022";13
"Social";"Educação";"Estabelecimentos de Creche por Dependência Administrativa";"Marajó";"Salvaterra";"Total";"2023";10
"Social";"Educação";"Estabelecimentos de Creche por Dependência Administrativa";"Marajó";"Salvaterra";"Total";"2024";16
"Social";"Educação";"Estabelecimentos de Creche por Dependência Administrativa";"Guajará";"Santa Bárbara do Pará";"Total";"2019";10
"Social";"Educação";"Estabelecimentos de Creche por Dependência Administrativa";"Guajará";"Santa Bárbara do Pará";"Total";"2020";9
"Social";"Educação";"Estabelecimentos de Creche por Dependência Administrativa";"Guajará";"Santa Bárbara do Pará";"Total";"2021";13
"Social";"Educação";"Estabelecimentos de Creche por Dependência Administrativa";"Guajará";"Santa Bárbara do Pará";"Total";"2022";12
"Social";"Educação";"Estabelecimentos de Creche por Dependência Administrativa";"Guajará";"Santa Bárbara do Pará";"Total";"2023";12
"Social";"Educação";"Estabelecimentos de Creche por Dependência Administrativa";"Guajará";"Santa Bárbara do Pará";"Total";"2024";13
"Social";"Educação";"Estabelecimentos de Creche por Dependência Administrativa";"Marajó";"Santa Cruz do Arari";"Total";"2019";3
"Social";"Educação";"Estabelecimentos de Creche por Dependência Administrativa";"Marajó";"Santa Cruz do Arari";"Total";"2020";3
"Social";"Educação";"Estabelecimentos de Creche por Dependência Administrativa";"Marajó";"Santa Cruz do Arari";"Total";"2021";3
"Social";"Educação";"Estabelecimentos de Creche por Dependência Administrativa";"Marajó";"Santa Cruz do Arari";"Total";"2022";3
"Social";"Educação";"Estabelecimentos de Creche por Dependência Administrativa";"Marajó";"Santa Cruz do Arari";"Total";"2023";3
"Social";"Educação";"Estabelecimentos de Creche por Dependência Administrativa";"Marajó";"Santa Cruz do Arari";"Total";"2024";3
"Social";"Educação";"Estabelecimentos de Creche por Dependência Administrativa";"Guamá";"Santa Izabel do Pará";"Total";"2019";34
"Social";"Educação";"Estabelecimentos de Creche por Dependência Administrativa";"Guamá";"Santa Izabel do Pará";"Total";"2020";35
"Social";"Educação";"Estabelecimentos de Creche por Dependência Administrativa";"Guamá";"Santa Izabel do Pará";"Total";"2021";36
"Social";"Educação";"Estabelecimentos de Creche por Dependência Administrativa";"Guamá";"Santa Izabel do Pará";"Total";"2022";35
"Social";"Educação";"Estabelecimentos de Creche por Dependência Administrativa";"Guamá";"Santa Izabel do Pará";"Total";"2023";37
"Social";"Educação";"Estabelecimentos de Creche por Dependência Administrativa";"Guamá";"Santa Izabel do Pará";"Total";"2024";38
"Social";"Educação";"Estabelecimentos de Creche por Dependência Administrativa";"Rio Caeté";"Santa Luzia do Pará";"Total";"2019";0
"Social";"Educação";"Estabelecimentos de Creche por Dependência Administrativa";"Rio Caeté";"Santa Luzia do Pará";"Total";"2020";0
"Social";"Educação";"Estabelecimentos de Creche por Dependência Administrativa";"Rio Caeté";"Santa Luzia do Pará";"Total";"2021";1
"Social";"Educação";"Estabelecimentos de Creche por Dependência Administrativa";"Rio Caeté";"Santa Luzia do Pará";"Total";"2022";1
"Social";"Educação";"Estabelecimentos de Creche por Dependência Administrativa";"Rio Caeté";"Santa Luzia do Pará";"Total";"2023";1
"Social";"Educação";"Estabelecimentos de Creche por Dependência Administrativa";"Rio Caeté";"Santa Luzia do Pará";"Total";"2024";1
"Social";"Educação";"Estabelecimentos de Creche por Dependência Administrativa";"Araguaia";"Santa Maria das Barreiras";"Total";"2019";5
"Social";"Educação";"Estabelecimentos de Creche por Dependência Administrativa";"Araguaia";"Santa Maria das Barreiras";"Total";"2020";5
"Social";"Educação";"Estabelecimentos de Creche por Dependência Administrativa";"Araguaia";"Santa Maria das Barreiras";"Total";"2021";2
"Social";"Educação";"Estabelecimentos de Creche por Dependência Administrativa";"Araguaia";"Santa Maria das Barreiras";"Total";"2022";11
"Social";"Educação";"Estabelecimentos de Creche por Dependência Administrativa";"Araguaia";"Santa Maria das Barreiras";"Total";"2023";7
"Social";"Educação";"Estabelecimentos de Creche por Dependência Administrativa";"Araguaia";"Santa Maria das Barreiras";"Total";"2024";9
"Social";"Educação";"Estabelecimentos de Creche por Dependência Administrativa";"Guamá";"Santa Maria do Pará";"Total";"2019";40
"Social";"Educação";"Estabelecimentos de Creche por Dependência Administrativa";"Guamá";"Santa Maria do Pará";"Total";"2020";39
"Social";"Educação";"Estabelecimentos de Creche por Dependência Administrativa";"Guamá";"Santa Maria do Pará";"Total";"2021";40
"Social";"Educação";"Estabelecimentos de Creche por Dependência Administrativa";"Guamá";"Santa Maria do Pará";"Total";"2022";37
"Social";"Educação";"Estabelecimentos de Creche por Dependência Administrativa";"Guamá";"Santa Maria do Pará";"Total";"2023";40
"Social";"Educação";"Estabelecimentos de Creche por Dependência Administrativa";"Guamá";"Santa Maria do Pará";"Total";"2024";38
"Social";"Educação";"Estabelecimentos de Creche por Dependência Administrativa";"Araguaia";"Santana do Araguaia";"Total";"2019";10
"Social";"Educação";"Estabelecimentos de Creche por Dependência Administrativa";"Araguaia";"Santana do Araguaia";"Total";"2020";10
"Social";"Educação";"Estabelecimentos de Creche por Dependência Administrativa";"Araguaia";"Santana do Araguaia";"Total";"2021";11
"Social";"Educação";"Estabelecimentos de Creche por Dependência Administrativa";"Araguaia";"Santana do Araguaia";"Total";"2022";15
"Social";"Educação";"Estabelecimentos de Creche por Dependência Administrativa";"Araguaia";"Santana do Araguaia";"Total";"2023";14
"Social";"Educação";"Estabelecimentos de Creche por Dependência Administrativa";"Araguaia";"Santana do Araguaia";"Total";"2024";13
"Social";"Educação";"Estabelecimentos de Creche por Dependência Administrativa";"Baixo Amazonas";"Santarém";"Total";"2019";65
"Social";"Educação";"Estabelecimentos de Creche por Dependência Administrativa";"Baixo Amazonas";"Santarém";"Total";"2020";68
"Social";"Educação";"Estabelecimentos de Creche por Dependência Administrativa";"Baixo Amazonas";"Santarém";"Total";"2021";67
"Social";"Educação";"Estabelecimentos de Creche por Dependência Administrativa";"Baixo Amazonas";"Santarém";"Total";"2022";74
"Social";"Educação";"Estabelecimentos de Creche por Dependência Administrativa";"Baixo Amazonas";"Santarém";"Total";"2023";78
"Social";"Educação";"Estabelecimentos de Creche por Dependência Administrativa";"Baixo Amazonas";"Santarém";"Total";"2024";82
"Social";"Educação";"Estabelecimentos de Creche por Dependência Administrativa";"Rio Caeté";"Santarém Novo";"Total";"2019";1
"Social";"Educação";"Estabelecimentos de Creche por Dependência Administrativa";"Rio Caeté";"Santarém Novo";"Total";"2020";1
"Social";"Educação";"Estabelecimentos de Creche por Dependência Administrativa";"Rio Caeté";"Santarém Novo";"Total";"2021";1
"Social";"Educação";"Estabelecimentos de Creche por Dependência Administrativa";"Rio Caeté";"Santarém Novo";"Total";"2022";2
"Social";"Educação";"Estabelecimentos de Creche por Dependência Administrativa";"Rio Caeté";"Santarém Novo";"Total";"2023";1
"Social";"Educação";"Estabelecimentos de Creche por Dependência Administrativa";"Rio Caeté";"Santarém Novo";"Total";"2024";1
"Social";"Educação";"Estabelecimentos de Creche por Dependência Administrativa";"Guamá";"Santo Antônio do Tauá";"Total";"2019";9
"Social";"Educação";"Estabelecimentos de Creche por Dependência Administrativa";"Guamá";"Santo Antônio do Tauá";"Total";"2020";7
"Social";"Educação";"Estabelecimentos de Creche por Dependência Administrativa";"Guamá";"Santo Antônio do Tauá";"Total";"2021";8
"Social";"Educação";"Estabelecimentos de Creche por Dependência Administrativa";"Guamá";"Santo Antônio do Tauá";"Total";"2022";8
"Social";"Educação";"Estabelecimentos de Creche por Dependência Administrativa";"Guamá";"Santo Antônio do Tauá";"Total";"2023";8
"Social";"Educação";"Estabelecimentos de Creche por Dependência Administrativa";"Guamá";"Santo Antônio do Tauá";"Total";"2024";11
"Social";"Educação";"Estabelecimentos de Creche por Dependência Administrativa";"Guamá";"São Caetano de Odivelas";"Total";"2019";24
"Social";"Educação";"Estabelecimentos de Creche por Dependência Administrativa";"Guamá";"São Caetano de Odivelas";"Total";"2020";29
"Social";"Educação";"Estabelecimentos de Creche por Dependência Administrativa";"Guamá";"São Caetano de Odivelas";"Total";"2021";22
"Social";"Educação";"Estabelecimentos de Creche por Dependência Administrativa";"Guamá";"São Caetano de Odivelas";"Total";"2022";25
"Social";"Educação";"Estabelecimentos de Creche por Dependência Administrativa";"Guamá";"São Caetano de Odivelas";"Total";"2023";28
"Social";"Educação";"Estabelecimentos de Creche por Dependência Administrativa";"Guamá";"São Caetano de Odivelas";"Total";"2024";26
"Social";"Educação";"Estabelecimentos de Creche por Dependência Administrativa";"Carajás";"São Domingos do Araguaia";"Total";"2019";20
"Social";"Educação";"Estabelecimentos de Creche por Dependência Administrativa";"Carajás";"São Domingos do Araguaia";"Total";"2020";17
"Social";"Educação";"Estabelecimentos de Creche por Dependência Administrativa";"Carajás";"São Domingos do Araguaia";"Total";"2021";15
"Social";"Educação";"Estabelecimentos de Creche por Dependência Administrativa";"Carajás";"São Domingos do Araguaia";"Total";"2022";25
"Social";"Educação";"Estabelecimentos de Creche por Dependência Administrativa";"Carajás";"São Domingos do Araguaia";"Total";"2023";22
"Social";"Educação";"Estabelecimentos de Creche por Dependência Administrativa";"Carajás";"São Domingos do Araguaia";"Total";"2024";22
"Social";"Educação";"Estabelecimentos de Creche por Dependência Administrativa";"Guamá";"São Domingos do Capim";"Total";"2019";42
"Social";"Educação";"Estabelecimentos de Creche por Dependência Administrativa";"Guamá";"São Domingos do Capim";"Total";"2020";46
"Social";"Educação";"Estabelecimentos de Creche por Dependência Administrativa";"Guamá";"São Domingos do Capim";"Total";"2021";52
"Social";"Educação";"Estabelecimentos de Creche por Dependência Administrativa";"Guamá";"São Domingos do Capim";"Total";"2022";70
"Social";"Educação";"Estabelecimentos de Creche por Dependência Administrativa";"Guamá";"São Domingos do Capim";"Total";"2023";71
"Social";"Educação";"Estabelecimentos de Creche por Dependência Administrativa";"Guamá";"São Domingos do Capim";"Total";"2024";68
"Social";"Educação";"Estabelecimentos de Creche por Dependência Administrativa";"Araguaia";"São Félix do Xingu";"Total";"2019";12
"Social";"Educação";"Estabelecimentos de Creche por Dependência Administrativa";"Araguaia";"São Félix do Xingu";"Total";"2020";10
"Social";"Educação";"Estabelecimentos de Creche por Dependência Administrativa";"Araguaia";"São Félix do Xingu";"Total";"2021";9
"Social";"Educação";"Estabelecimentos de Creche por Dependência Administrativa";"Araguaia";"São Félix do Xingu";"Total";"2022";11
"Social";"Educação";"Estabelecimentos de Creche por Dependência Administrativa";"Araguaia";"São Félix do Xingu";"Total";"2023";13
"Social";"Educação";"Estabelecimentos de Creche por Dependência Administrativa";"Araguaia";"São Félix do Xingu";"Total";"2024";16
"Social";"Educação";"Estabelecimentos de Creche por Dependência Administrativa";"Guamá";"São Francisco do Pará";"Total";"2019";1
"Social";"Educação";"Estabelecimentos de Creche por Dependência Administrativa";"Guamá";"São Francisco do Pará";"Total";"2020";1
"Social";"Educação";"Estabelecimentos de Creche por Dependência Administrativa";"Guamá";"São Francisco do Pará";"Total";"2021";0
"Social";"Educação";"Estabelecimentos de Creche por Dependência Administrativa";"Guamá";"São Francisco do Pará";"Total";"2022";0
"Social";"Educação";"Estabelecimentos de Creche por Dependência Administrativa";"Guamá";"São Francisco do Pará";"Total";"2023";1
"Social";"Educação";"Estabelecimentos de Creche por Dependência Administrativa";"Guamá";"São Francisco do Pará";"Total";"2024";1
"Social";"Educação";"Estabelecimentos de Creche por Dependência Administrativa";"Carajás";"São Geraldo do Araguaia";"Total";"2019";11
"Social";"Educação";"Estabelecimentos de Creche por Dependência Administrativa";"Carajás";"São Geraldo do Araguaia";"Total";"2020";8
"Social";"Educação";"Estabelecimentos de Creche por Dependência Administrativa";"Carajás";"São Geraldo do Araguaia";"Total";"2021";11
"Social";"Educação";"Estabelecimentos de Creche por Dependência Administrativa";"Carajás";"São Geraldo do Araguaia";"Total";"2022";10
"Social";"Educação";"Estabelecimentos de Creche por Dependência Administrativa";"Carajás";"São Geraldo do Araguaia";"Total";"2023";11
"Social";"Educação";"Estabelecimentos de Creche por Dependência Administrativa";"Carajás";"São Geraldo do Araguaia";"Total";"2024";15
"Social";"Educação";"Estabelecimentos de Creche por Dependência Administrativa";"Guamá";"São João da Ponta";"Total";"2019";10
"Social";"Educação";"Estabelecimentos de Creche por Dependência Administrativa";"Guamá";"São João da Ponta";"Total";"2020";10
"Social";"Educação";"Estabelecimentos de Creche por Dependência Administrativa";"Guamá";"São João da Ponta";"Total";"2021";5
"Social";"Educação";"Estabelecimentos de Creche por Dependência Administrativa";"Guamá";"São João da Ponta";"Total";"2022";11
"Social";"Educação";"Estabelecimentos de Creche por Dependência Administrativa";"Guamá";"São João da Ponta";"Total";"2023";11
"Social";"Educação";"Estabelecimentos de Creche por Dependência Administrativa";"Guamá";"São João da Ponta";"Total";"2024";11
"Social";"Educação";"Estabelecimentos de Creche por Dependência Administrativa";"Rio Caeté";"São João de Pirabas";"Total";"2019";2
"Social";"Educação";"Estabelecimentos de Creche por Dependência Administrativa";"Rio Caeté";"São João de Pirabas";"Total";"2020";0
"Social";"Educação";"Estabelecimentos de Creche por Dependência Administrativa";"Rio Caeté";"São João de Pirabas";"Total";"2021";0
"Social";"Educação";"Estabelecimentos de Creche por Dependência Administrativa";"Rio Caeté";"São João de Pirabas";"Total";"2022";0
"Social";"Educação";"Estabelecimentos de Creche por Dependência Administrativa";"Rio Caeté";"São João de Pirabas";"Total";"2023";0
"Social";"Educação";"Estabelecimentos de Creche por Dependência Administrativa";"Rio Caeté";"São João de Pirabas";"Total";"2024";0
"Social";"Educação";"Estabelecimentos de Creche por Dependência Administrativa";"Carajás";"São João do Araguaia";"Total";"2019";14
"Social";"Educação";"Estabelecimentos de Creche por Dependência Administrativa";"Carajás";"São João do Araguaia";"Total";"2020";16
"Social";"Educação";"Estabelecimentos de Creche por Dependência Administrativa";"Carajás";"São João do Araguaia";"Total";"2021";17
"Social";"Educação";"Estabelecimentos de Creche por Dependência Administrativa";"Carajás";"São João do Araguaia";"Total";"2022";16
"Social";"Educação";"Estabelecimentos de Creche por Dependência Administrativa";"Carajás";"São João do Araguaia";"Total";"2023";14
"Social";"Educação";"Estabelecimentos de Creche por Dependência Administrativa";"Carajás";"São João do Araguaia";"Total";"2024";17
"Social";"Educação";"Estabelecimentos de Creche por Dependência Administrativa";"Guamá";"São Miguel do Guamá";"Total";"2019";3
"Social";"Educação";"Estabelecimentos de Creche por Dependência Administrativa";"Guamá";"São Miguel do Guamá";"Total";"2020";5
"Social";"Educação";"Estabelecimentos de Creche por Dependência Administrativa";"Guamá";"São Miguel do Guamá";"Total";"2021";7
"Social";"Educação";"Estabelecimentos de Creche por Dependência Administrativa";"Guamá";"São Miguel do Guamá";"Total";"2022";13
"Social";"Educação";"Estabelecimentos de Creche por Dependência Administrativa";"Guamá";"São Miguel do Guamá";"Total";"2023";19
"Social";"Educação";"Estabelecimentos de Creche por Dependência Administrativa";"Guamá";"São Miguel do Guamá";"Total";"2024";19
"Social";"Educação";"Estabelecimentos de Creche por Dependência Administrativa";"Marajó";"São Sebastião da Boa Vista";"Total";"2019";1
"Social";"Educação";"Estabelecimentos de Creche por Dependência Administrativa";"Marajó";"São Sebastião da Boa Vista";"Total";"2020";1
"Social";"Educação";"Estabelecimentos de Creche por Dependência Administrativa";"Marajó";"São Sebastião da Boa Vista";"Total";"2021";1
"Social";"Educação";"Estabelecimentos de Creche por Dependência Administrativa";"Marajó";"São Sebastião da Boa Vista";"Total";"2022";1
"Social";"Educação";"Estabelecimentos de Creche por Dependência Administrativa";"Marajó";"São Sebastião da Boa Vista";"Total";"2023";24
"Social";"Educação";"Estabelecimentos de Creche por Dependência Administrativa";"Marajó";"São Sebastião da Boa Vista";"Total";"2024";27
"Social";"Educação";"Estabelecimentos de Creche por Dependência Administrativa";"Araguaia";"Sapucaia";"Total";"2019";1
"Social";"Educação";"Estabelecimentos de Creche por Dependência Administrativa";"Araguaia";"Sapucaia";"Total";"2020";1
"Social";"Educação";"Estabelecimentos de Creche por Dependência Administrativa";"Araguaia";"Sapucaia";"Total";"2021";1
"Social";"Educação";"Estabelecimentos de Creche por Dependência Administrativa";"Araguaia";"Sapucaia";"Total";"2022";1
"Social";"Educação";"Estabelecimentos de Creche por Dependência Administrativa";"Araguaia";"Sapucaia";"Total";"2023";1
"Social";"Educação";"Estabelecimentos de Creche por Dependência Administrativa";"Araguaia";"Sapucaia";"Total";"2024";1
"Social";"Educação";"Estabelecimentos de Creche por Dependência Administrativa";"Xingu";"Senador José Porfírio";"Total";"2019";1
"Social";"Educação";"Estabelecimentos de Creche por Dependência Administrativa";"Xingu";"Senador José Porfírio";"Total";"2020";1
"Social";"Educação";"Estabelecimentos de Creche por Dependência Administrativa";"Xingu";"Senador José Porfírio";"Total";"2021";2
"Social";"Educação";"Estabelecimentos de Creche por Dependência Administrativa";"Xingu";"Senador José Porfírio";"Total";"2022";3
"Social";"Educação";"Estabelecimentos de Creche por Dependência Administrativa";"Xingu";"Senador José Porfírio";"Total";"2023";7
"Social";"Educação";"Estabelecimentos de Creche por Dependência Administrativa";"Xingu";"Senador José Porfírio";"Total";"2024";6
"Social";"Educação";"Estabelecimentos de Creche por Dependência Administrativa";"Marajó";"Soure";"Total";"2019";9
"Social";"Educação";"Estabelecimentos de Creche por Dependência Administrativa";"Marajó";"Soure";"Total";"2020";9
"Social";"Educação";"Estabelecimentos de Creche por Dependência Administrativa";"Marajó";"Soure";"Total";"2021";10
"Social";"Educação";"Estabelecimentos de Creche por Dependência Administrativa";"Marajó";"Soure";"Total";"2022";10
"Social";"Educação";"Estabelecimentos de Creche por Dependência Administrativa";"Marajó";"Soure";"Total";"2023";14
"Social";"Educação";"Estabelecimentos de Creche por Dependência Administrativa";"Marajó";"Soure";"Total";"2024";13
"Social";"Educação";"Estabelecimentos de Creche por Dependência Administrativa";"Tocantins";"Tailândia";"Total";"2019";16
"Social";"Educação";"Estabelecimentos de Creche por Dependência Administrativa";"Tocantins";"Tailândia";"Total";"2020";15
"Social";"Educação";"Estabelecimentos de Creche por Dependência Administrativa";"Tocantins";"Tailândia";"Total";"2021";14
"Social";"Educação";"Estabelecimentos de Creche por Dependência Administrativa";"Tocantins";"Tailândia";"Total";"2022";17
"Social";"Educação";"Estabelecimentos de Creche por Dependência Administrativa";"Tocantins";"Tailândia";"Total";"2023";27
"Social";"Educação";"Estabelecimentos de Creche por Dependência Administrativa";"Tocantins";"Tailândia";"Total";"2024";31
"Social";"Educação";"Estabelecimentos de Creche por Dependência Administrativa";"Guamá";"Terra Alta";"Total";"2019";0
"Social";"Educação";"Estabelecimentos de Creche por Dependência Administrativa";"Guamá";"Terra Alta";"Total";"2020";0
"Social";"Educação";"Estabelecimentos de Creche por Dependência Administrativa";"Guamá";"Terra Alta";"Total";"2021";1
"Social";"Educação";"Estabelecimentos de Creche por Dependência Administrativa";"Guamá";"Terra Alta";"Total";"2022";2
"Social";"Educação";"Estabelecimentos de Creche por Dependência Administrativa";"Guamá";"Terra Alta";"Total";"2023";1
"Social";"Educação";"Estabelecimentos de Creche por Dependência Administrativa";"Guamá";"Terra Alta";"Total";"2024";6
"Social";"Educação";"Estabelecimentos de Creche por Dependência Administrativa";"Baixo Amazonas";"Terra Santa";"Total";"2019";10
"Social";"Educação";"Estabelecimentos de Creche por Dependência Administrativa";"Baixo Amazonas";"Terra Santa";"Total";"2020";11
"Social";"Educação";"Estabelecimentos de Creche por Dependência Administrativa";"Baixo Amazonas";"Terra Santa";"Total";"2021";11
"Social";"Educação";"Estabelecimentos de Creche por Dependência Administrativa";"Baixo Amazonas";"Terra Santa";"Total";"2022";13
"Social";"Educação";"Estabelecimentos de Creche por Dependência Administrativa";"Baixo Amazonas";"Terra Santa";"Total";"2023";12
"Social";"Educação";"Estabelecimentos de Creche por Dependência Administrativa";"Baixo Amazonas";"Terra Santa";"Total";"2024";13
"Social";"Educação";"Estabelecimentos de Creche por Dependência Administrativa";"Rio Capim";"Tomé-Açu";"Total";"2019";8
"Social";"Educação";"Estabelecimentos de Creche por Dependência Administrativa";"Rio Capim";"Tomé-Açu";"Total";"2020";11
"Social";"Educação";"Estabelecimentos de Creche por Dependência Administrativa";"Rio Capim";"Tomé-Açu";"Total";"2021";13
"Social";"Educação";"Estabelecimentos de Creche por Dependência Administrativa";"Rio Capim";"Tomé-Açu";"Total";"2022";19
"Social";"Educação";"Estabelecimentos de Creche por Dependência Administrativa";"Rio Capim";"Tomé-Açu";"Total";"2023";55
"Social";"Educação";"Estabelecimentos de Creche por Dependência Administrativa";"Rio Capim";"Tomé-Açu";"Total";"2024";65
"Social";"Educação";"Estabelecimentos de Creche por Dependência Administrativa";"Rio Caeté";"Tracuateua";"Total";"2019";1
"Social";"Educação";"Estabelecimentos de Creche por Dependência Administrativa";"Rio Caeté";"Tracuateua";"Total";"2020";1
"Social";"Educação";"Estabelecimentos de Creche por Dependência Administrativa";"Rio Caeté";"Tracuateua";"Total";"2021";2
"Social";"Educação";"Estabelecimentos de Creche por Dependência Administrativa";"Rio Caeté";"Tracuateua";"Total";"2022";4
"Social";"Educação";"Estabelecimentos de Creche por Dependência Administrativa";"Rio Caeté";"Tracuateua";"Total";"2023";3
"Social";"Educação";"Estabelecimentos de Creche por Dependência Administrativa";"Rio Caeté";"Tracuateua";"Total";"2024";3
"Social";"Educação";"Estabelecimentos de Creche por Dependência Administrativa";"Tapajós";"Trairão";"Total";"2019";2
"Social";"Educação";"Estabelecimentos de Creche por Dependência Administrativa";"Tapajós";"Trairão";"Total";"2020";2
"Social";"Educação";"Estabelecimentos de Creche por Dependência Administrativa";"Tapajós";"Trairão";"Total";"2021";3
"Social";"Educação";"Estabelecimentos de Creche por Dependência Administrativa";"Tapajós";"Trairão";"Total";"2022";3
"Social";"Educação";"Estabelecimentos de Creche por Dependência Administrativa";"Tapajós";"Trairão";"Total";"2023";3
"Social";"Educação";"Estabelecimentos de Creche por Dependência Administrativa";"Tapajós";"Trairão";"Total";"2024";3
"Social";"Educação";"Estabelecimentos de Creche por Dependência Administrativa";"Araguaia";"Tucumã";"Total";"2019";10
"Social";"Educação";"Estabelecimentos de Creche por Dependência Administrativa";"Araguaia";"Tucumã";"Total";"2020";10
"Social";"Educação";"Estabelecimentos de Creche por Dependência Administrativa";"Araguaia";"Tucumã";"Total";"2021";10
"Social";"Educação";"Estabelecimentos de Creche por Dependência Administrativa";"Araguaia";"Tucumã";"Total";"2022";12
"Social";"Educação";"Estabelecimentos de Creche por Dependência Administrativa";"Araguaia";"Tucumã";"Total";"2023";10
"Social";"Educação";"Estabelecimentos de Creche por Dependência Administrativa";"Araguaia";"Tucumã";"Total";"2024";12
"Social";"Educação";"Estabelecimentos de Creche por Dependência Administrativa";"Lago de Tucuruí";"Tucuruí";"Total";"2019";14
"Social";"Educação";"Estabelecimentos de Creche por Dependência Administrativa";"Lago de Tucuruí";"Tucuruí";"Total";"2020";20
"Social";"Educação";"Estabelecimentos de Creche por Dependência Administrativa";"Lago de Tucuruí";"Tucuruí";"Total";"2021";16
"Social";"Educação";"Estabelecimentos de Creche por Dependência Administrativa";"Lago de Tucuruí";"Tucuruí";"Total";"2022";12
"Social";"Educação";"Estabelecimentos de Creche por Dependência Administrativa";"Lago de Tucuruí";"Tucuruí";"Total";"2023";12
"Social";"Educação";"Estabelecimentos de Creche por Dependência Administrativa";"Lago de Tucuruí";"Tucuruí";"Total";"2024";18
"Social";"Educação";"Estabelecimentos de Creche por Dependência Administrativa";"Rio Capim";"Ulianópolis";"Total";"2019";6
"Social";"Educação";"Estabelecimentos de Creche por Dependência Administrativa";"Rio Capim";"Ulianópolis";"Total";"2020";7
"Social";"Educação";"Estabelecimentos de Creche por Dependência Administrativa";"Rio Capim";"Ulianópolis";"Total";"2021";11
"Social";"Educação";"Estabelecimentos de Creche por Dependência Administrativa";"Rio Capim";"Ulianópolis";"Total";"2022";14
"Social";"Educação";"Estabelecimentos de Creche por Dependência Administrativa";"Rio Capim";"Ulianópolis";"Total";"2023";14
"Social";"Educação";"Estabelecimentos de Creche por Dependência Administrativa";"Rio Capim";"Ulianópolis";"Total";"2024";16
"Social";"Educação";"Estabelecimentos de Creche por Dependência Administrativa";"Xingu";"Uruará";"Total";"2019";47
"Social";"Educação";"Estabelecimentos de Creche por Dependência Administrativa";"Xingu";"Uruará";"Total";"2020";29
"Social";"Educação";"Estabelecimentos de Creche por Dependência Administrativa";"Xingu";"Uruará";"Total";"2021";3
"Social";"Educação";"Estabelecimentos de Creche por Dependência Administrativa";"Xingu";"Uruará";"Total";"2022";6
"Social";"Educação";"Estabelecimentos de Creche por Dependência Administrativa";"Xingu";"Uruará";"Total";"2023";6
"Social";"Educação";"Estabelecimentos de Creche por Dependência Administrativa";"Xingu";"Uruará";"Total";"2024";6
"Social";"Educação";"Estabelecimentos de Creche por Dependência Administrativa";"Guamá";"Vigia";"Total";"2019";34
"Social";"Educação";"Estabelecimentos de Creche por Dependência Administrativa";"Guamá";"Vigia";"Total";"2020";36
"Social";"Educação";"Estabelecimentos de Creche por Dependência Administrativa";"Guamá";"Vigia";"Total";"2021";32
"Social";"Educação";"Estabelecimentos de Creche por Dependência Administrativa";"Guamá";"Vigia";"Total";"2022";32
"Social";"Educação";"Estabelecimentos de Creche por Dependência Administrativa";"Guamá";"Vigia";"Total";"2023";33
"Social";"Educação";"Estabelecimentos de Creche por Dependência Administrativa";"Guamá";"Vigia";"Total";"2024";33
"Social";"Educação";"Estabelecimentos de Creche por Dependência Administrativa";"Rio Caeté";"Viseu";"Total";"2019";87
"Social";"Educação";"Estabelecimentos de Creche por Dependência Administrativa";"Rio Caeté";"Viseu";"Total";"2020";73
"Social";"Educação";"Estabelecimentos de Creche por Dependência Administrativa";"Rio Caeté";"Viseu";"Total";"2021";82
"Social";"Educação";"Estabelecimentos de Creche por Dependência Administrativa";"Rio Caeté";"Viseu";"Total";"2022";84
"Social";"Educação";"Estabelecimentos de Creche por Dependência Administrativa";"Rio Caeté";"Viseu";"Total";"2023";91
"Social";"Educação";"Estabelecimentos de Creche por Dependência Administrativa";"Rio Caeté";"Viseu";"Total";"2024";90
"Social";"Educação";"Estabelecimentos de Creche por Dependência Administrativa";"Xingu";"Vitória do Xingu";"Total";"2019";2
"Social";"Educação";"Estabelecimentos de Creche por Dependência Administrativa";"Xingu";"Vitória do Xingu";"Total";"2020";1
"Social";"Educação";"Estabelecimentos de Creche por Dependência Administrativa";"Xingu";"Vitória do Xingu";"Total";"2021";1
"Social";"Educação";"Estabelecimentos de Creche por Dependência Administrativa";"Xingu";"Vitória do Xingu";"Total";"2022";1
"Social";"Educação";"Estabelecimentos de Creche por Dependência Administrativa";"Xingu";"Vitória do Xingu";"Total";"2023";1
"Social";"Educação";"Estabelecimentos de Creche por Dependência Administrativa";"Xingu";"Vitória do Xingu";"Total";"2024";1
"Social";"Educação";"Estabelecimentos de Creche por Dependência Administrativa";"Araguaia";"Xinguara";"Total";"2019";9
"Social";"Educação";"Estabelecimentos de Creche por Dependência Administrativa";"Araguaia";"Xinguara";"Total";"2020";10
"Social";"Educação";"Estabelecimentos de Creche por Dependência Administrativa";"Araguaia";"Xinguara";"Total";"2021";10
"Social";"Educação";"Estabelecimentos de Creche por Dependência Administrativa";"Araguaia";"Xinguara";"Total";"2022";11
"Social";"Educação";"Estabelecimentos de Creche por Dependência Administrativa";"Araguaia";"Xinguara";"Total";"2023";12
"Social";"Educação";"Estabelecimentos de Creche por Dependência Administrativa";"Araguaia";"Xinguara";"Total";"2024";12
