"tematica";"subtema";"indicador";"ri";"localidade";"categoria";"ano";"valor"
"Social";"Saúde";"Óbitos por Residência Doenças do Aparelho Respiratório";"Pará";"Pará";"-";"2008";2499
"Social";"Saúde";"Óbitos por Residência Doenças do Aparelho Respiratório";"Pará";"Pará";"-";"2009";2748
"Social";"Saúde";"Óbitos por Residência Doenças do Aparelho Respiratório";"Pará";"Pará";"-";"2010";2792
"Social";"Saúde";"Óbitos por Residência Doenças do Aparelho Respiratório";"Pará";"Pará";"-";"2012";3185
"Social";"Saúde";"Óbitos por Residência Doenças do Aparelho Respiratório";"Pará";"Pará";"-";"2013";3481
"Social";"Saúde";"Óbitos por Residência Doenças do Aparelho Respiratório";"Pará";"Pará";"-";"2014";3430
"Social";"Saúde";"Óbitos por Residência Doenças do Aparelho Respiratório";"Pará";"Pará";"-";"2015";3813
"Social";"Saúde";"Óbitos por Residência Doenças do Aparelho Respiratório";"Pará";"Pará";"-";"2016";3893
"Social";"Saúde";"Óbitos por Residência Doenças do Aparelho Respiratório";"Pará";"Pará";"-";"2017";4164
"Social";"Saúde";"Óbitos por Residência Doenças do Aparelho Respiratório";"Pará";"Pará";"-";"2018";4463
"Social";"Saúde";"Óbitos por Residência Doenças do Aparelho Respiratório";"Pará";"Pará";"-";"2019";4573
"Social";"Saúde";"Óbitos por Residência Doenças do Aparelho Respiratório";"Pará";"Pará";"-";"2020";6260
"Social";"Saúde";"Óbitos por Residência Doenças do Aparelho Respiratório";"Pará";"Pará";"-";"2021";4399
"Social";"Saúde";"Óbitos por Residência Doenças do Aparelho Respiratório";"Pará";"Pará";"-";"2022";5319
"Social";"Saúde";"Óbitos por Residência Doenças do Aparelho Respiratório";"Pará";"Pará";"-";"2023";5055
"Social";"Saúde";"Óbitos por Residência Doenças do Aparelho Respiratório";"Pará";"Pará";"-";"2024";5430
"Social";"Saúde";"Óbitos por Residência Doenças do Aparelho Respiratório";"Tocantins";"Abaetetuba";"-";"2008";48
"Social";"Saúde";"Óbitos por Residência Doenças do Aparelho Respiratório";"Tocantins";"Abaetetuba";"-";"2009";62
"Social";"Saúde";"Óbitos por Residência Doenças do Aparelho Respiratório";"Tocantins";"Abaetetuba";"-";"2010";69
"Social";"Saúde";"Óbitos por Residência Doenças do Aparelho Respiratório";"Tocantins";"Abaetetuba";"-";"2012";51
"Social";"Saúde";"Óbitos por Residência Doenças do Aparelho Respiratório";"Tocantins";"Abaetetuba";"-";"2013";86
"Social";"Saúde";"Óbitos por Residência Doenças do Aparelho Respiratório";"Tocantins";"Abaetetuba";"-";"2014";59
"Social";"Saúde";"Óbitos por Residência Doenças do Aparelho Respiratório";"Tocantins";"Abaetetuba";"-";"2015";73
"Social";"Saúde";"Óbitos por Residência Doenças do Aparelho Respiratório";"Tocantins";"Abaetetuba";"-";"2016";76
"Social";"Saúde";"Óbitos por Residência Doenças do Aparelho Respiratório";"Tocantins";"Abaetetuba";"-";"2017";85
"Social";"Saúde";"Óbitos por Residência Doenças do Aparelho Respiratório";"Tocantins";"Abaetetuba";"-";"2018";69
"Social";"Saúde";"Óbitos por Residência Doenças do Aparelho Respiratório";"Tocantins";"Abaetetuba";"-";"2019";56
"Social";"Saúde";"Óbitos por Residência Doenças do Aparelho Respiratório";"Tocantins";"Abaetetuba";"-";"2020";108
"Social";"Saúde";"Óbitos por Residência Doenças do Aparelho Respiratório";"Tocantins";"Abaetetuba";"-";"2021";87
"Social";"Saúde";"Óbitos por Residência Doenças do Aparelho Respiratório";"Tocantins";"Abaetetuba";"-";"2022";105
"Social";"Saúde";"Óbitos por Residência Doenças do Aparelho Respiratório";"Tocantins";"Abaetetuba";"-";"2023";95
"Social";"Saúde";"Óbitos por Residência Doenças do Aparelho Respiratório";"Tocantins";"Abaetetuba";"-";"2024";122
"Social";"Saúde";"Óbitos por Residência Doenças do Aparelho Respiratório";"Rio Capim";"Abel Figueiredo";"-";"2008";0
"Social";"Saúde";"Óbitos por Residência Doenças do Aparelho Respiratório";"Rio Capim";"Abel Figueiredo";"-";"2009";5
"Social";"Saúde";"Óbitos por Residência Doenças do Aparelho Respiratório";"Rio Capim";"Abel Figueiredo";"-";"2010";2
"Social";"Saúde";"Óbitos por Residência Doenças do Aparelho Respiratório";"Rio Capim";"Abel Figueiredo";"-";"2012";4
"Social";"Saúde";"Óbitos por Residência Doenças do Aparelho Respiratório";"Rio Capim";"Abel Figueiredo";"-";"2013";1
"Social";"Saúde";"Óbitos por Residência Doenças do Aparelho Respiratório";"Rio Capim";"Abel Figueiredo";"-";"2014";5
"Social";"Saúde";"Óbitos por Residência Doenças do Aparelho Respiratório";"Rio Capim";"Abel Figueiredo";"-";"2015";3
"Social";"Saúde";"Óbitos por Residência Doenças do Aparelho Respiratório";"Rio Capim";"Abel Figueiredo";"-";"2016";3
"Social";"Saúde";"Óbitos por Residência Doenças do Aparelho Respiratório";"Rio Capim";"Abel Figueiredo";"-";"2017";2
"Social";"Saúde";"Óbitos por Residência Doenças do Aparelho Respiratório";"Rio Capim";"Abel Figueiredo";"-";"2018";3
"Social";"Saúde";"Óbitos por Residência Doenças do Aparelho Respiratório";"Rio Capim";"Abel Figueiredo";"-";"2019";4
"Social";"Saúde";"Óbitos por Residência Doenças do Aparelho Respiratório";"Rio Capim";"Abel Figueiredo";"-";"2020";4
"Social";"Saúde";"Óbitos por Residência Doenças do Aparelho Respiratório";"Rio Capim";"Abel Figueiredo";"-";"2021";3
"Social";"Saúde";"Óbitos por Residência Doenças do Aparelho Respiratório";"Rio Capim";"Abel Figueiredo";"-";"2022";4
"Social";"Saúde";"Óbitos por Residência Doenças do Aparelho Respiratório";"Rio Capim";"Abel Figueiredo";"-";"2023";1
"Social";"Saúde";"Óbitos por Residência Doenças do Aparelho Respiratório";"Rio Capim";"Abel Figueiredo";"-";"2024";4
"Social";"Saúde";"Óbitos por Residência Doenças do Aparelho Respiratório";"Tocantins";"Acará";"-";"2008";6
"Social";"Saúde";"Óbitos por Residência Doenças do Aparelho Respiratório";"Tocantins";"Acará";"-";"2009";10
"Social";"Saúde";"Óbitos por Residência Doenças do Aparelho Respiratório";"Tocantins";"Acará";"-";"2010";6
"Social";"Saúde";"Óbitos por Residência Doenças do Aparelho Respiratório";"Tocantins";"Acará";"-";"2012";17
"Social";"Saúde";"Óbitos por Residência Doenças do Aparelho Respiratório";"Tocantins";"Acará";"-";"2013";17
"Social";"Saúde";"Óbitos por Residência Doenças do Aparelho Respiratório";"Tocantins";"Acará";"-";"2014";18
"Social";"Saúde";"Óbitos por Residência Doenças do Aparelho Respiratório";"Tocantins";"Acará";"-";"2015";22
"Social";"Saúde";"Óbitos por Residência Doenças do Aparelho Respiratório";"Tocantins";"Acará";"-";"2016";18
"Social";"Saúde";"Óbitos por Residência Doenças do Aparelho Respiratório";"Tocantins";"Acará";"-";"2017";26
"Social";"Saúde";"Óbitos por Residência Doenças do Aparelho Respiratório";"Tocantins";"Acará";"-";"2018";14
"Social";"Saúde";"Óbitos por Residência Doenças do Aparelho Respiratório";"Tocantins";"Acará";"-";"2019";20
"Social";"Saúde";"Óbitos por Residência Doenças do Aparelho Respiratório";"Tocantins";"Acará";"-";"2020";23
"Social";"Saúde";"Óbitos por Residência Doenças do Aparelho Respiratório";"Tocantins";"Acará";"-";"2021";22
"Social";"Saúde";"Óbitos por Residência Doenças do Aparelho Respiratório";"Tocantins";"Acará";"-";"2022";28
"Social";"Saúde";"Óbitos por Residência Doenças do Aparelho Respiratório";"Tocantins";"Acará";"-";"2023";31
"Social";"Saúde";"Óbitos por Residência Doenças do Aparelho Respiratório";"Tocantins";"Acará";"-";"2024";32
"Social";"Saúde";"Óbitos por Residência Doenças do Aparelho Respiratório";"Marajó";"Afuá";"-";"2008";2
"Social";"Saúde";"Óbitos por Residência Doenças do Aparelho Respiratório";"Marajó";"Afuá";"-";"2009";7
"Social";"Saúde";"Óbitos por Residência Doenças do Aparelho Respiratório";"Marajó";"Afuá";"-";"2010";2
"Social";"Saúde";"Óbitos por Residência Doenças do Aparelho Respiratório";"Marajó";"Afuá";"-";"2012";9
"Social";"Saúde";"Óbitos por Residência Doenças do Aparelho Respiratório";"Marajó";"Afuá";"-";"2013";6
"Social";"Saúde";"Óbitos por Residência Doenças do Aparelho Respiratório";"Marajó";"Afuá";"-";"2014";3
"Social";"Saúde";"Óbitos por Residência Doenças do Aparelho Respiratório";"Marajó";"Afuá";"-";"2015";8
"Social";"Saúde";"Óbitos por Residência Doenças do Aparelho Respiratório";"Marajó";"Afuá";"-";"2016";6
"Social";"Saúde";"Óbitos por Residência Doenças do Aparelho Respiratório";"Marajó";"Afuá";"-";"2017";15
"Social";"Saúde";"Óbitos por Residência Doenças do Aparelho Respiratório";"Marajó";"Afuá";"-";"2018";10
"Social";"Saúde";"Óbitos por Residência Doenças do Aparelho Respiratório";"Marajó";"Afuá";"-";"2019";11
"Social";"Saúde";"Óbitos por Residência Doenças do Aparelho Respiratório";"Marajó";"Afuá";"-";"2020";3
"Social";"Saúde";"Óbitos por Residência Doenças do Aparelho Respiratório";"Marajó";"Afuá";"-";"2021";6
"Social";"Saúde";"Óbitos por Residência Doenças do Aparelho Respiratório";"Marajó";"Afuá";"-";"2022";12
"Social";"Saúde";"Óbitos por Residência Doenças do Aparelho Respiratório";"Marajó";"Afuá";"-";"2023";11
"Social";"Saúde";"Óbitos por Residência Doenças do Aparelho Respiratório";"Marajó";"Afuá";"-";"2024";11
"Social";"Saúde";"Óbitos por Residência Doenças do Aparelho Respiratório";"Araguaia";"Água Azul do Norte";"-";"2008";4
"Social";"Saúde";"Óbitos por Residência Doenças do Aparelho Respiratório";"Araguaia";"Água Azul do Norte";"-";"2009";2
"Social";"Saúde";"Óbitos por Residência Doenças do Aparelho Respiratório";"Araguaia";"Água Azul do Norte";"-";"2010";4
"Social";"Saúde";"Óbitos por Residência Doenças do Aparelho Respiratório";"Araguaia";"Água Azul do Norte";"-";"2012";0
"Social";"Saúde";"Óbitos por Residência Doenças do Aparelho Respiratório";"Araguaia";"Água Azul do Norte";"-";"2013";3
"Social";"Saúde";"Óbitos por Residência Doenças do Aparelho Respiratório";"Araguaia";"Água Azul do Norte";"-";"2014";6
"Social";"Saúde";"Óbitos por Residência Doenças do Aparelho Respiratório";"Araguaia";"Água Azul do Norte";"-";"2015";5
"Social";"Saúde";"Óbitos por Residência Doenças do Aparelho Respiratório";"Araguaia";"Água Azul do Norte";"-";"2016";8
"Social";"Saúde";"Óbitos por Residência Doenças do Aparelho Respiratório";"Araguaia";"Água Azul do Norte";"-";"2017";4
"Social";"Saúde";"Óbitos por Residência Doenças do Aparelho Respiratório";"Araguaia";"Água Azul do Norte";"-";"2018";2
"Social";"Saúde";"Óbitos por Residência Doenças do Aparelho Respiratório";"Araguaia";"Água Azul do Norte";"-";"2019";7
"Social";"Saúde";"Óbitos por Residência Doenças do Aparelho Respiratório";"Araguaia";"Água Azul do Norte";"-";"2020";6
"Social";"Saúde";"Óbitos por Residência Doenças do Aparelho Respiratório";"Araguaia";"Água Azul do Norte";"-";"2021";9
"Social";"Saúde";"Óbitos por Residência Doenças do Aparelho Respiratório";"Araguaia";"Água Azul do Norte";"-";"2022";3
"Social";"Saúde";"Óbitos por Residência Doenças do Aparelho Respiratório";"Araguaia";"Água Azul do Norte";"-";"2023";2
"Social";"Saúde";"Óbitos por Residência Doenças do Aparelho Respiratório";"Araguaia";"Água Azul do Norte";"-";"2024";12
"Social";"Saúde";"Óbitos por Residência Doenças do Aparelho Respiratório";"Baixo Amazonas";"Alenquer";"-";"2008";18
"Social";"Saúde";"Óbitos por Residência Doenças do Aparelho Respiratório";"Baixo Amazonas";"Alenquer";"-";"2009";12
"Social";"Saúde";"Óbitos por Residência Doenças do Aparelho Respiratório";"Baixo Amazonas";"Alenquer";"-";"2010";10
"Social";"Saúde";"Óbitos por Residência Doenças do Aparelho Respiratório";"Baixo Amazonas";"Alenquer";"-";"2012";8
"Social";"Saúde";"Óbitos por Residência Doenças do Aparelho Respiratório";"Baixo Amazonas";"Alenquer";"-";"2013";21
"Social";"Saúde";"Óbitos por Residência Doenças do Aparelho Respiratório";"Baixo Amazonas";"Alenquer";"-";"2014";17
"Social";"Saúde";"Óbitos por Residência Doenças do Aparelho Respiratório";"Baixo Amazonas";"Alenquer";"-";"2015";13
"Social";"Saúde";"Óbitos por Residência Doenças do Aparelho Respiratório";"Baixo Amazonas";"Alenquer";"-";"2016";33
"Social";"Saúde";"Óbitos por Residência Doenças do Aparelho Respiratório";"Baixo Amazonas";"Alenquer";"-";"2017";44
"Social";"Saúde";"Óbitos por Residência Doenças do Aparelho Respiratório";"Baixo Amazonas";"Alenquer";"-";"2018";32
"Social";"Saúde";"Óbitos por Residência Doenças do Aparelho Respiratório";"Baixo Amazonas";"Alenquer";"-";"2019";32
"Social";"Saúde";"Óbitos por Residência Doenças do Aparelho Respiratório";"Baixo Amazonas";"Alenquer";"-";"2020";23
"Social";"Saúde";"Óbitos por Residência Doenças do Aparelho Respiratório";"Baixo Amazonas";"Alenquer";"-";"2021";19
"Social";"Saúde";"Óbitos por Residência Doenças do Aparelho Respiratório";"Baixo Amazonas";"Alenquer";"-";"2022";35
"Social";"Saúde";"Óbitos por Residência Doenças do Aparelho Respiratório";"Baixo Amazonas";"Alenquer";"-";"2023";38
"Social";"Saúde";"Óbitos por Residência Doenças do Aparelho Respiratório";"Baixo Amazonas";"Alenquer";"-";"2024";32
"Social";"Saúde";"Óbitos por Residência Doenças do Aparelho Respiratório";"Baixo Amazonas";"Almeirim";"-";"2008";10
"Social";"Saúde";"Óbitos por Residência Doenças do Aparelho Respiratório";"Baixo Amazonas";"Almeirim";"-";"2009";12
"Social";"Saúde";"Óbitos por Residência Doenças do Aparelho Respiratório";"Baixo Amazonas";"Almeirim";"-";"2010";4
"Social";"Saúde";"Óbitos por Residência Doenças do Aparelho Respiratório";"Baixo Amazonas";"Almeirim";"-";"2012";10
"Social";"Saúde";"Óbitos por Residência Doenças do Aparelho Respiratório";"Baixo Amazonas";"Almeirim";"-";"2013";7
"Social";"Saúde";"Óbitos por Residência Doenças do Aparelho Respiratório";"Baixo Amazonas";"Almeirim";"-";"2014";10
"Social";"Saúde";"Óbitos por Residência Doenças do Aparelho Respiratório";"Baixo Amazonas";"Almeirim";"-";"2015";7
"Social";"Saúde";"Óbitos por Residência Doenças do Aparelho Respiratório";"Baixo Amazonas";"Almeirim";"-";"2016";9
"Social";"Saúde";"Óbitos por Residência Doenças do Aparelho Respiratório";"Baixo Amazonas";"Almeirim";"-";"2017";16
"Social";"Saúde";"Óbitos por Residência Doenças do Aparelho Respiratório";"Baixo Amazonas";"Almeirim";"-";"2018";7
"Social";"Saúde";"Óbitos por Residência Doenças do Aparelho Respiratório";"Baixo Amazonas";"Almeirim";"-";"2019";12
"Social";"Saúde";"Óbitos por Residência Doenças do Aparelho Respiratório";"Baixo Amazonas";"Almeirim";"-";"2020";17
"Social";"Saúde";"Óbitos por Residência Doenças do Aparelho Respiratório";"Baixo Amazonas";"Almeirim";"-";"2021";15
"Social";"Saúde";"Óbitos por Residência Doenças do Aparelho Respiratório";"Baixo Amazonas";"Almeirim";"-";"2022";13
"Social";"Saúde";"Óbitos por Residência Doenças do Aparelho Respiratório";"Baixo Amazonas";"Almeirim";"-";"2023";15
"Social";"Saúde";"Óbitos por Residência Doenças do Aparelho Respiratório";"Baixo Amazonas";"Almeirim";"-";"2024";19
"Social";"Saúde";"Óbitos por Residência Doenças do Aparelho Respiratório";"Xingu";"Altamira";"-";"2008";41
"Social";"Saúde";"Óbitos por Residência Doenças do Aparelho Respiratório";"Xingu";"Altamira";"-";"2009";40
"Social";"Saúde";"Óbitos por Residência Doenças do Aparelho Respiratório";"Xingu";"Altamira";"-";"2010";47
"Social";"Saúde";"Óbitos por Residência Doenças do Aparelho Respiratório";"Xingu";"Altamira";"-";"2012";48
"Social";"Saúde";"Óbitos por Residência Doenças do Aparelho Respiratório";"Xingu";"Altamira";"-";"2013";71
"Social";"Saúde";"Óbitos por Residência Doenças do Aparelho Respiratório";"Xingu";"Altamira";"-";"2014";52
"Social";"Saúde";"Óbitos por Residência Doenças do Aparelho Respiratório";"Xingu";"Altamira";"-";"2015";84
"Social";"Saúde";"Óbitos por Residência Doenças do Aparelho Respiratório";"Xingu";"Altamira";"-";"2016";64
"Social";"Saúde";"Óbitos por Residência Doenças do Aparelho Respiratório";"Xingu";"Altamira";"-";"2017";54
"Social";"Saúde";"Óbitos por Residência Doenças do Aparelho Respiratório";"Xingu";"Altamira";"-";"2018";56
"Social";"Saúde";"Óbitos por Residência Doenças do Aparelho Respiratório";"Xingu";"Altamira";"-";"2019";49
"Social";"Saúde";"Óbitos por Residência Doenças do Aparelho Respiratório";"Xingu";"Altamira";"-";"2020";37
"Social";"Saúde";"Óbitos por Residência Doenças do Aparelho Respiratório";"Xingu";"Altamira";"-";"2021";51
"Social";"Saúde";"Óbitos por Residência Doenças do Aparelho Respiratório";"Xingu";"Altamira";"-";"2022";67
"Social";"Saúde";"Óbitos por Residência Doenças do Aparelho Respiratório";"Xingu";"Altamira";"-";"2023";62
"Social";"Saúde";"Óbitos por Residência Doenças do Aparelho Respiratório";"Xingu";"Altamira";"-";"2024";94
"Social";"Saúde";"Óbitos por Residência Doenças do Aparelho Respiratório";"Marajó";"Anajás";"-";"2008";3
"Social";"Saúde";"Óbitos por Residência Doenças do Aparelho Respiratório";"Marajó";"Anajás";"-";"2009";8
"Social";"Saúde";"Óbitos por Residência Doenças do Aparelho Respiratório";"Marajó";"Anajás";"-";"2010";6
"Social";"Saúde";"Óbitos por Residência Doenças do Aparelho Respiratório";"Marajó";"Anajás";"-";"2012";9
"Social";"Saúde";"Óbitos por Residência Doenças do Aparelho Respiratório";"Marajó";"Anajás";"-";"2013";4
"Social";"Saúde";"Óbitos por Residência Doenças do Aparelho Respiratório";"Marajó";"Anajás";"-";"2014";10
"Social";"Saúde";"Óbitos por Residência Doenças do Aparelho Respiratório";"Marajó";"Anajás";"-";"2015";2
"Social";"Saúde";"Óbitos por Residência Doenças do Aparelho Respiratório";"Marajó";"Anajás";"-";"2016";10
"Social";"Saúde";"Óbitos por Residência Doenças do Aparelho Respiratório";"Marajó";"Anajás";"-";"2017";10
"Social";"Saúde";"Óbitos por Residência Doenças do Aparelho Respiratório";"Marajó";"Anajás";"-";"2018";11
"Social";"Saúde";"Óbitos por Residência Doenças do Aparelho Respiratório";"Marajó";"Anajás";"-";"2019";11
"Social";"Saúde";"Óbitos por Residência Doenças do Aparelho Respiratório";"Marajó";"Anajás";"-";"2020";6
"Social";"Saúde";"Óbitos por Residência Doenças do Aparelho Respiratório";"Marajó";"Anajás";"-";"2021";9
"Social";"Saúde";"Óbitos por Residência Doenças do Aparelho Respiratório";"Marajó";"Anajás";"-";"2022";20
"Social";"Saúde";"Óbitos por Residência Doenças do Aparelho Respiratório";"Marajó";"Anajás";"-";"2023";16
"Social";"Saúde";"Óbitos por Residência Doenças do Aparelho Respiratório";"Marajó";"Anajás";"-";"2024";8
"Social";"Saúde";"Óbitos por Residência Doenças do Aparelho Respiratório";"Guajará";"Ananindeua";"-";"2008";210
"Social";"Saúde";"Óbitos por Residência Doenças do Aparelho Respiratório";"Guajará";"Ananindeua";"-";"2009";192
"Social";"Saúde";"Óbitos por Residência Doenças do Aparelho Respiratório";"Guajará";"Ananindeua";"-";"2010";228
"Social";"Saúde";"Óbitos por Residência Doenças do Aparelho Respiratório";"Guajará";"Ananindeua";"-";"2012";246
"Social";"Saúde";"Óbitos por Residência Doenças do Aparelho Respiratório";"Guajará";"Ananindeua";"-";"2013";288
"Social";"Saúde";"Óbitos por Residência Doenças do Aparelho Respiratório";"Guajará";"Ananindeua";"-";"2014";315
"Social";"Saúde";"Óbitos por Residência Doenças do Aparelho Respiratório";"Guajará";"Ananindeua";"-";"2015";315
"Social";"Saúde";"Óbitos por Residência Doenças do Aparelho Respiratório";"Guajará";"Ananindeua";"-";"2016";337
"Social";"Saúde";"Óbitos por Residência Doenças do Aparelho Respiratório";"Guajará";"Ananindeua";"-";"2017";355
"Social";"Saúde";"Óbitos por Residência Doenças do Aparelho Respiratório";"Guajará";"Ananindeua";"-";"2018";382
"Social";"Saúde";"Óbitos por Residência Doenças do Aparelho Respiratório";"Guajará";"Ananindeua";"-";"2019";404
"Social";"Saúde";"Óbitos por Residência Doenças do Aparelho Respiratório";"Guajará";"Ananindeua";"-";"2020";700
"Social";"Saúde";"Óbitos por Residência Doenças do Aparelho Respiratório";"Guajará";"Ananindeua";"-";"2021";428
"Social";"Saúde";"Óbitos por Residência Doenças do Aparelho Respiratório";"Guajará";"Ananindeua";"-";"2022";419
"Social";"Saúde";"Óbitos por Residência Doenças do Aparelho Respiratório";"Guajará";"Ananindeua";"-";"2023";414
"Social";"Saúde";"Óbitos por Residência Doenças do Aparelho Respiratório";"Guajará";"Ananindeua";"-";"2024";454
"Social";"Saúde";"Óbitos por Residência Doenças do Aparelho Respiratório";"Xingu";"Anapu";"-";"2008";2
"Social";"Saúde";"Óbitos por Residência Doenças do Aparelho Respiratório";"Xingu";"Anapu";"-";"2009";5
"Social";"Saúde";"Óbitos por Residência Doenças do Aparelho Respiratório";"Xingu";"Anapu";"-";"2010";5
"Social";"Saúde";"Óbitos por Residência Doenças do Aparelho Respiratório";"Xingu";"Anapu";"-";"2012";5
"Social";"Saúde";"Óbitos por Residência Doenças do Aparelho Respiratório";"Xingu";"Anapu";"-";"2013";6
"Social";"Saúde";"Óbitos por Residência Doenças do Aparelho Respiratório";"Xingu";"Anapu";"-";"2014";5
"Social";"Saúde";"Óbitos por Residência Doenças do Aparelho Respiratório";"Xingu";"Anapu";"-";"2015";7
"Social";"Saúde";"Óbitos por Residência Doenças do Aparelho Respiratório";"Xingu";"Anapu";"-";"2016";6
"Social";"Saúde";"Óbitos por Residência Doenças do Aparelho Respiratório";"Xingu";"Anapu";"-";"2017";7
"Social";"Saúde";"Óbitos por Residência Doenças do Aparelho Respiratório";"Xingu";"Anapu";"-";"2018";7
"Social";"Saúde";"Óbitos por Residência Doenças do Aparelho Respiratório";"Xingu";"Anapu";"-";"2019";9
"Social";"Saúde";"Óbitos por Residência Doenças do Aparelho Respiratório";"Xingu";"Anapu";"-";"2020";4
"Social";"Saúde";"Óbitos por Residência Doenças do Aparelho Respiratório";"Xingu";"Anapu";"-";"2021";5
"Social";"Saúde";"Óbitos por Residência Doenças do Aparelho Respiratório";"Xingu";"Anapu";"-";"2022";3
"Social";"Saúde";"Óbitos por Residência Doenças do Aparelho Respiratório";"Xingu";"Anapu";"-";"2023";10
"Social";"Saúde";"Óbitos por Residência Doenças do Aparelho Respiratório";"Xingu";"Anapu";"-";"2024";12
"Social";"Saúde";"Óbitos por Residência Doenças do Aparelho Respiratório";"Rio Caeté";"Augusto Corrêa";"-";"2008";7
"Social";"Saúde";"Óbitos por Residência Doenças do Aparelho Respiratório";"Rio Caeté";"Augusto Corrêa";"-";"2009";9
"Social";"Saúde";"Óbitos por Residência Doenças do Aparelho Respiratório";"Rio Caeté";"Augusto Corrêa";"-";"2010";10
"Social";"Saúde";"Óbitos por Residência Doenças do Aparelho Respiratório";"Rio Caeté";"Augusto Corrêa";"-";"2012";6
"Social";"Saúde";"Óbitos por Residência Doenças do Aparelho Respiratório";"Rio Caeté";"Augusto Corrêa";"-";"2013";25
"Social";"Saúde";"Óbitos por Residência Doenças do Aparelho Respiratório";"Rio Caeté";"Augusto Corrêa";"-";"2014";17
"Social";"Saúde";"Óbitos por Residência Doenças do Aparelho Respiratório";"Rio Caeté";"Augusto Corrêa";"-";"2015";13
"Social";"Saúde";"Óbitos por Residência Doenças do Aparelho Respiratório";"Rio Caeté";"Augusto Corrêa";"-";"2016";14
"Social";"Saúde";"Óbitos por Residência Doenças do Aparelho Respiratório";"Rio Caeté";"Augusto Corrêa";"-";"2017";17
"Social";"Saúde";"Óbitos por Residência Doenças do Aparelho Respiratório";"Rio Caeté";"Augusto Corrêa";"-";"2018";22
"Social";"Saúde";"Óbitos por Residência Doenças do Aparelho Respiratório";"Rio Caeté";"Augusto Corrêa";"-";"2019";23
"Social";"Saúde";"Óbitos por Residência Doenças do Aparelho Respiratório";"Rio Caeté";"Augusto Corrêa";"-";"2020";13
"Social";"Saúde";"Óbitos por Residência Doenças do Aparelho Respiratório";"Rio Caeté";"Augusto Corrêa";"-";"2021";24
"Social";"Saúde";"Óbitos por Residência Doenças do Aparelho Respiratório";"Rio Caeté";"Augusto Corrêa";"-";"2022";23
"Social";"Saúde";"Óbitos por Residência Doenças do Aparelho Respiratório";"Rio Caeté";"Augusto Corrêa";"-";"2023";21
"Social";"Saúde";"Óbitos por Residência Doenças do Aparelho Respiratório";"Rio Caeté";"Augusto Corrêa";"-";"2024";22
"Social";"Saúde";"Óbitos por Residência Doenças do Aparelho Respiratório";"Rio Capim";"Aurora do Pará";"-";"2008";1
"Social";"Saúde";"Óbitos por Residência Doenças do Aparelho Respiratório";"Rio Capim";"Aurora do Pará";"-";"2009";2
"Social";"Saúde";"Óbitos por Residência Doenças do Aparelho Respiratório";"Rio Capim";"Aurora do Pará";"-";"2010";8
"Social";"Saúde";"Óbitos por Residência Doenças do Aparelho Respiratório";"Rio Capim";"Aurora do Pará";"-";"2012";3
"Social";"Saúde";"Óbitos por Residência Doenças do Aparelho Respiratório";"Rio Capim";"Aurora do Pará";"-";"2013";2
"Social";"Saúde";"Óbitos por Residência Doenças do Aparelho Respiratório";"Rio Capim";"Aurora do Pará";"-";"2014";5
"Social";"Saúde";"Óbitos por Residência Doenças do Aparelho Respiratório";"Rio Capim";"Aurora do Pará";"-";"2015";5
"Social";"Saúde";"Óbitos por Residência Doenças do Aparelho Respiratório";"Rio Capim";"Aurora do Pará";"-";"2016";5
"Social";"Saúde";"Óbitos por Residência Doenças do Aparelho Respiratório";"Rio Capim";"Aurora do Pará";"-";"2017";9
"Social";"Saúde";"Óbitos por Residência Doenças do Aparelho Respiratório";"Rio Capim";"Aurora do Pará";"-";"2018";15
"Social";"Saúde";"Óbitos por Residência Doenças do Aparelho Respiratório";"Rio Capim";"Aurora do Pará";"-";"2019";17
"Social";"Saúde";"Óbitos por Residência Doenças do Aparelho Respiratório";"Rio Capim";"Aurora do Pará";"-";"2020";7
"Social";"Saúde";"Óbitos por Residência Doenças do Aparelho Respiratório";"Rio Capim";"Aurora do Pará";"-";"2021";7
"Social";"Saúde";"Óbitos por Residência Doenças do Aparelho Respiratório";"Rio Capim";"Aurora do Pará";"-";"2022";15
"Social";"Saúde";"Óbitos por Residência Doenças do Aparelho Respiratório";"Rio Capim";"Aurora do Pará";"-";"2023";18
"Social";"Saúde";"Óbitos por Residência Doenças do Aparelho Respiratório";"Rio Capim";"Aurora do Pará";"-";"2024";11
"Social";"Saúde";"Óbitos por Residência Doenças do Aparelho Respiratório";"Tapajós";"Aveiro";"-";"2008";4
"Social";"Saúde";"Óbitos por Residência Doenças do Aparelho Respiratório";"Tapajós";"Aveiro";"-";"2009";1
"Social";"Saúde";"Óbitos por Residência Doenças do Aparelho Respiratório";"Tapajós";"Aveiro";"-";"2010";0
"Social";"Saúde";"Óbitos por Residência Doenças do Aparelho Respiratório";"Tapajós";"Aveiro";"-";"2012";5
"Social";"Saúde";"Óbitos por Residência Doenças do Aparelho Respiratório";"Tapajós";"Aveiro";"-";"2013";4
"Social";"Saúde";"Óbitos por Residência Doenças do Aparelho Respiratório";"Tapajós";"Aveiro";"-";"2014";2
"Social";"Saúde";"Óbitos por Residência Doenças do Aparelho Respiratório";"Tapajós";"Aveiro";"-";"2015";2
"Social";"Saúde";"Óbitos por Residência Doenças do Aparelho Respiratório";"Tapajós";"Aveiro";"-";"2016";2
"Social";"Saúde";"Óbitos por Residência Doenças do Aparelho Respiratório";"Tapajós";"Aveiro";"-";"2017";2
"Social";"Saúde";"Óbitos por Residência Doenças do Aparelho Respiratório";"Tapajós";"Aveiro";"-";"2018";6
"Social";"Saúde";"Óbitos por Residência Doenças do Aparelho Respiratório";"Tapajós";"Aveiro";"-";"2019";0
"Social";"Saúde";"Óbitos por Residência Doenças do Aparelho Respiratório";"Tapajós";"Aveiro";"-";"2020";2
"Social";"Saúde";"Óbitos por Residência Doenças do Aparelho Respiratório";"Tapajós";"Aveiro";"-";"2021";1
"Social";"Saúde";"Óbitos por Residência Doenças do Aparelho Respiratório";"Tapajós";"Aveiro";"-";"2022";1
"Social";"Saúde";"Óbitos por Residência Doenças do Aparelho Respiratório";"Tapajós";"Aveiro";"-";"2023";6
"Social";"Saúde";"Óbitos por Residência Doenças do Aparelho Respiratório";"Tapajós";"Aveiro";"-";"2024";7
"Social";"Saúde";"Óbitos por Residência Doenças do Aparelho Respiratório";"Marajó";"Bagre";"-";"2008";6
"Social";"Saúde";"Óbitos por Residência Doenças do Aparelho Respiratório";"Marajó";"Bagre";"-";"2009";7
"Social";"Saúde";"Óbitos por Residência Doenças do Aparelho Respiratório";"Marajó";"Bagre";"-";"2010";6
"Social";"Saúde";"Óbitos por Residência Doenças do Aparelho Respiratório";"Marajó";"Bagre";"-";"2012";4
"Social";"Saúde";"Óbitos por Residência Doenças do Aparelho Respiratório";"Marajó";"Bagre";"-";"2013";3
"Social";"Saúde";"Óbitos por Residência Doenças do Aparelho Respiratório";"Marajó";"Bagre";"-";"2014";4
"Social";"Saúde";"Óbitos por Residência Doenças do Aparelho Respiratório";"Marajó";"Bagre";"-";"2015";5
"Social";"Saúde";"Óbitos por Residência Doenças do Aparelho Respiratório";"Marajó";"Bagre";"-";"2016";6
"Social";"Saúde";"Óbitos por Residência Doenças do Aparelho Respiratório";"Marajó";"Bagre";"-";"2017";7
"Social";"Saúde";"Óbitos por Residência Doenças do Aparelho Respiratório";"Marajó";"Bagre";"-";"2018";4
"Social";"Saúde";"Óbitos por Residência Doenças do Aparelho Respiratório";"Marajó";"Bagre";"-";"2019";9
"Social";"Saúde";"Óbitos por Residência Doenças do Aparelho Respiratório";"Marajó";"Bagre";"-";"2020";8
"Social";"Saúde";"Óbitos por Residência Doenças do Aparelho Respiratório";"Marajó";"Bagre";"-";"2021";12
"Social";"Saúde";"Óbitos por Residência Doenças do Aparelho Respiratório";"Marajó";"Bagre";"-";"2022";8
"Social";"Saúde";"Óbitos por Residência Doenças do Aparelho Respiratório";"Marajó";"Bagre";"-";"2023";9
"Social";"Saúde";"Óbitos por Residência Doenças do Aparelho Respiratório";"Marajó";"Bagre";"-";"2024";11
"Social";"Saúde";"Óbitos por Residência Doenças do Aparelho Respiratório";"Tocantins";"Baião";"-";"2008";1
"Social";"Saúde";"Óbitos por Residência Doenças do Aparelho Respiratório";"Tocantins";"Baião";"-";"2009";5
"Social";"Saúde";"Óbitos por Residência Doenças do Aparelho Respiratório";"Tocantins";"Baião";"-";"2010";2
"Social";"Saúde";"Óbitos por Residência Doenças do Aparelho Respiratório";"Tocantins";"Baião";"-";"2012";6
"Social";"Saúde";"Óbitos por Residência Doenças do Aparelho Respiratório";"Tocantins";"Baião";"-";"2013";6
"Social";"Saúde";"Óbitos por Residência Doenças do Aparelho Respiratório";"Tocantins";"Baião";"-";"2014";7
"Social";"Saúde";"Óbitos por Residência Doenças do Aparelho Respiratório";"Tocantins";"Baião";"-";"2015";15
"Social";"Saúde";"Óbitos por Residência Doenças do Aparelho Respiratório";"Tocantins";"Baião";"-";"2016";15
"Social";"Saúde";"Óbitos por Residência Doenças do Aparelho Respiratório";"Tocantins";"Baião";"-";"2017";14
"Social";"Saúde";"Óbitos por Residência Doenças do Aparelho Respiratório";"Tocantins";"Baião";"-";"2018";7
"Social";"Saúde";"Óbitos por Residência Doenças do Aparelho Respiratório";"Tocantins";"Baião";"-";"2019";14
"Social";"Saúde";"Óbitos por Residência Doenças do Aparelho Respiratório";"Tocantins";"Baião";"-";"2020";2
"Social";"Saúde";"Óbitos por Residência Doenças do Aparelho Respiratório";"Tocantins";"Baião";"-";"2021";11
"Social";"Saúde";"Óbitos por Residência Doenças do Aparelho Respiratório";"Tocantins";"Baião";"-";"2022";17
"Social";"Saúde";"Óbitos por Residência Doenças do Aparelho Respiratório";"Tocantins";"Baião";"-";"2023";12
"Social";"Saúde";"Óbitos por Residência Doenças do Aparelho Respiratório";"Tocantins";"Baião";"-";"2024";28
"Social";"Saúde";"Óbitos por Residência Doenças do Aparelho Respiratório";"Araguaia";"Bannach";"-";"2008";0
"Social";"Saúde";"Óbitos por Residência Doenças do Aparelho Respiratório";"Araguaia";"Bannach";"-";"2009";2
"Social";"Saúde";"Óbitos por Residência Doenças do Aparelho Respiratório";"Araguaia";"Bannach";"-";"2010";0
"Social";"Saúde";"Óbitos por Residência Doenças do Aparelho Respiratório";"Araguaia";"Bannach";"-";"2012";1
"Social";"Saúde";"Óbitos por Residência Doenças do Aparelho Respiratório";"Araguaia";"Bannach";"-";"2013";3
"Social";"Saúde";"Óbitos por Residência Doenças do Aparelho Respiratório";"Araguaia";"Bannach";"-";"2014";1
"Social";"Saúde";"Óbitos por Residência Doenças do Aparelho Respiratório";"Araguaia";"Bannach";"-";"2015";0
"Social";"Saúde";"Óbitos por Residência Doenças do Aparelho Respiratório";"Araguaia";"Bannach";"-";"2016";3
"Social";"Saúde";"Óbitos por Residência Doenças do Aparelho Respiratório";"Araguaia";"Bannach";"-";"2017";4
"Social";"Saúde";"Óbitos por Residência Doenças do Aparelho Respiratório";"Araguaia";"Bannach";"-";"2018";3
"Social";"Saúde";"Óbitos por Residência Doenças do Aparelho Respiratório";"Araguaia";"Bannach";"-";"2019";3
"Social";"Saúde";"Óbitos por Residência Doenças do Aparelho Respiratório";"Araguaia";"Bannach";"-";"2020";4
"Social";"Saúde";"Óbitos por Residência Doenças do Aparelho Respiratório";"Araguaia";"Bannach";"-";"2021";2
"Social";"Saúde";"Óbitos por Residência Doenças do Aparelho Respiratório";"Araguaia";"Bannach";"-";"2022";1
"Social";"Saúde";"Óbitos por Residência Doenças do Aparelho Respiratório";"Araguaia";"Bannach";"-";"2023";4
"Social";"Saúde";"Óbitos por Residência Doenças do Aparelho Respiratório";"Araguaia";"Bannach";"-";"2024";5
"Social";"Saúde";"Óbitos por Residência Doenças do Aparelho Respiratório";"Tocantins";"Barcarena";"-";"2008";21
"Social";"Saúde";"Óbitos por Residência Doenças do Aparelho Respiratório";"Tocantins";"Barcarena";"-";"2009";29
"Social";"Saúde";"Óbitos por Residência Doenças do Aparelho Respiratório";"Tocantins";"Barcarena";"-";"2010";27
"Social";"Saúde";"Óbitos por Residência Doenças do Aparelho Respiratório";"Tocantins";"Barcarena";"-";"2012";28
"Social";"Saúde";"Óbitos por Residência Doenças do Aparelho Respiratório";"Tocantins";"Barcarena";"-";"2013";26
"Social";"Saúde";"Óbitos por Residência Doenças do Aparelho Respiratório";"Tocantins";"Barcarena";"-";"2014";34
"Social";"Saúde";"Óbitos por Residência Doenças do Aparelho Respiratório";"Tocantins";"Barcarena";"-";"2015";41
"Social";"Saúde";"Óbitos por Residência Doenças do Aparelho Respiratório";"Tocantins";"Barcarena";"-";"2016";38
"Social";"Saúde";"Óbitos por Residência Doenças do Aparelho Respiratório";"Tocantins";"Barcarena";"-";"2017";56
"Social";"Saúde";"Óbitos por Residência Doenças do Aparelho Respiratório";"Tocantins";"Barcarena";"-";"2018";60
"Social";"Saúde";"Óbitos por Residência Doenças do Aparelho Respiratório";"Tocantins";"Barcarena";"-";"2019";85
"Social";"Saúde";"Óbitos por Residência Doenças do Aparelho Respiratório";"Tocantins";"Barcarena";"-";"2020";62
"Social";"Saúde";"Óbitos por Residência Doenças do Aparelho Respiratório";"Tocantins";"Barcarena";"-";"2021";49
"Social";"Saúde";"Óbitos por Residência Doenças do Aparelho Respiratório";"Tocantins";"Barcarena";"-";"2022";57
"Social";"Saúde";"Óbitos por Residência Doenças do Aparelho Respiratório";"Tocantins";"Barcarena";"-";"2023";71
"Social";"Saúde";"Óbitos por Residência Doenças do Aparelho Respiratório";"Tocantins";"Barcarena";"-";"2024";82
"Social";"Saúde";"Óbitos por Residência Doenças do Aparelho Respiratório";"Guajará";"Belém";"-";"2008";912
"Social";"Saúde";"Óbitos por Residência Doenças do Aparelho Respiratório";"Guajará";"Belém";"-";"2009";934
"Social";"Saúde";"Óbitos por Residência Doenças do Aparelho Respiratório";"Guajará";"Belém";"-";"2010";983
"Social";"Saúde";"Óbitos por Residência Doenças do Aparelho Respiratório";"Guajará";"Belém";"-";"2012";1120
"Social";"Saúde";"Óbitos por Residência Doenças do Aparelho Respiratório";"Guajará";"Belém";"-";"2013";1216
"Social";"Saúde";"Óbitos por Residência Doenças do Aparelho Respiratório";"Guajará";"Belém";"-";"2014";1182
"Social";"Saúde";"Óbitos por Residência Doenças do Aparelho Respiratório";"Guajará";"Belém";"-";"2015";1279
"Social";"Saúde";"Óbitos por Residência Doenças do Aparelho Respiratório";"Guajará";"Belém";"-";"2016";1335
"Social";"Saúde";"Óbitos por Residência Doenças do Aparelho Respiratório";"Guajará";"Belém";"-";"2017";1234
"Social";"Saúde";"Óbitos por Residência Doenças do Aparelho Respiratório";"Guajará";"Belém";"-";"2018";1371
"Social";"Saúde";"Óbitos por Residência Doenças do Aparelho Respiratório";"Guajará";"Belém";"-";"2019";1428
"Social";"Saúde";"Óbitos por Residência Doenças do Aparelho Respiratório";"Guajará";"Belém";"-";"2020";2613
"Social";"Saúde";"Óbitos por Residência Doenças do Aparelho Respiratório";"Guajará";"Belém";"-";"2021";1224
"Social";"Saúde";"Óbitos por Residência Doenças do Aparelho Respiratório";"Guajará";"Belém";"-";"2022";1399
"Social";"Saúde";"Óbitos por Residência Doenças do Aparelho Respiratório";"Guajará";"Belém";"-";"2023";1357
"Social";"Saúde";"Óbitos por Residência Doenças do Aparelho Respiratório";"Guajará";"Belém";"-";"2024";1417
"Social";"Saúde";"Óbitos por Residência Doenças do Aparelho Respiratório";"Baixo Amazonas";"Belterra";"-";"2008";3
"Social";"Saúde";"Óbitos por Residência Doenças do Aparelho Respiratório";"Baixo Amazonas";"Belterra";"-";"2009";9
"Social";"Saúde";"Óbitos por Residência Doenças do Aparelho Respiratório";"Baixo Amazonas";"Belterra";"-";"2010";4
"Social";"Saúde";"Óbitos por Residência Doenças do Aparelho Respiratório";"Baixo Amazonas";"Belterra";"-";"2012";9
"Social";"Saúde";"Óbitos por Residência Doenças do Aparelho Respiratório";"Baixo Amazonas";"Belterra";"-";"2013";11
"Social";"Saúde";"Óbitos por Residência Doenças do Aparelho Respiratório";"Baixo Amazonas";"Belterra";"-";"2014";5
"Social";"Saúde";"Óbitos por Residência Doenças do Aparelho Respiratório";"Baixo Amazonas";"Belterra";"-";"2015";1
"Social";"Saúde";"Óbitos por Residência Doenças do Aparelho Respiratório";"Baixo Amazonas";"Belterra";"-";"2016";5
"Social";"Saúde";"Óbitos por Residência Doenças do Aparelho Respiratório";"Baixo Amazonas";"Belterra";"-";"2017";9
"Social";"Saúde";"Óbitos por Residência Doenças do Aparelho Respiratório";"Baixo Amazonas";"Belterra";"-";"2018";8
"Social";"Saúde";"Óbitos por Residência Doenças do Aparelho Respiratório";"Baixo Amazonas";"Belterra";"-";"2019";10
"Social";"Saúde";"Óbitos por Residência Doenças do Aparelho Respiratório";"Baixo Amazonas";"Belterra";"-";"2020";10
"Social";"Saúde";"Óbitos por Residência Doenças do Aparelho Respiratório";"Baixo Amazonas";"Belterra";"-";"2021";10
"Social";"Saúde";"Óbitos por Residência Doenças do Aparelho Respiratório";"Baixo Amazonas";"Belterra";"-";"2022";6
"Social";"Saúde";"Óbitos por Residência Doenças do Aparelho Respiratório";"Baixo Amazonas";"Belterra";"-";"2023";19
"Social";"Saúde";"Óbitos por Residência Doenças do Aparelho Respiratório";"Baixo Amazonas";"Belterra";"-";"2024";15
"Social";"Saúde";"Óbitos por Residência Doenças do Aparelho Respiratório";"Guajará";"Benevides";"-";"2008";21
"Social";"Saúde";"Óbitos por Residência Doenças do Aparelho Respiratório";"Guajará";"Benevides";"-";"2009";20
"Social";"Saúde";"Óbitos por Residência Doenças do Aparelho Respiratório";"Guajará";"Benevides";"-";"2010";28
"Social";"Saúde";"Óbitos por Residência Doenças do Aparelho Respiratório";"Guajará";"Benevides";"-";"2012";32
"Social";"Saúde";"Óbitos por Residência Doenças do Aparelho Respiratório";"Guajará";"Benevides";"-";"2013";31
"Social";"Saúde";"Óbitos por Residência Doenças do Aparelho Respiratório";"Guajará";"Benevides";"-";"2014";27
"Social";"Saúde";"Óbitos por Residência Doenças do Aparelho Respiratório";"Guajará";"Benevides";"-";"2015";36
"Social";"Saúde";"Óbitos por Residência Doenças do Aparelho Respiratório";"Guajará";"Benevides";"-";"2016";35
"Social";"Saúde";"Óbitos por Residência Doenças do Aparelho Respiratório";"Guajará";"Benevides";"-";"2017";51
"Social";"Saúde";"Óbitos por Residência Doenças do Aparelho Respiratório";"Guajará";"Benevides";"-";"2018";43
"Social";"Saúde";"Óbitos por Residência Doenças do Aparelho Respiratório";"Guajará";"Benevides";"-";"2019";47
"Social";"Saúde";"Óbitos por Residência Doenças do Aparelho Respiratório";"Guajará";"Benevides";"-";"2020";29
"Social";"Saúde";"Óbitos por Residência Doenças do Aparelho Respiratório";"Guajará";"Benevides";"-";"2021";38
"Social";"Saúde";"Óbitos por Residência Doenças do Aparelho Respiratório";"Guajará";"Benevides";"-";"2022";48
"Social";"Saúde";"Óbitos por Residência Doenças do Aparelho Respiratório";"Guajará";"Benevides";"-";"2023";65
"Social";"Saúde";"Óbitos por Residência Doenças do Aparelho Respiratório";"Guajará";"Benevides";"-";"2024";49
"Social";"Saúde";"Óbitos por Residência Doenças do Aparelho Respiratório";"Carajás";"Bom Jesus do Tocantins";"-";"2008";7
"Social";"Saúde";"Óbitos por Residência Doenças do Aparelho Respiratório";"Carajás";"Bom Jesus do Tocantins";"-";"2009";7
"Social";"Saúde";"Óbitos por Residência Doenças do Aparelho Respiratório";"Carajás";"Bom Jesus do Tocantins";"-";"2010";0
"Social";"Saúde";"Óbitos por Residência Doenças do Aparelho Respiratório";"Carajás";"Bom Jesus do Tocantins";"-";"2012";2
"Social";"Saúde";"Óbitos por Residência Doenças do Aparelho Respiratório";"Carajás";"Bom Jesus do Tocantins";"-";"2013";4
"Social";"Saúde";"Óbitos por Residência Doenças do Aparelho Respiratório";"Carajás";"Bom Jesus do Tocantins";"-";"2014";8
"Social";"Saúde";"Óbitos por Residência Doenças do Aparelho Respiratório";"Carajás";"Bom Jesus do Tocantins";"-";"2015";7
"Social";"Saúde";"Óbitos por Residência Doenças do Aparelho Respiratório";"Carajás";"Bom Jesus do Tocantins";"-";"2016";6
"Social";"Saúde";"Óbitos por Residência Doenças do Aparelho Respiratório";"Carajás";"Bom Jesus do Tocantins";"-";"2017";5
"Social";"Saúde";"Óbitos por Residência Doenças do Aparelho Respiratório";"Carajás";"Bom Jesus do Tocantins";"-";"2018";7
"Social";"Saúde";"Óbitos por Residência Doenças do Aparelho Respiratório";"Carajás";"Bom Jesus do Tocantins";"-";"2019";5
"Social";"Saúde";"Óbitos por Residência Doenças do Aparelho Respiratório";"Carajás";"Bom Jesus do Tocantins";"-";"2020";9
"Social";"Saúde";"Óbitos por Residência Doenças do Aparelho Respiratório";"Carajás";"Bom Jesus do Tocantins";"-";"2021";11
"Social";"Saúde";"Óbitos por Residência Doenças do Aparelho Respiratório";"Carajás";"Bom Jesus do Tocantins";"-";"2022";7
"Social";"Saúde";"Óbitos por Residência Doenças do Aparelho Respiratório";"Carajás";"Bom Jesus do Tocantins";"-";"2023";5
"Social";"Saúde";"Óbitos por Residência Doenças do Aparelho Respiratório";"Carajás";"Bom Jesus do Tocantins";"-";"2024";10
"Social";"Saúde";"Óbitos por Residência Doenças do Aparelho Respiratório";"Rio Caeté";"Bonito";"-";"2008";0
"Social";"Saúde";"Óbitos por Residência Doenças do Aparelho Respiratório";"Rio Caeté";"Bonito";"-";"2009";2
"Social";"Saúde";"Óbitos por Residência Doenças do Aparelho Respiratório";"Rio Caeté";"Bonito";"-";"2010";2
"Social";"Saúde";"Óbitos por Residência Doenças do Aparelho Respiratório";"Rio Caeté";"Bonito";"-";"2012";5
"Social";"Saúde";"Óbitos por Residência Doenças do Aparelho Respiratório";"Rio Caeté";"Bonito";"-";"2013";4
"Social";"Saúde";"Óbitos por Residência Doenças do Aparelho Respiratório";"Rio Caeté";"Bonito";"-";"2014";1
"Social";"Saúde";"Óbitos por Residência Doenças do Aparelho Respiratório";"Rio Caeté";"Bonito";"-";"2015";5
"Social";"Saúde";"Óbitos por Residência Doenças do Aparelho Respiratório";"Rio Caeté";"Bonito";"-";"2016";1
"Social";"Saúde";"Óbitos por Residência Doenças do Aparelho Respiratório";"Rio Caeté";"Bonito";"-";"2017";3
"Social";"Saúde";"Óbitos por Residência Doenças do Aparelho Respiratório";"Rio Caeté";"Bonito";"-";"2018";7
"Social";"Saúde";"Óbitos por Residência Doenças do Aparelho Respiratório";"Rio Caeté";"Bonito";"-";"2019";4
"Social";"Saúde";"Óbitos por Residência Doenças do Aparelho Respiratório";"Rio Caeté";"Bonito";"-";"2020";6
"Social";"Saúde";"Óbitos por Residência Doenças do Aparelho Respiratório";"Rio Caeté";"Bonito";"-";"2021";5
"Social";"Saúde";"Óbitos por Residência Doenças do Aparelho Respiratório";"Rio Caeté";"Bonito";"-";"2022";5
"Social";"Saúde";"Óbitos por Residência Doenças do Aparelho Respiratório";"Rio Caeté";"Bonito";"-";"2023";8
"Social";"Saúde";"Óbitos por Residência Doenças do Aparelho Respiratório";"Rio Caeté";"Bonito";"-";"2024";11
"Social";"Saúde";"Óbitos por Residência Doenças do Aparelho Respiratório";"Rio Caeté";"Bragança";"-";"2008";40
"Social";"Saúde";"Óbitos por Residência Doenças do Aparelho Respiratório";"Rio Caeté";"Bragança";"-";"2009";41
"Social";"Saúde";"Óbitos por Residência Doenças do Aparelho Respiratório";"Rio Caeté";"Bragança";"-";"2010";33
"Social";"Saúde";"Óbitos por Residência Doenças do Aparelho Respiratório";"Rio Caeté";"Bragança";"-";"2012";39
"Social";"Saúde";"Óbitos por Residência Doenças do Aparelho Respiratório";"Rio Caeté";"Bragança";"-";"2013";53
"Social";"Saúde";"Óbitos por Residência Doenças do Aparelho Respiratório";"Rio Caeté";"Bragança";"-";"2014";54
"Social";"Saúde";"Óbitos por Residência Doenças do Aparelho Respiratório";"Rio Caeté";"Bragança";"-";"2015";66
"Social";"Saúde";"Óbitos por Residência Doenças do Aparelho Respiratório";"Rio Caeté";"Bragança";"-";"2016";54
"Social";"Saúde";"Óbitos por Residência Doenças do Aparelho Respiratório";"Rio Caeté";"Bragança";"-";"2017";59
"Social";"Saúde";"Óbitos por Residência Doenças do Aparelho Respiratório";"Rio Caeté";"Bragança";"-";"2018";86
"Social";"Saúde";"Óbitos por Residência Doenças do Aparelho Respiratório";"Rio Caeté";"Bragança";"-";"2019";99
"Social";"Saúde";"Óbitos por Residência Doenças do Aparelho Respiratório";"Rio Caeté";"Bragança";"-";"2020";88
"Social";"Saúde";"Óbitos por Residência Doenças do Aparelho Respiratório";"Rio Caeté";"Bragança";"-";"2021";70
"Social";"Saúde";"Óbitos por Residência Doenças do Aparelho Respiratório";"Rio Caeté";"Bragança";"-";"2022";107
"Social";"Saúde";"Óbitos por Residência Doenças do Aparelho Respiratório";"Rio Caeté";"Bragança";"-";"2023";105
"Social";"Saúde";"Óbitos por Residência Doenças do Aparelho Respiratório";"Rio Caeté";"Bragança";"-";"2024";93
"Social";"Saúde";"Óbitos por Residência Doenças do Aparelho Respiratório";"Xingu";"Brasil Novo";"-";"2008";2
"Social";"Saúde";"Óbitos por Residência Doenças do Aparelho Respiratório";"Xingu";"Brasil Novo";"-";"2009";5
"Social";"Saúde";"Óbitos por Residência Doenças do Aparelho Respiratório";"Xingu";"Brasil Novo";"-";"2010";8
"Social";"Saúde";"Óbitos por Residência Doenças do Aparelho Respiratório";"Xingu";"Brasil Novo";"-";"2012";4
"Social";"Saúde";"Óbitos por Residência Doenças do Aparelho Respiratório";"Xingu";"Brasil Novo";"-";"2013";3
"Social";"Saúde";"Óbitos por Residência Doenças do Aparelho Respiratório";"Xingu";"Brasil Novo";"-";"2014";5
"Social";"Saúde";"Óbitos por Residência Doenças do Aparelho Respiratório";"Xingu";"Brasil Novo";"-";"2015";5
"Social";"Saúde";"Óbitos por Residência Doenças do Aparelho Respiratório";"Xingu";"Brasil Novo";"-";"2016";9
"Social";"Saúde";"Óbitos por Residência Doenças do Aparelho Respiratório";"Xingu";"Brasil Novo";"-";"2017";11
"Social";"Saúde";"Óbitos por Residência Doenças do Aparelho Respiratório";"Xingu";"Brasil Novo";"-";"2018";6
"Social";"Saúde";"Óbitos por Residência Doenças do Aparelho Respiratório";"Xingu";"Brasil Novo";"-";"2019";7
"Social";"Saúde";"Óbitos por Residência Doenças do Aparelho Respiratório";"Xingu";"Brasil Novo";"-";"2020";5
"Social";"Saúde";"Óbitos por Residência Doenças do Aparelho Respiratório";"Xingu";"Brasil Novo";"-";"2021";5
"Social";"Saúde";"Óbitos por Residência Doenças do Aparelho Respiratório";"Xingu";"Brasil Novo";"-";"2022";7
"Social";"Saúde";"Óbitos por Residência Doenças do Aparelho Respiratório";"Xingu";"Brasil Novo";"-";"2023";8
"Social";"Saúde";"Óbitos por Residência Doenças do Aparelho Respiratório";"Xingu";"Brasil Novo";"-";"2024";15
"Social";"Saúde";"Óbitos por Residência Doenças do Aparelho Respiratório";"Carajás";"Brejo Grande do Araguaia";"-";"2008";1
"Social";"Saúde";"Óbitos por Residência Doenças do Aparelho Respiratório";"Carajás";"Brejo Grande do Araguaia";"-";"2009";0
"Social";"Saúde";"Óbitos por Residência Doenças do Aparelho Respiratório";"Carajás";"Brejo Grande do Araguaia";"-";"2010";5
"Social";"Saúde";"Óbitos por Residência Doenças do Aparelho Respiratório";"Carajás";"Brejo Grande do Araguaia";"-";"2012";0
"Social";"Saúde";"Óbitos por Residência Doenças do Aparelho Respiratório";"Carajás";"Brejo Grande do Araguaia";"-";"2013";3
"Social";"Saúde";"Óbitos por Residência Doenças do Aparelho Respiratório";"Carajás";"Brejo Grande do Araguaia";"-";"2014";1
"Social";"Saúde";"Óbitos por Residência Doenças do Aparelho Respiratório";"Carajás";"Brejo Grande do Araguaia";"-";"2015";0
"Social";"Saúde";"Óbitos por Residência Doenças do Aparelho Respiratório";"Carajás";"Brejo Grande do Araguaia";"-";"2016";1
"Social";"Saúde";"Óbitos por Residência Doenças do Aparelho Respiratório";"Carajás";"Brejo Grande do Araguaia";"-";"2017";5
"Social";"Saúde";"Óbitos por Residência Doenças do Aparelho Respiratório";"Carajás";"Brejo Grande do Araguaia";"-";"2018";1
"Social";"Saúde";"Óbitos por Residência Doenças do Aparelho Respiratório";"Carajás";"Brejo Grande do Araguaia";"-";"2019";1
"Social";"Saúde";"Óbitos por Residência Doenças do Aparelho Respiratório";"Carajás";"Brejo Grande do Araguaia";"-";"2020";4
"Social";"Saúde";"Óbitos por Residência Doenças do Aparelho Respiratório";"Carajás";"Brejo Grande do Araguaia";"-";"2021";3
"Social";"Saúde";"Óbitos por Residência Doenças do Aparelho Respiratório";"Carajás";"Brejo Grande do Araguaia";"-";"2022";3
"Social";"Saúde";"Óbitos por Residência Doenças do Aparelho Respiratório";"Carajás";"Brejo Grande do Araguaia";"-";"2023";1
"Social";"Saúde";"Óbitos por Residência Doenças do Aparelho Respiratório";"Carajás";"Brejo Grande do Araguaia";"-";"2024";0
"Social";"Saúde";"Óbitos por Residência Doenças do Aparelho Respiratório";"Lago de Tucuruí";"Breu Branco";"-";"2008";11
"Social";"Saúde";"Óbitos por Residência Doenças do Aparelho Respiratório";"Lago de Tucuruí";"Breu Branco";"-";"2009";18
"Social";"Saúde";"Óbitos por Residência Doenças do Aparelho Respiratório";"Lago de Tucuruí";"Breu Branco";"-";"2010";15
"Social";"Saúde";"Óbitos por Residência Doenças do Aparelho Respiratório";"Lago de Tucuruí";"Breu Branco";"-";"2012";14
"Social";"Saúde";"Óbitos por Residência Doenças do Aparelho Respiratório";"Lago de Tucuruí";"Breu Branco";"-";"2013";13
"Social";"Saúde";"Óbitos por Residência Doenças do Aparelho Respiratório";"Lago de Tucuruí";"Breu Branco";"-";"2014";11
"Social";"Saúde";"Óbitos por Residência Doenças do Aparelho Respiratório";"Lago de Tucuruí";"Breu Branco";"-";"2015";10
"Social";"Saúde";"Óbitos por Residência Doenças do Aparelho Respiratório";"Lago de Tucuruí";"Breu Branco";"-";"2016";13
"Social";"Saúde";"Óbitos por Residência Doenças do Aparelho Respiratório";"Lago de Tucuruí";"Breu Branco";"-";"2017";5
"Social";"Saúde";"Óbitos por Residência Doenças do Aparelho Respiratório";"Lago de Tucuruí";"Breu Branco";"-";"2018";15
"Social";"Saúde";"Óbitos por Residência Doenças do Aparelho Respiratório";"Lago de Tucuruí";"Breu Branco";"-";"2019";17
"Social";"Saúde";"Óbitos por Residência Doenças do Aparelho Respiratório";"Lago de Tucuruí";"Breu Branco";"-";"2020";12
"Social";"Saúde";"Óbitos por Residência Doenças do Aparelho Respiratório";"Lago de Tucuruí";"Breu Branco";"-";"2021";11
"Social";"Saúde";"Óbitos por Residência Doenças do Aparelho Respiratório";"Lago de Tucuruí";"Breu Branco";"-";"2022";25
"Social";"Saúde";"Óbitos por Residência Doenças do Aparelho Respiratório";"Lago de Tucuruí";"Breu Branco";"-";"2023";12
"Social";"Saúde";"Óbitos por Residência Doenças do Aparelho Respiratório";"Lago de Tucuruí";"Breu Branco";"-";"2024";22
"Social";"Saúde";"Óbitos por Residência Doenças do Aparelho Respiratório";"Marajó";"Breves";"-";"2008";15
"Social";"Saúde";"Óbitos por Residência Doenças do Aparelho Respiratório";"Marajó";"Breves";"-";"2009";28
"Social";"Saúde";"Óbitos por Residência Doenças do Aparelho Respiratório";"Marajó";"Breves";"-";"2010";16
"Social";"Saúde";"Óbitos por Residência Doenças do Aparelho Respiratório";"Marajó";"Breves";"-";"2012";28
"Social";"Saúde";"Óbitos por Residência Doenças do Aparelho Respiratório";"Marajó";"Breves";"-";"2013";30
"Social";"Saúde";"Óbitos por Residência Doenças do Aparelho Respiratório";"Marajó";"Breves";"-";"2014";28
"Social";"Saúde";"Óbitos por Residência Doenças do Aparelho Respiratório";"Marajó";"Breves";"-";"2015";29
"Social";"Saúde";"Óbitos por Residência Doenças do Aparelho Respiratório";"Marajó";"Breves";"-";"2016";20
"Social";"Saúde";"Óbitos por Residência Doenças do Aparelho Respiratório";"Marajó";"Breves";"-";"2017";35
"Social";"Saúde";"Óbitos por Residência Doenças do Aparelho Respiratório";"Marajó";"Breves";"-";"2018";51
"Social";"Saúde";"Óbitos por Residência Doenças do Aparelho Respiratório";"Marajó";"Breves";"-";"2019";45
"Social";"Saúde";"Óbitos por Residência Doenças do Aparelho Respiratório";"Marajó";"Breves";"-";"2020";29
"Social";"Saúde";"Óbitos por Residência Doenças do Aparelho Respiratório";"Marajó";"Breves";"-";"2021";34
"Social";"Saúde";"Óbitos por Residência Doenças do Aparelho Respiratório";"Marajó";"Breves";"-";"2022";40
"Social";"Saúde";"Óbitos por Residência Doenças do Aparelho Respiratório";"Marajó";"Breves";"-";"2023";36
"Social";"Saúde";"Óbitos por Residência Doenças do Aparelho Respiratório";"Marajó";"Breves";"-";"2024";39
"Social";"Saúde";"Óbitos por Residência Doenças do Aparelho Respiratório";"Rio Capim";"Bujaru";"-";"2008";7
"Social";"Saúde";"Óbitos por Residência Doenças do Aparelho Respiratório";"Rio Capim";"Bujaru";"-";"2009";8
"Social";"Saúde";"Óbitos por Residência Doenças do Aparelho Respiratório";"Rio Capim";"Bujaru";"-";"2010";11
"Social";"Saúde";"Óbitos por Residência Doenças do Aparelho Respiratório";"Rio Capim";"Bujaru";"-";"2012";13
"Social";"Saúde";"Óbitos por Residência Doenças do Aparelho Respiratório";"Rio Capim";"Bujaru";"-";"2013";8
"Social";"Saúde";"Óbitos por Residência Doenças do Aparelho Respiratório";"Rio Capim";"Bujaru";"-";"2014";8
"Social";"Saúde";"Óbitos por Residência Doenças do Aparelho Respiratório";"Rio Capim";"Bujaru";"-";"2015";10
"Social";"Saúde";"Óbitos por Residência Doenças do Aparelho Respiratório";"Rio Capim";"Bujaru";"-";"2016";10
"Social";"Saúde";"Óbitos por Residência Doenças do Aparelho Respiratório";"Rio Capim";"Bujaru";"-";"2017";10
"Social";"Saúde";"Óbitos por Residência Doenças do Aparelho Respiratório";"Rio Capim";"Bujaru";"-";"2018";17
"Social";"Saúde";"Óbitos por Residência Doenças do Aparelho Respiratório";"Rio Capim";"Bujaru";"-";"2019";5
"Social";"Saúde";"Óbitos por Residência Doenças do Aparelho Respiratório";"Rio Capim";"Bujaru";"-";"2020";16
"Social";"Saúde";"Óbitos por Residência Doenças do Aparelho Respiratório";"Rio Capim";"Bujaru";"-";"2021";16
"Social";"Saúde";"Óbitos por Residência Doenças do Aparelho Respiratório";"Rio Capim";"Bujaru";"-";"2022";11
"Social";"Saúde";"Óbitos por Residência Doenças do Aparelho Respiratório";"Rio Capim";"Bujaru";"-";"2023";8
"Social";"Saúde";"Óbitos por Residência Doenças do Aparelho Respiratório";"Rio Capim";"Bujaru";"-";"2024";12
"Social";"Saúde";"Óbitos por Residência Doenças do Aparelho Respiratório";"Marajó";"Cachoeira do Arari";"-";"2008";8
"Social";"Saúde";"Óbitos por Residência Doenças do Aparelho Respiratório";"Marajó";"Cachoeira do Arari";"-";"2009";7
"Social";"Saúde";"Óbitos por Residência Doenças do Aparelho Respiratório";"Marajó";"Cachoeira do Arari";"-";"2010";5
"Social";"Saúde";"Óbitos por Residência Doenças do Aparelho Respiratório";"Marajó";"Cachoeira do Arari";"-";"2012";6
"Social";"Saúde";"Óbitos por Residência Doenças do Aparelho Respiratório";"Marajó";"Cachoeira do Arari";"-";"2013";10
"Social";"Saúde";"Óbitos por Residência Doenças do Aparelho Respiratório";"Marajó";"Cachoeira do Arari";"-";"2014";7
"Social";"Saúde";"Óbitos por Residência Doenças do Aparelho Respiratório";"Marajó";"Cachoeira do Arari";"-";"2015";6
"Social";"Saúde";"Óbitos por Residência Doenças do Aparelho Respiratório";"Marajó";"Cachoeira do Arari";"-";"2016";8
"Social";"Saúde";"Óbitos por Residência Doenças do Aparelho Respiratório";"Marajó";"Cachoeira do Arari";"-";"2017";4
"Social";"Saúde";"Óbitos por Residência Doenças do Aparelho Respiratório";"Marajó";"Cachoeira do Arari";"-";"2018";9
"Social";"Saúde";"Óbitos por Residência Doenças do Aparelho Respiratório";"Marajó";"Cachoeira do Arari";"-";"2019";17
"Social";"Saúde";"Óbitos por Residência Doenças do Aparelho Respiratório";"Marajó";"Cachoeira do Arari";"-";"2020";5
"Social";"Saúde";"Óbitos por Residência Doenças do Aparelho Respiratório";"Marajó";"Cachoeira do Arari";"-";"2021";4
"Social";"Saúde";"Óbitos por Residência Doenças do Aparelho Respiratório";"Marajó";"Cachoeira do Arari";"-";"2022";10
"Social";"Saúde";"Óbitos por Residência Doenças do Aparelho Respiratório";"Marajó";"Cachoeira do Arari";"-";"2023";7
"Social";"Saúde";"Óbitos por Residência Doenças do Aparelho Respiratório";"Marajó";"Cachoeira do Arari";"-";"2024";11
"Social";"Saúde";"Óbitos por Residência Doenças do Aparelho Respiratório";"Rio Caeté";"Cachoeira do Piriá";"-";"2008";1
"Social";"Saúde";"Óbitos por Residência Doenças do Aparelho Respiratório";"Rio Caeté";"Cachoeira do Piriá";"-";"2009";4
"Social";"Saúde";"Óbitos por Residência Doenças do Aparelho Respiratório";"Rio Caeté";"Cachoeira do Piriá";"-";"2010";3
"Social";"Saúde";"Óbitos por Residência Doenças do Aparelho Respiratório";"Rio Caeté";"Cachoeira do Piriá";"-";"2012";3
"Social";"Saúde";"Óbitos por Residência Doenças do Aparelho Respiratório";"Rio Caeté";"Cachoeira do Piriá";"-";"2013";2
"Social";"Saúde";"Óbitos por Residência Doenças do Aparelho Respiratório";"Rio Caeté";"Cachoeira do Piriá";"-";"2014";6
"Social";"Saúde";"Óbitos por Residência Doenças do Aparelho Respiratório";"Rio Caeté";"Cachoeira do Piriá";"-";"2015";9
"Social";"Saúde";"Óbitos por Residência Doenças do Aparelho Respiratório";"Rio Caeté";"Cachoeira do Piriá";"-";"2016";0
"Social";"Saúde";"Óbitos por Residência Doenças do Aparelho Respiratório";"Rio Caeté";"Cachoeira do Piriá";"-";"2017";1
"Social";"Saúde";"Óbitos por Residência Doenças do Aparelho Respiratório";"Rio Caeté";"Cachoeira do Piriá";"-";"2018";1
"Social";"Saúde";"Óbitos por Residência Doenças do Aparelho Respiratório";"Rio Caeté";"Cachoeira do Piriá";"-";"2019";6
"Social";"Saúde";"Óbitos por Residência Doenças do Aparelho Respiratório";"Rio Caeté";"Cachoeira do Piriá";"-";"2020";11
"Social";"Saúde";"Óbitos por Residência Doenças do Aparelho Respiratório";"Rio Caeté";"Cachoeira do Piriá";"-";"2021";9
"Social";"Saúde";"Óbitos por Residência Doenças do Aparelho Respiratório";"Rio Caeté";"Cachoeira do Piriá";"-";"2022";6
"Social";"Saúde";"Óbitos por Residência Doenças do Aparelho Respiratório";"Rio Caeté";"Cachoeira do Piriá";"-";"2023";15
"Social";"Saúde";"Óbitos por Residência Doenças do Aparelho Respiratório";"Rio Caeté";"Cachoeira do Piriá";"-";"2024";10
"Social";"Saúde";"Óbitos por Residência Doenças do Aparelho Respiratório";"Tocantins";"Cametá";"-";"2008";50
"Social";"Saúde";"Óbitos por Residência Doenças do Aparelho Respiratório";"Tocantins";"Cametá";"-";"2009";65
"Social";"Saúde";"Óbitos por Residência Doenças do Aparelho Respiratório";"Tocantins";"Cametá";"-";"2010";47
"Social";"Saúde";"Óbitos por Residência Doenças do Aparelho Respiratório";"Tocantins";"Cametá";"-";"2012";58
"Social";"Saúde";"Óbitos por Residência Doenças do Aparelho Respiratório";"Tocantins";"Cametá";"-";"2013";45
"Social";"Saúde";"Óbitos por Residência Doenças do Aparelho Respiratório";"Tocantins";"Cametá";"-";"2014";41
"Social";"Saúde";"Óbitos por Residência Doenças do Aparelho Respiratório";"Tocantins";"Cametá";"-";"2015";51
"Social";"Saúde";"Óbitos por Residência Doenças do Aparelho Respiratório";"Tocantins";"Cametá";"-";"2016";57
"Social";"Saúde";"Óbitos por Residência Doenças do Aparelho Respiratório";"Tocantins";"Cametá";"-";"2017";68
"Social";"Saúde";"Óbitos por Residência Doenças do Aparelho Respiratório";"Tocantins";"Cametá";"-";"2018";66
"Social";"Saúde";"Óbitos por Residência Doenças do Aparelho Respiratório";"Tocantins";"Cametá";"-";"2019";64
"Social";"Saúde";"Óbitos por Residência Doenças do Aparelho Respiratório";"Tocantins";"Cametá";"-";"2020";79
"Social";"Saúde";"Óbitos por Residência Doenças do Aparelho Respiratório";"Tocantins";"Cametá";"-";"2021";48
"Social";"Saúde";"Óbitos por Residência Doenças do Aparelho Respiratório";"Tocantins";"Cametá";"-";"2022";97
"Social";"Saúde";"Óbitos por Residência Doenças do Aparelho Respiratório";"Tocantins";"Cametá";"-";"2023";94
"Social";"Saúde";"Óbitos por Residência Doenças do Aparelho Respiratório";"Tocantins";"Cametá";"-";"2024";93
"Social";"Saúde";"Óbitos por Residência Doenças do Aparelho Respiratório";"Carajás";"Canaã dos Carajás";"-";"2008";10
"Social";"Saúde";"Óbitos por Residência Doenças do Aparelho Respiratório";"Carajás";"Canaã dos Carajás";"-";"2009";7
"Social";"Saúde";"Óbitos por Residência Doenças do Aparelho Respiratório";"Carajás";"Canaã dos Carajás";"-";"2010";7
"Social";"Saúde";"Óbitos por Residência Doenças do Aparelho Respiratório";"Carajás";"Canaã dos Carajás";"-";"2012";13
"Social";"Saúde";"Óbitos por Residência Doenças do Aparelho Respiratório";"Carajás";"Canaã dos Carajás";"-";"2013";12
"Social";"Saúde";"Óbitos por Residência Doenças do Aparelho Respiratório";"Carajás";"Canaã dos Carajás";"-";"2014";16
"Social";"Saúde";"Óbitos por Residência Doenças do Aparelho Respiratório";"Carajás";"Canaã dos Carajás";"-";"2015";11
"Social";"Saúde";"Óbitos por Residência Doenças do Aparelho Respiratório";"Carajás";"Canaã dos Carajás";"-";"2016";9
"Social";"Saúde";"Óbitos por Residência Doenças do Aparelho Respiratório";"Carajás";"Canaã dos Carajás";"-";"2017";16
"Social";"Saúde";"Óbitos por Residência Doenças do Aparelho Respiratório";"Carajás";"Canaã dos Carajás";"-";"2018";13
"Social";"Saúde";"Óbitos por Residência Doenças do Aparelho Respiratório";"Carajás";"Canaã dos Carajás";"-";"2019";14
"Social";"Saúde";"Óbitos por Residência Doenças do Aparelho Respiratório";"Carajás";"Canaã dos Carajás";"-";"2020";17
"Social";"Saúde";"Óbitos por Residência Doenças do Aparelho Respiratório";"Carajás";"Canaã dos Carajás";"-";"2021";21
"Social";"Saúde";"Óbitos por Residência Doenças do Aparelho Respiratório";"Carajás";"Canaã dos Carajás";"-";"2022";27
"Social";"Saúde";"Óbitos por Residência Doenças do Aparelho Respiratório";"Carajás";"Canaã dos Carajás";"-";"2023";22
"Social";"Saúde";"Óbitos por Residência Doenças do Aparelho Respiratório";"Carajás";"Canaã dos Carajás";"-";"2024";25
"Social";"Saúde";"Óbitos por Residência Doenças do Aparelho Respiratório";"Rio Caeté";"Capanema";"-";"2008";16
"Social";"Saúde";"Óbitos por Residência Doenças do Aparelho Respiratório";"Rio Caeté";"Capanema";"-";"2009";28
"Social";"Saúde";"Óbitos por Residência Doenças do Aparelho Respiratório";"Rio Caeté";"Capanema";"-";"2010";27
"Social";"Saúde";"Óbitos por Residência Doenças do Aparelho Respiratório";"Rio Caeté";"Capanema";"-";"2012";33
"Social";"Saúde";"Óbitos por Residência Doenças do Aparelho Respiratório";"Rio Caeté";"Capanema";"-";"2013";40
"Social";"Saúde";"Óbitos por Residência Doenças do Aparelho Respiratório";"Rio Caeté";"Capanema";"-";"2014";26
"Social";"Saúde";"Óbitos por Residência Doenças do Aparelho Respiratório";"Rio Caeté";"Capanema";"-";"2015";51
"Social";"Saúde";"Óbitos por Residência Doenças do Aparelho Respiratório";"Rio Caeté";"Capanema";"-";"2016";48
"Social";"Saúde";"Óbitos por Residência Doenças do Aparelho Respiratório";"Rio Caeté";"Capanema";"-";"2017";38
"Social";"Saúde";"Óbitos por Residência Doenças do Aparelho Respiratório";"Rio Caeté";"Capanema";"-";"2018";47
"Social";"Saúde";"Óbitos por Residência Doenças do Aparelho Respiratório";"Rio Caeté";"Capanema";"-";"2019";45
"Social";"Saúde";"Óbitos por Residência Doenças do Aparelho Respiratório";"Rio Caeté";"Capanema";"-";"2020";45
"Social";"Saúde";"Óbitos por Residência Doenças do Aparelho Respiratório";"Rio Caeté";"Capanema";"-";"2021";48
"Social";"Saúde";"Óbitos por Residência Doenças do Aparelho Respiratório";"Rio Caeté";"Capanema";"-";"2022";59
"Social";"Saúde";"Óbitos por Residência Doenças do Aparelho Respiratório";"Rio Caeté";"Capanema";"-";"2023";47
"Social";"Saúde";"Óbitos por Residência Doenças do Aparelho Respiratório";"Rio Caeté";"Capanema";"-";"2024";54
"Social";"Saúde";"Óbitos por Residência Doenças do Aparelho Respiratório";"Rio Capim";"Capitão Poço";"-";"2008";4
"Social";"Saúde";"Óbitos por Residência Doenças do Aparelho Respiratório";"Rio Capim";"Capitão Poço";"-";"2009";9
"Social";"Saúde";"Óbitos por Residência Doenças do Aparelho Respiratório";"Rio Capim";"Capitão Poço";"-";"2010";10
"Social";"Saúde";"Óbitos por Residência Doenças do Aparelho Respiratório";"Rio Capim";"Capitão Poço";"-";"2012";11
"Social";"Saúde";"Óbitos por Residência Doenças do Aparelho Respiratório";"Rio Capim";"Capitão Poço";"-";"2013";12
"Social";"Saúde";"Óbitos por Residência Doenças do Aparelho Respiratório";"Rio Capim";"Capitão Poço";"-";"2014";12
"Social";"Saúde";"Óbitos por Residência Doenças do Aparelho Respiratório";"Rio Capim";"Capitão Poço";"-";"2015";16
"Social";"Saúde";"Óbitos por Residência Doenças do Aparelho Respiratório";"Rio Capim";"Capitão Poço";"-";"2016";8
"Social";"Saúde";"Óbitos por Residência Doenças do Aparelho Respiratório";"Rio Capim";"Capitão Poço";"-";"2017";34
"Social";"Saúde";"Óbitos por Residência Doenças do Aparelho Respiratório";"Rio Capim";"Capitão Poço";"-";"2018";18
"Social";"Saúde";"Óbitos por Residência Doenças do Aparelho Respiratório";"Rio Capim";"Capitão Poço";"-";"2019";18
"Social";"Saúde";"Óbitos por Residência Doenças do Aparelho Respiratório";"Rio Capim";"Capitão Poço";"-";"2020";11
"Social";"Saúde";"Óbitos por Residência Doenças do Aparelho Respiratório";"Rio Capim";"Capitão Poço";"-";"2021";11
"Social";"Saúde";"Óbitos por Residência Doenças do Aparelho Respiratório";"Rio Capim";"Capitão Poço";"-";"2022";17
"Social";"Saúde";"Óbitos por Residência Doenças do Aparelho Respiratório";"Rio Capim";"Capitão Poço";"-";"2023";16
"Social";"Saúde";"Óbitos por Residência Doenças do Aparelho Respiratório";"Rio Capim";"Capitão Poço";"-";"2024";29
"Social";"Saúde";"Óbitos por Residência Doenças do Aparelho Respiratório";"Guamá";"Castanhal";"-";"2008";55
"Social";"Saúde";"Óbitos por Residência Doenças do Aparelho Respiratório";"Guamá";"Castanhal";"-";"2009";70
"Social";"Saúde";"Óbitos por Residência Doenças do Aparelho Respiratório";"Guamá";"Castanhal";"-";"2010";86
"Social";"Saúde";"Óbitos por Residência Doenças do Aparelho Respiratório";"Guamá";"Castanhal";"-";"2012";70
"Social";"Saúde";"Óbitos por Residência Doenças do Aparelho Respiratório";"Guamá";"Castanhal";"-";"2013";96
"Social";"Saúde";"Óbitos por Residência Doenças do Aparelho Respiratório";"Guamá";"Castanhal";"-";"2014";93
"Social";"Saúde";"Óbitos por Residência Doenças do Aparelho Respiratório";"Guamá";"Castanhal";"-";"2015";114
"Social";"Saúde";"Óbitos por Residência Doenças do Aparelho Respiratório";"Guamá";"Castanhal";"-";"2016";101
"Social";"Saúde";"Óbitos por Residência Doenças do Aparelho Respiratório";"Guamá";"Castanhal";"-";"2017";101
"Social";"Saúde";"Óbitos por Residência Doenças do Aparelho Respiratório";"Guamá";"Castanhal";"-";"2018";107
"Social";"Saúde";"Óbitos por Residência Doenças do Aparelho Respiratório";"Guamá";"Castanhal";"-";"2019";98
"Social";"Saúde";"Óbitos por Residência Doenças do Aparelho Respiratório";"Guamá";"Castanhal";"-";"2020";153
"Social";"Saúde";"Óbitos por Residência Doenças do Aparelho Respiratório";"Guamá";"Castanhal";"-";"2021";114
"Social";"Saúde";"Óbitos por Residência Doenças do Aparelho Respiratório";"Guamá";"Castanhal";"-";"2022";125
"Social";"Saúde";"Óbitos por Residência Doenças do Aparelho Respiratório";"Guamá";"Castanhal";"-";"2023";121
"Social";"Saúde";"Óbitos por Residência Doenças do Aparelho Respiratório";"Guamá";"Castanhal";"-";"2024";112
"Social";"Saúde";"Óbitos por Residência Doenças do Aparelho Respiratório";"Marajó";"Chaves";"-";"2008";2
"Social";"Saúde";"Óbitos por Residência Doenças do Aparelho Respiratório";"Marajó";"Chaves";"-";"2009";1
"Social";"Saúde";"Óbitos por Residência Doenças do Aparelho Respiratório";"Marajó";"Chaves";"-";"2010";2
"Social";"Saúde";"Óbitos por Residência Doenças do Aparelho Respiratório";"Marajó";"Chaves";"-";"2012";6
"Social";"Saúde";"Óbitos por Residência Doenças do Aparelho Respiratório";"Marajó";"Chaves";"-";"2013";0
"Social";"Saúde";"Óbitos por Residência Doenças do Aparelho Respiratório";"Marajó";"Chaves";"-";"2014";0
"Social";"Saúde";"Óbitos por Residência Doenças do Aparelho Respiratório";"Marajó";"Chaves";"-";"2015";4
"Social";"Saúde";"Óbitos por Residência Doenças do Aparelho Respiratório";"Marajó";"Chaves";"-";"2016";2
"Social";"Saúde";"Óbitos por Residência Doenças do Aparelho Respiratório";"Marajó";"Chaves";"-";"2017";4
"Social";"Saúde";"Óbitos por Residência Doenças do Aparelho Respiratório";"Marajó";"Chaves";"-";"2018";2
"Social";"Saúde";"Óbitos por Residência Doenças do Aparelho Respiratório";"Marajó";"Chaves";"-";"2019";2
"Social";"Saúde";"Óbitos por Residência Doenças do Aparelho Respiratório";"Marajó";"Chaves";"-";"2020";2
"Social";"Saúde";"Óbitos por Residência Doenças do Aparelho Respiratório";"Marajó";"Chaves";"-";"2021";3
"Social";"Saúde";"Óbitos por Residência Doenças do Aparelho Respiratório";"Marajó";"Chaves";"-";"2022";2
"Social";"Saúde";"Óbitos por Residência Doenças do Aparelho Respiratório";"Marajó";"Chaves";"-";"2023";7
"Social";"Saúde";"Óbitos por Residência Doenças do Aparelho Respiratório";"Marajó";"Chaves";"-";"2024";4
"Social";"Saúde";"Óbitos por Residência Doenças do Aparelho Respiratório";"Guamá";"Colares";"-";"2008";6
"Social";"Saúde";"Óbitos por Residência Doenças do Aparelho Respiratório";"Guamá";"Colares";"-";"2009";7
"Social";"Saúde";"Óbitos por Residência Doenças do Aparelho Respiratório";"Guamá";"Colares";"-";"2010";0
"Social";"Saúde";"Óbitos por Residência Doenças do Aparelho Respiratório";"Guamá";"Colares";"-";"2012";12
"Social";"Saúde";"Óbitos por Residência Doenças do Aparelho Respiratório";"Guamá";"Colares";"-";"2013";10
"Social";"Saúde";"Óbitos por Residência Doenças do Aparelho Respiratório";"Guamá";"Colares";"-";"2014";10
"Social";"Saúde";"Óbitos por Residência Doenças do Aparelho Respiratório";"Guamá";"Colares";"-";"2015";6
"Social";"Saúde";"Óbitos por Residência Doenças do Aparelho Respiratório";"Guamá";"Colares";"-";"2016";9
"Social";"Saúde";"Óbitos por Residência Doenças do Aparelho Respiratório";"Guamá";"Colares";"-";"2017";10
"Social";"Saúde";"Óbitos por Residência Doenças do Aparelho Respiratório";"Guamá";"Colares";"-";"2018";8
"Social";"Saúde";"Óbitos por Residência Doenças do Aparelho Respiratório";"Guamá";"Colares";"-";"2019";1
"Social";"Saúde";"Óbitos por Residência Doenças do Aparelho Respiratório";"Guamá";"Colares";"-";"2020";9
"Social";"Saúde";"Óbitos por Residência Doenças do Aparelho Respiratório";"Guamá";"Colares";"-";"2021";9
"Social";"Saúde";"Óbitos por Residência Doenças do Aparelho Respiratório";"Guamá";"Colares";"-";"2022";7
"Social";"Saúde";"Óbitos por Residência Doenças do Aparelho Respiratório";"Guamá";"Colares";"-";"2023";4
"Social";"Saúde";"Óbitos por Residência Doenças do Aparelho Respiratório";"Guamá";"Colares";"-";"2024";11
"Social";"Saúde";"Óbitos por Residência Doenças do Aparelho Respiratório";"Araguaia";"Conceição do Araguaia";"-";"2008";15
"Social";"Saúde";"Óbitos por Residência Doenças do Aparelho Respiratório";"Araguaia";"Conceição do Araguaia";"-";"2009";21
"Social";"Saúde";"Óbitos por Residência Doenças do Aparelho Respiratório";"Araguaia";"Conceição do Araguaia";"-";"2010";15
"Social";"Saúde";"Óbitos por Residência Doenças do Aparelho Respiratório";"Araguaia";"Conceição do Araguaia";"-";"2012";15
"Social";"Saúde";"Óbitos por Residência Doenças do Aparelho Respiratório";"Araguaia";"Conceição do Araguaia";"-";"2013";25
"Social";"Saúde";"Óbitos por Residência Doenças do Aparelho Respiratório";"Araguaia";"Conceição do Araguaia";"-";"2014";24
"Social";"Saúde";"Óbitos por Residência Doenças do Aparelho Respiratório";"Araguaia";"Conceição do Araguaia";"-";"2015";18
"Social";"Saúde";"Óbitos por Residência Doenças do Aparelho Respiratório";"Araguaia";"Conceição do Araguaia";"-";"2016";22
"Social";"Saúde";"Óbitos por Residência Doenças do Aparelho Respiratório";"Araguaia";"Conceição do Araguaia";"-";"2017";28
"Social";"Saúde";"Óbitos por Residência Doenças do Aparelho Respiratório";"Araguaia";"Conceição do Araguaia";"-";"2018";28
"Social";"Saúde";"Óbitos por Residência Doenças do Aparelho Respiratório";"Araguaia";"Conceição do Araguaia";"-";"2019";27
"Social";"Saúde";"Óbitos por Residência Doenças do Aparelho Respiratório";"Araguaia";"Conceição do Araguaia";"-";"2020";28
"Social";"Saúde";"Óbitos por Residência Doenças do Aparelho Respiratório";"Araguaia";"Conceição do Araguaia";"-";"2021";21
"Social";"Saúde";"Óbitos por Residência Doenças do Aparelho Respiratório";"Araguaia";"Conceição do Araguaia";"-";"2022";39
"Social";"Saúde";"Óbitos por Residência Doenças do Aparelho Respiratório";"Araguaia";"Conceição do Araguaia";"-";"2023";30
"Social";"Saúde";"Óbitos por Residência Doenças do Aparelho Respiratório";"Araguaia";"Conceição do Araguaia";"-";"2024";26
"Social";"Saúde";"Óbitos por Residência Doenças do Aparelho Respiratório";"Rio Capim";"Concórdia do Pará";"-";"2008";5
"Social";"Saúde";"Óbitos por Residência Doenças do Aparelho Respiratório";"Rio Capim";"Concórdia do Pará";"-";"2009";13
"Social";"Saúde";"Óbitos por Residência Doenças do Aparelho Respiratório";"Rio Capim";"Concórdia do Pará";"-";"2010";8
"Social";"Saúde";"Óbitos por Residência Doenças do Aparelho Respiratório";"Rio Capim";"Concórdia do Pará";"-";"2012";6
"Social";"Saúde";"Óbitos por Residência Doenças do Aparelho Respiratório";"Rio Capim";"Concórdia do Pará";"-";"2013";4
"Social";"Saúde";"Óbitos por Residência Doenças do Aparelho Respiratório";"Rio Capim";"Concórdia do Pará";"-";"2014";6
"Social";"Saúde";"Óbitos por Residência Doenças do Aparelho Respiratório";"Rio Capim";"Concórdia do Pará";"-";"2015";10
"Social";"Saúde";"Óbitos por Residência Doenças do Aparelho Respiratório";"Rio Capim";"Concórdia do Pará";"-";"2016";11
"Social";"Saúde";"Óbitos por Residência Doenças do Aparelho Respiratório";"Rio Capim";"Concórdia do Pará";"-";"2017";13
"Social";"Saúde";"Óbitos por Residência Doenças do Aparelho Respiratório";"Rio Capim";"Concórdia do Pará";"-";"2018";6
"Social";"Saúde";"Óbitos por Residência Doenças do Aparelho Respiratório";"Rio Capim";"Concórdia do Pará";"-";"2019";6
"Social";"Saúde";"Óbitos por Residência Doenças do Aparelho Respiratório";"Rio Capim";"Concórdia do Pará";"-";"2020";8
"Social";"Saúde";"Óbitos por Residência Doenças do Aparelho Respiratório";"Rio Capim";"Concórdia do Pará";"-";"2021";11
"Social";"Saúde";"Óbitos por Residência Doenças do Aparelho Respiratório";"Rio Capim";"Concórdia do Pará";"-";"2022";13
"Social";"Saúde";"Óbitos por Residência Doenças do Aparelho Respiratório";"Rio Capim";"Concórdia do Pará";"-";"2023";9
"Social";"Saúde";"Óbitos por Residência Doenças do Aparelho Respiratório";"Rio Capim";"Concórdia do Pará";"-";"2024";19
"Social";"Saúde";"Óbitos por Residência Doenças do Aparelho Respiratório";"Araguaia";"Cumaru do Norte";"-";"2008";1
"Social";"Saúde";"Óbitos por Residência Doenças do Aparelho Respiratório";"Araguaia";"Cumaru do Norte";"-";"2009";0
"Social";"Saúde";"Óbitos por Residência Doenças do Aparelho Respiratório";"Araguaia";"Cumaru do Norte";"-";"2010";2
"Social";"Saúde";"Óbitos por Residência Doenças do Aparelho Respiratório";"Araguaia";"Cumaru do Norte";"-";"2012";3
"Social";"Saúde";"Óbitos por Residência Doenças do Aparelho Respiratório";"Araguaia";"Cumaru do Norte";"-";"2013";2
"Social";"Saúde";"Óbitos por Residência Doenças do Aparelho Respiratório";"Araguaia";"Cumaru do Norte";"-";"2014";4
"Social";"Saúde";"Óbitos por Residência Doenças do Aparelho Respiratório";"Araguaia";"Cumaru do Norte";"-";"2015";1
"Social";"Saúde";"Óbitos por Residência Doenças do Aparelho Respiratório";"Araguaia";"Cumaru do Norte";"-";"2016";4
"Social";"Saúde";"Óbitos por Residência Doenças do Aparelho Respiratório";"Araguaia";"Cumaru do Norte";"-";"2017";5
"Social";"Saúde";"Óbitos por Residência Doenças do Aparelho Respiratório";"Araguaia";"Cumaru do Norte";"-";"2018";6
"Social";"Saúde";"Óbitos por Residência Doenças do Aparelho Respiratório";"Araguaia";"Cumaru do Norte";"-";"2019";5
"Social";"Saúde";"Óbitos por Residência Doenças do Aparelho Respiratório";"Araguaia";"Cumaru do Norte";"-";"2020";6
"Social";"Saúde";"Óbitos por Residência Doenças do Aparelho Respiratório";"Araguaia";"Cumaru do Norte";"-";"2021";6
"Social";"Saúde";"Óbitos por Residência Doenças do Aparelho Respiratório";"Araguaia";"Cumaru do Norte";"-";"2022";11
"Social";"Saúde";"Óbitos por Residência Doenças do Aparelho Respiratório";"Araguaia";"Cumaru do Norte";"-";"2023";2
"Social";"Saúde";"Óbitos por Residência Doenças do Aparelho Respiratório";"Araguaia";"Cumaru do Norte";"-";"2024";6
"Social";"Saúde";"Óbitos por Residência Doenças do Aparelho Respiratório";"Carajás";"Curionópolis";"-";"2008";5
"Social";"Saúde";"Óbitos por Residência Doenças do Aparelho Respiratório";"Carajás";"Curionópolis";"-";"2009";10
"Social";"Saúde";"Óbitos por Residência Doenças do Aparelho Respiratório";"Carajás";"Curionópolis";"-";"2010";6
"Social";"Saúde";"Óbitos por Residência Doenças do Aparelho Respiratório";"Carajás";"Curionópolis";"-";"2012";13
"Social";"Saúde";"Óbitos por Residência Doenças do Aparelho Respiratório";"Carajás";"Curionópolis";"-";"2013";6
"Social";"Saúde";"Óbitos por Residência Doenças do Aparelho Respiratório";"Carajás";"Curionópolis";"-";"2014";6
"Social";"Saúde";"Óbitos por Residência Doenças do Aparelho Respiratório";"Carajás";"Curionópolis";"-";"2015";9
"Social";"Saúde";"Óbitos por Residência Doenças do Aparelho Respiratório";"Carajás";"Curionópolis";"-";"2016";7
"Social";"Saúde";"Óbitos por Residência Doenças do Aparelho Respiratório";"Carajás";"Curionópolis";"-";"2017";5
"Social";"Saúde";"Óbitos por Residência Doenças do Aparelho Respiratório";"Carajás";"Curionópolis";"-";"2018";6
"Social";"Saúde";"Óbitos por Residência Doenças do Aparelho Respiratório";"Carajás";"Curionópolis";"-";"2019";5
"Social";"Saúde";"Óbitos por Residência Doenças do Aparelho Respiratório";"Carajás";"Curionópolis";"-";"2020";18
"Social";"Saúde";"Óbitos por Residência Doenças do Aparelho Respiratório";"Carajás";"Curionópolis";"-";"2021";8
"Social";"Saúde";"Óbitos por Residência Doenças do Aparelho Respiratório";"Carajás";"Curionópolis";"-";"2022";16
"Social";"Saúde";"Óbitos por Residência Doenças do Aparelho Respiratório";"Carajás";"Curionópolis";"-";"2023";10
"Social";"Saúde";"Óbitos por Residência Doenças do Aparelho Respiratório";"Carajás";"Curionópolis";"-";"2024";18
"Social";"Saúde";"Óbitos por Residência Doenças do Aparelho Respiratório";"Marajó";"Curralinho";"-";"2008";5
"Social";"Saúde";"Óbitos por Residência Doenças do Aparelho Respiratório";"Marajó";"Curralinho";"-";"2009";8
"Social";"Saúde";"Óbitos por Residência Doenças do Aparelho Respiratório";"Marajó";"Curralinho";"-";"2010";11
"Social";"Saúde";"Óbitos por Residência Doenças do Aparelho Respiratório";"Marajó";"Curralinho";"-";"2012";4
"Social";"Saúde";"Óbitos por Residência Doenças do Aparelho Respiratório";"Marajó";"Curralinho";"-";"2013";7
"Social";"Saúde";"Óbitos por Residência Doenças do Aparelho Respiratório";"Marajó";"Curralinho";"-";"2014";7
"Social";"Saúde";"Óbitos por Residência Doenças do Aparelho Respiratório";"Marajó";"Curralinho";"-";"2015";9
"Social";"Saúde";"Óbitos por Residência Doenças do Aparelho Respiratório";"Marajó";"Curralinho";"-";"2016";7
"Social";"Saúde";"Óbitos por Residência Doenças do Aparelho Respiratório";"Marajó";"Curralinho";"-";"2017";9
"Social";"Saúde";"Óbitos por Residência Doenças do Aparelho Respiratório";"Marajó";"Curralinho";"-";"2018";2
"Social";"Saúde";"Óbitos por Residência Doenças do Aparelho Respiratório";"Marajó";"Curralinho";"-";"2019";13
"Social";"Saúde";"Óbitos por Residência Doenças do Aparelho Respiratório";"Marajó";"Curralinho";"-";"2020";14
"Social";"Saúde";"Óbitos por Residência Doenças do Aparelho Respiratório";"Marajó";"Curralinho";"-";"2021";5
"Social";"Saúde";"Óbitos por Residência Doenças do Aparelho Respiratório";"Marajó";"Curralinho";"-";"2022";12
"Social";"Saúde";"Óbitos por Residência Doenças do Aparelho Respiratório";"Marajó";"Curralinho";"-";"2023";11
"Social";"Saúde";"Óbitos por Residência Doenças do Aparelho Respiratório";"Marajó";"Curralinho";"-";"2024";12
"Social";"Saúde";"Óbitos por Residência Doenças do Aparelho Respiratório";"Baixo Amazonas";"Curuá";"-";"2008";1
"Social";"Saúde";"Óbitos por Residência Doenças do Aparelho Respiratório";"Baixo Amazonas";"Curuá";"-";"2009";1
"Social";"Saúde";"Óbitos por Residência Doenças do Aparelho Respiratório";"Baixo Amazonas";"Curuá";"-";"2010";0
"Social";"Saúde";"Óbitos por Residência Doenças do Aparelho Respiratório";"Baixo Amazonas";"Curuá";"-";"2012";0
"Social";"Saúde";"Óbitos por Residência Doenças do Aparelho Respiratório";"Baixo Amazonas";"Curuá";"-";"2013";2
"Social";"Saúde";"Óbitos por Residência Doenças do Aparelho Respiratório";"Baixo Amazonas";"Curuá";"-";"2014";0
"Social";"Saúde";"Óbitos por Residência Doenças do Aparelho Respiratório";"Baixo Amazonas";"Curuá";"-";"2015";1
"Social";"Saúde";"Óbitos por Residência Doenças do Aparelho Respiratório";"Baixo Amazonas";"Curuá";"-";"2016";2
"Social";"Saúde";"Óbitos por Residência Doenças do Aparelho Respiratório";"Baixo Amazonas";"Curuá";"-";"2017";3
"Social";"Saúde";"Óbitos por Residência Doenças do Aparelho Respiratório";"Baixo Amazonas";"Curuá";"-";"2018";4
"Social";"Saúde";"Óbitos por Residência Doenças do Aparelho Respiratório";"Baixo Amazonas";"Curuá";"-";"2019";9
"Social";"Saúde";"Óbitos por Residência Doenças do Aparelho Respiratório";"Baixo Amazonas";"Curuá";"-";"2020";4
"Social";"Saúde";"Óbitos por Residência Doenças do Aparelho Respiratório";"Baixo Amazonas";"Curuá";"-";"2021";3
"Social";"Saúde";"Óbitos por Residência Doenças do Aparelho Respiratório";"Baixo Amazonas";"Curuá";"-";"2022";6
"Social";"Saúde";"Óbitos por Residência Doenças do Aparelho Respiratório";"Baixo Amazonas";"Curuá";"-";"2023";10
"Social";"Saúde";"Óbitos por Residência Doenças do Aparelho Respiratório";"Baixo Amazonas";"Curuá";"-";"2024";5
"Social";"Saúde";"Óbitos por Residência Doenças do Aparelho Respiratório";"Guamá";"Curuçá";"-";"2008";8
"Social";"Saúde";"Óbitos por Residência Doenças do Aparelho Respiratório";"Guamá";"Curuçá";"-";"2009";8
"Social";"Saúde";"Óbitos por Residência Doenças do Aparelho Respiratório";"Guamá";"Curuçá";"-";"2010";8
"Social";"Saúde";"Óbitos por Residência Doenças do Aparelho Respiratório";"Guamá";"Curuçá";"-";"2012";9
"Social";"Saúde";"Óbitos por Residência Doenças do Aparelho Respiratório";"Guamá";"Curuçá";"-";"2013";11
"Social";"Saúde";"Óbitos por Residência Doenças do Aparelho Respiratório";"Guamá";"Curuçá";"-";"2014";15
"Social";"Saúde";"Óbitos por Residência Doenças do Aparelho Respiratório";"Guamá";"Curuçá";"-";"2015";17
"Social";"Saúde";"Óbitos por Residência Doenças do Aparelho Respiratório";"Guamá";"Curuçá";"-";"2016";11
"Social";"Saúde";"Óbitos por Residência Doenças do Aparelho Respiratório";"Guamá";"Curuçá";"-";"2017";26
"Social";"Saúde";"Óbitos por Residência Doenças do Aparelho Respiratório";"Guamá";"Curuçá";"-";"2018";19
"Social";"Saúde";"Óbitos por Residência Doenças do Aparelho Respiratório";"Guamá";"Curuçá";"-";"2019";26
"Social";"Saúde";"Óbitos por Residência Doenças do Aparelho Respiratório";"Guamá";"Curuçá";"-";"2020";25
"Social";"Saúde";"Óbitos por Residência Doenças do Aparelho Respiratório";"Guamá";"Curuçá";"-";"2021";27
"Social";"Saúde";"Óbitos por Residência Doenças do Aparelho Respiratório";"Guamá";"Curuçá";"-";"2022";32
"Social";"Saúde";"Óbitos por Residência Doenças do Aparelho Respiratório";"Guamá";"Curuçá";"-";"2023";33
"Social";"Saúde";"Óbitos por Residência Doenças do Aparelho Respiratório";"Guamá";"Curuçá";"-";"2024";26
"Social";"Saúde";"Óbitos por Residência Doenças do Aparelho Respiratório";"Rio Capim";"Dom Eliseu";"-";"2008";6
"Social";"Saúde";"Óbitos por Residência Doenças do Aparelho Respiratório";"Rio Capim";"Dom Eliseu";"-";"2009";8
"Social";"Saúde";"Óbitos por Residência Doenças do Aparelho Respiratório";"Rio Capim";"Dom Eliseu";"-";"2010";10
"Social";"Saúde";"Óbitos por Residência Doenças do Aparelho Respiratório";"Rio Capim";"Dom Eliseu";"-";"2012";5
"Social";"Saúde";"Óbitos por Residência Doenças do Aparelho Respiratório";"Rio Capim";"Dom Eliseu";"-";"2013";11
"Social";"Saúde";"Óbitos por Residência Doenças do Aparelho Respiratório";"Rio Capim";"Dom Eliseu";"-";"2014";8
"Social";"Saúde";"Óbitos por Residência Doenças do Aparelho Respiratório";"Rio Capim";"Dom Eliseu";"-";"2015";15
"Social";"Saúde";"Óbitos por Residência Doenças do Aparelho Respiratório";"Rio Capim";"Dom Eliseu";"-";"2016";9
"Social";"Saúde";"Óbitos por Residência Doenças do Aparelho Respiratório";"Rio Capim";"Dom Eliseu";"-";"2017";23
"Social";"Saúde";"Óbitos por Residência Doenças do Aparelho Respiratório";"Rio Capim";"Dom Eliseu";"-";"2018";18
"Social";"Saúde";"Óbitos por Residência Doenças do Aparelho Respiratório";"Rio Capim";"Dom Eliseu";"-";"2019";13
"Social";"Saúde";"Óbitos por Residência Doenças do Aparelho Respiratório";"Rio Capim";"Dom Eliseu";"-";"2020";21
"Social";"Saúde";"Óbitos por Residência Doenças do Aparelho Respiratório";"Rio Capim";"Dom Eliseu";"-";"2021";14
"Social";"Saúde";"Óbitos por Residência Doenças do Aparelho Respiratório";"Rio Capim";"Dom Eliseu";"-";"2022";22
"Social";"Saúde";"Óbitos por Residência Doenças do Aparelho Respiratório";"Rio Capim";"Dom Eliseu";"-";"2023";21
"Social";"Saúde";"Óbitos por Residência Doenças do Aparelho Respiratório";"Rio Capim";"Dom Eliseu";"-";"2024";29
"Social";"Saúde";"Óbitos por Residência Doenças do Aparelho Respiratório";"Carajás";"Eldorado do Carajás";"-";"2008";9
"Social";"Saúde";"Óbitos por Residência Doenças do Aparelho Respiratório";"Carajás";"Eldorado do Carajás";"-";"2009";13
"Social";"Saúde";"Óbitos por Residência Doenças do Aparelho Respiratório";"Carajás";"Eldorado do Carajás";"-";"2010";8
"Social";"Saúde";"Óbitos por Residência Doenças do Aparelho Respiratório";"Carajás";"Eldorado do Carajás";"-";"2012";12
"Social";"Saúde";"Óbitos por Residência Doenças do Aparelho Respiratório";"Carajás";"Eldorado do Carajás";"-";"2013";8
"Social";"Saúde";"Óbitos por Residência Doenças do Aparelho Respiratório";"Carajás";"Eldorado do Carajás";"-";"2014";10
"Social";"Saúde";"Óbitos por Residência Doenças do Aparelho Respiratório";"Carajás";"Eldorado do Carajás";"-";"2015";10
"Social";"Saúde";"Óbitos por Residência Doenças do Aparelho Respiratório";"Carajás";"Eldorado do Carajás";"-";"2016";10
"Social";"Saúde";"Óbitos por Residência Doenças do Aparelho Respiratório";"Carajás";"Eldorado do Carajás";"-";"2017";4
"Social";"Saúde";"Óbitos por Residência Doenças do Aparelho Respiratório";"Carajás";"Eldorado do Carajás";"-";"2018";11
"Social";"Saúde";"Óbitos por Residência Doenças do Aparelho Respiratório";"Carajás";"Eldorado do Carajás";"-";"2019";9
"Social";"Saúde";"Óbitos por Residência Doenças do Aparelho Respiratório";"Carajás";"Eldorado do Carajás";"-";"2020";8
"Social";"Saúde";"Óbitos por Residência Doenças do Aparelho Respiratório";"Carajás";"Eldorado do Carajás";"-";"2021";8
"Social";"Saúde";"Óbitos por Residência Doenças do Aparelho Respiratório";"Carajás";"Eldorado do Carajás";"-";"2022";13
"Social";"Saúde";"Óbitos por Residência Doenças do Aparelho Respiratório";"Carajás";"Eldorado do Carajás";"-";"2023";10
"Social";"Saúde";"Óbitos por Residência Doenças do Aparelho Respiratório";"Carajás";"Eldorado do Carajás";"-";"2024";16
"Social";"Saúde";"Óbitos por Residência Doenças do Aparelho Respiratório";"Baixo Amazonas";"Faro";"-";"2008";1
"Social";"Saúde";"Óbitos por Residência Doenças do Aparelho Respiratório";"Baixo Amazonas";"Faro";"-";"2009";2
"Social";"Saúde";"Óbitos por Residência Doenças do Aparelho Respiratório";"Baixo Amazonas";"Faro";"-";"2010";2
"Social";"Saúde";"Óbitos por Residência Doenças do Aparelho Respiratório";"Baixo Amazonas";"Faro";"-";"2012";2
"Social";"Saúde";"Óbitos por Residência Doenças do Aparelho Respiratório";"Baixo Amazonas";"Faro";"-";"2013";5
"Social";"Saúde";"Óbitos por Residência Doenças do Aparelho Respiratório";"Baixo Amazonas";"Faro";"-";"2014";0
"Social";"Saúde";"Óbitos por Residência Doenças do Aparelho Respiratório";"Baixo Amazonas";"Faro";"-";"2015";1
"Social";"Saúde";"Óbitos por Residência Doenças do Aparelho Respiratório";"Baixo Amazonas";"Faro";"-";"2016";0
"Social";"Saúde";"Óbitos por Residência Doenças do Aparelho Respiratório";"Baixo Amazonas";"Faro";"-";"2017";3
"Social";"Saúde";"Óbitos por Residência Doenças do Aparelho Respiratório";"Baixo Amazonas";"Faro";"-";"2018";2
"Social";"Saúde";"Óbitos por Residência Doenças do Aparelho Respiratório";"Baixo Amazonas";"Faro";"-";"2019";4
"Social";"Saúde";"Óbitos por Residência Doenças do Aparelho Respiratório";"Baixo Amazonas";"Faro";"-";"2020";3
"Social";"Saúde";"Óbitos por Residência Doenças do Aparelho Respiratório";"Baixo Amazonas";"Faro";"-";"2021";9
"Social";"Saúde";"Óbitos por Residência Doenças do Aparelho Respiratório";"Baixo Amazonas";"Faro";"-";"2022";5
"Social";"Saúde";"Óbitos por Residência Doenças do Aparelho Respiratório";"Baixo Amazonas";"Faro";"-";"2023";2
"Social";"Saúde";"Óbitos por Residência Doenças do Aparelho Respiratório";"Baixo Amazonas";"Faro";"-";"2024";6
"Social";"Saúde";"Óbitos por Residência Doenças do Aparelho Respiratório";"Araguaia";"Floresta do Araguaia";"-";"2008";0
"Social";"Saúde";"Óbitos por Residência Doenças do Aparelho Respiratório";"Araguaia";"Floresta do Araguaia";"-";"2009";1
"Social";"Saúde";"Óbitos por Residência Doenças do Aparelho Respiratório";"Araguaia";"Floresta do Araguaia";"-";"2010";3
"Social";"Saúde";"Óbitos por Residência Doenças do Aparelho Respiratório";"Araguaia";"Floresta do Araguaia";"-";"2012";5
"Social";"Saúde";"Óbitos por Residência Doenças do Aparelho Respiratório";"Araguaia";"Floresta do Araguaia";"-";"2013";4
"Social";"Saúde";"Óbitos por Residência Doenças do Aparelho Respiratório";"Araguaia";"Floresta do Araguaia";"-";"2014";10
"Social";"Saúde";"Óbitos por Residência Doenças do Aparelho Respiratório";"Araguaia";"Floresta do Araguaia";"-";"2015";3
"Social";"Saúde";"Óbitos por Residência Doenças do Aparelho Respiratório";"Araguaia";"Floresta do Araguaia";"-";"2016";5
"Social";"Saúde";"Óbitos por Residência Doenças do Aparelho Respiratório";"Araguaia";"Floresta do Araguaia";"-";"2017";3
"Social";"Saúde";"Óbitos por Residência Doenças do Aparelho Respiratório";"Araguaia";"Floresta do Araguaia";"-";"2018";7
"Social";"Saúde";"Óbitos por Residência Doenças do Aparelho Respiratório";"Araguaia";"Floresta do Araguaia";"-";"2019";5
"Social";"Saúde";"Óbitos por Residência Doenças do Aparelho Respiratório";"Araguaia";"Floresta do Araguaia";"-";"2020";9
"Social";"Saúde";"Óbitos por Residência Doenças do Aparelho Respiratório";"Araguaia";"Floresta do Araguaia";"-";"2021";5
"Social";"Saúde";"Óbitos por Residência Doenças do Aparelho Respiratório";"Araguaia";"Floresta do Araguaia";"-";"2022";14
"Social";"Saúde";"Óbitos por Residência Doenças do Aparelho Respiratório";"Araguaia";"Floresta do Araguaia";"-";"2023";6
"Social";"Saúde";"Óbitos por Residência Doenças do Aparelho Respiratório";"Araguaia";"Floresta do Araguaia";"-";"2024";8
"Social";"Saúde";"Óbitos por Residência Doenças do Aparelho Respiratório";"Rio Capim";"Garrafão do Norte";"-";"2008";1
"Social";"Saúde";"Óbitos por Residência Doenças do Aparelho Respiratório";"Rio Capim";"Garrafão do Norte";"-";"2009";2
"Social";"Saúde";"Óbitos por Residência Doenças do Aparelho Respiratório";"Rio Capim";"Garrafão do Norte";"-";"2010";6
"Social";"Saúde";"Óbitos por Residência Doenças do Aparelho Respiratório";"Rio Capim";"Garrafão do Norte";"-";"2012";5
"Social";"Saúde";"Óbitos por Residência Doenças do Aparelho Respiratório";"Rio Capim";"Garrafão do Norte";"-";"2013";1
"Social";"Saúde";"Óbitos por Residência Doenças do Aparelho Respiratório";"Rio Capim";"Garrafão do Norte";"-";"2014";11
"Social";"Saúde";"Óbitos por Residência Doenças do Aparelho Respiratório";"Rio Capim";"Garrafão do Norte";"-";"2015";3
"Social";"Saúde";"Óbitos por Residência Doenças do Aparelho Respiratório";"Rio Capim";"Garrafão do Norte";"-";"2016";7
"Social";"Saúde";"Óbitos por Residência Doenças do Aparelho Respiratório";"Rio Capim";"Garrafão do Norte";"-";"2017";7
"Social";"Saúde";"Óbitos por Residência Doenças do Aparelho Respiratório";"Rio Capim";"Garrafão do Norte";"-";"2018";8
"Social";"Saúde";"Óbitos por Residência Doenças do Aparelho Respiratório";"Rio Capim";"Garrafão do Norte";"-";"2019";6
"Social";"Saúde";"Óbitos por Residência Doenças do Aparelho Respiratório";"Rio Capim";"Garrafão do Norte";"-";"2020";6
"Social";"Saúde";"Óbitos por Residência Doenças do Aparelho Respiratório";"Rio Capim";"Garrafão do Norte";"-";"2021";10
"Social";"Saúde";"Óbitos por Residência Doenças do Aparelho Respiratório";"Rio Capim";"Garrafão do Norte";"-";"2022";8
"Social";"Saúde";"Óbitos por Residência Doenças do Aparelho Respiratório";"Rio Capim";"Garrafão do Norte";"-";"2023";13
"Social";"Saúde";"Óbitos por Residência Doenças do Aparelho Respiratório";"Rio Capim";"Garrafão do Norte";"-";"2024";9
"Social";"Saúde";"Óbitos por Residência Doenças do Aparelho Respiratório";"Lago de Tucuruí";"Goianésia do Pará";"-";"2008";4
"Social";"Saúde";"Óbitos por Residência Doenças do Aparelho Respiratório";"Lago de Tucuruí";"Goianésia do Pará";"-";"2009";8
"Social";"Saúde";"Óbitos por Residência Doenças do Aparelho Respiratório";"Lago de Tucuruí";"Goianésia do Pará";"-";"2010";6
"Social";"Saúde";"Óbitos por Residência Doenças do Aparelho Respiratório";"Lago de Tucuruí";"Goianésia do Pará";"-";"2012";5
"Social";"Saúde";"Óbitos por Residência Doenças do Aparelho Respiratório";"Lago de Tucuruí";"Goianésia do Pará";"-";"2013";7
"Social";"Saúde";"Óbitos por Residência Doenças do Aparelho Respiratório";"Lago de Tucuruí";"Goianésia do Pará";"-";"2014";5
"Social";"Saúde";"Óbitos por Residência Doenças do Aparelho Respiratório";"Lago de Tucuruí";"Goianésia do Pará";"-";"2015";6
"Social";"Saúde";"Óbitos por Residência Doenças do Aparelho Respiratório";"Lago de Tucuruí";"Goianésia do Pará";"-";"2016";13
"Social";"Saúde";"Óbitos por Residência Doenças do Aparelho Respiratório";"Lago de Tucuruí";"Goianésia do Pará";"-";"2017";4
"Social";"Saúde";"Óbitos por Residência Doenças do Aparelho Respiratório";"Lago de Tucuruí";"Goianésia do Pará";"-";"2018";5
"Social";"Saúde";"Óbitos por Residência Doenças do Aparelho Respiratório";"Lago de Tucuruí";"Goianésia do Pará";"-";"2019";5
"Social";"Saúde";"Óbitos por Residência Doenças do Aparelho Respiratório";"Lago de Tucuruí";"Goianésia do Pará";"-";"2020";11
"Social";"Saúde";"Óbitos por Residência Doenças do Aparelho Respiratório";"Lago de Tucuruí";"Goianésia do Pará";"-";"2021";11
"Social";"Saúde";"Óbitos por Residência Doenças do Aparelho Respiratório";"Lago de Tucuruí";"Goianésia do Pará";"-";"2022";16
"Social";"Saúde";"Óbitos por Residência Doenças do Aparelho Respiratório";"Lago de Tucuruí";"Goianésia do Pará";"-";"2023";13
"Social";"Saúde";"Óbitos por Residência Doenças do Aparelho Respiratório";"Lago de Tucuruí";"Goianésia do Pará";"-";"2024";7
"Social";"Saúde";"Óbitos por Residência Doenças do Aparelho Respiratório";"Marajó";"Gurupá";"-";"2008";2
"Social";"Saúde";"Óbitos por Residência Doenças do Aparelho Respiratório";"Marajó";"Gurupá";"-";"2009";2
"Social";"Saúde";"Óbitos por Residência Doenças do Aparelho Respiratório";"Marajó";"Gurupá";"-";"2010";2
"Social";"Saúde";"Óbitos por Residência Doenças do Aparelho Respiratório";"Marajó";"Gurupá";"-";"2012";3
"Social";"Saúde";"Óbitos por Residência Doenças do Aparelho Respiratório";"Marajó";"Gurupá";"-";"2013";5
"Social";"Saúde";"Óbitos por Residência Doenças do Aparelho Respiratório";"Marajó";"Gurupá";"-";"2014";3
"Social";"Saúde";"Óbitos por Residência Doenças do Aparelho Respiratório";"Marajó";"Gurupá";"-";"2015";3
"Social";"Saúde";"Óbitos por Residência Doenças do Aparelho Respiratório";"Marajó";"Gurupá";"-";"2016";6
"Social";"Saúde";"Óbitos por Residência Doenças do Aparelho Respiratório";"Marajó";"Gurupá";"-";"2017";5
"Social";"Saúde";"Óbitos por Residência Doenças do Aparelho Respiratório";"Marajó";"Gurupá";"-";"2018";17
"Social";"Saúde";"Óbitos por Residência Doenças do Aparelho Respiratório";"Marajó";"Gurupá";"-";"2019";13
"Social";"Saúde";"Óbitos por Residência Doenças do Aparelho Respiratório";"Marajó";"Gurupá";"-";"2020";12
"Social";"Saúde";"Óbitos por Residência Doenças do Aparelho Respiratório";"Marajó";"Gurupá";"-";"2021";10
"Social";"Saúde";"Óbitos por Residência Doenças do Aparelho Respiratório";"Marajó";"Gurupá";"-";"2022";8
"Social";"Saúde";"Óbitos por Residência Doenças do Aparelho Respiratório";"Marajó";"Gurupá";"-";"2023";7
"Social";"Saúde";"Óbitos por Residência Doenças do Aparelho Respiratório";"Marajó";"Gurupá";"-";"2024";7
"Social";"Saúde";"Óbitos por Residência Doenças do Aparelho Respiratório";"Guamá";"Igarapé-Açu";"-";"2008";12
"Social";"Saúde";"Óbitos por Residência Doenças do Aparelho Respiratório";"Guamá";"Igarapé-Açu";"-";"2009";15
"Social";"Saúde";"Óbitos por Residência Doenças do Aparelho Respiratório";"Guamá";"Igarapé-Açu";"-";"2010";22
"Social";"Saúde";"Óbitos por Residência Doenças do Aparelho Respiratório";"Guamá";"Igarapé-Açu";"-";"2012";21
"Social";"Saúde";"Óbitos por Residência Doenças do Aparelho Respiratório";"Guamá";"Igarapé-Açu";"-";"2013";22
"Social";"Saúde";"Óbitos por Residência Doenças do Aparelho Respiratório";"Guamá";"Igarapé-Açu";"-";"2014";22
"Social";"Saúde";"Óbitos por Residência Doenças do Aparelho Respiratório";"Guamá";"Igarapé-Açu";"-";"2015";25
"Social";"Saúde";"Óbitos por Residência Doenças do Aparelho Respiratório";"Guamá";"Igarapé-Açu";"-";"2016";26
"Social";"Saúde";"Óbitos por Residência Doenças do Aparelho Respiratório";"Guamá";"Igarapé-Açu";"-";"2017";24
"Social";"Saúde";"Óbitos por Residência Doenças do Aparelho Respiratório";"Guamá";"Igarapé-Açu";"-";"2018";35
"Social";"Saúde";"Óbitos por Residência Doenças do Aparelho Respiratório";"Guamá";"Igarapé-Açu";"-";"2019";29
"Social";"Saúde";"Óbitos por Residência Doenças do Aparelho Respiratório";"Guamá";"Igarapé-Açu";"-";"2020";35
"Social";"Saúde";"Óbitos por Residência Doenças do Aparelho Respiratório";"Guamá";"Igarapé-Açu";"-";"2021";31
"Social";"Saúde";"Óbitos por Residência Doenças do Aparelho Respiratório";"Guamá";"Igarapé-Açu";"-";"2022";38
"Social";"Saúde";"Óbitos por Residência Doenças do Aparelho Respiratório";"Guamá";"Igarapé-Açu";"-";"2023";31
"Social";"Saúde";"Óbitos por Residência Doenças do Aparelho Respiratório";"Guamá";"Igarapé-Açu";"-";"2024";31
"Social";"Saúde";"Óbitos por Residência Doenças do Aparelho Respiratório";"Tocantins";"Igarapé-Miri";"-";"2008";12
"Social";"Saúde";"Óbitos por Residência Doenças do Aparelho Respiratório";"Tocantins";"Igarapé-Miri";"-";"2009";10
"Social";"Saúde";"Óbitos por Residência Doenças do Aparelho Respiratório";"Tocantins";"Igarapé-Miri";"-";"2010";16
"Social";"Saúde";"Óbitos por Residência Doenças do Aparelho Respiratório";"Tocantins";"Igarapé-Miri";"-";"2012";19
"Social";"Saúde";"Óbitos por Residência Doenças do Aparelho Respiratório";"Tocantins";"Igarapé-Miri";"-";"2013";22
"Social";"Saúde";"Óbitos por Residência Doenças do Aparelho Respiratório";"Tocantins";"Igarapé-Miri";"-";"2014";22
"Social";"Saúde";"Óbitos por Residência Doenças do Aparelho Respiratório";"Tocantins";"Igarapé-Miri";"-";"2015";21
"Social";"Saúde";"Óbitos por Residência Doenças do Aparelho Respiratório";"Tocantins";"Igarapé-Miri";"-";"2016";23
"Social";"Saúde";"Óbitos por Residência Doenças do Aparelho Respiratório";"Tocantins";"Igarapé-Miri";"-";"2017";21
"Social";"Saúde";"Óbitos por Residência Doenças do Aparelho Respiratório";"Tocantins";"Igarapé-Miri";"-";"2018";32
"Social";"Saúde";"Óbitos por Residência Doenças do Aparelho Respiratório";"Tocantins";"Igarapé-Miri";"-";"2019";26
"Social";"Saúde";"Óbitos por Residência Doenças do Aparelho Respiratório";"Tocantins";"Igarapé-Miri";"-";"2020";44
"Social";"Saúde";"Óbitos por Residência Doenças do Aparelho Respiratório";"Tocantins";"Igarapé-Miri";"-";"2021";25
"Social";"Saúde";"Óbitos por Residência Doenças do Aparelho Respiratório";"Tocantins";"Igarapé-Miri";"-";"2022";23
"Social";"Saúde";"Óbitos por Residência Doenças do Aparelho Respiratório";"Tocantins";"Igarapé-Miri";"-";"2023";33
"Social";"Saúde";"Óbitos por Residência Doenças do Aparelho Respiratório";"Tocantins";"Igarapé-Miri";"-";"2024";38
"Social";"Saúde";"Óbitos por Residência Doenças do Aparelho Respiratório";"Guamá";"Inhangapi";"-";"2008";2
"Social";"Saúde";"Óbitos por Residência Doenças do Aparelho Respiratório";"Guamá";"Inhangapi";"-";"2009";5
"Social";"Saúde";"Óbitos por Residência Doenças do Aparelho Respiratório";"Guamá";"Inhangapi";"-";"2010";7
"Social";"Saúde";"Óbitos por Residência Doenças do Aparelho Respiratório";"Guamá";"Inhangapi";"-";"2012";3
"Social";"Saúde";"Óbitos por Residência Doenças do Aparelho Respiratório";"Guamá";"Inhangapi";"-";"2013";2
"Social";"Saúde";"Óbitos por Residência Doenças do Aparelho Respiratório";"Guamá";"Inhangapi";"-";"2014";3
"Social";"Saúde";"Óbitos por Residência Doenças do Aparelho Respiratório";"Guamá";"Inhangapi";"-";"2015";4
"Social";"Saúde";"Óbitos por Residência Doenças do Aparelho Respiratório";"Guamá";"Inhangapi";"-";"2016";5
"Social";"Saúde";"Óbitos por Residência Doenças do Aparelho Respiratório";"Guamá";"Inhangapi";"-";"2017";4
"Social";"Saúde";"Óbitos por Residência Doenças do Aparelho Respiratório";"Guamá";"Inhangapi";"-";"2018";10
"Social";"Saúde";"Óbitos por Residência Doenças do Aparelho Respiratório";"Guamá";"Inhangapi";"-";"2019";3
"Social";"Saúde";"Óbitos por Residência Doenças do Aparelho Respiratório";"Guamá";"Inhangapi";"-";"2020";6
"Social";"Saúde";"Óbitos por Residência Doenças do Aparelho Respiratório";"Guamá";"Inhangapi";"-";"2021";0
"Social";"Saúde";"Óbitos por Residência Doenças do Aparelho Respiratório";"Guamá";"Inhangapi";"-";"2022";8
"Social";"Saúde";"Óbitos por Residência Doenças do Aparelho Respiratório";"Guamá";"Inhangapi";"-";"2023";7
"Social";"Saúde";"Óbitos por Residência Doenças do Aparelho Respiratório";"Guamá";"Inhangapi";"-";"2024";6
"Social";"Saúde";"Óbitos por Residência Doenças do Aparelho Respiratório";"Rio Capim";"Ipixuna do Pará";"-";"2008";5
"Social";"Saúde";"Óbitos por Residência Doenças do Aparelho Respiratório";"Rio Capim";"Ipixuna do Pará";"-";"2009";5
"Social";"Saúde";"Óbitos por Residência Doenças do Aparelho Respiratório";"Rio Capim";"Ipixuna do Pará";"-";"2010";4
"Social";"Saúde";"Óbitos por Residência Doenças do Aparelho Respiratório";"Rio Capim";"Ipixuna do Pará";"-";"2012";12
"Social";"Saúde";"Óbitos por Residência Doenças do Aparelho Respiratório";"Rio Capim";"Ipixuna do Pará";"-";"2013";16
"Social";"Saúde";"Óbitos por Residência Doenças do Aparelho Respiratório";"Rio Capim";"Ipixuna do Pará";"-";"2014";16
"Social";"Saúde";"Óbitos por Residência Doenças do Aparelho Respiratório";"Rio Capim";"Ipixuna do Pará";"-";"2015";10
"Social";"Saúde";"Óbitos por Residência Doenças do Aparelho Respiratório";"Rio Capim";"Ipixuna do Pará";"-";"2016";9
"Social";"Saúde";"Óbitos por Residência Doenças do Aparelho Respiratório";"Rio Capim";"Ipixuna do Pará";"-";"2017";7
"Social";"Saúde";"Óbitos por Residência Doenças do Aparelho Respiratório";"Rio Capim";"Ipixuna do Pará";"-";"2018";11
"Social";"Saúde";"Óbitos por Residência Doenças do Aparelho Respiratório";"Rio Capim";"Ipixuna do Pará";"-";"2019";5
"Social";"Saúde";"Óbitos por Residência Doenças do Aparelho Respiratório";"Rio Capim";"Ipixuna do Pará";"-";"2020";11
"Social";"Saúde";"Óbitos por Residência Doenças do Aparelho Respiratório";"Rio Capim";"Ipixuna do Pará";"-";"2021";17
"Social";"Saúde";"Óbitos por Residência Doenças do Aparelho Respiratório";"Rio Capim";"Ipixuna do Pará";"-";"2022";9
"Social";"Saúde";"Óbitos por Residência Doenças do Aparelho Respiratório";"Rio Capim";"Ipixuna do Pará";"-";"2023";11
"Social";"Saúde";"Óbitos por Residência Doenças do Aparelho Respiratório";"Rio Capim";"Ipixuna do Pará";"-";"2024";13
"Social";"Saúde";"Óbitos por Residência Doenças do Aparelho Respiratório";"Rio Capim";"Irituia";"-";"2008";5
"Social";"Saúde";"Óbitos por Residência Doenças do Aparelho Respiratório";"Rio Capim";"Irituia";"-";"2009";4
"Social";"Saúde";"Óbitos por Residência Doenças do Aparelho Respiratório";"Rio Capim";"Irituia";"-";"2010";7
"Social";"Saúde";"Óbitos por Residência Doenças do Aparelho Respiratório";"Rio Capim";"Irituia";"-";"2012";12
"Social";"Saúde";"Óbitos por Residência Doenças do Aparelho Respiratório";"Rio Capim";"Irituia";"-";"2013";8
"Social";"Saúde";"Óbitos por Residência Doenças do Aparelho Respiratório";"Rio Capim";"Irituia";"-";"2014";12
"Social";"Saúde";"Óbitos por Residência Doenças do Aparelho Respiratório";"Rio Capim";"Irituia";"-";"2015";15
"Social";"Saúde";"Óbitos por Residência Doenças do Aparelho Respiratório";"Rio Capim";"Irituia";"-";"2016";11
"Social";"Saúde";"Óbitos por Residência Doenças do Aparelho Respiratório";"Rio Capim";"Irituia";"-";"2017";22
"Social";"Saúde";"Óbitos por Residência Doenças do Aparelho Respiratório";"Rio Capim";"Irituia";"-";"2018";12
"Social";"Saúde";"Óbitos por Residência Doenças do Aparelho Respiratório";"Rio Capim";"Irituia";"-";"2019";15
"Social";"Saúde";"Óbitos por Residência Doenças do Aparelho Respiratório";"Rio Capim";"Irituia";"-";"2020";17
"Social";"Saúde";"Óbitos por Residência Doenças do Aparelho Respiratório";"Rio Capim";"Irituia";"-";"2021";26
"Social";"Saúde";"Óbitos por Residência Doenças do Aparelho Respiratório";"Rio Capim";"Irituia";"-";"2022";25
"Social";"Saúde";"Óbitos por Residência Doenças do Aparelho Respiratório";"Rio Capim";"Irituia";"-";"2023";23
"Social";"Saúde";"Óbitos por Residência Doenças do Aparelho Respiratório";"Rio Capim";"Irituia";"-";"2024";12
"Social";"Saúde";"Óbitos por Residência Doenças do Aparelho Respiratório";"Tapajós";"Itaituba";"-";"2008";26
"Social";"Saúde";"Óbitos por Residência Doenças do Aparelho Respiratório";"Tapajós";"Itaituba";"-";"2009";20
"Social";"Saúde";"Óbitos por Residência Doenças do Aparelho Respiratório";"Tapajós";"Itaituba";"-";"2010";26
"Social";"Saúde";"Óbitos por Residência Doenças do Aparelho Respiratório";"Tapajós";"Itaituba";"-";"2012";28
"Social";"Saúde";"Óbitos por Residência Doenças do Aparelho Respiratório";"Tapajós";"Itaituba";"-";"2013";34
"Social";"Saúde";"Óbitos por Residência Doenças do Aparelho Respiratório";"Tapajós";"Itaituba";"-";"2014";21
"Social";"Saúde";"Óbitos por Residência Doenças do Aparelho Respiratório";"Tapajós";"Itaituba";"-";"2015";35
"Social";"Saúde";"Óbitos por Residência Doenças do Aparelho Respiratório";"Tapajós";"Itaituba";"-";"2016";36
"Social";"Saúde";"Óbitos por Residência Doenças do Aparelho Respiratório";"Tapajós";"Itaituba";"-";"2017";47
"Social";"Saúde";"Óbitos por Residência Doenças do Aparelho Respiratório";"Tapajós";"Itaituba";"-";"2018";56
"Social";"Saúde";"Óbitos por Residência Doenças do Aparelho Respiratório";"Tapajós";"Itaituba";"-";"2019";45
"Social";"Saúde";"Óbitos por Residência Doenças do Aparelho Respiratório";"Tapajós";"Itaituba";"-";"2020";36
"Social";"Saúde";"Óbitos por Residência Doenças do Aparelho Respiratório";"Tapajós";"Itaituba";"-";"2021";57
"Social";"Saúde";"Óbitos por Residência Doenças do Aparelho Respiratório";"Tapajós";"Itaituba";"-";"2022";71
"Social";"Saúde";"Óbitos por Residência Doenças do Aparelho Respiratório";"Tapajós";"Itaituba";"-";"2023";85
"Social";"Saúde";"Óbitos por Residência Doenças do Aparelho Respiratório";"Tapajós";"Itaituba";"-";"2024";73
"Social";"Saúde";"Óbitos por Residência Doenças do Aparelho Respiratório";"Lago de Tucuruí";"Itupiranga";"-";"2008";15
"Social";"Saúde";"Óbitos por Residência Doenças do Aparelho Respiratório";"Lago de Tucuruí";"Itupiranga";"-";"2009";19
"Social";"Saúde";"Óbitos por Residência Doenças do Aparelho Respiratório";"Lago de Tucuruí";"Itupiranga";"-";"2010";7
"Social";"Saúde";"Óbitos por Residência Doenças do Aparelho Respiratório";"Lago de Tucuruí";"Itupiranga";"-";"2012";13
"Social";"Saúde";"Óbitos por Residência Doenças do Aparelho Respiratório";"Lago de Tucuruí";"Itupiranga";"-";"2013";8
"Social";"Saúde";"Óbitos por Residência Doenças do Aparelho Respiratório";"Lago de Tucuruí";"Itupiranga";"-";"2014";14
"Social";"Saúde";"Óbitos por Residência Doenças do Aparelho Respiratório";"Lago de Tucuruí";"Itupiranga";"-";"2015";10
"Social";"Saúde";"Óbitos por Residência Doenças do Aparelho Respiratório";"Lago de Tucuruí";"Itupiranga";"-";"2016";11
"Social";"Saúde";"Óbitos por Residência Doenças do Aparelho Respiratório";"Lago de Tucuruí";"Itupiranga";"-";"2017";18
"Social";"Saúde";"Óbitos por Residência Doenças do Aparelho Respiratório";"Lago de Tucuruí";"Itupiranga";"-";"2018";14
"Social";"Saúde";"Óbitos por Residência Doenças do Aparelho Respiratório";"Lago de Tucuruí";"Itupiranga";"-";"2019";25
"Social";"Saúde";"Óbitos por Residência Doenças do Aparelho Respiratório";"Lago de Tucuruí";"Itupiranga";"-";"2020";28
"Social";"Saúde";"Óbitos por Residência Doenças do Aparelho Respiratório";"Lago de Tucuruí";"Itupiranga";"-";"2021";26
"Social";"Saúde";"Óbitos por Residência Doenças do Aparelho Respiratório";"Lago de Tucuruí";"Itupiranga";"-";"2022";27
"Social";"Saúde";"Óbitos por Residência Doenças do Aparelho Respiratório";"Lago de Tucuruí";"Itupiranga";"-";"2023";26
"Social";"Saúde";"Óbitos por Residência Doenças do Aparelho Respiratório";"Lago de Tucuruí";"Itupiranga";"-";"2024";18
"Social";"Saúde";"Óbitos por Residência Doenças do Aparelho Respiratório";"Tapajós";"Jacareacanga";"-";"2008";4
"Social";"Saúde";"Óbitos por Residência Doenças do Aparelho Respiratório";"Tapajós";"Jacareacanga";"-";"2009";9
"Social";"Saúde";"Óbitos por Residência Doenças do Aparelho Respiratório";"Tapajós";"Jacareacanga";"-";"2010";7
"Social";"Saúde";"Óbitos por Residência Doenças do Aparelho Respiratório";"Tapajós";"Jacareacanga";"-";"2012";8
"Social";"Saúde";"Óbitos por Residência Doenças do Aparelho Respiratório";"Tapajós";"Jacareacanga";"-";"2013";5
"Social";"Saúde";"Óbitos por Residência Doenças do Aparelho Respiratório";"Tapajós";"Jacareacanga";"-";"2014";13
"Social";"Saúde";"Óbitos por Residência Doenças do Aparelho Respiratório";"Tapajós";"Jacareacanga";"-";"2015";8
"Social";"Saúde";"Óbitos por Residência Doenças do Aparelho Respiratório";"Tapajós";"Jacareacanga";"-";"2016";11
"Social";"Saúde";"Óbitos por Residência Doenças do Aparelho Respiratório";"Tapajós";"Jacareacanga";"-";"2017";8
"Social";"Saúde";"Óbitos por Residência Doenças do Aparelho Respiratório";"Tapajós";"Jacareacanga";"-";"2018";8
"Social";"Saúde";"Óbitos por Residência Doenças do Aparelho Respiratório";"Tapajós";"Jacareacanga";"-";"2019";4
"Social";"Saúde";"Óbitos por Residência Doenças do Aparelho Respiratório";"Tapajós";"Jacareacanga";"-";"2020";5
"Social";"Saúde";"Óbitos por Residência Doenças do Aparelho Respiratório";"Tapajós";"Jacareacanga";"-";"2021";17
"Social";"Saúde";"Óbitos por Residência Doenças do Aparelho Respiratório";"Tapajós";"Jacareacanga";"-";"2022";4
"Social";"Saúde";"Óbitos por Residência Doenças do Aparelho Respiratório";"Tapajós";"Jacareacanga";"-";"2023";3
"Social";"Saúde";"Óbitos por Residência Doenças do Aparelho Respiratório";"Tapajós";"Jacareacanga";"-";"2024";13
"Social";"Saúde";"Óbitos por Residência Doenças do Aparelho Respiratório";"Lago de Tucuruí";"Jacundá";"-";"2008";18
"Social";"Saúde";"Óbitos por Residência Doenças do Aparelho Respiratório";"Lago de Tucuruí";"Jacundá";"-";"2009";15
"Social";"Saúde";"Óbitos por Residência Doenças do Aparelho Respiratório";"Lago de Tucuruí";"Jacundá";"-";"2010";18
"Social";"Saúde";"Óbitos por Residência Doenças do Aparelho Respiratório";"Lago de Tucuruí";"Jacundá";"-";"2012";13
"Social";"Saúde";"Óbitos por Residência Doenças do Aparelho Respiratório";"Lago de Tucuruí";"Jacundá";"-";"2013";13
"Social";"Saúde";"Óbitos por Residência Doenças do Aparelho Respiratório";"Lago de Tucuruí";"Jacundá";"-";"2014";6
"Social";"Saúde";"Óbitos por Residência Doenças do Aparelho Respiratório";"Lago de Tucuruí";"Jacundá";"-";"2015";16
"Social";"Saúde";"Óbitos por Residência Doenças do Aparelho Respiratório";"Lago de Tucuruí";"Jacundá";"-";"2016";8
"Social";"Saúde";"Óbitos por Residência Doenças do Aparelho Respiratório";"Lago de Tucuruí";"Jacundá";"-";"2017";27
"Social";"Saúde";"Óbitos por Residência Doenças do Aparelho Respiratório";"Lago de Tucuruí";"Jacundá";"-";"2018";16
"Social";"Saúde";"Óbitos por Residência Doenças do Aparelho Respiratório";"Lago de Tucuruí";"Jacundá";"-";"2019";11
"Social";"Saúde";"Óbitos por Residência Doenças do Aparelho Respiratório";"Lago de Tucuruí";"Jacundá";"-";"2020";20
"Social";"Saúde";"Óbitos por Residência Doenças do Aparelho Respiratório";"Lago de Tucuruí";"Jacundá";"-";"2021";22
"Social";"Saúde";"Óbitos por Residência Doenças do Aparelho Respiratório";"Lago de Tucuruí";"Jacundá";"-";"2022";20
"Social";"Saúde";"Óbitos por Residência Doenças do Aparelho Respiratório";"Lago de Tucuruí";"Jacundá";"-";"2023";16
"Social";"Saúde";"Óbitos por Residência Doenças do Aparelho Respiratório";"Lago de Tucuruí";"Jacundá";"-";"2024";21
"Social";"Saúde";"Óbitos por Residência Doenças do Aparelho Respiratório";"Baixo Amazonas";"Juruti";"-";"2008";9
"Social";"Saúde";"Óbitos por Residência Doenças do Aparelho Respiratório";"Baixo Amazonas";"Juruti";"-";"2009";10
"Social";"Saúde";"Óbitos por Residência Doenças do Aparelho Respiratório";"Baixo Amazonas";"Juruti";"-";"2010";11
"Social";"Saúde";"Óbitos por Residência Doenças do Aparelho Respiratório";"Baixo Amazonas";"Juruti";"-";"2012";5
"Social";"Saúde";"Óbitos por Residência Doenças do Aparelho Respiratório";"Baixo Amazonas";"Juruti";"-";"2013";9
"Social";"Saúde";"Óbitos por Residência Doenças do Aparelho Respiratório";"Baixo Amazonas";"Juruti";"-";"2014";11
"Social";"Saúde";"Óbitos por Residência Doenças do Aparelho Respiratório";"Baixo Amazonas";"Juruti";"-";"2015";25
"Social";"Saúde";"Óbitos por Residência Doenças do Aparelho Respiratório";"Baixo Amazonas";"Juruti";"-";"2016";14
"Social";"Saúde";"Óbitos por Residência Doenças do Aparelho Respiratório";"Baixo Amazonas";"Juruti";"-";"2017";15
"Social";"Saúde";"Óbitos por Residência Doenças do Aparelho Respiratório";"Baixo Amazonas";"Juruti";"-";"2018";19
"Social";"Saúde";"Óbitos por Residência Doenças do Aparelho Respiratório";"Baixo Amazonas";"Juruti";"-";"2019";18
"Social";"Saúde";"Óbitos por Residência Doenças do Aparelho Respiratório";"Baixo Amazonas";"Juruti";"-";"2020";15
"Social";"Saúde";"Óbitos por Residência Doenças do Aparelho Respiratório";"Baixo Amazonas";"Juruti";"-";"2021";16
"Social";"Saúde";"Óbitos por Residência Doenças do Aparelho Respiratório";"Baixo Amazonas";"Juruti";"-";"2022";25
"Social";"Saúde";"Óbitos por Residência Doenças do Aparelho Respiratório";"Baixo Amazonas";"Juruti";"-";"2023";23
"Social";"Saúde";"Óbitos por Residência Doenças do Aparelho Respiratório";"Baixo Amazonas";"Juruti";"-";"2024";32
"Social";"Saúde";"Óbitos por Residência Doenças do Aparelho Respiratório";"Tocantins";"Limoeiro do Ajuru";"-";"2008";5
"Social";"Saúde";"Óbitos por Residência Doenças do Aparelho Respiratório";"Tocantins";"Limoeiro do Ajuru";"-";"2009";5
"Social";"Saúde";"Óbitos por Residência Doenças do Aparelho Respiratório";"Tocantins";"Limoeiro do Ajuru";"-";"2010";3
"Social";"Saúde";"Óbitos por Residência Doenças do Aparelho Respiratório";"Tocantins";"Limoeiro do Ajuru";"-";"2012";3
"Social";"Saúde";"Óbitos por Residência Doenças do Aparelho Respiratório";"Tocantins";"Limoeiro do Ajuru";"-";"2013";9
"Social";"Saúde";"Óbitos por Residência Doenças do Aparelho Respiratório";"Tocantins";"Limoeiro do Ajuru";"-";"2014";14
"Social";"Saúde";"Óbitos por Residência Doenças do Aparelho Respiratório";"Tocantins";"Limoeiro do Ajuru";"-";"2015";8
"Social";"Saúde";"Óbitos por Residência Doenças do Aparelho Respiratório";"Tocantins";"Limoeiro do Ajuru";"-";"2016";11
"Social";"Saúde";"Óbitos por Residência Doenças do Aparelho Respiratório";"Tocantins";"Limoeiro do Ajuru";"-";"2017";11
"Social";"Saúde";"Óbitos por Residência Doenças do Aparelho Respiratório";"Tocantins";"Limoeiro do Ajuru";"-";"2018";10
"Social";"Saúde";"Óbitos por Residência Doenças do Aparelho Respiratório";"Tocantins";"Limoeiro do Ajuru";"-";"2019";10
"Social";"Saúde";"Óbitos por Residência Doenças do Aparelho Respiratório";"Tocantins";"Limoeiro do Ajuru";"-";"2020";16
"Social";"Saúde";"Óbitos por Residência Doenças do Aparelho Respiratório";"Tocantins";"Limoeiro do Ajuru";"-";"2021";11
"Social";"Saúde";"Óbitos por Residência Doenças do Aparelho Respiratório";"Tocantins";"Limoeiro do Ajuru";"-";"2022";9
"Social";"Saúde";"Óbitos por Residência Doenças do Aparelho Respiratório";"Tocantins";"Limoeiro do Ajuru";"-";"2023";10
"Social";"Saúde";"Óbitos por Residência Doenças do Aparelho Respiratório";"Tocantins";"Limoeiro do Ajuru";"-";"2024";12
"Social";"Saúde";"Óbitos por Residência Doenças do Aparelho Respiratório";"Rio Capim";"Mãe do Rio";"-";"2008";6
"Social";"Saúde";"Óbitos por Residência Doenças do Aparelho Respiratório";"Rio Capim";"Mãe do Rio";"-";"2009";11
"Social";"Saúde";"Óbitos por Residência Doenças do Aparelho Respiratório";"Rio Capim";"Mãe do Rio";"-";"2010";11
"Social";"Saúde";"Óbitos por Residência Doenças do Aparelho Respiratório";"Rio Capim";"Mãe do Rio";"-";"2012";9
"Social";"Saúde";"Óbitos por Residência Doenças do Aparelho Respiratório";"Rio Capim";"Mãe do Rio";"-";"2013";10
"Social";"Saúde";"Óbitos por Residência Doenças do Aparelho Respiratório";"Rio Capim";"Mãe do Rio";"-";"2014";13
"Social";"Saúde";"Óbitos por Residência Doenças do Aparelho Respiratório";"Rio Capim";"Mãe do Rio";"-";"2015";15
"Social";"Saúde";"Óbitos por Residência Doenças do Aparelho Respiratório";"Rio Capim";"Mãe do Rio";"-";"2016";22
"Social";"Saúde";"Óbitos por Residência Doenças do Aparelho Respiratório";"Rio Capim";"Mãe do Rio";"-";"2017";21
"Social";"Saúde";"Óbitos por Residência Doenças do Aparelho Respiratório";"Rio Capim";"Mãe do Rio";"-";"2018";14
"Social";"Saúde";"Óbitos por Residência Doenças do Aparelho Respiratório";"Rio Capim";"Mãe do Rio";"-";"2019";17
"Social";"Saúde";"Óbitos por Residência Doenças do Aparelho Respiratório";"Rio Capim";"Mãe do Rio";"-";"2020";22
"Social";"Saúde";"Óbitos por Residência Doenças do Aparelho Respiratório";"Rio Capim";"Mãe do Rio";"-";"2021";17
"Social";"Saúde";"Óbitos por Residência Doenças do Aparelho Respiratório";"Rio Capim";"Mãe do Rio";"-";"2022";24
"Social";"Saúde";"Óbitos por Residência Doenças do Aparelho Respiratório";"Rio Capim";"Mãe do Rio";"-";"2023";22
"Social";"Saúde";"Óbitos por Residência Doenças do Aparelho Respiratório";"Rio Capim";"Mãe do Rio";"-";"2024";19
"Social";"Saúde";"Óbitos por Residência Doenças do Aparelho Respiratório";"Guamá";"Magalhães Barata";"-";"2008";6
"Social";"Saúde";"Óbitos por Residência Doenças do Aparelho Respiratório";"Guamá";"Magalhães Barata";"-";"2009";0
"Social";"Saúde";"Óbitos por Residência Doenças do Aparelho Respiratório";"Guamá";"Magalhães Barata";"-";"2010";5
"Social";"Saúde";"Óbitos por Residência Doenças do Aparelho Respiratório";"Guamá";"Magalhães Barata";"-";"2012";4
"Social";"Saúde";"Óbitos por Residência Doenças do Aparelho Respiratório";"Guamá";"Magalhães Barata";"-";"2013";6
"Social";"Saúde";"Óbitos por Residência Doenças do Aparelho Respiratório";"Guamá";"Magalhães Barata";"-";"2014";2
"Social";"Saúde";"Óbitos por Residência Doenças do Aparelho Respiratório";"Guamá";"Magalhães Barata";"-";"2015";4
"Social";"Saúde";"Óbitos por Residência Doenças do Aparelho Respiratório";"Guamá";"Magalhães Barata";"-";"2016";7
"Social";"Saúde";"Óbitos por Residência Doenças do Aparelho Respiratório";"Guamá";"Magalhães Barata";"-";"2017";6
"Social";"Saúde";"Óbitos por Residência Doenças do Aparelho Respiratório";"Guamá";"Magalhães Barata";"-";"2018";4
"Social";"Saúde";"Óbitos por Residência Doenças do Aparelho Respiratório";"Guamá";"Magalhães Barata";"-";"2019";3
"Social";"Saúde";"Óbitos por Residência Doenças do Aparelho Respiratório";"Guamá";"Magalhães Barata";"-";"2020";11
"Social";"Saúde";"Óbitos por Residência Doenças do Aparelho Respiratório";"Guamá";"Magalhães Barata";"-";"2021";10
"Social";"Saúde";"Óbitos por Residência Doenças do Aparelho Respiratório";"Guamá";"Magalhães Barata";"-";"2022";8
"Social";"Saúde";"Óbitos por Residência Doenças do Aparelho Respiratório";"Guamá";"Magalhães Barata";"-";"2023";4
"Social";"Saúde";"Óbitos por Residência Doenças do Aparelho Respiratório";"Guamá";"Magalhães Barata";"-";"2024";7
"Social";"Saúde";"Óbitos por Residência Doenças do Aparelho Respiratório";"Carajás";"Marabá";"-";"2008";87
"Social";"Saúde";"Óbitos por Residência Doenças do Aparelho Respiratório";"Carajás";"Marabá";"-";"2009";84
"Social";"Saúde";"Óbitos por Residência Doenças do Aparelho Respiratório";"Carajás";"Marabá";"-";"2010";65
"Social";"Saúde";"Óbitos por Residência Doenças do Aparelho Respiratório";"Carajás";"Marabá";"-";"2012";77
"Social";"Saúde";"Óbitos por Residência Doenças do Aparelho Respiratório";"Carajás";"Marabá";"-";"2013";76
"Social";"Saúde";"Óbitos por Residência Doenças do Aparelho Respiratório";"Carajás";"Marabá";"-";"2014";74
"Social";"Saúde";"Óbitos por Residência Doenças do Aparelho Respiratório";"Carajás";"Marabá";"-";"2015";85
"Social";"Saúde";"Óbitos por Residência Doenças do Aparelho Respiratório";"Carajás";"Marabá";"-";"2016";81
"Social";"Saúde";"Óbitos por Residência Doenças do Aparelho Respiratório";"Carajás";"Marabá";"-";"2017";84
"Social";"Saúde";"Óbitos por Residência Doenças do Aparelho Respiratório";"Carajás";"Marabá";"-";"2018";113
"Social";"Saúde";"Óbitos por Residência Doenças do Aparelho Respiratório";"Carajás";"Marabá";"-";"2019";130
"Social";"Saúde";"Óbitos por Residência Doenças do Aparelho Respiratório";"Carajás";"Marabá";"-";"2020";144
"Social";"Saúde";"Óbitos por Residência Doenças do Aparelho Respiratório";"Carajás";"Marabá";"-";"2021";132
"Social";"Saúde";"Óbitos por Residência Doenças do Aparelho Respiratório";"Carajás";"Marabá";"-";"2022";182
"Social";"Saúde";"Óbitos por Residência Doenças do Aparelho Respiratório";"Carajás";"Marabá";"-";"2023";150
"Social";"Saúde";"Óbitos por Residência Doenças do Aparelho Respiratório";"Carajás";"Marabá";"-";"2024";131
"Social";"Saúde";"Óbitos por Residência Doenças do Aparelho Respiratório";"Guamá";"Maracanã";"-";"2008";8
"Social";"Saúde";"Óbitos por Residência Doenças do Aparelho Respiratório";"Guamá";"Maracanã";"-";"2009";12
"Social";"Saúde";"Óbitos por Residência Doenças do Aparelho Respiratório";"Guamá";"Maracanã";"-";"2010";5
"Social";"Saúde";"Óbitos por Residência Doenças do Aparelho Respiratório";"Guamá";"Maracanã";"-";"2012";6
"Social";"Saúde";"Óbitos por Residência Doenças do Aparelho Respiratório";"Guamá";"Maracanã";"-";"2013";8
"Social";"Saúde";"Óbitos por Residência Doenças do Aparelho Respiratório";"Guamá";"Maracanã";"-";"2014";11
"Social";"Saúde";"Óbitos por Residência Doenças do Aparelho Respiratório";"Guamá";"Maracanã";"-";"2015";8
"Social";"Saúde";"Óbitos por Residência Doenças do Aparelho Respiratório";"Guamá";"Maracanã";"-";"2016";10
"Social";"Saúde";"Óbitos por Residência Doenças do Aparelho Respiratório";"Guamá";"Maracanã";"-";"2017";10
"Social";"Saúde";"Óbitos por Residência Doenças do Aparelho Respiratório";"Guamá";"Maracanã";"-";"2018";15
"Social";"Saúde";"Óbitos por Residência Doenças do Aparelho Respiratório";"Guamá";"Maracanã";"-";"2019";14
"Social";"Saúde";"Óbitos por Residência Doenças do Aparelho Respiratório";"Guamá";"Maracanã";"-";"2020";20
"Social";"Saúde";"Óbitos por Residência Doenças do Aparelho Respiratório";"Guamá";"Maracanã";"-";"2021";15
"Social";"Saúde";"Óbitos por Residência Doenças do Aparelho Respiratório";"Guamá";"Maracanã";"-";"2022";25
"Social";"Saúde";"Óbitos por Residência Doenças do Aparelho Respiratório";"Guamá";"Maracanã";"-";"2023";14
"Social";"Saúde";"Óbitos por Residência Doenças do Aparelho Respiratório";"Guamá";"Maracanã";"-";"2024";20
"Social";"Saúde";"Óbitos por Residência Doenças do Aparelho Respiratório";"Guamá";"Marapanim";"-";"2008";4
"Social";"Saúde";"Óbitos por Residência Doenças do Aparelho Respiratório";"Guamá";"Marapanim";"-";"2009";14
"Social";"Saúde";"Óbitos por Residência Doenças do Aparelho Respiratório";"Guamá";"Marapanim";"-";"2010";17
"Social";"Saúde";"Óbitos por Residência Doenças do Aparelho Respiratório";"Guamá";"Marapanim";"-";"2012";9
"Social";"Saúde";"Óbitos por Residência Doenças do Aparelho Respiratório";"Guamá";"Marapanim";"-";"2013";13
"Social";"Saúde";"Óbitos por Residência Doenças do Aparelho Respiratório";"Guamá";"Marapanim";"-";"2014";12
"Social";"Saúde";"Óbitos por Residência Doenças do Aparelho Respiratório";"Guamá";"Marapanim";"-";"2015";17
"Social";"Saúde";"Óbitos por Residência Doenças do Aparelho Respiratório";"Guamá";"Marapanim";"-";"2016";15
"Social";"Saúde";"Óbitos por Residência Doenças do Aparelho Respiratório";"Guamá";"Marapanim";"-";"2017";14
"Social";"Saúde";"Óbitos por Residência Doenças do Aparelho Respiratório";"Guamá";"Marapanim";"-";"2018";19
"Social";"Saúde";"Óbitos por Residência Doenças do Aparelho Respiratório";"Guamá";"Marapanim";"-";"2019";19
"Social";"Saúde";"Óbitos por Residência Doenças do Aparelho Respiratório";"Guamá";"Marapanim";"-";"2020";17
"Social";"Saúde";"Óbitos por Residência Doenças do Aparelho Respiratório";"Guamá";"Marapanim";"-";"2021";15
"Social";"Saúde";"Óbitos por Residência Doenças do Aparelho Respiratório";"Guamá";"Marapanim";"-";"2022";26
"Social";"Saúde";"Óbitos por Residência Doenças do Aparelho Respiratório";"Guamá";"Marapanim";"-";"2023";20
"Social";"Saúde";"Óbitos por Residência Doenças do Aparelho Respiratório";"Guamá";"Marapanim";"-";"2024";22
"Social";"Saúde";"Óbitos por Residência Doenças do Aparelho Respiratório";"Guajará";"Marituba";"-";"2008";44
"Social";"Saúde";"Óbitos por Residência Doenças do Aparelho Respiratório";"Guajará";"Marituba";"-";"2009";65
"Social";"Saúde";"Óbitos por Residência Doenças do Aparelho Respiratório";"Guajará";"Marituba";"-";"2010";42
"Social";"Saúde";"Óbitos por Residência Doenças do Aparelho Respiratório";"Guajará";"Marituba";"-";"2012";54
"Social";"Saúde";"Óbitos por Residência Doenças do Aparelho Respiratório";"Guajará";"Marituba";"-";"2013";64
"Social";"Saúde";"Óbitos por Residência Doenças do Aparelho Respiratório";"Guajará";"Marituba";"-";"2014";62
"Social";"Saúde";"Óbitos por Residência Doenças do Aparelho Respiratório";"Guajará";"Marituba";"-";"2015";80
"Social";"Saúde";"Óbitos por Residência Doenças do Aparelho Respiratório";"Guajará";"Marituba";"-";"2016";86
"Social";"Saúde";"Óbitos por Residência Doenças do Aparelho Respiratório";"Guajará";"Marituba";"-";"2017";94
"Social";"Saúde";"Óbitos por Residência Doenças do Aparelho Respiratório";"Guajará";"Marituba";"-";"2018";99
"Social";"Saúde";"Óbitos por Residência Doenças do Aparelho Respiratório";"Guajará";"Marituba";"-";"2019";113
"Social";"Saúde";"Óbitos por Residência Doenças do Aparelho Respiratório";"Guajará";"Marituba";"-";"2020";127
"Social";"Saúde";"Óbitos por Residência Doenças do Aparelho Respiratório";"Guajará";"Marituba";"-";"2021";86
"Social";"Saúde";"Óbitos por Residência Doenças do Aparelho Respiratório";"Guajará";"Marituba";"-";"2022";93
"Social";"Saúde";"Óbitos por Residência Doenças do Aparelho Respiratório";"Guajará";"Marituba";"-";"2023";91
"Social";"Saúde";"Óbitos por Residência Doenças do Aparelho Respiratório";"Guajará";"Marituba";"-";"2024";118
"Social";"Saúde";"Óbitos por Residência Doenças do Aparelho Respiratório";"Xingu";"Medicilândia";"-";"2008";4
"Social";"Saúde";"Óbitos por Residência Doenças do Aparelho Respiratório";"Xingu";"Medicilândia";"-";"2009";6
"Social";"Saúde";"Óbitos por Residência Doenças do Aparelho Respiratório";"Xingu";"Medicilândia";"-";"2010";7
"Social";"Saúde";"Óbitos por Residência Doenças do Aparelho Respiratório";"Xingu";"Medicilândia";"-";"2012";4
"Social";"Saúde";"Óbitos por Residência Doenças do Aparelho Respiratório";"Xingu";"Medicilândia";"-";"2013";4
"Social";"Saúde";"Óbitos por Residência Doenças do Aparelho Respiratório";"Xingu";"Medicilândia";"-";"2014";3
"Social";"Saúde";"Óbitos por Residência Doenças do Aparelho Respiratório";"Xingu";"Medicilândia";"-";"2015";10
"Social";"Saúde";"Óbitos por Residência Doenças do Aparelho Respiratório";"Xingu";"Medicilândia";"-";"2016";10
"Social";"Saúde";"Óbitos por Residência Doenças do Aparelho Respiratório";"Xingu";"Medicilândia";"-";"2017";9
"Social";"Saúde";"Óbitos por Residência Doenças do Aparelho Respiratório";"Xingu";"Medicilândia";"-";"2018";9
"Social";"Saúde";"Óbitos por Residência Doenças do Aparelho Respiratório";"Xingu";"Medicilândia";"-";"2019";10
"Social";"Saúde";"Óbitos por Residência Doenças do Aparelho Respiratório";"Xingu";"Medicilândia";"-";"2020";6
"Social";"Saúde";"Óbitos por Residência Doenças do Aparelho Respiratório";"Xingu";"Medicilândia";"-";"2021";24
"Social";"Saúde";"Óbitos por Residência Doenças do Aparelho Respiratório";"Xingu";"Medicilândia";"-";"2022";10
"Social";"Saúde";"Óbitos por Residência Doenças do Aparelho Respiratório";"Xingu";"Medicilândia";"-";"2023";10
"Social";"Saúde";"Óbitos por Residência Doenças do Aparelho Respiratório";"Xingu";"Medicilândia";"-";"2024";14
"Social";"Saúde";"Óbitos por Residência Doenças do Aparelho Respiratório";"Marajó";"Melgaço";"-";"2008";1
"Social";"Saúde";"Óbitos por Residência Doenças do Aparelho Respiratório";"Marajó";"Melgaço";"-";"2009";1
"Social";"Saúde";"Óbitos por Residência Doenças do Aparelho Respiratório";"Marajó";"Melgaço";"-";"2010";7
"Social";"Saúde";"Óbitos por Residência Doenças do Aparelho Respiratório";"Marajó";"Melgaço";"-";"2012";6
"Social";"Saúde";"Óbitos por Residência Doenças do Aparelho Respiratório";"Marajó";"Melgaço";"-";"2013";2
"Social";"Saúde";"Óbitos por Residência Doenças do Aparelho Respiratório";"Marajó";"Melgaço";"-";"2014";6
"Social";"Saúde";"Óbitos por Residência Doenças do Aparelho Respiratório";"Marajó";"Melgaço";"-";"2015";8
"Social";"Saúde";"Óbitos por Residência Doenças do Aparelho Respiratório";"Marajó";"Melgaço";"-";"2016";6
"Social";"Saúde";"Óbitos por Residência Doenças do Aparelho Respiratório";"Marajó";"Melgaço";"-";"2017";6
"Social";"Saúde";"Óbitos por Residência Doenças do Aparelho Respiratório";"Marajó";"Melgaço";"-";"2018";6
"Social";"Saúde";"Óbitos por Residência Doenças do Aparelho Respiratório";"Marajó";"Melgaço";"-";"2019";9
"Social";"Saúde";"Óbitos por Residência Doenças do Aparelho Respiratório";"Marajó";"Melgaço";"-";"2020";4
"Social";"Saúde";"Óbitos por Residência Doenças do Aparelho Respiratório";"Marajó";"Melgaço";"-";"2021";4
"Social";"Saúde";"Óbitos por Residência Doenças do Aparelho Respiratório";"Marajó";"Melgaço";"-";"2022";3
"Social";"Saúde";"Óbitos por Residência Doenças do Aparelho Respiratório";"Marajó";"Melgaço";"-";"2023";4
"Social";"Saúde";"Óbitos por Residência Doenças do Aparelho Respiratório";"Marajó";"Melgaço";"-";"2024";4
"Social";"Saúde";"Óbitos por Residência Doenças do Aparelho Respiratório";"Tocantins";"Mocajuba";"-";"2008";9
"Social";"Saúde";"Óbitos por Residência Doenças do Aparelho Respiratório";"Tocantins";"Mocajuba";"-";"2009";9
"Social";"Saúde";"Óbitos por Residência Doenças do Aparelho Respiratório";"Tocantins";"Mocajuba";"-";"2010";2
"Social";"Saúde";"Óbitos por Residência Doenças do Aparelho Respiratório";"Tocantins";"Mocajuba";"-";"2012";7
"Social";"Saúde";"Óbitos por Residência Doenças do Aparelho Respiratório";"Tocantins";"Mocajuba";"-";"2013";4
"Social";"Saúde";"Óbitos por Residência Doenças do Aparelho Respiratório";"Tocantins";"Mocajuba";"-";"2014";6
"Social";"Saúde";"Óbitos por Residência Doenças do Aparelho Respiratório";"Tocantins";"Mocajuba";"-";"2015";10
"Social";"Saúde";"Óbitos por Residência Doenças do Aparelho Respiratório";"Tocantins";"Mocajuba";"-";"2016";12
"Social";"Saúde";"Óbitos por Residência Doenças do Aparelho Respiratório";"Tocantins";"Mocajuba";"-";"2017";7
"Social";"Saúde";"Óbitos por Residência Doenças do Aparelho Respiratório";"Tocantins";"Mocajuba";"-";"2018";10
"Social";"Saúde";"Óbitos por Residência Doenças do Aparelho Respiratório";"Tocantins";"Mocajuba";"-";"2019";17
"Social";"Saúde";"Óbitos por Residência Doenças do Aparelho Respiratório";"Tocantins";"Mocajuba";"-";"2020";18
"Social";"Saúde";"Óbitos por Residência Doenças do Aparelho Respiratório";"Tocantins";"Mocajuba";"-";"2021";15
"Social";"Saúde";"Óbitos por Residência Doenças do Aparelho Respiratório";"Tocantins";"Mocajuba";"-";"2022";15
"Social";"Saúde";"Óbitos por Residência Doenças do Aparelho Respiratório";"Tocantins";"Mocajuba";"-";"2023";21
"Social";"Saúde";"Óbitos por Residência Doenças do Aparelho Respiratório";"Tocantins";"Mocajuba";"-";"2024";19
"Social";"Saúde";"Óbitos por Residência Doenças do Aparelho Respiratório";"Tocantins";"Moju";"-";"2008";13
"Social";"Saúde";"Óbitos por Residência Doenças do Aparelho Respiratório";"Tocantins";"Moju";"-";"2009";12
"Social";"Saúde";"Óbitos por Residência Doenças do Aparelho Respiratório";"Tocantins";"Moju";"-";"2010";19
"Social";"Saúde";"Óbitos por Residência Doenças do Aparelho Respiratório";"Tocantins";"Moju";"-";"2012";14
"Social";"Saúde";"Óbitos por Residência Doenças do Aparelho Respiratório";"Tocantins";"Moju";"-";"2013";16
"Social";"Saúde";"Óbitos por Residência Doenças do Aparelho Respiratório";"Tocantins";"Moju";"-";"2014";18
"Social";"Saúde";"Óbitos por Residência Doenças do Aparelho Respiratório";"Tocantins";"Moju";"-";"2015";23
"Social";"Saúde";"Óbitos por Residência Doenças do Aparelho Respiratório";"Tocantins";"Moju";"-";"2016";25
"Social";"Saúde";"Óbitos por Residência Doenças do Aparelho Respiratório";"Tocantins";"Moju";"-";"2017";19
"Social";"Saúde";"Óbitos por Residência Doenças do Aparelho Respiratório";"Tocantins";"Moju";"-";"2018";23
"Social";"Saúde";"Óbitos por Residência Doenças do Aparelho Respiratório";"Tocantins";"Moju";"-";"2019";32
"Social";"Saúde";"Óbitos por Residência Doenças do Aparelho Respiratório";"Tocantins";"Moju";"-";"2020";39
"Social";"Saúde";"Óbitos por Residência Doenças do Aparelho Respiratório";"Tocantins";"Moju";"-";"2021";24
"Social";"Saúde";"Óbitos por Residência Doenças do Aparelho Respiratório";"Tocantins";"Moju";"-";"2022";33
"Social";"Saúde";"Óbitos por Residência Doenças do Aparelho Respiratório";"Tocantins";"Moju";"-";"2023";35
"Social";"Saúde";"Óbitos por Residência Doenças do Aparelho Respiratório";"Tocantins";"Moju";"-";"2024";35
"Social";"Saúde";"Óbitos por Residência Doenças do Aparelho Respiratório";"Baixo Amazonas";"Mojuí dos campos";"-";"2008";0
"Social";"Saúde";"Óbitos por Residência Doenças do Aparelho Respiratório";"Baixo Amazonas";"Mojuí dos campos";"-";"2009";0
"Social";"Saúde";"Óbitos por Residência Doenças do Aparelho Respiratório";"Baixo Amazonas";"Mojuí dos campos";"-";"2010";0
"Social";"Saúde";"Óbitos por Residência Doenças do Aparelho Respiratório";"Baixo Amazonas";"Mojuí dos campos";"-";"2012";0
"Social";"Saúde";"Óbitos por Residência Doenças do Aparelho Respiratório";"Baixo Amazonas";"Mojuí dos campos";"-";"2013";0
"Social";"Saúde";"Óbitos por Residência Doenças do Aparelho Respiratório";"Baixo Amazonas";"Mojuí dos campos";"-";"2014";2
"Social";"Saúde";"Óbitos por Residência Doenças do Aparelho Respiratório";"Baixo Amazonas";"Mojuí dos campos";"-";"2015";3
"Social";"Saúde";"Óbitos por Residência Doenças do Aparelho Respiratório";"Baixo Amazonas";"Mojuí dos campos";"-";"2016";8
"Social";"Saúde";"Óbitos por Residência Doenças do Aparelho Respiratório";"Baixo Amazonas";"Mojuí dos campos";"-";"2017";4
"Social";"Saúde";"Óbitos por Residência Doenças do Aparelho Respiratório";"Baixo Amazonas";"Mojuí dos campos";"-";"2018";4
"Social";"Saúde";"Óbitos por Residência Doenças do Aparelho Respiratório";"Baixo Amazonas";"Mojuí dos campos";"-";"2019";4
"Social";"Saúde";"Óbitos por Residência Doenças do Aparelho Respiratório";"Baixo Amazonas";"Mojuí dos campos";"-";"2020";9
"Social";"Saúde";"Óbitos por Residência Doenças do Aparelho Respiratório";"Baixo Amazonas";"Mojuí dos campos";"-";"2021";9
"Social";"Saúde";"Óbitos por Residência Doenças do Aparelho Respiratório";"Baixo Amazonas";"Mojuí dos campos";"-";"2022";16
"Social";"Saúde";"Óbitos por Residência Doenças do Aparelho Respiratório";"Baixo Amazonas";"Mojuí dos campos";"-";"2023";12
"Social";"Saúde";"Óbitos por Residência Doenças do Aparelho Respiratório";"Baixo Amazonas";"Mojuí dos campos";"-";"2024";13
"Social";"Saúde";"Óbitos por Residência Doenças do Aparelho Respiratório";"Baixo Amazonas";"Monte Alegre";"-";"2008";12
"Social";"Saúde";"Óbitos por Residência Doenças do Aparelho Respiratório";"Baixo Amazonas";"Monte Alegre";"-";"2009";14
"Social";"Saúde";"Óbitos por Residência Doenças do Aparelho Respiratório";"Baixo Amazonas";"Monte Alegre";"-";"2010";14
"Social";"Saúde";"Óbitos por Residência Doenças do Aparelho Respiratório";"Baixo Amazonas";"Monte Alegre";"-";"2012";9
"Social";"Saúde";"Óbitos por Residência Doenças do Aparelho Respiratório";"Baixo Amazonas";"Monte Alegre";"-";"2013";26
"Social";"Saúde";"Óbitos por Residência Doenças do Aparelho Respiratório";"Baixo Amazonas";"Monte Alegre";"-";"2014";22
"Social";"Saúde";"Óbitos por Residência Doenças do Aparelho Respiratório";"Baixo Amazonas";"Monte Alegre";"-";"2015";31
"Social";"Saúde";"Óbitos por Residência Doenças do Aparelho Respiratório";"Baixo Amazonas";"Monte Alegre";"-";"2016";22
"Social";"Saúde";"Óbitos por Residência Doenças do Aparelho Respiratório";"Baixo Amazonas";"Monte Alegre";"-";"2017";25
"Social";"Saúde";"Óbitos por Residência Doenças do Aparelho Respiratório";"Baixo Amazonas";"Monte Alegre";"-";"2018";25
"Social";"Saúde";"Óbitos por Residência Doenças do Aparelho Respiratório";"Baixo Amazonas";"Monte Alegre";"-";"2019";18
"Social";"Saúde";"Óbitos por Residência Doenças do Aparelho Respiratório";"Baixo Amazonas";"Monte Alegre";"-";"2020";16
"Social";"Saúde";"Óbitos por Residência Doenças do Aparelho Respiratório";"Baixo Amazonas";"Monte Alegre";"-";"2021";27
"Social";"Saúde";"Óbitos por Residência Doenças do Aparelho Respiratório";"Baixo Amazonas";"Monte Alegre";"-";"2022";38
"Social";"Saúde";"Óbitos por Residência Doenças do Aparelho Respiratório";"Baixo Amazonas";"Monte Alegre";"-";"2023";35
"Social";"Saúde";"Óbitos por Residência Doenças do Aparelho Respiratório";"Baixo Amazonas";"Monte Alegre";"-";"2024";53
"Social";"Saúde";"Óbitos por Residência Doenças do Aparelho Respiratório";"Marajó";"Muaná";"-";"2008";10
"Social";"Saúde";"Óbitos por Residência Doenças do Aparelho Respiratório";"Marajó";"Muaná";"-";"2009";11
"Social";"Saúde";"Óbitos por Residência Doenças do Aparelho Respiratório";"Marajó";"Muaná";"-";"2010";13
"Social";"Saúde";"Óbitos por Residência Doenças do Aparelho Respiratório";"Marajó";"Muaná";"-";"2012";4
"Social";"Saúde";"Óbitos por Residência Doenças do Aparelho Respiratório";"Marajó";"Muaná";"-";"2013";13
"Social";"Saúde";"Óbitos por Residência Doenças do Aparelho Respiratório";"Marajó";"Muaná";"-";"2014";15
"Social";"Saúde";"Óbitos por Residência Doenças do Aparelho Respiratório";"Marajó";"Muaná";"-";"2015";20
"Social";"Saúde";"Óbitos por Residência Doenças do Aparelho Respiratório";"Marajó";"Muaná";"-";"2016";19
"Social";"Saúde";"Óbitos por Residência Doenças do Aparelho Respiratório";"Marajó";"Muaná";"-";"2017";23
"Social";"Saúde";"Óbitos por Residência Doenças do Aparelho Respiratório";"Marajó";"Muaná";"-";"2018";33
"Social";"Saúde";"Óbitos por Residência Doenças do Aparelho Respiratório";"Marajó";"Muaná";"-";"2019";15
"Social";"Saúde";"Óbitos por Residência Doenças do Aparelho Respiratório";"Marajó";"Muaná";"-";"2020";23
"Social";"Saúde";"Óbitos por Residência Doenças do Aparelho Respiratório";"Marajó";"Muaná";"-";"2021";10
"Social";"Saúde";"Óbitos por Residência Doenças do Aparelho Respiratório";"Marajó";"Muaná";"-";"2022";24
"Social";"Saúde";"Óbitos por Residência Doenças do Aparelho Respiratório";"Marajó";"Muaná";"-";"2023";12
"Social";"Saúde";"Óbitos por Residência Doenças do Aparelho Respiratório";"Marajó";"Muaná";"-";"2024";12
"Social";"Saúde";"Óbitos por Residência Doenças do Aparelho Respiratório";"Rio Capim";"Nova Esperança do Piriá";"-";"2008";3
"Social";"Saúde";"Óbitos por Residência Doenças do Aparelho Respiratório";"Rio Capim";"Nova Esperança do Piriá";"-";"2009";3
"Social";"Saúde";"Óbitos por Residência Doenças do Aparelho Respiratório";"Rio Capim";"Nova Esperança do Piriá";"-";"2010";6
"Social";"Saúde";"Óbitos por Residência Doenças do Aparelho Respiratório";"Rio Capim";"Nova Esperança do Piriá";"-";"2012";1
"Social";"Saúde";"Óbitos por Residência Doenças do Aparelho Respiratório";"Rio Capim";"Nova Esperança do Piriá";"-";"2013";5
"Social";"Saúde";"Óbitos por Residência Doenças do Aparelho Respiratório";"Rio Capim";"Nova Esperança do Piriá";"-";"2014";3
"Social";"Saúde";"Óbitos por Residência Doenças do Aparelho Respiratório";"Rio Capim";"Nova Esperança do Piriá";"-";"2015";2
"Social";"Saúde";"Óbitos por Residência Doenças do Aparelho Respiratório";"Rio Capim";"Nova Esperança do Piriá";"-";"2016";4
"Social";"Saúde";"Óbitos por Residência Doenças do Aparelho Respiratório";"Rio Capim";"Nova Esperança do Piriá";"-";"2017";12
"Social";"Saúde";"Óbitos por Residência Doenças do Aparelho Respiratório";"Rio Capim";"Nova Esperança do Piriá";"-";"2018";4
"Social";"Saúde";"Óbitos por Residência Doenças do Aparelho Respiratório";"Rio Capim";"Nova Esperança do Piriá";"-";"2019";4
"Social";"Saúde";"Óbitos por Residência Doenças do Aparelho Respiratório";"Rio Capim";"Nova Esperança do Piriá";"-";"2020";6
"Social";"Saúde";"Óbitos por Residência Doenças do Aparelho Respiratório";"Rio Capim";"Nova Esperança do Piriá";"-";"2021";7
"Social";"Saúde";"Óbitos por Residência Doenças do Aparelho Respiratório";"Rio Capim";"Nova Esperança do Piriá";"-";"2022";18
"Social";"Saúde";"Óbitos por Residência Doenças do Aparelho Respiratório";"Rio Capim";"Nova Esperança do Piriá";"-";"2023";5
"Social";"Saúde";"Óbitos por Residência Doenças do Aparelho Respiratório";"Rio Capim";"Nova Esperança do Piriá";"-";"2024";4
"Social";"Saúde";"Óbitos por Residência Doenças do Aparelho Respiratório";"Lago de Tucuruí";"Nova Ipixuna";"-";"2008";3
"Social";"Saúde";"Óbitos por Residência Doenças do Aparelho Respiratório";"Lago de Tucuruí";"Nova Ipixuna";"-";"2009";2
"Social";"Saúde";"Óbitos por Residência Doenças do Aparelho Respiratório";"Lago de Tucuruí";"Nova Ipixuna";"-";"2010";3
"Social";"Saúde";"Óbitos por Residência Doenças do Aparelho Respiratório";"Lago de Tucuruí";"Nova Ipixuna";"-";"2012";6
"Social";"Saúde";"Óbitos por Residência Doenças do Aparelho Respiratório";"Lago de Tucuruí";"Nova Ipixuna";"-";"2013";1
"Social";"Saúde";"Óbitos por Residência Doenças do Aparelho Respiratório";"Lago de Tucuruí";"Nova Ipixuna";"-";"2014";0
"Social";"Saúde";"Óbitos por Residência Doenças do Aparelho Respiratório";"Lago de Tucuruí";"Nova Ipixuna";"-";"2015";2
"Social";"Saúde";"Óbitos por Residência Doenças do Aparelho Respiratório";"Lago de Tucuruí";"Nova Ipixuna";"-";"2016";2
"Social";"Saúde";"Óbitos por Residência Doenças do Aparelho Respiratório";"Lago de Tucuruí";"Nova Ipixuna";"-";"2017";2
"Social";"Saúde";"Óbitos por Residência Doenças do Aparelho Respiratório";"Lago de Tucuruí";"Nova Ipixuna";"-";"2018";0
"Social";"Saúde";"Óbitos por Residência Doenças do Aparelho Respiratório";"Lago de Tucuruí";"Nova Ipixuna";"-";"2019";3
"Social";"Saúde";"Óbitos por Residência Doenças do Aparelho Respiratório";"Lago de Tucuruí";"Nova Ipixuna";"-";"2020";2
"Social";"Saúde";"Óbitos por Residência Doenças do Aparelho Respiratório";"Lago de Tucuruí";"Nova Ipixuna";"-";"2021";6
"Social";"Saúde";"Óbitos por Residência Doenças do Aparelho Respiratório";"Lago de Tucuruí";"Nova Ipixuna";"-";"2022";9
"Social";"Saúde";"Óbitos por Residência Doenças do Aparelho Respiratório";"Lago de Tucuruí";"Nova Ipixuna";"-";"2023";3
"Social";"Saúde";"Óbitos por Residência Doenças do Aparelho Respiratório";"Lago de Tucuruí";"Nova Ipixuna";"-";"2024";4
"Social";"Saúde";"Óbitos por Residência Doenças do Aparelho Respiratório";"Rio Caeté";"Nova Timboteua";"-";"2008";5
"Social";"Saúde";"Óbitos por Residência Doenças do Aparelho Respiratório";"Rio Caeté";"Nova Timboteua";"-";"2009";4
"Social";"Saúde";"Óbitos por Residência Doenças do Aparelho Respiratório";"Rio Caeté";"Nova Timboteua";"-";"2010";3
"Social";"Saúde";"Óbitos por Residência Doenças do Aparelho Respiratório";"Rio Caeté";"Nova Timboteua";"-";"2012";4
"Social";"Saúde";"Óbitos por Residência Doenças do Aparelho Respiratório";"Rio Caeté";"Nova Timboteua";"-";"2013";4
"Social";"Saúde";"Óbitos por Residência Doenças do Aparelho Respiratório";"Rio Caeté";"Nova Timboteua";"-";"2014";6
"Social";"Saúde";"Óbitos por Residência Doenças do Aparelho Respiratório";"Rio Caeté";"Nova Timboteua";"-";"2015";6
"Social";"Saúde";"Óbitos por Residência Doenças do Aparelho Respiratório";"Rio Caeté";"Nova Timboteua";"-";"2016";7
"Social";"Saúde";"Óbitos por Residência Doenças do Aparelho Respiratório";"Rio Caeté";"Nova Timboteua";"-";"2017";5
"Social";"Saúde";"Óbitos por Residência Doenças do Aparelho Respiratório";"Rio Caeté";"Nova Timboteua";"-";"2018";5
"Social";"Saúde";"Óbitos por Residência Doenças do Aparelho Respiratório";"Rio Caeté";"Nova Timboteua";"-";"2019";3
"Social";"Saúde";"Óbitos por Residência Doenças do Aparelho Respiratório";"Rio Caeté";"Nova Timboteua";"-";"2020";8
"Social";"Saúde";"Óbitos por Residência Doenças do Aparelho Respiratório";"Rio Caeté";"Nova Timboteua";"-";"2021";5
"Social";"Saúde";"Óbitos por Residência Doenças do Aparelho Respiratório";"Rio Caeté";"Nova Timboteua";"-";"2022";12
"Social";"Saúde";"Óbitos por Residência Doenças do Aparelho Respiratório";"Rio Caeté";"Nova Timboteua";"-";"2023";6
"Social";"Saúde";"Óbitos por Residência Doenças do Aparelho Respiratório";"Rio Caeté";"Nova Timboteua";"-";"2024";15
"Social";"Saúde";"Óbitos por Residência Doenças do Aparelho Respiratório";"Tapajós";"Novo Progresso";"-";"2008";4
"Social";"Saúde";"Óbitos por Residência Doenças do Aparelho Respiratório";"Tapajós";"Novo Progresso";"-";"2009";6
"Social";"Saúde";"Óbitos por Residência Doenças do Aparelho Respiratório";"Tapajós";"Novo Progresso";"-";"2010";2
"Social";"Saúde";"Óbitos por Residência Doenças do Aparelho Respiratório";"Tapajós";"Novo Progresso";"-";"2012";8
"Social";"Saúde";"Óbitos por Residência Doenças do Aparelho Respiratório";"Tapajós";"Novo Progresso";"-";"2013";3
"Social";"Saúde";"Óbitos por Residência Doenças do Aparelho Respiratório";"Tapajós";"Novo Progresso";"-";"2014";7
"Social";"Saúde";"Óbitos por Residência Doenças do Aparelho Respiratório";"Tapajós";"Novo Progresso";"-";"2015";1
"Social";"Saúde";"Óbitos por Residência Doenças do Aparelho Respiratório";"Tapajós";"Novo Progresso";"-";"2016";8
"Social";"Saúde";"Óbitos por Residência Doenças do Aparelho Respiratório";"Tapajós";"Novo Progresso";"-";"2017";5
"Social";"Saúde";"Óbitos por Residência Doenças do Aparelho Respiratório";"Tapajós";"Novo Progresso";"-";"2018";12
"Social";"Saúde";"Óbitos por Residência Doenças do Aparelho Respiratório";"Tapajós";"Novo Progresso";"-";"2019";11
"Social";"Saúde";"Óbitos por Residência Doenças do Aparelho Respiratório";"Tapajós";"Novo Progresso";"-";"2020";8
"Social";"Saúde";"Óbitos por Residência Doenças do Aparelho Respiratório";"Tapajós";"Novo Progresso";"-";"2021";7
"Social";"Saúde";"Óbitos por Residência Doenças do Aparelho Respiratório";"Tapajós";"Novo Progresso";"-";"2022";10
"Social";"Saúde";"Óbitos por Residência Doenças do Aparelho Respiratório";"Tapajós";"Novo Progresso";"-";"2023";11
"Social";"Saúde";"Óbitos por Residência Doenças do Aparelho Respiratório";"Tapajós";"Novo Progresso";"-";"2024";18
"Social";"Saúde";"Óbitos por Residência Doenças do Aparelho Respiratório";"Lago de Tucuruí";"Novo Repartimento";"-";"2008";18
"Social";"Saúde";"Óbitos por Residência Doenças do Aparelho Respiratório";"Lago de Tucuruí";"Novo Repartimento";"-";"2009";16
"Social";"Saúde";"Óbitos por Residência Doenças do Aparelho Respiratório";"Lago de Tucuruí";"Novo Repartimento";"-";"2010";13
"Social";"Saúde";"Óbitos por Residência Doenças do Aparelho Respiratório";"Lago de Tucuruí";"Novo Repartimento";"-";"2012";14
"Social";"Saúde";"Óbitos por Residência Doenças do Aparelho Respiratório";"Lago de Tucuruí";"Novo Repartimento";"-";"2013";7
"Social";"Saúde";"Óbitos por Residência Doenças do Aparelho Respiratório";"Lago de Tucuruí";"Novo Repartimento";"-";"2014";9
"Social";"Saúde";"Óbitos por Residência Doenças do Aparelho Respiratório";"Lago de Tucuruí";"Novo Repartimento";"-";"2015";18
"Social";"Saúde";"Óbitos por Residência Doenças do Aparelho Respiratório";"Lago de Tucuruí";"Novo Repartimento";"-";"2016";17
"Social";"Saúde";"Óbitos por Residência Doenças do Aparelho Respiratório";"Lago de Tucuruí";"Novo Repartimento";"-";"2017";21
"Social";"Saúde";"Óbitos por Residência Doenças do Aparelho Respiratório";"Lago de Tucuruí";"Novo Repartimento";"-";"2018";30
"Social";"Saúde";"Óbitos por Residência Doenças do Aparelho Respiratório";"Lago de Tucuruí";"Novo Repartimento";"-";"2019";11
"Social";"Saúde";"Óbitos por Residência Doenças do Aparelho Respiratório";"Lago de Tucuruí";"Novo Repartimento";"-";"2020";20
"Social";"Saúde";"Óbitos por Residência Doenças do Aparelho Respiratório";"Lago de Tucuruí";"Novo Repartimento";"-";"2021";21
"Social";"Saúde";"Óbitos por Residência Doenças do Aparelho Respiratório";"Lago de Tucuruí";"Novo Repartimento";"-";"2022";33
"Social";"Saúde";"Óbitos por Residência Doenças do Aparelho Respiratório";"Lago de Tucuruí";"Novo Repartimento";"-";"2023";19
"Social";"Saúde";"Óbitos por Residência Doenças do Aparelho Respiratório";"Lago de Tucuruí";"Novo Repartimento";"-";"2024";27
"Social";"Saúde";"Óbitos por Residência Doenças do Aparelho Respiratório";"Baixo Amazonas";"Óbidos";"-";"2008";7
"Social";"Saúde";"Óbitos por Residência Doenças do Aparelho Respiratório";"Baixo Amazonas";"Óbidos";"-";"2009";9
"Social";"Saúde";"Óbitos por Residência Doenças do Aparelho Respiratório";"Baixo Amazonas";"Óbidos";"-";"2010";10
"Social";"Saúde";"Óbitos por Residência Doenças do Aparelho Respiratório";"Baixo Amazonas";"Óbidos";"-";"2012";16
"Social";"Saúde";"Óbitos por Residência Doenças do Aparelho Respiratório";"Baixo Amazonas";"Óbidos";"-";"2013";19
"Social";"Saúde";"Óbitos por Residência Doenças do Aparelho Respiratório";"Baixo Amazonas";"Óbidos";"-";"2014";12
"Social";"Saúde";"Óbitos por Residência Doenças do Aparelho Respiratório";"Baixo Amazonas";"Óbidos";"-";"2015";20
"Social";"Saúde";"Óbitos por Residência Doenças do Aparelho Respiratório";"Baixo Amazonas";"Óbidos";"-";"2016";16
"Social";"Saúde";"Óbitos por Residência Doenças do Aparelho Respiratório";"Baixo Amazonas";"Óbidos";"-";"2017";15
"Social";"Saúde";"Óbitos por Residência Doenças do Aparelho Respiratório";"Baixo Amazonas";"Óbidos";"-";"2018";20
"Social";"Saúde";"Óbitos por Residência Doenças do Aparelho Respiratório";"Baixo Amazonas";"Óbidos";"-";"2019";14
"Social";"Saúde";"Óbitos por Residência Doenças do Aparelho Respiratório";"Baixo Amazonas";"Óbidos";"-";"2020";23
"Social";"Saúde";"Óbitos por Residência Doenças do Aparelho Respiratório";"Baixo Amazonas";"Óbidos";"-";"2021";10
"Social";"Saúde";"Óbitos por Residência Doenças do Aparelho Respiratório";"Baixo Amazonas";"Óbidos";"-";"2022";27
"Social";"Saúde";"Óbitos por Residência Doenças do Aparelho Respiratório";"Baixo Amazonas";"Óbidos";"-";"2023";34
"Social";"Saúde";"Óbitos por Residência Doenças do Aparelho Respiratório";"Baixo Amazonas";"Óbidos";"-";"2024";30
"Social";"Saúde";"Óbitos por Residência Doenças do Aparelho Respiratório";"Marajó";"Oeiras do Pará";"-";"2008";12
"Social";"Saúde";"Óbitos por Residência Doenças do Aparelho Respiratório";"Marajó";"Oeiras do Pará";"-";"2009";9
"Social";"Saúde";"Óbitos por Residência Doenças do Aparelho Respiratório";"Marajó";"Oeiras do Pará";"-";"2010";13
"Social";"Saúde";"Óbitos por Residência Doenças do Aparelho Respiratório";"Marajó";"Oeiras do Pará";"-";"2012";8
"Social";"Saúde";"Óbitos por Residência Doenças do Aparelho Respiratório";"Marajó";"Oeiras do Pará";"-";"2013";7
"Social";"Saúde";"Óbitos por Residência Doenças do Aparelho Respiratório";"Marajó";"Oeiras do Pará";"-";"2014";9
"Social";"Saúde";"Óbitos por Residência Doenças do Aparelho Respiratório";"Marajó";"Oeiras do Pará";"-";"2015";11
"Social";"Saúde";"Óbitos por Residência Doenças do Aparelho Respiratório";"Marajó";"Oeiras do Pará";"-";"2016";11
"Social";"Saúde";"Óbitos por Residência Doenças do Aparelho Respiratório";"Marajó";"Oeiras do Pará";"-";"2017";9
"Social";"Saúde";"Óbitos por Residência Doenças do Aparelho Respiratório";"Marajó";"Oeiras do Pará";"-";"2018";12
"Social";"Saúde";"Óbitos por Residência Doenças do Aparelho Respiratório";"Marajó";"Oeiras do Pará";"-";"2019";10
"Social";"Saúde";"Óbitos por Residência Doenças do Aparelho Respiratório";"Marajó";"Oeiras do Pará";"-";"2020";12
"Social";"Saúde";"Óbitos por Residência Doenças do Aparelho Respiratório";"Marajó";"Oeiras do Pará";"-";"2021";2
"Social";"Saúde";"Óbitos por Residência Doenças do Aparelho Respiratório";"Marajó";"Oeiras do Pará";"-";"2022";17
"Social";"Saúde";"Óbitos por Residência Doenças do Aparelho Respiratório";"Marajó";"Oeiras do Pará";"-";"2023";14
"Social";"Saúde";"Óbitos por Residência Doenças do Aparelho Respiratório";"Marajó";"Oeiras do Pará";"-";"2024";17
"Social";"Saúde";"Óbitos por Residência Doenças do Aparelho Respiratório";"Baixo Amazonas";"Oriximiná";"-";"2008";10
"Social";"Saúde";"Óbitos por Residência Doenças do Aparelho Respiratório";"Baixo Amazonas";"Oriximiná";"-";"2009";11
"Social";"Saúde";"Óbitos por Residência Doenças do Aparelho Respiratório";"Baixo Amazonas";"Oriximiná";"-";"2010";16
"Social";"Saúde";"Óbitos por Residência Doenças do Aparelho Respiratório";"Baixo Amazonas";"Oriximiná";"-";"2012";19
"Social";"Saúde";"Óbitos por Residência Doenças do Aparelho Respiratório";"Baixo Amazonas";"Oriximiná";"-";"2013";22
"Social";"Saúde";"Óbitos por Residência Doenças do Aparelho Respiratório";"Baixo Amazonas";"Oriximiná";"-";"2014";26
"Social";"Saúde";"Óbitos por Residência Doenças do Aparelho Respiratório";"Baixo Amazonas";"Oriximiná";"-";"2015";21
"Social";"Saúde";"Óbitos por Residência Doenças do Aparelho Respiratório";"Baixo Amazonas";"Oriximiná";"-";"2016";30
"Social";"Saúde";"Óbitos por Residência Doenças do Aparelho Respiratório";"Baixo Amazonas";"Oriximiná";"-";"2017";42
"Social";"Saúde";"Óbitos por Residência Doenças do Aparelho Respiratório";"Baixo Amazonas";"Oriximiná";"-";"2018";28
"Social";"Saúde";"Óbitos por Residência Doenças do Aparelho Respiratório";"Baixo Amazonas";"Oriximiná";"-";"2019";26
"Social";"Saúde";"Óbitos por Residência Doenças do Aparelho Respiratório";"Baixo Amazonas";"Oriximiná";"-";"2020";23
"Social";"Saúde";"Óbitos por Residência Doenças do Aparelho Respiratório";"Baixo Amazonas";"Oriximiná";"-";"2021";26
"Social";"Saúde";"Óbitos por Residência Doenças do Aparelho Respiratório";"Baixo Amazonas";"Oriximiná";"-";"2022";30
"Social";"Saúde";"Óbitos por Residência Doenças do Aparelho Respiratório";"Baixo Amazonas";"Oriximiná";"-";"2023";36
"Social";"Saúde";"Óbitos por Residência Doenças do Aparelho Respiratório";"Baixo Amazonas";"Oriximiná";"-";"2024";24
"Social";"Saúde";"Óbitos por Residência Doenças do Aparelho Respiratório";"Rio Capim";"Ourém";"-";"2008";3
"Social";"Saúde";"Óbitos por Residência Doenças do Aparelho Respiratório";"Rio Capim";"Ourém";"-";"2009";5
"Social";"Saúde";"Óbitos por Residência Doenças do Aparelho Respiratório";"Rio Capim";"Ourém";"-";"2010";4
"Social";"Saúde";"Óbitos por Residência Doenças do Aparelho Respiratório";"Rio Capim";"Ourém";"-";"2012";1
"Social";"Saúde";"Óbitos por Residência Doenças do Aparelho Respiratório";"Rio Capim";"Ourém";"-";"2013";7
"Social";"Saúde";"Óbitos por Residência Doenças do Aparelho Respiratório";"Rio Capim";"Ourém";"-";"2014";6
"Social";"Saúde";"Óbitos por Residência Doenças do Aparelho Respiratório";"Rio Capim";"Ourém";"-";"2015";7
"Social";"Saúde";"Óbitos por Residência Doenças do Aparelho Respiratório";"Rio Capim";"Ourém";"-";"2016";8
"Social";"Saúde";"Óbitos por Residência Doenças do Aparelho Respiratório";"Rio Capim";"Ourém";"-";"2017";4
"Social";"Saúde";"Óbitos por Residência Doenças do Aparelho Respiratório";"Rio Capim";"Ourém";"-";"2018";16
"Social";"Saúde";"Óbitos por Residência Doenças do Aparelho Respiratório";"Rio Capim";"Ourém";"-";"2019";12
"Social";"Saúde";"Óbitos por Residência Doenças do Aparelho Respiratório";"Rio Capim";"Ourém";"-";"2020";18
"Social";"Saúde";"Óbitos por Residência Doenças do Aparelho Respiratório";"Rio Capim";"Ourém";"-";"2021";8
"Social";"Saúde";"Óbitos por Residência Doenças do Aparelho Respiratório";"Rio Capim";"Ourém";"-";"2022";19
"Social";"Saúde";"Óbitos por Residência Doenças do Aparelho Respiratório";"Rio Capim";"Ourém";"-";"2023";16
"Social";"Saúde";"Óbitos por Residência Doenças do Aparelho Respiratório";"Rio Capim";"Ourém";"-";"2024";13
"Social";"Saúde";"Óbitos por Residência Doenças do Aparelho Respiratório";"Araguaia";"Ourilândia do Norte";"-";"2008";4
"Social";"Saúde";"Óbitos por Residência Doenças do Aparelho Respiratório";"Araguaia";"Ourilândia do Norte";"-";"2009";12
"Social";"Saúde";"Óbitos por Residência Doenças do Aparelho Respiratório";"Araguaia";"Ourilândia do Norte";"-";"2010";7
"Social";"Saúde";"Óbitos por Residência Doenças do Aparelho Respiratório";"Araguaia";"Ourilândia do Norte";"-";"2012";11
"Social";"Saúde";"Óbitos por Residência Doenças do Aparelho Respiratório";"Araguaia";"Ourilândia do Norte";"-";"2013";13
"Social";"Saúde";"Óbitos por Residência Doenças do Aparelho Respiratório";"Araguaia";"Ourilândia do Norte";"-";"2014";11
"Social";"Saúde";"Óbitos por Residência Doenças do Aparelho Respiratório";"Araguaia";"Ourilândia do Norte";"-";"2015";4
"Social";"Saúde";"Óbitos por Residência Doenças do Aparelho Respiratório";"Araguaia";"Ourilândia do Norte";"-";"2016";5
"Social";"Saúde";"Óbitos por Residência Doenças do Aparelho Respiratório";"Araguaia";"Ourilândia do Norte";"-";"2017";16
"Social";"Saúde";"Óbitos por Residência Doenças do Aparelho Respiratório";"Araguaia";"Ourilândia do Norte";"-";"2018";11
"Social";"Saúde";"Óbitos por Residência Doenças do Aparelho Respiratório";"Araguaia";"Ourilândia do Norte";"-";"2019";10
"Social";"Saúde";"Óbitos por Residência Doenças do Aparelho Respiratório";"Araguaia";"Ourilândia do Norte";"-";"2020";4
"Social";"Saúde";"Óbitos por Residência Doenças do Aparelho Respiratório";"Araguaia";"Ourilândia do Norte";"-";"2021";8
"Social";"Saúde";"Óbitos por Residência Doenças do Aparelho Respiratório";"Araguaia";"Ourilândia do Norte";"-";"2022";8
"Social";"Saúde";"Óbitos por Residência Doenças do Aparelho Respiratório";"Araguaia";"Ourilândia do Norte";"-";"2023";20
"Social";"Saúde";"Óbitos por Residência Doenças do Aparelho Respiratório";"Araguaia";"Ourilândia do Norte";"-";"2024";19
"Social";"Saúde";"Óbitos por Residência Doenças do Aparelho Respiratório";"Xingu";"Pacajá";"-";"2008";11
"Social";"Saúde";"Óbitos por Residência Doenças do Aparelho Respiratório";"Xingu";"Pacajá";"-";"2009";9
"Social";"Saúde";"Óbitos por Residência Doenças do Aparelho Respiratório";"Xingu";"Pacajá";"-";"2010";12
"Social";"Saúde";"Óbitos por Residência Doenças do Aparelho Respiratório";"Xingu";"Pacajá";"-";"2012";11
"Social";"Saúde";"Óbitos por Residência Doenças do Aparelho Respiratório";"Xingu";"Pacajá";"-";"2013";9
"Social";"Saúde";"Óbitos por Residência Doenças do Aparelho Respiratório";"Xingu";"Pacajá";"-";"2014";1
"Social";"Saúde";"Óbitos por Residência Doenças do Aparelho Respiratório";"Xingu";"Pacajá";"-";"2015";8
"Social";"Saúde";"Óbitos por Residência Doenças do Aparelho Respiratório";"Xingu";"Pacajá";"-";"2016";7
"Social";"Saúde";"Óbitos por Residência Doenças do Aparelho Respiratório";"Xingu";"Pacajá";"-";"2017";13
"Social";"Saúde";"Óbitos por Residência Doenças do Aparelho Respiratório";"Xingu";"Pacajá";"-";"2018";7
"Social";"Saúde";"Óbitos por Residência Doenças do Aparelho Respiratório";"Xingu";"Pacajá";"-";"2019";16
"Social";"Saúde";"Óbitos por Residência Doenças do Aparelho Respiratório";"Xingu";"Pacajá";"-";"2020";13
"Social";"Saúde";"Óbitos por Residência Doenças do Aparelho Respiratório";"Xingu";"Pacajá";"-";"2021";16
"Social";"Saúde";"Óbitos por Residência Doenças do Aparelho Respiratório";"Xingu";"Pacajá";"-";"2022";20
"Social";"Saúde";"Óbitos por Residência Doenças do Aparelho Respiratório";"Xingu";"Pacajá";"-";"2023";15
"Social";"Saúde";"Óbitos por Residência Doenças do Aparelho Respiratório";"Xingu";"Pacajá";"-";"2024";13
"Social";"Saúde";"Óbitos por Residência Doenças do Aparelho Respiratório";"Carajás";"Palestina do Pará";"-";"2008";2
"Social";"Saúde";"Óbitos por Residência Doenças do Aparelho Respiratório";"Carajás";"Palestina do Pará";"-";"2009";3
"Social";"Saúde";"Óbitos por Residência Doenças do Aparelho Respiratório";"Carajás";"Palestina do Pará";"-";"2010";1
"Social";"Saúde";"Óbitos por Residência Doenças do Aparelho Respiratório";"Carajás";"Palestina do Pará";"-";"2012";3
"Social";"Saúde";"Óbitos por Residência Doenças do Aparelho Respiratório";"Carajás";"Palestina do Pará";"-";"2013";2
"Social";"Saúde";"Óbitos por Residência Doenças do Aparelho Respiratório";"Carajás";"Palestina do Pará";"-";"2014";3
"Social";"Saúde";"Óbitos por Residência Doenças do Aparelho Respiratório";"Carajás";"Palestina do Pará";"-";"2015";0
"Social";"Saúde";"Óbitos por Residência Doenças do Aparelho Respiratório";"Carajás";"Palestina do Pará";"-";"2016";2
"Social";"Saúde";"Óbitos por Residência Doenças do Aparelho Respiratório";"Carajás";"Palestina do Pará";"-";"2017";1
"Social";"Saúde";"Óbitos por Residência Doenças do Aparelho Respiratório";"Carajás";"Palestina do Pará";"-";"2018";4
"Social";"Saúde";"Óbitos por Residência Doenças do Aparelho Respiratório";"Carajás";"Palestina do Pará";"-";"2019";1
"Social";"Saúde";"Óbitos por Residência Doenças do Aparelho Respiratório";"Carajás";"Palestina do Pará";"-";"2020";2
"Social";"Saúde";"Óbitos por Residência Doenças do Aparelho Respiratório";"Carajás";"Palestina do Pará";"-";"2021";2
"Social";"Saúde";"Óbitos por Residência Doenças do Aparelho Respiratório";"Carajás";"Palestina do Pará";"-";"2022";9
"Social";"Saúde";"Óbitos por Residência Doenças do Aparelho Respiratório";"Carajás";"Palestina do Pará";"-";"2023";5
"Social";"Saúde";"Óbitos por Residência Doenças do Aparelho Respiratório";"Carajás";"Palestina do Pará";"-";"2024";4
"Social";"Saúde";"Óbitos por Residência Doenças do Aparelho Respiratório";"Rio Capim";"Paragominas";"-";"2008";15
"Social";"Saúde";"Óbitos por Residência Doenças do Aparelho Respiratório";"Rio Capim";"Paragominas";"-";"2009";22
"Social";"Saúde";"Óbitos por Residência Doenças do Aparelho Respiratório";"Rio Capim";"Paragominas";"-";"2010";25
"Social";"Saúde";"Óbitos por Residência Doenças do Aparelho Respiratório";"Rio Capim";"Paragominas";"-";"2012";30
"Social";"Saúde";"Óbitos por Residência Doenças do Aparelho Respiratório";"Rio Capim";"Paragominas";"-";"2013";31
"Social";"Saúde";"Óbitos por Residência Doenças do Aparelho Respiratório";"Rio Capim";"Paragominas";"-";"2014";34
"Social";"Saúde";"Óbitos por Residência Doenças do Aparelho Respiratório";"Rio Capim";"Paragominas";"-";"2015";35
"Social";"Saúde";"Óbitos por Residência Doenças do Aparelho Respiratório";"Rio Capim";"Paragominas";"-";"2016";25
"Social";"Saúde";"Óbitos por Residência Doenças do Aparelho Respiratório";"Rio Capim";"Paragominas";"-";"2017";48
"Social";"Saúde";"Óbitos por Residência Doenças do Aparelho Respiratório";"Rio Capim";"Paragominas";"-";"2018";47
"Social";"Saúde";"Óbitos por Residência Doenças do Aparelho Respiratório";"Rio Capim";"Paragominas";"-";"2019";38
"Social";"Saúde";"Óbitos por Residência Doenças do Aparelho Respiratório";"Rio Capim";"Paragominas";"-";"2020";45
"Social";"Saúde";"Óbitos por Residência Doenças do Aparelho Respiratório";"Rio Capim";"Paragominas";"-";"2021";51
"Social";"Saúde";"Óbitos por Residência Doenças do Aparelho Respiratório";"Rio Capim";"Paragominas";"-";"2022";73
"Social";"Saúde";"Óbitos por Residência Doenças do Aparelho Respiratório";"Rio Capim";"Paragominas";"-";"2023";51
"Social";"Saúde";"Óbitos por Residência Doenças do Aparelho Respiratório";"Rio Capim";"Paragominas";"-";"2024";26
"Social";"Saúde";"Óbitos por Residência Doenças do Aparelho Respiratório";"Carajás";"Parauapebas";"-";"2008";22
"Social";"Saúde";"Óbitos por Residência Doenças do Aparelho Respiratório";"Carajás";"Parauapebas";"-";"2009";26
"Social";"Saúde";"Óbitos por Residência Doenças do Aparelho Respiratório";"Carajás";"Parauapebas";"-";"2010";51
"Social";"Saúde";"Óbitos por Residência Doenças do Aparelho Respiratório";"Carajás";"Parauapebas";"-";"2012";47
"Social";"Saúde";"Óbitos por Residência Doenças do Aparelho Respiratório";"Carajás";"Parauapebas";"-";"2013";54
"Social";"Saúde";"Óbitos por Residência Doenças do Aparelho Respiratório";"Carajás";"Parauapebas";"-";"2014";47
"Social";"Saúde";"Óbitos por Residência Doenças do Aparelho Respiratório";"Carajás";"Parauapebas";"-";"2015";56
"Social";"Saúde";"Óbitos por Residência Doenças do Aparelho Respiratório";"Carajás";"Parauapebas";"-";"2016";52
"Social";"Saúde";"Óbitos por Residência Doenças do Aparelho Respiratório";"Carajás";"Parauapebas";"-";"2017";63
"Social";"Saúde";"Óbitos por Residência Doenças do Aparelho Respiratório";"Carajás";"Parauapebas";"-";"2018";80
"Social";"Saúde";"Óbitos por Residência Doenças do Aparelho Respiratório";"Carajás";"Parauapebas";"-";"2019";75
"Social";"Saúde";"Óbitos por Residência Doenças do Aparelho Respiratório";"Carajás";"Parauapebas";"-";"2020";84
"Social";"Saúde";"Óbitos por Residência Doenças do Aparelho Respiratório";"Carajás";"Parauapebas";"-";"2021";125
"Social";"Saúde";"Óbitos por Residência Doenças do Aparelho Respiratório";"Carajás";"Parauapebas";"-";"2022";87
"Social";"Saúde";"Óbitos por Residência Doenças do Aparelho Respiratório";"Carajás";"Parauapebas";"-";"2023";79
"Social";"Saúde";"Óbitos por Residência Doenças do Aparelho Respiratório";"Carajás";"Parauapebas";"-";"2024";107
"Social";"Saúde";"Óbitos por Residência Doenças do Aparelho Respiratório";"Araguaia";"Pau D'Arco";"-";"2008";3
"Social";"Saúde";"Óbitos por Residência Doenças do Aparelho Respiratório";"Araguaia";"Pau D'Arco";"-";"2009";1
"Social";"Saúde";"Óbitos por Residência Doenças do Aparelho Respiratório";"Araguaia";"Pau D'Arco";"-";"2010";6
"Social";"Saúde";"Óbitos por Residência Doenças do Aparelho Respiratório";"Araguaia";"Pau D'Arco";"-";"2012";1
"Social";"Saúde";"Óbitos por Residência Doenças do Aparelho Respiratório";"Araguaia";"Pau D'Arco";"-";"2013";4
"Social";"Saúde";"Óbitos por Residência Doenças do Aparelho Respiratório";"Araguaia";"Pau D'Arco";"-";"2014";4
"Social";"Saúde";"Óbitos por Residência Doenças do Aparelho Respiratório";"Araguaia";"Pau D'Arco";"-";"2015";4
"Social";"Saúde";"Óbitos por Residência Doenças do Aparelho Respiratório";"Araguaia";"Pau D'Arco";"-";"2016";1
"Social";"Saúde";"Óbitos por Residência Doenças do Aparelho Respiratório";"Araguaia";"Pau D'Arco";"-";"2017";4
"Social";"Saúde";"Óbitos por Residência Doenças do Aparelho Respiratório";"Araguaia";"Pau D'Arco";"-";"2018";5
"Social";"Saúde";"Óbitos por Residência Doenças do Aparelho Respiratório";"Araguaia";"Pau D'Arco";"-";"2019";5
"Social";"Saúde";"Óbitos por Residência Doenças do Aparelho Respiratório";"Araguaia";"Pau D'Arco";"-";"2020";8
"Social";"Saúde";"Óbitos por Residência Doenças do Aparelho Respiratório";"Araguaia";"Pau D'Arco";"-";"2021";5
"Social";"Saúde";"Óbitos por Residência Doenças do Aparelho Respiratório";"Araguaia";"Pau D'Arco";"-";"2022";6
"Social";"Saúde";"Óbitos por Residência Doenças do Aparelho Respiratório";"Araguaia";"Pau D'Arco";"-";"2023";5
"Social";"Saúde";"Óbitos por Residência Doenças do Aparelho Respiratório";"Araguaia";"Pau D'Arco";"-";"2024";17
"Social";"Saúde";"Óbitos por Residência Doenças do Aparelho Respiratório";"Rio Caeté";"Peixe-Boi";"-";"2008";1
"Social";"Saúde";"Óbitos por Residência Doenças do Aparelho Respiratório";"Rio Caeté";"Peixe-Boi";"-";"2009";4
"Social";"Saúde";"Óbitos por Residência Doenças do Aparelho Respiratório";"Rio Caeté";"Peixe-Boi";"-";"2010";3
"Social";"Saúde";"Óbitos por Residência Doenças do Aparelho Respiratório";"Rio Caeté";"Peixe-Boi";"-";"2012";5
"Social";"Saúde";"Óbitos por Residência Doenças do Aparelho Respiratório";"Rio Caeté";"Peixe-Boi";"-";"2013";5
"Social";"Saúde";"Óbitos por Residência Doenças do Aparelho Respiratório";"Rio Caeté";"Peixe-Boi";"-";"2014";2
"Social";"Saúde";"Óbitos por Residência Doenças do Aparelho Respiratório";"Rio Caeté";"Peixe-Boi";"-";"2015";4
"Social";"Saúde";"Óbitos por Residência Doenças do Aparelho Respiratório";"Rio Caeté";"Peixe-Boi";"-";"2016";5
"Social";"Saúde";"Óbitos por Residência Doenças do Aparelho Respiratório";"Rio Caeté";"Peixe-Boi";"-";"2017";5
"Social";"Saúde";"Óbitos por Residência Doenças do Aparelho Respiratório";"Rio Caeté";"Peixe-Boi";"-";"2018";6
"Social";"Saúde";"Óbitos por Residência Doenças do Aparelho Respiratório";"Rio Caeté";"Peixe-Boi";"-";"2019";7
"Social";"Saúde";"Óbitos por Residência Doenças do Aparelho Respiratório";"Rio Caeté";"Peixe-Boi";"-";"2020";2
"Social";"Saúde";"Óbitos por Residência Doenças do Aparelho Respiratório";"Rio Caeté";"Peixe-Boi";"-";"2021";5
"Social";"Saúde";"Óbitos por Residência Doenças do Aparelho Respiratório";"Rio Caeté";"Peixe-Boi";"-";"2022";8
"Social";"Saúde";"Óbitos por Residência Doenças do Aparelho Respiratório";"Rio Caeté";"Peixe-Boi";"-";"2023";4
"Social";"Saúde";"Óbitos por Residência Doenças do Aparelho Respiratório";"Rio Caeté";"Peixe-Boi";"-";"2024";13
"Social";"Saúde";"Óbitos por Residência Doenças do Aparelho Respiratório";"Carajás";"Piçarra";"-";"2008";1
"Social";"Saúde";"Óbitos por Residência Doenças do Aparelho Respiratório";"Carajás";"Piçarra";"-";"2009";3
"Social";"Saúde";"Óbitos por Residência Doenças do Aparelho Respiratório";"Carajás";"Piçarra";"-";"2010";6
"Social";"Saúde";"Óbitos por Residência Doenças do Aparelho Respiratório";"Carajás";"Piçarra";"-";"2012";1
"Social";"Saúde";"Óbitos por Residência Doenças do Aparelho Respiratório";"Carajás";"Piçarra";"-";"2013";1
"Social";"Saúde";"Óbitos por Residência Doenças do Aparelho Respiratório";"Carajás";"Piçarra";"-";"2014";3
"Social";"Saúde";"Óbitos por Residência Doenças do Aparelho Respiratório";"Carajás";"Piçarra";"-";"2015";3
"Social";"Saúde";"Óbitos por Residência Doenças do Aparelho Respiratório";"Carajás";"Piçarra";"-";"2016";2
"Social";"Saúde";"Óbitos por Residência Doenças do Aparelho Respiratório";"Carajás";"Piçarra";"-";"2017";2
"Social";"Saúde";"Óbitos por Residência Doenças do Aparelho Respiratório";"Carajás";"Piçarra";"-";"2018";4
"Social";"Saúde";"Óbitos por Residência Doenças do Aparelho Respiratório";"Carajás";"Piçarra";"-";"2019";4
"Social";"Saúde";"Óbitos por Residência Doenças do Aparelho Respiratório";"Carajás";"Piçarra";"-";"2020";0
"Social";"Saúde";"Óbitos por Residência Doenças do Aparelho Respiratório";"Carajás";"Piçarra";"-";"2021";4
"Social";"Saúde";"Óbitos por Residência Doenças do Aparelho Respiratório";"Carajás";"Piçarra";"-";"2022";5
"Social";"Saúde";"Óbitos por Residência Doenças do Aparelho Respiratório";"Carajás";"Piçarra";"-";"2023";6
"Social";"Saúde";"Óbitos por Residência Doenças do Aparelho Respiratório";"Carajás";"Piçarra";"-";"2024";5
"Social";"Saúde";"Óbitos por Residência Doenças do Aparelho Respiratório";"Xingu";"Placas";"-";"2008";1
"Social";"Saúde";"Óbitos por Residência Doenças do Aparelho Respiratório";"Xingu";"Placas";"-";"2009";2
"Social";"Saúde";"Óbitos por Residência Doenças do Aparelho Respiratório";"Xingu";"Placas";"-";"2010";5
"Social";"Saúde";"Óbitos por Residência Doenças do Aparelho Respiratório";"Xingu";"Placas";"-";"2012";4
"Social";"Saúde";"Óbitos por Residência Doenças do Aparelho Respiratório";"Xingu";"Placas";"-";"2013";2
"Social";"Saúde";"Óbitos por Residência Doenças do Aparelho Respiratório";"Xingu";"Placas";"-";"2014";3
"Social";"Saúde";"Óbitos por Residência Doenças do Aparelho Respiratório";"Xingu";"Placas";"-";"2015";4
"Social";"Saúde";"Óbitos por Residência Doenças do Aparelho Respiratório";"Xingu";"Placas";"-";"2016";8
"Social";"Saúde";"Óbitos por Residência Doenças do Aparelho Respiratório";"Xingu";"Placas";"-";"2017";7
"Social";"Saúde";"Óbitos por Residência Doenças do Aparelho Respiratório";"Xingu";"Placas";"-";"2018";4
"Social";"Saúde";"Óbitos por Residência Doenças do Aparelho Respiratório";"Xingu";"Placas";"-";"2019";3
"Social";"Saúde";"Óbitos por Residência Doenças do Aparelho Respiratório";"Xingu";"Placas";"-";"2020";2
"Social";"Saúde";"Óbitos por Residência Doenças do Aparelho Respiratório";"Xingu";"Placas";"-";"2021";2
"Social";"Saúde";"Óbitos por Residência Doenças do Aparelho Respiratório";"Xingu";"Placas";"-";"2022";8
"Social";"Saúde";"Óbitos por Residência Doenças do Aparelho Respiratório";"Xingu";"Placas";"-";"2023";9
"Social";"Saúde";"Óbitos por Residência Doenças do Aparelho Respiratório";"Xingu";"Placas";"-";"2024";6
"Social";"Saúde";"Óbitos por Residência Doenças do Aparelho Respiratório";"Marajó";"Ponta de Pedras";"-";"2008";2
"Social";"Saúde";"Óbitos por Residência Doenças do Aparelho Respiratório";"Marajó";"Ponta de Pedras";"-";"2009";7
"Social";"Saúde";"Óbitos por Residência Doenças do Aparelho Respiratório";"Marajó";"Ponta de Pedras";"-";"2010";6
"Social";"Saúde";"Óbitos por Residência Doenças do Aparelho Respiratório";"Marajó";"Ponta de Pedras";"-";"2012";11
"Social";"Saúde";"Óbitos por Residência Doenças do Aparelho Respiratório";"Marajó";"Ponta de Pedras";"-";"2013";7
"Social";"Saúde";"Óbitos por Residência Doenças do Aparelho Respiratório";"Marajó";"Ponta de Pedras";"-";"2014";11
"Social";"Saúde";"Óbitos por Residência Doenças do Aparelho Respiratório";"Marajó";"Ponta de Pedras";"-";"2015";12
"Social";"Saúde";"Óbitos por Residência Doenças do Aparelho Respiratório";"Marajó";"Ponta de Pedras";"-";"2016";5
"Social";"Saúde";"Óbitos por Residência Doenças do Aparelho Respiratório";"Marajó";"Ponta de Pedras";"-";"2017";12
"Social";"Saúde";"Óbitos por Residência Doenças do Aparelho Respiratório";"Marajó";"Ponta de Pedras";"-";"2018";10
"Social";"Saúde";"Óbitos por Residência Doenças do Aparelho Respiratório";"Marajó";"Ponta de Pedras";"-";"2019";14
"Social";"Saúde";"Óbitos por Residência Doenças do Aparelho Respiratório";"Marajó";"Ponta de Pedras";"-";"2020";13
"Social";"Saúde";"Óbitos por Residência Doenças do Aparelho Respiratório";"Marajó";"Ponta de Pedras";"-";"2021";8
"Social";"Saúde";"Óbitos por Residência Doenças do Aparelho Respiratório";"Marajó";"Ponta de Pedras";"-";"2022";20
"Social";"Saúde";"Óbitos por Residência Doenças do Aparelho Respiratório";"Marajó";"Ponta de Pedras";"-";"2023";7
"Social";"Saúde";"Óbitos por Residência Doenças do Aparelho Respiratório";"Marajó";"Ponta de Pedras";"-";"2024";9
"Social";"Saúde";"Óbitos por Residência Doenças do Aparelho Respiratório";"Marajó";"Portel";"-";"2008";7
"Social";"Saúde";"Óbitos por Residência Doenças do Aparelho Respiratório";"Marajó";"Portel";"-";"2009";16
"Social";"Saúde";"Óbitos por Residência Doenças do Aparelho Respiratório";"Marajó";"Portel";"-";"2010";18
"Social";"Saúde";"Óbitos por Residência Doenças do Aparelho Respiratório";"Marajó";"Portel";"-";"2012";16
"Social";"Saúde";"Óbitos por Residência Doenças do Aparelho Respiratório";"Marajó";"Portel";"-";"2013";7
"Social";"Saúde";"Óbitos por Residência Doenças do Aparelho Respiratório";"Marajó";"Portel";"-";"2014";18
"Social";"Saúde";"Óbitos por Residência Doenças do Aparelho Respiratório";"Marajó";"Portel";"-";"2015";8
"Social";"Saúde";"Óbitos por Residência Doenças do Aparelho Respiratório";"Marajó";"Portel";"-";"2016";14
"Social";"Saúde";"Óbitos por Residência Doenças do Aparelho Respiratório";"Marajó";"Portel";"-";"2017";23
"Social";"Saúde";"Óbitos por Residência Doenças do Aparelho Respiratório";"Marajó";"Portel";"-";"2018";19
"Social";"Saúde";"Óbitos por Residência Doenças do Aparelho Respiratório";"Marajó";"Portel";"-";"2019";30
"Social";"Saúde";"Óbitos por Residência Doenças do Aparelho Respiratório";"Marajó";"Portel";"-";"2020";16
"Social";"Saúde";"Óbitos por Residência Doenças do Aparelho Respiratório";"Marajó";"Portel";"-";"2021";18
"Social";"Saúde";"Óbitos por Residência Doenças do Aparelho Respiratório";"Marajó";"Portel";"-";"2022";40
"Social";"Saúde";"Óbitos por Residência Doenças do Aparelho Respiratório";"Marajó";"Portel";"-";"2023";28
"Social";"Saúde";"Óbitos por Residência Doenças do Aparelho Respiratório";"Marajó";"Portel";"-";"2024";35
"Social";"Saúde";"Óbitos por Residência Doenças do Aparelho Respiratório";"Xingu";"Porto de Moz";"-";"2008";1
"Social";"Saúde";"Óbitos por Residência Doenças do Aparelho Respiratório";"Xingu";"Porto de Moz";"-";"2009";4
"Social";"Saúde";"Óbitos por Residência Doenças do Aparelho Respiratório";"Xingu";"Porto de Moz";"-";"2010";5
"Social";"Saúde";"Óbitos por Residência Doenças do Aparelho Respiratório";"Xingu";"Porto de Moz";"-";"2012";12
"Social";"Saúde";"Óbitos por Residência Doenças do Aparelho Respiratório";"Xingu";"Porto de Moz";"-";"2013";12
"Social";"Saúde";"Óbitos por Residência Doenças do Aparelho Respiratório";"Xingu";"Porto de Moz";"-";"2014";11
"Social";"Saúde";"Óbitos por Residência Doenças do Aparelho Respiratório";"Xingu";"Porto de Moz";"-";"2015";4
"Social";"Saúde";"Óbitos por Residência Doenças do Aparelho Respiratório";"Xingu";"Porto de Moz";"-";"2016";4
"Social";"Saúde";"Óbitos por Residência Doenças do Aparelho Respiratório";"Xingu";"Porto de Moz";"-";"2017";12
"Social";"Saúde";"Óbitos por Residência Doenças do Aparelho Respiratório";"Xingu";"Porto de Moz";"-";"2018";13
"Social";"Saúde";"Óbitos por Residência Doenças do Aparelho Respiratório";"Xingu";"Porto de Moz";"-";"2019";11
"Social";"Saúde";"Óbitos por Residência Doenças do Aparelho Respiratório";"Xingu";"Porto de Moz";"-";"2020";12
"Social";"Saúde";"Óbitos por Residência Doenças do Aparelho Respiratório";"Xingu";"Porto de Moz";"-";"2021";14
"Social";"Saúde";"Óbitos por Residência Doenças do Aparelho Respiratório";"Xingu";"Porto de Moz";"-";"2022";14
"Social";"Saúde";"Óbitos por Residência Doenças do Aparelho Respiratório";"Xingu";"Porto de Moz";"-";"2023";9
"Social";"Saúde";"Óbitos por Residência Doenças do Aparelho Respiratório";"Xingu";"Porto de Moz";"-";"2024";13
"Social";"Saúde";"Óbitos por Residência Doenças do Aparelho Respiratório";"Baixo Amazonas";"Prainha";"-";"2008";2
"Social";"Saúde";"Óbitos por Residência Doenças do Aparelho Respiratório";"Baixo Amazonas";"Prainha";"-";"2009";4
"Social";"Saúde";"Óbitos por Residência Doenças do Aparelho Respiratório";"Baixo Amazonas";"Prainha";"-";"2010";5
"Social";"Saúde";"Óbitos por Residência Doenças do Aparelho Respiratório";"Baixo Amazonas";"Prainha";"-";"2012";11
"Social";"Saúde";"Óbitos por Residência Doenças do Aparelho Respiratório";"Baixo Amazonas";"Prainha";"-";"2013";8
"Social";"Saúde";"Óbitos por Residência Doenças do Aparelho Respiratório";"Baixo Amazonas";"Prainha";"-";"2014";4
"Social";"Saúde";"Óbitos por Residência Doenças do Aparelho Respiratório";"Baixo Amazonas";"Prainha";"-";"2015";2
"Social";"Saúde";"Óbitos por Residência Doenças do Aparelho Respiratório";"Baixo Amazonas";"Prainha";"-";"2016";6
"Social";"Saúde";"Óbitos por Residência Doenças do Aparelho Respiratório";"Baixo Amazonas";"Prainha";"-";"2017";6
"Social";"Saúde";"Óbitos por Residência Doenças do Aparelho Respiratório";"Baixo Amazonas";"Prainha";"-";"2018";5
"Social";"Saúde";"Óbitos por Residência Doenças do Aparelho Respiratório";"Baixo Amazonas";"Prainha";"-";"2019";11
"Social";"Saúde";"Óbitos por Residência Doenças do Aparelho Respiratório";"Baixo Amazonas";"Prainha";"-";"2020";7
"Social";"Saúde";"Óbitos por Residência Doenças do Aparelho Respiratório";"Baixo Amazonas";"Prainha";"-";"2021";10
"Social";"Saúde";"Óbitos por Residência Doenças do Aparelho Respiratório";"Baixo Amazonas";"Prainha";"-";"2022";17
"Social";"Saúde";"Óbitos por Residência Doenças do Aparelho Respiratório";"Baixo Amazonas";"Prainha";"-";"2023";8
"Social";"Saúde";"Óbitos por Residência Doenças do Aparelho Respiratório";"Baixo Amazonas";"Prainha";"-";"2024";12
"Social";"Saúde";"Óbitos por Residência Doenças do Aparelho Respiratório";"Rio Caeté";"Primavera";"-";"2008";2
"Social";"Saúde";"Óbitos por Residência Doenças do Aparelho Respiratório";"Rio Caeté";"Primavera";"-";"2009";0
"Social";"Saúde";"Óbitos por Residência Doenças do Aparelho Respiratório";"Rio Caeté";"Primavera";"-";"2010";3
"Social";"Saúde";"Óbitos por Residência Doenças do Aparelho Respiratório";"Rio Caeté";"Primavera";"-";"2012";3
"Social";"Saúde";"Óbitos por Residência Doenças do Aparelho Respiratório";"Rio Caeté";"Primavera";"-";"2013";6
"Social";"Saúde";"Óbitos por Residência Doenças do Aparelho Respiratório";"Rio Caeté";"Primavera";"-";"2014";4
"Social";"Saúde";"Óbitos por Residência Doenças do Aparelho Respiratório";"Rio Caeté";"Primavera";"-";"2015";6
"Social";"Saúde";"Óbitos por Residência Doenças do Aparelho Respiratório";"Rio Caeté";"Primavera";"-";"2016";4
"Social";"Saúde";"Óbitos por Residência Doenças do Aparelho Respiratório";"Rio Caeté";"Primavera";"-";"2017";10
"Social";"Saúde";"Óbitos por Residência Doenças do Aparelho Respiratório";"Rio Caeté";"Primavera";"-";"2018";13
"Social";"Saúde";"Óbitos por Residência Doenças do Aparelho Respiratório";"Rio Caeté";"Primavera";"-";"2019";7
"Social";"Saúde";"Óbitos por Residência Doenças do Aparelho Respiratório";"Rio Caeté";"Primavera";"-";"2020";5
"Social";"Saúde";"Óbitos por Residência Doenças do Aparelho Respiratório";"Rio Caeté";"Primavera";"-";"2021";7
"Social";"Saúde";"Óbitos por Residência Doenças do Aparelho Respiratório";"Rio Caeté";"Primavera";"-";"2022";12
"Social";"Saúde";"Óbitos por Residência Doenças do Aparelho Respiratório";"Rio Caeté";"Primavera";"-";"2023";11
"Social";"Saúde";"Óbitos por Residência Doenças do Aparelho Respiratório";"Rio Caeté";"Primavera";"-";"2024";9
"Social";"Saúde";"Óbitos por Residência Doenças do Aparelho Respiratório";"Rio Caeté";"Quatipuru";"-";"2008";2
"Social";"Saúde";"Óbitos por Residência Doenças do Aparelho Respiratório";"Rio Caeté";"Quatipuru";"-";"2009";4
"Social";"Saúde";"Óbitos por Residência Doenças do Aparelho Respiratório";"Rio Caeté";"Quatipuru";"-";"2010";3
"Social";"Saúde";"Óbitos por Residência Doenças do Aparelho Respiratório";"Rio Caeté";"Quatipuru";"-";"2012";3
"Social";"Saúde";"Óbitos por Residência Doenças do Aparelho Respiratório";"Rio Caeté";"Quatipuru";"-";"2013";4
"Social";"Saúde";"Óbitos por Residência Doenças do Aparelho Respiratório";"Rio Caeté";"Quatipuru";"-";"2014";4
"Social";"Saúde";"Óbitos por Residência Doenças do Aparelho Respiratório";"Rio Caeté";"Quatipuru";"-";"2015";6
"Social";"Saúde";"Óbitos por Residência Doenças do Aparelho Respiratório";"Rio Caeté";"Quatipuru";"-";"2016";5
"Social";"Saúde";"Óbitos por Residência Doenças do Aparelho Respiratório";"Rio Caeté";"Quatipuru";"-";"2017";7
"Social";"Saúde";"Óbitos por Residência Doenças do Aparelho Respiratório";"Rio Caeté";"Quatipuru";"-";"2018";6
"Social";"Saúde";"Óbitos por Residência Doenças do Aparelho Respiratório";"Rio Caeté";"Quatipuru";"-";"2019";7
"Social";"Saúde";"Óbitos por Residência Doenças do Aparelho Respiratório";"Rio Caeté";"Quatipuru";"-";"2020";7
"Social";"Saúde";"Óbitos por Residência Doenças do Aparelho Respiratório";"Rio Caeté";"Quatipuru";"-";"2021";9
"Social";"Saúde";"Óbitos por Residência Doenças do Aparelho Respiratório";"Rio Caeté";"Quatipuru";"-";"2022";8
"Social";"Saúde";"Óbitos por Residência Doenças do Aparelho Respiratório";"Rio Caeté";"Quatipuru";"-";"2023";10
"Social";"Saúde";"Óbitos por Residência Doenças do Aparelho Respiratório";"Rio Caeté";"Quatipuru";"-";"2024";7
"Social";"Saúde";"Óbitos por Residência Doenças do Aparelho Respiratório";"Araguaia";"Redenção";"-";"2008";29
"Social";"Saúde";"Óbitos por Residência Doenças do Aparelho Respiratório";"Araguaia";"Redenção";"-";"2009";30
"Social";"Saúde";"Óbitos por Residência Doenças do Aparelho Respiratório";"Araguaia";"Redenção";"-";"2010";32
"Social";"Saúde";"Óbitos por Residência Doenças do Aparelho Respiratório";"Araguaia";"Redenção";"-";"2012";21
"Social";"Saúde";"Óbitos por Residência Doenças do Aparelho Respiratório";"Araguaia";"Redenção";"-";"2013";34
"Social";"Saúde";"Óbitos por Residência Doenças do Aparelho Respiratório";"Araguaia";"Redenção";"-";"2014";38
"Social";"Saúde";"Óbitos por Residência Doenças do Aparelho Respiratório";"Araguaia";"Redenção";"-";"2015";43
"Social";"Saúde";"Óbitos por Residência Doenças do Aparelho Respiratório";"Araguaia";"Redenção";"-";"2016";31
"Social";"Saúde";"Óbitos por Residência Doenças do Aparelho Respiratório";"Araguaia";"Redenção";"-";"2017";57
"Social";"Saúde";"Óbitos por Residência Doenças do Aparelho Respiratório";"Araguaia";"Redenção";"-";"2018";53
"Social";"Saúde";"Óbitos por Residência Doenças do Aparelho Respiratório";"Araguaia";"Redenção";"-";"2019";69
"Social";"Saúde";"Óbitos por Residência Doenças do Aparelho Respiratório";"Araguaia";"Redenção";"-";"2020";52
"Social";"Saúde";"Óbitos por Residência Doenças do Aparelho Respiratório";"Araguaia";"Redenção";"-";"2021";60
"Social";"Saúde";"Óbitos por Residência Doenças do Aparelho Respiratório";"Araguaia";"Redenção";"-";"2022";54
"Social";"Saúde";"Óbitos por Residência Doenças do Aparelho Respiratório";"Araguaia";"Redenção";"-";"2023";53
"Social";"Saúde";"Óbitos por Residência Doenças do Aparelho Respiratório";"Araguaia";"Redenção";"-";"2024";70
"Social";"Saúde";"Óbitos por Residência Doenças do Aparelho Respiratório";"Araguaia";"Rio Maria";"-";"2008";8
"Social";"Saúde";"Óbitos por Residência Doenças do Aparelho Respiratório";"Araguaia";"Rio Maria";"-";"2009";1
"Social";"Saúde";"Óbitos por Residência Doenças do Aparelho Respiratório";"Araguaia";"Rio Maria";"-";"2010";10
"Social";"Saúde";"Óbitos por Residência Doenças do Aparelho Respiratório";"Araguaia";"Rio Maria";"-";"2012";9
"Social";"Saúde";"Óbitos por Residência Doenças do Aparelho Respiratório";"Araguaia";"Rio Maria";"-";"2013";11
"Social";"Saúde";"Óbitos por Residência Doenças do Aparelho Respiratório";"Araguaia";"Rio Maria";"-";"2014";11
"Social";"Saúde";"Óbitos por Residência Doenças do Aparelho Respiratório";"Araguaia";"Rio Maria";"-";"2015";11
"Social";"Saúde";"Óbitos por Residência Doenças do Aparelho Respiratório";"Araguaia";"Rio Maria";"-";"2016";10
"Social";"Saúde";"Óbitos por Residência Doenças do Aparelho Respiratório";"Araguaia";"Rio Maria";"-";"2017";11
"Social";"Saúde";"Óbitos por Residência Doenças do Aparelho Respiratório";"Araguaia";"Rio Maria";"-";"2018";13
"Social";"Saúde";"Óbitos por Residência Doenças do Aparelho Respiratório";"Araguaia";"Rio Maria";"-";"2019";13
"Social";"Saúde";"Óbitos por Residência Doenças do Aparelho Respiratório";"Araguaia";"Rio Maria";"-";"2020";14
"Social";"Saúde";"Óbitos por Residência Doenças do Aparelho Respiratório";"Araguaia";"Rio Maria";"-";"2021";9
"Social";"Saúde";"Óbitos por Residência Doenças do Aparelho Respiratório";"Araguaia";"Rio Maria";"-";"2022";14
"Social";"Saúde";"Óbitos por Residência Doenças do Aparelho Respiratório";"Araguaia";"Rio Maria";"-";"2023";18
"Social";"Saúde";"Óbitos por Residência Doenças do Aparelho Respiratório";"Araguaia";"Rio Maria";"-";"2024";27
"Social";"Saúde";"Óbitos por Residência Doenças do Aparelho Respiratório";"Rio Capim";"Rondon do Pará";"-";"2008";11
"Social";"Saúde";"Óbitos por Residência Doenças do Aparelho Respiratório";"Rio Capim";"Rondon do Pará";"-";"2009";19
"Social";"Saúde";"Óbitos por Residência Doenças do Aparelho Respiratório";"Rio Capim";"Rondon do Pará";"-";"2010";7
"Social";"Saúde";"Óbitos por Residência Doenças do Aparelho Respiratório";"Rio Capim";"Rondon do Pará";"-";"2012";10
"Social";"Saúde";"Óbitos por Residência Doenças do Aparelho Respiratório";"Rio Capim";"Rondon do Pará";"-";"2013";13
"Social";"Saúde";"Óbitos por Residência Doenças do Aparelho Respiratório";"Rio Capim";"Rondon do Pará";"-";"2014";16
"Social";"Saúde";"Óbitos por Residência Doenças do Aparelho Respiratório";"Rio Capim";"Rondon do Pará";"-";"2015";9
"Social";"Saúde";"Óbitos por Residência Doenças do Aparelho Respiratório";"Rio Capim";"Rondon do Pará";"-";"2016";16
"Social";"Saúde";"Óbitos por Residência Doenças do Aparelho Respiratório";"Rio Capim";"Rondon do Pará";"-";"2017";30
"Social";"Saúde";"Óbitos por Residência Doenças do Aparelho Respiratório";"Rio Capim";"Rondon do Pará";"-";"2018";22
"Social";"Saúde";"Óbitos por Residência Doenças do Aparelho Respiratório";"Rio Capim";"Rondon do Pará";"-";"2019";18
"Social";"Saúde";"Óbitos por Residência Doenças do Aparelho Respiratório";"Rio Capim";"Rondon do Pará";"-";"2020";18
"Social";"Saúde";"Óbitos por Residência Doenças do Aparelho Respiratório";"Rio Capim";"Rondon do Pará";"-";"2021";15
"Social";"Saúde";"Óbitos por Residência Doenças do Aparelho Respiratório";"Rio Capim";"Rondon do Pará";"-";"2022";22
"Social";"Saúde";"Óbitos por Residência Doenças do Aparelho Respiratório";"Rio Capim";"Rondon do Pará";"-";"2023";12
"Social";"Saúde";"Óbitos por Residência Doenças do Aparelho Respiratório";"Rio Capim";"Rondon do Pará";"-";"2024";19
"Social";"Saúde";"Óbitos por Residência Doenças do Aparelho Respiratório";"Tapajós";"Rurópolis";"-";"2008";14
"Social";"Saúde";"Óbitos por Residência Doenças do Aparelho Respiratório";"Tapajós";"Rurópolis";"-";"2009";5
"Social";"Saúde";"Óbitos por Residência Doenças do Aparelho Respiratório";"Tapajós";"Rurópolis";"-";"2010";4
"Social";"Saúde";"Óbitos por Residência Doenças do Aparelho Respiratório";"Tapajós";"Rurópolis";"-";"2012";5
"Social";"Saúde";"Óbitos por Residência Doenças do Aparelho Respiratório";"Tapajós";"Rurópolis";"-";"2013";3
"Social";"Saúde";"Óbitos por Residência Doenças do Aparelho Respiratório";"Tapajós";"Rurópolis";"-";"2014";5
"Social";"Saúde";"Óbitos por Residência Doenças do Aparelho Respiratório";"Tapajós";"Rurópolis";"-";"2015";8
"Social";"Saúde";"Óbitos por Residência Doenças do Aparelho Respiratório";"Tapajós";"Rurópolis";"-";"2016";7
"Social";"Saúde";"Óbitos por Residência Doenças do Aparelho Respiratório";"Tapajós";"Rurópolis";"-";"2017";10
"Social";"Saúde";"Óbitos por Residência Doenças do Aparelho Respiratório";"Tapajós";"Rurópolis";"-";"2018";9
"Social";"Saúde";"Óbitos por Residência Doenças do Aparelho Respiratório";"Tapajós";"Rurópolis";"-";"2019";13
"Social";"Saúde";"Óbitos por Residência Doenças do Aparelho Respiratório";"Tapajós";"Rurópolis";"-";"2020";11
"Social";"Saúde";"Óbitos por Residência Doenças do Aparelho Respiratório";"Tapajós";"Rurópolis";"-";"2021";6
"Social";"Saúde";"Óbitos por Residência Doenças do Aparelho Respiratório";"Tapajós";"Rurópolis";"-";"2022";11
"Social";"Saúde";"Óbitos por Residência Doenças do Aparelho Respiratório";"Tapajós";"Rurópolis";"-";"2023";10
"Social";"Saúde";"Óbitos por Residência Doenças do Aparelho Respiratório";"Tapajós";"Rurópolis";"-";"2024";21
"Social";"Saúde";"Óbitos por Residência Doenças do Aparelho Respiratório";"Rio Caeté";"Salinópolis";"-";"2008";14
"Social";"Saúde";"Óbitos por Residência Doenças do Aparelho Respiratório";"Rio Caeté";"Salinópolis";"-";"2009";12
"Social";"Saúde";"Óbitos por Residência Doenças do Aparelho Respiratório";"Rio Caeté";"Salinópolis";"-";"2010";8
"Social";"Saúde";"Óbitos por Residência Doenças do Aparelho Respiratório";"Rio Caeté";"Salinópolis";"-";"2012";11
"Social";"Saúde";"Óbitos por Residência Doenças do Aparelho Respiratório";"Rio Caeté";"Salinópolis";"-";"2013";17
"Social";"Saúde";"Óbitos por Residência Doenças do Aparelho Respiratório";"Rio Caeté";"Salinópolis";"-";"2014";7
"Social";"Saúde";"Óbitos por Residência Doenças do Aparelho Respiratório";"Rio Caeté";"Salinópolis";"-";"2015";17
"Social";"Saúde";"Óbitos por Residência Doenças do Aparelho Respiratório";"Rio Caeté";"Salinópolis";"-";"2016";14
"Social";"Saúde";"Óbitos por Residência Doenças do Aparelho Respiratório";"Rio Caeté";"Salinópolis";"-";"2017";20
"Social";"Saúde";"Óbitos por Residência Doenças do Aparelho Respiratório";"Rio Caeté";"Salinópolis";"-";"2018";16
"Social";"Saúde";"Óbitos por Residência Doenças do Aparelho Respiratório";"Rio Caeté";"Salinópolis";"-";"2019";21
"Social";"Saúde";"Óbitos por Residência Doenças do Aparelho Respiratório";"Rio Caeté";"Salinópolis";"-";"2020";28
"Social";"Saúde";"Óbitos por Residência Doenças do Aparelho Respiratório";"Rio Caeté";"Salinópolis";"-";"2021";23
"Social";"Saúde";"Óbitos por Residência Doenças do Aparelho Respiratório";"Rio Caeté";"Salinópolis";"-";"2022";29
"Social";"Saúde";"Óbitos por Residência Doenças do Aparelho Respiratório";"Rio Caeté";"Salinópolis";"-";"2023";24
"Social";"Saúde";"Óbitos por Residência Doenças do Aparelho Respiratório";"Rio Caeté";"Salinópolis";"-";"2024";32
"Social";"Saúde";"Óbitos por Residência Doenças do Aparelho Respiratório";"Marajó";"Salvaterra";"-";"2008";4
"Social";"Saúde";"Óbitos por Residência Doenças do Aparelho Respiratório";"Marajó";"Salvaterra";"-";"2009";8
"Social";"Saúde";"Óbitos por Residência Doenças do Aparelho Respiratório";"Marajó";"Salvaterra";"-";"2010";7
"Social";"Saúde";"Óbitos por Residência Doenças do Aparelho Respiratório";"Marajó";"Salvaterra";"-";"2012";18
"Social";"Saúde";"Óbitos por Residência Doenças do Aparelho Respiratório";"Marajó";"Salvaterra";"-";"2013";9
"Social";"Saúde";"Óbitos por Residência Doenças do Aparelho Respiratório";"Marajó";"Salvaterra";"-";"2014";5
"Social";"Saúde";"Óbitos por Residência Doenças do Aparelho Respiratório";"Marajó";"Salvaterra";"-";"2015";11
"Social";"Saúde";"Óbitos por Residência Doenças do Aparelho Respiratório";"Marajó";"Salvaterra";"-";"2016";19
"Social";"Saúde";"Óbitos por Residência Doenças do Aparelho Respiratório";"Marajó";"Salvaterra";"-";"2017";12
"Social";"Saúde";"Óbitos por Residência Doenças do Aparelho Respiratório";"Marajó";"Salvaterra";"-";"2018";9
"Social";"Saúde";"Óbitos por Residência Doenças do Aparelho Respiratório";"Marajó";"Salvaterra";"-";"2019";6
"Social";"Saúde";"Óbitos por Residência Doenças do Aparelho Respiratório";"Marajó";"Salvaterra";"-";"2020";10
"Social";"Saúde";"Óbitos por Residência Doenças do Aparelho Respiratório";"Marajó";"Salvaterra";"-";"2021";11
"Social";"Saúde";"Óbitos por Residência Doenças do Aparelho Respiratório";"Marajó";"Salvaterra";"-";"2022";10
"Social";"Saúde";"Óbitos por Residência Doenças do Aparelho Respiratório";"Marajó";"Salvaterra";"-";"2023";11
"Social";"Saúde";"Óbitos por Residência Doenças do Aparelho Respiratório";"Marajó";"Salvaterra";"-";"2024";8
"Social";"Saúde";"Óbitos por Residência Doenças do Aparelho Respiratório";"Guajará";"Santa Bárbara do Pará";"-";"2008";3
"Social";"Saúde";"Óbitos por Residência Doenças do Aparelho Respiratório";"Guajará";"Santa Bárbara do Pará";"-";"2009";8
"Social";"Saúde";"Óbitos por Residência Doenças do Aparelho Respiratório";"Guajará";"Santa Bárbara do Pará";"-";"2010";4
"Social";"Saúde";"Óbitos por Residência Doenças do Aparelho Respiratório";"Guajará";"Santa Bárbara do Pará";"-";"2012";13
"Social";"Saúde";"Óbitos por Residência Doenças do Aparelho Respiratório";"Guajará";"Santa Bárbara do Pará";"-";"2013";6
"Social";"Saúde";"Óbitos por Residência Doenças do Aparelho Respiratório";"Guajará";"Santa Bárbara do Pará";"-";"2014";14
"Social";"Saúde";"Óbitos por Residência Doenças do Aparelho Respiratório";"Guajará";"Santa Bárbara do Pará";"-";"2015";11
"Social";"Saúde";"Óbitos por Residência Doenças do Aparelho Respiratório";"Guajará";"Santa Bárbara do Pará";"-";"2016";14
"Social";"Saúde";"Óbitos por Residência Doenças do Aparelho Respiratório";"Guajará";"Santa Bárbara do Pará";"-";"2017";12
"Social";"Saúde";"Óbitos por Residência Doenças do Aparelho Respiratório";"Guajará";"Santa Bárbara do Pará";"-";"2018";8
"Social";"Saúde";"Óbitos por Residência Doenças do Aparelho Respiratório";"Guajará";"Santa Bárbara do Pará";"-";"2019";16
"Social";"Saúde";"Óbitos por Residência Doenças do Aparelho Respiratório";"Guajará";"Santa Bárbara do Pará";"-";"2020";17
"Social";"Saúde";"Óbitos por Residência Doenças do Aparelho Respiratório";"Guajará";"Santa Bárbara do Pará";"-";"2021";10
"Social";"Saúde";"Óbitos por Residência Doenças do Aparelho Respiratório";"Guajará";"Santa Bárbara do Pará";"-";"2022";7
"Social";"Saúde";"Óbitos por Residência Doenças do Aparelho Respiratório";"Guajará";"Santa Bárbara do Pará";"-";"2023";19
"Social";"Saúde";"Óbitos por Residência Doenças do Aparelho Respiratório";"Guajará";"Santa Bárbara do Pará";"-";"2024";15
"Social";"Saúde";"Óbitos por Residência Doenças do Aparelho Respiratório";"Marajó";"Santa Cruz do Arari";"-";"2008";0
"Social";"Saúde";"Óbitos por Residência Doenças do Aparelho Respiratório";"Marajó";"Santa Cruz do Arari";"-";"2009";1
"Social";"Saúde";"Óbitos por Residência Doenças do Aparelho Respiratório";"Marajó";"Santa Cruz do Arari";"-";"2010";0
"Social";"Saúde";"Óbitos por Residência Doenças do Aparelho Respiratório";"Marajó";"Santa Cruz do Arari";"-";"2012";3
"Social";"Saúde";"Óbitos por Residência Doenças do Aparelho Respiratório";"Marajó";"Santa Cruz do Arari";"-";"2013";1
"Social";"Saúde";"Óbitos por Residência Doenças do Aparelho Respiratório";"Marajó";"Santa Cruz do Arari";"-";"2014";1
"Social";"Saúde";"Óbitos por Residência Doenças do Aparelho Respiratório";"Marajó";"Santa Cruz do Arari";"-";"2015";3
"Social";"Saúde";"Óbitos por Residência Doenças do Aparelho Respiratório";"Marajó";"Santa Cruz do Arari";"-";"2016";0
"Social";"Saúde";"Óbitos por Residência Doenças do Aparelho Respiratório";"Marajó";"Santa Cruz do Arari";"-";"2017";4
"Social";"Saúde";"Óbitos por Residência Doenças do Aparelho Respiratório";"Marajó";"Santa Cruz do Arari";"-";"2018";0
"Social";"Saúde";"Óbitos por Residência Doenças do Aparelho Respiratório";"Marajó";"Santa Cruz do Arari";"-";"2019";5
"Social";"Saúde";"Óbitos por Residência Doenças do Aparelho Respiratório";"Marajó";"Santa Cruz do Arari";"-";"2020";7
"Social";"Saúde";"Óbitos por Residência Doenças do Aparelho Respiratório";"Marajó";"Santa Cruz do Arari";"-";"2021";3
"Social";"Saúde";"Óbitos por Residência Doenças do Aparelho Respiratório";"Marajó";"Santa Cruz do Arari";"-";"2022";0
"Social";"Saúde";"Óbitos por Residência Doenças do Aparelho Respiratório";"Marajó";"Santa Cruz do Arari";"-";"2023";3
"Social";"Saúde";"Óbitos por Residência Doenças do Aparelho Respiratório";"Marajó";"Santa Cruz do Arari";"-";"2024";2
"Social";"Saúde";"Óbitos por Residência Doenças do Aparelho Respiratório";"Guamá";"Santa Izabel do Pará";"-";"2008";18
"Social";"Saúde";"Óbitos por Residência Doenças do Aparelho Respiratório";"Guamá";"Santa Izabel do Pará";"-";"2009";18
"Social";"Saúde";"Óbitos por Residência Doenças do Aparelho Respiratório";"Guamá";"Santa Izabel do Pará";"-";"2010";21
"Social";"Saúde";"Óbitos por Residência Doenças do Aparelho Respiratório";"Guamá";"Santa Izabel do Pará";"-";"2012";30
"Social";"Saúde";"Óbitos por Residência Doenças do Aparelho Respiratório";"Guamá";"Santa Izabel do Pará";"-";"2013";21
"Social";"Saúde";"Óbitos por Residência Doenças do Aparelho Respiratório";"Guamá";"Santa Izabel do Pará";"-";"2014";30
"Social";"Saúde";"Óbitos por Residência Doenças do Aparelho Respiratório";"Guamá";"Santa Izabel do Pará";"-";"2015";29
"Social";"Saúde";"Óbitos por Residência Doenças do Aparelho Respiratório";"Guamá";"Santa Izabel do Pará";"-";"2016";28
"Social";"Saúde";"Óbitos por Residência Doenças do Aparelho Respiratório";"Guamá";"Santa Izabel do Pará";"-";"2017";24
"Social";"Saúde";"Óbitos por Residência Doenças do Aparelho Respiratório";"Guamá";"Santa Izabel do Pará";"-";"2018";33
"Social";"Saúde";"Óbitos por Residência Doenças do Aparelho Respiratório";"Guamá";"Santa Izabel do Pará";"-";"2019";35
"Social";"Saúde";"Óbitos por Residência Doenças do Aparelho Respiratório";"Guamá";"Santa Izabel do Pará";"-";"2020";21
"Social";"Saúde";"Óbitos por Residência Doenças do Aparelho Respiratório";"Guamá";"Santa Izabel do Pará";"-";"2021";38
"Social";"Saúde";"Óbitos por Residência Doenças do Aparelho Respiratório";"Guamá";"Santa Izabel do Pará";"-";"2022";37
"Social";"Saúde";"Óbitos por Residência Doenças do Aparelho Respiratório";"Guamá";"Santa Izabel do Pará";"-";"2023";35
"Social";"Saúde";"Óbitos por Residência Doenças do Aparelho Respiratório";"Guamá";"Santa Izabel do Pará";"-";"2024";37
"Social";"Saúde";"Óbitos por Residência Doenças do Aparelho Respiratório";"Rio Caeté";"Santa Luzia do Pará";"-";"2008";1
"Social";"Saúde";"Óbitos por Residência Doenças do Aparelho Respiratório";"Rio Caeté";"Santa Luzia do Pará";"-";"2009";3
"Social";"Saúde";"Óbitos por Residência Doenças do Aparelho Respiratório";"Rio Caeté";"Santa Luzia do Pará";"-";"2010";3
"Social";"Saúde";"Óbitos por Residência Doenças do Aparelho Respiratório";"Rio Caeté";"Santa Luzia do Pará";"-";"2012";7
"Social";"Saúde";"Óbitos por Residência Doenças do Aparelho Respiratório";"Rio Caeté";"Santa Luzia do Pará";"-";"2013";5
"Social";"Saúde";"Óbitos por Residência Doenças do Aparelho Respiratório";"Rio Caeté";"Santa Luzia do Pará";"-";"2014";4
"Social";"Saúde";"Óbitos por Residência Doenças do Aparelho Respiratório";"Rio Caeté";"Santa Luzia do Pará";"-";"2015";5
"Social";"Saúde";"Óbitos por Residência Doenças do Aparelho Respiratório";"Rio Caeté";"Santa Luzia do Pará";"-";"2016";7
"Social";"Saúde";"Óbitos por Residência Doenças do Aparelho Respiratório";"Rio Caeté";"Santa Luzia do Pará";"-";"2017";9
"Social";"Saúde";"Óbitos por Residência Doenças do Aparelho Respiratório";"Rio Caeté";"Santa Luzia do Pará";"-";"2018";12
"Social";"Saúde";"Óbitos por Residência Doenças do Aparelho Respiratório";"Rio Caeté";"Santa Luzia do Pará";"-";"2019";6
"Social";"Saúde";"Óbitos por Residência Doenças do Aparelho Respiratório";"Rio Caeté";"Santa Luzia do Pará";"-";"2020";12
"Social";"Saúde";"Óbitos por Residência Doenças do Aparelho Respiratório";"Rio Caeté";"Santa Luzia do Pará";"-";"2021";12
"Social";"Saúde";"Óbitos por Residência Doenças do Aparelho Respiratório";"Rio Caeté";"Santa Luzia do Pará";"-";"2022";10
"Social";"Saúde";"Óbitos por Residência Doenças do Aparelho Respiratório";"Rio Caeté";"Santa Luzia do Pará";"-";"2023";11
"Social";"Saúde";"Óbitos por Residência Doenças do Aparelho Respiratório";"Rio Caeté";"Santa Luzia do Pará";"-";"2024";3
"Social";"Saúde";"Óbitos por Residência Doenças do Aparelho Respiratório";"Araguaia";"Santa Maria das Barreiras";"-";"2008";1
"Social";"Saúde";"Óbitos por Residência Doenças do Aparelho Respiratório";"Araguaia";"Santa Maria das Barreiras";"-";"2009";1
"Social";"Saúde";"Óbitos por Residência Doenças do Aparelho Respiratório";"Araguaia";"Santa Maria das Barreiras";"-";"2010";3
"Social";"Saúde";"Óbitos por Residência Doenças do Aparelho Respiratório";"Araguaia";"Santa Maria das Barreiras";"-";"2012";3
"Social";"Saúde";"Óbitos por Residência Doenças do Aparelho Respiratório";"Araguaia";"Santa Maria das Barreiras";"-";"2013";4
"Social";"Saúde";"Óbitos por Residência Doenças do Aparelho Respiratório";"Araguaia";"Santa Maria das Barreiras";"-";"2014";4
"Social";"Saúde";"Óbitos por Residência Doenças do Aparelho Respiratório";"Araguaia";"Santa Maria das Barreiras";"-";"2015";2
"Social";"Saúde";"Óbitos por Residência Doenças do Aparelho Respiratório";"Araguaia";"Santa Maria das Barreiras";"-";"2016";1
"Social";"Saúde";"Óbitos por Residência Doenças do Aparelho Respiratório";"Araguaia";"Santa Maria das Barreiras";"-";"2017";1
"Social";"Saúde";"Óbitos por Residência Doenças do Aparelho Respiratório";"Araguaia";"Santa Maria das Barreiras";"-";"2018";2
"Social";"Saúde";"Óbitos por Residência Doenças do Aparelho Respiratório";"Araguaia";"Santa Maria das Barreiras";"-";"2019";2
"Social";"Saúde";"Óbitos por Residência Doenças do Aparelho Respiratório";"Araguaia";"Santa Maria das Barreiras";"-";"2020";4
"Social";"Saúde";"Óbitos por Residência Doenças do Aparelho Respiratório";"Araguaia";"Santa Maria das Barreiras";"-";"2021";5
"Social";"Saúde";"Óbitos por Residência Doenças do Aparelho Respiratório";"Araguaia";"Santa Maria das Barreiras";"-";"2022";10
"Social";"Saúde";"Óbitos por Residência Doenças do Aparelho Respiratório";"Araguaia";"Santa Maria das Barreiras";"-";"2023";7
"Social";"Saúde";"Óbitos por Residência Doenças do Aparelho Respiratório";"Araguaia";"Santa Maria das Barreiras";"-";"2024";5
"Social";"Saúde";"Óbitos por Residência Doenças do Aparelho Respiratório";"Guamá";"Santa Maria do Pará";"-";"2008";5
"Social";"Saúde";"Óbitos por Residência Doenças do Aparelho Respiratório";"Guamá";"Santa Maria do Pará";"-";"2009";7
"Social";"Saúde";"Óbitos por Residência Doenças do Aparelho Respiratório";"Guamá";"Santa Maria do Pará";"-";"2010";8
"Social";"Saúde";"Óbitos por Residência Doenças do Aparelho Respiratório";"Guamá";"Santa Maria do Pará";"-";"2012";8
"Social";"Saúde";"Óbitos por Residência Doenças do Aparelho Respiratório";"Guamá";"Santa Maria do Pará";"-";"2013";4
"Social";"Saúde";"Óbitos por Residência Doenças do Aparelho Respiratório";"Guamá";"Santa Maria do Pará";"-";"2014";5
"Social";"Saúde";"Óbitos por Residência Doenças do Aparelho Respiratório";"Guamá";"Santa Maria do Pará";"-";"2015";9
"Social";"Saúde";"Óbitos por Residência Doenças do Aparelho Respiratório";"Guamá";"Santa Maria do Pará";"-";"2016";6
"Social";"Saúde";"Óbitos por Residência Doenças do Aparelho Respiratório";"Guamá";"Santa Maria do Pará";"-";"2017";16
"Social";"Saúde";"Óbitos por Residência Doenças do Aparelho Respiratório";"Guamá";"Santa Maria do Pará";"-";"2018";18
"Social";"Saúde";"Óbitos por Residência Doenças do Aparelho Respiratório";"Guamá";"Santa Maria do Pará";"-";"2019";15
"Social";"Saúde";"Óbitos por Residência Doenças do Aparelho Respiratório";"Guamá";"Santa Maria do Pará";"-";"2020";18
"Social";"Saúde";"Óbitos por Residência Doenças do Aparelho Respiratório";"Guamá";"Santa Maria do Pará";"-";"2021";24
"Social";"Saúde";"Óbitos por Residência Doenças do Aparelho Respiratório";"Guamá";"Santa Maria do Pará";"-";"2022";22
"Social";"Saúde";"Óbitos por Residência Doenças do Aparelho Respiratório";"Guamá";"Santa Maria do Pará";"-";"2023";16
"Social";"Saúde";"Óbitos por Residência Doenças do Aparelho Respiratório";"Guamá";"Santa Maria do Pará";"-";"2024";15
"Social";"Saúde";"Óbitos por Residência Doenças do Aparelho Respiratório";"Araguaia";"Santana do Araguaia";"-";"2008";8
"Social";"Saúde";"Óbitos por Residência Doenças do Aparelho Respiratório";"Araguaia";"Santana do Araguaia";"-";"2009";11
"Social";"Saúde";"Óbitos por Residência Doenças do Aparelho Respiratório";"Araguaia";"Santana do Araguaia";"-";"2010";12
"Social";"Saúde";"Óbitos por Residência Doenças do Aparelho Respiratório";"Araguaia";"Santana do Araguaia";"-";"2012";8
"Social";"Saúde";"Óbitos por Residência Doenças do Aparelho Respiratório";"Araguaia";"Santana do Araguaia";"-";"2013";11
"Social";"Saúde";"Óbitos por Residência Doenças do Aparelho Respiratório";"Araguaia";"Santana do Araguaia";"-";"2014";8
"Social";"Saúde";"Óbitos por Residência Doenças do Aparelho Respiratório";"Araguaia";"Santana do Araguaia";"-";"2015";10
"Social";"Saúde";"Óbitos por Residência Doenças do Aparelho Respiratório";"Araguaia";"Santana do Araguaia";"-";"2016";16
"Social";"Saúde";"Óbitos por Residência Doenças do Aparelho Respiratório";"Araguaia";"Santana do Araguaia";"-";"2017";13
"Social";"Saúde";"Óbitos por Residência Doenças do Aparelho Respiratório";"Araguaia";"Santana do Araguaia";"-";"2018";16
"Social";"Saúde";"Óbitos por Residência Doenças do Aparelho Respiratório";"Araguaia";"Santana do Araguaia";"-";"2019";16
"Social";"Saúde";"Óbitos por Residência Doenças do Aparelho Respiratório";"Araguaia";"Santana do Araguaia";"-";"2020";14
"Social";"Saúde";"Óbitos por Residência Doenças do Aparelho Respiratório";"Araguaia";"Santana do Araguaia";"-";"2021";13
"Social";"Saúde";"Óbitos por Residência Doenças do Aparelho Respiratório";"Araguaia";"Santana do Araguaia";"-";"2022";20
"Social";"Saúde";"Óbitos por Residência Doenças do Aparelho Respiratório";"Araguaia";"Santana do Araguaia";"-";"2023";17
"Social";"Saúde";"Óbitos por Residência Doenças do Aparelho Respiratório";"Araguaia";"Santana do Araguaia";"-";"2024";8
"Social";"Saúde";"Óbitos por Residência Doenças do Aparelho Respiratório";"Baixo Amazonas";"Santarém";"-";"2008";76
"Social";"Saúde";"Óbitos por Residência Doenças do Aparelho Respiratório";"Baixo Amazonas";"Santarém";"-";"2009";118
"Social";"Saúde";"Óbitos por Residência Doenças do Aparelho Respiratório";"Baixo Amazonas";"Santarém";"-";"2010";74
"Social";"Saúde";"Óbitos por Residência Doenças do Aparelho Respiratório";"Baixo Amazonas";"Santarém";"-";"2012";173
"Social";"Saúde";"Óbitos por Residência Doenças do Aparelho Respiratório";"Baixo Amazonas";"Santarém";"-";"2013";133
"Social";"Saúde";"Óbitos por Residência Doenças do Aparelho Respiratório";"Baixo Amazonas";"Santarém";"-";"2014";111
"Social";"Saúde";"Óbitos por Residência Doenças do Aparelho Respiratório";"Baixo Amazonas";"Santarém";"-";"2015";149
"Social";"Saúde";"Óbitos por Residência Doenças do Aparelho Respiratório";"Baixo Amazonas";"Santarém";"-";"2016";144
"Social";"Saúde";"Óbitos por Residência Doenças do Aparelho Respiratório";"Baixo Amazonas";"Santarém";"-";"2017";144
"Social";"Saúde";"Óbitos por Residência Doenças do Aparelho Respiratório";"Baixo Amazonas";"Santarém";"-";"2018";148
"Social";"Saúde";"Óbitos por Residência Doenças do Aparelho Respiratório";"Baixo Amazonas";"Santarém";"-";"2019";170
"Social";"Saúde";"Óbitos por Residência Doenças do Aparelho Respiratório";"Baixo Amazonas";"Santarém";"-";"2020";192
"Social";"Saúde";"Óbitos por Residência Doenças do Aparelho Respiratório";"Baixo Amazonas";"Santarém";"-";"2021";184
"Social";"Saúde";"Óbitos por Residência Doenças do Aparelho Respiratório";"Baixo Amazonas";"Santarém";"-";"2022";239
"Social";"Saúde";"Óbitos por Residência Doenças do Aparelho Respiratório";"Baixo Amazonas";"Santarém";"-";"2023";289
"Social";"Saúde";"Óbitos por Residência Doenças do Aparelho Respiratório";"Baixo Amazonas";"Santarém";"-";"2024";287
"Social";"Saúde";"Óbitos por Residência Doenças do Aparelho Respiratório";"Rio Caeté";"Santarém Novo";"-";"2008";0
"Social";"Saúde";"Óbitos por Residência Doenças do Aparelho Respiratório";"Rio Caeté";"Santarém Novo";"-";"2009";2
"Social";"Saúde";"Óbitos por Residência Doenças do Aparelho Respiratório";"Rio Caeté";"Santarém Novo";"-";"2010";1
"Social";"Saúde";"Óbitos por Residência Doenças do Aparelho Respiratório";"Rio Caeté";"Santarém Novo";"-";"2012";2
"Social";"Saúde";"Óbitos por Residência Doenças do Aparelho Respiratório";"Rio Caeté";"Santarém Novo";"-";"2013";2
"Social";"Saúde";"Óbitos por Residência Doenças do Aparelho Respiratório";"Rio Caeté";"Santarém Novo";"-";"2014";2
"Social";"Saúde";"Óbitos por Residência Doenças do Aparelho Respiratório";"Rio Caeté";"Santarém Novo";"-";"2015";2
"Social";"Saúde";"Óbitos por Residência Doenças do Aparelho Respiratório";"Rio Caeté";"Santarém Novo";"-";"2016";2
"Social";"Saúde";"Óbitos por Residência Doenças do Aparelho Respiratório";"Rio Caeté";"Santarém Novo";"-";"2017";0
"Social";"Saúde";"Óbitos por Residência Doenças do Aparelho Respiratório";"Rio Caeté";"Santarém Novo";"-";"2018";1
"Social";"Saúde";"Óbitos por Residência Doenças do Aparelho Respiratório";"Rio Caeté";"Santarém Novo";"-";"2019";4
"Social";"Saúde";"Óbitos por Residência Doenças do Aparelho Respiratório";"Rio Caeté";"Santarém Novo";"-";"2020";2
"Social";"Saúde";"Óbitos por Residência Doenças do Aparelho Respiratório";"Rio Caeté";"Santarém Novo";"-";"2021";1
"Social";"Saúde";"Óbitos por Residência Doenças do Aparelho Respiratório";"Rio Caeté";"Santarém Novo";"-";"2022";2
"Social";"Saúde";"Óbitos por Residência Doenças do Aparelho Respiratório";"Rio Caeté";"Santarém Novo";"-";"2023";3
"Social";"Saúde";"Óbitos por Residência Doenças do Aparelho Respiratório";"Rio Caeté";"Santarém Novo";"-";"2024";10
"Social";"Saúde";"Óbitos por Residência Doenças do Aparelho Respiratório";"Guamá";"Santo Antônio do Tauá";"-";"2008";8
"Social";"Saúde";"Óbitos por Residência Doenças do Aparelho Respiratório";"Guamá";"Santo Antônio do Tauá";"-";"2009";6
"Social";"Saúde";"Óbitos por Residência Doenças do Aparelho Respiratório";"Guamá";"Santo Antônio do Tauá";"-";"2010";8
"Social";"Saúde";"Óbitos por Residência Doenças do Aparelho Respiratório";"Guamá";"Santo Antônio do Tauá";"-";"2012";12
"Social";"Saúde";"Óbitos por Residência Doenças do Aparelho Respiratório";"Guamá";"Santo Antônio do Tauá";"-";"2013";14
"Social";"Saúde";"Óbitos por Residência Doenças do Aparelho Respiratório";"Guamá";"Santo Antônio do Tauá";"-";"2014";18
"Social";"Saúde";"Óbitos por Residência Doenças do Aparelho Respiratório";"Guamá";"Santo Antônio do Tauá";"-";"2015";16
"Social";"Saúde";"Óbitos por Residência Doenças do Aparelho Respiratório";"Guamá";"Santo Antônio do Tauá";"-";"2016";17
"Social";"Saúde";"Óbitos por Residência Doenças do Aparelho Respiratório";"Guamá";"Santo Antônio do Tauá";"-";"2017";17
"Social";"Saúde";"Óbitos por Residência Doenças do Aparelho Respiratório";"Guamá";"Santo Antônio do Tauá";"-";"2018";21
"Social";"Saúde";"Óbitos por Residência Doenças do Aparelho Respiratório";"Guamá";"Santo Antônio do Tauá";"-";"2019";19
"Social";"Saúde";"Óbitos por Residência Doenças do Aparelho Respiratório";"Guamá";"Santo Antônio do Tauá";"-";"2020";28
"Social";"Saúde";"Óbitos por Residência Doenças do Aparelho Respiratório";"Guamá";"Santo Antônio do Tauá";"-";"2021";19
"Social";"Saúde";"Óbitos por Residência Doenças do Aparelho Respiratório";"Guamá";"Santo Antônio do Tauá";"-";"2022";11
"Social";"Saúde";"Óbitos por Residência Doenças do Aparelho Respiratório";"Guamá";"Santo Antônio do Tauá";"-";"2023";19
"Social";"Saúde";"Óbitos por Residência Doenças do Aparelho Respiratório";"Guamá";"Santo Antônio do Tauá";"-";"2024";19
"Social";"Saúde";"Óbitos por Residência Doenças do Aparelho Respiratório";"Guamá";"São Caetano de Odivelas";"-";"2008";7
"Social";"Saúde";"Óbitos por Residência Doenças do Aparelho Respiratório";"Guamá";"São Caetano de Odivelas";"-";"2009";1
"Social";"Saúde";"Óbitos por Residência Doenças do Aparelho Respiratório";"Guamá";"São Caetano de Odivelas";"-";"2010";6
"Social";"Saúde";"Óbitos por Residência Doenças do Aparelho Respiratório";"Guamá";"São Caetano de Odivelas";"-";"2012";8
"Social";"Saúde";"Óbitos por Residência Doenças do Aparelho Respiratório";"Guamá";"São Caetano de Odivelas";"-";"2013";6
"Social";"Saúde";"Óbitos por Residência Doenças do Aparelho Respiratório";"Guamá";"São Caetano de Odivelas";"-";"2014";7
"Social";"Saúde";"Óbitos por Residência Doenças do Aparelho Respiratório";"Guamá";"São Caetano de Odivelas";"-";"2015";3
"Social";"Saúde";"Óbitos por Residência Doenças do Aparelho Respiratório";"Guamá";"São Caetano de Odivelas";"-";"2016";9
"Social";"Saúde";"Óbitos por Residência Doenças do Aparelho Respiratório";"Guamá";"São Caetano de Odivelas";"-";"2017";4
"Social";"Saúde";"Óbitos por Residência Doenças do Aparelho Respiratório";"Guamá";"São Caetano de Odivelas";"-";"2018";10
"Social";"Saúde";"Óbitos por Residência Doenças do Aparelho Respiratório";"Guamá";"São Caetano de Odivelas";"-";"2019";4
"Social";"Saúde";"Óbitos por Residência Doenças do Aparelho Respiratório";"Guamá";"São Caetano de Odivelas";"-";"2020";12
"Social";"Saúde";"Óbitos por Residência Doenças do Aparelho Respiratório";"Guamá";"São Caetano de Odivelas";"-";"2021";7
"Social";"Saúde";"Óbitos por Residência Doenças do Aparelho Respiratório";"Guamá";"São Caetano de Odivelas";"-";"2022";13
"Social";"Saúde";"Óbitos por Residência Doenças do Aparelho Respiratório";"Guamá";"São Caetano de Odivelas";"-";"2023";14
"Social";"Saúde";"Óbitos por Residência Doenças do Aparelho Respiratório";"Guamá";"São Caetano de Odivelas";"-";"2024";9
"Social";"Saúde";"Óbitos por Residência Doenças do Aparelho Respiratório";"Carajás";"São Domingos do Araguaia";"-";"2008";5
"Social";"Saúde";"Óbitos por Residência Doenças do Aparelho Respiratório";"Carajás";"São Domingos do Araguaia";"-";"2009";4
"Social";"Saúde";"Óbitos por Residência Doenças do Aparelho Respiratório";"Carajás";"São Domingos do Araguaia";"-";"2010";3
"Social";"Saúde";"Óbitos por Residência Doenças do Aparelho Respiratório";"Carajás";"São Domingos do Araguaia";"-";"2012";8
"Social";"Saúde";"Óbitos por Residência Doenças do Aparelho Respiratório";"Carajás";"São Domingos do Araguaia";"-";"2013";3
"Social";"Saúde";"Óbitos por Residência Doenças do Aparelho Respiratório";"Carajás";"São Domingos do Araguaia";"-";"2014";5
"Social";"Saúde";"Óbitos por Residência Doenças do Aparelho Respiratório";"Carajás";"São Domingos do Araguaia";"-";"2015";8
"Social";"Saúde";"Óbitos por Residência Doenças do Aparelho Respiratório";"Carajás";"São Domingos do Araguaia";"-";"2016";13
"Social";"Saúde";"Óbitos por Residência Doenças do Aparelho Respiratório";"Carajás";"São Domingos do Araguaia";"-";"2017";7
"Social";"Saúde";"Óbitos por Residência Doenças do Aparelho Respiratório";"Carajás";"São Domingos do Araguaia";"-";"2018";13
"Social";"Saúde";"Óbitos por Residência Doenças do Aparelho Respiratório";"Carajás";"São Domingos do Araguaia";"-";"2019";5
"Social";"Saúde";"Óbitos por Residência Doenças do Aparelho Respiratório";"Carajás";"São Domingos do Araguaia";"-";"2020";10
"Social";"Saúde";"Óbitos por Residência Doenças do Aparelho Respiratório";"Carajás";"São Domingos do Araguaia";"-";"2021";8
"Social";"Saúde";"Óbitos por Residência Doenças do Aparelho Respiratório";"Carajás";"São Domingos do Araguaia";"-";"2022";25
"Social";"Saúde";"Óbitos por Residência Doenças do Aparelho Respiratório";"Carajás";"São Domingos do Araguaia";"-";"2023";12
"Social";"Saúde";"Óbitos por Residência Doenças do Aparelho Respiratório";"Carajás";"São Domingos do Araguaia";"-";"2024";16
"Social";"Saúde";"Óbitos por Residência Doenças do Aparelho Respiratório";"Guamá";"São Domingos do Capim";"-";"2008";3
"Social";"Saúde";"Óbitos por Residência Doenças do Aparelho Respiratório";"Guamá";"São Domingos do Capim";"-";"2009";7
"Social";"Saúde";"Óbitos por Residência Doenças do Aparelho Respiratório";"Guamá";"São Domingos do Capim";"-";"2010";18
"Social";"Saúde";"Óbitos por Residência Doenças do Aparelho Respiratório";"Guamá";"São Domingos do Capim";"-";"2012";10
"Social";"Saúde";"Óbitos por Residência Doenças do Aparelho Respiratório";"Guamá";"São Domingos do Capim";"-";"2013";14
"Social";"Saúde";"Óbitos por Residência Doenças do Aparelho Respiratório";"Guamá";"São Domingos do Capim";"-";"2014";10
"Social";"Saúde";"Óbitos por Residência Doenças do Aparelho Respiratório";"Guamá";"São Domingos do Capim";"-";"2015";18
"Social";"Saúde";"Óbitos por Residência Doenças do Aparelho Respiratório";"Guamá";"São Domingos do Capim";"-";"2016";11
"Social";"Saúde";"Óbitos por Residência Doenças do Aparelho Respiratório";"Guamá";"São Domingos do Capim";"-";"2017";12
"Social";"Saúde";"Óbitos por Residência Doenças do Aparelho Respiratório";"Guamá";"São Domingos do Capim";"-";"2018";9
"Social";"Saúde";"Óbitos por Residência Doenças do Aparelho Respiratório";"Guamá";"São Domingos do Capim";"-";"2019";14
"Social";"Saúde";"Óbitos por Residência Doenças do Aparelho Respiratório";"Guamá";"São Domingos do Capim";"-";"2020";12
"Social";"Saúde";"Óbitos por Residência Doenças do Aparelho Respiratório";"Guamá";"São Domingos do Capim";"-";"2021";11
"Social";"Saúde";"Óbitos por Residência Doenças do Aparelho Respiratório";"Guamá";"São Domingos do Capim";"-";"2022";14
"Social";"Saúde";"Óbitos por Residência Doenças do Aparelho Respiratório";"Guamá";"São Domingos do Capim";"-";"2023";7
"Social";"Saúde";"Óbitos por Residência Doenças do Aparelho Respiratório";"Guamá";"São Domingos do Capim";"-";"2024";12
"Social";"Saúde";"Óbitos por Residência Doenças do Aparelho Respiratório";"Araguaia";"São Félix do Xingu";"-";"2008";14
"Social";"Saúde";"Óbitos por Residência Doenças do Aparelho Respiratório";"Araguaia";"São Félix do Xingu";"-";"2009";8
"Social";"Saúde";"Óbitos por Residência Doenças do Aparelho Respiratório";"Araguaia";"São Félix do Xingu";"-";"2010";12
"Social";"Saúde";"Óbitos por Residência Doenças do Aparelho Respiratório";"Araguaia";"São Félix do Xingu";"-";"2012";15
"Social";"Saúde";"Óbitos por Residência Doenças do Aparelho Respiratório";"Araguaia";"São Félix do Xingu";"-";"2013";13
"Social";"Saúde";"Óbitos por Residência Doenças do Aparelho Respiratório";"Araguaia";"São Félix do Xingu";"-";"2014";17
"Social";"Saúde";"Óbitos por Residência Doenças do Aparelho Respiratório";"Araguaia";"São Félix do Xingu";"-";"2015";21
"Social";"Saúde";"Óbitos por Residência Doenças do Aparelho Respiratório";"Araguaia";"São Félix do Xingu";"-";"2016";23
"Social";"Saúde";"Óbitos por Residência Doenças do Aparelho Respiratório";"Araguaia";"São Félix do Xingu";"-";"2017";15
"Social";"Saúde";"Óbitos por Residência Doenças do Aparelho Respiratório";"Araguaia";"São Félix do Xingu";"-";"2018";11
"Social";"Saúde";"Óbitos por Residência Doenças do Aparelho Respiratório";"Araguaia";"São Félix do Xingu";"-";"2019";26
"Social";"Saúde";"Óbitos por Residência Doenças do Aparelho Respiratório";"Araguaia";"São Félix do Xingu";"-";"2020";14
"Social";"Saúde";"Óbitos por Residência Doenças do Aparelho Respiratório";"Araguaia";"São Félix do Xingu";"-";"2021";13
"Social";"Saúde";"Óbitos por Residência Doenças do Aparelho Respiratório";"Araguaia";"São Félix do Xingu";"-";"2022";19
"Social";"Saúde";"Óbitos por Residência Doenças do Aparelho Respiratório";"Araguaia";"São Félix do Xingu";"-";"2023";21
"Social";"Saúde";"Óbitos por Residência Doenças do Aparelho Respiratório";"Araguaia";"São Félix do Xingu";"-";"2024";23
"Social";"Saúde";"Óbitos por Residência Doenças do Aparelho Respiratório";"Guamá";"São Francisco do Pará";"-";"2008";8
"Social";"Saúde";"Óbitos por Residência Doenças do Aparelho Respiratório";"Guamá";"São Francisco do Pará";"-";"2009";3
"Social";"Saúde";"Óbitos por Residência Doenças do Aparelho Respiratório";"Guamá";"São Francisco do Pará";"-";"2010";6
"Social";"Saúde";"Óbitos por Residência Doenças do Aparelho Respiratório";"Guamá";"São Francisco do Pará";"-";"2012";3
"Social";"Saúde";"Óbitos por Residência Doenças do Aparelho Respiratório";"Guamá";"São Francisco do Pará";"-";"2013";13
"Social";"Saúde";"Óbitos por Residência Doenças do Aparelho Respiratório";"Guamá";"São Francisco do Pará";"-";"2014";7
"Social";"Saúde";"Óbitos por Residência Doenças do Aparelho Respiratório";"Guamá";"São Francisco do Pará";"-";"2015";9
"Social";"Saúde";"Óbitos por Residência Doenças do Aparelho Respiratório";"Guamá";"São Francisco do Pará";"-";"2016";7
"Social";"Saúde";"Óbitos por Residência Doenças do Aparelho Respiratório";"Guamá";"São Francisco do Pará";"-";"2017";9
"Social";"Saúde";"Óbitos por Residência Doenças do Aparelho Respiratório";"Guamá";"São Francisco do Pará";"-";"2018";9
"Social";"Saúde";"Óbitos por Residência Doenças do Aparelho Respiratório";"Guamá";"São Francisco do Pará";"-";"2019";12
"Social";"Saúde";"Óbitos por Residência Doenças do Aparelho Respiratório";"Guamá";"São Francisco do Pará";"-";"2020";10
"Social";"Saúde";"Óbitos por Residência Doenças do Aparelho Respiratório";"Guamá";"São Francisco do Pará";"-";"2021";7
"Social";"Saúde";"Óbitos por Residência Doenças do Aparelho Respiratório";"Guamá";"São Francisco do Pará";"-";"2022";16
"Social";"Saúde";"Óbitos por Residência Doenças do Aparelho Respiratório";"Guamá";"São Francisco do Pará";"-";"2023";5
"Social";"Saúde";"Óbitos por Residência Doenças do Aparelho Respiratório";"Guamá";"São Francisco do Pará";"-";"2024";8
"Social";"Saúde";"Óbitos por Residência Doenças do Aparelho Respiratório";"Carajás";"São Geraldo do Araguaia";"-";"2008";5
"Social";"Saúde";"Óbitos por Residência Doenças do Aparelho Respiratório";"Carajás";"São Geraldo do Araguaia";"-";"2009";3
"Social";"Saúde";"Óbitos por Residência Doenças do Aparelho Respiratório";"Carajás";"São Geraldo do Araguaia";"-";"2010";5
"Social";"Saúde";"Óbitos por Residência Doenças do Aparelho Respiratório";"Carajás";"São Geraldo do Araguaia";"-";"2012";4
"Social";"Saúde";"Óbitos por Residência Doenças do Aparelho Respiratório";"Carajás";"São Geraldo do Araguaia";"-";"2013";8
"Social";"Saúde";"Óbitos por Residência Doenças do Aparelho Respiratório";"Carajás";"São Geraldo do Araguaia";"-";"2014";9
"Social";"Saúde";"Óbitos por Residência Doenças do Aparelho Respiratório";"Carajás";"São Geraldo do Araguaia";"-";"2015";7
"Social";"Saúde";"Óbitos por Residência Doenças do Aparelho Respiratório";"Carajás";"São Geraldo do Araguaia";"-";"2016";3
"Social";"Saúde";"Óbitos por Residência Doenças do Aparelho Respiratório";"Carajás";"São Geraldo do Araguaia";"-";"2017";15
"Social";"Saúde";"Óbitos por Residência Doenças do Aparelho Respiratório";"Carajás";"São Geraldo do Araguaia";"-";"2018";2
"Social";"Saúde";"Óbitos por Residência Doenças do Aparelho Respiratório";"Carajás";"São Geraldo do Araguaia";"-";"2019";3
"Social";"Saúde";"Óbitos por Residência Doenças do Aparelho Respiratório";"Carajás";"São Geraldo do Araguaia";"-";"2020";8
"Social";"Saúde";"Óbitos por Residência Doenças do Aparelho Respiratório";"Carajás";"São Geraldo do Araguaia";"-";"2021";11
"Social";"Saúde";"Óbitos por Residência Doenças do Aparelho Respiratório";"Carajás";"São Geraldo do Araguaia";"-";"2022";14
"Social";"Saúde";"Óbitos por Residência Doenças do Aparelho Respiratório";"Carajás";"São Geraldo do Araguaia";"-";"2023";17
"Social";"Saúde";"Óbitos por Residência Doenças do Aparelho Respiratório";"Carajás";"São Geraldo do Araguaia";"-";"2024";13
"Social";"Saúde";"Óbitos por Residência Doenças do Aparelho Respiratório";"Guamá";"São João da Ponta";"-";"2008";1
"Social";"Saúde";"Óbitos por Residência Doenças do Aparelho Respiratório";"Guamá";"São João da Ponta";"-";"2009";0
"Social";"Saúde";"Óbitos por Residência Doenças do Aparelho Respiratório";"Guamá";"São João da Ponta";"-";"2010";1
"Social";"Saúde";"Óbitos por Residência Doenças do Aparelho Respiratório";"Guamá";"São João da Ponta";"-";"2012";0
"Social";"Saúde";"Óbitos por Residência Doenças do Aparelho Respiratório";"Guamá";"São João da Ponta";"-";"2013";2
"Social";"Saúde";"Óbitos por Residência Doenças do Aparelho Respiratório";"Guamá";"São João da Ponta";"-";"2014";4
"Social";"Saúde";"Óbitos por Residência Doenças do Aparelho Respiratório";"Guamá";"São João da Ponta";"-";"2015";3
"Social";"Saúde";"Óbitos por Residência Doenças do Aparelho Respiratório";"Guamá";"São João da Ponta";"-";"2016";6
"Social";"Saúde";"Óbitos por Residência Doenças do Aparelho Respiratório";"Guamá";"São João da Ponta";"-";"2017";5
"Social";"Saúde";"Óbitos por Residência Doenças do Aparelho Respiratório";"Guamá";"São João da Ponta";"-";"2018";5
"Social";"Saúde";"Óbitos por Residência Doenças do Aparelho Respiratório";"Guamá";"São João da Ponta";"-";"2019";3
"Social";"Saúde";"Óbitos por Residência Doenças do Aparelho Respiratório";"Guamá";"São João da Ponta";"-";"2020";5
"Social";"Saúde";"Óbitos por Residência Doenças do Aparelho Respiratório";"Guamá";"São João da Ponta";"-";"2021";11
"Social";"Saúde";"Óbitos por Residência Doenças do Aparelho Respiratório";"Guamá";"São João da Ponta";"-";"2022";3
"Social";"Saúde";"Óbitos por Residência Doenças do Aparelho Respiratório";"Guamá";"São João da Ponta";"-";"2023";2
"Social";"Saúde";"Óbitos por Residência Doenças do Aparelho Respiratório";"Guamá";"São João da Ponta";"-";"2024";4
"Social";"Saúde";"Óbitos por Residência Doenças do Aparelho Respiratório";"Rio Caeté";"São João de Pirabas";"-";"2008";2
"Social";"Saúde";"Óbitos por Residência Doenças do Aparelho Respiratório";"Rio Caeté";"São João de Pirabas";"-";"2009";8
"Social";"Saúde";"Óbitos por Residência Doenças do Aparelho Respiratório";"Rio Caeté";"São João de Pirabas";"-";"2010";5
"Social";"Saúde";"Óbitos por Residência Doenças do Aparelho Respiratório";"Rio Caeté";"São João de Pirabas";"-";"2012";9
"Social";"Saúde";"Óbitos por Residência Doenças do Aparelho Respiratório";"Rio Caeté";"São João de Pirabas";"-";"2013";5
"Social";"Saúde";"Óbitos por Residência Doenças do Aparelho Respiratório";"Rio Caeté";"São João de Pirabas";"-";"2014";7
"Social";"Saúde";"Óbitos por Residência Doenças do Aparelho Respiratório";"Rio Caeté";"São João de Pirabas";"-";"2015";9
"Social";"Saúde";"Óbitos por Residência Doenças do Aparelho Respiratório";"Rio Caeté";"São João de Pirabas";"-";"2016";5
"Social";"Saúde";"Óbitos por Residência Doenças do Aparelho Respiratório";"Rio Caeté";"São João de Pirabas";"-";"2017";9
"Social";"Saúde";"Óbitos por Residência Doenças do Aparelho Respiratório";"Rio Caeté";"São João de Pirabas";"-";"2018";9
"Social";"Saúde";"Óbitos por Residência Doenças do Aparelho Respiratório";"Rio Caeté";"São João de Pirabas";"-";"2019";16
"Social";"Saúde";"Óbitos por Residência Doenças do Aparelho Respiratório";"Rio Caeté";"São João de Pirabas";"-";"2020";12
"Social";"Saúde";"Óbitos por Residência Doenças do Aparelho Respiratório";"Rio Caeté";"São João de Pirabas";"-";"2021";17
"Social";"Saúde";"Óbitos por Residência Doenças do Aparelho Respiratório";"Rio Caeté";"São João de Pirabas";"-";"2022";14
"Social";"Saúde";"Óbitos por Residência Doenças do Aparelho Respiratório";"Rio Caeté";"São João de Pirabas";"-";"2023";17
"Social";"Saúde";"Óbitos por Residência Doenças do Aparelho Respiratório";"Rio Caeté";"São João de Pirabas";"-";"2024";12
"Social";"Saúde";"Óbitos por Residência Doenças do Aparelho Respiratório";"Carajás";"São João do Araguaia";"-";"2008";5
"Social";"Saúde";"Óbitos por Residência Doenças do Aparelho Respiratório";"Carajás";"São João do Araguaia";"-";"2009";6
"Social";"Saúde";"Óbitos por Residência Doenças do Aparelho Respiratório";"Carajás";"São João do Araguaia";"-";"2010";1
"Social";"Saúde";"Óbitos por Residência Doenças do Aparelho Respiratório";"Carajás";"São João do Araguaia";"-";"2012";4
"Social";"Saúde";"Óbitos por Residência Doenças do Aparelho Respiratório";"Carajás";"São João do Araguaia";"-";"2013";3
"Social";"Saúde";"Óbitos por Residência Doenças do Aparelho Respiratório";"Carajás";"São João do Araguaia";"-";"2014";4
"Social";"Saúde";"Óbitos por Residência Doenças do Aparelho Respiratório";"Carajás";"São João do Araguaia";"-";"2015";4
"Social";"Saúde";"Óbitos por Residência Doenças do Aparelho Respiratório";"Carajás";"São João do Araguaia";"-";"2016";4
"Social";"Saúde";"Óbitos por Residência Doenças do Aparelho Respiratório";"Carajás";"São João do Araguaia";"-";"2017";2
"Social";"Saúde";"Óbitos por Residência Doenças do Aparelho Respiratório";"Carajás";"São João do Araguaia";"-";"2018";3
"Social";"Saúde";"Óbitos por Residência Doenças do Aparelho Respiratório";"Carajás";"São João do Araguaia";"-";"2019";2
"Social";"Saúde";"Óbitos por Residência Doenças do Aparelho Respiratório";"Carajás";"São João do Araguaia";"-";"2020";4
"Social";"Saúde";"Óbitos por Residência Doenças do Aparelho Respiratório";"Carajás";"São João do Araguaia";"-";"2021";5
"Social";"Saúde";"Óbitos por Residência Doenças do Aparelho Respiratório";"Carajás";"São João do Araguaia";"-";"2022";6
"Social";"Saúde";"Óbitos por Residência Doenças do Aparelho Respiratório";"Carajás";"São João do Araguaia";"-";"2023";9
"Social";"Saúde";"Óbitos por Residência Doenças do Aparelho Respiratório";"Carajás";"São João do Araguaia";"-";"2024";7
"Social";"Saúde";"Óbitos por Residência Doenças do Aparelho Respiratório";"Guamá";"São Miguel do Guamá";"-";"2008";12
"Social";"Saúde";"Óbitos por Residência Doenças do Aparelho Respiratório";"Guamá";"São Miguel do Guamá";"-";"2009";8
"Social";"Saúde";"Óbitos por Residência Doenças do Aparelho Respiratório";"Guamá";"São Miguel do Guamá";"-";"2010";4
"Social";"Saúde";"Óbitos por Residência Doenças do Aparelho Respiratório";"Guamá";"São Miguel do Guamá";"-";"2012";17
"Social";"Saúde";"Óbitos por Residência Doenças do Aparelho Respiratório";"Guamá";"São Miguel do Guamá";"-";"2013";25
"Social";"Saúde";"Óbitos por Residência Doenças do Aparelho Respiratório";"Guamá";"São Miguel do Guamá";"-";"2014";24
"Social";"Saúde";"Óbitos por Residência Doenças do Aparelho Respiratório";"Guamá";"São Miguel do Guamá";"-";"2015";26
"Social";"Saúde";"Óbitos por Residência Doenças do Aparelho Respiratório";"Guamá";"São Miguel do Guamá";"-";"2016";16
"Social";"Saúde";"Óbitos por Residência Doenças do Aparelho Respiratório";"Guamá";"São Miguel do Guamá";"-";"2017";15
"Social";"Saúde";"Óbitos por Residência Doenças do Aparelho Respiratório";"Guamá";"São Miguel do Guamá";"-";"2018";21
"Social";"Saúde";"Óbitos por Residência Doenças do Aparelho Respiratório";"Guamá";"São Miguel do Guamá";"-";"2019";21
"Social";"Saúde";"Óbitos por Residência Doenças do Aparelho Respiratório";"Guamá";"São Miguel do Guamá";"-";"2020";32
"Social";"Saúde";"Óbitos por Residência Doenças do Aparelho Respiratório";"Guamá";"São Miguel do Guamá";"-";"2021";24
"Social";"Saúde";"Óbitos por Residência Doenças do Aparelho Respiratório";"Guamá";"São Miguel do Guamá";"-";"2022";31
"Social";"Saúde";"Óbitos por Residência Doenças do Aparelho Respiratório";"Guamá";"São Miguel do Guamá";"-";"2023";35
"Social";"Saúde";"Óbitos por Residência Doenças do Aparelho Respiratório";"Guamá";"São Miguel do Guamá";"-";"2024";34
"Social";"Saúde";"Óbitos por Residência Doenças do Aparelho Respiratório";"Marajó";"São Sebastião da Boa Vista";"-";"2008";6
"Social";"Saúde";"Óbitos por Residência Doenças do Aparelho Respiratório";"Marajó";"São Sebastião da Boa Vista";"-";"2009";10
"Social";"Saúde";"Óbitos por Residência Doenças do Aparelho Respiratório";"Marajó";"São Sebastião da Boa Vista";"-";"2010";2
"Social";"Saúde";"Óbitos por Residência Doenças do Aparelho Respiratório";"Marajó";"São Sebastião da Boa Vista";"-";"2012";6
"Social";"Saúde";"Óbitos por Residência Doenças do Aparelho Respiratório";"Marajó";"São Sebastião da Boa Vista";"-";"2013";7
"Social";"Saúde";"Óbitos por Residência Doenças do Aparelho Respiratório";"Marajó";"São Sebastião da Boa Vista";"-";"2014";11
"Social";"Saúde";"Óbitos por Residência Doenças do Aparelho Respiratório";"Marajó";"São Sebastião da Boa Vista";"-";"2015";5
"Social";"Saúde";"Óbitos por Residência Doenças do Aparelho Respiratório";"Marajó";"São Sebastião da Boa Vista";"-";"2016";13
"Social";"Saúde";"Óbitos por Residência Doenças do Aparelho Respiratório";"Marajó";"São Sebastião da Boa Vista";"-";"2017";9
"Social";"Saúde";"Óbitos por Residência Doenças do Aparelho Respiratório";"Marajó";"São Sebastião da Boa Vista";"-";"2018";18
"Social";"Saúde";"Óbitos por Residência Doenças do Aparelho Respiratório";"Marajó";"São Sebastião da Boa Vista";"-";"2019";4
"Social";"Saúde";"Óbitos por Residência Doenças do Aparelho Respiratório";"Marajó";"São Sebastião da Boa Vista";"-";"2020";7
"Social";"Saúde";"Óbitos por Residência Doenças do Aparelho Respiratório";"Marajó";"São Sebastião da Boa Vista";"-";"2021";2
"Social";"Saúde";"Óbitos por Residência Doenças do Aparelho Respiratório";"Marajó";"São Sebastião da Boa Vista";"-";"2022";9
"Social";"Saúde";"Óbitos por Residência Doenças do Aparelho Respiratório";"Marajó";"São Sebastião da Boa Vista";"-";"2023";10
"Social";"Saúde";"Óbitos por Residência Doenças do Aparelho Respiratório";"Marajó";"São Sebastião da Boa Vista";"-";"2024";8
"Social";"Saúde";"Óbitos por Residência Doenças do Aparelho Respiratório";"Araguaia";"Sapucaia";"-";"2008";0
"Social";"Saúde";"Óbitos por Residência Doenças do Aparelho Respiratório";"Araguaia";"Sapucaia";"-";"2009";0
"Social";"Saúde";"Óbitos por Residência Doenças do Aparelho Respiratório";"Araguaia";"Sapucaia";"-";"2010";2
"Social";"Saúde";"Óbitos por Residência Doenças do Aparelho Respiratório";"Araguaia";"Sapucaia";"-";"2012";1
"Social";"Saúde";"Óbitos por Residência Doenças do Aparelho Respiratório";"Araguaia";"Sapucaia";"-";"2013";1
"Social";"Saúde";"Óbitos por Residência Doenças do Aparelho Respiratório";"Araguaia";"Sapucaia";"-";"2014";1
"Social";"Saúde";"Óbitos por Residência Doenças do Aparelho Respiratório";"Araguaia";"Sapucaia";"-";"2015";0
"Social";"Saúde";"Óbitos por Residência Doenças do Aparelho Respiratório";"Araguaia";"Sapucaia";"-";"2016";1
"Social";"Saúde";"Óbitos por Residência Doenças do Aparelho Respiratório";"Araguaia";"Sapucaia";"-";"2017";1
"Social";"Saúde";"Óbitos por Residência Doenças do Aparelho Respiratório";"Araguaia";"Sapucaia";"-";"2018";10
"Social";"Saúde";"Óbitos por Residência Doenças do Aparelho Respiratório";"Araguaia";"Sapucaia";"-";"2019";1
"Social";"Saúde";"Óbitos por Residência Doenças do Aparelho Respiratório";"Araguaia";"Sapucaia";"-";"2020";3
"Social";"Saúde";"Óbitos por Residência Doenças do Aparelho Respiratório";"Araguaia";"Sapucaia";"-";"2021";2
"Social";"Saúde";"Óbitos por Residência Doenças do Aparelho Respiratório";"Araguaia";"Sapucaia";"-";"2022";1
"Social";"Saúde";"Óbitos por Residência Doenças do Aparelho Respiratório";"Araguaia";"Sapucaia";"-";"2023";3
"Social";"Saúde";"Óbitos por Residência Doenças do Aparelho Respiratório";"Araguaia";"Sapucaia";"-";"2024";1
"Social";"Saúde";"Óbitos por Residência Doenças do Aparelho Respiratório";"Xingu";"Senador José Porfírio";"-";"2008";3
"Social";"Saúde";"Óbitos por Residência Doenças do Aparelho Respiratório";"Xingu";"Senador José Porfírio";"-";"2009";2
"Social";"Saúde";"Óbitos por Residência Doenças do Aparelho Respiratório";"Xingu";"Senador José Porfírio";"-";"2010";1
"Social";"Saúde";"Óbitos por Residência Doenças do Aparelho Respiratório";"Xingu";"Senador José Porfírio";"-";"2012";6
"Social";"Saúde";"Óbitos por Residência Doenças do Aparelho Respiratório";"Xingu";"Senador José Porfírio";"-";"2013";5
"Social";"Saúde";"Óbitos por Residência Doenças do Aparelho Respiratório";"Xingu";"Senador José Porfírio";"-";"2014";6
"Social";"Saúde";"Óbitos por Residência Doenças do Aparelho Respiratório";"Xingu";"Senador José Porfírio";"-";"2015";0
"Social";"Saúde";"Óbitos por Residência Doenças do Aparelho Respiratório";"Xingu";"Senador José Porfírio";"-";"2016";9
"Social";"Saúde";"Óbitos por Residência Doenças do Aparelho Respiratório";"Xingu";"Senador José Porfírio";"-";"2017";3
"Social";"Saúde";"Óbitos por Residência Doenças do Aparelho Respiratório";"Xingu";"Senador José Porfírio";"-";"2018";4
"Social";"Saúde";"Óbitos por Residência Doenças do Aparelho Respiratório";"Xingu";"Senador José Porfírio";"-";"2019";6
"Social";"Saúde";"Óbitos por Residência Doenças do Aparelho Respiratório";"Xingu";"Senador José Porfírio";"-";"2020";5
"Social";"Saúde";"Óbitos por Residência Doenças do Aparelho Respiratório";"Xingu";"Senador José Porfírio";"-";"2021";9
"Social";"Saúde";"Óbitos por Residência Doenças do Aparelho Respiratório";"Xingu";"Senador José Porfírio";"-";"2022";9
"Social";"Saúde";"Óbitos por Residência Doenças do Aparelho Respiratório";"Xingu";"Senador José Porfírio";"-";"2023";8
"Social";"Saúde";"Óbitos por Residência Doenças do Aparelho Respiratório";"Xingu";"Senador José Porfírio";"-";"2024";3
"Social";"Saúde";"Óbitos por Residência Doenças do Aparelho Respiratório";"Marajó";"Soure";"-";"2008";6
"Social";"Saúde";"Óbitos por Residência Doenças do Aparelho Respiratório";"Marajó";"Soure";"-";"2009";4
"Social";"Saúde";"Óbitos por Residência Doenças do Aparelho Respiratório";"Marajó";"Soure";"-";"2010";14
"Social";"Saúde";"Óbitos por Residência Doenças do Aparelho Respiratório";"Marajó";"Soure";"-";"2012";5
"Social";"Saúde";"Óbitos por Residência Doenças do Aparelho Respiratório";"Marajó";"Soure";"-";"2013";8
"Social";"Saúde";"Óbitos por Residência Doenças do Aparelho Respiratório";"Marajó";"Soure";"-";"2014";5
"Social";"Saúde";"Óbitos por Residência Doenças do Aparelho Respiratório";"Marajó";"Soure";"-";"2015";7
"Social";"Saúde";"Óbitos por Residência Doenças do Aparelho Respiratório";"Marajó";"Soure";"-";"2016";7
"Social";"Saúde";"Óbitos por Residência Doenças do Aparelho Respiratório";"Marajó";"Soure";"-";"2017";11
"Social";"Saúde";"Óbitos por Residência Doenças do Aparelho Respiratório";"Marajó";"Soure";"-";"2018";22
"Social";"Saúde";"Óbitos por Residência Doenças do Aparelho Respiratório";"Marajó";"Soure";"-";"2019";9
"Social";"Saúde";"Óbitos por Residência Doenças do Aparelho Respiratório";"Marajó";"Soure";"-";"2020";20
"Social";"Saúde";"Óbitos por Residência Doenças do Aparelho Respiratório";"Marajó";"Soure";"-";"2021";15
"Social";"Saúde";"Óbitos por Residência Doenças do Aparelho Respiratório";"Marajó";"Soure";"-";"2022";9
"Social";"Saúde";"Óbitos por Residência Doenças do Aparelho Respiratório";"Marajó";"Soure";"-";"2023";16
"Social";"Saúde";"Óbitos por Residência Doenças do Aparelho Respiratório";"Marajó";"Soure";"-";"2024";12
"Social";"Saúde";"Óbitos por Residência Doenças do Aparelho Respiratório";"Tocantins";"Tailândia";"-";"2008";15
"Social";"Saúde";"Óbitos por Residência Doenças do Aparelho Respiratório";"Tocantins";"Tailândia";"-";"2009";11
"Social";"Saúde";"Óbitos por Residência Doenças do Aparelho Respiratório";"Tocantins";"Tailândia";"-";"2010";15
"Social";"Saúde";"Óbitos por Residência Doenças do Aparelho Respiratório";"Tocantins";"Tailândia";"-";"2012";15
"Social";"Saúde";"Óbitos por Residência Doenças do Aparelho Respiratório";"Tocantins";"Tailândia";"-";"2013";15
"Social";"Saúde";"Óbitos por Residência Doenças do Aparelho Respiratório";"Tocantins";"Tailândia";"-";"2014";24
"Social";"Saúde";"Óbitos por Residência Doenças do Aparelho Respiratório";"Tocantins";"Tailândia";"-";"2015";19
"Social";"Saúde";"Óbitos por Residência Doenças do Aparelho Respiratório";"Tocantins";"Tailândia";"-";"2016";27
"Social";"Saúde";"Óbitos por Residência Doenças do Aparelho Respiratório";"Tocantins";"Tailândia";"-";"2017";32
"Social";"Saúde";"Óbitos por Residência Doenças do Aparelho Respiratório";"Tocantins";"Tailândia";"-";"2018";32
"Social";"Saúde";"Óbitos por Residência Doenças do Aparelho Respiratório";"Tocantins";"Tailândia";"-";"2019";19
"Social";"Saúde";"Óbitos por Residência Doenças do Aparelho Respiratório";"Tocantins";"Tailândia";"-";"2020";27
"Social";"Saúde";"Óbitos por Residência Doenças do Aparelho Respiratório";"Tocantins";"Tailândia";"-";"2021";24
"Social";"Saúde";"Óbitos por Residência Doenças do Aparelho Respiratório";"Tocantins";"Tailândia";"-";"2022";46
"Social";"Saúde";"Óbitos por Residência Doenças do Aparelho Respiratório";"Tocantins";"Tailândia";"-";"2023";31
"Social";"Saúde";"Óbitos por Residência Doenças do Aparelho Respiratório";"Tocantins";"Tailândia";"-";"2024";40
"Social";"Saúde";"Óbitos por Residência Doenças do Aparelho Respiratório";"Guamá";"Terra Alta";"-";"2008";7
"Social";"Saúde";"Óbitos por Residência Doenças do Aparelho Respiratório";"Guamá";"Terra Alta";"-";"2009";2
"Social";"Saúde";"Óbitos por Residência Doenças do Aparelho Respiratório";"Guamá";"Terra Alta";"-";"2010";3
"Social";"Saúde";"Óbitos por Residência Doenças do Aparelho Respiratório";"Guamá";"Terra Alta";"-";"2012";3
"Social";"Saúde";"Óbitos por Residência Doenças do Aparelho Respiratório";"Guamá";"Terra Alta";"-";"2013";7
"Social";"Saúde";"Óbitos por Residência Doenças do Aparelho Respiratório";"Guamá";"Terra Alta";"-";"2014";12
"Social";"Saúde";"Óbitos por Residência Doenças do Aparelho Respiratório";"Guamá";"Terra Alta";"-";"2015";5
"Social";"Saúde";"Óbitos por Residência Doenças do Aparelho Respiratório";"Guamá";"Terra Alta";"-";"2016";2
"Social";"Saúde";"Óbitos por Residência Doenças do Aparelho Respiratório";"Guamá";"Terra Alta";"-";"2017";1
"Social";"Saúde";"Óbitos por Residência Doenças do Aparelho Respiratório";"Guamá";"Terra Alta";"-";"2018";5
"Social";"Saúde";"Óbitos por Residência Doenças do Aparelho Respiratório";"Guamá";"Terra Alta";"-";"2019";0
"Social";"Saúde";"Óbitos por Residência Doenças do Aparelho Respiratório";"Guamá";"Terra Alta";"-";"2020";8
"Social";"Saúde";"Óbitos por Residência Doenças do Aparelho Respiratório";"Guamá";"Terra Alta";"-";"2021";4
"Social";"Saúde";"Óbitos por Residência Doenças do Aparelho Respiratório";"Guamá";"Terra Alta";"-";"2022";10
"Social";"Saúde";"Óbitos por Residência Doenças do Aparelho Respiratório";"Guamá";"Terra Alta";"-";"2023";5
"Social";"Saúde";"Óbitos por Residência Doenças do Aparelho Respiratório";"Guamá";"Terra Alta";"-";"2024";3
"Social";"Saúde";"Óbitos por Residência Doenças do Aparelho Respiratório";"Baixo Amazonas";"Terra Santa";"-";"2008";5
"Social";"Saúde";"Óbitos por Residência Doenças do Aparelho Respiratório";"Baixo Amazonas";"Terra Santa";"-";"2009";4
"Social";"Saúde";"Óbitos por Residência Doenças do Aparelho Respiratório";"Baixo Amazonas";"Terra Santa";"-";"2010";1
"Social";"Saúde";"Óbitos por Residência Doenças do Aparelho Respiratório";"Baixo Amazonas";"Terra Santa";"-";"2012";5
"Social";"Saúde";"Óbitos por Residência Doenças do Aparelho Respiratório";"Baixo Amazonas";"Terra Santa";"-";"2013";3
"Social";"Saúde";"Óbitos por Residência Doenças do Aparelho Respiratório";"Baixo Amazonas";"Terra Santa";"-";"2014";6
"Social";"Saúde";"Óbitos por Residência Doenças do Aparelho Respiratório";"Baixo Amazonas";"Terra Santa";"-";"2015";6
"Social";"Saúde";"Óbitos por Residência Doenças do Aparelho Respiratório";"Baixo Amazonas";"Terra Santa";"-";"2016";8
"Social";"Saúde";"Óbitos por Residência Doenças do Aparelho Respiratório";"Baixo Amazonas";"Terra Santa";"-";"2017";10
"Social";"Saúde";"Óbitos por Residência Doenças do Aparelho Respiratório";"Baixo Amazonas";"Terra Santa";"-";"2018";9
"Social";"Saúde";"Óbitos por Residência Doenças do Aparelho Respiratório";"Baixo Amazonas";"Terra Santa";"-";"2019";6
"Social";"Saúde";"Óbitos por Residência Doenças do Aparelho Respiratório";"Baixo Amazonas";"Terra Santa";"-";"2020";10
"Social";"Saúde";"Óbitos por Residência Doenças do Aparelho Respiratório";"Baixo Amazonas";"Terra Santa";"-";"2021";3
"Social";"Saúde";"Óbitos por Residência Doenças do Aparelho Respiratório";"Baixo Amazonas";"Terra Santa";"-";"2022";8
"Social";"Saúde";"Óbitos por Residência Doenças do Aparelho Respiratório";"Baixo Amazonas";"Terra Santa";"-";"2023";12
"Social";"Saúde";"Óbitos por Residência Doenças do Aparelho Respiratório";"Baixo Amazonas";"Terra Santa";"-";"2024";8
"Social";"Saúde";"Óbitos por Residência Doenças do Aparelho Respiratório";"Rio Capim";"Tomé-Açu";"-";"2008";14
"Social";"Saúde";"Óbitos por Residência Doenças do Aparelho Respiratório";"Rio Capim";"Tomé-Açu";"-";"2009";14
"Social";"Saúde";"Óbitos por Residência Doenças do Aparelho Respiratório";"Rio Capim";"Tomé-Açu";"-";"2010";12
"Social";"Saúde";"Óbitos por Residência Doenças do Aparelho Respiratório";"Rio Capim";"Tomé-Açu";"-";"2012";16
"Social";"Saúde";"Óbitos por Residência Doenças do Aparelho Respiratório";"Rio Capim";"Tomé-Açu";"-";"2013";27
"Social";"Saúde";"Óbitos por Residência Doenças do Aparelho Respiratório";"Rio Capim";"Tomé-Açu";"-";"2014";16
"Social";"Saúde";"Óbitos por Residência Doenças do Aparelho Respiratório";"Rio Capim";"Tomé-Açu";"-";"2015";21
"Social";"Saúde";"Óbitos por Residência Doenças do Aparelho Respiratório";"Rio Capim";"Tomé-Açu";"-";"2016";27
"Social";"Saúde";"Óbitos por Residência Doenças do Aparelho Respiratório";"Rio Capim";"Tomé-Açu";"-";"2017";27
"Social";"Saúde";"Óbitos por Residência Doenças do Aparelho Respiratório";"Rio Capim";"Tomé-Açu";"-";"2018";33
"Social";"Saúde";"Óbitos por Residência Doenças do Aparelho Respiratório";"Rio Capim";"Tomé-Açu";"-";"2019";51
"Social";"Saúde";"Óbitos por Residência Doenças do Aparelho Respiratório";"Rio Capim";"Tomé-Açu";"-";"2020";47
"Social";"Saúde";"Óbitos por Residência Doenças do Aparelho Respiratório";"Rio Capim";"Tomé-Açu";"-";"2021";35
"Social";"Saúde";"Óbitos por Residência Doenças do Aparelho Respiratório";"Rio Capim";"Tomé-Açu";"-";"2022";40
"Social";"Saúde";"Óbitos por Residência Doenças do Aparelho Respiratório";"Rio Capim";"Tomé-Açu";"-";"2023";31
"Social";"Saúde";"Óbitos por Residência Doenças do Aparelho Respiratório";"Rio Capim";"Tomé-Açu";"-";"2024";50
"Social";"Saúde";"Óbitos por Residência Doenças do Aparelho Respiratório";"Rio Caeté";"Tracuateua";"-";"2008";12
"Social";"Saúde";"Óbitos por Residência Doenças do Aparelho Respiratório";"Rio Caeté";"Tracuateua";"-";"2009";11
"Social";"Saúde";"Óbitos por Residência Doenças do Aparelho Respiratório";"Rio Caeté";"Tracuateua";"-";"2010";12
"Social";"Saúde";"Óbitos por Residência Doenças do Aparelho Respiratório";"Rio Caeté";"Tracuateua";"-";"2012";5
"Social";"Saúde";"Óbitos por Residência Doenças do Aparelho Respiratório";"Rio Caeté";"Tracuateua";"-";"2013";10
"Social";"Saúde";"Óbitos por Residência Doenças do Aparelho Respiratório";"Rio Caeté";"Tracuateua";"-";"2014";7
"Social";"Saúde";"Óbitos por Residência Doenças do Aparelho Respiratório";"Rio Caeté";"Tracuateua";"-";"2015";14
"Social";"Saúde";"Óbitos por Residência Doenças do Aparelho Respiratório";"Rio Caeté";"Tracuateua";"-";"2016";7
"Social";"Saúde";"Óbitos por Residência Doenças do Aparelho Respiratório";"Rio Caeté";"Tracuateua";"-";"2017";16
"Social";"Saúde";"Óbitos por Residência Doenças do Aparelho Respiratório";"Rio Caeté";"Tracuateua";"-";"2018";11
"Social";"Saúde";"Óbitos por Residência Doenças do Aparelho Respiratório";"Rio Caeté";"Tracuateua";"-";"2019";21
"Social";"Saúde";"Óbitos por Residência Doenças do Aparelho Respiratório";"Rio Caeté";"Tracuateua";"-";"2020";21
"Social";"Saúde";"Óbitos por Residência Doenças do Aparelho Respiratório";"Rio Caeté";"Tracuateua";"-";"2021";11
"Social";"Saúde";"Óbitos por Residência Doenças do Aparelho Respiratório";"Rio Caeté";"Tracuateua";"-";"2022";23
"Social";"Saúde";"Óbitos por Residência Doenças do Aparelho Respiratório";"Rio Caeté";"Tracuateua";"-";"2023";17
"Social";"Saúde";"Óbitos por Residência Doenças do Aparelho Respiratório";"Rio Caeté";"Tracuateua";"-";"2024";15
"Social";"Saúde";"Óbitos por Residência Doenças do Aparelho Respiratório";"Tapajós";"Trairão";"-";"2008";5
"Social";"Saúde";"Óbitos por Residência Doenças do Aparelho Respiratório";"Tapajós";"Trairão";"-";"2009";1
"Social";"Saúde";"Óbitos por Residência Doenças do Aparelho Respiratório";"Tapajós";"Trairão";"-";"2010";1
"Social";"Saúde";"Óbitos por Residência Doenças do Aparelho Respiratório";"Tapajós";"Trairão";"-";"2012";2
"Social";"Saúde";"Óbitos por Residência Doenças do Aparelho Respiratório";"Tapajós";"Trairão";"-";"2013";3
"Social";"Saúde";"Óbitos por Residência Doenças do Aparelho Respiratório";"Tapajós";"Trairão";"-";"2014";2
"Social";"Saúde";"Óbitos por Residência Doenças do Aparelho Respiratório";"Tapajós";"Trairão";"-";"2015";3
"Social";"Saúde";"Óbitos por Residência Doenças do Aparelho Respiratório";"Tapajós";"Trairão";"-";"2016";2
"Social";"Saúde";"Óbitos por Residência Doenças do Aparelho Respiratório";"Tapajós";"Trairão";"-";"2017";4
"Social";"Saúde";"Óbitos por Residência Doenças do Aparelho Respiratório";"Tapajós";"Trairão";"-";"2018";3
"Social";"Saúde";"Óbitos por Residência Doenças do Aparelho Respiratório";"Tapajós";"Trairão";"-";"2019";2
"Social";"Saúde";"Óbitos por Residência Doenças do Aparelho Respiratório";"Tapajós";"Trairão";"-";"2020";5
"Social";"Saúde";"Óbitos por Residência Doenças do Aparelho Respiratório";"Tapajós";"Trairão";"-";"2021";6
"Social";"Saúde";"Óbitos por Residência Doenças do Aparelho Respiratório";"Tapajós";"Trairão";"-";"2022";5
"Social";"Saúde";"Óbitos por Residência Doenças do Aparelho Respiratório";"Tapajós";"Trairão";"-";"2023";3
"Social";"Saúde";"Óbitos por Residência Doenças do Aparelho Respiratório";"Tapajós";"Trairão";"-";"2024";7
"Social";"Saúde";"Óbitos por Residência Doenças do Aparelho Respiratório";"Araguaia";"Tucumã";"-";"2008";13
"Social";"Saúde";"Óbitos por Residência Doenças do Aparelho Respiratório";"Araguaia";"Tucumã";"-";"2009";7
"Social";"Saúde";"Óbitos por Residência Doenças do Aparelho Respiratório";"Araguaia";"Tucumã";"-";"2010";8
"Social";"Saúde";"Óbitos por Residência Doenças do Aparelho Respiratório";"Araguaia";"Tucumã";"-";"2012";9
"Social";"Saúde";"Óbitos por Residência Doenças do Aparelho Respiratório";"Araguaia";"Tucumã";"-";"2013";9
"Social";"Saúde";"Óbitos por Residência Doenças do Aparelho Respiratório";"Araguaia";"Tucumã";"-";"2014";10
"Social";"Saúde";"Óbitos por Residência Doenças do Aparelho Respiratório";"Araguaia";"Tucumã";"-";"2015";9
"Social";"Saúde";"Óbitos por Residência Doenças do Aparelho Respiratório";"Araguaia";"Tucumã";"-";"2016";2
"Social";"Saúde";"Óbitos por Residência Doenças do Aparelho Respiratório";"Araguaia";"Tucumã";"-";"2017";14
"Social";"Saúde";"Óbitos por Residência Doenças do Aparelho Respiratório";"Araguaia";"Tucumã";"-";"2018";17
"Social";"Saúde";"Óbitos por Residência Doenças do Aparelho Respiratório";"Araguaia";"Tucumã";"-";"2019";17
"Social";"Saúde";"Óbitos por Residência Doenças do Aparelho Respiratório";"Araguaia";"Tucumã";"-";"2020";10
"Social";"Saúde";"Óbitos por Residência Doenças do Aparelho Respiratório";"Araguaia";"Tucumã";"-";"2021";8
"Social";"Saúde";"Óbitos por Residência Doenças do Aparelho Respiratório";"Araguaia";"Tucumã";"-";"2022";13
"Social";"Saúde";"Óbitos por Residência Doenças do Aparelho Respiratório";"Araguaia";"Tucumã";"-";"2023";6
"Social";"Saúde";"Óbitos por Residência Doenças do Aparelho Respiratório";"Araguaia";"Tucumã";"-";"2024";17
"Social";"Saúde";"Óbitos por Residência Doenças do Aparelho Respiratório";"Lago de Tucuruí";"Tucuruí";"-";"2008";29
"Social";"Saúde";"Óbitos por Residência Doenças do Aparelho Respiratório";"Lago de Tucuruí";"Tucuruí";"-";"2009";26
"Social";"Saúde";"Óbitos por Residência Doenças do Aparelho Respiratório";"Lago de Tucuruí";"Tucuruí";"-";"2010";31
"Social";"Saúde";"Óbitos por Residência Doenças do Aparelho Respiratório";"Lago de Tucuruí";"Tucuruí";"-";"2012";34
"Social";"Saúde";"Óbitos por Residência Doenças do Aparelho Respiratório";"Lago de Tucuruí";"Tucuruí";"-";"2013";34
"Social";"Saúde";"Óbitos por Residência Doenças do Aparelho Respiratório";"Lago de Tucuruí";"Tucuruí";"-";"2014";28
"Social";"Saúde";"Óbitos por Residência Doenças do Aparelho Respiratório";"Lago de Tucuruí";"Tucuruí";"-";"2015";20
"Social";"Saúde";"Óbitos por Residência Doenças do Aparelho Respiratório";"Lago de Tucuruí";"Tucuruí";"-";"2016";39
"Social";"Saúde";"Óbitos por Residência Doenças do Aparelho Respiratório";"Lago de Tucuruí";"Tucuruí";"-";"2017";20
"Social";"Saúde";"Óbitos por Residência Doenças do Aparelho Respiratório";"Lago de Tucuruí";"Tucuruí";"-";"2018";44
"Social";"Saúde";"Óbitos por Residência Doenças do Aparelho Respiratório";"Lago de Tucuruí";"Tucuruí";"-";"2019";25
"Social";"Saúde";"Óbitos por Residência Doenças do Aparelho Respiratório";"Lago de Tucuruí";"Tucuruí";"-";"2020";31
"Social";"Saúde";"Óbitos por Residência Doenças do Aparelho Respiratório";"Lago de Tucuruí";"Tucuruí";"-";"2021";31
"Social";"Saúde";"Óbitos por Residência Doenças do Aparelho Respiratório";"Lago de Tucuruí";"Tucuruí";"-";"2022";49
"Social";"Saúde";"Óbitos por Residência Doenças do Aparelho Respiratório";"Lago de Tucuruí";"Tucuruí";"-";"2023";33
"Social";"Saúde";"Óbitos por Residência Doenças do Aparelho Respiratório";"Lago de Tucuruí";"Tucuruí";"-";"2024";43
"Social";"Saúde";"Óbitos por Residência Doenças do Aparelho Respiratório";"Rio Capim";"Ulianópolis";"-";"2008";5
"Social";"Saúde";"Óbitos por Residência Doenças do Aparelho Respiratório";"Rio Capim";"Ulianópolis";"-";"2009";0
"Social";"Saúde";"Óbitos por Residência Doenças do Aparelho Respiratório";"Rio Capim";"Ulianópolis";"-";"2010";1
"Social";"Saúde";"Óbitos por Residência Doenças do Aparelho Respiratório";"Rio Capim";"Ulianópolis";"-";"2012";3
"Social";"Saúde";"Óbitos por Residência Doenças do Aparelho Respiratório";"Rio Capim";"Ulianópolis";"-";"2013";4
"Social";"Saúde";"Óbitos por Residência Doenças do Aparelho Respiratório";"Rio Capim";"Ulianópolis";"-";"2014";2
"Social";"Saúde";"Óbitos por Residência Doenças do Aparelho Respiratório";"Rio Capim";"Ulianópolis";"-";"2015";10
"Social";"Saúde";"Óbitos por Residência Doenças do Aparelho Respiratório";"Rio Capim";"Ulianópolis";"-";"2016";5
"Social";"Saúde";"Óbitos por Residência Doenças do Aparelho Respiratório";"Rio Capim";"Ulianópolis";"-";"2017";12
"Social";"Saúde";"Óbitos por Residência Doenças do Aparelho Respiratório";"Rio Capim";"Ulianópolis";"-";"2018";11
"Social";"Saúde";"Óbitos por Residência Doenças do Aparelho Respiratório";"Rio Capim";"Ulianópolis";"-";"2019";12
"Social";"Saúde";"Óbitos por Residência Doenças do Aparelho Respiratório";"Rio Capim";"Ulianópolis";"-";"2020";7
"Social";"Saúde";"Óbitos por Residência Doenças do Aparelho Respiratório";"Rio Capim";"Ulianópolis";"-";"2021";10
"Social";"Saúde";"Óbitos por Residência Doenças do Aparelho Respiratório";"Rio Capim";"Ulianópolis";"-";"2022";10
"Social";"Saúde";"Óbitos por Residência Doenças do Aparelho Respiratório";"Rio Capim";"Ulianópolis";"-";"2023";8
"Social";"Saúde";"Óbitos por Residência Doenças do Aparelho Respiratório";"Rio Capim";"Ulianópolis";"-";"2024";15
"Social";"Saúde";"Óbitos por Residência Doenças do Aparelho Respiratório";"Xingu";"Uruará";"-";"2008";6
"Social";"Saúde";"Óbitos por Residência Doenças do Aparelho Respiratório";"Xingu";"Uruará";"-";"2009";7
"Social";"Saúde";"Óbitos por Residência Doenças do Aparelho Respiratório";"Xingu";"Uruará";"-";"2010";6
"Social";"Saúde";"Óbitos por Residência Doenças do Aparelho Respiratório";"Xingu";"Uruará";"-";"2012";12
"Social";"Saúde";"Óbitos por Residência Doenças do Aparelho Respiratório";"Xingu";"Uruará";"-";"2013";9
"Social";"Saúde";"Óbitos por Residência Doenças do Aparelho Respiratório";"Xingu";"Uruará";"-";"2014";12
"Social";"Saúde";"Óbitos por Residência Doenças do Aparelho Respiratório";"Xingu";"Uruará";"-";"2015";10
"Social";"Saúde";"Óbitos por Residência Doenças do Aparelho Respiratório";"Xingu";"Uruará";"-";"2016";13
"Social";"Saúde";"Óbitos por Residência Doenças do Aparelho Respiratório";"Xingu";"Uruará";"-";"2017";15
"Social";"Saúde";"Óbitos por Residência Doenças do Aparelho Respiratório";"Xingu";"Uruará";"-";"2018";6
"Social";"Saúde";"Óbitos por Residência Doenças do Aparelho Respiratório";"Xingu";"Uruará";"-";"2019";13
"Social";"Saúde";"Óbitos por Residência Doenças do Aparelho Respiratório";"Xingu";"Uruará";"-";"2020";6
"Social";"Saúde";"Óbitos por Residência Doenças do Aparelho Respiratório";"Xingu";"Uruará";"-";"2021";16
"Social";"Saúde";"Óbitos por Residência Doenças do Aparelho Respiratório";"Xingu";"Uruará";"-";"2022";24
"Social";"Saúde";"Óbitos por Residência Doenças do Aparelho Respiratório";"Xingu";"Uruará";"-";"2023";24
"Social";"Saúde";"Óbitos por Residência Doenças do Aparelho Respiratório";"Xingu";"Uruará";"-";"2024";19
"Social";"Saúde";"Óbitos por Residência Doenças do Aparelho Respiratório";"Guamá";"Vigia";"-";"2008";17
"Social";"Saúde";"Óbitos por Residência Doenças do Aparelho Respiratório";"Guamá";"Vigia";"-";"2009";11
"Social";"Saúde";"Óbitos por Residência Doenças do Aparelho Respiratório";"Guamá";"Vigia";"-";"2010";16
"Social";"Saúde";"Óbitos por Residência Doenças do Aparelho Respiratório";"Guamá";"Vigia";"-";"2012";14
"Social";"Saúde";"Óbitos por Residência Doenças do Aparelho Respiratório";"Guamá";"Vigia";"-";"2013";19
"Social";"Saúde";"Óbitos por Residência Doenças do Aparelho Respiratório";"Guamá";"Vigia";"-";"2014";13
"Social";"Saúde";"Óbitos por Residência Doenças do Aparelho Respiratório";"Guamá";"Vigia";"-";"2015";20
"Social";"Saúde";"Óbitos por Residência Doenças do Aparelho Respiratório";"Guamá";"Vigia";"-";"2016";36
"Social";"Saúde";"Óbitos por Residência Doenças do Aparelho Respiratório";"Guamá";"Vigia";"-";"2017";33
"Social";"Saúde";"Óbitos por Residência Doenças do Aparelho Respiratório";"Guamá";"Vigia";"-";"2018";23
"Social";"Saúde";"Óbitos por Residência Doenças do Aparelho Respiratório";"Guamá";"Vigia";"-";"2019";22
"Social";"Saúde";"Óbitos por Residência Doenças do Aparelho Respiratório";"Guamá";"Vigia";"-";"2020";32
"Social";"Saúde";"Óbitos por Residência Doenças do Aparelho Respiratório";"Guamá";"Vigia";"-";"2021";22
"Social";"Saúde";"Óbitos por Residência Doenças do Aparelho Respiratório";"Guamá";"Vigia";"-";"2022";42
"Social";"Saúde";"Óbitos por Residência Doenças do Aparelho Respiratório";"Guamá";"Vigia";"-";"2023";29
"Social";"Saúde";"Óbitos por Residência Doenças do Aparelho Respiratório";"Guamá";"Vigia";"-";"2024";30
"Social";"Saúde";"Óbitos por Residência Doenças do Aparelho Respiratório";"Rio Caeté";"Viseu";"-";"2008";9
"Social";"Saúde";"Óbitos por Residência Doenças do Aparelho Respiratório";"Rio Caeté";"Viseu";"-";"2009";18
"Social";"Saúde";"Óbitos por Residência Doenças do Aparelho Respiratório";"Rio Caeté";"Viseu";"-";"2010";14
"Social";"Saúde";"Óbitos por Residência Doenças do Aparelho Respiratório";"Rio Caeté";"Viseu";"-";"2012";13
"Social";"Saúde";"Óbitos por Residência Doenças do Aparelho Respiratório";"Rio Caeté";"Viseu";"-";"2013";15
"Social";"Saúde";"Óbitos por Residência Doenças do Aparelho Respiratório";"Rio Caeté";"Viseu";"-";"2014";21
"Social";"Saúde";"Óbitos por Residência Doenças do Aparelho Respiratório";"Rio Caeté";"Viseu";"-";"2015";18
"Social";"Saúde";"Óbitos por Residência Doenças do Aparelho Respiratório";"Rio Caeté";"Viseu";"-";"2016";11
"Social";"Saúde";"Óbitos por Residência Doenças do Aparelho Respiratório";"Rio Caeté";"Viseu";"-";"2017";15
"Social";"Saúde";"Óbitos por Residência Doenças do Aparelho Respiratório";"Rio Caeté";"Viseu";"-";"2018";20
"Social";"Saúde";"Óbitos por Residência Doenças do Aparelho Respiratório";"Rio Caeté";"Viseu";"-";"2019";22
"Social";"Saúde";"Óbitos por Residência Doenças do Aparelho Respiratório";"Rio Caeté";"Viseu";"-";"2020";16
"Social";"Saúde";"Óbitos por Residência Doenças do Aparelho Respiratório";"Rio Caeté";"Viseu";"-";"2021";11
"Social";"Saúde";"Óbitos por Residência Doenças do Aparelho Respiratório";"Rio Caeté";"Viseu";"-";"2022";18
"Social";"Saúde";"Óbitos por Residência Doenças do Aparelho Respiratório";"Rio Caeté";"Viseu";"-";"2023";27
"Social";"Saúde";"Óbitos por Residência Doenças do Aparelho Respiratório";"Rio Caeté";"Viseu";"-";"2024";21
"Social";"Saúde";"Óbitos por Residência Doenças do Aparelho Respiratório";"Xingu";"Vitória do Xingu";"-";"2008";4
"Social";"Saúde";"Óbitos por Residência Doenças do Aparelho Respiratório";"Xingu";"Vitória do Xingu";"-";"2009";2
"Social";"Saúde";"Óbitos por Residência Doenças do Aparelho Respiratório";"Xingu";"Vitória do Xingu";"-";"2010";3
"Social";"Saúde";"Óbitos por Residência Doenças do Aparelho Respiratório";"Xingu";"Vitória do Xingu";"-";"2012";4
"Social";"Saúde";"Óbitos por Residência Doenças do Aparelho Respiratório";"Xingu";"Vitória do Xingu";"-";"2013";1
"Social";"Saúde";"Óbitos por Residência Doenças do Aparelho Respiratório";"Xingu";"Vitória do Xingu";"-";"2014";6
"Social";"Saúde";"Óbitos por Residência Doenças do Aparelho Respiratório";"Xingu";"Vitória do Xingu";"-";"2015";3
"Social";"Saúde";"Óbitos por Residência Doenças do Aparelho Respiratório";"Xingu";"Vitória do Xingu";"-";"2016";10
"Social";"Saúde";"Óbitos por Residência Doenças do Aparelho Respiratório";"Xingu";"Vitória do Xingu";"-";"2017";11
"Social";"Saúde";"Óbitos por Residência Doenças do Aparelho Respiratório";"Xingu";"Vitória do Xingu";"-";"2018";4
"Social";"Saúde";"Óbitos por Residência Doenças do Aparelho Respiratório";"Xingu";"Vitória do Xingu";"-";"2019";6
"Social";"Saúde";"Óbitos por Residência Doenças do Aparelho Respiratório";"Xingu";"Vitória do Xingu";"-";"2020";0
"Social";"Saúde";"Óbitos por Residência Doenças do Aparelho Respiratório";"Xingu";"Vitória do Xingu";"-";"2021";5
"Social";"Saúde";"Óbitos por Residência Doenças do Aparelho Respiratório";"Xingu";"Vitória do Xingu";"-";"2022";12
"Social";"Saúde";"Óbitos por Residência Doenças do Aparelho Respiratório";"Xingu";"Vitória do Xingu";"-";"2023";8
"Social";"Saúde";"Óbitos por Residência Doenças do Aparelho Respiratório";"Xingu";"Vitória do Xingu";"-";"2024";5
"Social";"Saúde";"Óbitos por Residência Doenças do Aparelho Respiratório";"Araguaia";"Xinguara";"-";"2008";6
"Social";"Saúde";"Óbitos por Residência Doenças do Aparelho Respiratório";"Araguaia";"Xinguara";"-";"2009";11
"Social";"Saúde";"Óbitos por Residência Doenças do Aparelho Respiratório";"Araguaia";"Xinguara";"-";"2010";8
"Social";"Saúde";"Óbitos por Residência Doenças do Aparelho Respiratório";"Araguaia";"Xinguara";"-";"2012";9
"Social";"Saúde";"Óbitos por Residência Doenças do Aparelho Respiratório";"Araguaia";"Xinguara";"-";"2013";12
"Social";"Saúde";"Óbitos por Residência Doenças do Aparelho Respiratório";"Araguaia";"Xinguara";"-";"2014";17
"Social";"Saúde";"Óbitos por Residência Doenças do Aparelho Respiratório";"Araguaia";"Xinguara";"-";"2015";23
"Social";"Saúde";"Óbitos por Residência Doenças do Aparelho Respiratório";"Araguaia";"Xinguara";"-";"2016";11
"Social";"Saúde";"Óbitos por Residência Doenças do Aparelho Respiratório";"Araguaia";"Xinguara";"-";"2017";19
"Social";"Saúde";"Óbitos por Residência Doenças do Aparelho Respiratório";"Araguaia";"Xinguara";"-";"2018";23
"Social";"Saúde";"Óbitos por Residência Doenças do Aparelho Respiratório";"Araguaia";"Xinguara";"-";"2019";30
"Social";"Saúde";"Óbitos por Residência Doenças do Aparelho Respiratório";"Araguaia";"Xinguara";"-";"2020";40
"Social";"Saúde";"Óbitos por Residência Doenças do Aparelho Respiratório";"Araguaia";"Xinguara";"-";"2021";21
"Social";"Saúde";"Óbitos por Residência Doenças do Aparelho Respiratório";"Araguaia";"Xinguara";"-";"2022";16
"Social";"Saúde";"Óbitos por Residência Doenças do Aparelho Respiratório";"Araguaia";"Xinguara";"-";"2023";19
"Social";"Saúde";"Óbitos por Residência Doenças do Aparelho Respiratório";"Araguaia";"Xinguara";"-";"2024";37
