"tematica";"subtema";"indicador";"ri";"localidade";"categoria";"ano";"valor"
"Social";"Saúde";"Postos e Centros de Saúde por 10.000 Habitantes";"Pará";"Pará";"-";"2010";2,29255811628229
"Social";"Saúde";"Postos e Centros de Saúde por 10.000 Habitantes";"Pará";"Pará";"-";"2011";2,3281242744934
"Social";"Saúde";"Postos e Centros de Saúde por 10.000 Habitantes";"Pará";"Pará";"-";"2012";2,35866996582166
"Social";"Saúde";"Postos e Centros de Saúde por 10.000 Habitantes";"Pará";"Pará";"-";"2013";2,37633049819563
"Social";"Saúde";"Postos e Centros de Saúde por 10.000 Habitantes";"Pará";"Pará";"-";"2014";2,44173880427594
"Social";"Saúde";"Postos e Centros de Saúde por 10.000 Habitantes";"Pará";"Pará";"-";"2015";2,43574845286108
"Social";"Saúde";"Postos e Centros de Saúde por 10.000 Habitantes";"Pará";"Pará";"-";"2016";2,46166809611941
"Social";"Saúde";"Postos e Centros de Saúde por 10.000 Habitantes";"Pará";"Pará";"-";"2017";2,45950741280772
"Social";"Saúde";"Postos e Centros de Saúde por 10.000 Habitantes";"Pará";"Pará";"-";"2018";2,47013691064388
"Social";"Saúde";"Postos e Centros de Saúde por 10.000 Habitantes";"Pará";"Pará";"-";"2019";2,48723007677181
"Social";"Saúde";"Postos e Centros de Saúde por 10.000 Habitantes";"Pará";"Pará";"-";"2020";2,55024790702014
"Social";"Saúde";"Postos e Centros de Saúde por 10.000 Habitantes";"Pará";"Pará";"-";"2021";2,62947079545407
"Social";"Saúde";"Postos e Centros de Saúde por 10.000 Habitantes";"Pará";"Pará";"-";"2022";2,86325429971512
"Social";"Saúde";"Postos e Centros de Saúde por 10.000 Habitantes";"Pará";"Pará";"-";"2023";2,74717622317238
"Social";"Saúde";"Postos e Centros de Saúde por 10.000 Habitantes";"Pará";"Pará";"-";"2024";2,78729767854459
"Social";"Saúde";"Postos e Centros de Saúde por 10.000 Habitantes";"Pará";"Pará";"-";"2025";2,78147799682156
"Social";"Saúde";"Postos e Centros de Saúde por 10.000 Habitantes";"Tocantins";"Abaetetuba";"-";"2010";3,11835577604536
"Social";"Saúde";"Postos e Centros de Saúde por 10.000 Habitantes";"Tocantins";"Abaetetuba";"-";"2011";3,08155618587387
"Social";"Saúde";"Postos e Centros de Saúde por 10.000 Habitantes";"Tocantins";"Abaetetuba";"-";"2012";3,04677491950282
"Social";"Saúde";"Postos e Centros de Saúde por 10.000 Habitantes";"Tocantins";"Abaetetuba";"-";"2013";3,05567438733729
"Social";"Saúde";"Postos e Centros de Saúde por 10.000 Habitantes";"Tocantins";"Abaetetuba";"-";"2014";3,08988197994264
"Social";"Saúde";"Postos e Centros de Saúde por 10.000 Habitantes";"Tocantins";"Abaetetuba";"-";"2015";3,05788035710725
"Social";"Saúde";"Postos e Centros de Saúde por 10.000 Habitantes";"Tocantins";"Abaetetuba";"-";"2016";3,09344847104664
"Social";"Saúde";"Postos e Centros de Saúde por 10.000 Habitantes";"Tocantins";"Abaetetuba";"-";"2017";2,93388968574782
"Social";"Saúde";"Postos e Centros de Saúde por 10.000 Habitantes";"Tocantins";"Abaetetuba";"-";"2018";3,00719166687994
"Social";"Saúde";"Postos e Centros de Saúde por 10.000 Habitantes";"Tocantins";"Abaetetuba";"-";"2019";3,04379256553666
"Social";"Saúde";"Postos e Centros de Saúde por 10.000 Habitantes";"Tocantins";"Abaetetuba";"-";"2020";3,14307266784008
"Social";"Saúde";"Postos e Centros de Saúde por 10.000 Habitantes";"Tocantins";"Abaetetuba";"-";"2021";3,24110721208684
"Social";"Saúde";"Postos e Centros de Saúde por 10.000 Habitantes";"Tocantins";"Abaetetuba";"-";"2022";3,28722785546312
"Social";"Saúde";"Postos e Centros de Saúde por 10.000 Habitantes";"Tocantins";"Abaetetuba";"-";"2023";3,12953930819467
"Social";"Saúde";"Postos e Centros de Saúde por 10.000 Habitantes";"Tocantins";"Abaetetuba";"-";"2024";3,27487295247341
"Social";"Saúde";"Postos e Centros de Saúde por 10.000 Habitantes";"Tocantins";"Abaetetuba";"-";"2025";3,48140927447431
"Social";"Saúde";"Postos e Centros de Saúde por 10.000 Habitantes";"Rio Capim";"Abel Figueiredo";"-";"2010";4,42477876106195
"Social";"Saúde";"Postos e Centros de Saúde por 10.000 Habitantes";"Rio Capim";"Abel Figueiredo";"-";"2011";4,38340151957919
"Social";"Saúde";"Postos e Centros de Saúde por 10.000 Habitantes";"Rio Capim";"Abel Figueiredo";"-";"2012";4,34467776973208
"Social";"Saúde";"Postos e Centros de Saúde por 10.000 Habitantes";"Rio Capim";"Abel Figueiredo";"-";"2013";4,27776985598175
"Social";"Saúde";"Postos e Centros de Saúde por 10.000 Habitantes";"Rio Capim";"Abel Figueiredo";"-";"2014";4,24328147100424
"Social";"Saúde";"Postos e Centros de Saúde por 10.000 Habitantes";"Rio Capim";"Abel Figueiredo";"-";"2015";4,20993544765647
"Social";"Saúde";"Postos e Centros de Saúde por 10.000 Habitantes";"Rio Capim";"Abel Figueiredo";"-";"2016";4,17885499373172
"Social";"Saúde";"Postos e Centros de Saúde por 10.000 Habitantes";"Rio Capim";"Abel Figueiredo";"-";"2017";4,14880376158208
"Social";"Saúde";"Postos e Centros de Saúde por 10.000 Habitantes";"Rio Capim";"Abel Figueiredo";"-";"2018";4,06393931183961
"Social";"Saúde";"Postos e Centros de Saúde por 10.000 Habitantes";"Rio Capim";"Abel Figueiredo";"-";"2019";4,03551251008878
"Social";"Saúde";"Postos e Centros de Saúde por 10.000 Habitantes";"Rio Capim";"Abel Figueiredo";"-";"2020";4,00748063051029
"Social";"Saúde";"Postos e Centros de Saúde por 10.000 Habitantes";"Rio Capim";"Abel Figueiredo";"-";"2021";3,98089171974522
"Social";"Saúde";"Postos e Centros de Saúde por 10.000 Habitantes";"Rio Capim";"Abel Figueiredo";"-";"2022";4,88917861799218
"Social";"Saúde";"Postos e Centros de Saúde por 10.000 Habitantes";"Rio Capim";"Abel Figueiredo";"-";"2023";4,71401634192332
"Social";"Saúde";"Postos e Centros de Saúde por 10.000 Habitantes";"Rio Capim";"Abel Figueiredo";"-";"2024";4,7603935258648
"Social";"Saúde";"Postos e Centros de Saúde por 10.000 Habitantes";"Rio Capim";"Abel Figueiredo";"-";"2025";4,7808764940239
"Social";"Saúde";"Postos e Centros de Saúde por 10.000 Habitantes";"Tocantins";"Acará";"-";"2010";3,17347719763296
"Social";"Saúde";"Postos e Centros de Saúde por 10.000 Habitantes";"Tocantins";"Acará";"-";"2011";2,9806259314456
"Social";"Saúde";"Postos e Centros de Saúde por 10.000 Habitantes";"Tocantins";"Acará";"-";"2012";2,97469648799896
"Social";"Saúde";"Postos e Centros de Saúde por 10.000 Habitantes";"Tocantins";"Acará";"-";"2013";2,96131778641495
"Social";"Saúde";"Postos e Centros de Saúde por 10.000 Habitantes";"Tocantins";"Acará";"-";"2014";2,96038633041612
"Social";"Saúde";"Postos e Centros de Saúde por 10.000 Habitantes";"Tocantins";"Acará";"-";"2015";2,95945546019532
"Social";"Saúde";"Postos e Centros de Saúde por 10.000 Habitantes";"Tocantins";"Acará";"-";"2016";3,14349112426035
"Social";"Saúde";"Postos e Centros de Saúde por 10.000 Habitantes";"Tocantins";"Acará";"-";"2017";3,14256137237504
"Social";"Saúde";"Postos e Centros de Saúde por 10.000 Habitantes";"Tocantins";"Acará";"-";"2018";3,06234575684975
"Social";"Saúde";"Postos e Centros de Saúde por 10.000 Habitantes";"Tocantins";"Acará";"-";"2019";3,05804896476048
"Social";"Saúde";"Postos e Centros de Saúde por 10.000 Habitantes";"Tocantins";"Acará";"-";"2020";3,05376421347608
"Social";"Saúde";"Postos e Centros de Saúde por 10.000 Habitantes";"Tocantins";"Acará";"-";"2021";3,58783008036739
"Social";"Saúde";"Postos e Centros de Saúde por 10.000 Habitantes";"Tocantins";"Acará";"-";"2022";3,38850956406824
"Social";"Saúde";"Postos e Centros de Saúde por 10.000 Habitantes";"Tocantins";"Acará";"-";"2023";3,37019145897193
"Social";"Saúde";"Postos e Centros de Saúde por 10.000 Habitantes";"Tocantins";"Acará";"-";"2024";3,34922887992217
"Social";"Saúde";"Postos e Centros de Saúde por 10.000 Habitantes";"Tocantins";"Acará";"-";"2025";3,32752337189035
"Social";"Saúde";"Postos e Centros de Saúde por 10.000 Habitantes";"Marajó";"Afuá";"-";"2010";3,13909023457565
"Social";"Saúde";"Postos e Centros de Saúde por 10.000 Habitantes";"Marajó";"Afuá";"-";"2011";3,10147461020103
"Social";"Saúde";"Postos e Centros de Saúde por 10.000 Habitantes";"Marajó";"Afuá";"-";"2012";3,0658602525154
"Social";"Saúde";"Postos e Centros de Saúde por 10.000 Habitantes";"Marajó";"Afuá";"-";"2013";3,00562872288103
"Social";"Saúde";"Postos e Centros de Saúde por 10.000 Habitantes";"Marajó";"Afuá";"-";"2014";3,24289266025295
"Social";"Saúde";"Postos e Centros de Saúde por 10.000 Habitantes";"Marajó";"Afuá";"-";"2015";3,47612171773892
"Social";"Saúde";"Postos e Centros de Saúde por 10.000 Habitantes";"Marajó";"Afuá";"-";"2016";3,44115622849277
"Social";"Saúde";"Postos e Centros de Saúde por 10.000 Habitantes";"Marajó";"Afuá";"-";"2017";3,40813758389262
"Social";"Saúde";"Postos e Centros de Saúde por 10.000 Habitantes";"Marajó";"Afuá";"-";"2018";3,34508401307156
"Social";"Saúde";"Postos e Centros de Saúde por 10.000 Habitantes";"Marajó";"Afuá";"-";"2019";3,31480442653883
"Social";"Saúde";"Postos e Centros de Saúde por 10.000 Habitantes";"Marajó";"Afuá";"-";"2020";3,28556625470721
"Social";"Saúde";"Postos e Centros de Saúde por 10.000 Habitantes";"Marajó";"Afuá";"-";"2021";7,76747682285141
"Social";"Saúde";"Postos e Centros de Saúde por 10.000 Habitantes";"Marajó";"Afuá";"-";"2022";7,94386336555011
"Social";"Saúde";"Postos e Centros de Saúde por 10.000 Habitantes";"Marajó";"Afuá";"-";"2023";7,49850029994001
"Social";"Saúde";"Postos e Centros de Saúde por 10.000 Habitantes";"Marajó";"Afuá";"-";"2024";7,70262883267902
"Social";"Saúde";"Postos e Centros de Saúde por 10.000 Habitantes";"Marajó";"Afuá";"-";"2025";7,41234897338967
"Social";"Saúde";"Postos e Centros de Saúde por 10.000 Habitantes";"Araguaia";"Água Azul do Norte";"-";"2010";3,5918106716686
"Social";"Saúde";"Postos e Centros de Saúde por 10.000 Habitantes";"Araguaia";"Água Azul do Norte";"-";"2011";3,1638060586886
"Social";"Saúde";"Postos e Centros de Saúde por 10.000 Habitantes";"Araguaia";"Água Azul do Norte";"-";"2012";3,13651689798479
"Social";"Saúde";"Postos e Centros de Saúde por 10.000 Habitantes";"Araguaia";"Água Azul do Norte";"-";"2013";3,08892235221437
"Social";"Saúde";"Postos e Centros de Saúde por 10.000 Habitantes";"Araguaia";"Água Azul do Norte";"-";"2014";3,06454702164336
"Social";"Saúde";"Postos e Centros de Saúde por 10.000 Habitantes";"Araguaia";"Água Azul do Norte";"-";"2015";3,04124691123361
"Social";"Saúde";"Postos e Centros de Saúde por 10.000 Habitantes";"Araguaia";"Água Azul do Norte";"-";"2016";3,0192097218553
"Social";"Saúde";"Postos e Centros de Saúde por 10.000 Habitantes";"Araguaia";"Água Azul do Norte";"-";"2017";2,998275991305
"Social";"Saúde";"Postos e Centros de Saúde por 10.000 Habitantes";"Araguaia";"Água Azul do Norte";"-";"2018";2,93674975221174
"Social";"Saúde";"Postos e Centros de Saúde por 10.000 Habitantes";"Araguaia";"Água Azul do Norte";"-";"2019";2,916514764856
"Social";"Saúde";"Postos e Centros de Saúde por 10.000 Habitantes";"Araguaia";"Água Azul do Norte";"-";"2020";2,8969762810067
"Social";"Saúde";"Postos e Centros de Saúde por 10.000 Habitantes";"Araguaia";"Água Azul do Norte";"-";"2021";3,59751052271828
"Social";"Saúde";"Postos e Centros de Saúde por 10.000 Habitantes";"Araguaia";"Água Azul do Norte";"-";"2022";6,08407079646018
"Social";"Saúde";"Postos e Centros de Saúde por 10.000 Habitantes";"Araguaia";"Água Azul do Norte";"-";"2023";5,93119810201661
"Social";"Saúde";"Postos e Centros de Saúde por 10.000 Habitantes";"Araguaia";"Água Azul do Norte";"-";"2024";6,12472160356347
"Social";"Saúde";"Postos e Centros de Saúde por 10.000 Habitantes";"Araguaia";"Água Azul do Norte";"-";"2025";6,25142077744942
"Social";"Saúde";"Postos e Centros de Saúde por 10.000 Habitantes";"Baixo Amazonas";"Alenquer";"-";"2010";0,760080568540265
"Social";"Saúde";"Postos e Centros de Saúde por 10.000 Habitantes";"Baixo Amazonas";"Alenquer";"-";"2011";0,943325032073051
"Social";"Saúde";"Postos e Centros de Saúde por 10.000 Habitantes";"Baixo Amazonas";"Alenquer";"-";"2012";1,31162285221758
"Social";"Saúde";"Postos e Centros de Saúde por 10.000 Habitantes";"Baixo Amazonas";"Alenquer";"-";"2013";1,29545664846858
"Social";"Saúde";"Postos e Centros de Saúde por 10.000 Habitantes";"Baixo Amazonas";"Alenquer";"-";"2014";1,28787739407208
"Social";"Saúde";"Postos e Centros de Saúde por 10.000 Habitantes";"Baixo Amazonas";"Alenquer";"-";"2015";1,28059712414474
"Social";"Saúde";"Postos e Centros de Saúde por 10.000 Habitantes";"Baixo Amazonas";"Alenquer";"-";"2016";1,27365356622999
"Social";"Saúde";"Postos e Centros de Saúde por 10.000 Habitantes";"Baixo Amazonas";"Alenquer";"-";"2017";1,26706005864678
"Social";"Saúde";"Postos e Centros de Saúde por 10.000 Habitantes";"Baixo Amazonas";"Alenquer";"-";"2018";1,23937677053824
"Social";"Saúde";"Postos e Centros de Saúde por 10.000 Habitantes";"Baixo Amazonas";"Alenquer";"-";"2019";1,40872352040008
"Social";"Saúde";"Postos e Centros de Saúde por 10.000 Habitantes";"Baixo Amazonas";"Alenquer";"-";"2020";1,40124710992784
"Social";"Saúde";"Postos e Centros de Saúde por 10.000 Habitantes";"Baixo Amazonas";"Alenquer";"-";"2021";1,39397107510019
"Social";"Saúde";"Postos e Centros de Saúde por 10.000 Habitantes";"Baixo Amazonas";"Alenquer";"-";"2022";1,00897992129957
"Social";"Saúde";"Postos e Centros de Saúde por 10.000 Habitantes";"Baixo Amazonas";"Alenquer";"-";"2023";0,956663158901751
"Social";"Saúde";"Postos e Centros de Saúde por 10.000 Habitantes";"Baixo Amazonas";"Alenquer";"-";"2024";1,06900422256668
"Social";"Saúde";"Postos e Centros de Saúde por 10.000 Habitantes";"Baixo Amazonas";"Alenquer";"-";"2025";1,05426846946575
"Social";"Saúde";"Postos e Centros de Saúde por 10.000 Habitantes";"Baixo Amazonas";"Almeirim";"-";"2010";3,56994109597192
"Social";"Saúde";"Postos e Centros de Saúde por 10.000 Habitantes";"Baixo Amazonas";"Almeirim";"-";"2011";3,57270453733476
"Social";"Saúde";"Postos e Centros de Saúde por 10.000 Habitantes";"Baixo Amazonas";"Almeirim";"-";"2012";3,57536573011948
"Social";"Saúde";"Postos e Centros de Saúde por 10.000 Habitantes";"Baixo Amazonas";"Almeirim";"-";"2013";3,57547226029438
"Social";"Saúde";"Postos e Centros de Saúde por 10.000 Habitantes";"Baixo Amazonas";"Almeirim";"-";"2014";3,58572879937847
"Social";"Saúde";"Postos e Centros de Saúde por 10.000 Habitantes";"Baixo Amazonas";"Almeirim";"-";"2015";3,59582883854728
"Social";"Saúde";"Postos e Centros de Saúde por 10.000 Habitantes";"Baixo Amazonas";"Almeirim";"-";"2016";3,60555255092843
"Social";"Saúde";"Postos e Centros de Saúde por 10.000 Habitantes";"Baixo Amazonas";"Almeirim";"-";"2017";3,61500225937641
"Social";"Saúde";"Postos e Centros de Saúde por 10.000 Habitantes";"Baixo Amazonas";"Almeirim";"-";"2018";3,22183820514323
"Social";"Saúde";"Postos e Centros de Saúde por 10.000 Habitantes";"Baixo Amazonas";"Almeirim";"-";"2019";3,22495529039256
"Social";"Saúde";"Postos e Centros de Saúde por 10.000 Habitantes";"Baixo Amazonas";"Almeirim";"-";"2020";3,52154008686466
"Social";"Saúde";"Postos e Centros de Saúde por 10.000 Habitantes";"Baixo Amazonas";"Almeirim";"-";"2021";4,11232522617789
"Social";"Saúde";"Postos e Centros de Saúde por 10.000 Habitantes";"Baixo Amazonas";"Almeirim";"-";"2022";4,08401400233372
"Social";"Saúde";"Postos e Centros de Saúde por 10.000 Habitantes";"Baixo Amazonas";"Almeirim";"-";"2023";3,85218611562061
"Social";"Saúde";"Postos e Centros de Saúde por 10.000 Habitantes";"Baixo Amazonas";"Almeirim";"-";"2024";4,40358892497385
"Social";"Saúde";"Postos e Centros de Saúde por 10.000 Habitantes";"Baixo Amazonas";"Almeirim";"-";"2025";4,9393556884913
"Social";"Saúde";"Postos e Centros de Saúde por 10.000 Habitantes";"Xingu";"Altamira";"-";"2010";2,92707544789301
"Social";"Saúde";"Postos e Centros de Saúde por 10.000 Habitantes";"Xingu";"Altamira";"-";"2011";2,87881194409149
"Social";"Saúde";"Postos e Centros de Saúde por 10.000 Habitantes";"Xingu";"Altamira";"-";"2012";2,93131919134675
"Social";"Saúde";"Postos e Centros de Saúde por 10.000 Habitantes";"Xingu";"Altamira";"-";"2013";3,1396875535174
"Social";"Saúde";"Postos e Centros de Saúde por 10.000 Habitantes";"Xingu";"Altamira";"-";"2014";3,18447474898846
"Social";"Saúde";"Postos e Centros de Saúde por 10.000 Habitantes";"Xingu";"Altamira";"-";"2015";3,13705227805355
"Social";"Saúde";"Postos e Centros de Saúde por 10.000 Habitantes";"Xingu";"Altamira";"-";"2016";3,09265222216158
"Social";"Saúde";"Postos e Centros de Saúde por 10.000 Habitantes";"Xingu";"Altamira";"-";"2017";2,96136761340692
"Social";"Saúde";"Postos e Centros de Saúde por 10.000 Habitantes";"Xingu";"Altamira";"-";"2018";3,35703873846018
"Social";"Saúde";"Postos e Centros de Saúde por 10.000 Habitantes";"Xingu";"Altamira";"-";"2019";3,22879033806307
"Social";"Saúde";"Postos e Centros de Saúde por 10.000 Habitantes";"Xingu";"Altamira";"-";"2020";3,19050780812114
"Social";"Saúde";"Postos e Centros de Saúde por 10.000 Habitantes";"Xingu";"Altamira";"-";"2021";3,5799522673031
"Social";"Saúde";"Postos e Centros de Saúde por 10.000 Habitantes";"Xingu";"Altamira";"-";"2022";3,32596868838049
"Social";"Saúde";"Postos e Centros de Saúde por 10.000 Habitantes";"Xingu";"Altamira";"-";"2023";4,46461790311779
"Social";"Saúde";"Postos e Centros de Saúde por 10.000 Habitantes";"Xingu";"Altamira";"-";"2024";4,45313982859062
"Social";"Saúde";"Postos e Centros de Saúde por 10.000 Habitantes";"Xingu";"Altamira";"-";"2025";3,24326661813779
"Social";"Saúde";"Postos e Centros de Saúde por 10.000 Habitantes";"Marajó";"Anajás";"-";"2010";1,6155741346581
"Social";"Saúde";"Postos e Centros de Saúde por 10.000 Habitantes";"Marajó";"Anajás";"-";"2011";1,58390749980201
"Social";"Saúde";"Postos e Centros de Saúde por 10.000 Habitantes";"Marajó";"Anajás";"-";"2012";1,55454510123975
"Social";"Saúde";"Postos e Centros de Saúde por 10.000 Habitantes";"Marajó";"Anajás";"-";"2013";1,506761592647
"Social";"Saúde";"Postos e Centros de Saúde por 10.000 Habitantes";"Marajó";"Anajás";"-";"2014";1,4786884033862
"Social";"Saúde";"Postos e Centros de Saúde por 10.000 Habitantes";"Marajó";"Anajás";"-";"2015";2,54175744371823
"Social";"Saúde";"Postos e Centros de Saúde por 10.000 Habitantes";"Marajó";"Anajás";"-";"2016";2,49892903041554
"Social";"Saúde";"Postos e Centros de Saúde por 10.000 Habitantes";"Marajó";"Anajás";"-";"2017";2,10777769971194
"Social";"Saúde";"Postos e Centros de Saúde por 10.000 Habitantes";"Marajó";"Anajás";"-";"2018";2,07907411899234
"Social";"Saúde";"Postos e Centros de Saúde por 10.000 Habitantes";"Marajó";"Anajás";"-";"2019";2,04939030638385
"Social";"Saúde";"Postos e Centros de Saúde por 10.000 Habitantes";"Marajó";"Anajás";"-";"2020";2,02101859337106
"Social";"Saúde";"Postos e Centros de Saúde por 10.000 Habitantes";"Marajó";"Anajás";"-";"2021";3,65557807982453
"Social";"Saúde";"Postos e Centros de Saúde por 10.000 Habitantes";"Marajó";"Anajás";"-";"2022";3,92702866730927
"Social";"Saúde";"Postos e Centros de Saúde por 10.000 Habitantes";"Marajó";"Anajás";"-";"2023";4,04462570359635
"Social";"Saúde";"Postos e Centros de Saúde por 10.000 Habitantes";"Marajó";"Anajás";"-";"2024";3,999600039996
"Social";"Saúde";"Postos e Centros de Saúde por 10.000 Habitantes";"Marajó";"Anajás";"-";"2025";3,96733560353093
"Social";"Saúde";"Postos e Centros de Saúde por 10.000 Habitantes";"Guajará";"Ananindeua";"-";"2010";0,97461756854104
"Social";"Saúde";"Postos e Centros de Saúde por 10.000 Habitantes";"Guajará";"Ananindeua";"-";"2011";1,08786838466189
"Social";"Saúde";"Postos e Centros de Saúde por 10.000 Habitantes";"Guajará";"Ananindeua";"-";"2012";1,11611525750226
"Social";"Saúde";"Postos e Centros de Saúde por 10.000 Habitantes";"Guajará";"Ananindeua";"-";"2013";1,07292661991676
"Social";"Saúde";"Postos e Centros de Saúde por 10.000 Habitantes";"Guajará";"Ananindeua";"-";"2014";1,22054680496863
"Social";"Saúde";"Postos e Centros de Saúde por 10.000 Habitantes";"Guajará";"Ananindeua";"-";"2015";1,20695522789689
"Social";"Saúde";"Postos e Centros de Saúde por 10.000 Habitantes";"Guajará";"Ananindeua";"-";"2016";1,19412568466469
"Social";"Saúde";"Postos e Centros de Saúde por 10.000 Habitantes";"Guajará";"Ananindeua";"-";"2017";1,22079537725484
"Social";"Saúde";"Postos e Centros de Saúde por 10.000 Habitantes";"Guajará";"Ananindeua";"-";"2018";1,19870767895945
"Social";"Saúde";"Postos e Centros de Saúde por 10.000 Habitantes";"Guajará";"Ananindeua";"-";"2019";1,22503288742136
"Social";"Saúde";"Postos e Centros de Saúde por 10.000 Habitantes";"Guajará";"Ananindeua";"-";"2020";1,25105733016897
"Social";"Saúde";"Postos e Centros de Saúde por 10.000 Habitantes";"Guajará";"Ananindeua";"-";"2021";1,25830388038711
"Social";"Saúde";"Postos e Centros de Saúde por 10.000 Habitantes";"Guajará";"Ananindeua";"-";"2022";1,44116897601811
"Social";"Saúde";"Postos e Centros de Saúde por 10.000 Habitantes";"Guajará";"Ananindeua";"-";"2023";1,37838417930021
"Social";"Saúde";"Postos e Centros de Saúde por 10.000 Habitantes";"Guajará";"Ananindeua";"-";"2024";1,33900968419063
"Social";"Saúde";"Postos e Centros de Saúde por 10.000 Habitantes";"Guajará";"Ananindeua";"-";"2025";1,35499492367844
"Social";"Saúde";"Postos e Centros de Saúde por 10.000 Habitantes";"Xingu";"Anapu";"-";"2010";3,89427055444677
"Social";"Saúde";"Postos e Centros de Saúde por 10.000 Habitantes";"Xingu";"Anapu";"-";"2011";3,27133376951117
"Social";"Saúde";"Postos e Centros de Saúde por 10.000 Habitantes";"Xingu";"Anapu";"-";"2012";3,59955005624297
"Social";"Saúde";"Postos e Centros de Saúde por 10.000 Habitantes";"Xingu";"Anapu";"-";"2013";4,65924012029311
"Social";"Saúde";"Postos e Centros de Saúde por 10.000 Habitantes";"Xingu";"Anapu";"-";"2014";4,48521916411825
"Social";"Saúde";"Postos e Centros de Saúde por 10.000 Habitantes";"Xingu";"Anapu";"-";"2015";3,93483906508224
"Social";"Saúde";"Postos e Centros de Saúde por 10.000 Habitantes";"Xingu";"Anapu";"-";"2016";3,80647862662251
"Social";"Saúde";"Postos e Centros de Saúde por 10.000 Habitantes";"Xingu";"Anapu";"-";"2017";4,05963979923236
"Social";"Saúde";"Postos e Centros de Saúde por 10.000 Habitantes";"Xingu";"Anapu";"-";"2018";4,41809948087331
"Social";"Saúde";"Postos e Centros de Saúde por 10.000 Habitantes";"Xingu";"Anapu";"-";"2019";4,30261742560057
"Social";"Saúde";"Postos e Centros de Saúde por 10.000 Habitantes";"Xingu";"Anapu";"-";"2020";3,84521271017583
"Social";"Saúde";"Postos e Centros de Saúde por 10.000 Habitantes";"Xingu";"Anapu";"-";"2021";3,75272925764192
"Social";"Saúde";"Postos e Centros de Saúde por 10.000 Habitantes";"Xingu";"Anapu";"-";"2022";3,45368916797488
"Social";"Saúde";"Postos e Centros de Saúde por 10.000 Habitantes";"Xingu";"Anapu";"-";"2023";3,2626427406199
"Social";"Saúde";"Postos e Centros de Saúde por 10.000 Habitantes";"Xingu";"Anapu";"-";"2024";3,43377113915358
"Social";"Saúde";"Postos e Centros de Saúde por 10.000 Habitantes";"Xingu";"Anapu";"-";"2025";3,3671923228015
"Social";"Saúde";"Postos e Centros de Saúde por 10.000 Habitantes";"Rio Caeté";"Augusto Corrêa";"-";"2010";4,19784181544312
"Social";"Saúde";"Postos e Centros de Saúde por 10.000 Habitantes";"Rio Caeté";"Augusto Corrêa";"-";"2011";4,13907284768212
"Social";"Saúde";"Postos e Centros de Saúde por 10.000 Habitantes";"Rio Caeté";"Augusto Corrêa";"-";"2012";4,0837897568944
"Social";"Saúde";"Postos e Centros de Saúde por 10.000 Habitantes";"Rio Caeté";"Augusto Corrêa";"-";"2013";4,22624498133408
"Social";"Saúde";"Postos e Centros de Saúde por 10.000 Habitantes";"Rio Caeté";"Augusto Corrêa";"-";"2014";4,17110812439171
"Social";"Saúde";"Postos e Centros de Saúde por 10.000 Habitantes";"Rio Caeté";"Augusto Corrêa";"-";"2015";4,11899313501144
"Social";"Saúde";"Postos e Centros de Saúde por 10.000 Habitantes";"Rio Caeté";"Augusto Corrêa";"-";"2016";4,97433694349605
"Social";"Saúde";"Postos e Centros de Saúde por 10.000 Habitantes";"Rio Caeté";"Augusto Corrêa";"-";"2017";4,69441588053829
"Social";"Saúde";"Postos e Centros de Saúde por 10.000 Habitantes";"Rio Caeté";"Augusto Corrêa";"-";"2018";5,05316811670621
"Social";"Saúde";"Postos e Centros de Saúde por 10.000 Habitantes";"Rio Caeté";"Augusto Corrêa";"-";"2019";4,78281664420192
"Social";"Saúde";"Postos e Centros de Saúde por 10.000 Habitantes";"Rio Caeté";"Augusto Corrêa";"-";"2020";4,94932323384476
"Social";"Saúde";"Postos e Centros de Saúde por 10.000 Habitantes";"Rio Caeté";"Augusto Corrêa";"-";"2021";4,90018535483734
"Social";"Saúde";"Postos e Centros de Saúde por 10.000 Habitantes";"Rio Caeté";"Augusto Corrêa";"-";"2022";4,71137235546183
"Social";"Saúde";"Postos e Centros de Saúde por 10.000 Habitantes";"Rio Caeté";"Augusto Corrêa";"-";"2023";4,43965243863766
"Social";"Saúde";"Postos e Centros de Saúde por 10.000 Habitantes";"Rio Caeté";"Augusto Corrêa";"-";"2024";4,62223716278679
"Social";"Saúde";"Postos e Centros de Saúde por 10.000 Habitantes";"Rio Caeté";"Augusto Corrêa";"-";"2025";4,59175154449825
"Social";"Saúde";"Postos e Centros de Saúde por 10.000 Habitantes";"Rio Capim";"Aurora do Pará";"-";"2010";1,88352294130942
"Social";"Saúde";"Postos e Centros de Saúde por 10.000 Habitantes";"Rio Capim";"Aurora do Pará";"-";"2011";2,21647580347248
"Social";"Saúde";"Postos e Centros de Saúde por 10.000 Habitantes";"Rio Capim";"Aurora do Pará";"-";"2012";2,17580504786771
"Social";"Saúde";"Postos e Centros de Saúde por 10.000 Habitantes";"Rio Capim";"Aurora do Pará";"-";"2013";3,51605077177314
"Social";"Saúde";"Postos e Centros de Saúde por 10.000 Habitantes";"Rio Capim";"Aurora do Pará";"-";"2014";3,451370193967
"Social";"Saúde";"Postos e Centros de Saúde por 10.000 Habitantes";"Rio Capim";"Aurora do Pará";"-";"2015";3,3907500339075
"Social";"Saúde";"Postos e Centros de Saúde por 10.000 Habitantes";"Rio Capim";"Aurora do Pará";"-";"2016";2,66746690673869
"Social";"Saúde";"Postos e Centros de Saúde por 10.000 Habitantes";"Rio Capim";"Aurora do Pará";"-";"2017";2,62544714646713
"Social";"Saúde";"Postos e Centros de Saúde por 10.000 Habitantes";"Rio Capim";"Aurora do Pará";"-";"2018";3,23666494044537
"Social";"Saúde";"Postos e Centros de Saúde por 10.000 Habitantes";"Rio Capim";"Aurora do Pará";"-";"2019";3,19101410428234
"Social";"Saúde";"Postos e Centros de Saúde por 10.000 Habitantes";"Rio Capim";"Aurora do Pará";"-";"2020";3,14732634626884
"Social";"Saúde";"Postos e Centros de Saúde por 10.000 Habitantes";"Rio Capim";"Aurora do Pará";"-";"2021";3,41614906832298
"Social";"Saúde";"Postos e Centros de Saúde por 10.000 Habitantes";"Rio Capim";"Aurora do Pará";"-";"2022";4,62690333978296
"Social";"Saúde";"Postos e Centros de Saúde por 10.000 Habitantes";"Rio Capim";"Aurora do Pará";"-";"2023";4,46972775294596
"Social";"Saúde";"Postos e Centros de Saúde por 10.000 Habitantes";"Rio Capim";"Aurora do Pará";"-";"2024";4,52284034373587
"Social";"Saúde";"Postos e Centros de Saúde por 10.000 Habitantes";"Rio Capim";"Aurora do Pará";"-";"2025";4,54676972678047
"Social";"Saúde";"Postos e Centros de Saúde por 10.000 Habitantes";"Tapajós";"Aveiro";"-";"2010";4,41668244053253
"Social";"Saúde";"Postos e Centros de Saúde por 10.000 Habitantes";"Tapajós";"Aveiro";"-";"2011";4,40944881889764
"Social";"Saúde";"Postos e Centros de Saúde por 10.000 Habitantes";"Tapajós";"Aveiro";"-";"2012";4,4027926284672
"Social";"Saúde";"Postos e Centros de Saúde por 10.000 Habitantes";"Tapajós";"Aveiro";"-";"2013";4,38623973933204
"Social";"Saúde";"Postos e Centros de Saúde por 10.000 Habitantes";"Tapajós";"Aveiro";"-";"2014";4,38706442717473
"Social";"Saúde";"Postos e Centros de Saúde por 10.000 Habitantes";"Tapajós";"Aveiro";"-";"2015";4,38788942518649
"Social";"Saúde";"Postos e Centros de Saúde por 10.000 Habitantes";"Tapajós";"Aveiro";"-";"2016";4,38871473354232
"Social";"Saúde";"Postos e Centros de Saúde por 10.000 Habitantes";"Tapajós";"Aveiro";"-";"2017";4,38954035241738
"Social";"Saúde";"Postos e Centros de Saúde por 10.000 Habitantes";"Tapajós";"Aveiro";"-";"2018";4,27585364363814
"Social";"Saúde";"Postos e Centros de Saúde por 10.000 Habitantes";"Tapajós";"Aveiro";"-";"2019";4,27141811081279
"Social";"Saúde";"Postos e Centros de Saúde por 10.000 Habitantes";"Tapajós";"Aveiro";"-";"2020";4,87685930260912
"Social";"Saúde";"Postos e Centros de Saúde por 10.000 Habitantes";"Tapajós";"Aveiro";"-";"2021";4,87181048657207
"Social";"Saúde";"Postos e Centros de Saúde por 10.000 Habitantes";"Tapajós";"Aveiro";"-";"2022";4,37397484964461
"Social";"Saúde";"Postos e Centros de Saúde por 10.000 Habitantes";"Tapajós";"Aveiro";"-";"2023";4,20742610707899
"Social";"Saúde";"Postos e Centros de Saúde por 10.000 Habitantes";"Tapajós";"Aveiro";"-";"2024";4,16168131925298
"Social";"Saúde";"Postos e Centros de Saúde por 10.000 Habitantes";"Tapajós";"Aveiro";"-";"2025";4,12796697626419
"Social";"Saúde";"Postos e Centros de Saúde por 10.000 Habitantes";"Marajó";"Bagre";"-";"2010";1,25712370097218
"Social";"Saúde";"Postos e Centros de Saúde por 10.000 Habitantes";"Marajó";"Bagre";"-";"2011";1,62311313098523
"Social";"Saúde";"Postos e Centros de Saúde por 10.000 Habitantes";"Marajó";"Bagre";"-";"2012";1,18119536971415
"Social";"Saúde";"Postos e Centros de Saúde por 10.000 Habitantes";"Marajó";"Bagre";"-";"2013";1,12502812570314
"Social";"Saúde";"Postos e Centros de Saúde por 10.000 Habitantes";"Marajó";"Bagre";"-";"2014";1,45502164344695
"Social";"Saúde";"Postos e Centros de Saúde por 10.000 Habitantes";"Marajó";"Bagre";"-";"2015";1,41382723031246
"Social";"Saúde";"Postos e Centros de Saúde por 10.000 Habitantes";"Marajó";"Bagre";"-";"2016";1,37622570101497
"Social";"Saúde";"Postos e Centros de Saúde por 10.000 Habitantes";"Marajó";"Bagre";"-";"2017";2,01288244766506
"Social";"Saúde";"Postos e Centros de Saúde por 10.000 Habitantes";"Marajó";"Bagre";"-";"2018";1,99940017994602
"Social";"Saúde";"Postos e Centros de Saúde por 10.000 Habitantes";"Marajó";"Bagre";"-";"2019";3,9122355165781
"Social";"Saúde";"Postos e Centros de Saúde por 10.000 Habitantes";"Marajó";"Bagre";"-";"2020";3,83080606544294
"Social";"Saúde";"Postos e Centros de Saúde por 10.000 Habitantes";"Marajó";"Bagre";"-";"2021";3,75387117965402
"Social";"Saúde";"Postos e Centros de Saúde por 10.000 Habitantes";"Marajó";"Bagre";"-";"2022";3,76269910949454
"Social";"Saúde";"Postos e Centros de Saúde por 10.000 Habitantes";"Marajó";"Bagre";"-";"2023";3,54599450370852
"Social";"Saúde";"Postos e Centros de Saúde por 10.000 Habitantes";"Marajó";"Bagre";"-";"2024";3,17616146449918
"Social";"Saúde";"Postos e Centros de Saúde por 10.000 Habitantes";"Marajó";"Bagre";"-";"2025";3,12971235098301
"Social";"Saúde";"Postos e Centros de Saúde por 10.000 Habitantes";"Tocantins";"Baião";"-";"2010";3,52475462285126
"Social";"Saúde";"Postos e Centros de Saúde por 10.000 Habitantes";"Tocantins";"Baião";"-";"2011";3,41279008715741
"Social";"Saúde";"Postos e Centros de Saúde por 10.000 Habitantes";"Tocantins";"Baião";"-";"2012";3,31100527213916
"Social";"Saúde";"Postos e Centros de Saúde por 10.000 Habitantes";"Tocantins";"Baião";"-";"2013";3,39542103220799
"Social";"Saúde";"Postos e Centros de Saúde por 10.000 Habitantes";"Tocantins";"Baião";"-";"2014";3,52833251005575
"Social";"Saúde";"Postos e Centros de Saúde por 10.000 Habitantes";"Tocantins";"Baião";"-";"2015";3,19948808190689
"Social";"Saúde";"Postos e Centros de Saúde por 10.000 Habitantes";"Tocantins";"Baião";"-";"2016";3,11415606370674
"Social";"Saúde";"Postos e Centros de Saúde por 10.000 Habitantes";"Tocantins";"Baião";"-";"2017";3,03621774018651
"Social";"Saúde";"Postos e Centros de Saúde por 10.000 Habitantes";"Tocantins";"Baião";"-";"2018";3,01620130989314
"Social";"Saúde";"Postos e Centros de Saúde por 10.000 Habitantes";"Tocantins";"Baião";"-";"2019";2,95072292711714
"Social";"Saúde";"Postos e Centros de Saúde por 10.000 Habitantes";"Tocantins";"Baião";"-";"2020";2,88904021956706
"Social";"Saúde";"Postos e Centros de Saúde por 10.000 Habitantes";"Tocantins";"Baião";"-";"2021";2,83091357625268
"Social";"Saúde";"Postos e Centros de Saúde por 10.000 Habitantes";"Tocantins";"Baião";"-";"2022";2,71102418620863
"Social";"Saúde";"Postos e Centros de Saúde por 10.000 Habitantes";"Tocantins";"Baião";"-";"2023";3,11577866974579
"Social";"Saúde";"Postos e Centros de Saúde por 10.000 Habitantes";"Tocantins";"Baião";"-";"2024";3,93215249602316
"Social";"Saúde";"Postos e Centros de Saúde por 10.000 Habitantes";"Tocantins";"Baião";"-";"2025";3,8698328935796
"Social";"Saúde";"Postos e Centros de Saúde por 10.000 Habitantes";"Araguaia";"Bannach";"-";"2010";14,573010784028
"Social";"Saúde";"Postos e Centros de Saúde por 10.000 Habitantes";"Araguaia";"Bannach";"-";"2011";14,6842878120411
"Social";"Saúde";"Postos e Centros de Saúde por 10.000 Habitantes";"Araguaia";"Bannach";"-";"2012";14,7972773009766
"Social";"Saúde";"Postos e Centros de Saúde por 10.000 Habitantes";"Araguaia";"Bannach";"-";"2013";14,9700598802395
"Social";"Saúde";"Postos e Centros de Saúde por 10.000 Habitantes";"Araguaia";"Bannach";"-";"2014";18,1653042688465
"Social";"Saúde";"Postos e Centros de Saúde por 10.000 Habitantes";"Araguaia";"Bannach";"-";"2015";18,3654729109275
"Social";"Saúde";"Postos e Centros de Saúde por 10.000 Habitantes";"Araguaia";"Bannach";"-";"2016";18,558614290133
"Social";"Saúde";"Postos e Centros de Saúde por 10.000 Habitantes";"Araguaia";"Bannach";"-";"2017";18,75
"Social";"Saúde";"Postos e Centros de Saúde por 10.000 Habitantes";"Araguaia";"Bannach";"-";"2018";18,1268882175227
"Social";"Saúde";"Postos e Centros de Saúde por 10.000 Habitantes";"Araguaia";"Bannach";"-";"2019";18,2592818015825
"Social";"Saúde";"Postos e Centros de Saúde por 10.000 Habitantes";"Araguaia";"Bannach";"-";"2020";18,3936235438381
"Social";"Saúde";"Postos e Centros de Saúde por 10.000 Habitantes";"Araguaia";"Bannach";"-";"2021";18,5242358752701
"Social";"Saúde";"Postos e Centros de Saúde por 10.000 Habitantes";"Araguaia";"Bannach";"-";"2022";14,8846440089308
"Social";"Saúde";"Postos e Centros de Saúde por 10.000 Habitantes";"Araguaia";"Bannach";"-";"2023";14,3095635583115
"Social";"Saúde";"Postos e Centros de Saúde por 10.000 Habitantes";"Araguaia";"Bannach";"-";"2024";14,1110065851364
"Social";"Saúde";"Postos e Centros de Saúde por 10.000 Habitantes";"Araguaia";"Bannach";"-";"2025";13,986013986014
"Social";"Saúde";"Postos e Centros de Saúde por 10.000 Habitantes";"Tocantins";"Barcarena";"-";"2010";2,40338877817723
"Social";"Saúde";"Postos e Centros de Saúde por 10.000 Habitantes";"Tocantins";"Barcarena";"-";"2011";2,82463864105661
"Social";"Saúde";"Postos e Centros de Saúde por 10.000 Habitantes";"Tocantins";"Barcarena";"-";"2012";2,75181477439863
"Social";"Saúde";"Postos e Centros de Saúde por 10.000 Habitantes";"Tocantins";"Barcarena";"-";"2013";2,63696294612412
"Social";"Saúde";"Postos e Centros de Saúde por 10.000 Habitantes";"Tocantins";"Barcarena";"-";"2014";2,74528209987513
"Social";"Saúde";"Postos e Centros de Saúde por 10.000 Habitantes";"Tocantins";"Barcarena";"-";"2015";3,36848651309823
"Social";"Saúde";"Postos e Centros de Saúde por 10.000 Habitantes";"Tocantins";"Barcarena";"-";"2016";3,37447379299291
"Social";"Saúde";"Postos e Centros de Saúde por 10.000 Habitantes";"Tocantins";"Barcarena";"-";"2017";2,88802706493935
"Social";"Saúde";"Postos e Centros de Saúde por 10.000 Habitantes";"Tocantins";"Barcarena";"-";"2018";2,86195561515692
"Social";"Saúde";"Postos e Centros de Saúde por 10.000 Habitantes";"Tocantins";"Barcarena";"-";"2019";2,64677574590953
"Social";"Saúde";"Postos e Centros de Saúde por 10.000 Habitantes";"Tocantins";"Barcarena";"-";"2020";2,59787289316445
"Social";"Saúde";"Postos e Centros de Saúde por 10.000 Habitantes";"Tocantins";"Barcarena";"-";"2021";2,55155296792002
"Social";"Saúde";"Postos e Centros de Saúde por 10.000 Habitantes";"Tocantins";"Barcarena";"-";"2022";2,52664824318989
"Social";"Saúde";"Postos e Centros de Saúde por 10.000 Habitantes";"Tocantins";"Barcarena";"-";"2023";2,29919157457539
"Social";"Saúde";"Postos e Centros de Saúde por 10.000 Habitantes";"Tocantins";"Barcarena";"-";"2024";2,4029534482382
"Social";"Saúde";"Postos e Centros de Saúde por 10.000 Habitantes";"Tocantins";"Barcarena";"-";"2025";2,37280335931433
"Social";"Saúde";"Postos e Centros de Saúde por 10.000 Habitantes";"Guajará";"Belém";"-";"2010";0,559782230359
"Social";"Saúde";"Postos e Centros de Saúde por 10.000 Habitantes";"Guajará";"Belém";"-";"2011";0,556325852890327
"Social";"Saúde";"Postos e Centros de Saúde por 10.000 Habitantes";"Guajará";"Belém";"-";"2012";0,545932800635267
"Social";"Saúde";"Postos e Centros de Saúde por 10.000 Habitantes";"Guajará";"Belém";"-";"2013";0,54000148675734
"Social";"Saúde";"Postos e Centros de Saúde por 10.000 Habitantes";"Guajará";"Belém";"-";"2014";0,551351019371264
"Social";"Saúde";"Postos e Centros de Saúde por 10.000 Habitantes";"Guajará";"Belém";"-";"2015";0,534885287945422
"Social";"Saúde";"Postos e Centros de Saúde por 10.000 Habitantes";"Guajará";"Belém";"-";"2016";0,587811419032089
"Social";"Saúde";"Postos e Centros de Saúde por 10.000 Habitantes";"Guajará";"Belém";"-";"2017";0,58528859892238
"Social";"Saúde";"Postos e Centros de Saúde por 10.000 Habitantes";"Guajará";"Belém";"-";"2018";0,619223386182703
"Social";"Saúde";"Postos e Centros de Saúde por 10.000 Habitantes";"Guajará";"Belém";"-";"2019";0,616314239873522
"Social";"Saúde";"Postos e Centros de Saúde por 10.000 Habitantes";"Guajará";"Belém";"-";"2020";0,613480159584861
"Social";"Saúde";"Postos e Centros de Saúde por 10.000 Habitantes";"Guajará";"Belém";"-";"2021";0,663825493554254
"Social";"Saúde";"Postos e Centros de Saúde por 10.000 Habitantes";"Guajará";"Belém";"-";"2022";0,774894641181584
"Social";"Saúde";"Postos e Centros de Saúde por 10.000 Habitantes";"Guajará";"Belém";"-";"2023";0,724937936073267
"Social";"Saúde";"Postos e Centros de Saúde por 10.000 Habitantes";"Guajará";"Belém";"-";"2024";0,715035991336624
"Social";"Saúde";"Postos e Centros de Saúde por 10.000 Habitantes";"Guajará";"Belém";"-";"2025";0,715658244561892
"Social";"Saúde";"Postos e Centros de Saúde por 10.000 Habitantes";"Baixo Amazonas";"Belterra";"-";"2010";5,5153817869837
"Social";"Saúde";"Postos e Centros de Saúde por 10.000 Habitantes";"Baixo Amazonas";"Belterra";"-";"2011";5,47079204911556
"Social";"Saúde";"Postos e Centros de Saúde por 10.000 Habitantes";"Baixo Amazonas";"Belterra";"-";"2012";5,42855419506605
"Social";"Saúde";"Postos e Centros de Saúde por 10.000 Habitantes";"Baixo Amazonas";"Belterra";"-";"2013";5,35459305092813
"Social";"Saúde";"Postos e Centros de Saúde por 10.000 Habitantes";"Baixo Amazonas";"Belterra";"-";"2014";5,31789175135902
"Social";"Saúde";"Postos e Centros de Saúde por 10.000 Habitantes";"Baixo Amazonas";"Belterra";"-";"2015";5,2829302653205
"Social";"Saúde";"Postos e Centros de Saúde por 10.000 Habitantes";"Baixo Amazonas";"Belterra";"-";"2016";5,249343832021
"Social";"Saúde";"Postos e Centros de Saúde por 10.000 Habitantes";"Baixo Amazonas";"Belterra";"-";"2017";5,21769377934953
"Social";"Saúde";"Postos e Centros de Saúde por 10.000 Habitantes";"Baixo Amazonas";"Belterra";"-";"2018";5,67408079891058
"Social";"Saúde";"Postos e Centros de Saúde por 10.000 Habitantes";"Baixo Amazonas";"Belterra";"-";"2019";6,20347394540943
"Social";"Saúde";"Postos e Centros de Saúde por 10.000 Habitantes";"Baixo Amazonas";"Belterra";"-";"2020";6,16626492516397
"Social";"Saúde";"Postos e Centros de Saúde por 10.000 Habitantes";"Baixo Amazonas";"Belterra";"-";"2021";6,68747213553277
"Social";"Saúde";"Postos e Centros de Saúde por 10.000 Habitantes";"Baixo Amazonas";"Belterra";"-";"2022";6,63020056356705
"Social";"Saúde";"Postos e Centros de Saúde por 10.000 Habitantes";"Baixo Amazonas";"Belterra";"-";"2023";6,37450199203187
"Social";"Saúde";"Postos e Centros de Saúde por 10.000 Habitantes";"Baixo Amazonas";"Belterra";"-";"2024";6,33111744222855
"Social";"Saúde";"Postos e Centros de Saúde por 10.000 Habitantes";"Baixo Amazonas";"Belterra";"-";"2025";5,76671035386632
"Social";"Saúde";"Postos e Centros de Saúde por 10.000 Habitantes";"Guajará";"Benevides";"-";"2010";3,09771350022265
"Social";"Saúde";"Postos e Centros de Saúde por 10.000 Habitantes";"Guajará";"Benevides";"-";"2011";3,02526092875511
"Social";"Saúde";"Postos e Centros de Saúde por 10.000 Habitantes";"Guajará";"Benevides";"-";"2012";2,95841576835605
"Social";"Saúde";"Postos e Centros de Saúde por 10.000 Habitantes";"Guajará";"Benevides";"-";"2013";2,85143997718848
"Social";"Saúde";"Postos e Centros de Saúde por 10.000 Habitantes";"Guajará";"Benevides";"-";"2014";2,96203369748924
"Social";"Saúde";"Postos e Centros de Saúde por 10.000 Habitantes";"Guajará";"Benevides";"-";"2015";2,89919334208776
"Social";"Saúde";"Postos e Centros de Saúde por 10.000 Habitantes";"Guajará";"Benevides";"-";"2016";2,67397553312387
"Social";"Saúde";"Postos e Centros de Saúde por 10.000 Habitantes";"Guajará";"Benevides";"-";"2017";2,62338088211182
"Social";"Saúde";"Postos e Centros de Saúde por 10.000 Habitantes";"Guajará";"Benevides";"-";"2018";2,75575872521843
"Social";"Saúde";"Postos e Centros de Saúde por 10.000 Habitantes";"Guajará";"Benevides";"-";"2019";2,70972472384717
"Social";"Saúde";"Postos e Centros de Saúde por 10.000 Habitantes";"Guajará";"Benevides";"-";"2020";2,66591393802534
"Social";"Saúde";"Postos e Centros de Saúde por 10.000 Habitantes";"Guajará";"Benevides";"-";"2021";2,6242667489966
"Social";"Saúde";"Postos e Centros de Saúde por 10.000 Habitantes";"Guajará";"Benevides";"-";"2022";2,67434360595907
"Social";"Saúde";"Postos e Centros de Saúde por 10.000 Habitantes";"Guajará";"Benevides";"-";"2023";2,68020667371462
"Social";"Saúde";"Postos e Centros de Saúde por 10.000 Habitantes";"Guajará";"Benevides";"-";"2024";2,63964452787025
"Social";"Saúde";"Postos e Centros de Saúde por 10.000 Habitantes";"Guajará";"Benevides";"-";"2025";2,61013311678896
"Social";"Saúde";"Postos e Centros de Saúde por 10.000 Habitantes";"Carajás";"Bom Jesus do Tocantins";"-";"2010";3,26840109818277
"Social";"Saúde";"Postos e Centros de Saúde por 10.000 Habitantes";"Carajás";"Bom Jesus do Tocantins";"-";"2011";3,23268895066917
"Social";"Saúde";"Postos e Centros de Saúde por 10.000 Habitantes";"Carajás";"Bom Jesus do Tocantins";"-";"2012";3,19918100966153
"Social";"Saúde";"Postos e Centros de Saúde por 10.000 Habitantes";"Carajás";"Bom Jesus do Tocantins";"-";"2013";3,14149283739633
"Social";"Saúde";"Postos e Centros de Saúde por 10.000 Habitantes";"Carajás";"Bom Jesus do Tocantins";"-";"2014";3,11061341296504
"Social";"Saúde";"Postos e Centros de Saúde por 10.000 Habitantes";"Carajás";"Bom Jesus do Tocantins";"-";"2015";3,08128427928761
"Social";"Saúde";"Postos e Centros de Saúde por 10.000 Habitantes";"Carajás";"Bom Jesus do Tocantins";"-";"2016";3,05343511450382
"Social";"Saúde";"Postos e Centros de Saúde por 10.000 Habitantes";"Carajás";"Bom Jesus do Tocantins";"-";"2017";3,02718411333777
"Social";"Saúde";"Postos e Centros de Saúde por 10.000 Habitantes";"Carajás";"Bom Jesus do Tocantins";"-";"2018";3,56273380440591
"Social";"Saúde";"Postos e Centros de Saúde por 10.000 Habitantes";"Carajás";"Bom Jesus do Tocantins";"-";"2019";3,53336081502856
"Social";"Saúde";"Postos e Centros de Saúde por 10.000 Habitantes";"Carajás";"Bom Jesus do Tocantins";"-";"2020";3,50508236943568
"Social";"Saúde";"Postos e Centros de Saúde por 10.000 Habitantes";"Carajás";"Bom Jesus do Tocantins";"-";"2021";3,47745450330358
"Social";"Saúde";"Postos e Centros de Saúde por 10.000 Habitantes";"Carajás";"Bom Jesus do Tocantins";"-";"2022";3,33240766453763
"Social";"Saúde";"Postos e Centros de Saúde por 10.000 Habitantes";"Carajás";"Bom Jesus do Tocantins";"-";"2023";3,18962309287119
"Social";"Saúde";"Postos e Centros de Saúde por 10.000 Habitantes";"Carajás";"Bom Jesus do Tocantins";"-";"2024";3,69237261314485
"Social";"Saúde";"Postos e Centros de Saúde por 10.000 Habitantes";"Carajás";"Bom Jesus do Tocantins";"-";"2025";3,65936536149302
"Social";"Saúde";"Postos e Centros de Saúde por 10.000 Habitantes";"Rio Caeté";"Bonito";"-";"2010";4,40205429200293
"Social";"Saúde";"Postos e Centros de Saúde por 10.000 Habitantes";"Rio Caeté";"Bonito";"-";"2011";5,02765208647562
"Social";"Saúde";"Postos e Centros de Saúde por 10.000 Habitantes";"Rio Caeté";"Bonito";"-";"2012";4,92714858872387
"Social";"Saúde";"Postos e Centros de Saúde por 10.000 Habitantes";"Rio Caeté";"Bonito";"-";"2013";4,76547076043298
"Social";"Saúde";"Postos e Centros de Saúde por 10.000 Habitantes";"Rio Caeté";"Bonito";"-";"2014";4,00266844563042
"Social";"Saúde";"Postos e Centros de Saúde por 10.000 Habitantes";"Rio Caeté";"Bonito";"-";"2015";3,92618767177071
"Social";"Saúde";"Postos e Centros de Saúde por 10.000 Habitantes";"Rio Caeté";"Bonito";"-";"2016";3,85529782175673
"Social";"Saúde";"Postos e Centros de Saúde por 10.000 Habitantes";"Rio Caeté";"Bonito";"-";"2017";3,78931413414172
"Social";"Saúde";"Postos e Centros de Saúde por 10.000 Habitantes";"Rio Caeté";"Bonito";"-";"2018";3,74111485222596
"Social";"Saúde";"Postos e Centros de Saúde por 10.000 Habitantes";"Rio Caeté";"Bonito";"-";"2019";4,29817020754022
"Social";"Saúde";"Postos e Centros de Saúde por 10.000 Habitantes";"Rio Caeté";"Bonito";"-";"2020";4,23472474289171
"Social";"Saúde";"Postos e Centros de Saúde por 10.000 Habitantes";"Rio Caeté";"Bonito";"-";"2021";4,17436937205558
"Social";"Saúde";"Postos e Centros de Saúde por 10.000 Habitantes";"Rio Caeté";"Bonito";"-";"2022";5,54587228648392
"Social";"Saúde";"Postos e Centros de Saúde por 10.000 Habitantes";"Rio Caeté";"Bonito";"-";"2023";6,10920198549065
"Social";"Saúde";"Postos e Centros de Saúde por 10.000 Habitantes";"Rio Caeté";"Bonito";"-";"2024";6,15479304508386
"Social";"Saúde";"Postos e Centros de Saúde por 10.000 Habitantes";"Rio Caeté";"Bonito";"-";"2025";6,17236324357688
"Social";"Saúde";"Postos e Centros de Saúde por 10.000 Habitantes";"Rio Caeté";"Bragança";"-";"2010";1,76636314659931
"Social";"Saúde";"Postos e Centros de Saúde por 10.000 Habitantes";"Rio Caeté";"Bragança";"-";"2011";1,83054393305439
"Social";"Saúde";"Postos e Centros de Saúde por 10.000 Habitantes";"Rio Caeté";"Bragança";"-";"2012";1,80778898798251
"Social";"Saúde";"Postos e Centros de Saúde por 10.000 Habitantes";"Rio Caeté";"Bragança";"-";"2013";2,10654038659229
"Social";"Saúde";"Postos e Centros de Saúde por 10.000 Habitantes";"Rio Caeté";"Bragança";"-";"2014";2,24767740001998
"Social";"Saúde";"Postos e Centros de Saúde por 10.000 Habitantes";"Rio Caeté";"Bragança";"-";"2015";2,22171022315845
"Social";"Saúde";"Postos e Centros de Saúde por 10.000 Habitantes";"Rio Caeté";"Bragança";"-";"2016";2,36000683588187
"Social";"Saúde";"Postos e Centros de Saúde por 10.000 Habitantes";"Rio Caeté";"Bragança";"-";"2017";2,89892417702764
"Social";"Saúde";"Postos e Centros de Saúde por 10.000 Habitantes";"Rio Caeté";"Bragança";"-";"2018";2,9263817267234
"Social";"Saúde";"Postos e Centros de Saúde por 10.000 Habitantes";"Rio Caeté";"Bragança";"-";"2019";2,89773350249832
"Social";"Saúde";"Postos e Centros de Saúde por 10.000 Habitantes";"Rio Caeté";"Bragança";"-";"2020";2,87013047457995
"Social";"Saúde";"Postos e Centros de Saúde por 10.000 Habitantes";"Rio Caeté";"Bragança";"-";"2021";2,84348534452283
"Social";"Saúde";"Postos e Centros de Saúde por 10.000 Habitantes";"Rio Caeté";"Bragança";"-";"2022";3,00612599730261
"Social";"Saúde";"Postos e Centros de Saúde por 10.000 Habitantes";"Rio Caeté";"Bragança";"-";"2023";2,74979185603312
"Social";"Saúde";"Postos e Centros de Saúde por 10.000 Habitantes";"Rio Caeté";"Bragança";"-";"2024";2,58203661935464
"Social";"Saúde";"Postos e Centros de Saúde por 10.000 Habitantes";"Rio Caeté";"Bragança";"-";"2025";2,56625078308388
"Social";"Saúde";"Postos e Centros de Saúde por 10.000 Habitantes";"Xingu";"Brasil Novo";"-";"2010";4,46144040790312
"Social";"Saúde";"Postos e Centros de Saúde por 10.000 Habitantes";"Xingu";"Brasil Novo";"-";"2011";5,13643659711075
"Social";"Saúde";"Postos e Centros de Saúde por 10.000 Habitantes";"Xingu";"Brasil Novo";"-";"2012";4,4543429844098
"Social";"Saúde";"Postos e Centros de Saúde por 10.000 Habitantes";"Xingu";"Brasil Novo";"-";"2013";7,18954248366013
"Social";"Saúde";"Postos e Centros de Saúde por 10.000 Habitantes";"Xingu";"Brasil Novo";"-";"2014";7,26600171741859
"Social";"Saúde";"Postos e Centros de Saúde por 10.000 Habitantes";"Xingu";"Brasil Novo";"-";"2015";6,67378537106247
"Social";"Saúde";"Postos e Centros de Saúde por 10.000 Habitantes";"Xingu";"Brasil Novo";"-";"2016";6,74127005527841
"Social";"Saúde";"Postos e Centros de Saúde por 10.000 Habitantes";"Xingu";"Brasil Novo";"-";"2017";6,80781537204711
"Social";"Saúde";"Postos e Centros de Saúde por 10.000 Habitantes";"Xingu";"Brasil Novo";"-";"2018";6,58327847267939
"Social";"Saúde";"Postos e Centros de Saúde por 10.000 Habitantes";"Xingu";"Brasil Novo";"-";"2019";6,62866233594061
"Social";"Saúde";"Postos e Centros de Saúde por 10.000 Habitantes";"Xingu";"Brasil Novo";"-";"2020";6,67423079490089
"Social";"Saúde";"Postos e Centros de Saúde por 10.000 Habitantes";"Xingu";"Brasil Novo";"-";"2021";6,71907545521736
"Social";"Saúde";"Postos e Centros de Saúde por 10.000 Habitantes";"Xingu";"Brasil Novo";"-";"2022";4,45019823610324
"Social";"Saúde";"Postos e Centros de Saúde por 10.000 Habitantes";"Xingu";"Brasil Novo";"-";"2023";4,28165505429917
"Social";"Saúde";"Postos e Centros de Saúde por 10.000 Habitantes";"Xingu";"Brasil Novo";"-";"2024";4,13440577313388
"Social";"Saúde";"Postos e Centros de Saúde por 10.000 Habitantes";"Xingu";"Brasil Novo";"-";"2025";4,05455215628456
"Social";"Saúde";"Postos e Centros de Saúde por 10.000 Habitantes";"Carajás";"Brejo Grande do Araguaia";"-";"2010";10,93344266776
"Social";"Saúde";"Postos e Centros de Saúde por 10.000 Habitantes";"Carajás";"Brejo Grande do Araguaia";"-";"2011";10,9499041883384
"Social";"Saúde";"Postos e Centros de Saúde por 10.000 Habitantes";"Carajás";"Brejo Grande do Araguaia";"-";"2012";10,9664153529815
"Social";"Saúde";"Postos e Centros de Saúde por 10.000 Habitantes";"Carajás";"Brejo Grande do Araguaia";"-";"2013";12,3541523678792
"Social";"Saúde";"Postos e Centros de Saúde por 10.000 Habitantes";"Carajás";"Brejo Grande do Araguaia";"-";"2014";12,400110223202
"Social";"Saúde";"Postos e Centros de Saúde por 10.000 Habitantes";"Carajás";"Brejo Grande do Araguaia";"-";"2015";12,4446902654867
"Social";"Saúde";"Postos e Centros de Saúde por 10.000 Habitantes";"Carajás";"Brejo Grande do Araguaia";"-";"2016";12,4895920066611
"Social";"Saúde";"Postos e Centros de Saúde por 10.000 Habitantes";"Carajás";"Brejo Grande do Araguaia";"-";"2017";12,531328320802
"Social";"Saúde";"Postos e Centros de Saúde por 10.000 Habitantes";"Carajás";"Brejo Grande do Araguaia";"-";"2018";12,1753246753247
"Social";"Saúde";"Postos e Centros de Saúde por 10.000 Habitantes";"Carajás";"Brejo Grande do Araguaia";"-";"2019";12,1951219512195
"Social";"Saúde";"Postos e Centros de Saúde por 10.000 Habitantes";"Carajás";"Brejo Grande do Araguaia";"-";"2020";12,214983713355
"Social";"Saúde";"Postos e Centros de Saúde por 10.000 Habitantes";"Carajás";"Brejo Grande do Araguaia";"-";"2021";12,2332472475194
"Social";"Saúde";"Postos e Centros de Saúde por 10.000 Habitantes";"Carajás";"Brejo Grande do Araguaia";"-";"2022";13,2684652808492
"Social";"Saúde";"Postos e Centros de Saúde por 10.000 Habitantes";"Carajás";"Brejo Grande do Araguaia";"-";"2023";12,7641469295135
"Social";"Saúde";"Postos e Centros de Saúde por 10.000 Habitantes";"Carajás";"Brejo Grande do Araguaia";"-";"2024";12,8847530422334
"Social";"Saúde";"Postos e Centros de Saúde por 10.000 Habitantes";"Carajás";"Brejo Grande do Araguaia";"-";"2025";12,9198966408269
"Social";"Saúde";"Postos e Centros de Saúde por 10.000 Habitantes";"Lago de Tucuruí";"Breu Branco";"-";"2010";2,28601908825939
"Social";"Saúde";"Postos e Centros de Saúde por 10.000 Habitantes";"Lago de Tucuruí";"Breu Branco";"-";"2011";2,22090612970092
"Social";"Saúde";"Postos e Centros de Saúde por 10.000 Habitantes";"Lago de Tucuruí";"Breu Branco";"-";"2012";2,16134435618955
"Social";"Saúde";"Postos e Centros de Saúde por 10.000 Habitantes";"Lago de Tucuruí";"Breu Branco";"-";"2013";2,92936777350818
"Social";"Saúde";"Postos e Centros de Saúde por 10.000 Habitantes";"Lago de Tucuruí";"Breu Branco";"-";"2014";2,68226852860807
"Social";"Saúde";"Postos e Centros de Saúde por 10.000 Habitantes";"Lago de Tucuruí";"Breu Branco";"-";"2015";2,45009963738525
"Social";"Saúde";"Postos e Centros de Saúde por 10.000 Habitantes";"Lago de Tucuruí";"Breu Branco";"-";"2016";3,02851586782919
"Social";"Saúde";"Postos e Centros de Saúde por 10.000 Habitantes";"Lago de Tucuruí";"Breu Branco";"-";"2017";2,80400037386672
"Social";"Saúde";"Postos e Centros de Saúde por 10.000 Habitantes";"Lago de Tucuruí";"Breu Branco";"-";"2018";2,78043807346535
"Social";"Saúde";"Postos e Centros de Saúde por 10.000 Habitantes";"Lago de Tucuruí";"Breu Branco";"-";"2019";3,02819247191352
"Social";"Saúde";"Postos e Centros de Saúde por 10.000 Habitantes";"Lago de Tucuruí";"Breu Branco";"-";"2020";3,1188736410622
"Social";"Saúde";"Postos e Centros de Saúde por 10.000 Habitantes";"Lago de Tucuruí";"Breu Branco";"-";"2021";3,06135836844177
"Social";"Saúde";"Postos e Centros de Saúde por 10.000 Habitantes";"Lago de Tucuruí";"Breu Branco";"-";"2022";4,59397969898495
"Social";"Saúde";"Postos e Centros de Saúde por 10.000 Habitantes";"Lago de Tucuruí";"Breu Branco";"-";"2023";4,56952954616263
"Social";"Saúde";"Postos e Centros de Saúde por 10.000 Habitantes";"Lago de Tucuruí";"Breu Branco";"-";"2024";4,43496441469029
"Social";"Saúde";"Postos e Centros de Saúde por 10.000 Habitantes";"Lago de Tucuruí";"Breu Branco";"-";"2025";4,46181957251519
"Social";"Saúde";"Postos e Centros de Saúde por 10.000 Habitantes";"Marajó";"Breves";"-";"2010";3,44604781391342
"Social";"Saúde";"Postos e Centros de Saúde por 10.000 Habitantes";"Marajó";"Breves";"-";"2011";3,41024138114776
"Social";"Saúde";"Postos e Centros de Saúde por 10.000 Habitantes";"Marajó";"Breves";"-";"2012";3,37627533525359
"Social";"Saúde";"Postos e Centros de Saúde por 10.000 Habitantes";"Marajó";"Breves";"-";"2013";3,31798764049604
"Social";"Saúde";"Postos e Centros de Saúde por 10.000 Habitantes";"Marajó";"Breves";"-";"2014";3,18435352487391
"Social";"Saúde";"Postos e Centros de Saúde por 10.000 Habitantes";"Marajó";"Breves";"-";"2015";3,35942828638617
"Social";"Saúde";"Postos e Centros de Saúde por 10.000 Habitantes";"Marajó";"Breves";"-";"2016";3,43157044812273
"Social";"Saúde";"Postos e Centros de Saúde por 10.000 Habitantes";"Marajó";"Breves";"-";"2017";3,30343557299592
"Social";"Saúde";"Postos e Centros de Saúde por 10.000 Habitantes";"Marajó";"Breves";"-";"2018";3,23875514029698
"Social";"Saúde";"Postos e Centros de Saúde por 10.000 Habitantes";"Marajó";"Breves";"-";"2019";3,31058120174098
"Social";"Saúde";"Postos e Centros de Saúde por 10.000 Habitantes";"Marajó";"Breves";"-";"2020";3,67160400784564
"Social";"Saúde";"Postos e Centros de Saúde por 10.000 Habitantes";"Marajó";"Breves";"-";"2021";3,73993095512083
"Social";"Saúde";"Postos e Centros de Saúde por 10.000 Habitantes";"Marajó";"Breves";"-";"2022";3,92640789768903
"Social";"Saúde";"Postos e Centros de Saúde por 10.000 Habitantes";"Marajó";"Breves";"-";"2023";3,87017327821268
"Social";"Saúde";"Postos e Centros de Saúde por 10.000 Habitantes";"Marajó";"Breves";"-";"2024";3,82439092228664
"Social";"Saúde";"Postos e Centros de Saúde por 10.000 Habitantes";"Marajó";"Breves";"-";"2025";3,87737165899809
"Social";"Saúde";"Postos e Centros de Saúde por 10.000 Habitantes";"Rio Capim";"Bujaru";"-";"2010";3,11344619575793
"Social";"Saúde";"Postos e Centros de Saúde por 10.000 Habitantes";"Rio Capim";"Bujaru";"-";"2011";3,07066364718075
"Social";"Saúde";"Postos e Centros de Saúde por 10.000 Habitantes";"Rio Capim";"Bujaru";"-";"2012";3,40909090909091
"Social";"Saúde";"Postos e Centros de Saúde por 10.000 Habitantes";"Rio Capim";"Bujaru";"-";"2013";3,33333333333333
"Social";"Saúde";"Postos e Centros de Saúde por 10.000 Habitantes";"Rio Capim";"Bujaru";"-";"2014";3,29079673845479
"Social";"Saúde";"Postos e Centros de Saúde por 10.000 Habitantes";"Rio Capim";"Bujaru";"-";"2015";2,52807974285817
"Social";"Saúde";"Postos e Centros de Saúde por 10.000 Habitantes";"Rio Capim";"Bujaru";"-";"2016";2,49857224443175
"Social";"Saúde";"Postos e Centros de Saúde por 10.000 Habitantes";"Rio Capim";"Bujaru";"-";"2017";3,5297024460838
"Social";"Saúde";"Postos e Centros de Saúde por 10.000 Habitantes";"Rio Capim";"Bujaru";"-";"2018";3,46836847946726
"Social";"Saúde";"Postos e Centros de Saúde por 10.000 Habitantes";"Rio Capim";"Bujaru";"-";"2019";3,77591651791844
"Social";"Saúde";"Postos e Centros de Saúde por 10.000 Habitantes";"Rio Capim";"Bujaru";"-";"2020";3,7380636830122
"Social";"Saúde";"Postos e Centros de Saúde por 10.000 Habitantes";"Rio Capim";"Bujaru";"-";"2021";4,03809267422687
"Social";"Saúde";"Postos e Centros de Saúde por 10.000 Habitantes";"Rio Capim";"Bujaru";"-";"2022";4,92146167411721
"Social";"Saúde";"Postos e Centros de Saúde por 10.000 Habitantes";"Rio Capim";"Bujaru";"-";"2023";4,35540069686411
"Social";"Saúde";"Postos e Centros de Saúde por 10.000 Habitantes";"Rio Capim";"Bujaru";"-";"2024";4,77859190825103
"Social";"Saúde";"Postos e Centros de Saúde por 10.000 Habitantes";"Rio Capim";"Bujaru";"-";"2025";4,38858966686615
"Social";"Saúde";"Postos e Centros de Saúde por 10.000 Habitantes";"Marajó";"Cachoeira do Arari";"-";"2010";5,38081494888226
"Social";"Saúde";"Postos e Centros de Saúde por 10.000 Habitantes";"Marajó";"Cachoeira do Arari";"-";"2011";5,28820729772607
"Social";"Saúde";"Postos e Centros de Saúde por 10.000 Habitantes";"Marajó";"Cachoeira do Arari";"-";"2012";5,20168345391781
"Social";"Saúde";"Postos e Centros de Saúde por 10.000 Habitantes";"Marajó";"Cachoeira do Arari";"-";"2013";5,05979760809568
"Social";"Saúde";"Postos e Centros de Saúde por 10.000 Habitantes";"Marajó";"Cachoeira do Arari";"-";"2014";5,88235294117647
"Social";"Saúde";"Postos e Centros de Saúde por 10.000 Habitantes";"Marajó";"Cachoeira do Arari";"-";"2015";5,79090382645107
"Social";"Saúde";"Postos e Centros de Saúde por 10.000 Habitantes";"Marajó";"Cachoeira do Arari";"-";"2016";5,70525761432459
"Social";"Saúde";"Postos e Centros de Saúde por 10.000 Habitantes";"Marajó";"Cachoeira do Arari";"-";"2017";5,6252704456945
"Social";"Saúde";"Postos e Centros de Saúde por 10.000 Habitantes";"Marajó";"Cachoeira do Arari";"-";"2018";5,5399301116509
"Social";"Saúde";"Postos e Centros de Saúde por 10.000 Habitantes";"Marajó";"Cachoeira do Arari";"-";"2019";5,4697690074473
"Social";"Saúde";"Postos e Centros de Saúde por 10.000 Habitantes";"Marajó";"Cachoeira do Arari";"-";"2020";5,81781914893617
"Social";"Saúde";"Postos e Centros de Saúde por 10.000 Habitantes";"Marajó";"Cachoeira do Arari";"-";"2021";5,74830630260727
"Social";"Saúde";"Postos e Centros de Saúde por 10.000 Habitantes";"Marajó";"Cachoeira do Arari";"-";"2022";5,83795504774613
"Social";"Saúde";"Postos e Centros de Saúde por 10.000 Habitantes";"Marajó";"Cachoeira do Arari";"-";"2023";5,61730128796694
"Social";"Saúde";"Postos e Centros de Saúde por 10.000 Habitantes";"Marajó";"Cachoeira do Arari";"-";"2024";5,94224141346116
"Social";"Saúde";"Postos e Centros de Saúde por 10.000 Habitantes";"Marajó";"Cachoeira do Arari";"-";"2025";5,49731024463031
"Social";"Saúde";"Postos e Centros de Saúde por 10.000 Habitantes";"Rio Caeté";"Cachoeira do Piriá";"-";"2010";1,51034586920405
"Social";"Saúde";"Postos e Centros de Saúde por 10.000 Habitantes";"Rio Caeté";"Cachoeira do Piriá";"-";"2011";1,82935752963559
"Social";"Saúde";"Postos e Centros de Saúde por 10.000 Habitantes";"Rio Caeté";"Cachoeira do Piriá";"-";"2012";2,84161545838809
"Social";"Saúde";"Postos e Centros de Saúde por 10.000 Habitantes";"Rio Caeté";"Cachoeira do Piriá";"-";"2013";3,04743845867335
"Social";"Saúde";"Postos e Centros de Saúde por 10.000 Habitantes";"Rio Caeté";"Cachoeira do Piriá";"-";"2014";2,95760762405521
"Social";"Saúde";"Postos e Centros de Saúde por 10.000 Habitantes";"Rio Caeté";"Cachoeira do Piriá";"-";"2015";3,19488817891374
"Social";"Saúde";"Postos e Centros de Saúde por 10.000 Habitantes";"Rio Caeté";"Cachoeira do Piriá";"-";"2016";3,11148448924982
"Social";"Saúde";"Postos e Centros de Saúde por 10.000 Habitantes";"Rio Caeté";"Cachoeira do Piriá";"-";"2017";3,0351777096549
"Social";"Saúde";"Postos e Centros de Saúde por 10.000 Habitantes";"Rio Caeté";"Cachoeira do Piriá";"-";"2018";3,01404545180541
"Social";"Saúde";"Postos e Centros de Saúde por 10.000 Habitantes";"Rio Caeté";"Cachoeira do Piriá";"-";"2019";3,24483775811209
"Social";"Saúde";"Postos e Centros de Saúde por 10.000 Habitantes";"Rio Caeté";"Cachoeira do Piriá";"-";"2020";4,62307492270797
"Social";"Saúde";"Postos e Centros de Saúde por 10.000 Habitantes";"Rio Caeté";"Cachoeira do Piriá";"-";"2021";4,53167927039964
"Social";"Saúde";"Postos e Centros de Saúde por 10.000 Habitantes";"Rio Caeté";"Cachoeira do Piriá";"-";"2022";8,15078960774325
"Social";"Saúde";"Postos e Centros de Saúde por 10.000 Habitantes";"Rio Caeté";"Cachoeira do Piriá";"-";"2023";7,94952054454216
"Social";"Saúde";"Postos e Centros de Saúde por 10.000 Habitantes";"Rio Caeté";"Cachoeira do Piriá";"-";"2024";8,17243845132291
"Social";"Saúde";"Postos e Centros de Saúde por 10.000 Habitantes";"Rio Caeté";"Cachoeira do Piriá";"-";"2025";8,84357280341258
"Social";"Saúde";"Postos e Centros de Saúde por 10.000 Habitantes";"Tocantins";"Cametá";"-";"2010";1,73703017469561
"Social";"Saúde";"Postos e Centros de Saúde por 10.000 Habitantes";"Tocantins";"Cametá";"-";"2011";1,79323948713351
"Social";"Saúde";"Postos e Centros de Saúde por 10.000 Habitantes";"Tocantins";"Cametá";"-";"2012";1,76833238218486
"Social";"Saúde";"Postos e Centros de Saúde por 10.000 Habitantes";"Tocantins";"Cametá";"-";"2013";1,72683102958376
"Social";"Saúde";"Postos e Centros de Saúde por 10.000 Habitantes";"Tocantins";"Cametá";"-";"2014";1,78072328334404
"Social";"Saúde";"Postos e Centros de Saúde por 10.000 Habitantes";"Tocantins";"Cametá";"-";"2015";1,75749610294342
"Social";"Saúde";"Postos e Centros de Saúde por 10.000 Habitantes";"Tocantins";"Cametá";"-";"2016";1,81111572274837
"Social";"Saúde";"Postos e Centros de Saúde por 10.000 Habitantes";"Tocantins";"Cametá";"-";"2017";1,86428038777032
"Social";"Saúde";"Postos e Centros de Saúde por 10.000 Habitantes";"Tocantins";"Cametá";"-";"2018";1,90629811569763
"Social";"Saúde";"Postos e Centros de Saúde por 10.000 Habitantes";"Tocantins";"Cametá";"-";"2019";1,81303937921532
"Social";"Saúde";"Postos e Centros de Saúde por 10.000 Habitantes";"Tocantins";"Cametá";"-";"2020";1,93737263568784
"Social";"Saúde";"Postos e Centros de Saúde por 10.000 Habitantes";"Tocantins";"Cametá";"-";"2021";1,91742298351016
"Social";"Saúde";"Postos e Centros de Saúde por 10.000 Habitantes";"Tocantins";"Cametá";"-";"2022";2,08668693733977
"Social";"Saúde";"Postos e Centros de Saúde por 10.000 Habitantes";"Tocantins";"Cametá";"-";"2023";1,96226838224988
"Social";"Saúde";"Postos e Centros de Saúde por 10.000 Habitantes";"Tocantins";"Cametá";"-";"2024";2,22474050487705
"Social";"Saúde";"Postos e Centros de Saúde por 10.000 Habitantes";"Tocantins";"Cametá";"-";"2025";2,27807730275647
"Social";"Saúde";"Postos e Centros de Saúde por 10.000 Habitantes";"Carajás";"Canaã dos Carajás";"-";"2010";3,74307531067525
"Social";"Saúde";"Postos e Centros de Saúde por 10.000 Habitantes";"Carajás";"Canaã dos Carajás";"-";"2011";3,58050771599413
"Social";"Saúde";"Postos e Centros de Saúde por 10.000 Habitantes";"Carajás";"Canaã dos Carajás";"-";"2012";3,43630803065187
"Social";"Saúde";"Postos e Centros de Saúde por 10.000 Habitantes";"Carajás";"Canaã dos Carajás";"-";"2013";3,21936771618054
"Social";"Saúde";"Postos e Centros de Saúde por 10.000 Habitantes";"Carajás";"Canaã dos Carajás";"-";"2014";3,08966199097819
"Social";"Saúde";"Postos e Centros de Saúde por 10.000 Habitantes";"Carajás";"Canaã dos Carajás";"-";"2015";2,97335870599429
"Social";"Saúde";"Postos e Centros de Saúde por 10.000 Habitantes";"Carajás";"Canaã dos Carajás";"-";"2016";2,86919346971566
"Social";"Saúde";"Postos e Centros de Saúde por 10.000 Habitantes";"Carajás";"Canaã dos Carajás";"-";"2017";2,77569600577345
"Social";"Saúde";"Postos e Centros de Saúde por 10.000 Habitantes";"Carajás";"Canaã dos Carajás";"-";"2018";2,77392510402219
"Social";"Saúde";"Postos e Centros de Saúde por 10.000 Habitantes";"Carajás";"Canaã dos Carajás";"-";"2019";2,9661588243225
"Social";"Saúde";"Postos e Centros de Saúde por 10.000 Habitantes";"Carajás";"Canaã dos Carajás";"-";"2020";3,41180484476288
"Social";"Saúde";"Postos e Centros de Saúde por 10.000 Habitantes";"Carajás";"Canaã dos Carajás";"-";"2021";3,06881824923919
"Social";"Saúde";"Postos e Centros de Saúde por 10.000 Habitantes";"Carajás";"Canaã dos Carajás";"-";"2022";1,6865812997055
"Social";"Saúde";"Postos e Centros de Saúde por 10.000 Habitantes";"Carajás";"Canaã dos Carajás";"-";"2023";1,60956826426635
"Social";"Saúde";"Postos e Centros de Saúde por 10.000 Habitantes";"Carajás";"Canaã dos Carajás";"-";"2024";1,50065220653592
"Social";"Saúde";"Postos e Centros de Saúde por 10.000 Habitantes";"Carajás";"Canaã dos Carajás";"-";"2025";1,45212456994772
"Social";"Saúde";"Postos e Centros de Saúde por 10.000 Habitantes";"Rio Caeté";"Capanema";"-";"2010";2,98559059696098
"Social";"Saúde";"Postos e Centros de Saúde por 10.000 Habitantes";"Rio Caeté";"Capanema";"-";"2011";3,27408793264733
"Social";"Saúde";"Postos e Centros de Saúde por 10.000 Habitantes";"Rio Caeté";"Capanema";"-";"2012";3,24956672443674
"Social";"Saúde";"Postos e Centros de Saúde por 10.000 Habitantes";"Rio Caeté";"Capanema";"-";"2013";3,05352835201075
"Social";"Saúde";"Postos e Centros de Saúde por 10.000 Habitantes";"Rio Caeté";"Capanema";"-";"2014";3,33677121883152
"Social";"Saúde";"Postos e Centros de Saúde por 10.000 Habitantes";"Rio Caeté";"Capanema";"-";"2015";3,31559989751782
"Social";"Saúde";"Postos e Centros de Saúde por 10.000 Habitantes";"Rio Caeté";"Capanema";"-";"2016";3,29543582138738
"Social";"Saúde";"Postos e Centros de Saúde por 10.000 Habitantes";"Rio Caeté";"Capanema";"-";"2017";3,27624720774386
"Social";"Saúde";"Postos e Centros de Saúde por 10.000 Habitantes";"Rio Caeté";"Capanema";"-";"2018";3,20624927130698
"Social";"Saúde";"Postos e Centros de Saúde por 10.000 Habitantes";"Rio Caeté";"Capanema";"-";"2019";3,33202949570458
"Social";"Saúde";"Postos e Centros de Saúde por 10.000 Habitantes";"Rio Caeté";"Capanema";"-";"2020";3,45666921115928
"Social";"Saúde";"Postos e Centros de Saúde por 10.000 Habitantes";"Rio Caeté";"Capanema";"-";"2021";3,43701666953085
"Social";"Saúde";"Postos e Centros de Saúde por 10.000 Habitantes";"Rio Caeté";"Capanema";"-";"2022";3,40938148137625
"Social";"Saúde";"Postos e Centros de Saúde por 10.000 Habitantes";"Rio Caeté";"Capanema";"-";"2023";3,23145280732463
"Social";"Saúde";"Postos e Centros de Saúde por 10.000 Habitantes";"Rio Caeté";"Capanema";"-";"2024";3,20821302534488
"Social";"Saúde";"Postos e Centros de Saúde por 10.000 Habitantes";"Rio Caeté";"Capanema";"-";"2025";3,18687009520774
"Social";"Saúde";"Postos e Centros de Saúde por 10.000 Habitantes";"Rio Capim";"Capitão Poço";"-";"2010";3,08326749272542
"Social";"Saúde";"Postos e Centros de Saúde por 10.000 Habitantes";"Rio Capim";"Capitão Poço";"-";"2011";3,07355398889679
"Social";"Saúde";"Postos e Centros de Saúde por 10.000 Habitantes";"Rio Capim";"Capitão Poço";"-";"2012";3,06431225341862
"Social";"Saúde";"Postos e Centros de Saúde por 10.000 Habitantes";"Rio Capim";"Capitão Poço";"-";"2013";3,0454727144679
"Social";"Saúde";"Postos e Centros de Saúde por 10.000 Habitantes";"Rio Capim";"Capitão Poço";"-";"2014";3,23095636308347
"Social";"Saúde";"Postos e Centros de Saúde por 10.000 Habitantes";"Rio Capim";"Capitão Poço";"-";"2015";3,22623498377394
"Social";"Saúde";"Postos e Centros de Saúde por 10.000 Habitantes";"Rio Capim";"Capitão Poço";"-";"2016";3,03214069132808
"Social";"Saúde";"Postos e Centros de Saúde por 10.000 Habitantes";"Rio Capim";"Capitão Poço";"-";"2017";3,21732053975283
"Social";"Saúde";"Postos e Centros de Saúde por 10.000 Habitantes";"Rio Capim";"Capitão Poço";"-";"2018";3,87604053230957
"Social";"Saúde";"Postos e Centros de Saúde por 10.000 Habitantes";"Rio Capim";"Capitão Poço";"-";"2019";3,86718965802994
"Social";"Saúde";"Postos e Centros de Saúde por 10.000 Habitantes";"Rio Capim";"Capitão Poço";"-";"2020";3,85852090032154
"Social";"Saúde";"Postos e Centros de Saúde por 10.000 Habitantes";"Rio Capim";"Capitão Poço";"-";"2021";3,8500320836007
"Social";"Saúde";"Postos e Centros de Saúde por 10.000 Habitantes";"Rio Capim";"Capitão Poço";"-";"2022";3,53944713835699
"Social";"Saúde";"Postos e Centros de Saúde por 10.000 Habitantes";"Rio Capim";"Capitão Poço";"-";"2023";3,52313525484012
"Social";"Saúde";"Postos e Centros de Saúde por 10.000 Habitantes";"Rio Capim";"Capitão Poço";"-";"2024";3,50233488992662
"Social";"Saúde";"Postos e Centros de Saúde por 10.000 Habitantes";"Rio Capim";"Capitão Poço";"-";"2025";3,48154779667761
"Social";"Saúde";"Postos e Centros de Saúde por 10.000 Habitantes";"Guamá";"Castanhal";"-";"2010";2,59891769516428
"Social";"Saúde";"Postos e Centros de Saúde por 10.000 Habitantes";"Guamá";"Castanhal";"-";"2011";2,55513411615072
"Social";"Saúde";"Postos e Centros de Saúde por 10.000 Habitantes";"Guamá";"Castanhal";"-";"2012";2,57003341043434
"Social";"Saúde";"Postos e Centros de Saúde por 10.000 Habitantes";"Guamá";"Castanhal";"-";"2013";2,55550057906556
"Social";"Saúde";"Postos e Centros de Saúde por 10.000 Habitantes";"Guamá";"Castanhal";"-";"2014";2,83581690253886
"Social";"Saúde";"Postos e Centros de Saúde por 10.000 Habitantes";"Guamá";"Castanhal";"-";"2015";2,79264848459301
"Social";"Saúde";"Postos e Centros de Saúde por 10.000 Habitantes";"Guamá";"Castanhal";"-";"2016";2,804160543384
"Social";"Saúde";"Postos e Centros de Saúde por 10.000 Habitantes";"Guamá";"Castanhal";"-";"2017";2,61199571837565
"Social";"Saúde";"Postos e Centros de Saúde por 10.000 Habitantes";"Guamá";"Castanhal";"-";"2018";2,62236880591445
"Social";"Saúde";"Postos e Centros de Saúde por 10.000 Habitantes";"Guamá";"Castanhal";"-";"2019";2,63953424671179
"Social";"Saúde";"Postos e Centros de Saúde por 10.000 Habitantes";"Guamá";"Castanhal";"-";"2020";2,70601374654983
"Social";"Saúde";"Postos e Centros de Saúde por 10.000 Habitantes";"Guamá";"Castanhal";"-";"2021";2,72284809911167
"Social";"Saúde";"Postos e Centros de Saúde por 10.000 Habitantes";"Guamá";"Castanhal";"-";"2022";2,96479693741678
"Social";"Saúde";"Postos e Centros de Saúde por 10.000 Habitantes";"Guamá";"Castanhal";"-";"2023";2,72000466286514
"Social";"Saúde";"Postos e Centros de Saúde por 10.000 Habitantes";"Guamá";"Castanhal";"-";"2024";2,69745620246336
"Social";"Saúde";"Postos e Centros de Saúde por 10.000 Habitantes";"Guamá";"Castanhal";"-";"2025";2,62999340110747
"Social";"Saúde";"Postos e Centros de Saúde por 10.000 Habitantes";"Marajó";"Chaves";"-";"2010";1,4282313734825
"Social";"Saúde";"Postos e Centros de Saúde por 10.000 Habitantes";"Marajó";"Chaves";"-";"2011";5,63750822136616
"Social";"Saúde";"Postos e Centros de Saúde por 10.000 Habitantes";"Marajó";"Chaves";"-";"2012";6,49441016839078
"Social";"Saúde";"Postos e Centros de Saúde por 10.000 Habitantes";"Marajó";"Chaves";"-";"2013";6,80920604657497
"Social";"Saúde";"Postos e Centros de Saúde por 10.000 Habitantes";"Marajó";"Chaves";"-";"2014";8,51941529907632
"Social";"Saúde";"Postos e Centros de Saúde por 10.000 Habitantes";"Marajó";"Chaves";"-";"2015";8,41974652131525
"Social";"Saúde";"Postos e Centros de Saúde por 10.000 Habitantes";"Marajó";"Chaves";"-";"2016";8,32566495771439
"Social";"Saúde";"Postos e Centros de Saúde por 10.000 Habitantes";"Marajó";"Chaves";"-";"2017";8,23723228995058
"Social";"Saúde";"Postos e Centros de Saúde por 10.000 Habitantes";"Marajó";"Chaves";"-";"2018";8,09130397751469
"Social";"Saúde";"Postos e Centros de Saúde por 10.000 Habitantes";"Marajó";"Chaves";"-";"2019";8,43276974322216
"Social";"Saúde";"Postos e Centros de Saúde por 10.000 Habitantes";"Marajó";"Chaves";"-";"2020";7,9338566894939
"Social";"Saúde";"Postos e Centros de Saúde por 10.000 Habitantes";"Marajó";"Chaves";"-";"2021";8,27300930713547
"Social";"Saúde";"Postos e Centros de Saúde por 10.000 Habitantes";"Marajó";"Chaves";"-";"2022";9,15353856530327
"Social";"Saúde";"Postos e Centros de Saúde por 10.000 Habitantes";"Marajó";"Chaves";"-";"2023";8,83844257338233
"Social";"Saúde";"Postos e Centros de Saúde por 10.000 Habitantes";"Marajó";"Chaves";"-";"2024";8,8425559640713
"Social";"Saúde";"Postos e Centros de Saúde por 10.000 Habitantes";"Marajó";"Chaves";"-";"2025";8,8367982884517
"Social";"Saúde";"Postos e Centros de Saúde por 10.000 Habitantes";"Guamá";"Colares";"-";"2010";8,78657411475266
"Social";"Saúde";"Postos e Centros de Saúde por 10.000 Habitantes";"Guamá";"Colares";"-";"2011";8,74202290410001
"Social";"Saúde";"Postos e Centros de Saúde por 10.000 Habitantes";"Guamá";"Colares";"-";"2012";9,56937799043062
"Social";"Saúde";"Postos e Centros de Saúde por 10.000 Habitantes";"Guamá";"Colares";"-";"2013";10,3448275862069
"Social";"Saúde";"Postos e Centros de Saúde por 10.000 Habitantes";"Guamá";"Colares";"-";"2014";9,44936002061679
"Social";"Saúde";"Postos e Centros de Saúde por 10.000 Habitantes";"Guamá";"Colares";"-";"2015";9,41619585687382
"Social";"Saúde";"Postos e Centros de Saúde por 10.000 Habitantes";"Guamá";"Colares";"-";"2016";8,53169524784575
"Social";"Saúde";"Postos e Centros de Saúde por 10.000 Habitantes";"Guamá";"Colares";"-";"2017";8,50412450038269
"Social";"Saúde";"Postos e Centros de Saúde por 10.000 Habitantes";"Guamá";"Colares";"-";"2018";8,30564784053156
"Social";"Saúde";"Postos e Centros de Saúde por 10.000 Habitantes";"Guamá";"Colares";"-";"2019";8,27472072817542
"Social";"Saúde";"Postos e Centros de Saúde por 10.000 Habitantes";"Guamá";"Colares";"-";"2020";8,24334350012365
"Social";"Saúde";"Postos e Centros de Saúde por 10.000 Habitantes";"Guamá";"Colares";"-";"2021";9,03490759753593
"Social";"Saúde";"Postos e Centros de Saúde por 10.000 Habitantes";"Guamá";"Colares";"-";"2022";8,54833695990053
"Social";"Saúde";"Postos e Centros de Saúde por 10.000 Habitantes";"Guamá";"Colares";"-";"2023";8,19061801935964
"Social";"Saúde";"Postos e Centros de Saúde por 10.000 Habitantes";"Guamá";"Colares";"-";"2024";8,13248558332101
"Social";"Saúde";"Postos e Centros de Saúde por 10.000 Habitantes";"Guamá";"Colares";"-";"2025";8,80733944954128
"Social";"Saúde";"Postos e Centros de Saúde por 10.000 Habitantes";"Araguaia";"Conceição do Araguaia";"-";"2010";3,07307329279803
"Social";"Saúde";"Postos e Centros de Saúde por 10.000 Habitantes";"Araguaia";"Conceição do Araguaia";"-";"2011";3,06184935701163
"Social";"Saúde";"Postos e Centros de Saúde por 10.000 Habitantes";"Araguaia";"Conceição do Araguaia";"-";"2012";3,0511060259344
"Social";"Saúde";"Postos e Centros de Saúde por 10.000 Habitantes";"Araguaia";"Conceição do Araguaia";"-";"2013";3,02990953555815
"Social";"Saúde";"Postos e Centros de Saúde por 10.000 Habitantes";"Araguaia";"Conceição do Araguaia";"-";"2014";3,45557427324954
"Social";"Saúde";"Postos e Centros de Saúde por 10.000 Habitantes";"Araguaia";"Conceição do Araguaia";"-";"2015";3,44864748356504
"Social";"Saúde";"Postos e Centros de Saúde por 10.000 Habitantes";"Araguaia";"Conceição do Araguaia";"-";"2016";3,44197052812735
"Social";"Saúde";"Postos e Centros de Saúde por 10.000 Habitantes";"Araguaia";"Conceição do Araguaia";"-";"2017";3,65034034055528
"Social";"Saúde";"Postos e Centros de Saúde por 10.000 Habitantes";"Araguaia";"Conceição do Araguaia";"-";"2018";3,56140277370428
"Social";"Saúde";"Postos e Centros de Saúde por 10.000 Habitantes";"Araguaia";"Conceição do Araguaia";"-";"2019";3,34280461307037
"Social";"Saúde";"Postos e Centros de Saúde por 10.000 Habitantes";"Araguaia";"Conceição do Araguaia";"-";"2020";3,33395845054281
"Social";"Saúde";"Postos e Centros de Saúde por 10.000 Habitantes";"Araguaia";"Conceição do Araguaia";"-";"2021";3,32536630988257
"Social";"Saúde";"Postos e Centros de Saúde por 10.000 Habitantes";"Araguaia";"Conceição do Araguaia";"-";"2022";3,58607705583074
"Social";"Saúde";"Postos e Centros de Saúde por 10.000 Habitantes";"Araguaia";"Conceição do Araguaia";"-";"2023";3,80549682875264
"Social";"Saúde";"Postos e Centros de Saúde por 10.000 Habitantes";"Araguaia";"Conceição do Araguaia";"-";"2024";3,82173719187244
"Social";"Saúde";"Postos e Centros de Saúde por 10.000 Habitantes";"Araguaia";"Conceição do Araguaia";"-";"2025";3,81808925844222
"Social";"Saúde";"Postos e Centros de Saúde por 10.000 Habitantes";"Rio Capim";"Concórdia do Pará";"-";"2010";2,12645307626878
"Social";"Saúde";"Postos e Centros de Saúde por 10.000 Habitantes";"Rio Capim";"Concórdia do Pará";"-";"2011";2,43275178981025
"Social";"Saúde";"Postos e Centros de Saúde por 10.000 Habitantes";"Rio Capim";"Concórdia do Pará";"-";"2012";2,38801896769351
"Social";"Saúde";"Postos e Centros de Saúde por 10.000 Habitantes";"Rio Capim";"Concórdia do Pará";"-";"2013";2,31535077564251
"Social";"Saúde";"Postos e Centros de Saúde por 10.000 Habitantes";"Rio Capim";"Concórdia do Pará";"-";"2014";2,59731826888737
"Social";"Saúde";"Postos e Centros de Saúde por 10.000 Habitantes";"Rio Capim";"Concórdia do Pará";"-";"2015";2,87063026282215
"Social";"Saúde";"Postos e Centros de Saúde por 10.000 Habitantes";"Rio Capim";"Concórdia do Pará";"-";"2016";2,82273240496801
"Social";"Saúde";"Postos e Centros de Saúde por 10.000 Habitantes";"Rio Capim";"Concórdia do Pará";"-";"2017";2,77820651335083
"Social";"Saúde";"Postos e Centros de Saúde por 10.000 Habitantes";"Rio Capim";"Concórdia do Pará";"-";"2018";2,73997625353914
"Social";"Saúde";"Postos e Centros de Saúde por 10.000 Habitantes";"Rio Capim";"Concórdia do Pará";"-";"2019";2,70124257158293
"Social";"Saúde";"Postos e Centros de Saúde por 10.000 Habitantes";"Rio Capim";"Concórdia do Pará";"-";"2020";2,66421953168941
"Social";"Saúde";"Postos e Centros de Saúde por 10.000 Habitantes";"Rio Capim";"Concórdia do Pará";"-";"2021";2,62881177707676
"Social";"Saúde";"Postos e Centros de Saúde por 10.000 Habitantes";"Rio Capim";"Concórdia do Pará";"-";"2022";3,34808972880473
"Social";"Saúde";"Postos e Centros de Saúde por 10.000 Habitantes";"Rio Capim";"Concórdia do Pará";"-";"2023";3,16611552803771
"Social";"Saúde";"Postos e Centros de Saúde por 10.000 Habitantes";"Rio Capim";"Concórdia do Pará";"-";"2024";3,18167356029271
"Social";"Saúde";"Postos e Centros de Saúde por 10.000 Habitantes";"Rio Capim";"Concórdia do Pará";"-";"2025";3,18358684117439
"Social";"Saúde";"Postos e Centros de Saúde por 10.000 Habitantes";"Araguaia";"Cumaru do Norte";"-";"2010";5,73284922606535
"Social";"Saúde";"Postos e Centros de Saúde por 10.000 Habitantes";"Araguaia";"Cumaru do Norte";"-";"2011";5,54990287669966
"Social";"Saúde";"Postos e Centros de Saúde por 10.000 Habitantes";"Araguaia";"Cumaru do Norte";"-";"2012";5,3840631730079
"Social";"Saúde";"Postos e Centros de Saúde por 10.000 Habitantes";"Araguaia";"Cumaru do Norte";"-";"2013";5,12645249487355
"Social";"Saúde";"Postos e Centros de Saúde por 10.000 Habitantes";"Araguaia";"Cumaru do Norte";"-";"2014";4,97141436738752
"Social";"Saúde";"Postos e Centros de Saúde por 10.000 Habitantes";"Araguaia";"Cumaru do Norte";"-";"2015";5,63470981244466
"Social";"Saúde";"Postos e Centros de Saúde por 10.000 Habitantes";"Araguaia";"Cumaru do Norte";"-";"2016";5,4837446141794
"Social";"Saúde";"Postos e Centros de Saúde por 10.000 Habitantes";"Araguaia";"Cumaru do Norte";"-";"2017";5,34636828839838
"Social";"Saúde";"Postos e Centros de Saúde por 10.000 Habitantes";"Araguaia";"Cumaru do Norte";"-";"2018";6,82904620987935
"Social";"Saúde";"Postos e Centros de Saúde por 10.000 Habitantes";"Araguaia";"Cumaru do Norte";"-";"2019";6,68002672010688
"Social";"Saúde";"Postos e Centros de Saúde por 10.000 Habitantes";"Araguaia";"Cumaru do Norte";"-";"2020";6,5402223675605
"Social";"Saúde";"Postos e Centros de Saúde por 10.000 Habitantes";"Araguaia";"Cumaru do Norte";"-";"2021";6,40843064653945
"Social";"Saúde";"Postos e Centros de Saúde por 10.000 Habitantes";"Araguaia";"Cumaru do Norte";"-";"2022";6,41208321459105
"Social";"Saúde";"Postos e Centros de Saúde por 10.000 Habitantes";"Araguaia";"Cumaru do Norte";"-";"2023";6,17030028794735
"Social";"Saúde";"Postos e Centros de Saúde por 10.000 Habitantes";"Araguaia";"Cumaru do Norte";"-";"2024";6,02530628640289
"Social";"Saúde";"Postos e Centros de Saúde por 10.000 Habitantes";"Araguaia";"Cumaru do Norte";"-";"2025";5,94059405940594
"Social";"Saúde";"Postos e Centros de Saúde por 10.000 Habitantes";"Carajás";"Curionópolis";"-";"2010";4,92125984251969
"Social";"Saúde";"Postos e Centros de Saúde por 10.000 Habitantes";"Carajás";"Curionópolis";"-";"2011";4,39632906523053
"Social";"Saúde";"Postos e Centros de Saúde por 10.000 Habitantes";"Carajás";"Curionópolis";"-";"2012";4,41793682350342
"Social";"Saúde";"Postos e Centros de Saúde por 10.000 Habitantes";"Carajás";"Curionópolis";"-";"2013";5,00472668631485
"Social";"Saúde";"Postos e Centros de Saúde por 10.000 Habitantes";"Carajás";"Curionópolis";"-";"2014";5,04371217215871
"Social";"Saúde";"Postos e Centros de Saúde por 10.000 Habitantes";"Carajás";"Curionópolis";"-";"2015";5,08216161273929
"Social";"Saúde";"Postos e Centros de Saúde por 10.000 Habitantes";"Carajás";"Curionópolis";"-";"2016";5,1200364091478
"Social";"Saúde";"Postos e Centros de Saúde por 10.000 Habitantes";"Carajás";"Curionópolis";"-";"2017";5,15670658339541
"Social";"Saúde";"Postos e Centros de Saúde por 10.000 Habitantes";"Carajás";"Curionópolis";"-";"2018";4,99611413345176
"Social";"Saúde";"Postos e Centros de Saúde por 10.000 Habitantes";"Carajás";"Curionópolis";"-";"2019";5,01980032349824
"Social";"Saúde";"Postos e Centros de Saúde por 10.000 Habitantes";"Carajás";"Curionópolis";"-";"2020";5,04314692368038
"Social";"Saúde";"Postos e Centros de Saúde por 10.000 Habitantes";"Carajás";"Curionópolis";"-";"2021";5,0664264805224
"Social";"Saúde";"Postos e Centros de Saúde por 10.000 Habitantes";"Carajás";"Curionópolis";"-";"2022";4,51127819548872
"Social";"Saúde";"Postos e Centros de Saúde por 10.000 Habitantes";"Carajás";"Curionópolis";"-";"2023";3,36765130376215
"Social";"Saúde";"Postos e Centros de Saúde por 10.000 Habitantes";"Carajás";"Curionópolis";"-";"2024";3,83527494127235
"Social";"Saúde";"Postos e Centros de Saúde por 10.000 Habitantes";"Carajás";"Curionópolis";"-";"2025";3,81406436233611
"Social";"Saúde";"Postos e Centros de Saúde por 10.000 Habitantes";"Marajó";"Curralinho";"-";"2010";2,80219972678553
"Social";"Saúde";"Postos e Centros de Saúde por 10.000 Habitantes";"Marajó";"Curralinho";"-";"2011";3,08176962059992
"Social";"Saúde";"Postos e Centros de Saúde por 10.000 Habitantes";"Marajó";"Curralinho";"-";"2012";3,01628795495677
"Social";"Saúde";"Postos e Centros de Saúde por 10.000 Habitantes";"Marajó";"Curralinho";"-";"2013";2,26427300663109
"Social";"Saúde";"Postos e Centros de Saúde por 10.000 Habitantes";"Marajó";"Curralinho";"-";"2014";2,2158209616663
"Social";"Saúde";"Postos e Centros de Saúde por 10.000 Habitantes";"Marajó";"Curralinho";"-";"2015";2,17067725130241
"Social";"Saúde";"Postos e Centros de Saúde por 10.000 Habitantes";"Marajó";"Curralinho";"-";"2016";2,12888902405645
"Social";"Saúde";"Postos e Centros de Saúde por 10.000 Habitantes";"Marajó";"Curralinho";"-";"2017";2,09017617199164
"Social";"Saúde";"Postos e Centros de Saúde por 10.000 Habitantes";"Marajó";"Curralinho";"-";"2018";2,06532322308441
"Social";"Saúde";"Postos e Centros de Saúde por 10.000 Habitantes";"Marajó";"Curralinho";"-";"2019";2,61263353460288
"Social";"Saúde";"Postos e Centros de Saúde por 10.000 Habitantes";"Marajó";"Curralinho";"-";"2020";3,1433960107447
"Social";"Saúde";"Postos e Centros de Saúde por 10.000 Habitantes";"Marajó";"Curralinho";"-";"2021";3,09597523219814
"Social";"Saúde";"Postos e Centros de Saúde por 10.000 Habitantes";"Marajó";"Curralinho";"-";"2022";3,53950977789576
"Social";"Saúde";"Postos e Centros de Saúde por 10.000 Habitantes";"Marajó";"Curralinho";"-";"2023";3,61653591498359
"Social";"Saúde";"Postos e Centros de Saúde por 10.000 Habitantes";"Marajó";"Curralinho";"-";"2024";3,56643164796576
"Social";"Saúde";"Postos e Centros de Saúde por 10.000 Habitantes";"Marajó";"Curralinho";"-";"2025";3,53126527951323
"Social";"Saúde";"Postos e Centros de Saúde por 10.000 Habitantes";"Baixo Amazonas";"Curuá";"-";"2010";4,08030031010282
"Social";"Saúde";"Postos e Centros de Saúde por 10.000 Habitantes";"Baixo Amazonas";"Curuá";"-";"2011";4,00416433090414
"Social";"Saúde";"Postos e Centros de Saúde por 10.000 Habitantes";"Baixo Amazonas";"Curuá";"-";"2012";3,9332913782253
"Social";"Saúde";"Postos e Centros de Saúde por 10.000 Habitantes";"Baixo Amazonas";"Curuá";"-";"2013";5,34473543559594
"Social";"Saúde";"Postos e Centros de Saúde por 10.000 Habitantes";"Baixo Amazonas";"Curuá";"-";"2014";5,25013125328133
"Social";"Saúde";"Postos e Centros de Saúde por 10.000 Habitantes";"Baixo Amazonas";"Curuá";"-";"2015";5,16148060758
"Social";"Saúde";"Postos e Centros de Saúde por 10.000 Habitantes";"Baixo Amazonas";"Curuá";"-";"2016";5,80425161430748
"Social";"Saúde";"Postos e Centros de Saúde por 10.000 Habitantes";"Baixo Amazonas";"Curuá";"-";"2017";5,71591883395256
"Social";"Saúde";"Postos e Centros de Saúde por 10.000 Habitantes";"Baixo Amazonas";"Curuá";"-";"2018";5,63499330844545
"Social";"Saúde";"Postos e Centros de Saúde por 10.000 Habitantes";"Baixo Amazonas";"Curuá";"-";"2019";6,25303967206281
"Social";"Saúde";"Postos e Centros de Saúde por 10.000 Habitantes";"Baixo Amazonas";"Curuá";"-";"2020";6,85541920888462
"Social";"Saúde";"Postos e Centros de Saúde por 10.000 Habitantes";"Baixo Amazonas";"Curuá";"-";"2021";6,76773145641581
"Social";"Saúde";"Postos e Centros de Saúde por 10.000 Habitantes";"Baixo Amazonas";"Curuá";"-";"2022";7,08365800099171
"Social";"Saúde";"Postos e Centros de Saúde por 10.000 Habitantes";"Baixo Amazonas";"Curuá";"-";"2023";6,81198910081744
"Social";"Saúde";"Postos e Centros de Saúde por 10.000 Habitantes";"Baixo Amazonas";"Curuá";"-";"2024";6,74127005527841
"Social";"Saúde";"Postos e Centros de Saúde por 10.000 Habitantes";"Baixo Amazonas";"Curuá";"-";"2025";6,68717400026749
"Social";"Saúde";"Postos e Centros de Saúde por 10.000 Habitantes";"Guamá";"Curuçá";"-";"2010";2,91596197585584
"Social";"Saúde";"Postos e Centros de Saúde por 10.000 Habitantes";"Guamá";"Curuçá";"-";"2011";2,86377044016152
"Social";"Saúde";"Postos e Centros de Saúde por 10.000 Habitantes";"Guamá";"Curuçá";"-";"2012";2,81507755538665
"Social";"Saúde";"Postos e Centros de Saúde por 10.000 Habitantes";"Guamá";"Curuçá";"-";"2013";2,73545422217359
"Social";"Saúde";"Postos e Centros de Saúde por 10.000 Habitantes";"Guamá";"Curuçá";"-";"2014";2,68903947509949
"Social";"Saúde";"Postos e Centros de Saúde por 10.000 Habitantes";"Guamá";"Curuçá";"-";"2015";2,64550264550265
"Social";"Saúde";"Postos e Centros de Saúde por 10.000 Habitantes";"Guamá";"Curuçá";"-";"2016";2,60477716131385
"Social";"Saúde";"Postos e Centros de Saúde por 10.000 Habitantes";"Guamá";"Curuçá";"-";"2017";2,56680099591879
"Social";"Saúde";"Postos e Centros de Saúde por 10.000 Habitantes";"Guamá";"Curuçá";"-";"2018";2,52908447142135
"Social";"Saúde";"Postos e Centros de Saúde por 10.000 Habitantes";"Guamá";"Curuçá";"-";"2019";2,99505815404582
"Social";"Saúde";"Postos e Centros de Saúde por 10.000 Habitantes";"Guamá";"Curuçá";"-";"2020";3,69603784742756
"Social";"Saúde";"Postos e Centros de Saúde por 10.000 Habitantes";"Guamá";"Curuçá";"-";"2021";3,65025673472368
"Social";"Saúde";"Postos e Centros de Saúde por 10.000 Habitantes";"Guamá";"Curuçá";"-";"2022";3,39295235325481
"Social";"Saúde";"Postos e Centros de Saúde por 10.000 Habitantes";"Guamá";"Curuçá";"-";"2023";3,18986534211306
"Social";"Saúde";"Postos e Centros de Saúde por 10.000 Habitantes";"Guamá";"Curuçá";"-";"2024";3,15223020286853
"Social";"Saúde";"Postos e Centros de Saúde por 10.000 Habitantes";"Guamá";"Curuçá";"-";"2025";3,11942959001783
"Social";"Saúde";"Postos e Centros de Saúde por 10.000 Habitantes";"Rio Capim";"Dom Eliseu";"-";"2010";1,55887682924453
"Social";"Saúde";"Postos e Centros de Saúde por 10.000 Habitantes";"Rio Capim";"Dom Eliseu";"-";"2011";1,72334558823529
"Social";"Saúde";"Postos e Centros de Saúde por 10.000 Habitantes";"Rio Capim";"Dom Eliseu";"-";"2012";2,07156308851224
"Social";"Saúde";"Postos e Centros de Saúde por 10.000 Habitantes";"Rio Capim";"Dom Eliseu";"-";"2013";2,014578220578
"Social";"Saúde";"Postos e Centros de Saúde por 10.000 Habitantes";"Rio Capim";"Dom Eliseu";"-";"2014";1,98151784266748
"Social";"Saúde";"Postos e Centros de Saúde por 10.000 Habitantes";"Rio Capim";"Dom Eliseu";"-";"2015";1,95042377389269
"Social";"Saúde";"Postos e Centros de Saúde por 10.000 Habitantes";"Rio Capim";"Dom Eliseu";"-";"2016";1,92136381897259
"Social";"Saúde";"Postos e Centros de Saúde por 10.000 Habitantes";"Rio Capim";"Dom Eliseu";"-";"2017";1,89423292176818
"Social";"Saúde";"Postos e Centros de Saúde por 10.000 Habitantes";"Rio Capim";"Dom Eliseu";"-";"2018";2,20503426284008
"Social";"Saúde";"Postos e Centros de Saúde por 10.000 Habitantes";"Rio Capim";"Dom Eliseu";"-";"2019";2,17686163532544
"Social";"Saúde";"Postos e Centros de Saúde por 10.000 Habitantes";"Rio Capim";"Dom Eliseu";"-";"2020";2,14986191271561
"Social";"Saúde";"Postos e Centros de Saúde por 10.000 Habitantes";"Rio Capim";"Dom Eliseu";"-";"2021";2,123974773715
"Social";"Saúde";"Postos e Centros de Saúde por 10.000 Habitantes";"Rio Capim";"Dom Eliseu";"-";"2022";2,22283017577457
"Social";"Saúde";"Postos e Centros de Saúde por 10.000 Habitantes";"Rio Capim";"Dom Eliseu";"-";"2023";2,10424085464552
"Social";"Saúde";"Postos e Centros de Saúde por 10.000 Habitantes";"Rio Capim";"Dom Eliseu";"-";"2024";2,08594075928244
"Social";"Saúde";"Postos e Centros de Saúde por 10.000 Habitantes";"Rio Capim";"Dom Eliseu";"-";"2025";2,22848319882845
"Social";"Saúde";"Postos e Centros de Saúde por 10.000 Habitantes";"Carajás";"Eldorado do Carajás";"-";"2010";3,14603913672686
"Social";"Saúde";"Postos e Centros de Saúde por 10.000 Habitantes";"Carajás";"Eldorado do Carajás";"-";"2011";3,12949865431558
"Social";"Saúde";"Postos e Centros de Saúde por 10.000 Habitantes";"Carajás";"Eldorado do Carajás";"-";"2012";3,11380974622451
"Social";"Saúde";"Postos e Centros de Saúde por 10.000 Habitantes";"Carajás";"Eldorado do Carajás";"-";"2013";2,77606415792721
"Social";"Saúde";"Postos e Centros de Saúde por 10.000 Habitantes";"Carajás";"Eldorado do Carajás";"-";"2014";2,76548672566372
"Social";"Saúde";"Postos e Centros de Saúde por 10.000 Habitantes";"Carajás";"Eldorado do Carajás";"-";"2015";2,14303208425178
"Social";"Saúde";"Postos e Centros de Saúde por 10.000 Habitantes";"Carajás";"Eldorado do Carajás";"-";"2016";2,13544844417328
"Social";"Saúde";"Postos e Centros de Saúde por 10.000 Habitantes";"Carajás";"Eldorado do Carajás";"-";"2017";2,12817706433175
"Social";"Saúde";"Postos e Centros de Saúde por 10.000 Habitantes";"Carajás";"Eldorado do Carajás";"-";"2018";2,07875512264655
"Social";"Saúde";"Postos e Centros de Saúde por 10.000 Habitantes";"Carajás";"Eldorado do Carajás";"-";"2019";2,07051585423568
"Social";"Saúde";"Postos e Centros de Saúde por 10.000 Habitantes";"Carajás";"Eldorado do Carajás";"-";"2020";2,06246317030053
"Social";"Saúde";"Postos e Centros de Saúde por 10.000 Habitantes";"Carajás";"Eldorado do Carajás";"-";"2021";2,05465379083624
"Social";"Saúde";"Postos e Centros de Saúde por 10.000 Habitantes";"Carajás";"Eldorado do Carajás";"-";"2022";3,19239500567537
"Social";"Saúde";"Postos e Centros de Saúde por 10.000 Habitantes";"Carajás";"Eldorado do Carajás";"-";"2023";3,01265314320145
"Social";"Saúde";"Postos e Centros de Saúde por 10.000 Habitantes";"Carajás";"Eldorado do Carajás";"-";"2024";3,05862361937128
"Social";"Saúde";"Postos e Centros de Saúde por 10.000 Habitantes";"Carajás";"Eldorado do Carajás";"-";"2025";3,0730358179397
"Social";"Saúde";"Postos e Centros de Saúde por 10.000 Habitantes";"Baixo Amazonas";"Faro";"-";"2010";4,89176959765195
"Social";"Saúde";"Postos e Centros de Saúde por 10.000 Habitantes";"Baixo Amazonas";"Faro";"-";"2011";4,97822028624767
"Social";"Saúde";"Postos e Centros de Saúde por 10.000 Habitantes";"Baixo Amazonas";"Faro";"-";"2012";5,06521463847031
"Social";"Saúde";"Postos e Centros de Saúde por 10.000 Habitantes";"Baixo Amazonas";"Faro";"-";"2013";7,8125
"Social";"Saúde";"Postos e Centros de Saúde por 10.000 Habitantes";"Baixo Amazonas";"Faro";"-";"2014";9,32835820895522
"Social";"Saúde";"Postos e Centros de Saúde por 10.000 Habitantes";"Baixo Amazonas";"Faro";"-";"2015";8,18219009954998
"Social";"Saúde";"Postos e Centros de Saúde por 10.000 Habitantes";"Baixo Amazonas";"Faro";"-";"2016";8,37053571428571
"Social";"Saúde";"Postos e Centros de Saúde por 10.000 Habitantes";"Baixo Amazonas";"Faro";"-";"2017";8,5604223141675
"Social";"Saúde";"Postos e Centros de Saúde por 10.000 Habitantes";"Baixo Amazonas";"Faro";"-";"2018";8,19784123514141
"Social";"Saúde";"Postos e Centros de Saúde por 10.000 Habitantes";"Baixo Amazonas";"Faro";"-";"2019";8,34028356964137
"Social";"Saúde";"Postos e Centros de Saúde por 10.000 Habitantes";"Baixo Amazonas";"Faro";"-";"2020";9,9009900990099
"Social";"Saúde";"Postos e Centros de Saúde por 10.000 Habitantes";"Baixo Amazonas";"Faro";"-";"2021";10,0733918549432
"Social";"Saúde";"Postos e Centros de Saúde por 10.000 Habitantes";"Baixo Amazonas";"Faro";"-";"2022";6,87442713107241
"Social";"Saúde";"Postos e Centros de Saúde por 10.000 Habitantes";"Baixo Amazonas";"Faro";"-";"2023";6,61521499448732
"Social";"Saúde";"Postos e Centros de Saúde por 10.000 Habitantes";"Baixo Amazonas";"Faro";"-";"2024";7,67123287671233
"Social";"Saúde";"Postos e Centros de Saúde por 10.000 Habitantes";"Baixo Amazonas";"Faro";"-";"2025";7,63608596051053
"Social";"Saúde";"Postos e Centros de Saúde por 10.000 Habitantes";"Araguaia";"Floresta do Araguaia";"-";"2010";3,37685727149932
"Social";"Saúde";"Postos e Centros de Saúde por 10.000 Habitantes";"Araguaia";"Floresta do Araguaia";"-";"2011";3,32667997338656
"Social";"Saúde";"Postos e Centros de Saúde por 10.000 Habitantes";"Araguaia";"Floresta do Araguaia";"-";"2012";3,27958458595245
"Social";"Saúde";"Postos e Centros de Saúde por 10.000 Habitantes";"Araguaia";"Floresta do Araguaia";"-";"2013";3,73512619390641
"Social";"Saúde";"Postos e Centros de Saúde por 10.000 Habitantes";"Araguaia";"Floresta do Araguaia";"-";"2014";4,20941857405946
"Social";"Saúde";"Postos e Centros de Saúde por 10.000 Habitantes";"Araguaia";"Floresta do Araguaia";"-";"2015";4,15347074399045
"Social";"Saúde";"Postos e Centros de Saúde por 10.000 Habitantes";"Araguaia";"Floresta do Araguaia";"-";"2016";4,10088168956326
"Social";"Saúde";"Postos e Centros de Saúde por 10.000 Habitantes";"Araguaia";"Floresta do Araguaia";"-";"2017";4,55788514129444
"Social";"Saúde";"Postos e Centros de Saúde por 10.000 Habitantes";"Araguaia";"Floresta do Araguaia";"-";"2018";3,98406374501992
"Social";"Saúde";"Postos e Centros de Saúde por 10.000 Habitantes";"Araguaia";"Floresta do Araguaia";"-";"2019";3,94011032308905
"Social";"Saúde";"Postos e Centros de Saúde por 10.000 Habitantes";"Araguaia";"Floresta do Araguaia";"-";"2020";3,89768574908648
"Social";"Saúde";"Postos e Centros de Saúde por 10.000 Habitantes";"Araguaia";"Floresta do Araguaia";"-";"2021";4,33902227364767
"Social";"Saúde";"Postos e Centros de Saúde por 10.000 Habitantes";"Araguaia";"Floresta do Araguaia";"-";"2022";5,0284948038887
"Social";"Saúde";"Postos e Centros de Saúde por 10.000 Habitantes";"Araguaia";"Floresta do Araguaia";"-";"2023";4,83221476510067
"Social";"Saúde";"Postos e Centros de Saúde por 10.000 Habitantes";"Araguaia";"Floresta do Araguaia";"-";"2024";4,84783194182602
"Social";"Saúde";"Postos e Centros de Saúde por 10.000 Habitantes";"Araguaia";"Floresta do Araguaia";"-";"2025";4,84001075557946
"Social";"Saúde";"Postos e Centros de Saúde por 10.000 Habitantes";"Rio Capim";"Garrafão do Norte";"-";"2010";3,59511064951666
"Social";"Saúde";"Postos e Centros de Saúde por 10.000 Habitantes";"Rio Capim";"Garrafão do Norte";"-";"2011";3,98453998485875
"Social";"Saúde";"Postos e Centros de Saúde por 10.000 Habitantes";"Rio Capim";"Garrafão do Norte";"-";"2012";5,16754779981715
"Social";"Saúde";"Postos e Centros de Saúde por 10.000 Habitantes";"Rio Capim";"Garrafão do Norte";"-";"2013";5,1409815320125
"Social";"Saúde";"Postos e Centros de Saúde por 10.000 Habitantes";"Rio Capim";"Garrafão do Norte";"-";"2014";4,74177105148773
"Social";"Saúde";"Postos e Centros de Saúde por 10.000 Habitantes";"Rio Capim";"Garrafão do Norte";"-";"2015";4,73821369343757
"Social";"Saúde";"Postos e Centros de Saúde por 10.000 Habitantes";"Rio Capim";"Garrafão do Norte";"-";"2016";5,52377194712961
"Social";"Saúde";"Postos e Centros de Saúde por 10.000 Habitantes";"Rio Capim";"Garrafão do Norte";"-";"2017";4,33702637700588
"Social";"Saúde";"Postos e Centros de Saúde por 10.000 Habitantes";"Rio Capim";"Garrafão do Norte";"-";"2018";4,99615680245965
"Social";"Saúde";"Postos e Centros de Saúde por 10.000 Habitantes";"Rio Capim";"Garrafão do Norte";"-";"2019";4,98733982966316
"Social";"Saúde";"Postos e Centros de Saúde por 10.000 Habitantes";"Rio Capim";"Garrafão do Norte";"-";"2020";5,3617249435104
"Social";"Saúde";"Postos e Centros de Saúde por 10.000 Habitantes";"Rio Capim";"Garrafão do Norte";"-";"2021";5,35270502771936
"Social";"Saúde";"Postos e Centros de Saúde por 10.000 Habitantes";"Rio Capim";"Garrafão do Norte";"-";"2022";5,66732785491641
"Social";"Saúde";"Postos e Centros de Saúde por 10.000 Habitantes";"Rio Capim";"Garrafão do Norte";"-";"2023";5,45808966861598
"Social";"Saúde";"Postos e Centros de Saúde por 10.000 Habitantes";"Rio Capim";"Garrafão do Norte";"-";"2024";5,47902316844083
"Social";"Saúde";"Postos e Centros de Saúde por 10.000 Habitantes";"Rio Capim";"Garrafão do Norte";"-";"2025";5,47773691212145
"Social";"Saúde";"Postos e Centros de Saúde por 10.000 Habitantes";"Lago de Tucuruí";"Goianésia do Pará";"-";"2010";4,27125772111973
"Social";"Saúde";"Postos e Centros de Saúde por 10.000 Habitantes";"Lago de Tucuruí";"Goianésia do Pará";"-";"2011";4,83387580161774
"Social";"Saúde";"Postos e Centros de Saúde por 10.000 Habitantes";"Lago de Tucuruí";"Goianésia do Pará";"-";"2012";4,24941216465056
"Social";"Saúde";"Postos e Centros de Saúde por 10.000 Habitantes";"Lago de Tucuruí";"Goianésia do Pará";"-";"2013";4,38356164383562
"Social";"Saúde";"Postos e Centros de Saúde por 10.000 Habitantes";"Lago de Tucuruí";"Goianésia do Pará";"-";"2014";4,29541732663964
"Social";"Saúde";"Postos e Centros de Saúde por 10.000 Habitantes";"Lago de Tucuruí";"Goianésia do Pará";"-";"2015";4,21329822251481
"Social";"Saúde";"Postos e Centros de Saúde por 10.000 Habitantes";"Lago de Tucuruí";"Goianésia do Pará";"-";"2016";4,13682550352923
"Social";"Saúde";"Postos e Centros de Saúde por 10.000 Habitantes";"Lago de Tucuruí";"Goianésia do Pará";"-";"2017";3,81175035576337
"Social";"Saúde";"Postos e Centros de Saúde por 10.000 Habitantes";"Lago de Tucuruí";"Goianésia do Pará";"-";"2018";3,76345434929874
"Social";"Saúde";"Postos e Centros de Saúde por 10.000 Habitantes";"Lago de Tucuruí";"Goianésia do Pará";"-";"2019";3,95305744286597
"Social";"Saúde";"Postos e Centros de Saúde por 10.000 Habitantes";"Lago de Tucuruí";"Goianésia do Pará";"-";"2020";3,89474452910104
"Social";"Saúde";"Postos e Centros de Saúde por 10.000 Habitantes";"Lago de Tucuruí";"Goianésia do Pará";"-";"2021";4,07889054177264
"Social";"Saúde";"Postos e Centros de Saúde por 10.000 Habitantes";"Lago de Tucuruí";"Goianésia do Pará";"-";"2022";6,44867612472498
"Social";"Saúde";"Postos e Centros de Saúde por 10.000 Habitantes";"Lago de Tucuruí";"Goianésia do Pará";"-";"2023";6,11951043916487
"Social";"Saúde";"Postos e Centros de Saúde por 10.000 Habitantes";"Lago de Tucuruí";"Goianésia do Pará";"-";"2024";6,28256772238442
"Social";"Saúde";"Postos e Centros de Saúde por 10.000 Habitantes";"Lago de Tucuruí";"Goianésia do Pará";"-";"2025";6,36632588098716
"Social";"Saúde";"Postos e Centros de Saúde por 10.000 Habitantes";"Marajó";"Gurupá";"-";"2010";7,57002271006813
"Social";"Saúde";"Postos e Centros de Saúde por 10.000 Habitantes";"Marajó";"Gurupá";"-";"2011";7,79132791327913
"Social";"Saúde";"Postos e Centros de Saúde por 10.000 Habitantes";"Marajó";"Gurupá";"-";"2012";7,67613389847479
"Social";"Saúde";"Postos e Centros de Saúde por 10.000 Habitantes";"Marajó";"Gurupá";"-";"2013";7,48527353793081
"Social";"Saúde";"Postos e Centros de Saúde por 10.000 Habitantes";"Marajó";"Gurupá";"-";"2014";7,37605028542108
"Social";"Saúde";"Postos e Centros de Saúde por 10.000 Habitantes";"Marajó";"Gurupá";"-";"2015";5,05960851279132
"Social";"Saúde";"Postos e Centros de Saúde por 10.000 Habitantes";"Marajó";"Gurupá";"-";"2016";4,99235545570845
"Social";"Saúde";"Postos e Centros de Saúde por 10.000 Habitantes";"Marajó";"Gurupá";"-";"2017";4,92944728572309
"Social";"Saúde";"Postos e Centros de Saúde por 10.000 Habitantes";"Marajó";"Gurupá";"-";"2018";4,84980752326392
"Social";"Saúde";"Postos e Centros de Saúde por 10.000 Habitantes";"Marajó";"Gurupá";"-";"2019";4,79386385426654
"Social";"Saúde";"Postos e Centros de Saúde por 10.000 Habitantes";"Marajó";"Gurupá";"-";"2020";5,03629091986372
"Social";"Saúde";"Postos e Centros de Saúde por 10.000 Habitantes";"Marajó";"Gurupá";"-";"2021";5,27441615143435
"Social";"Saúde";"Postos e Centros de Saúde por 10.000 Habitantes";"Marajó";"Gurupá";"-";"2022";5,66287044610835
"Social";"Saúde";"Postos e Centros de Saúde por 10.000 Habitantes";"Marajó";"Gurupá";"-";"2023";5,34330750734705
"Social";"Saúde";"Postos e Centros de Saúde por 10.000 Habitantes";"Marajó";"Gurupá";"-";"2024";5,01149696362243
"Social";"Saúde";"Postos e Centros de Saúde por 10.000 Habitantes";"Marajó";"Gurupá";"-";"2025";4,97993379617424
"Social";"Saúde";"Postos e Centros de Saúde por 10.000 Habitantes";"Guamá";"Igarapé-Açu";"-";"2010";3,34382924178672
"Social";"Saúde";"Postos e Centros de Saúde por 10.000 Habitantes";"Guamá";"Igarapé-Açu";"-";"2011";3,59562992670447
"Social";"Saúde";"Postos e Centros de Saúde por 10.000 Habitantes";"Guamá";"Igarapé-Açu";"-";"2012";4,11929477673422
"Social";"Saúde";"Postos e Centros de Saúde por 10.000 Habitantes";"Guamá";"Igarapé-Açu";"-";"2013";3,52465905701814
"Social";"Saúde";"Postos e Centros de Saúde por 10.000 Habitantes";"Guamá";"Igarapé-Açu";"-";"2014";3,50291010993749
"Social";"Saúde";"Postos e Centros de Saúde por 10.000 Habitantes";"Guamá";"Igarapé-Açu";"-";"2015";3,48217394798168
"Social";"Saúde";"Postos e Centros de Saúde por 10.000 Habitantes";"Guamá";"Igarapé-Açu";"-";"2016";3,46232721655525
"Social";"Saúde";"Postos e Centros de Saúde por 10.000 Habitantes";"Guamá";"Igarapé-Açu";"-";"2017";3,44343495881122
"Social";"Saúde";"Postos e Centros de Saúde por 10.000 Habitantes";"Guamá";"Igarapé-Açu";"-";"2018";3,62807090287136
"Social";"Saúde";"Postos e Centros de Saúde por 10.000 Habitantes";"Guamá";"Igarapé-Açu";"-";"2019";3,60759656762955
"Social";"Saúde";"Postos e Centros de Saúde por 10.000 Habitantes";"Guamá";"Igarapé-Açu";"-";"2020";3,5876278092407
"Social";"Saúde";"Postos e Centros de Saúde por 10.000 Habitantes";"Guamá";"Igarapé-Açu";"-";"2021";3,82321455880104
"Social";"Saúde";"Postos e Centros de Saúde por 10.000 Habitantes";"Guamá";"Igarapé-Açu";"-";"2022";4,19029527614046
"Social";"Saúde";"Postos e Centros de Saúde por 10.000 Habitantes";"Guamá";"Igarapé-Açu";"-";"2023";3,96018692082266
"Social";"Saúde";"Postos e Centros de Saúde por 10.000 Habitantes";"Guamá";"Igarapé-Açu";"-";"2024";3,96248844274204
"Social";"Saúde";"Postos e Centros de Saúde por 10.000 Habitantes";"Guamá";"Igarapé-Açu";"-";"2025";3,6914963744232
"Social";"Saúde";"Postos e Centros de Saúde por 10.000 Habitantes";"Tocantins";"Igarapé-Miri";"-";"2010";2,06622242884447
"Social";"Saúde";"Postos e Centros de Saúde por 10.000 Habitantes";"Tocantins";"Igarapé-Miri";"-";"2011";1,88040616773223
"Social";"Saúde";"Postos e Centros de Saúde por 10.000 Habitantes";"Tocantins";"Igarapé-Miri";"-";"2012";1,86744533478202
"Social";"Saúde";"Postos e Centros de Saúde por 10.000 Habitantes";"Tocantins";"Igarapé-Miri";"-";"2013";1,84427603782442
"Social";"Saúde";"Postos e Centros de Saúde por 10.000 Habitantes";"Tocantins";"Igarapé-Miri";"-";"2014";1,83339444648155
"Social";"Saúde";"Postos e Centros de Saúde por 10.000 Habitantes";"Tocantins";"Igarapé-Miri";"-";"2015";1,82291235105977
"Social";"Saúde";"Postos e Centros de Saúde por 10.000 Habitantes";"Tocantins";"Igarapé-Miri";"-";"2016";1,81293778327153
"Social";"Saúde";"Postos e Centros de Saúde por 10.000 Habitantes";"Tocantins";"Igarapé-Miri";"-";"2017";1,80345607764698
"Social";"Saúde";"Postos e Centros de Saúde por 10.000 Habitantes";"Tocantins";"Igarapé-Miri";"-";"2018";1,76409269505252
"Social";"Saúde";"Postos e Centros de Saúde por 10.000 Habitantes";"Tocantins";"Igarapé-Miri";"-";"2019";1,75444192797218
"Social";"Saúde";"Postos e Centros de Saúde por 10.000 Habitantes";"Tocantins";"Igarapé-Miri";"-";"2020";2,22095310616156
"Social";"Saúde";"Postos e Centros de Saúde por 10.000 Habitantes";"Tocantins";"Igarapé-Miri";"-";"2021";2,2093518708476
"Social";"Saúde";"Postos e Centros de Saúde por 10.000 Habitantes";"Tocantins";"Igarapé-Miri";"-";"2022";2,15946075180084
"Social";"Saúde";"Postos e Centros de Saúde por 10.000 Habitantes";"Tocantins";"Igarapé-Miri";"-";"2023";2,04546782771317
"Social";"Saúde";"Postos e Centros de Saúde por 10.000 Habitantes";"Tocantins";"Igarapé-Miri";"-";"2024";2,4653759698354
"Social";"Saúde";"Postos e Centros de Saúde por 10.000 Habitantes";"Tocantins";"Igarapé-Miri";"-";"2025";2,44794516602828
"Social";"Saúde";"Postos e Centros de Saúde por 10.000 Habitantes";"Guamá";"Inhangapi";"-";"2010";9,96313639533725
"Social";"Saúde";"Postos e Centros de Saúde por 10.000 Habitantes";"Guamá";"Inhangapi";"-";"2011";10,7653161088276
"Social";"Saúde";"Postos e Centros de Saúde por 10.000 Habitantes";"Guamá";"Inhangapi";"-";"2012";10,584046954681
"Social";"Saúde";"Postos e Centros de Saúde por 10.000 Habitantes";"Guamá";"Inhangapi";"-";"2013";10,2871037127092
"Social";"Saúde";"Postos e Centros de Saúde por 10.000 Habitantes";"Guamá";"Inhangapi";"-";"2014";10,1140125045973
"Social";"Saúde";"Postos e Centros de Saúde por 10.000 Habitantes";"Guamá";"Inhangapi";"-";"2015";9,04731747037004
"Social";"Saúde";"Postos e Centros de Saúde por 10.000 Habitantes";"Guamá";"Inhangapi";"-";"2016";7,12758374910905
"Social";"Saúde";"Postos e Centros de Saúde por 10.000 Habitantes";"Guamá";"Inhangapi";"-";"2017";7,90305584826133
"Social";"Saúde";"Postos e Centros de Saúde por 10.000 Habitantes";"Guamá";"Inhangapi";"-";"2018";6,92101392854053
"Social";"Saúde";"Postos e Centros de Saúde por 10.000 Habitantes";"Guamá";"Inhangapi";"-";"2019";6,83118435658782
"Social";"Saúde";"Postos e Centros de Saúde por 10.000 Habitantes";"Guamá";"Inhangapi";"-";"2020";6,74479386223759
"Social";"Saúde";"Postos e Centros de Saúde por 10.000 Habitantes";"Guamá";"Inhangapi";"-";"2021";7,49437921558831
"Social";"Saúde";"Postos e Centros de Saúde por 10.000 Habitantes";"Guamá";"Inhangapi";"-";"2022";8,71670702179177
"Social";"Saúde";"Postos e Centros de Saúde por 10.000 Habitantes";"Guamá";"Inhangapi";"-";"2023";7,45364762880835
"Social";"Saúde";"Postos e Centros de Saúde por 10.000 Habitantes";"Guamá";"Inhangapi";"-";"2024";7,43909243072345
"Social";"Saúde";"Postos e Centros de Saúde por 10.000 Habitantes";"Guamá";"Inhangapi";"-";"2025";7,41839762611276
"Social";"Saúde";"Postos e Centros de Saúde por 10.000 Habitantes";"Rio Capim";"Ipixuna do Pará";"-";"2010";1,36428306924711
"Social";"Saúde";"Postos e Centros de Saúde por 10.000 Habitantes";"Rio Capim";"Ipixuna do Pará";"-";"2011";2,06309313927754
"Social";"Saúde";"Postos e Centros de Saúde por 10.000 Habitantes";"Rio Capim";"Ipixuna do Pará";"-";"2012";2,13306443793752
"Social";"Saúde";"Postos e Centros de Saúde por 10.000 Habitantes";"Rio Capim";"Ipixuna do Pará";"-";"2013";2,01431998388544
"Social";"Saúde";"Postos e Centros de Saúde por 10.000 Habitantes";"Rio Capim";"Ipixuna do Pará";"-";"2014";1,94301662162401
"Social";"Saúde";"Postos e Centros de Saúde por 10.000 Habitantes";"Rio Capim";"Ipixuna do Pará";"-";"2015";1,87847945626558
"Social";"Saúde";"Postos e Centros de Saúde por 10.000 Habitantes";"Rio Capim";"Ipixuna do Pará";"-";"2016";1,98567008091606
"Social";"Saúde";"Postos e Centros de Saúde por 10.000 Habitantes";"Rio Capim";"Ipixuna do Pará";"-";"2017";2,41014187701849
"Social";"Saúde";"Postos e Centros de Saúde por 10.000 Habitantes";"Rio Capim";"Ipixuna do Pará";"-";"2018";2,40172924505644
"Social";"Saúde";"Postos e Centros de Saúde por 10.000 Habitantes";"Rio Capim";"Ipixuna do Pará";"-";"2019";2,81017282562878
"Social";"Saúde";"Postos e Centros de Saúde por 10.000 Habitantes";"Rio Capim";"Ipixuna do Pará";"-";"2020";3,04761904761905
"Social";"Saúde";"Postos e Centros de Saúde por 10.000 Habitantes";"Rio Capim";"Ipixuna do Pará";"-";"2021";3,12639571237159
"Social";"Saúde";"Postos e Centros de Saúde por 10.000 Habitantes";"Rio Capim";"Ipixuna do Pará";"-";"2022";6,92406607537341
"Social";"Saúde";"Postos e Centros de Saúde por 10.000 Habitantes";"Rio Capim";"Ipixuna do Pará";"-";"2023";6,76110753380554
"Social";"Saúde";"Postos e Centros de Saúde por 10.000 Habitantes";"Rio Capim";"Ipixuna do Pará";"-";"2024";6,96332648053584
"Social";"Saúde";"Postos e Centros de Saúde por 10.000 Habitantes";"Rio Capim";"Ipixuna do Pará";"-";"2025";7,1760524876982
"Social";"Saúde";"Postos e Centros de Saúde por 10.000 Habitantes";"Rio Capim";"Irituia";"-";"2010";4,46371636270884
"Social";"Saúde";"Postos e Centros de Saúde por 10.000 Habitantes";"Rio Capim";"Irituia";"-";"2011";4,13630723217411
"Social";"Saúde";"Postos e Centros de Saúde por 10.000 Habitantes";"Rio Capim";"Irituia";"-";"2012";4,12803251619459
"Social";"Saúde";"Postos e Centros de Saúde por 10.000 Habitantes";"Rio Capim";"Irituia";"-";"2013";4,1095024340899
"Social";"Saúde";"Postos e Centros de Saúde por 10.000 Habitantes";"Rio Capim";"Irituia";"-";"2014";4,10820376690684
"Social";"Saúde";"Postos e Centros de Saúde por 10.000 Habitantes";"Rio Capim";"Irituia";"-";"2015";3,79099008024262
"Social";"Saúde";"Postos e Centros de Saúde por 10.000 Habitantes";"Rio Capim";"Irituia";"-";"2016";3,78979282465892
"Social";"Saúde";"Postos e Centros de Saúde por 10.000 Habitantes";"Rio Capim";"Irituia";"-";"2017";3,78871594102232
"Social";"Saúde";"Postos e Centros de Saúde por 10.000 Habitantes";"Rio Capim";"Irituia";"-";"2018";3,6918533103618
"Social";"Saúde";"Postos e Centros de Saúde por 10.000 Habitantes";"Rio Capim";"Irituia";"-";"2019";3,68663594470046
"Social";"Saúde";"Postos e Centros de Saúde por 10.000 Habitantes";"Rio Capim";"Irituia";"-";"2020";3,68154624942476
"Social";"Saúde";"Postos e Centros de Saúde por 10.000 Habitantes";"Rio Capim";"Irituia";"-";"2021";3,98296516437391
"Social";"Saúde";"Postos e Centros de Saúde por 10.000 Habitantes";"Rio Capim";"Irituia";"-";"2022";3,55354546922953
"Social";"Saúde";"Postos e Centros de Saúde por 10.000 Habitantes";"Rio Capim";"Irituia";"-";"2023";3,35621662852784
"Social";"Saúde";"Postos e Centros de Saúde por 10.000 Habitantes";"Rio Capim";"Irituia";"-";"2024";3,97577833506637
"Social";"Saúde";"Postos e Centros de Saúde por 10.000 Habitantes";"Rio Capim";"Irituia";"-";"2025";4,58155161881491
"Social";"Saúde";"Postos e Centros de Saúde por 10.000 Habitantes";"Tapajós";"Itaituba";"-";"2010";1,84628640004923
"Social";"Saúde";"Postos e Centros de Saúde por 10.000 Habitantes";"Tapajós";"Itaituba";"-";"2011";1,94464914435438
"Social";"Saúde";"Postos e Centros de Saúde por 10.000 Habitantes";"Tapajós";"Itaituba";"-";"2012";2,14487069493811
"Social";"Saúde";"Postos e Centros de Saúde por 10.000 Habitantes";"Tapajós";"Itaituba";"-";"2013";2,2366133607149
"Social";"Saúde";"Postos e Centros de Saúde por 10.000 Habitantes";"Tapajós";"Itaituba";"-";"2014";2,13403790457802
"Social";"Saúde";"Postos e Centros de Saúde por 10.000 Habitantes";"Tapajós";"Itaituba";"-";"2015";2,33630619832192
"Social";"Saúde";"Postos e Centros de Saúde por 10.000 Habitantes";"Tapajós";"Itaituba";"-";"2016";2,43691932781642
"Social";"Saúde";"Postos e Centros de Saúde por 10.000 Habitantes";"Tapajós";"Itaituba";"-";"2017";2,33448027364169
"Social";"Saúde";"Postos e Centros de Saúde por 10.000 Habitantes";"Tapajós";"Itaituba";"-";"2018";2,37395768420428
"Social";"Saúde";"Postos e Centros de Saúde por 10.000 Habitantes";"Tapajós";"Itaituba";"-";"2019";2,37044060564757
"Social";"Saúde";"Postos e Centros de Saúde por 10.000 Habitantes";"Tapajós";"Itaituba";"-";"2020";2,36698062034617
"Social";"Saúde";"Postos e Centros de Saúde por 10.000 Habitantes";"Tapajós";"Itaituba";"-";"2021";2,4620596606297
"Social";"Saúde";"Postos e Centros de Saúde por 10.000 Habitantes";"Tapajós";"Itaituba";"-";"2022";2,02734482702694
"Social";"Saúde";"Postos e Centros de Saúde por 10.000 Habitantes";"Tapajós";"Itaituba";"-";"2023";1,83108262760357
"Social";"Saúde";"Postos e Centros de Saúde por 10.000 Habitantes";"Tapajós";"Itaituba";"-";"2024";1,87008168516801
"Social";"Saúde";"Postos e Centros de Saúde por 10.000 Habitantes";"Tapajós";"Itaituba";"-";"2025";1,84680392113409
"Social";"Saúde";"Postos e Centros de Saúde por 10.000 Habitantes";"Lago de Tucuruí";"Itupiranga";"-";"2010";2,1475985942991
"Social";"Saúde";"Postos e Centros de Saúde por 10.000 Habitantes";"Lago de Tucuruí";"Itupiranga";"-";"2011";2,142537153542
"Social";"Saúde";"Postos e Centros de Saúde por 10.000 Habitantes";"Lago de Tucuruí";"Itupiranga";"-";"2012";2,13770721184678
"Social";"Saúde";"Postos e Centros de Saúde por 10.000 Habitantes";"Lago de Tucuruí";"Itupiranga";"-";"2013";2,32058942971515
"Social";"Saúde";"Postos e Centros de Saúde por 10.000 Habitantes";"Lago de Tucuruí";"Itupiranga";"-";"2014";2,31915428173859
"Social";"Saúde";"Postos e Centros de Saúde por 10.000 Habitantes";"Lago de Tucuruí";"Itupiranga";"-";"2015";2,12457749879285
"Social";"Saúde";"Postos e Centros de Saúde por 10.000 Habitantes";"Lago de Tucuruí";"Itupiranga";"-";"2016";2,12330618075126
"Social";"Saúde";"Postos e Centros de Saúde por 10.000 Habitantes";"Lago de Tucuruí";"Itupiranga";"-";"2017";2,12211825986303
"Social";"Saúde";"Postos e Centros de Saúde por 10.000 Habitantes";"Lago de Tucuruí";"Itupiranga";"-";"2018";2,25640254221353
"Social";"Saúde";"Postos e Centros de Saúde por 10.000 Habitantes";"Lago de Tucuruí";"Itupiranga";"-";"2019";2,06499089526742
"Social";"Saúde";"Postos e Centros de Saúde por 10.000 Habitantes";"Lago de Tucuruí";"Itupiranga";"-";"2020";2,62393402680161
"Social";"Saúde";"Postos e Centros de Saúde por 10.000 Habitantes";"Lago de Tucuruí";"Itupiranga";"-";"2021";2,43268025225023
"Social";"Saúde";"Postos e Centros de Saúde por 10.000 Habitantes";"Lago de Tucuruí";"Itupiranga";"-";"2022";2,61285524781927
"Social";"Saúde";"Postos e Centros de Saúde por 10.000 Habitantes";"Lago de Tucuruí";"Itupiranga";"-";"2023";2,47209386350239
"Social";"Saúde";"Postos e Centros de Saúde por 10.000 Habitantes";"Lago de Tucuruí";"Itupiranga";"-";"2024";2,49104183034089
"Social";"Saúde";"Postos e Centros de Saúde por 10.000 Habitantes";"Lago de Tucuruí";"Itupiranga";"-";"2025";2,49037374762936
"Social";"Saúde";"Postos e Centros de Saúde por 10.000 Habitantes";"Tapajós";"Jacareacanga";"-";"2010";1,41813798482592
"Social";"Saúde";"Postos e Centros de Saúde por 10.000 Habitantes";"Tapajós";"Jacareacanga";"-";"2011";1,4061730999086
"Social";"Saúde";"Postos e Centros de Saúde por 10.000 Habitantes";"Tapajós";"Jacareacanga";"-";"2012";0,48207872345554
"Social";"Saúde";"Postos e Centros de Saúde por 10.000 Habitantes";"Tapajós";"Jacareacanga";"-";"2013";0,48207872345554
"Social";"Saúde";"Postos e Centros de Saúde por 10.000 Habitantes";"Tapajós";"Jacareacanga";"-";"2014";0,48207872345554
"Social";"Saúde";"Postos e Centros de Saúde por 10.000 Habitantes";"Tapajós";"Jacareacanga";"-";"2015";1,20519680863885
"Social";"Saúde";"Postos e Centros de Saúde por 10.000 Habitantes";"Tapajós";"Jacareacanga";"-";"2016";1,68727553209439
"Social";"Saúde";"Postos e Centros de Saúde por 10.000 Habitantes";"Tapajós";"Jacareacanga";"-";"2017";1,68727553209439
"Social";"Saúde";"Postos e Centros de Saúde por 10.000 Habitantes";"Tapajós";"Jacareacanga";"-";"2018";1,68727553209439
"Social";"Saúde";"Postos e Centros de Saúde por 10.000 Habitantes";"Tapajós";"Jacareacanga";"-";"2019";1,68727553209439
"Social";"Saúde";"Postos e Centros de Saúde por 10.000 Habitantes";"Tapajós";"Jacareacanga";"-";"2020";1,68727553209439
"Social";"Saúde";"Postos e Centros de Saúde por 10.000 Habitantes";"Tapajós";"Jacareacanga";"-";"2021";1,68727553209439
"Social";"Saúde";"Postos e Centros de Saúde por 10.000 Habitantes";"Tapajós";"Jacareacanga";"-";"2022";2,91157141668746
"Social";"Saúde";"Postos e Centros de Saúde por 10.000 Habitantes";"Tapajós";"Jacareacanga";"-";"2023";3,62917859591113
"Social";"Saúde";"Postos e Centros de Saúde por 10.000 Habitantes";"Tapajós";"Jacareacanga";"-";"2024";3,46073982927017
"Social";"Saúde";"Postos e Centros de Saúde por 10.000 Habitantes";"Tapajós";"Jacareacanga";"-";"2025";3,76236878738854
"Social";"Saúde";"Postos e Centros de Saúde por 10.000 Habitantes";"Lago de Tucuruí";"Jacundá";"-";"2010";1,94704049844237
"Social";"Saúde";"Postos e Centros de Saúde por 10.000 Habitantes";"Lago de Tucuruí";"Jacundá";"-";"2011";2,10764308022456
"Social";"Saúde";"Postos e Centros de Saúde por 10.000 Habitantes";"Lago de Tucuruí";"Jacundá";"-";"2012";2,45315419017606
"Social";"Saúde";"Postos e Centros de Saúde por 10.000 Habitantes";"Lago de Tucuruí";"Jacundá";"-";"2013";2,20685596586729
"Social";"Saúde";"Postos e Centros de Saúde por 10.000 Habitantes";"Lago de Tucuruí";"Jacundá";"-";"2014";2,35490181870879
"Social";"Saúde";"Postos e Centros de Saúde por 10.000 Habitantes";"Lago de Tucuruí";"Jacundá";"-";"2015";2,1426275756169
"Social";"Saúde";"Postos e Centros de Saúde por 10.000 Habitantes";"Lago de Tucuruí";"Jacundá";"-";"2016";2,11338299783378
"Social";"Saúde";"Postos e Centros de Saúde por 10.000 Habitantes";"Lago de Tucuruí";"Jacundá";"-";"2017";2,08601328095122
"Social";"Saúde";"Postos e Centros de Saúde por 10.000 Habitantes";"Lago de Tucuruí";"Jacundá";"-";"2018";2,05279094034932
"Social";"Saúde";"Postos e Centros de Saúde por 10.000 Habitantes";"Lago de Tucuruí";"Jacundá";"-";"2019";2,02856901360832
"Social";"Saúde";"Postos e Centros de Saúde por 10.000 Habitantes";"Lago de Tucuruí";"Jacundá";"-";"2020";2,00528057217339
"Social";"Saúde";"Postos e Centros de Saúde por 10.000 Habitantes";"Lago de Tucuruí";"Jacundá";"-";"2021";1,98291389196424
"Social";"Saúde";"Postos e Centros de Saúde por 10.000 Habitantes";"Lago de Tucuruí";"Jacundá";"-";"2022";3,18243297000557
"Social";"Saúde";"Postos e Centros de Saúde por 10.000 Habitantes";"Lago de Tucuruí";"Jacundá";"-";"2023";3,54098692364115
"Social";"Saúde";"Postos e Centros de Saúde por 10.000 Habitantes";"Lago de Tucuruí";"Jacundá";"-";"2024";3,64668802583939
"Social";"Saúde";"Postos e Centros de Saúde por 10.000 Habitantes";"Lago de Tucuruí";"Jacundá";"-";"2025";3,71096856279489
"Social";"Saúde";"Postos e Centros de Saúde por 10.000 Habitantes";"Baixo Amazonas";"Juruti";"-";"2010";1,91139616871257
"Social";"Saúde";"Postos e Centros de Saúde por 10.000 Habitantes";"Baixo Amazonas";"Juruti";"-";"2011";1,86312259346665
"Social";"Saúde";"Postos e Centros de Saúde por 10.000 Habitantes";"Baixo Amazonas";"Juruti";"-";"2012";2,22285090732733
"Social";"Saúde";"Postos e Centros de Saúde por 10.000 Habitantes";"Baixo Amazonas";"Juruti";"-";"2013";2,33086649962123
"Social";"Saúde";"Postos e Centros de Saúde por 10.000 Habitantes";"Baixo Amazonas";"Juruti";"-";"2014";2,65377689318548
"Social";"Saúde";"Postos e Centros de Saúde por 10.000 Habitantes";"Baixo Amazonas";"Juruti";"-";"2015";2,59312082090796
"Social";"Saúde";"Postos e Centros de Saúde por 10.000 Habitantes";"Baixo Amazonas";"Juruti";"-";"2016";2,53719712209355
"Social";"Saúde";"Postos e Centros de Saúde por 10.000 Habitantes";"Baixo Amazonas";"Juruti";"-";"2017";2,48557478917
"Social";"Saúde";"Postos e Centros de Saúde por 10.000 Habitantes";"Baixo Amazonas";"Juruti";"-";"2018";2,46011105644198
"Social";"Saúde";"Postos e Centros de Saúde por 10.000 Habitantes";"Baixo Amazonas";"Juruti";"-";"2019";2,41616761299898
"Social";"Saúde";"Postos e Centros de Saúde por 10.000 Habitantes";"Baixo Amazonas";"Juruti";"-";"2020";2,37449118046133
"Social";"Saúde";"Postos e Centros de Saúde por 10.000 Habitantes";"Baixo Amazonas";"Juruti";"-";"2021";2,50162605693701
"Social";"Saúde";"Postos e Centros de Saúde por 10.000 Habitantes";"Baixo Amazonas";"Juruti";"-";"2022";2,7515182484621
"Social";"Saúde";"Postos e Centros de Saúde por 10.000 Habitantes";"Baixo Amazonas";"Juruti";"-";"2023";2,60790194288695
"Social";"Saúde";"Postos e Centros de Saúde por 10.000 Habitantes";"Baixo Amazonas";"Juruti";"-";"2024";2,59489916963227
"Social";"Saúde";"Postos e Centros de Saúde por 10.000 Habitantes";"Baixo Amazonas";"Juruti";"-";"2025";2,58040733572943
"Social";"Saúde";"Postos e Centros de Saúde por 10.000 Habitantes";"Tocantins";"Limoeiro do Ajuru";"-";"2010";4,39630710203429
"Social";"Saúde";"Postos e Centros de Saúde por 10.000 Habitantes";"Tocantins";"Limoeiro do Ajuru";"-";"2011";6,28930817610063
"Social";"Saúde";"Postos e Centros de Saúde por 10.000 Habitantes";"Tocantins";"Limoeiro do Ajuru";"-";"2012";6,57742010369109
"Social";"Saúde";"Postos e Centros de Saúde por 10.000 Habitantes";"Tocantins";"Limoeiro do Ajuru";"-";"2013";6,40494310903474
"Social";"Saúde";"Postos e Centros de Saúde por 10.000 Habitantes";"Tocantins";"Limoeiro do Ajuru";"-";"2014";6,30540410222173
"Social";"Saúde";"Postos e Centros de Saúde por 10.000 Habitantes";"Tocantins";"Limoeiro do Ajuru";"-";"2015";6,21163402513885
"Social";"Saúde";"Postos e Centros de Saúde por 10.000 Habitantes";"Tocantins";"Limoeiro do Ajuru";"-";"2016";6,12391930835735
"Social";"Saúde";"Postos e Centros de Saúde por 10.000 Habitantes";"Tocantins";"Limoeiro do Ajuru";"-";"2017";6,04165185869642
"Social";"Saúde";"Postos e Centros de Saúde por 10.000 Habitantes";"Tocantins";"Limoeiro do Ajuru";"-";"2018";5,94759122555365
"Social";"Saúde";"Postos e Centros de Saúde por 10.000 Habitantes";"Tocantins";"Limoeiro do Ajuru";"-";"2019";6,22083981337481
"Social";"Saúde";"Postos e Centros de Saúde por 10.000 Habitantes";"Tocantins";"Limoeiro do Ajuru";"-";"2020";6,48862782596817
"Social";"Saúde";"Postos e Centros de Saúde por 10.000 Habitantes";"Tocantins";"Limoeiro do Ajuru";"-";"2021";6,41393511798265
"Social";"Saúde";"Postos e Centros de Saúde por 10.000 Habitantes";"Tocantins";"Limoeiro do Ajuru";"-";"2022";6,42564848320877
"Social";"Saúde";"Postos e Centros de Saúde por 10.000 Habitantes";"Tocantins";"Limoeiro do Ajuru";"-";"2023";6,37999234400919
"Social";"Saúde";"Postos e Centros de Saúde por 10.000 Habitantes";"Tocantins";"Limoeiro do Ajuru";"-";"2024";6,29366228208194
"Social";"Saúde";"Postos e Centros de Saúde por 10.000 Habitantes";"Tocantins";"Limoeiro do Ajuru";"-";"2025";6,232859636001
"Social";"Saúde";"Postos e Centros de Saúde por 10.000 Habitantes";"Rio Capim";"Mãe do Rio";"-";"2010";2,86697247706422
"Social";"Saúde";"Postos e Centros de Saúde por 10.000 Habitantes";"Rio Capim";"Mãe do Rio";"-";"2011";3,20284697508897
"Social";"Saúde";"Postos e Centros de Saúde por 10.000 Habitantes";"Rio Capim";"Mãe do Rio";"-";"2012";3,1813361611877
"Social";"Saúde";"Postos e Centros de Saúde por 10.000 Habitantes";"Rio Capim";"Mãe do Rio";"-";"2013";3,49210783628998
"Social";"Saúde";"Postos e Centros de Saúde por 10.000 Habitantes";"Rio Capim";"Mãe do Rio";"-";"2014";3,47222222222222
"Social";"Saúde";"Postos e Centros de Saúde por 10.000 Habitantes";"Rio Capim";"Mãe do Rio";"-";"2015";3,45315791291136
"Social";"Saúde";"Postos e Centros de Saúde por 10.000 Habitantes";"Rio Capim";"Mãe do Rio";"-";"2016";3,43500961802693
"Social";"Saúde";"Postos e Centros de Saúde por 10.000 Habitantes";"Rio Capim";"Mãe do Rio";"-";"2017";3,41763499658237
"Social";"Saúde";"Postos e Centros de Saúde por 10.000 Habitantes";"Rio Capim";"Mãe do Rio";"-";"2018";3,67683925527292
"Social";"Saúde";"Postos e Centros de Saúde por 10.000 Habitantes";"Rio Capim";"Mãe do Rio";"-";"2019";3,32479968081923
"Social";"Saúde";"Postos e Centros de Saúde por 10.000 Habitantes";"Rio Capim";"Mãe do Rio";"-";"2020";3,30742516950554
"Social";"Saúde";"Postos e Centros de Saúde por 10.000 Habitantes";"Rio Capim";"Mãe do Rio";"-";"2021";3,29066438513936
"Social";"Saúde";"Postos e Centros de Saúde por 10.000 Habitantes";"Rio Capim";"Mãe do Rio";"-";"2022";3,2020493115594
"Social";"Saúde";"Postos e Centros de Saúde por 10.000 Habitantes";"Rio Capim";"Mãe do Rio";"-";"2023";3,01659125188537
"Social";"Saúde";"Postos e Centros de Saúde por 10.000 Habitantes";"Rio Capim";"Mãe do Rio";"-";"2024";2,96912114014252
"Social";"Saúde";"Postos e Centros de Saúde por 10.000 Habitantes";"Rio Capim";"Mãe do Rio";"-";"2025";2,93544685506898
"Social";"Saúde";"Postos e Centros de Saúde por 10.000 Habitantes";"Guamá";"Magalhães Barata";"-";"2010";11,090573012939
"Social";"Saúde";"Postos e Centros de Saúde por 10.000 Habitantes";"Guamá";"Magalhães Barata";"-";"2011";11,0456553755523
"Social";"Saúde";"Postos e Centros de Saúde por 10.000 Habitantes";"Guamá";"Magalhães Barata";"-";"2012";11,0037901944003
"Social";"Saúde";"Postos e Centros de Saúde por 10.000 Habitantes";"Guamá";"Magalhães Barata";"-";"2013";10,9223300970874
"Social";"Saúde";"Postos e Centros de Saúde por 10.000 Habitantes";"Guamá";"Magalhães Barata";"-";"2014";10,8958837772397
"Social";"Saúde";"Postos e Centros de Saúde por 10.000 Habitantes";"Guamá";"Magalhães Barata";"-";"2015";10,8708781253775
"Social";"Saúde";"Postos e Centros de Saúde por 10.000 Habitantes";"Guamá";"Magalhães Barata";"-";"2016";12,0510966497951
"Social";"Saúde";"Postos e Centros de Saúde por 10.000 Habitantes";"Guamá";"Magalhães Barata";"-";"2017";14,4300144300144
"Social";"Saúde";"Postos e Centros de Saúde por 10.000 Habitantes";"Guamá";"Magalhães Barata";"-";"2018";12,9062536665493
"Social";"Saúde";"Postos e Centros de Saúde por 10.000 Habitantes";"Guamá";"Magalhães Barata";"-";"2019";12,8685072531586
"Social";"Saúde";"Postos e Centros de Saúde por 10.000 Habitantes";"Guamá";"Magalhães Barata";"-";"2020";11,6645281698355
"Social";"Saúde";"Postos e Centros de Saúde por 10.000 Habitantes";"Guamá";"Magalhães Barata";"-";"2021";11,6306117701791
"Social";"Saúde";"Postos e Centros de Saúde por 10.000 Habitantes";"Guamá";"Magalhães Barata";"-";"2022";12,3228589032656
"Social";"Saúde";"Postos e Centros de Saúde por 10.000 Habitantes";"Guamá";"Magalhães Barata";"-";"2023";10,6964582838127
"Social";"Saúde";"Postos e Centros de Saúde por 10.000 Habitantes";"Guamá";"Magalhães Barata";"-";"2024";10,6786900806834
"Social";"Saúde";"Postos e Centros de Saúde por 10.000 Habitantes";"Guamá";"Magalhães Barata";"-";"2025";11,8497452304775
"Social";"Saúde";"Postos e Centros de Saúde por 10.000 Habitantes";"Carajás";"Marabá";"-";"2010";0,855911567216875
"Social";"Saúde";"Postos e Centros de Saúde por 10.000 Habitantes";"Carajás";"Marabá";"-";"2011";0,837843725388341
"Social";"Saúde";"Postos e Centros de Saúde por 10.000 Habitantes";"Carajás";"Marabá";"-";"2012";0,821075362402138
"Social";"Saúde";"Postos e Centros de Saúde por 10.000 Habitantes";"Carajás";"Marabá";"-";"2013";0,794013140917482
"Social";"Saúde";"Postos e Centros de Saúde por 10.000 Habitantes";"Carajás";"Marabá";"-";"2014";0,778022422606219
"Social";"Saúde";"Postos e Centros de Saúde por 10.000 Habitantes";"Carajás";"Marabá";"-";"2015";0,801266764599271
"Social";"Saúde";"Postos e Centros de Saúde por 10.000 Habitantes";"Carajás";"Marabá";"-";"2016";0,824179940958746
"Social";"Saúde";"Postos e Centros de Saúde por 10.000 Habitantes";"Carajás";"Marabá";"-";"2017";0,810032622222877
"Social";"Saúde";"Postos e Centros de Saúde por 10.000 Habitantes";"Carajás";"Marabá";"-";"2018";0,799749896396036
"Social";"Saúde";"Postos e Centros de Saúde por 10.000 Habitantes";"Carajás";"Marabá";"-";"2019";0,787545328603288
"Social";"Saúde";"Postos e Centros de Saúde por 10.000 Habitantes";"Carajás";"Marabá";"-";"2020";0,811167305020068
"Social";"Saúde";"Postos e Centros de Saúde por 10.000 Habitantes";"Carajás";"Marabá";"-";"2021";0,834306691139663
"Social";"Saúde";"Postos e Centros de Saúde por 10.000 Habitantes";"Carajás";"Marabá";"-";"2022";0,937970157541468
"Social";"Saúde";"Postos e Centros de Saúde por 10.000 Habitantes";"Carajás";"Marabá";"-";"2023";0,87276789610571
"Social";"Saúde";"Postos e Centros de Saúde por 10.000 Habitantes";"Carajás";"Marabá";"-";"2024";0,866512080911432
"Social";"Saúde";"Postos e Centros de Saúde por 10.000 Habitantes";"Carajás";"Marabá";"-";"2025";0,859180341953776
"Social";"Saúde";"Postos e Centros de Saúde por 10.000 Habitantes";"Guamá";"Maracanã";"-";"2010";6,69579926698619
"Social";"Saúde";"Postos e Centros de Saúde por 10.000 Habitantes";"Guamá";"Maracanã";"-";"2011";6,68120120964906
"Social";"Saúde";"Postos e Centros de Saúde por 10.000 Habitantes";"Guamá";"Maracanã";"-";"2012";6,66713453575689
"Social";"Saúde";"Postos e Centros de Saúde por 10.000 Habitantes";"Guamá";"Maracanã";"-";"2013";6,98543536725926
"Social";"Saúde";"Postos e Centros de Saúde por 10.000 Habitantes";"Guamá";"Maracanã";"-";"2014";6,98250881541738
"Social";"Saúde";"Postos e Centros de Saúde por 10.000 Habitantes";"Guamá";"Maracanã";"-";"2015";6,97934115019542
"Social";"Saúde";"Postos e Centros de Saúde por 10.000 Habitantes";"Guamá";"Maracanã";"-";"2016";6,97641970140924
"Social";"Saúde";"Postos e Centros de Saúde por 10.000 Habitantes";"Guamá";"Maracanã";"-";"2017";6,97374385438823
"Social";"Saúde";"Postos e Centros de Saúde por 10.000 Habitantes";"Guamá";"Maracanã";"-";"2018";6,79601753372524
"Social";"Saúde";"Postos e Centros de Saúde por 10.000 Habitantes";"Guamá";"Maracanã";"-";"2019";6,78587181488142
"Social";"Saúde";"Postos e Centros de Saúde por 10.000 Habitantes";"Guamá";"Maracanã";"-";"2020";6,77598590594932
"Social";"Saúde";"Postos e Centros de Saúde por 10.000 Habitantes";"Guamá";"Maracanã";"-";"2021";6,76612875943029
"Social";"Saúde";"Postos e Centros de Saúde por 10.000 Habitantes";"Guamá";"Maracanã";"-";"2022";7,7008971545185
"Social";"Saúde";"Postos e Centros de Saúde por 10.000 Habitantes";"Guamá";"Maracanã";"-";"2023";7,2947441368494
"Social";"Saúde";"Postos e Centros de Saúde por 10.000 Habitantes";"Guamá";"Maracanã";"-";"2024";7,35104936229647
"Social";"Saúde";"Postos e Centros de Saúde por 10.000 Habitantes";"Guamá";"Maracanã";"-";"2025";7,37218474694976
"Social";"Saúde";"Postos e Centros de Saúde por 10.000 Habitantes";"Guamá";"Marapanim";"-";"2010";5,63803796278895
"Social";"Saúde";"Postos e Centros de Saúde por 10.000 Habitantes";"Guamá";"Marapanim";"-";"2011";5,60747663551402
"Social";"Saúde";"Postos e Centros de Saúde por 10.000 Habitantes";"Guamá";"Marapanim";"-";"2012";5,57828188917813
"Social";"Saúde";"Postos e Centros de Saúde por 10.000 Habitantes";"Guamá";"Marapanim";"-";"2013";5,52425146392664
"Social";"Saúde";"Postos e Centros de Saúde por 10.000 Habitantes";"Guamá";"Marapanim";"-";"2014";5,86897513021789
"Social";"Saúde";"Postos e Centros de Saúde por 10.000 Habitantes";"Guamá";"Marapanim";"-";"2015";5,84624378836597
"Social";"Saúde";"Postos e Centros de Saúde por 10.000 Habitantes";"Guamá";"Marapanim";"-";"2016";5,82432383240508
"Social";"Saúde";"Postos e Centros de Saúde por 10.000 Habitantes";"Guamá";"Marapanim";"-";"2017";5,44089375748123
"Social";"Saúde";"Postos e Centros de Saúde por 10.000 Habitantes";"Guamá";"Marapanim";"-";"2018";5,66973777462792
"Social";"Saúde";"Postos e Centros de Saúde por 10.000 Habitantes";"Guamá";"Marapanim";"-";"2019";6,35234330886505
"Social";"Saúde";"Postos e Centros de Saúde por 10.000 Habitantes";"Guamá";"Marapanim";"-";"2020";5,97539543057996
"Social";"Saúde";"Postos e Centros de Saúde por 10.000 Habitantes";"Guamá";"Marapanim";"-";"2021";6,65196232888702
"Social";"Saúde";"Postos e Centros de Saúde por 10.000 Habitantes";"Guamá";"Marapanim";"-";"2022";7,15011477815828
"Social";"Saúde";"Postos e Centros de Saúde por 10.000 Habitantes";"Guamá";"Marapanim";"-";"2023";6,76349138544781
"Social";"Saúde";"Postos e Centros de Saúde por 10.000 Habitantes";"Guamá";"Marapanim";"-";"2024";6,76036292474649
"Social";"Saúde";"Postos e Centros de Saúde por 10.000 Habitantes";"Guamá";"Marapanim";"-";"2025";8,16790368976171
"Social";"Saúde";"Postos e Centros de Saúde por 10.000 Habitantes";"Guajará";"Marituba";"-";"2010";1,29335033165198
"Social";"Saúde";"Postos e Centros de Saúde por 10.000 Habitantes";"Guajará";"Marituba";"-";"2011";1,26305912921095
"Social";"Saúde";"Postos e Centros de Saúde por 10.000 Habitantes";"Guajará";"Marituba";"-";"2012";1,23507979497675
"Social";"Saúde";"Postos e Centros de Saúde por 10.000 Habitantes";"Guajará";"Marituba";"-";"2013";1,19033448399
"Social";"Saúde";"Postos e Centros de Saúde por 10.000 Habitantes";"Guajará";"Marituba";"-";"2014";1,16370890652924
"Social";"Saúde";"Postos e Centros de Saúde por 10.000 Habitantes";"Guajará";"Marituba";"-";"2015";1,30170197533275
"Social";"Saúde";"Postos e Centros de Saúde por 10.000 Habitantes";"Guajará";"Marituba";"-";"2016";1,35528361302667
"Social";"Saúde";"Postos e Centros de Saúde por 10.000 Habitantes";"Guajará";"Marituba";"-";"2017";1,32960002502777
"Social";"Saúde";"Postos e Centros de Saúde por 10.000 Habitantes";"Guajará";"Marituba";"-";"2018";1,31455834705887
"Social";"Saúde";"Postos e Centros de Saúde por 10.000 Habitantes";"Guajará";"Marituba";"-";"2019";1,36860273264346
"Social";"Saúde";"Postos e Centros de Saúde por 10.000 Habitantes";"Guajará";"Marituba";"-";"2020";1,34644874144444
"Social";"Saúde";"Postos e Centros de Saúde por 10.000 Habitantes";"Guajará";"Marituba";"-";"2021";1,32536152917268
"Social";"Saúde";"Postos e Centros de Saúde por 10.000 Habitantes";"Guajará";"Marituba";"-";"2022";1,96806369369772
"Social";"Saúde";"Postos e Centros de Saúde por 10.000 Habitantes";"Guajará";"Marituba";"-";"2023";1,85178950203697
"Social";"Saúde";"Postos e Centros de Saúde por 10.000 Habitantes";"Guajará";"Marituba";"-";"2024";1,84877056757256
"Social";"Saúde";"Postos e Centros de Saúde por 10.000 Habitantes";"Guajará";"Marituba";"-";"2025";1,84197526729573
"Social";"Saúde";"Postos e Centros de Saúde por 10.000 Habitantes";"Xingu";"Medicilândia";"-";"2010";2,92740046838408
"Social";"Saúde";"Postos e Centros de Saúde por 10.000 Habitantes";"Xingu";"Medicilândia";"-";"2011";2,87925139463739
"Social";"Saúde";"Postos e Centros de Saúde por 10.000 Habitantes";"Xingu";"Medicilândia";"-";"2012";3,18843660325221
"Social";"Saúde";"Postos e Centros de Saúde por 10.000 Habitantes";"Xingu";"Medicilândia";"-";"2013";3,10484010073481
"Social";"Saúde";"Postos e Centros de Saúde por 10.000 Habitantes";"Xingu";"Medicilândia";"-";"2014";3,05664991169678
"Social";"Saúde";"Postos e Centros de Saúde por 10.000 Habitantes";"Xingu";"Medicilândia";"-";"2015";3,01134272426138
"Social";"Saúde";"Postos e Centros de Saúde por 10.000 Habitantes";"Xingu";"Medicilândia";"-";"2016";3,2986970146792
"Social";"Saúde";"Postos e Centros de Saúde por 10.000 Habitantes";"Xingu";"Medicilândia";"-";"2017";3,25457267460782
"Social";"Saúde";"Postos e Centros de Saúde por 10.000 Habitantes";"Xingu";"Medicilândia";"-";"2018";2,56303463300548
"Social";"Saúde";"Postos e Centros de Saúde por 10.000 Habitantes";"Xingu";"Medicilândia";"-";"2019";2,53188593853847
"Social";"Saúde";"Postos e Centros de Saúde por 10.000 Habitantes";"Xingu";"Medicilândia";"-";"2020";2,50195465207193
"Social";"Saúde";"Postos e Centros de Saúde por 10.000 Habitantes";"Xingu";"Medicilândia";"-";"2021";2,4731814387733
"Social";"Saúde";"Postos e Centros de Saúde por 10.000 Habitantes";"Xingu";"Medicilândia";"-";"2022";2,95268325090426
"Social";"Saúde";"Postos e Centros de Saúde por 10.000 Habitantes";"Xingu";"Medicilândia";"-";"2023";2,78833083545363
"Social";"Saúde";"Postos e Centros de Saúde por 10.000 Habitantes";"Xingu";"Medicilândia";"-";"2024";2,44473160339468
"Social";"Saúde";"Postos e Centros de Saúde por 10.000 Habitantes";"Xingu";"Medicilândia";"-";"2025";2,44098057676884
"Social";"Saúde";"Postos e Centros de Saúde por 10.000 Habitantes";"Marajó";"Melgaço";"-";"2010";3,62786198000645
"Social";"Saúde";"Postos e Centros de Saúde por 10.000 Habitantes";"Marajó";"Melgaço";"-";"2011";3,58622888109659
"Social";"Saúde";"Postos e Centros de Saúde por 10.000 Habitantes";"Marajó";"Melgaço";"-";"2012";3,54693781035706
"Social";"Saúde";"Postos e Centros de Saúde por 10.000 Habitantes";"Marajó";"Melgaço";"-";"2013";3,09358081979892
"Social";"Saúde";"Postos e Centros de Saúde por 10.000 Habitantes";"Marajó";"Melgaço";"-";"2014";3,0612635365247
"Social";"Saúde";"Postos e Centros de Saúde por 10.000 Habitantes";"Marajó";"Melgaço";"-";"2015";3,03064742205554
"Social";"Saúde";"Postos e Centros de Saúde por 10.000 Habitantes";"Marajó";"Melgaço";"-";"2016";3,0016509079994
"Social";"Saúde";"Postos e Centros de Saúde por 10.000 Habitantes";"Marajó";"Melgaço";"-";"2017";3,7178867531695
"Social";"Saúde";"Postos e Centros de Saúde por 10.000 Habitantes";"Marajó";"Melgaço";"-";"2018";3,64763815429509
"Social";"Saúde";"Postos e Centros de Saúde por 10.000 Habitantes";"Marajó";"Melgaço";"-";"2019";3,61611340131627
"Social";"Saúde";"Postos e Centros de Saúde por 10.000 Habitantes";"Marajó";"Melgaço";"-";"2020";3,58551452133381
"Social";"Saúde";"Postos e Centros de Saúde por 10.000 Habitantes";"Marajó";"Melgaço";"-";"2021";3,55606130649692
"Social";"Saúde";"Postos e Centros de Saúde por 10.000 Habitantes";"Marajó";"Melgaço";"-";"2022";3,58667192711883
"Social";"Saúde";"Postos e Centros de Saúde por 10.000 Habitantes";"Marajó";"Melgaço";"-";"2023";3,38283549270999
"Social";"Saúde";"Postos e Centros de Saúde por 10.000 Habitantes";"Marajó";"Melgaço";"-";"2024";3,35053273470482
"Social";"Saúde";"Postos e Centros de Saúde por 10.000 Habitantes";"Marajó";"Melgaço";"-";"2025";3,32446808510638
"Social";"Saúde";"Postos e Centros de Saúde por 10.000 Habitantes";"Tocantins";"Mocajuba";"-";"2010";4,48916987767012
"Social";"Saúde";"Postos e Centros de Saúde por 10.000 Habitantes";"Tocantins";"Mocajuba";"-";"2011";4,41062961737788
"Social";"Saúde";"Postos e Centros de Saúde por 10.000 Habitantes";"Tocantins";"Mocajuba";"-";"2012";4,33745391455216
"Social";"Saúde";"Postos e Centros de Saúde por 10.000 Habitantes";"Tocantins";"Mocajuba";"-";"2013";3,86588880298025
"Social";"Saúde";"Postos e Centros de Saúde por 10.000 Habitantes";"Tocantins";"Mocajuba";"-";"2014";3,80188711851519
"Social";"Saúde";"Postos e Centros de Saúde por 10.000 Habitantes";"Tocantins";"Mocajuba";"-";"2015";3,7417511395333
"Social";"Saúde";"Postos e Centros de Saúde por 10.000 Habitantes";"Tocantins";"Mocajuba";"-";"2016";3,6855860081753
"Social";"Saúde";"Postos e Centros de Saúde por 10.000 Habitantes";"Tocantins";"Mocajuba";"-";"2017";3,30283713710077
"Social";"Saúde";"Postos e Centros de Saúde por 10.000 Habitantes";"Tocantins";"Mocajuba";"-";"2018";3,25351379489849
"Social";"Saúde";"Postos e Centros de Saúde por 10.000 Habitantes";"Tocantins";"Mocajuba";"-";"2019";2,89054470709147
"Social";"Saúde";"Postos e Centros de Saúde por 10.000 Habitantes";"Tocantins";"Mocajuba";"-";"2020";2,85442435775452
"Social";"Saúde";"Postos e Centros de Saúde por 10.000 Habitantes";"Tocantins";"Mocajuba";"-";"2021";3,13312654698123
"Social";"Saúde";"Postos e Centros de Saúde por 10.000 Habitantes";"Tocantins";"Mocajuba";"-";"2022";3,67674093683359
"Social";"Saúde";"Postos e Centros de Saúde por 10.000 Habitantes";"Tocantins";"Mocajuba";"-";"2023";3,47198111242275
"Social";"Saúde";"Postos e Centros de Saúde por 10.000 Habitantes";"Tocantins";"Mocajuba";"-";"2024";3,46969223829846
"Social";"Saúde";"Postos e Centros de Saúde por 10.000 Habitantes";"Tocantins";"Mocajuba";"-";"2025";3,45984845863751
"Social";"Saúde";"Postos e Centros de Saúde por 10.000 Habitantes";"Tocantins";"Moju";"-";"2010";2,28512668171042
"Social";"Saúde";"Postos e Centros de Saúde por 10.000 Habitantes";"Tocantins";"Moju";"-";"2011";2,24312691892498
"Social";"Saúde";"Postos e Centros de Saúde por 10.000 Habitantes";"Tocantins";"Moju";"-";"2012";2,20394782153532
"Social";"Saúde";"Postos e Centros de Saúde por 10.000 Habitantes";"Tocantins";"Moju";"-";"2013";1,87245880590627
"Social";"Saúde";"Postos e Centros de Saúde por 10.000 Habitantes";"Tocantins";"Moju";"-";"2014";1,83978132884777
"Social";"Saúde";"Postos e Centros de Saúde por 10.000 Habitantes";"Tocantins";"Moju";"-";"2015";1,67991212767332
"Social";"Saúde";"Postos e Centros de Saúde por 10.000 Habitantes";"Tocantins";"Moju";"-";"2016";1,5261544722685
"Social";"Saúde";"Postos e Centros de Saúde por 10.000 Habitantes";"Tocantins";"Moju";"-";"2017";1,37801440651425
"Social";"Saúde";"Postos e Centros de Saúde por 10.000 Habitantes";"Tocantins";"Moju";"-";"2018";1,23475082728305
"Social";"Saúde";"Postos e Centros de Saúde por 10.000 Habitantes";"Tocantins";"Moju";"-";"2019";1,21811581845202
"Social";"Saúde";"Postos e Centros de Saúde por 10.000 Habitantes";"Tocantins";"Moju";"-";"2020";1,08196484816427
"Social";"Saúde";"Postos e Centros de Saúde por 10.000 Habitantes";"Tocantins";"Moju";"-";"2021";1,54300839159179
"Social";"Saúde";"Postos e Centros de Saúde por 10.000 Habitantes";"Tocantins";"Moju";"-";"2022";1,66480367208124
"Social";"Saúde";"Postos e Centros de Saúde por 10.000 Habitantes";"Tocantins";"Moju";"-";"2023";1,56470035988108
"Social";"Saúde";"Postos e Centros de Saúde por 10.000 Habitantes";"Tocantins";"Moju";"-";"2024";1,76221157552729
"Social";"Saúde";"Postos e Centros de Saúde por 10.000 Habitantes";"Tocantins";"Moju";"-";"2025";1,63469921534438
"Social";"Saúde";"Postos e Centros de Saúde por 10.000 Habitantes";"Baixo Amazonas";"Mojuí dos campos";"-";"2010";0
"Social";"Saúde";"Postos e Centros de Saúde por 10.000 Habitantes";"Baixo Amazonas";"Mojuí dos campos";"-";"2011";0
"Social";"Saúde";"Postos e Centros de Saúde por 10.000 Habitantes";"Baixo Amazonas";"Mojuí dos campos";"-";"2012";0
"Social";"Saúde";"Postos e Centros de Saúde por 10.000 Habitantes";"Baixo Amazonas";"Mojuí dos campos";"-";"2013";0
"Social";"Saúde";"Postos e Centros de Saúde por 10.000 Habitantes";"Baixo Amazonas";"Mojuí dos campos";"-";"2014";6,51847989048954
"Social";"Saúde";"Postos e Centros de Saúde por 10.000 Habitantes";"Baixo Amazonas";"Mojuí dos campos";"-";"2015";6,47416806940308
"Social";"Saúde";"Postos e Centros de Saúde por 10.000 Habitantes";"Baixo Amazonas";"Mojuí dos campos";"-";"2016";7,71803447388732
"Social";"Saúde";"Postos e Centros de Saúde por 10.000 Habitantes";"Baixo Amazonas";"Mojuí dos campos";"-";"2017";7,66969193404065
"Social";"Saúde";"Postos e Centros de Saúde por 10.000 Habitantes";"Baixo Amazonas";"Mojuí dos campos";"-";"2018";8,13415091978476
"Social";"Saúde";"Postos e Centros de Saúde por 10.000 Habitantes";"Baixo Amazonas";"Mojuí dos campos";"-";"2019";8,08256652573987
"Social";"Saúde";"Postos e Centros de Saúde por 10.000 Habitantes";"Baixo Amazonas";"Mojuí dos campos";"-";"2020";8,03262481463173
"Social";"Saúde";"Postos e Centros de Saúde por 10.000 Habitantes";"Baixo Amazonas";"Mojuí dos campos";"-";"2021";9,21262744134627
"Social";"Saúde";"Postos e Centros de Saúde por 10.000 Habitantes";"Baixo Amazonas";"Mojuí dos campos";"-";"2022";4,68065188715374
"Social";"Saúde";"Postos e Centros de Saúde por 10.000 Habitantes";"Baixo Amazonas";"Mojuí dos campos";"-";"2023";4,4951166687099
"Social";"Saúde";"Postos e Centros de Saúde por 10.000 Habitantes";"Baixo Amazonas";"Mojuí dos campos";"-";"2024";4,34576485461441
"Social";"Saúde";"Postos e Centros de Saúde por 10.000 Habitantes";"Baixo Amazonas";"Mojuí dos campos";"-";"2025";4,26059338446045
"Social";"Saúde";"Postos e Centros de Saúde por 10.000 Habitantes";"Baixo Amazonas";"Monte Alegre";"-";"2010";7,39244888392052
"Social";"Saúde";"Postos e Centros de Saúde por 10.000 Habitantes";"Baixo Amazonas";"Monte Alegre";"-";"2011";6,29089079013588
"Social";"Saúde";"Postos e Centros de Saúde por 10.000 Habitantes";"Baixo Amazonas";"Monte Alegre";"-";"2012";6,4511504551645
"Social";"Saúde";"Postos e Centros de Saúde por 10.000 Habitantes";"Baixo Amazonas";"Monte Alegre";"-";"2013";6,23363670365291
"Social";"Saúde";"Postos e Centros de Saúde por 10.000 Habitantes";"Baixo Amazonas";"Monte Alegre";"-";"2014";6,402162508225
"Social";"Saúde";"Postos e Centros de Saúde por 10.000 Habitantes";"Baixo Amazonas";"Monte Alegre";"-";"2015";5,32746128711465
"Social";"Saúde";"Postos e Centros de Saúde por 10.000 Habitantes";"Baixo Amazonas";"Monte Alegre";"-";"2016";5,31999787200085
"Social";"Saúde";"Postos e Centros de Saúde por 10.000 Habitantes";"Baixo Amazonas";"Monte Alegre";"-";"2017";5,31293167569865
"Social";"Saúde";"Postos e Centros de Saúde por 10.000 Habitantes";"Baixo Amazonas";"Monte Alegre";"-";"2018";5,00863557858376
"Social";"Saúde";"Postos e Centros de Saúde por 10.000 Habitantes";"Baixo Amazonas";"Monte Alegre";"-";"2019";4,82492417976289
"Social";"Saúde";"Postos e Centros de Saúde por 10.000 Habitantes";"Baixo Amazonas";"Monte Alegre";"-";"2020";4,81413981637495
"Social";"Saúde";"Postos e Centros de Saúde por 10.000 Habitantes";"Baixo Amazonas";"Monte Alegre";"-";"2021";4,46053286211807
"Social";"Saúde";"Postos e Centros de Saúde por 10.000 Habitantes";"Baixo Amazonas";"Monte Alegre";"-";"2022";4,49910017996401
"Social";"Saúde";"Postos e Centros de Saúde por 10.000 Habitantes";"Baixo Amazonas";"Monte Alegre";"-";"2023";4,26526807999747
"Social";"Saúde";"Postos e Centros de Saúde por 10.000 Habitantes";"Baixo Amazonas";"Monte Alegre";"-";"2024";4,2425480429283
"Social";"Saúde";"Postos e Centros de Saúde por 10.000 Habitantes";"Baixo Amazonas";"Monte Alegre";"-";"2025";4,21861816818224
"Social";"Saúde";"Postos e Centros de Saúde por 10.000 Habitantes";"Marajó";"Muaná";"-";"2010";3,21599812887382
"Social";"Saúde";"Postos e Centros de Saúde por 10.000 Habitantes";"Marajó";"Muaná";"-";"2011";3,15412186379928
"Social";"Saúde";"Postos e Centros de Saúde por 10.000 Habitantes";"Marajó";"Muaná";"-";"2012";3,09649814210111
"Social";"Saúde";"Postos e Centros de Saúde por 10.000 Habitantes";"Marajó";"Muaná";"-";"2013";3,00283904782704
"Social";"Saúde";"Postos e Centros de Saúde por 10.000 Habitantes";"Marajó";"Muaná";"-";"2014";2,9479551910811
"Social";"Saúde";"Postos e Centros de Saúde por 10.000 Habitantes";"Marajó";"Muaná";"-";"2015";2,89648998077784
"Social";"Saúde";"Postos e Centros de Saúde por 10.000 Habitantes";"Marajó";"Muaná";"-";"2016";2,84856018230785
"Social";"Saúde";"Postos e Centros de Saúde por 10.000 Habitantes";"Marajó";"Muaná";"-";"2017";2,80390507506819
"Social";"Saúde";"Postos e Centros de Saúde por 10.000 Habitantes";"Marajó";"Muaná";"-";"2018";2,76500012568182
"Social";"Saúde";"Postos e Centros de Saúde por 10.000 Habitantes";"Marajó";"Muaná";"-";"2019";2,72621378472825
"Social";"Saúde";"Postos e Centros de Saúde por 10.000 Habitantes";"Marajó";"Muaná";"-";"2020";2,68909206473378
"Social";"Saúde";"Postos e Centros de Saúde por 10.000 Habitantes";"Marajó";"Muaná";"-";"2021";2,65354368697834
"Social";"Saúde";"Postos e Centros de Saúde por 10.000 Habitantes";"Marajó";"Muaná";"-";"2022";2,42461646975842
"Social";"Saúde";"Postos e Centros de Saúde por 10.000 Habitantes";"Marajó";"Muaná";"-";"2023";2,29597161344187
"Social";"Saúde";"Postos e Centros de Saúde por 10.000 Habitantes";"Marajó";"Muaná";"-";"2024";2,24696149525074
"Social";"Saúde";"Postos e Centros de Saúde por 10.000 Habitantes";"Marajó";"Muaná";"-";"2025";3,42410570415727
"Social";"Saúde";"Postos e Centros de Saúde por 10.000 Habitantes";"Rio Capim";"Nova Esperança do Piriá";"-";"2010";3,47256672288918
"Social";"Saúde";"Postos e Centros de Saúde por 10.000 Habitantes";"Rio Capim";"Nova Esperança do Piriá";"-";"2011";3,45576619273302
"Social";"Saúde";"Postos e Centros de Saúde por 10.000 Habitantes";"Rio Capim";"Nova Esperança do Piriá";"-";"2012";2,94840294840295
"Social";"Saúde";"Postos e Centros de Saúde por 10.000 Habitantes";"Rio Capim";"Nova Esperança do Piriá";"-";"2013";2,9228371005456
"Social";"Saúde";"Postos e Centros de Saúde por 10.000 Habitantes";"Rio Capim";"Nova Esperança do Piriá";"-";"2014";1,94212468440474
"Social";"Saúde";"Postos e Centros de Saúde por 10.000 Habitantes";"Rio Capim";"Nova Esperança do Piriá";"-";"2015";2,90374098630402
"Social";"Saúde";"Postos e Centros de Saúde por 10.000 Habitantes";"Rio Capim";"Nova Esperança do Piriá";"-";"2016";2,8947749312491
"Social";"Saúde";"Postos e Centros de Saúde por 10.000 Habitantes";"Rio Capim";"Nova Esperança do Piriá";"-";"2017";2,88614170955794
"Social";"Saúde";"Postos e Centros de Saúde por 10.000 Habitantes";"Rio Capim";"Nova Esperança do Piriá";"-";"2018";2,81809215161336
"Social";"Saúde";"Postos e Centros de Saúde por 10.000 Habitantes";"Rio Capim";"Nova Esperança do Piriá";"-";"2019";2,80793710220891
"Social";"Saúde";"Postos e Centros de Saúde por 10.000 Habitantes";"Rio Capim";"Nova Esperança do Piriá";"-";"2020";2,79798545047566
"Social";"Saúde";"Postos e Centros de Saúde por 10.000 Habitantes";"Rio Capim";"Nova Esperança do Piriá";"-";"2021";2,7882336539802
"Social";"Saúde";"Postos e Centros de Saúde por 10.000 Habitantes";"Rio Capim";"Nova Esperança do Piriá";"-";"2022";3,9066315069831
"Social";"Saúde";"Postos e Centros de Saúde por 10.000 Habitantes";"Rio Capim";"Nova Esperança do Piriá";"-";"2023";3,29040142897433
"Social";"Saúde";"Postos e Centros de Saúde por 10.000 Habitantes";"Rio Capim";"Nova Esperança do Piriá";"-";"2024";3,76311209370149
"Social";"Saúde";"Postos e Centros de Saúde por 10.000 Habitantes";"Rio Capim";"Nova Esperança do Piriá";"-";"2025";3,75516334960571
"Social";"Saúde";"Postos e Centros de Saúde por 10.000 Habitantes";"Lago de Tucuruí";"Nova Ipixuna";"-";"2010";2,73130761351997
"Social";"Saúde";"Postos e Centros de Saúde por 10.000 Habitantes";"Lago de Tucuruí";"Nova Ipixuna";"-";"2011";2,6919711959082
"Social";"Saúde";"Postos e Centros de Saúde por 10.000 Habitantes";"Lago de Tucuruí";"Nova Ipixuna";"-";"2012";2,65516096913375
"Social";"Saúde";"Postos e Centros de Saúde por 10.000 Habitantes";"Lago de Tucuruí";"Nova Ipixuna";"-";"2013";2,59369731552328
"Social";"Saúde";"Postos e Centros de Saúde por 10.000 Habitantes";"Lago de Tucuruí";"Nova Ipixuna";"-";"2014";2,55885363357216
"Social";"Saúde";"Postos e Centros de Saúde por 10.000 Habitantes";"Lago de Tucuruí";"Nova Ipixuna";"-";"2015";2,52589037635767
"Social";"Saúde";"Postos e Centros de Saúde por 10.000 Habitantes";"Lago de Tucuruí";"Nova Ipixuna";"-";"2016";3,74251497005988
"Social";"Saúde";"Postos e Centros de Saúde por 10.000 Habitantes";"Lago de Tucuruí";"Nova Ipixuna";"-";"2017";3,08242401824795
"Social";"Saúde";"Postos e Centros de Saúde por 10.000 Habitantes";"Lago de Tucuruí";"Nova Ipixuna";"-";"2018";3,0304866961634
"Social";"Saúde";"Postos e Centros de Saúde por 10.000 Habitantes";"Lago de Tucuruí";"Nova Ipixuna";"-";"2019";2,99796138625734
"Social";"Saúde";"Postos e Centros de Saúde por 10.000 Habitantes";"Lago de Tucuruí";"Nova Ipixuna";"-";"2020";3,55998576005696
"Social";"Saúde";"Postos e Centros de Saúde por 10.000 Habitantes";"Lago de Tucuruí";"Nova Ipixuna";"-";"2021";3,52381511716685
"Social";"Saúde";"Postos e Centros de Saúde por 10.000 Habitantes";"Lago de Tucuruí";"Nova Ipixuna";"-";"2022";4,29953421712648
"Social";"Saúde";"Postos e Centros de Saúde por 10.000 Habitantes";"Lago de Tucuruí";"Nova Ipixuna";"-";"2023";3,43855305687367
"Social";"Saúde";"Postos e Centros de Saúde por 10.000 Habitantes";"Lago de Tucuruí";"Nova Ipixuna";"-";"2024";3,46812790455712
"Social";"Saúde";"Postos e Centros de Saúde por 10.000 Habitantes";"Lago de Tucuruí";"Nova Ipixuna";"-";"2025";3,47222222222222
"Social";"Saúde";"Postos e Centros de Saúde por 10.000 Habitantes";"Rio Caeté";"Nova Timboteua";"-";"2010";4,38917337234821
"Social";"Saúde";"Postos e Centros de Saúde por 10.000 Habitantes";"Rio Caeté";"Nova Timboteua";"-";"2011";4,33400751227969
"Social";"Saúde";"Postos e Centros de Saúde por 10.000 Habitantes";"Rio Caeté";"Nova Timboteua";"-";"2012";4,28204396231801
"Social";"Saúde";"Postos e Centros de Saúde por 10.000 Habitantes";"Rio Caeté";"Nova Timboteua";"-";"2013";4,19433764418036
"Social";"Saúde";"Postos e Centros de Saúde por 10.000 Habitantes";"Rio Caeté";"Nova Timboteua";"-";"2014";4,83692647871752
"Social";"Saúde";"Postos e Centros de Saúde por 10.000 Habitantes";"Rio Caeté";"Nova Timboteua";"-";"2015";4,78305432183123
"Social";"Saúde";"Postos e Centros de Saúde por 10.000 Habitantes";"Rio Caeté";"Nova Timboteua";"-";"2016";6,76086809546346
"Social";"Saúde";"Postos e Centros de Saúde por 10.000 Habitantes";"Rio Caeté";"Nova Timboteua";"-";"2017";6,69254450542096
"Social";"Saúde";"Postos e Centros de Saúde por 10.000 Habitantes";"Rio Caeté";"Nova Timboteua";"-";"2018";6,57116572479958
"Social";"Saúde";"Postos e Centros de Saúde por 10.000 Habitantes";"Rio Caeté";"Nova Timboteua";"-";"2019";6,50914534921565
"Social";"Saúde";"Postos e Centros de Saúde por 10.000 Habitantes";"Rio Caeté";"Nova Timboteua";"-";"2020";6,44911647104347
"Social";"Saúde";"Postos e Centros de Saúde por 10.000 Habitantes";"Rio Caeté";"Nova Timboteua";"-";"2021";6,39140994503387
"Social";"Saúde";"Postos e Centros de Saúde por 10.000 Habitantes";"Rio Caeté";"Nova Timboteua";"-";"2022";7,80883960643448
"Social";"Saúde";"Postos e Centros de Saúde por 10.000 Habitantes";"Rio Caeté";"Nova Timboteua";"-";"2023";7,52445447705041
"Social";"Saúde";"Postos e Centros de Saúde por 10.000 Habitantes";"Rio Caeté";"Nova Timboteua";"-";"2024";7,57346258709482
"Social";"Saúde";"Postos e Centros de Saúde por 10.000 Habitantes";"Rio Caeté";"Nova Timboteua";"-";"2025";7,59013282732448
"Social";"Saúde";"Postos e Centros de Saúde por 10.000 Habitantes";"Tapajós";"Novo Progresso";"-";"2010";5,57236108899857
"Social";"Saúde";"Postos e Centros de Saúde por 10.000 Habitantes";"Tapajós";"Novo Progresso";"-";"2011";5,96706181876044
"Social";"Saúde";"Postos e Centros de Saúde por 10.000 Habitantes";"Tapajós";"Novo Progresso";"-";"2012";6,36157608047394
"Social";"Saúde";"Postos e Centros de Saúde por 10.000 Habitantes";"Tapajós";"Novo Progresso";"-";"2013";6,34845058128001
"Social";"Saúde";"Postos e Centros de Saúde por 10.000 Habitantes";"Tapajós";"Novo Progresso";"-";"2014";6,35702650085423
"Social";"Saúde";"Postos e Centros de Saúde por 10.000 Habitantes";"Tapajós";"Novo Progresso";"-";"2015";4,77421921623235
"Social";"Saúde";"Postos e Centros de Saúde por 10.000 Habitantes";"Tapajós";"Novo Progresso";"-";"2016";4,78049557804159
"Social";"Saúde";"Postos e Centros de Saúde por 10.000 Habitantes";"Tapajós";"Novo Progresso";"-";"2017";5,58414103944797
"Social";"Saúde";"Postos e Centros de Saúde por 10.000 Habitantes";"Tapajós";"Novo Progresso";"-";"2018";5,43520459663017
"Social";"Saúde";"Postos e Centros de Saúde por 10.000 Habitantes";"Tapajós";"Novo Progresso";"-";"2019";5,43436068628212
"Social";"Saúde";"Postos e Centros de Saúde por 10.000 Habitantes";"Tapajós";"Novo Progresso";"-";"2020";5,433517037957
"Social";"Saúde";"Postos e Centros de Saúde por 10.000 Habitantes";"Tapajós";"Novo Progresso";"-";"2021";5,4328844735923
"Social";"Saúde";"Postos e Centros de Saúde por 10.000 Habitantes";"Tapajós";"Novo Progresso";"-";"2022";3,56739401866936
"Social";"Saúde";"Postos e Centros de Saúde por 10.000 Habitantes";"Tapajós";"Novo Progresso";"-";"2023";3,08806602846635
"Social";"Saúde";"Postos e Centros de Saúde por 10.000 Habitantes";"Tapajós";"Novo Progresso";"-";"2024";3,01221315515636
"Social";"Saúde";"Postos e Centros de Saúde por 10.000 Habitantes";"Tapajós";"Novo Progresso";"-";"2025";2,96864036271388
"Social";"Saúde";"Postos e Centros de Saúde por 10.000 Habitantes";"Lago de Tucuruí";"Novo Repartimento";"-";"2010";2,09508460918614
"Social";"Saúde";"Postos e Centros de Saúde por 10.000 Habitantes";"Lago de Tucuruí";"Novo Repartimento";"-";"2011";2,04389661027608
"Social";"Saúde";"Postos e Centros de Saúde por 10.000 Habitantes";"Lago de Tucuruí";"Novo Repartimento";"-";"2012";2,15033944644119
"Social";"Saúde";"Postos e Centros de Saúde por 10.000 Habitantes";"Lago de Tucuruí";"Novo Repartimento";"-";"2013";3,69538225033997
"Social";"Saúde";"Postos e Centros de Saúde por 10.000 Habitantes";"Lago de Tucuruí";"Novo Repartimento";"-";"2014";3,75359117617336
"Social";"Saúde";"Postos e Centros de Saúde por 10.000 Habitantes";"Lago de Tucuruí";"Novo Repartimento";"-";"2015";3,24698242394297
"Social";"Saúde";"Postos e Centros de Saúde por 10.000 Habitantes";"Lago de Tucuruí";"Novo Repartimento";"-";"2016";3,31734557065255
"Social";"Saúde";"Postos e Centros de Saúde por 10.000 Habitantes";"Lago de Tucuruí";"Novo Repartimento";"-";"2017";3,2519443917509
"Social";"Saúde";"Postos e Centros de Saúde por 10.000 Habitantes";"Lago de Tucuruí";"Novo Repartimento";"-";"2018";2,94898260100265
"Social";"Saúde";"Postos e Centros de Saúde por 10.000 Habitantes";"Lago de Tucuruí";"Novo Repartimento";"-";"2019";2,63438664892846
"Social";"Saúde";"Postos e Centros de Saúde por 10.000 Habitantes";"Lago de Tucuruí";"Novo Repartimento";"-";"2020";2,71971404149507
"Social";"Saúde";"Postos e Centros de Saúde por 10.000 Habitantes";"Lago de Tucuruí";"Novo Repartimento";"-";"2021";2,67556823973091
"Social";"Saúde";"Postos e Centros de Saúde por 10.000 Habitantes";"Lago de Tucuruí";"Novo Repartimento";"-";"2022";3,62247250214055
"Social";"Saúde";"Postos e Centros de Saúde por 10.000 Habitantes";"Lago de Tucuruí";"Novo Repartimento";"-";"2023";3,42727173591313
"Social";"Saúde";"Postos e Centros de Saúde por 10.000 Habitantes";"Lago de Tucuruí";"Novo Repartimento";"-";"2024";3,76446968033378
"Social";"Saúde";"Postos e Centros de Saúde por 10.000 Habitantes";"Lago de Tucuruí";"Novo Repartimento";"-";"2025";3,91874098689573
"Social";"Saúde";"Postos e Centros de Saúde por 10.000 Habitantes";"Baixo Amazonas";"Óbidos";"-";"2010";2,43244886789776
"Social";"Saúde";"Postos e Centros de Saúde por 10.000 Habitantes";"Baixo Amazonas";"Óbidos";"-";"2011";2,4216984178237
"Social";"Saúde";"Postos e Centros de Saúde por 10.000 Habitantes";"Baixo Amazonas";"Óbidos";"-";"2012";2,81333520889014
"Social";"Saúde";"Postos e Centros de Saúde por 10.000 Habitantes";"Baixo Amazonas";"Óbidos";"-";"2013";2,98977496960395
"Social";"Saúde";"Postos e Centros de Saúde por 10.000 Habitantes";"Baixo Amazonas";"Óbidos";"-";"2014";3,17983981556929
"Social";"Saúde";"Postos e Centros de Saúde por 10.000 Habitantes";"Baixo Amazonas";"Óbidos";"-";"2015";3,17089121861313
"Social";"Saúde";"Postos e Centros de Saúde por 10.000 Habitantes";"Baixo Amazonas";"Óbidos";"-";"2016";3,1623053205787
"Social";"Saúde";"Postos e Centros de Saúde por 10.000 Habitantes";"Baixo Amazonas";"Óbidos";"-";"2017";3,15413882153488
"Social";"Saúde";"Postos e Centros de Saúde por 10.000 Habitantes";"Baixo Amazonas";"Óbidos";"-";"2018";3,07905473019783
"Social";"Saúde";"Postos e Centros de Saúde por 10.000 Habitantes";"Baixo Amazonas";"Óbidos";"-";"2019";3,26064023630052
"Social";"Saúde";"Postos e Centros de Saúde por 10.000 Habitantes";"Baixo Amazonas";"Óbidos";"-";"2020";3,25010515046075
"Social";"Saúde";"Postos e Centros de Saúde por 10.000 Habitantes";"Baixo Amazonas";"Óbidos";"-";"2021";3,04918720103672
"Social";"Saúde";"Postos e Centros de Saúde por 10.000 Habitantes";"Baixo Amazonas";"Óbidos";"-";"2022";3,06343219284306
"Social";"Saúde";"Postos e Centros de Saúde por 10.000 Habitantes";"Baixo Amazonas";"Óbidos";"-";"2023";2,9034950822052
"Social";"Saúde";"Postos e Centros de Saúde por 10.000 Habitantes";"Baixo Amazonas";"Óbidos";"-";"2024";2,89482730545856
"Social";"Saúde";"Postos e Centros de Saúde por 10.000 Habitantes";"Baixo Amazonas";"Óbidos";"-";"2025";2,88148108127578
"Social";"Saúde";"Postos e Centros de Saúde por 10.000 Habitantes";"Marajó";"Oeiras do Pará";"-";"2010";4,54624934429096
"Social";"Saúde";"Postos e Centros de Saúde por 10.000 Habitantes";"Marajó";"Oeiras do Pará";"-";"2011";4,82675400792967
"Social";"Saúde";"Postos e Centros de Saúde por 10.000 Habitantes";"Marajó";"Oeiras do Pará";"-";"2012";4,76158084484049
"Social";"Saúde";"Postos e Centros de Saúde por 10.000 Habitantes";"Marajó";"Oeiras do Pará";"-";"2013";4,65301781441106
"Social";"Saúde";"Postos e Centros de Saúde por 10.000 Habitantes";"Marajó";"Oeiras do Pará";"-";"2014";4,59166939980321
"Social";"Saúde";"Postos e Centros de Saúde por 10.000 Habitantes";"Marajó";"Oeiras do Pará";"-";"2015";4,53367875647668
"Social";"Saúde";"Postos e Centros de Saúde por 10.000 Habitantes";"Marajó";"Oeiras do Pará";"-";"2016";4,79892504079086
"Social";"Saúde";"Postos e Centros de Saúde por 10.000 Habitantes";"Marajó";"Oeiras do Pará";"-";"2017";5,06024858471172
"Social";"Saúde";"Postos e Centros de Saúde por 10.000 Habitantes";"Marajó";"Oeiras do Pará";"-";"2018";3,41954737627456
"Social";"Saúde";"Postos e Centros de Saúde por 10.000 Habitantes";"Marajó";"Oeiras do Pará";"-";"2019";3,69094488188976
"Social";"Saúde";"Postos e Centros de Saúde por 10.000 Habitantes";"Marajó";"Oeiras do Pará";"-";"2020";4,26179604261796
"Social";"Saúde";"Postos e Centros de Saúde por 10.000 Habitantes";"Marajó";"Oeiras do Pará";"-";"2021";4,21915496353445
"Social";"Saúde";"Postos e Centros de Saúde por 10.000 Habitantes";"Marajó";"Oeiras do Pará";"-";"2022";4,72757357286373
"Social";"Saúde";"Postos e Centros de Saúde por 10.000 Habitantes";"Marajó";"Oeiras do Pará";"-";"2023";4,45558340295182
"Social";"Saúde";"Postos e Centros de Saúde por 10.000 Habitantes";"Marajó";"Oeiras do Pará";"-";"2024";4,94818154328284
"Social";"Saúde";"Postos e Centros de Saúde por 10.000 Habitantes";"Marajó";"Oeiras do Pará";"-";"2025";4,90009255730386
"Social";"Saúde";"Postos e Centros de Saúde por 10.000 Habitantes";"Baixo Amazonas";"Oriximiná";"-";"2010";3,18501767684811
"Social";"Saúde";"Postos e Centros de Saúde por 10.000 Habitantes";"Baixo Amazonas";"Oriximiná";"-";"2011";3,12964556763946
"Social";"Saúde";"Postos e Centros de Saúde por 10.000 Habitantes";"Baixo Amazonas";"Oriximiná";"-";"2012";3,07796484964142
"Social";"Saúde";"Postos e Centros de Saúde por 10.000 Habitantes";"Baixo Amazonas";"Oriximiná";"-";"2013";2,99307104054115
"Social";"Saúde";"Postos e Centros de Saúde por 10.000 Habitantes";"Baixo Amazonas";"Oriximiná";"-";"2014";2,79662638543399
"Social";"Saúde";"Postos e Centros de Saúde por 10.000 Habitantes";"Baixo Amazonas";"Oriximiná";"-";"2015";2,75266573945294
"Social";"Saúde";"Postos e Centros de Saúde por 10.000 Habitantes";"Baixo Amazonas";"Oriximiná";"-";"2016";2,71153544262248
"Social";"Saúde";"Postos e Centros de Saúde por 10.000 Habitantes";"Baixo Amazonas";"Oriximiná";"-";"2017";2,81381018036523
"Social";"Saúde";"Postos e Centros de Saúde por 10.000 Habitantes";"Baixo Amazonas";"Oriximiná";"-";"2018";2,91019955654102
"Social";"Saúde";"Postos e Centros de Saúde por 10.000 Habitantes";"Baixo Amazonas";"Oriximiná";"-";"2019";2,87293422348692
"Social";"Saúde";"Postos e Centros de Saúde por 10.000 Habitantes";"Baixo Amazonas";"Oriximiná";"-";"2020";2,83722438391699
"Social";"Saúde";"Postos e Centros de Saúde por 10.000 Habitantes";"Baixo Amazonas";"Oriximiná";"-";"2021";2,80295244324021
"Social";"Saúde";"Postos e Centros de Saúde por 10.000 Habitantes";"Baixo Amazonas";"Oriximiná";"-";"2022";3,07494069757226
"Social";"Saúde";"Postos e Centros de Saúde por 10.000 Habitantes";"Baixo Amazonas";"Oriximiná";"-";"2023";2,91274255516873
"Social";"Saúde";"Postos e Centros de Saúde por 10.000 Habitantes";"Baixo Amazonas";"Oriximiná";"-";"2024";3,03615788020977
"Social";"Saúde";"Postos e Centros de Saúde por 10.000 Habitantes";"Baixo Amazonas";"Oriximiná";"-";"2025";2,33231351781476
"Social";"Saúde";"Postos e Centros de Saúde por 10.000 Habitantes";"Rio Capim";"Ourém";"-";"2010";3,67849917233769
"Social";"Saúde";"Postos e Centros de Saúde por 10.000 Habitantes";"Rio Capim";"Ourém";"-";"2011";3,64564345607
"Social";"Saúde";"Postos e Centros de Saúde por 10.000 Habitantes";"Rio Capim";"Ourém";"-";"2012";3,61424010601771
"Social";"Saúde";"Postos e Centros de Saúde por 10.000 Habitantes";"Rio Capim";"Ourém";"-";"2013";3,55998576005696
"Social";"Saúde";"Postos e Centros de Saúde por 10.000 Habitantes";"Rio Capim";"Ourém";"-";"2014";3,53232073472271
"Social";"Saúde";"Postos e Centros de Saúde por 10.000 Habitantes";"Rio Capim";"Ourém";"-";"2015";4,09021853453313
"Social";"Saúde";"Postos e Centros de Saúde por 10.000 Habitantes";"Rio Capim";"Ourém";"-";"2016";4,06103150200151
"Social";"Saúde";"Postos e Centros de Saúde por 10.000 Habitantes";"Rio Capim";"Ourém";"-";"2017";4,03318737036183
"Social";"Saúde";"Postos e Centros de Saúde por 10.000 Habitantes";"Rio Capim";"Ourém";"-";"2018";3,95011568195926
"Social";"Saúde";"Postos e Centros de Saúde por 10.000 Habitantes";"Rio Capim";"Ourém";"-";"2019";3,92332698128013
"Social";"Saúde";"Postos e Centros de Saúde por 10.000 Habitantes";"Rio Capim";"Ourém";"-";"2020";4,45409498357552
"Social";"Saúde";"Postos e Centros de Saúde por 10.000 Habitantes";"Rio Capim";"Ourém";"-";"2021";4,42502350793739
"Social";"Saúde";"Postos e Centros de Saúde por 10.000 Habitantes";"Rio Capim";"Ourém";"-";"2022";4,48053766451974
"Social";"Saúde";"Postos e Centros de Saúde por 10.000 Habitantes";"Rio Capim";"Ourém";"-";"2023";4,30593681037731
"Social";"Saúde";"Postos e Centros de Saúde por 10.000 Habitantes";"Rio Capim";"Ourém";"-";"2024";4,28380187416332
"Social";"Saúde";"Postos e Centros de Saúde por 10.000 Habitantes";"Rio Capim";"Ourém";"-";"2025";4,25917052653996
"Social";"Saúde";"Postos e Centros de Saúde por 10.000 Habitantes";"Araguaia";"Ourilândia do Norte";"-";"2010";2,92408348258343
"Social";"Saúde";"Postos e Centros de Saúde por 10.000 Habitantes";"Araguaia";"Ourilândia do Norte";"-";"2011";2,86071875558734
"Social";"Saúde";"Postos e Centros de Saúde por 10.000 Habitantes";"Araguaia";"Ourilândia do Norte";"-";"2012";2,8020034324542
"Social";"Saúde";"Postos e Centros de Saúde por 10.000 Habitantes";"Araguaia";"Ourilândia do Norte";"-";"2013";2,70755068196433
"Social";"Saúde";"Postos e Centros de Saúde por 10.000 Habitantes";"Araguaia";"Ourilândia do Norte";"-";"2014";2,65155281561765
"Social";"Saúde";"Postos e Centros de Saúde por 10.000 Habitantes";"Araguaia";"Ourilândia do Norte";"-";"2015";2,59942812581232
"Social";"Saúde";"Postos e Centros de Saúde por 10.000 Habitantes";"Araguaia";"Ourilândia do Norte";"-";"2016";2,55110175707134
"Social";"Saúde";"Postos e Centros de Saúde por 10.000 Habitantes";"Araguaia";"Ourilândia do Norte";"-";"2017";2,50618714952539
"Social";"Saúde";"Postos e Centros de Saúde por 10.000 Habitantes";"Araguaia";"Ourilândia do Norte";"-";"2018";2,78473962684489
"Social";"Saúde";"Postos e Centros de Saúde por 10.000 Habitantes";"Araguaia";"Ourilândia do Norte";"-";"2019";3,35038986354776
"Social";"Saúde";"Postos e Centros de Saúde por 10.000 Habitantes";"Araguaia";"Ourilândia do Norte";"-";"2020";3,29983500824959
"Social";"Saúde";"Postos e Centros de Saúde por 10.000 Habitantes";"Araguaia";"Ourilândia do Norte";"-";"2021";3,25145576542225
"Social";"Saúde";"Postos e Centros de Saúde por 10.000 Habitantes";"Araguaia";"Ourilândia do Norte";"-";"2022";3,38805556411125
"Social";"Saúde";"Postos e Centros de Saúde por 10.000 Habitantes";"Araguaia";"Ourilândia do Norte";"-";"2023";3,4744339568012
"Social";"Saúde";"Postos e Centros de Saúde por 10.000 Habitantes";"Araguaia";"Ourilândia do Norte";"-";"2024";3,43790287924366
"Social";"Saúde";"Postos e Centros de Saúde por 10.000 Habitantes";"Araguaia";"Ourilândia do Norte";"-";"2025";3,40406218086917
"Social";"Saúde";"Postos e Centros de Saúde por 10.000 Habitantes";"Xingu";"Pacajá";"-";"2010";1,75091923259711
"Social";"Saúde";"Postos e Centros de Saúde por 10.000 Habitantes";"Xingu";"Pacajá";"-";"2011";1,95929563321986
"Social";"Saúde";"Postos e Centros de Saúde por 10.000 Habitantes";"Xingu";"Pacajá";"-";"2012";1,92058385749268
"Social";"Saúde";"Postos e Centros de Saúde por 10.000 Habitantes";"Xingu";"Pacajá";"-";"2013";2,09025245604664
"Social";"Saúde";"Postos e Centros de Saúde por 10.000 Habitantes";"Xingu";"Pacajá";"-";"2014";2,04871386296381
"Social";"Saúde";"Postos e Centros de Saúde por 10.000 Habitantes";"Xingu";"Pacajá";"-";"2015";2,45656349100004
"Social";"Saúde";"Postos e Centros de Saúde por 10.000 Habitantes";"Xingu";"Pacajá";"-";"2016";2,41249232388806
"Social";"Saúde";"Postos e Centros de Saúde por 10.000 Habitantes";"Xingu";"Pacajá";"-";"2017";2,37155854515663
"Social";"Saúde";"Postos e Centros de Saúde por 10.000 Habitantes";"Xingu";"Pacajá";"-";"2018";2,12829353424424
"Social";"Saúde";"Postos e Centros de Saúde por 10.000 Habitantes";"Xingu";"Pacajá";"-";"2019";2,30578962813902
"Social";"Saúde";"Postos e Centros de Saúde por 10.000 Habitantes";"Xingu";"Pacajá";"-";"2020";2,47862188623126
"Social";"Saúde";"Postos e Centros de Saúde por 10.000 Habitantes";"Xingu";"Pacajá";"-";"2021";2,64711871309306
"Social";"Saúde";"Postos e Centros de Saúde por 10.000 Habitantes";"Xingu";"Pacajá";"-";"2022";2,91992116212862
"Social";"Saúde";"Postos e Centros de Saúde por 10.000 Habitantes";"Xingu";"Pacajá";"-";"2023";2,74819649604947
"Social";"Saúde";"Postos e Centros de Saúde por 10.000 Habitantes";"Xingu";"Pacajá";"-";"2024";2,75267238610818
"Social";"Saúde";"Postos e Centros de Saúde por 10.000 Habitantes";"Xingu";"Pacajá";"-";"2025";2,74342150385222
"Social";"Saúde";"Postos e Centros de Saúde por 10.000 Habitantes";"Carajás";"Palestina do Pará";"-";"2010";6,68896321070234
"Social";"Saúde";"Postos e Centros de Saúde por 10.000 Habitantes";"Carajás";"Palestina do Pará";"-";"2011";5,35475234270415
"Social";"Saúde";"Postos e Centros de Saúde por 10.000 Habitantes";"Carajás";"Palestina do Pará";"-";"2012";5,35833891493637
"Social";"Saúde";"Postos e Centros de Saúde por 10.000 Habitantes";"Carajás";"Palestina do Pará";"-";"2013";5,35833891493637
"Social";"Saúde";"Postos e Centros de Saúde por 10.000 Habitantes";"Carajás";"Palestina do Pará";"-";"2014";5,37345513164965
"Social";"Saúde";"Postos e Centros de Saúde por 10.000 Habitantes";"Carajás";"Palestina do Pará";"-";"2015";6,73491379310345
"Social";"Saúde";"Postos e Centros de Saúde por 10.000 Habitantes";"Carajás";"Palestina do Pará";"-";"2016";6,75310642895732
"Social";"Saúde";"Postos e Centros de Saúde por 10.000 Habitantes";"Carajás";"Palestina do Pará";"-";"2017";6,76956404007582
"Social";"Saúde";"Postos e Centros de Saúde por 10.000 Habitantes";"Carajás";"Palestina do Pará";"-";"2018";5,26592943654555
"Social";"Saúde";"Postos e Centros de Saúde por 10.000 Habitantes";"Carajás";"Palestina do Pará";"-";"2019";5,27078666490974
"Social";"Saúde";"Postos e Centros de Saúde por 10.000 Habitantes";"Carajás";"Palestina do Pará";"-";"2020";6,5945660775521
"Social";"Saúde";"Postos e Centros de Saúde por 10.000 Habitantes";"Carajás";"Palestina do Pará";"-";"2021";6,6006600660066
"Social";"Saúde";"Postos e Centros de Saúde por 10.000 Habitantes";"Carajás";"Palestina do Pará";"-";"2022";7,26216412490922
"Social";"Saúde";"Postos e Centros de Saúde por 10.000 Habitantes";"Carajás";"Palestina do Pará";"-";"2023";5,59205927582832
"Social";"Saúde";"Postos e Centros de Saúde por 10.000 Habitantes";"Carajás";"Palestina do Pará";"-";"2024";5,64493367202935
"Social";"Saúde";"Postos e Centros de Saúde por 10.000 Habitantes";"Carajás";"Palestina do Pará";"-";"2025";5,66331587144273
"Social";"Saúde";"Postos e Centros de Saúde por 10.000 Habitantes";"Rio Capim";"Paragominas";"-";"2010";1,84013330743516
"Social";"Saúde";"Postos e Centros de Saúde por 10.000 Habitantes";"Rio Capim";"Paragominas";"-";"2011";1,70922984114217
"Social";"Saúde";"Postos e Centros de Saúde por 10.000 Habitantes";"Rio Capim";"Paragominas";"-";"2012";1,97929655800329
"Social";"Saúde";"Postos e Centros de Saúde por 10.000 Habitantes";"Rio Capim";"Paragominas";"-";"2013";1,73452180197543
"Social";"Saúde";"Postos e Centros de Saúde por 10.000 Habitantes";"Rio Capim";"Paragominas";"-";"2014";2,08694992268799
"Social";"Saúde";"Postos e Centros de Saúde por 10.000 Habitantes";"Rio Capim";"Paragominas";"-";"2015";2,52312867956266
"Social";"Saúde";"Postos e Centros de Saúde por 10.000 Habitantes";"Rio Capim";"Paragominas";"-";"2016";2,30314978764959
"Social";"Saúde";"Postos e Centros de Saúde por 10.000 Habitantes";"Rio Capim";"Paragominas";"-";"2017";2,3630778179703
"Social";"Saúde";"Postos e Centros de Saúde por 10.000 Habitantes";"Rio Capim";"Paragominas";"-";"2018";2,5947532300204
"Social";"Saúde";"Postos e Centros de Saúde por 10.000 Habitantes";"Rio Capim";"Paragominas";"-";"2019";2,56308276989703
"Social";"Saúde";"Postos e Centros de Saúde por 10.000 Habitantes";"Rio Capim";"Paragominas";"-";"2020";2,62001868946665
"Social";"Saúde";"Postos e Centros de Saúde por 10.000 Habitantes";"Rio Capim";"Paragominas";"-";"2021";2,58982371933217
"Social";"Saúde";"Postos e Centros de Saúde por 10.000 Habitantes";"Rio Capim";"Paragominas";"-";"2022";2,936996684036
"Social";"Saúde";"Postos e Centros de Saúde por 10.000 Habitantes";"Rio Capim";"Paragominas";"-";"2023";2,2261996990178
"Social";"Saúde";"Postos e Centros de Saúde por 10.000 Habitantes";"Rio Capim";"Paragominas";"-";"2024";2,21546750795353
"Social";"Saúde";"Postos e Centros de Saúde por 10.000 Habitantes";"Rio Capim";"Paragominas";"-";"2025";2,20268198558565
"Social";"Saúde";"Postos e Centros de Saúde por 10.000 Habitantes";"Carajás";"Parauapebas";"-";"2010";0,974608207500585
"Social";"Saúde";"Postos e Centros de Saúde por 10.000 Habitantes";"Carajás";"Parauapebas";"-";"2011";0,936160120827066
"Social";"Saúde";"Postos e Centros de Saúde por 10.000 Habitantes";"Carajás";"Parauapebas";"-";"2012";1,08210794627935
"Social";"Saúde";"Postos e Centros de Saúde por 10.000 Habitantes";"Carajás";"Parauapebas";"-";"2013";1,0193564462969
"Social";"Saúde";"Postos e Centros de Saúde por 10.000 Habitantes";"Carajás";"Parauapebas";"-";"2014";1,03625812644531
"Social";"Saúde";"Postos e Centros de Saúde por 10.000 Habitantes";"Carajás";"Parauapebas";"-";"2015";1,00041596242648
"Social";"Saúde";"Postos e Centros de Saúde por 10.000 Habitantes";"Carajás";"Parauapebas";"-";"2016";1,07001462353319
"Social";"Saúde";"Postos e Centros de Saúde por 10.000 Habitantes";"Carajás";"Parauapebas";"-";"2017";1,08719286801479
"Social";"Saúde";"Postos e Centros de Saúde por 10.000 Habitantes";"Carajás";"Parauapebas";"-";"2018";1,08437416823572
"Social";"Saúde";"Postos e Centros de Saúde por 10.000 Habitantes";"Carajás";"Parauapebas";"-";"2019";1,10431981101727
"Social";"Saúde";"Postos e Centros de Saúde por 10.000 Habitantes";"Carajás";"Parauapebas";"-";"2020";1,17054350676106
"Social";"Saúde";"Postos e Centros de Saúde por 10.000 Habitantes";"Carajás";"Parauapebas";"-";"2021";1,27978353375658
"Social";"Saúde";"Postos e Centros de Saúde por 10.000 Habitantes";"Carajás";"Parauapebas";"-";"2022";1,04541585149121
"Social";"Saúde";"Postos e Centros de Saúde por 10.000 Habitantes";"Carajás";"Parauapebas";"-";"2023";0,977841415076219
"Social";"Saúde";"Postos e Centros de Saúde por 10.000 Habitantes";"Carajás";"Parauapebas";"-";"2024";0,970373493411499
"Social";"Saúde";"Postos e Centros de Saúde por 10.000 Habitantes";"Carajás";"Parauapebas";"-";"2025";0,948422185230123
"Social";"Saúde";"Postos e Centros de Saúde por 10.000 Habitantes";"Araguaia";"Pau D'Arco";"-";"2010";8,28775070445881
"Social";"Saúde";"Postos e Centros de Saúde por 10.000 Habitantes";"Araguaia";"Pau D'Arco";"-";"2011";8,40336134453782
"Social";"Saúde";"Postos e Centros de Saúde por 10.000 Habitantes";"Araguaia";"Pau D'Arco";"-";"2012";8,51933889930141
"Social";"Saúde";"Postos e Centros de Saúde por 10.000 Habitantes";"Araguaia";"Pau D'Arco";"-";"2013";8,70625108828139
"Social";"Saúde";"Postos e Centros de Saúde por 10.000 Habitantes";"Araguaia";"Pau D'Arco";"-";"2014";8,86996629412808
"Social";"Saúde";"Postos e Centros de Saúde por 10.000 Habitantes";"Araguaia";"Pau D'Arco";"-";"2015";9,03342366757001
"Social";"Saúde";"Postos e Centros de Saúde por 10.000 Habitantes";"Araguaia";"Pau D'Arco";"-";"2016";9,19793966151582
"Social";"Saúde";"Postos e Centros de Saúde por 10.000 Habitantes";"Araguaia";"Pau D'Arco";"-";"2017";9,36154278225052
"Social";"Saúde";"Postos e Centros de Saúde por 10.000 Habitantes";"Araguaia";"Pau D'Arco";"-";"2018";8,99766060824186
"Social";"Saúde";"Postos e Centros de Saúde por 10.000 Habitantes";"Araguaia";"Pau D'Arco";"-";"2019";9,11909538573773
"Social";"Saúde";"Postos e Centros de Saúde por 10.000 Habitantes";"Araguaia";"Pau D'Arco";"-";"2020";9,24214417744917
"Social";"Saúde";"Postos e Centros de Saúde por 10.000 Habitantes";"Araguaia";"Pau D'Arco";"-";"2021";7,49203970781045
"Social";"Saúde";"Postos e Centros de Saúde por 10.000 Habitantes";"Araguaia";"Pau D'Arco";"-";"2022";5,7711729909104
"Social";"Saúde";"Postos e Centros de Saúde por 10.000 Habitantes";"Araguaia";"Pau D'Arco";"-";"2023";5,5317383487761
"Social";"Saúde";"Postos e Centros de Saúde por 10.000 Habitantes";"Araguaia";"Pau D'Arco";"-";"2024";6,8530701754386
"Social";"Saúde";"Postos e Centros de Saúde por 10.000 Habitantes";"Araguaia";"Pau D'Arco";"-";"2025";6,7990209409845
"Social";"Saúde";"Postos e Centros de Saúde por 10.000 Habitantes";"Rio Caeté";"Peixe-Boi";"-";"2010";6,36618283677107
"Social";"Saúde";"Postos e Centros de Saúde por 10.000 Habitantes";"Rio Caeté";"Peixe-Boi";"-";"2011";6,35970490969219
"Social";"Saúde";"Postos e Centros de Saúde por 10.000 Habitantes";"Rio Caeté";"Peixe-Boi";"-";"2012";6,35404752827551
"Social";"Saúde";"Postos e Centros de Saúde por 10.000 Habitantes";"Rio Caeté";"Peixe-Boi";"-";"2013";6,33793890226898
"Social";"Saúde";"Postos e Centros de Saúde por 10.000 Habitantes";"Rio Caeté";"Peixe-Boi";"-";"2014";6,34437254155564
"Social";"Saúde";"Postos e Centros de Saúde por 10.000 Habitantes";"Rio Caeté";"Peixe-Boi";"-";"2015";5,08001016002032
"Social";"Saúde";"Postos e Centros de Saúde por 10.000 Habitantes";"Rio Caeté";"Peixe-Boi";"-";"2016";5,08453031651201
"Social";"Saúde";"Postos e Centros de Saúde por 10.000 Habitantes";"Rio Caeté";"Peixe-Boi";"-";"2017";5,08905852417303
"Social";"Saúde";"Postos e Centros de Saúde por 10.000 Habitantes";"Rio Caeté";"Peixe-Boi";"-";"2018";4,95478756348322
"Social";"Saúde";"Postos e Centros de Saúde por 10.000 Habitantes";"Rio Caeté";"Peixe-Boi";"-";"2019";4,95233378729726
"Social";"Saúde";"Postos e Centros de Saúde por 10.000 Habitantes";"Rio Caeté";"Peixe-Boi";"-";"2020";4,94988244029204
"Social";"Saúde";"Postos e Centros de Saúde por 10.000 Habitantes";"Rio Caeté";"Peixe-Boi";"-";"2021";4,9480455220188
"Social";"Saúde";"Postos e Centros de Saúde por 10.000 Habitantes";"Rio Caeté";"Peixe-Boi";"-";"2022";4,82800241400121
"Social";"Saúde";"Postos e Centros de Saúde por 10.000 Habitantes";"Rio Caeté";"Peixe-Boi";"-";"2023";4,62909385487791
"Social";"Saúde";"Postos e Centros de Saúde por 10.000 Habitantes";"Rio Caeté";"Peixe-Boi";"-";"2024";4,62374291989365
"Social";"Saúde";"Postos e Centros de Saúde por 10.000 Habitantes";"Rio Caeté";"Peixe-Boi";"-";"2025";4,60511167395809
"Social";"Saúde";"Postos e Centros de Saúde por 10.000 Habitantes";"Carajás";"Piçarra";"-";"2010";5,51311333385839
"Social";"Saúde";"Postos e Centros de Saúde por 10.000 Habitantes";"Carajás";"Piçarra";"-";"2011";5,51224505866604
"Social";"Saúde";"Postos e Centros de Saúde por 10.000 Habitantes";"Carajás";"Piçarra";"-";"2012";5,51137705692465
"Social";"Saúde";"Postos e Centros de Saúde por 10.000 Habitantes";"Carajás";"Piçarra";"-";"2013";5,50314465408805
"Social";"Saúde";"Postos e Centros de Saúde por 10.000 Habitantes";"Carajás";"Piçarra";"-";"2014";5,51311333385839
"Social";"Saúde";"Postos e Centros de Saúde por 10.000 Habitantes";"Carajás";"Piçarra";"-";"2015";5,52268244575937
"Social";"Saúde";"Postos e Centros de Saúde por 10.000 Habitantes";"Carajás";"Piçarra";"-";"2016";5,53228483363629
"Social";"Saúde";"Postos e Centros de Saúde por 10.000 Habitantes";"Carajás";"Piçarra";"-";"2017";7,1247625079164
"Social";"Saúde";"Postos e Centros de Saúde por 10.000 Habitantes";"Carajás";"Piçarra";"-";"2018";6,16190402834476
"Social";"Saúde";"Postos e Centros de Saúde por 10.000 Habitantes";"Carajás";"Piçarra";"-";"2019";6,16285340112472
"Social";"Saúde";"Postos e Centros de Saúde por 10.000 Habitantes";"Carajás";"Piçarra";"-";"2020";6,16380306649203
"Social";"Saúde";"Postos e Centros de Saúde por 10.000 Habitantes";"Carajás";"Piçarra";"-";"2021";6,93588162762022
"Social";"Saúde";"Postos e Centros de Saúde por 10.000 Habitantes";"Carajás";"Piçarra";"-";"2022";7,01371571072319
"Social";"Saúde";"Postos e Centros de Saúde por 10.000 Habitantes";"Carajás";"Piçarra";"-";"2023";6,72846889952153
"Social";"Saúde";"Postos e Centros de Saúde por 10.000 Habitantes";"Carajás";"Piçarra";"-";"2024";8,24525897608875
"Social";"Saúde";"Postos e Centros de Saúde por 10.000 Habitantes";"Carajás";"Piçarra";"-";"2025";7,48166990872363
"Social";"Saúde";"Postos e Centros de Saúde por 10.000 Habitantes";"Xingu";"Placas";"-";"2010";1,67126263892371
"Social";"Saúde";"Postos e Centros de Saúde por 10.000 Habitantes";"Xingu";"Placas";"-";"2011";2,02069188490139
"Social";"Saúde";"Postos e Centros de Saúde por 10.000 Habitantes";"Xingu";"Placas";"-";"2012";1,95878711901591
"Social";"Saúde";"Postos e Centros de Saúde por 10.000 Habitantes";"Xingu";"Placas";"-";"2013";1,8627524029506
"Social";"Saúde";"Postos e Centros de Saúde por 10.000 Habitantes";"Xingu";"Placas";"-";"2014";1,80505415162455
"Social";"Saúde";"Postos e Centros de Saúde por 10.000 Habitantes";"Xingu";"Placas";"-";"2015";1,75235692005748
"Social";"Saúde";"Postos e Centros de Saúde por 10.000 Habitantes";"Xingu";"Placas";"-";"2016";1,70439050995364
"Social";"Saúde";"Postos e Centros de Saúde por 10.000 Habitantes";"Xingu";"Placas";"-";"2017";1,99275963997476
"Social";"Saúde";"Postos e Centros de Saúde por 10.000 Habitantes";"Xingu";"Placas";"-";"2018";1,98065559700261
"Social";"Saúde";"Postos e Centros de Saúde por 10.000 Habitantes";"Xingu";"Placas";"-";"2019";1,93660835323736
"Social";"Saúde";"Postos e Centros de Saúde por 10.000 Habitantes";"Xingu";"Placas";"-";"2020";1,89519567895385
"Social";"Saúde";"Postos e Centros de Saúde por 10.000 Habitantes";"Xingu";"Placas";"-";"2021";1,85614849187935
"Social";"Saúde";"Postos e Centros de Saúde por 10.000 Habitantes";"Xingu";"Placas";"-";"2022";3,21405613884723
"Social";"Saúde";"Postos e Centros de Saúde por 10.000 Habitantes";"Xingu";"Placas";"-";"2023";3,13528766264305
"Social";"Saúde";"Postos e Centros de Saúde por 10.000 Habitantes";"Xingu";"Placas";"-";"2024";3,19624973364586
"Social";"Saúde";"Postos e Centros de Saúde por 10.000 Habitantes";"Xingu";"Placas";"-";"2025";3,24149108589951
"Social";"Saúde";"Postos e Centros de Saúde por 10.000 Habitantes";"Marajó";"Ponta de Pedras";"-";"2010";0,769260356167545
"Social";"Saúde";"Postos e Centros de Saúde por 10.000 Habitantes";"Marajó";"Ponta de Pedras";"-";"2011";0,753012048192771
"Social";"Saúde";"Postos e Centros de Saúde por 10.000 Habitantes";"Marajó";"Ponta de Pedras";"-";"2012";0,737925690882928
"Social";"Saúde";"Postos e Centros de Saúde por 10.000 Habitantes";"Marajó";"Ponta de Pedras";"-";"2013";1,42729705619982
"Social";"Saúde";"Postos e Centros de Saúde por 10.000 Habitantes";"Marajó";"Ponta de Pedras";"-";"2014";1,7481906227055
"Social";"Saúde";"Postos e Centros de Saúde por 10.000 Habitantes";"Marajó";"Ponta de Pedras";"-";"2015";1,71467764060357
"Social";"Saúde";"Postos e Centros de Saúde por 10.000 Habitantes";"Marajó";"Ponta de Pedras";"-";"2016";2,02020202020202
"Social";"Saúde";"Postos e Centros de Saúde por 10.000 Habitantes";"Marajó";"Ponta de Pedras";"-";"2017";1,98550580760449
"Social";"Saúde";"Postos e Centros de Saúde por 10.000 Habitantes";"Marajó";"Ponta de Pedras";"-";"2018";1,96027182435964
"Social";"Saúde";"Postos e Centros de Saúde por 10.000 Habitantes";"Marajó";"Ponta de Pedras";"-";"2019";1,93037771057204
"Social";"Saúde";"Postos e Centros de Saúde por 10.000 Habitantes";"Marajó";"Ponta de Pedras";"-";"2020";1,90180354369394
"Social";"Saúde";"Postos e Centros de Saúde por 10.000 Habitantes";"Marajó";"Ponta de Pedras";"-";"2021";1,87458993345206
"Social";"Saúde";"Postos e Centros de Saúde por 10.000 Habitantes";"Marajó";"Ponta de Pedras";"-";"2022";2,40153698366955
"Social";"Saúde";"Postos e Centros de Saúde por 10.000 Habitantes";"Marajó";"Ponta de Pedras";"-";"2023";2,70249401590611
"Social";"Saúde";"Postos e Centros de Saúde por 10.000 Habitantes";"Marajó";"Ponta de Pedras";"-";"2024";2,71665308340125
"Social";"Saúde";"Postos e Centros de Saúde por 10.000 Habitantes";"Marajó";"Ponta de Pedras";"-";"2025";2,71992539633199
"Social";"Saúde";"Postos e Centros de Saúde por 10.000 Habitantes";"Marajó";"Portel";"-";"2010";2,87510542053209
"Social";"Saúde";"Postos e Centros de Saúde por 10.000 Habitantes";"Marajó";"Portel";"-";"2011";2,81653116022307
"Social";"Saúde";"Postos e Centros de Saúde por 10.000 Habitantes";"Marajó";"Portel";"-";"2012";3,4986925938202
"Social";"Saúde";"Postos e Centros de Saúde por 10.000 Habitantes";"Marajó";"Portel";"-";"2013";3,38717153349734
"Social";"Saúde";"Postos e Centros de Saúde por 10.000 Habitantes";"Marajó";"Portel";"-";"2014";3,14657809632025
"Social";"Saúde";"Postos e Centros de Saúde por 10.000 Habitantes";"Marajó";"Portel";"-";"2015";3,43159122885282
"Social";"Saúde";"Postos e Centros de Saúde por 10.000 Habitantes";"Marajó";"Portel";"-";"2016";3,37143049796028
"Social";"Saúde";"Postos e Centros de Saúde por 10.000 Habitantes";"Marajó";"Portel";"-";"2017";3,31553993567853
"Social";"Saúde";"Postos e Centros de Saúde por 10.000 Habitantes";"Marajó";"Portel";"-";"2018";3,27193011157282
"Social";"Saúde";"Postos e Centros de Saúde por 10.000 Habitantes";"Marajó";"Portel";"-";"2019";3,38474928678497
"Social";"Saúde";"Postos e Centros de Saúde por 10.000 Habitantes";"Marajó";"Portel";"-";"2020";3,33624592898562
"Social";"Saúde";"Postos e Centros de Saúde por 10.000 Habitantes";"Marajó";"Portel";"-";"2021";3,44660118124422
"Social";"Saúde";"Postos e Centros de Saúde por 10.000 Habitantes";"Marajó";"Portel";"-";"2022";3,19984640737245
"Social";"Saúde";"Postos e Centros de Saúde por 10.000 Habitantes";"Marajó";"Portel";"-";"2023";3,33540532755196
"Social";"Saúde";"Postos e Centros de Saúde por 10.000 Habitantes";"Marajó";"Portel";"-";"2024";3,43806989745583
"Social";"Saúde";"Postos e Centros de Saúde por 10.000 Habitantes";"Marajó";"Portel";"-";"2025";3,84729209825392
"Social";"Saúde";"Postos e Centros de Saúde por 10.000 Habitantes";"Xingu";"Porto de Moz";"-";"2010";2,94498763105195
"Social";"Saúde";"Postos e Centros de Saúde por 10.000 Habitantes";"Xingu";"Porto de Moz";"-";"2011";2,87720105880999
"Social";"Saúde";"Postos e Centros de Saúde por 10.000 Habitantes";"Xingu";"Porto de Moz";"-";"2012";2,81460215598525
"Social";"Saúde";"Postos e Centros de Saúde por 10.000 Habitantes";"Xingu";"Porto de Moz";"-";"2013";2,71436714530007
"Social";"Saúde";"Postos e Centros de Saúde por 10.000 Habitantes";"Xingu";"Porto de Moz";"-";"2014";2,65470280602087
"Social";"Saúde";"Postos e Centros de Saúde por 10.000 Habitantes";"Xingu";"Porto de Moz";"-";"2015";2,85929661303319
"Social";"Saúde";"Postos e Centros de Saúde por 10.000 Habitantes";"Xingu";"Porto de Moz";"-";"2016";2,54803037252204
"Social";"Saúde";"Postos e Centros de Saúde por 10.000 Habitantes";"Xingu";"Porto de Moz";"-";"2017";2,50056262659098
"Social";"Saúde";"Postos e Centros de Saúde por 10.000 Habitantes";"Xingu";"Porto de Moz";"-";"2018";2,47169904592417
"Social";"Saúde";"Postos e Centros de Saúde por 10.000 Habitantes";"Xingu";"Porto de Moz";"-";"2019";2,91722377537377
"Social";"Saúde";"Postos e Centros de Saúde por 10.000 Habitantes";"Xingu";"Porto de Moz";"-";"2020";3,10997344561135
"Social";"Saúde";"Postos e Centros de Saúde por 10.000 Habitantes";"Xingu";"Porto de Moz";"-";"2021";4,23968343697004
"Social";"Saúde";"Postos e Centros de Saúde por 10.000 Habitantes";"Xingu";"Porto de Moz";"-";"2022";4,43382515949454
"Social";"Saúde";"Postos e Centros de Saúde por 10.000 Habitantes";"Xingu";"Porto de Moz";"-";"2023";4,17526849296003
"Social";"Saúde";"Postos e Centros de Saúde por 10.000 Habitantes";"Xingu";"Porto de Moz";"-";"2024";4,121539624024
"Social";"Saúde";"Postos e Centros de Saúde por 10.000 Habitantes";"Xingu";"Porto de Moz";"-";"2025";4,30633938487342
"Social";"Saúde";"Postos e Centros de Saúde por 10.000 Habitantes";"Baixo Amazonas";"Prainha";"-";"2010";3,74799822821902
"Social";"Saúde";"Postos e Centros de Saúde por 10.000 Habitantes";"Baixo Amazonas";"Prainha";"-";"2011";3,74953130858643
"Social";"Saúde";"Postos e Centros de Saúde por 10.000 Habitantes";"Baixo Amazonas";"Prainha";"-";"2012";3,75106564364876
"Social";"Saúde";"Postos e Centros de Saúde por 10.000 Habitantes";"Baixo Amazonas";"Prainha";"-";"2013";3,74889237270806
"Social";"Saúde";"Postos e Centros de Saúde por 10.000 Habitantes";"Baixo Amazonas";"Prainha";"-";"2014";3,75811411001025
"Social";"Saúde";"Postos e Centros de Saúde por 10.000 Habitantes";"Baixo Amazonas";"Prainha";"-";"2015";4,10958904109589
"Social";"Saúde";"Postos e Centros de Saúde por 10.000 Habitantes";"Baixo Amazonas";"Prainha";"-";"2016";4,11918165591103
"Social";"Saúde";"Postos e Centros de Saúde por 10.000 Habitantes";"Baixo Amazonas";"Prainha";"-";"2017";4,12839302301579
"Social";"Saúde";"Postos e Centros de Saúde por 10.000 Habitantes";"Baixo Amazonas";"Prainha";"-";"2018";4,01525798032524
"Social";"Saúde";"Postos e Centros de Saúde por 10.000 Habitantes";"Baixo Amazonas";"Prainha";"-";"2019";4,01794682917029
"Social";"Saúde";"Postos e Centros de Saúde por 10.000 Habitantes";"Baixo Amazonas";"Prainha";"-";"2020";4,69074582858674
"Social";"Saúde";"Postos e Centros de Saúde por 10.000 Habitantes";"Baixo Amazonas";"Prainha";"-";"2021";5,0290005699534
"Social";"Saúde";"Postos e Centros de Saúde por 10.000 Habitantes";"Baixo Amazonas";"Prainha";"-";"2022";4,49728757343227
"Social";"Saúde";"Postos e Centros de Saúde por 10.000 Habitantes";"Baixo Amazonas";"Prainha";"-";"2023";4,77238380571095
"Social";"Saúde";"Postos e Centros de Saúde por 10.000 Habitantes";"Baixo Amazonas";"Prainha";"-";"2024";4,6975311863876
"Social";"Saúde";"Postos e Centros de Saúde por 10.000 Habitantes";"Baixo Amazonas";"Prainha";"-";"2025";4,64720006196267
"Social";"Saúde";"Postos e Centros de Saúde por 10.000 Habitantes";"Rio Caeté";"Primavera";"-";"2010";5,84339696143358
"Social";"Saúde";"Postos e Centros de Saúde por 10.000 Habitantes";"Rio Caeté";"Primavera";"-";"2011";5,81902822228688
"Social";"Saúde";"Postos e Centros de Saúde por 10.000 Habitantes";"Rio Caeté";"Primavera";"-";"2012";5,79598145285935
"Social";"Saúde";"Postos e Centros de Saúde por 10.000 Habitantes";"Rio Caeté";"Primavera";"-";"2013";5,75153374233129
"Social";"Saúde";"Postos e Centros de Saúde por 10.000 Habitantes";"Rio Caeté";"Primavera";"-";"2014";5,7372346528973
"Social";"Saúde";"Postos e Centros de Saúde por 10.000 Habitantes";"Rio Caeté";"Primavera";"-";"2015";5,72246065808298
"Social";"Saúde";"Postos e Centros de Saúde por 10.000 Habitantes";"Rio Caeté";"Primavera";"-";"2016";4,75737392959087
"Social";"Saúde";"Postos e Centros de Saúde por 10.000 Habitantes";"Rio Caeté";"Primavera";"-";"2017";4,74653502942852
"Social";"Saúde";"Postos e Centros de Saúde por 10.000 Habitantes";"Rio Caeté";"Primavera";"-";"2018";4,63306152705708
"Social";"Saúde";"Postos e Centros de Saúde por 10.000 Habitantes";"Rio Caeté";"Primavera";"-";"2019";4,6189376443418
"Social";"Saúde";"Postos e Centros de Saúde por 10.000 Habitantes";"Rio Caeté";"Primavera";"-";"2020";4,60532375425993
"Social";"Saúde";"Postos e Centros de Saúde por 10.000 Habitantes";"Rio Caeté";"Primavera";"-";"2021";4,59178987969511
"Social";"Saúde";"Postos e Centros de Saúde por 10.000 Habitantes";"Rio Caeté";"Primavera";"-";"2022";4,60787024237397
"Social";"Saúde";"Postos e Centros de Saúde por 10.000 Habitantes";"Rio Caeté";"Primavera";"-";"2023";4,42869796279894
"Social";"Saúde";"Postos e Centros de Saúde por 10.000 Habitantes";"Rio Caeté";"Primavera";"-";"2024";5,29474055771267
"Social";"Saúde";"Postos e Centros de Saúde por 10.000 Habitantes";"Rio Caeté";"Primavera";"-";"2025";5,27287107830214
"Social";"Saúde";"Postos e Centros de Saúde por 10.000 Habitantes";"Rio Caeté";"Quatipuru";"-";"2010";4,02868423172992
"Social";"Saúde";"Postos e Centros de Saúde por 10.000 Habitantes";"Rio Caeté";"Quatipuru";"-";"2011";3,9913786221761
"Social";"Saúde";"Postos e Centros de Saúde por 10.000 Habitantes";"Rio Caeté";"Quatipuru";"-";"2012";3,95600917794129
"Social";"Saúde";"Postos e Centros de Saúde por 10.000 Habitantes";"Rio Caeté";"Quatipuru";"-";"2013";3,89468764605079
"Social";"Saúde";"Postos e Centros de Saúde por 10.000 Habitantes";"Rio Caeté";"Quatipuru";"-";"2014";3,86309201885189
"Social";"Saúde";"Postos e Centros de Saúde por 10.000 Habitantes";"Rio Caeté";"Quatipuru";"-";"2015";3,83318000613309
"Social";"Saúde";"Postos e Centros de Saúde por 10.000 Habitantes";"Rio Caeté";"Quatipuru";"-";"2016";3,80459595190991
"Social";"Saúde";"Postos e Centros de Saúde por 10.000 Habitantes";"Rio Caeté";"Quatipuru";"-";"2017";3,77729092694719
"Social";"Saúde";"Postos e Centros de Saúde por 10.000 Habitantes";"Rio Caeté";"Quatipuru";"-";"2018";3,700414446418
"Social";"Saúde";"Postos e Centros de Saúde por 10.000 Habitantes";"Rio Caeté";"Quatipuru";"-";"2019";3,67430922986479
"Social";"Saúde";"Postos e Centros de Saúde por 10.000 Habitantes";"Rio Caeté";"Quatipuru";"-";"2020";3,64910232082908
"Social";"Saúde";"Postos e Centros de Saúde por 10.000 Habitantes";"Rio Caeté";"Quatipuru";"-";"2021";3,62476439031463
"Social";"Saúde";"Postos e Centros de Saúde por 10.000 Habitantes";"Rio Caeté";"Quatipuru";"-";"2022";4,33877125997917
"Social";"Saúde";"Postos e Centros de Saúde por 10.000 Habitantes";"Rio Caeté";"Quatipuru";"-";"2023";5,01966033631724
"Social";"Saúde";"Postos e Centros de Saúde por 10.000 Habitantes";"Rio Caeté";"Quatipuru";"-";"2024";5,0547598989048
"Social";"Saúde";"Postos e Centros de Saúde por 10.000 Habitantes";"Rio Caeté";"Quatipuru";"-";"2025";5,91316100692685
"Social";"Saúde";"Postos e Centros de Saúde por 10.000 Habitantes";"Araguaia";"Redenção";"-";"2010";1,72057811424639
"Social";"Saúde";"Postos e Centros de Saúde por 10.000 Habitantes";"Araguaia";"Redenção";"-";"2011";1,69932419184063
"Social";"Saúde";"Postos e Centros de Saúde por 10.000 Habitantes";"Araguaia";"Redenção";"-";"2012";1,67926112510495
"Social";"Saúde";"Postos e Centros de Saúde por 10.000 Habitantes";"Araguaia";"Redenção";"-";"2013";1,64536134666498
"Social";"Saúde";"Postos e Centros de Saúde por 10.000 Habitantes";"Araguaia";"Redenção";"-";"2014";1,37642804409575
"Social";"Saúde";"Postos e Centros de Saúde por 10.000 Habitantes";"Araguaia";"Redenção";"-";"2015";1,60897063009765
"Social";"Saúde";"Postos e Centros de Saúde por 10.000 Habitantes";"Araguaia";"Redenção";"-";"2016";1,83717711612184
"Social";"Saúde";"Postos e Centros de Saúde por 10.000 Habitantes";"Araguaia";"Redenção";"-";"2017";1,81897555296857
"Social";"Saúde";"Postos e Centros de Saúde por 10.000 Habitantes";"Araguaia";"Redenção";"-";"2018";1,90482993440242
"Social";"Saúde";"Postos e Centros de Saúde por 10.000 Habitantes";"Araguaia";"Redenção";"-";"2019";1,88708174602239
"Social";"Saúde";"Postos e Centros de Saúde por 10.000 Habitantes";"Araguaia";"Redenção";"-";"2020";1,98684010612064
"Social";"Saúde";"Postos e Centros de Saúde por 10.000 Habitantes";"Araguaia";"Redenção";"-";"2021";2,20095915483168
"Social";"Saúde";"Postos e Centros de Saúde por 10.000 Habitantes";"Araguaia";"Redenção";"-";"2022";2,21970396158744
"Social";"Saúde";"Postos e Centros de Saúde por 10.000 Habitantes";"Araguaia";"Redenção";"-";"2023";2,08399600750239
"Social";"Saúde";"Postos e Centros de Saúde por 10.000 Habitantes";"Araguaia";"Redenção";"-";"2024";2,17516612831305
"Social";"Saúde";"Postos e Centros de Saúde por 10.000 Habitantes";"Araguaia";"Redenção";"-";"2025";2,15763695600578
"Social";"Saúde";"Postos e Centros de Saúde por 10.000 Habitantes";"Araguaia";"Rio Maria";"-";"2010";3,95547267898514
"Social";"Saúde";"Postos e Centros de Saúde por 10.000 Habitantes";"Araguaia";"Rio Maria";"-";"2011";4,51645683960933
"Social";"Saúde";"Postos e Centros de Saúde por 10.000 Habitantes";"Araguaia";"Rio Maria";"-";"2012";4,51263537906137
"Social";"Saúde";"Postos e Centros de Saúde por 10.000 Habitantes";"Araguaia";"Rio Maria";"-";"2013";4,50095645324631
"Social";"Saúde";"Postos e Centros de Saúde por 10.000 Habitantes";"Araguaia";"Rio Maria";"-";"2014";4,50577302168403
"Social";"Saúde";"Postos e Centros de Saúde por 10.000 Habitantes";"Araguaia";"Rio Maria";"-";"2015";4,51009132934942
"Social";"Saúde";"Postos e Centros de Saúde por 10.000 Habitantes";"Araguaia";"Rio Maria";"-";"2016";4,51441792223915
"Social";"Saúde";"Postos e Centros de Saúde por 10.000 Habitantes";"Araguaia";"Rio Maria";"-";"2017";4,51849759954815
"Social";"Saúde";"Postos e Centros de Saúde por 10.000 Habitantes";"Araguaia";"Rio Maria";"-";"2018";3,29924117452986
"Social";"Saúde";"Postos e Centros de Saúde por 10.000 Habitantes";"Araguaia";"Rio Maria";"-";"2019";3,29797174737536
"Social";"Saúde";"Postos e Centros de Saúde por 10.000 Habitantes";"Araguaia";"Rio Maria";"-";"2020";3,29652216911159
"Social";"Saúde";"Postos e Centros de Saúde por 10.000 Habitantes";"Araguaia";"Rio Maria";"-";"2021";3,29525483304042
"Social";"Saúde";"Postos e Centros de Saúde por 10.000 Habitantes";"Araguaia";"Rio Maria";"-";"2022";3,80765883376849
"Social";"Saúde";"Postos e Centros de Saúde por 10.000 Habitantes";"Araguaia";"Rio Maria";"-";"2023";4,17798203467725
"Social";"Saúde";"Postos e Centros de Saúde por 10.000 Habitantes";"Araguaia";"Rio Maria";"-";"2024";4,18213184170631
"Social";"Saúde";"Postos e Centros de Saúde por 10.000 Habitantes";"Araguaia";"Rio Maria";"-";"2025";4,16883793642522
"Social";"Saúde";"Postos e Centros de Saúde por 10.000 Habitantes";"Rio Capim";"Rondon do Pará";"-";"2010";2,55514862447832
"Social";"Saúde";"Postos e Centros de Saúde por 10.000 Habitantes";"Rio Capim";"Rondon do Pará";"-";"2011";2,52583720979183
"Social";"Saúde";"Postos e Centros de Saúde por 10.000 Habitantes";"Rio Capim";"Rondon do Pará";"-";"2012";3,12265800649513
"Social";"Saúde";"Postos e Centros de Saúde por 10.000 Habitantes";"Rio Capim";"Rondon do Pará";"-";"2013";3,4722931432423
"Social";"Saúde";"Postos e Centros de Saúde por 10.000 Habitantes";"Rio Capim";"Rondon do Pará";"-";"2014";3,43600937828442
"Social";"Saúde";"Postos e Centros de Saúde por 10.000 Habitantes";"Rio Capim";"Rondon do Pará";"-";"2015";3,40156471977109
"Social";"Saúde";"Postos e Centros de Saúde por 10.000 Habitantes";"Rio Capim";"Rondon do Pará";"-";"2016";3,36900515259612
"Social";"Saúde";"Postos e Centros de Saúde por 10.000 Habitantes";"Rio Capim";"Rondon do Pará";"-";"2017";3,33824251350025
"Social";"Saúde";"Postos e Centros de Saúde por 10.000 Habitantes";"Rio Capim";"Rondon do Pará";"-";"2018";3,27534053908252
"Social";"Saúde";"Postos e Centros de Saúde por 10.000 Habitantes";"Rio Capim";"Rondon do Pará";"-";"2019";3,24693928223542
"Social";"Saúde";"Postos e Centros de Saúde por 10.000 Habitantes";"Rio Capim";"Rondon do Pará";"-";"2020";3,21951404276272
"Social";"Saúde";"Postos e Centros de Saúde por 10.000 Habitantes";"Rio Capim";"Rondon do Pará";"-";"2021";3,19296795762744
"Social";"Saúde";"Postos e Centros de Saúde por 10.000 Habitantes";"Rio Capim";"Rondon do Pará";"-";"2022";3,19891613194588
"Social";"Saúde";"Postos e Centros de Saúde por 10.000 Habitantes";"Rio Capim";"Rondon do Pará";"-";"2023";3,01744794902288
"Social";"Saúde";"Postos e Centros de Saúde por 10.000 Habitantes";"Rio Capim";"Rondon do Pará";"-";"2024";2,29710388210556
"Social";"Saúde";"Postos e Centros de Saúde por 10.000 Habitantes";"Rio Capim";"Rondon do Pará";"-";"2025";2,27946204695692
"Social";"Saúde";"Postos e Centros de Saúde por 10.000 Habitantes";"Tapajós";"Rurópolis";"-";"2010";1,24728715044778
"Social";"Saúde";"Postos e Centros de Saúde por 10.000 Habitantes";"Tapajós";"Rurópolis";"-";"2011";1,21147509207211
"Social";"Saúde";"Postos e Centros de Saúde por 10.000 Habitantes";"Tapajós";"Rurópolis";"-";"2012";1,17877266190443
"Social";"Saúde";"Postos e Centros de Saúde por 10.000 Habitantes";"Tapajós";"Rurópolis";"-";"2013";1,12742113689147
"Social";"Saúde";"Postos e Centros de Saúde por 10.000 Habitantes";"Tapajós";"Rurópolis";"-";"2014";1,09661147055598
"Social";"Saúde";"Postos e Centros de Saúde por 10.000 Habitantes";"Tapajós";"Rurópolis";"-";"2015";1,06828476198616
"Social";"Saúde";"Postos e Centros de Saúde por 10.000 Habitantes";"Tapajós";"Rurópolis";"-";"2016";1,25075566488087
"Social";"Saúde";"Postos e Centros de Saúde por 10.000 Habitantes";"Tapajós";"Rurópolis";"-";"2017";1,4258651946306
"Social";"Saúde";"Postos e Centros de Saúde por 10.000 Habitantes";"Tapajós";"Rurópolis";"-";"2018";1,61606367290871
"Social";"Saúde";"Postos e Centros de Saúde por 10.000 Habitantes";"Tapajós";"Rurópolis";"-";"2019";1,58384478321125
"Social";"Saúde";"Postos e Centros de Saúde por 10.000 Habitantes";"Tapajós";"Rurópolis";"-";"2020";1,94174757281553
"Social";"Saúde";"Postos e Centros de Saúde por 10.000 Habitantes";"Tapajós";"Rurópolis";"-";"2021";1,90574200064795
"Social";"Saúde";"Postos e Centros de Saúde por 10.000 Habitantes";"Tapajós";"Rurópolis";"-";"2022";2,51614526545333
"Social";"Saúde";"Postos e Centros de Saúde por 10.000 Habitantes";"Tapajós";"Rurópolis";"-";"2023";2,38177150871993
"Social";"Saúde";"Postos e Centros de Saúde por 10.000 Habitantes";"Tapajós";"Rurópolis";"-";"2024";2,40899357601713
"Social";"Saúde";"Postos e Centros de Saúde por 10.000 Habitantes";"Tapajós";"Rurópolis";"-";"2025";3,22597989139201
"Social";"Saúde";"Postos e Centros de Saúde por 10.000 Habitantes";"Rio Caeté";"Salinópolis";"-";"2010";3,47398519547847
"Social";"Saúde";"Postos e Centros de Saúde por 10.000 Habitantes";"Rio Caeté";"Salinópolis";"-";"2011";3,44589937973811
"Social";"Saúde";"Postos e Centros de Saúde por 10.000 Habitantes";"Rio Caeté";"Salinópolis";"-";"2012";3,41916309407959
"Social";"Saúde";"Postos e Centros de Saúde por 10.000 Habitantes";"Rio Caeté";"Salinópolis";"-";"2013";3,63145880888151
"Social";"Saúde";"Postos e Centros de Saúde por 10.000 Habitantes";"Rio Caeté";"Salinópolis";"-";"2014";3,60648136221953
"Social";"Saúde";"Postos e Centros de Saúde por 10.000 Habitantes";"Rio Caeté";"Salinópolis";"-";"2015";3,58257843287783
"Social";"Saúde";"Postos e Centros de Saúde por 10.000 Habitantes";"Rio Caeté";"Salinópolis";"-";"2016";3,81407648494711
"Social";"Saúde";"Postos e Centros de Saúde por 10.000 Habitantes";"Rio Caeté";"Salinópolis";"-";"2017";4,2962925522505
"Social";"Saúde";"Postos e Centros de Saúde por 10.000 Habitantes";"Rio Caeté";"Salinópolis";"-";"2018";4,45280031664358
"Social";"Saúde";"Postos e Centros de Saúde por 10.000 Habitantes";"Rio Caeté";"Salinópolis";"-";"2019";4,67117393976644
"Social";"Saúde";"Postos e Centros de Saúde por 10.000 Habitantes";"Rio Caeté";"Salinópolis";"-";"2020";4,64297932652363
"Social";"Saúde";"Postos e Centros de Saúde por 10.000 Habitantes";"Rio Caeté";"Salinópolis";"-";"2021";4,61568360703527
"Social";"Saúde";"Postos e Centros de Saúde por 10.000 Habitantes";"Rio Caeté";"Salinópolis";"-";"2022";3,57366211024748
"Social";"Saúde";"Postos e Centros de Saúde por 10.000 Habitantes";"Rio Caeté";"Salinópolis";"-";"2023";3,57849534795605
"Social";"Saúde";"Postos e Centros de Saúde por 10.000 Habitantes";"Rio Caeté";"Salinópolis";"-";"2024";3,52931406743066
"Social";"Saúde";"Postos e Centros de Saúde por 10.000 Habitantes";"Rio Caeté";"Salinópolis";"-";"2025";3,49341388734768
"Social";"Saúde";"Postos e Centros de Saúde por 10.000 Habitantes";"Marajó";"Salvaterra";"-";"2010";6,44106426200268
"Social";"Saúde";"Postos e Centros de Saúde por 10.000 Habitantes";"Marajó";"Salvaterra";"-";"2011";6,31926890919697
"Social";"Saúde";"Postos e Centros de Saúde por 10.000 Habitantes";"Marajó";"Salvaterra";"-";"2012";6,20584303990834
"Social";"Saúde";"Postos e Centros de Saúde por 10.000 Habitantes";"Marajó";"Salvaterra";"-";"2013";6,02074842534272
"Social";"Saúde";"Postos e Centros de Saúde por 10.000 Habitantes";"Marajó";"Salvaterra";"-";"2014";5,91258470914631
"Social";"Saúde";"Postos e Centros de Saúde por 10.000 Habitantes";"Marajó";"Salvaterra";"-";"2015";5,81135449262405
"Social";"Saúde";"Postos e Centros de Saúde por 10.000 Habitantes";"Marajó";"Salvaterra";"-";"2016";5,71679859278804
"Social";"Saúde";"Postos e Centros de Saúde por 10.000 Habitantes";"Marajó";"Salvaterra";"-";"2017";5,62868029095947
"Social";"Saúde";"Postos e Centros de Saúde por 10.000 Habitantes";"Marajó";"Salvaterra";"-";"2018";5,54986338797814
"Social";"Saúde";"Postos e Centros de Saúde por 10.000 Habitantes";"Marajó";"Salvaterra";"-";"2019";5,47322330751095
"Social";"Saúde";"Postos e Centros de Saúde por 10.000 Habitantes";"Marajó";"Salvaterra";"-";"2020";5,39979231568017
"Social";"Saúde";"Postos e Centros de Saúde por 10.000 Habitantes";"Marajó";"Salvaterra";"-";"2021";5,32961626762873
"Social";"Saúde";"Postos e Centros de Saúde por 10.000 Habitantes";"Marajó";"Salvaterra";"-";"2022";5,38770773757719
"Social";"Saúde";"Postos e Centros de Saúde por 10.000 Habitantes";"Marajó";"Salvaterra";"-";"2023";5,17825134435371
"Social";"Saúde";"Postos e Centros de Saúde por 10.000 Habitantes";"Marajó";"Salvaterra";"-";"2024";5,10986203372509
"Social";"Saúde";"Postos e Centros de Saúde por 10.000 Habitantes";"Marajó";"Salvaterra";"-";"2025";5,83952972320629
"Social";"Saúde";"Postos e Centros de Saúde por 10.000 Habitantes";"Guajará";"Santa Bárbara do Pará";"-";"2010";2,33358613849834
"Social";"Saúde";"Postos e Centros de Saúde por 10.000 Habitantes";"Guajará";"Santa Bárbara do Pará";"-";"2011";2,27479526842584
"Social";"Saúde";"Postos e Centros de Saúde por 10.000 Habitantes";"Guajará";"Santa Bárbara do Pará";"-";"2012";2,22074172773706
"Social";"Saúde";"Postos e Centros de Saúde por 10.000 Habitantes";"Guajará";"Santa Bárbara do Pará";"-";"2013";2,13492741246798
"Social";"Saúde";"Postos e Centros de Saúde por 10.000 Habitantes";"Guajará";"Santa Bárbara do Pará";"-";"2014";2,60457363129656
"Social";"Saúde";"Postos e Centros de Saúde por 10.000 Habitantes";"Guajará";"Santa Bárbara do Pará";"-";"2015";2,54517688979384
"Social";"Saúde";"Postos e Centros de Saúde por 10.000 Habitantes";"Guajará";"Santa Bárbara do Pará";"-";"2016";2,4904119141306
"Social";"Saúde";"Postos e Centros de Saúde por 10.000 Habitantes";"Guajará";"Santa Bárbara do Pará";"-";"2017";2,43997657622487
"Social";"Saúde";"Postos e Centros de Saúde por 10.000 Habitantes";"Guajará";"Santa Bárbara do Pará";"-";"2018";2,89799072642968
"Social";"Saúde";"Postos e Centros de Saúde por 10.000 Habitantes";"Guajará";"Santa Bárbara do Pará";"-";"2019";2,84643484036245
"Social";"Saúde";"Postos e Centros de Saúde por 10.000 Habitantes";"Guajará";"Santa Bárbara do Pará";"-";"2020";2,79733320900741
"Social";"Saúde";"Postos e Centros de Saúde por 10.000 Habitantes";"Guajará";"Santa Bárbara do Pará";"-";"2021";5,96029526385769
"Social";"Saúde";"Postos e Centros de Saúde por 10.000 Habitantes";"Guajará";"Santa Bárbara do Pará";"-";"2022";5,69070991606203
"Social";"Saúde";"Postos e Centros de Saúde por 10.000 Habitantes";"Guajará";"Santa Bárbara do Pará";"-";"2023";5,00159141545037
"Social";"Saúde";"Postos e Centros de Saúde por 10.000 Habitantes";"Guajará";"Santa Bárbara do Pará";"-";"2024";4,9353912419239
"Social";"Saúde";"Postos e Centros de Saúde por 10.000 Habitantes";"Guajará";"Santa Bárbara do Pará";"-";"2025";4,88237905015535
"Social";"Saúde";"Postos e Centros de Saúde por 10.000 Habitantes";"Marajó";"Santa Cruz do Arari";"-";"2010";1,22624156958921
"Social";"Saúde";"Postos e Centros de Saúde por 10.000 Habitantes";"Marajó";"Santa Cruz do Arari";"-";"2011";1,1936022917164
"Social";"Saúde";"Postos e Centros de Saúde por 10.000 Habitantes";"Marajó";"Santa Cruz do Arari";"-";"2012";3,49121377865705
"Social";"Saúde";"Postos e Centros de Saúde por 10.000 Habitantes";"Marajó";"Santa Cruz do Arari";"-";"2013";3,34933571508317
"Social";"Saúde";"Postos e Centros de Saúde por 10.000 Habitantes";"Marajó";"Santa Cruz do Arari";"-";"2014";3,26406267000326
"Social";"Saúde";"Postos e Centros de Saúde por 10.000 Habitantes";"Marajó";"Santa Cruz do Arari";"-";"2015";3,18572793883402
"Social";"Saúde";"Postos e Centros de Saúde por 10.000 Habitantes";"Marajó";"Santa Cruz do Arari";"-";"2016";3,11364815775817
"Social";"Saúde";"Postos e Centros de Saúde por 10.000 Habitantes";"Marajó";"Santa Cruz do Arari";"-";"2017";4,06297613001524
"Social";"Saúde";"Postos e Centros de Saúde por 10.000 Habitantes";"Marajó";"Santa Cruz do Arari";"-";"2018";4,02454975349633
"Social";"Saúde";"Postos e Centros de Saúde por 10.000 Habitantes";"Marajó";"Santa Cruz do Arari";"-";"2019";3,94944707740916
"Social";"Saúde";"Postos e Centros de Saúde por 10.000 Habitantes";"Marajó";"Santa Cruz do Arari";"-";"2020";3,87822377351173
"Social";"Saúde";"Postos e Centros de Saúde por 10.000 Habitantes";"Marajó";"Santa Cruz do Arari";"-";"2021";3,8109756097561
"Social";"Saúde";"Postos e Centros de Saúde por 10.000 Habitantes";"Marajó";"Santa Cruz do Arari";"-";"2022";5,37273337810611
"Social";"Saúde";"Postos e Centros de Saúde por 10.000 Habitantes";"Marajó";"Santa Cruz do Arari";"-";"2023";5,19547993245876
"Social";"Saúde";"Postos e Centros de Saúde por 10.000 Habitantes";"Marajó";"Santa Cruz do Arari";"-";"2024";5,22602560752548
"Social";"Saúde";"Postos e Centros de Saúde por 10.000 Habitantes";"Marajó";"Santa Cruz do Arari";"-";"2025";5,24521374246001
"Social";"Saúde";"Postos e Centros de Saúde por 10.000 Habitantes";"Guamá";"Santa Izabel do Pará";"-";"2010";3,36326640433189
"Social";"Saúde";"Postos e Centros de Saúde por 10.000 Habitantes";"Guamá";"Santa Izabel do Pará";"-";"2011";3,78831551726978
"Social";"Saúde";"Postos e Centros de Saúde por 10.000 Habitantes";"Guamá";"Santa Izabel do Pará";"-";"2012";4,03753290589318
"Social";"Saúde";"Postos e Centros de Saúde por 10.000 Habitantes";"Guamá";"Santa Izabel do Pará";"-";"2013";3,90789864474075
"Social";"Saúde";"Postos e Centros de Saúde por 10.000 Habitantes";"Guamá";"Santa Izabel do Pará";"-";"2014";4,75088504390737
"Social";"Saúde";"Postos e Centros de Saúde por 10.000 Habitantes";"Guamá";"Santa Izabel do Pará";"-";"2015";4,66235524138968
"Social";"Saúde";"Postos e Centros de Saúde por 10.000 Habitantes";"Guamá";"Santa Izabel do Pará";"-";"2016";4,57997222468457
"Social";"Saúde";"Postos e Centros de Saúde por 10.000 Habitantes";"Guamá";"Santa Izabel do Pará";"-";"2017";4,50345749317218
"Social";"Saúde";"Postos e Centros de Saúde por 10.000 Habitantes";"Guamá";"Santa Izabel do Pará";"-";"2018";4,87483153155737
"Social";"Saúde";"Postos e Centros de Saúde por 10.000 Habitantes";"Guamá";"Santa Izabel do Pará";"-";"2019";4,80219205943419
"Social";"Saúde";"Postos e Centros de Saúde por 10.000 Habitantes";"Guamá";"Santa Izabel do Pará";"-";"2020";4,73293706585743
"Social";"Saúde";"Postos e Centros de Saúde por 10.000 Habitantes";"Guamá";"Santa Izabel do Pará";"-";"2021";4,66673987042934
"Social";"Saúde";"Postos e Centros de Saúde por 10.000 Habitantes";"Guamá";"Santa Izabel do Pará";"-";"2022";4,65632232706556
"Social";"Saúde";"Postos e Centros de Saúde por 10.000 Habitantes";"Guamá";"Santa Izabel do Pará";"-";"2023";4,14212672318944
"Social";"Saúde";"Postos e Centros de Saúde por 10.000 Habitantes";"Guamá";"Santa Izabel do Pará";"-";"2024";3,95827215036327
"Social";"Saúde";"Postos e Centros de Saúde por 10.000 Habitantes";"Guamá";"Santa Izabel do Pará";"-";"2025";3,91438853462971
"Social";"Saúde";"Postos e Centros de Saúde por 10.000 Habitantes";"Rio Caeté";"Santa Luzia do Pará";"-";"2010";5,14827018121911
"Social";"Saúde";"Postos e Centros de Saúde por 10.000 Habitantes";"Rio Caeté";"Santa Luzia do Pará";"-";"2011";5,14774014207763
"Social";"Saúde";"Postos e Centros de Saúde por 10.000 Habitantes";"Rio Caeté";"Santa Luzia do Pará";"-";"2012";5,14721021206506
"Social";"Saúde";"Postos e Centros de Saúde por 10.000 Habitantes";"Rio Caeté";"Santa Luzia do Pará";"-";"2013";5,14006682086867
"Social";"Saúde";"Postos e Centros de Saúde por 10.000 Habitantes";"Rio Caeté";"Santa Luzia do Pará";"-";"2014";5,14986095375425
"Social";"Saúde";"Postos e Centros de Saúde por 10.000 Habitantes";"Rio Caeté";"Santa Luzia do Pará";"-";"2015";6,70690811535882
"Social";"Saúde";"Postos e Centros de Saúde por 10.000 Habitantes";"Rio Caeté";"Santa Luzia do Pará";"-";"2016";6,7190407277238
"Social";"Saúde";"Postos e Centros de Saúde por 10.000 Habitantes";"Rio Caeté";"Santa Luzia do Pará";"-";"2017";6,73017187823566
"Social";"Saúde";"Postos e Centros de Saúde por 10.000 Habitantes";"Rio Caeté";"Santa Luzia do Pará";"-";"2018";6,54845859359258
"Social";"Saúde";"Postos e Centros de Saúde por 10.000 Habitantes";"Rio Caeté";"Santa Luzia do Pará";"-";"2019";6,54977831519549
"Social";"Saúde";"Postos e Centros de Saúde por 10.000 Habitantes";"Rio Caeté";"Santa Luzia do Pará";"-";"2020";6,55142871541601
"Social";"Saúde";"Postos e Centros de Saúde por 10.000 Habitantes";"Rio Caeté";"Santa Luzia do Pará";"-";"2021";6,04869197036141
"Social";"Saúde";"Postos e Centros de Saúde por 10.000 Habitantes";"Rio Caeté";"Santa Luzia do Pará";"-";"2022";5,89101620029455
"Social";"Saúde";"Postos e Centros de Saúde por 10.000 Habitantes";"Rio Caeté";"Santa Luzia do Pará";"-";"2023";6,60720185001652
"Social";"Saúde";"Postos e Centros de Saúde por 10.000 Habitantes";"Rio Caeté";"Santa Luzia do Pará";"-";"2024";6,59848234905972
"Social";"Saúde";"Postos e Centros de Saúde por 10.000 Habitantes";"Rio Caeté";"Santa Luzia do Pará";"-";"2025";6,57431321906551
"Social";"Saúde";"Postos e Centros de Saúde por 10.000 Habitantes";"Araguaia";"Santa Maria das Barreiras";"-";"2010";4,64954085784029
"Social";"Saúde";"Postos e Centros de Saúde por 10.000 Habitantes";"Araguaia";"Santa Maria das Barreiras";"-";"2011";4,52335180368653
"Social";"Saúde";"Postos e Centros de Saúde por 10.000 Habitantes";"Araguaia";"Santa Maria das Barreiras";"-";"2012";4,40771349862259
"Social";"Saúde";"Postos e Centros de Saúde por 10.000 Habitantes";"Araguaia";"Santa Maria das Barreiras";"-";"2013";4,22520333791064
"Social";"Saúde";"Postos e Centros de Saúde por 10.000 Habitantes";"Araguaia";"Santa Maria das Barreiras";"-";"2014";4,11586150126048
"Social";"Saúde";"Postos e Centros de Saúde por 10.000 Habitantes";"Araguaia";"Santa Maria das Barreiras";"-";"2015";4,01505646173149
"Social";"Saúde";"Postos e Centros de Saúde por 10.000 Habitantes";"Araguaia";"Santa Maria das Barreiras";"-";"2016";3,92233771327711
"Social";"Saúde";"Postos e Centros de Saúde por 10.000 Habitantes";"Araguaia";"Santa Maria das Barreiras";"-";"2017";4,31675380114154
"Social";"Saúde";"Postos e Centros de Saúde por 10.000 Habitantes";"Araguaia";"Santa Maria das Barreiras";"-";"2018";4,27715996578272
"Social";"Saúde";"Postos e Centros de Saúde por 10.000 Habitantes";"Araguaia";"Santa Maria das Barreiras";"-";"2019";4,19599981351112
"Social";"Saúde";"Postos e Centros de Saúde por 10.000 Habitantes";"Araguaia";"Santa Maria das Barreiras";"-";"2020";4,11899313501144
"Social";"Saúde";"Postos e Centros de Saúde por 10.000 Habitantes";"Araguaia";"Santa Maria das Barreiras";"-";"2021";4,49559431756878
"Social";"Saúde";"Postos e Centros de Saúde por 10.000 Habitantes";"Araguaia";"Santa Maria das Barreiras";"-";"2022";5,43872371283539
"Social";"Saúde";"Postos e Centros de Saúde por 10.000 Habitantes";"Araguaia";"Santa Maria das Barreiras";"-";"2023";5,82139946443125
"Social";"Saúde";"Postos e Centros de Saúde por 10.000 Habitantes";"Araguaia";"Santa Maria das Barreiras";"-";"2024";5,85514374377891
"Social";"Saúde";"Postos e Centros de Saúde por 10.000 Habitantes";"Araguaia";"Santa Maria das Barreiras";"-";"2025";5,85994726047466
"Social";"Saúde";"Postos e Centros de Saúde por 10.000 Habitantes";"Guamá";"Santa Maria do Pará";"-";"2010";3,04004169200035
"Social";"Saúde";"Postos e Centros de Saúde por 10.000 Habitantes";"Guamá";"Santa Maria do Pará";"-";"2011";3,01802190221609
"Social";"Saúde";"Postos e Centros de Saúde por 10.000 Habitantes";"Guamá";"Santa Maria do Pará";"-";"2012";2,99721687004924
"Social";"Saúde";"Postos e Centros de Saúde por 10.000 Habitantes";"Guamá";"Santa Maria do Pará";"-";"2013";2,95995602351051
"Social";"Saúde";"Postos e Centros de Saúde por 10.000 Habitantes";"Guamá";"Santa Maria do Pará";"-";"2014";2,94241277847835
"Social";"Saúde";"Postos e Centros de Saúde por 10.000 Habitantes";"Guamá";"Santa Maria do Pará";"-";"2015";2,92556526100222
"Social";"Saúde";"Postos e Centros de Saúde por 10.000 Habitantes";"Guamá";"Santa Maria do Pará";"-";"2016";3,32515898416393
"Social";"Saúde";"Postos e Centros de Saúde por 10.000 Habitantes";"Guamá";"Santa Maria do Pará";"-";"2017";3,30769866865129
"Social";"Saúde";"Postos e Centros de Saúde por 10.000 Habitantes";"Guamá";"Santa Maria do Pará";"-";"2018";3,2355915065723
"Social";"Saúde";"Postos e Centros de Saúde por 10.000 Habitantes";"Guamá";"Santa Maria do Pará";"-";"2019";3,21789147660995
"Social";"Saúde";"Postos e Centros de Saúde por 10.000 Habitantes";"Guamá";"Santa Maria do Pará";"-";"2020";3,60072014402881
"Social";"Saúde";"Postos e Centros de Saúde por 10.000 Habitantes";"Guamá";"Santa Maria do Pará";"-";"2021";3,58180443347793
"Social";"Saúde";"Postos e Centros de Saúde por 10.000 Habitantes";"Guamá";"Santa Maria do Pará";"-";"2022";4,46718648473034
"Social";"Saúde";"Postos e Centros de Saúde por 10.000 Habitantes";"Guamá";"Santa Maria do Pará";"-";"2023";4,68859889036493
"Social";"Saúde";"Postos e Centros de Saúde por 10.000 Habitantes";"Guamá";"Santa Maria do Pará";"-";"2024";5,05915317559153
"Social";"Saúde";"Postos e Centros de Saúde por 10.000 Habitantes";"Guamá";"Santa Maria do Pará";"-";"2025";5,03583188068952
"Social";"Saúde";"Postos e Centros de Saúde por 10.000 Habitantes";"Araguaia";"Santana do Araguaia";"-";"2010";1,24659412676081
"Social";"Saúde";"Postos e Centros de Saúde por 10.000 Habitantes";"Araguaia";"Santana do Araguaia";"-";"2011";1,2055039867739
"Social";"Saúde";"Postos e Centros de Saúde por 10.000 Habitantes";"Araguaia";"Santana do Araguaia";"-";"2012";1,33513576661827
"Social";"Saúde";"Postos e Centros de Saúde por 10.000 Habitantes";"Araguaia";"Santana do Araguaia";"-";"2013";1,42786882645048
"Social";"Saúde";"Postos e Centros de Saúde por 10.000 Habitantes";"Araguaia";"Santana do Araguaia";"-";"2014";1,38329593310996
"Social";"Saúde";"Postos e Centros de Saúde por 10.000 Habitantes";"Araguaia";"Santana do Araguaia";"-";"2015";1,49180254501514
"Social";"Saúde";"Postos e Centros de Saúde por 10.000 Habitantes";"Araguaia";"Santana do Araguaia";"-";"2016";1,45066295296951
"Social";"Saúde";"Postos e Centros de Saúde por 10.000 Habitantes";"Araguaia";"Santana do Araguaia";"-";"2017";1,55446272115765
"Social";"Saúde";"Postos e Centros de Saúde por 10.000 Habitantes";"Araguaia";"Santana do Araguaia";"-";"2018";1,54522595417703
"Social";"Saúde";"Postos e Centros de Saúde por 10.000 Habitantes";"Araguaia";"Santana do Araguaia";"-";"2019";1,51063625252345
"Social";"Saúde";"Postos e Centros de Saúde por 10.000 Habitantes";"Araguaia";"Santana do Araguaia";"-";"2020";1,74686571977586
"Social";"Saúde";"Postos e Centros de Saúde por 10.000 Habitantes";"Araguaia";"Santana do Araguaia";"-";"2021";1,71063885781959
"Social";"Saúde";"Postos e Centros de Saúde por 10.000 Habitantes";"Araguaia";"Santana do Araguaia";"-";"2022";4,31925462005985
"Social";"Saúde";"Postos e Centros de Saúde por 10.000 Habitantes";"Araguaia";"Santana do Araguaia";"-";"2023";3,91908594856953
"Social";"Saúde";"Postos e Centros de Saúde por 10.000 Habitantes";"Araguaia";"Santana do Araguaia";"-";"2024";4,10314679796736
"Social";"Saúde";"Postos e Centros de Saúde por 10.000 Habitantes";"Araguaia";"Santana do Araguaia";"-";"2025";4,26859300607454
"Social";"Saúde";"Postos e Centros de Saúde por 10.000 Habitantes";"Baixo Amazonas";"Santarém";"-";"2010";2,57994432751714
"Social";"Saúde";"Postos e Centros de Saúde por 10.000 Habitantes";"Baixo Amazonas";"Santarém";"-";"2011";2,59224346889308
"Social";"Saúde";"Postos e Centros de Saúde por 10.000 Habitantes";"Baixo Amazonas";"Santarém";"-";"2012";2,53824907570996
"Social";"Saúde";"Postos e Centros de Saúde por 10.000 Habitantes";"Baixo Amazonas";"Santarém";"-";"2013";2,35732956160603
"Social";"Saúde";"Postos e Centros de Saúde por 10.000 Habitantes";"Baixo Amazonas";"Santarém";"-";"2014";2,4094643760692
"Social";"Saúde";"Postos e Centros de Saúde por 10.000 Habitantes";"Baixo Amazonas";"Santarém";"-";"2015";2,46137016272392
"Social";"Saúde";"Postos e Centros de Saúde por 10.000 Habitantes";"Baixo Amazonas";"Santarém";"-";"2016";2,4792237652277
"Social";"Saúde";"Postos e Centros de Saúde por 10.000 Habitantes";"Baixo Amazonas";"Santarém";"-";"2017";2,46370257372546
"Social";"Saúde";"Postos e Centros de Saúde por 10.000 Habitantes";"Baixo Amazonas";"Santarém";"-";"2018";2,41189161685945
"Social";"Saúde";"Postos e Centros de Saúde por 10.000 Habitantes";"Baixo Amazonas";"Santarém";"-";"2019";2,36384111048002
"Social";"Saúde";"Postos e Centros de Saúde por 10.000 Habitantes";"Baixo Amazonas";"Santarém";"-";"2020";2,47977029496215
"Social";"Saúde";"Postos e Centros de Saúde por 10.000 Habitantes";"Baixo Amazonas";"Santarém";"-";"2021";2,39995589270251
"Social";"Saúde";"Postos e Centros de Saúde por 10.000 Habitantes";"Baixo Amazonas";"Santarém";"-";"2022";2,22930511956908
"Social";"Saúde";"Postos e Centros de Saúde por 10.000 Habitantes";"Baixo Amazonas";"Santarém";"-";"2023";2,18389533185282
"Social";"Saúde";"Postos e Centros de Saúde por 10.000 Habitantes";"Baixo Amazonas";"Santarém";"-";"2024";2,15498543285821
"Social";"Saúde";"Postos e Centros de Saúde por 10.000 Habitantes";"Baixo Amazonas";"Santarém";"-";"2025";2,1614371894666
"Social";"Saúde";"Postos e Centros de Saúde por 10.000 Habitantes";"Rio Caeté";"Santarém Novo";"-";"2010";6,51359713401726
"Social";"Saúde";"Postos e Centros de Saúde por 10.000 Habitantes";"Rio Caeté";"Santarém Novo";"-";"2011";6,45577792123951
"Social";"Saúde";"Postos e Centros de Saúde por 10.000 Habitantes";"Rio Caeté";"Santarém Novo";"-";"2012";6,40204865556978
"Social";"Saúde";"Postos e Centros de Saúde por 10.000 Habitantes";"Rio Caeté";"Santarém Novo";"-";"2013";7,88519161015613
"Social";"Saúde";"Postos e Centros de Saúde por 10.000 Habitantes";"Rio Caeté";"Santarém Novo";"-";"2014";7,82472613458529
"Social";"Saúde";"Postos e Centros de Saúde por 10.000 Habitantes";"Rio Caeté";"Santarém Novo";"-";"2015";7,76759359950287
"Social";"Saúde";"Postos e Centros de Saúde por 10.000 Habitantes";"Rio Caeté";"Santarém Novo";"-";"2016";7,71366862079605
"Social";"Saúde";"Postos e Centros de Saúde por 10.000 Habitantes";"Rio Caeté";"Santarém Novo";"-";"2017";7,66166104811523
"Social";"Saúde";"Postos e Centros de Saúde por 10.000 Habitantes";"Rio Caeté";"Santarém Novo";"-";"2018";7,50300120048019
"Social";"Saúde";"Postos e Centros de Saúde por 10.000 Habitantes";"Rio Caeté";"Santarém Novo";"-";"2019";7,45267551050827
"Social";"Saúde";"Postos e Centros de Saúde por 10.000 Habitantes";"Rio Caeté";"Santarém Novo";"-";"2020";7,40411668887902
"Social";"Saúde";"Postos e Centros de Saúde por 10.000 Habitantes";"Rio Caeté";"Santarém Novo";"-";"2021";8,82872277810477
"Social";"Saúde";"Postos e Centros de Saúde por 10.000 Habitantes";"Rio Caeté";"Santarém Novo";"-";"2022";9,81033355134075
"Social";"Saúde";"Postos e Centros de Saúde por 10.000 Habitantes";"Rio Caeté";"Santarém Novo";"-";"2023";9,46073793755913
"Social";"Saúde";"Postos e Centros de Saúde por 10.000 Habitantes";"Rio Caeté";"Santarém Novo";"-";"2024";9,45179584120983
"Social";"Saúde";"Postos e Centros de Saúde por 10.000 Habitantes";"Rio Caeté";"Santarém Novo";"-";"2025";9,44138473642801
"Social";"Saúde";"Postos e Centros de Saúde por 10.000 Habitantes";"Guamá";"Santo Antônio do Tauá";"-";"2010";4,12386593686736
"Social";"Saúde";"Postos e Centros de Saúde por 10.000 Habitantes";"Guamá";"Santo Antônio do Tauá";"-";"2011";4,04426633332108
"Social";"Saúde";"Postos e Centros de Saúde por 10.000 Habitantes";"Guamá";"Santo Antônio do Tauá";"-";"2012";3,97011585519905
"Social";"Saúde";"Postos e Centros de Saúde por 10.000 Habitantes";"Guamá";"Santo Antônio do Tauá";"-";"2013";4,54943132108486
"Social";"Saúde";"Postos e Centros de Saúde por 10.000 Habitantes";"Guamá";"Santo Antônio do Tauá";"-";"2014";4,80934386808657
"Social";"Saúde";"Postos e Centros de Saúde por 10.000 Habitantes";"Guamá";"Santo Antônio do Tauá";"-";"2015";4,72510040838368
"Social";"Saúde";"Postos e Centros de Saúde por 10.000 Habitantes";"Guamá";"Santo Antônio do Tauá";"-";"2016";4,64668591722261
"Social";"Saúde";"Postos e Centros de Saúde por 10.000 Habitantes";"Guamá";"Santo Antônio do Tauá";"-";"2017";4,57351932311914
"Social";"Saúde";"Postos e Centros de Saúde por 10.000 Habitantes";"Guamá";"Santo Antônio do Tauá";"-";"2018";4,510599909788
"Social";"Saúde";"Postos e Centros de Saúde por 10.000 Habitantes";"Guamá";"Santo Antônio do Tauá";"-";"2019";5,08226923321263
"Social";"Saúde";"Postos e Centros de Saúde por 10.000 Habitantes";"Guamá";"Santo Antônio do Tauá";"-";"2020";4,69954257785576
"Social";"Saúde";"Postos e Centros de Saúde por 10.000 Habitantes";"Guamá";"Santo Antônio do Tauá";"-";"2021";4,6373585605639
"Social";"Saúde";"Postos e Centros de Saúde por 10.000 Habitantes";"Guamá";"Santo Antônio do Tauá";"-";"2022";5,82644477622811
"Social";"Saúde";"Postos e Centros de Saúde por 10.000 Habitantes";"Guamá";"Santo Antônio do Tauá";"-";"2023";5,49903766840803
"Social";"Saúde";"Postos e Centros de Saúde por 10.000 Habitantes";"Guamá";"Santo Antônio do Tauá";"-";"2024";5,49186517470996
"Social";"Saúde";"Postos e Centros de Saúde por 10.000 Habitantes";"Guamá";"Santo Antônio do Tauá";"-";"2025";5,8151467469385
"Social";"Saúde";"Postos e Centros de Saúde por 10.000 Habitantes";"Guamá";"São Caetano de Odivelas";"-";"2010";3,55218755550293
"Social";"Saúde";"Postos e Centros de Saúde por 10.000 Habitantes";"Guamá";"São Caetano de Odivelas";"-";"2011";4,11982814431169
"Social";"Saúde";"Postos e Centros de Saúde por 10.000 Habitantes";"Guamá";"São Caetano de Odivelas";"-";"2012";5,26716217007081
"Social";"Saúde";"Postos e Centros de Saúde por 10.000 Habitantes";"Guamá";"São Caetano de Odivelas";"-";"2013";5,21255646936175
"Social";"Saúde";"Postos e Centros de Saúde por 10.000 Habitantes";"Guamá";"São Caetano de Odivelas";"-";"2014";5,76568265682657
"Social";"Saúde";"Postos e Centros de Saúde por 10.000 Habitantes";"Guamá";"São Caetano de Odivelas";"-";"2015";5,16647531572905
"Social";"Saúde";"Postos e Centros de Saúde por 10.000 Habitantes";"Guamá";"São Caetano de Odivelas";"-";"2016";5,71689915389892
"Social";"Saúde";"Postos e Centros de Saúde por 10.000 Habitantes";"Guamá";"São Caetano de Odivelas";"-";"2017";5,69378807720777
"Social";"Saúde";"Postos e Centros de Saúde por 10.000 Habitantes";"Guamá";"São Caetano de Odivelas";"-";"2018";5,56483027267668
"Social";"Saúde";"Postos e Centros de Saúde por 10.000 Habitantes";"Guamá";"São Caetano de Odivelas";"-";"2019";5,54016620498615
"Social";"Saúde";"Postos e Centros de Saúde por 10.000 Habitantes";"Guamá";"São Caetano de Odivelas";"-";"2020";5,51602404986486
"Social";"Saúde";"Postos e Centros de Saúde por 10.000 Habitantes";"Guamá";"São Caetano de Odivelas";"-";"2021";6,04163233921019
"Social";"Saúde";"Postos e Centros de Saúde por 10.000 Habitantes";"Guamá";"São Caetano de Odivelas";"-";"2022";6,60026401056042
"Social";"Saúde";"Postos e Centros de Saúde por 10.000 Habitantes";"Guamá";"São Caetano de Odivelas";"-";"2023";6,36500405045712
"Social";"Saúde";"Postos e Centros de Saúde por 10.000 Habitantes";"Guamá";"São Caetano de Odivelas";"-";"2024";6,37755102040816
"Social";"Saúde";"Postos e Centros de Saúde por 10.000 Habitantes";"Guamá";"São Caetano de Odivelas";"-";"2025";6,37385560319852
"Social";"Saúde";"Postos e Centros de Saúde por 10.000 Habitantes";"Carajás";"São Domingos do Araguaia";"-";"2010";4,32338953739732
"Social";"Saúde";"Postos e Centros de Saúde por 10.000 Habitantes";"Carajás";"São Domingos do Araguaia";"-";"2011";3,85109114249037
"Social";"Saúde";"Postos e Centros de Saúde por 10.000 Habitantes";"Carajás";"São Domingos do Araguaia";"-";"2012";3,81323616642657
"Social";"Saúde";"Postos e Centros de Saúde por 10.000 Habitantes";"Carajás";"São Domingos do Araguaia";"-";"2013";3,74812593703148
"Social";"Saúde";"Postos e Centros de Saúde por 10.000 Habitantes";"Carajás";"São Domingos do Araguaia";"-";"2014";3,71363730142356
"Social";"Saúde";"Postos e Centros de Saúde por 10.000 Habitantes";"Carajás";"São Domingos do Araguaia";"-";"2015";3,68083104985481
"Social";"Saúde";"Postos e Centros de Saúde por 10.000 Habitantes";"Carajás";"São Domingos do Araguaia";"-";"2016";3,6497830406748
"Social";"Saúde";"Postos e Centros de Saúde por 10.000 Habitantes";"Carajás";"São Domingos do Araguaia";"-";"2017";3,62041916408544
"Social";"Saúde";"Postos e Centros de Saúde por 10.000 Habitantes";"Carajás";"São Domingos do Araguaia";"-";"2018";3,54917580250808
"Social";"Saúde";"Postos e Centros de Saúde por 10.000 Habitantes";"Carajás";"São Domingos do Araguaia";"-";"2019";3,52154008686466
"Social";"Saúde";"Postos e Centros de Saúde por 10.000 Habitantes";"Carajás";"São Domingos do Araguaia";"-";"2020";3,49473847707063
"Social";"Saúde";"Postos e Centros de Saúde por 10.000 Habitantes";"Carajás";"São Domingos do Araguaia";"-";"2021";3,46887646945462
"Social";"Saúde";"Postos e Centros de Saúde por 10.000 Habitantes";"Carajás";"São Domingos do Araguaia";"-";"2022";4,26702067134459
"Social";"Saúde";"Postos e Centros de Saúde por 10.000 Habitantes";"Carajás";"São Domingos do Araguaia";"-";"2023";4,10471586244641
"Social";"Saúde";"Postos e Centros de Saúde por 10.000 Habitantes";"Carajás";"São Domingos do Araguaia";"-";"2024";4,15934929291062
"Social";"Saúde";"Postos e Centros de Saúde por 10.000 Habitantes";"Carajás";"São Domingos do Araguaia";"-";"2025";4,17536534446764
"Social";"Saúde";"Postos e Centros de Saúde por 10.000 Habitantes";"Guamá";"São Domingos do Capim";"-";"2010";3,6855860081753
"Social";"Saúde";"Postos e Centros de Saúde por 10.000 Habitantes";"Guamá";"São Domingos do Capim";"-";"2011";3,6625158154092
"Social";"Saúde";"Postos e Centros de Saúde por 10.000 Habitantes";"Guamá";"São Domingos do Capim";"-";"2012";3,64057587291081
"Social";"Saúde";"Postos e Centros de Saúde por 10.000 Habitantes";"Guamá";"São Domingos do Capim";"-";"2013";3,60065466448445
"Social";"Saúde";"Postos e Centros de Saúde por 10.000 Habitantes";"Guamá";"São Domingos do Capim";"-";"2014";3,58294518093873
"Social";"Saúde";"Postos e Centros de Saúde por 10.000 Habitantes";"Guamá";"São Domingos do Capim";"-";"2015";3,56598696793854
"Social";"Saúde";"Postos e Centros de Saúde por 10.000 Habitantes";"Guamá";"São Domingos do Capim";"-";"2016";3,5498757543486
"Social";"Saúde";"Postos e Centros de Saúde por 10.000 Habitantes";"Guamá";"São Domingos do Capim";"-";"2017";4,49828101404106
"Social";"Saúde";"Postos e Centros de Saúde por 10.000 Habitantes";"Guamá";"São Domingos do Capim";"-";"2018";4,71149919904514
"Social";"Saúde";"Postos e Centros de Saúde por 10.000 Habitantes";"Guamá";"São Domingos do Capim";"-";"2019";5,00171934102348
"Social";"Saúde";"Postos e Centros de Saúde por 10.000 Habitantes";"Guamá";"São Domingos do Capim";"-";"2020";5,2895236317247
"Social";"Saúde";"Postos e Centros de Saúde por 10.000 Habitantes";"Guamá";"São Domingos do Capim";"-";"2021";4,95586185535078
"Social";"Saúde";"Postos e Centros de Saúde por 10.000 Habitantes";"Guamá";"São Domingos do Capim";"-";"2022";5,22892904996895
"Social";"Saúde";"Postos e Centros de Saúde por 10.000 Habitantes";"Guamá";"São Domingos do Capim";"-";"2023";5,54323725055432
"Social";"Saúde";"Postos e Centros de Saúde por 10.000 Habitantes";"Guamá";"São Domingos do Capim";"-";"2024";5,5471663225369
"Social";"Saúde";"Postos e Centros de Saúde por 10.000 Habitantes";"Guamá";"São Domingos do Capim";"-";"2025";5,52927443632119
"Social";"Saúde";"Postos e Centros de Saúde por 10.000 Habitantes";"Araguaia";"São Félix do Xingu";"-";"2010";2,40858331508649
"Social";"Saúde";"Postos e Centros de Saúde por 10.000 Habitantes";"Araguaia";"São Félix do Xingu";"-";"2011";2,08999519301106
"Social";"Saúde";"Postos e Centros de Saúde por 10.000 Habitantes";"Araguaia";"São Félix do Xingu";"-";"2012";2,1019968970522
"Social";"Saúde";"Postos e Centros de Saúde por 10.000 Habitantes";"Araguaia";"São Félix do Xingu";"-";"2013";1,87020759304283
"Social";"Saúde";"Postos e Centros de Saúde por 10.000 Habitantes";"Araguaia";"São Félix do Xingu";"-";"2014";1,79158492560444
"Social";"Saúde";"Postos e Centros de Saúde por 10.000 Habitantes";"Araguaia";"São Félix do Xingu";"-";"2015";1,54924001170537
"Social";"Saúde";"Postos e Centros de Saúde por 10.000 Habitantes";"Araguaia";"São Félix do Xingu";"-";"2016";1,49278487311329
"Social";"Saúde";"Postos e Centros de Saúde por 10.000 Habitantes";"Araguaia";"São Félix do Xingu";"-";"2017";1,68261141291284
"Social";"Saúde";"Postos e Centros de Saúde por 10.000 Habitantes";"Araguaia";"São Félix do Xingu";"-";"2018";1,7633432988947
"Social";"Saúde";"Postos e Centros de Saúde por 10.000 Habitantes";"Araguaia";"São Félix do Xingu";"-";"2019";1,86798047960399
"Social";"Saúde";"Postos e Centros de Saúde por 10.000 Habitantes";"Araguaia";"São Félix do Xingu";"-";"2020";1,96763989162845
"Social";"Saúde";"Postos e Centros de Saúde por 10.000 Habitantes";"Araguaia";"São Félix do Xingu";"-";"2021";1,91553944537766
"Social";"Saúde";"Postos e Centros de Saúde por 10.000 Habitantes";"Araguaia";"São Félix do Xingu";"-";"2022";3,97444128527317
"Social";"Saúde";"Postos e Centros de Saúde por 10.000 Habitantes";"Araguaia";"São Félix do Xingu";"-";"2023";3,81349095762625
"Social";"Saúde";"Postos e Centros de Saúde por 10.000 Habitantes";"Araguaia";"São Félix do Xingu";"-";"2024";4,0935761177737
"Social";"Saúde";"Postos e Centros de Saúde por 10.000 Habitantes";"Araguaia";"São Félix do Xingu";"-";"2025";4,02159286012591
"Social";"Saúde";"Postos e Centros de Saúde por 10.000 Habitantes";"Guamá";"São Francisco do Pará";"-";"2010";7,30411686586985
"Social";"Saúde";"Postos e Centros de Saúde por 10.000 Habitantes";"Guamá";"São Francisco do Pará";"-";"2011";7,27368908285393
"Social";"Saúde";"Postos e Centros de Saúde por 10.000 Habitantes";"Guamá";"São Francisco do Pará";"-";"2012";7,24446786090622
"Social";"Saúde";"Postos e Centros de Saúde por 10.000 Habitantes";"Guamá";"São Francisco do Pará";"-";"2013";7,18907260963336
"Social";"Saúde";"Postos e Centros de Saúde por 10.000 Habitantes";"Guamá";"São Francisco do Pará";"-";"2014";7,17032787953849
"Social";"Saúde";"Postos e Centros de Saúde por 10.000 Habitantes";"Guamá";"São Francisco do Pará";"-";"2015";7,15214564369311
"Social";"Saúde";"Postos e Centros de Saúde por 10.000 Habitantes";"Guamá";"São Francisco do Pará";"-";"2016";7,13451809573226
"Social";"Saúde";"Postos e Centros de Saúde por 10.000 Habitantes";"Guamá";"São Francisco do Pará";"-";"2017";7,11789827876278
"Social";"Saúde";"Postos e Centros de Saúde por 10.000 Habitantes";"Guamá";"São Francisco do Pará";"-";"2018";6,94751468451967
"Social";"Saúde";"Postos e Centros de Saúde por 10.000 Habitantes";"Guamá";"São Francisco do Pará";"-";"2019";6,92607983881123
"Social";"Saúde";"Postos e Centros de Saúde por 10.000 Habitantes";"Guamá";"São Francisco do Pará";"-";"2020";6,9052102950408
"Social";"Saúde";"Postos e Centros de Saúde por 10.000 Habitantes";"Guamá";"São Francisco do Pará";"-";"2021";6,8844661409438
"Social";"Saúde";"Postos e Centros de Saúde por 10.000 Habitantes";"Guamá";"São Francisco do Pará";"-";"2022";7,38552437223043
"Social";"Saúde";"Postos e Centros de Saúde por 10.000 Habitantes";"Guamá";"São Francisco do Pará";"-";"2023";7,758453481606
"Social";"Saúde";"Postos e Centros de Saúde por 10.000 Habitantes";"Guamá";"São Francisco do Pará";"-";"2024";7,78311064988974
"Social";"Saúde";"Postos e Centros de Saúde por 10.000 Habitantes";"Guamá";"São Francisco do Pará";"-";"2025";8,42569187892929
"Social";"Saúde";"Postos e Centros de Saúde por 10.000 Habitantes";"Carajás";"São Geraldo do Araguaia";"-";"2010";4,29905811544925
"Social";"Saúde";"Postos e Centros de Saúde por 10.000 Habitantes";"Carajás";"São Geraldo do Araguaia";"-";"2011";4,32576979039679
"Social";"Saúde";"Postos e Centros de Saúde por 10.000 Habitantes";"Carajás";"São Geraldo do Araguaia";"-";"2012";4,35178225264074
"Social";"Saúde";"Postos e Centros de Saúde por 10.000 Habitantes";"Carajás";"São Geraldo do Araguaia";"-";"2013";4,39016602809706
"Social";"Saúde";"Postos e Centros de Saúde por 10.000 Habitantes";"Carajás";"São Geraldo do Araguaia";"-";"2014";4,43048171419365
"Social";"Saúde";"Postos e Centros de Saúde por 10.000 Habitantes";"Carajás";"São Geraldo do Araguaia";"-";"2015";4,06388426057626
"Social";"Saúde";"Postos e Centros de Saúde por 10.000 Habitantes";"Carajás";"São Geraldo do Araguaia";"-";"2016";4,50930556694269
"Social";"Saúde";"Postos e Centros de Saúde por 10.000 Habitantes";"Carajás";"São Geraldo do Araguaia";"-";"2017";4,54770960807012
"Social";"Saúde";"Postos e Centros de Saúde por 10.000 Habitantes";"Carajás";"São Geraldo do Araguaia";"-";"2018";4,40158457044536
"Social";"Saúde";"Postos e Centros de Saúde por 10.000 Habitantes";"Carajás";"São Geraldo do Araguaia";"-";"2019";4,02463074012959
"Social";"Saúde";"Postos e Centros de Saúde por 10.000 Habitantes";"Carajás";"São Geraldo do Araguaia";"-";"2020";4,45253997166565
"Social";"Saúde";"Postos e Centros de Saúde por 10.000 Habitantes";"Carajás";"São Geraldo do Araguaia";"-";"2021";4,47773345273956
"Social";"Saúde";"Postos e Centros de Saúde por 10.000 Habitantes";"Carajás";"São Geraldo do Araguaia";"-";"2022";4,53514739229025
"Social";"Saúde";"Postos e Centros de Saúde por 10.000 Habitantes";"Carajás";"São Geraldo do Araguaia";"-";"2023";3,96510705789056
"Social";"Saúde";"Postos e Centros de Saúde por 10.000 Habitantes";"Carajás";"São Geraldo do Araguaia";"-";"2024";4,80422772039395
"Social";"Saúde";"Postos e Centros de Saúde por 10.000 Habitantes";"Carajás";"São Geraldo do Araguaia";"-";"2025";4,81367082514341
"Social";"Saúde";"Postos e Centros de Saúde por 10.000 Habitantes";"Guamá";"São João da Ponta";"-";"2010";5,6980056980057
"Social";"Saúde";"Postos e Centros de Saúde por 10.000 Habitantes";"Guamá";"São João da Ponta";"-";"2011";5,59701492537313
"Social";"Saúde";"Postos e Centros de Saúde por 10.000 Habitantes";"Guamá";"São João da Ponta";"-";"2012";5,50357732526142
"Social";"Saúde";"Postos e Centros de Saúde por 10.000 Habitantes";"Guamá";"São João da Ponta";"-";"2013";5,34950071326676
"Social";"Saúde";"Postos e Centros de Saúde por 10.000 Habitantes";"Guamá";"São João da Ponta";"-";"2014";7,01385235840786
"Social";"Saúde";"Postos e Centros de Saúde por 10.000 Habitantes";"Guamá";"São João da Ponta";"-";"2015";8,6281276962899
"Social";"Saúde";"Postos e Centros de Saúde por 10.000 Habitantes";"Guamá";"São João da Ponta";"-";"2016";8,49762066621346
"Social";"Saúde";"Postos e Centros de Saúde por 10.000 Habitantes";"Guamá";"São João da Ponta";"-";"2017";8,37520938023451
"Social";"Saúde";"Postos e Centros de Saúde por 10.000 Habitantes";"Guamá";"São João da Ponta";"-";"2018";8,25218682950982
"Social";"Saúde";"Postos e Centros de Saúde por 10.000 Habitantes";"Guamá";"São João da Ponta";"-";"2019";8,14464896562958
"Social";"Saúde";"Postos e Centros de Saúde por 10.000 Habitantes";"Guamá";"São João da Ponta";"-";"2020";8,04246421103426
"Social";"Saúde";"Postos e Centros de Saúde por 10.000 Habitantes";"Guamá";"São João da Ponta";"-";"2021";7,94407372100413
"Social";"Saúde";"Postos e Centros de Saúde por 10.000 Habitantes";"Guamá";"São João da Ponta";"-";"2022";2,25733634311512
"Social";"Saúde";"Postos e Centros de Saúde por 10.000 Habitantes";"Guamá";"São João da Ponta";"-";"2023";8,79507475813544
"Social";"Saúde";"Postos e Centros de Saúde por 10.000 Habitantes";"Guamá";"São João da Ponta";"-";"2024";8,87114659569749
"Social";"Saúde";"Postos e Centros de Saúde por 10.000 Habitantes";"Guamá";"São João da Ponta";"-";"2025";8,94854586129754
"Social";"Saúde";"Postos e Centros de Saúde por 10.000 Habitantes";"Rio Caeté";"São João de Pirabas";"-";"2010";3,39032304935342
"Social";"Saúde";"Postos e Centros de Saúde por 10.000 Habitantes";"Rio Caeté";"São João de Pirabas";"-";"2011";3,35088559119196
"Social";"Saúde";"Postos e Centros de Saúde por 10.000 Habitantes";"Rio Caeté";"São João de Pirabas";"-";"2012";3,31360946745562
"Social";"Saúde";"Postos e Centros de Saúde por 10.000 Habitantes";"Rio Caeté";"São João de Pirabas";"-";"2013";3,25037147102526
"Social";"Saúde";"Postos e Centros de Saúde por 10.000 Habitantes";"Rio Caeté";"São João de Pirabas";"-";"2014";3,21587724537143
"Social";"Saúde";"Postos e Centros de Saúde por 10.000 Habitantes";"Rio Caeté";"São João de Pirabas";"-";"2015";4,0925833295439
"Social";"Saúde";"Postos e Centros de Saúde por 10.000 Habitantes";"Rio Caeté";"São João de Pirabas";"-";"2016";4,05277615166389
"Social";"Saúde";"Postos e Centros de Saúde por 10.000 Habitantes";"Rio Caeté";"São João de Pirabas";"-";"2017";4,01516841400848
"Social";"Saúde";"Postos e Centros de Saúde por 10.000 Habitantes";"Rio Caeté";"São João de Pirabas";"-";"2018";3,94011032308905
"Social";"Saúde";"Postos e Centros de Saúde por 10.000 Habitantes";"Rio Caeté";"São João de Pirabas";"-";"2019";3,90540247342157
"Social";"Saúde";"Postos e Centros de Saúde por 10.000 Habitantes";"Rio Caeté";"São João de Pirabas";"-";"2020";3,87196695921528
"Social";"Saúde";"Postos e Centros de Saúde por 10.000 Habitantes";"Rio Caeté";"São João de Pirabas";"-";"2021";4,26621160409556
"Social";"Saúde";"Postos e Centros de Saúde por 10.000 Habitantes";"Rio Caeté";"São João de Pirabas";"-";"2022";4,35013775436222
"Social";"Saúde";"Postos e Centros de Saúde por 10.000 Habitantes";"Rio Caeté";"São João de Pirabas";"-";"2023";4,19209092179422
"Social";"Saúde";"Postos e Centros de Saúde por 10.000 Habitantes";"Rio Caeté";"São João de Pirabas";"-";"2024";4,66265678183429
"Social";"Saúde";"Postos e Centros de Saúde por 10.000 Habitantes";"Rio Caeté";"São João de Pirabas";"-";"2025";4,65614378171998
"Social";"Saúde";"Postos e Centros de Saúde por 10.000 Habitantes";"Carajás";"São João do Araguaia";"-";"2010";7,60167236792094
"Social";"Saúde";"Postos e Centros de Saúde por 10.000 Habitantes";"Carajás";"São João do Araguaia";"-";"2011";7,56143667296786
"Social";"Saúde";"Postos e Centros de Saúde por 10.000 Habitantes";"Carajás";"São João do Araguaia";"-";"2012";9,02730760550666
"Social";"Saúde";"Postos e Centros de Saúde por 10.000 Habitantes";"Carajás";"São João do Araguaia";"-";"2013";8,94254415381176
"Social";"Saúde";"Postos e Centros de Saúde por 10.000 Habitantes";"Carajás";"São João do Araguaia";"-";"2014";8,9086859688196
"Social";"Saúde";"Postos e Centros de Saúde por 10.000 Habitantes";"Carajás";"São João do Araguaia";"-";"2015";8,87508320390504
"Social";"Saúde";"Postos e Centros de Saúde por 10.000 Habitantes";"Carajás";"São João do Araguaia";"-";"2016";8,84368781782003
"Social";"Saúde";"Postos e Centros de Saúde por 10.000 Habitantes";"Carajás";"São João do Araguaia";"-";"2017";8,07873090481786
"Social";"Saúde";"Postos e Centros de Saúde por 10.000 Habitantes";"Carajás";"São João do Araguaia";"-";"2018";7,8909612625538
"Social";"Saúde";"Postos e Centros de Saúde por 10.000 Habitantes";"Carajás";"São João do Araguaia";"-";"2019";8,57387825092884
"Social";"Saúde";"Postos e Centros de Saúde por 10.000 Habitantes";"Carajás";"São João do Araguaia";"-";"2020";8,5403174151306
"Social";"Saúde";"Postos e Centros de Saúde por 10.000 Habitantes";"Carajás";"São João do Araguaia";"-";"2021";7,08968450903935
"Social";"Saúde";"Postos e Centros de Saúde por 10.000 Habitantes";"Carajás";"São João do Araguaia";"-";"2022";7,31850117096019
"Social";"Saúde";"Postos e Centros de Saúde por 10.000 Habitantes";"Carajás";"São João do Araguaia";"-";"2023";8,40453845076341
"Social";"Saúde";"Postos e Centros de Saúde por 10.000 Habitantes";"Carajás";"São João do Araguaia";"-";"2024";7,72146567457532
"Social";"Saúde";"Postos e Centros de Saúde por 10.000 Habitantes";"Carajás";"São João do Araguaia";"-";"2025";7,69607500174911
"Social";"Saúde";"Postos e Centros de Saúde por 10.000 Habitantes";"Guamá";"São Miguel do Guamá";"-";"2010";4,46021680532123
"Social";"Saúde";"Postos e Centros de Saúde por 10.000 Habitantes";"Guamá";"São Miguel do Guamá";"-";"2011";4,39350525310411
"Social";"Saúde";"Postos e Centros de Saúde por 10.000 Habitantes";"Guamá";"São Miguel do Guamá";"-";"2012";4,33079761994426
"Social";"Saúde";"Postos e Centros de Saúde por 10.000 Habitantes";"Guamá";"São Miguel do Guamá";"-";"2013";4,41038646011357
"Social";"Saúde";"Postos e Centros de Saúde por 10.000 Habitantes";"Guamá";"São Miguel do Guamá";"-";"2014";4,34853508724249
"Social";"Saúde";"Postos e Centros de Saúde por 10.000 Habitantes";"Guamá";"São Miguel do Guamá";"-";"2015";3,93264452468628
"Social";"Saúde";"Postos e Centros de Saúde por 10.000 Habitantes";"Guamá";"São Miguel do Guamá";"-";"2016";3,88233010394057
"Social";"Saúde";"Postos e Centros de Saúde por 10.000 Habitantes";"Guamá";"São Miguel do Guamá";"-";"2017";3,83515793877693
"Social";"Saúde";"Postos e Centros de Saúde por 10.000 Habitantes";"Guamá";"São Miguel do Guamá";"-";"2018";3,77177341928405
"Social";"Saúde";"Postos e Centros de Saúde por 10.000 Habitantes";"Guamá";"São Miguel do Guamá";"-";"2019";3,72969857254264
"Social";"Saúde";"Postos e Centros de Saúde por 10.000 Habitantes";"Guamá";"São Miguel do Guamá";"-";"2020";4,02468473302925
"Social";"Saúde";"Postos e Centros de Saúde por 10.000 Habitantes";"Guamá";"São Miguel do Guamá";"-";"2021";4,14813831552399
"Social";"Saúde";"Postos e Centros de Saúde por 10.000 Habitantes";"Guamá";"São Miguel do Guamá";"-";"2022";5,10454872008167
"Social";"Saúde";"Postos e Centros de Saúde por 10.000 Habitantes";"Guamá";"São Miguel do Guamá";"-";"2023";4,84330995389886
"Social";"Saúde";"Postos e Centros de Saúde por 10.000 Habitantes";"Guamá";"São Miguel do Guamá";"-";"2024";4,83888311409011
"Social";"Saúde";"Postos e Centros de Saúde por 10.000 Habitantes";"Guamá";"São Miguel do Guamá";"-";"2025";4,64534572092192
"Social";"Saúde";"Postos e Centros de Saúde por 10.000 Habitantes";"Marajó";"São Sebastião da Boa Vista";"-";"2010";3,49283967865875
"Social";"Saúde";"Postos e Centros de Saúde por 10.000 Habitantes";"Marajó";"São Sebastião da Boa Vista";"-";"2011";3,86150083665851
"Social";"Saúde";"Postos e Centros de Saúde por 10.000 Habitantes";"Marajó";"São Sebastião da Boa Vista";"-";"2012";4,22012153950034
"Social";"Saúde";"Postos e Centros de Saúde por 10.000 Habitantes";"Marajó";"São Sebastião da Boa Vista";"-";"2013";5,33596026761893
"Social";"Saúde";"Postos e Centros de Saúde por 10.000 Habitantes";"Marajó";"São Sebastião da Boa Vista";"-";"2014";4,84496124031008
"Social";"Saúde";"Postos e Centros de Saúde por 10.000 Habitantes";"Marajó";"São Sebastião da Boa Vista";"-";"2015";4,76928579945153
"Social";"Saúde";"Postos e Centros de Saúde por 10.000 Habitantes";"Marajó";"São Sebastião da Boa Vista";"-";"2016";5,09005481597494
"Social";"Saúde";"Postos e Centros de Saúde por 10.000 Habitantes";"Marajó";"São Sebastião da Boa Vista";"-";"2017";5,01852995676343
"Social";"Saúde";"Postos e Centros de Saúde por 10.000 Habitantes";"Marajó";"São Sebastião da Boa Vista";"-";"2018";4,94277784114673
"Social";"Saúde";"Postos e Centros de Saúde por 10.000 Habitantes";"Marajó";"São Sebastião da Boa Vista";"-";"2019";4,87987987987988
"Social";"Saúde";"Postos e Centros de Saúde por 10.000 Habitantes";"Marajó";"São Sebastião da Boa Vista";"-";"2020";4,81945577222511
"Social";"Saúde";"Postos e Centros de Saúde por 10.000 Habitantes";"Marajó";"São Sebastião da Boa Vista";"-";"2021";4,7615559299685
"Social";"Saúde";"Postos e Centros de Saúde por 10.000 Habitantes";"Marajó";"São Sebastião da Boa Vista";"-";"2022";5,06960964005772
"Social";"Saúde";"Postos e Centros de Saúde por 10.000 Habitantes";"Marajó";"São Sebastião da Boa Vista";"-";"2023";5,15255235361231
"Social";"Saúde";"Postos e Centros de Saúde por 10.000 Habitantes";"Marajó";"São Sebastião da Boa Vista";"-";"2024";5,46627309500383
"Social";"Saúde";"Postos e Centros de Saúde por 10.000 Habitantes";"Marajó";"São Sebastião da Boa Vista";"-";"2025";5,42475859824238
"Social";"Saúde";"Postos e Centros de Saúde por 10.000 Habitantes";"Araguaia";"Sapucaia";"-";"2010";5,9441252229047
"Social";"Saúde";"Postos e Centros de Saúde por 10.000 Habitantes";"Araguaia";"Sapucaia";"-";"2011";5,83203732503888
"Social";"Saúde";"Postos e Centros de Saúde por 10.000 Habitantes";"Araguaia";"Sapucaia";"-";"2012";5,72956455309397
"Social";"Saúde";"Postos e Centros de Saúde por 10.000 Habitantes";"Araguaia";"Sapucaia";"-";"2013";5,56070435588508
"Social";"Saúde";"Postos e Centros de Saúde por 10.000 Habitantes";"Araguaia";"Sapucaia";"-";"2014";5,46249089584851
"Social";"Saúde";"Postos e Centros de Saúde por 10.000 Habitantes";"Araguaia";"Sapucaia";"-";"2015";5,36960801861464
"Social";"Saúde";"Postos e Centros de Saúde por 10.000 Habitantes";"Araguaia";"Sapucaia";"-";"2016";0
"Social";"Saúde";"Postos e Centros de Saúde por 10.000 Habitantes";"Araguaia";"Sapucaia";"-";"2017";5,20291363163372
"Social";"Saúde";"Postos e Centros de Saúde por 10.000 Habitantes";"Araguaia";"Sapucaia";"-";"2018";5,12908189434091
"Social";"Saúde";"Postos e Centros de Saúde por 10.000 Habitantes";"Araguaia";"Sapucaia";"-";"2019";5,05902192242833
"Social";"Saúde";"Postos e Centros de Saúde por 10.000 Habitantes";"Araguaia";"Sapucaia";"-";"2020";4,99251123315027
"Social";"Saúde";"Postos e Centros de Saúde por 10.000 Habitantes";"Araguaia";"Sapucaia";"-";"2021";4,92772667542707
"Social";"Saúde";"Postos e Centros de Saúde por 10.000 Habitantes";"Araguaia";"Sapucaia";"-";"2022";5,13083632632119
"Social";"Saúde";"Postos e Centros de Saúde por 10.000 Habitantes";"Araguaia";"Sapucaia";"-";"2023";3,29109758104328
"Social";"Saúde";"Postos e Centros de Saúde por 10.000 Habitantes";"Araguaia";"Sapucaia";"-";"2024";3,24675324675325
"Social";"Saúde";"Postos e Centros de Saúde por 10.000 Habitantes";"Araguaia";"Sapucaia";"-";"2025";4,82936252414681
"Social";"Saúde";"Postos e Centros de Saúde por 10.000 Habitantes";"Xingu";"Senador José Porfírio";"-";"2010";4,59946339593714
"Social";"Saúde";"Postos e Centros de Saúde por 10.000 Habitantes";"Xingu";"Senador José Porfírio";"-";"2011";4,67289719626168
"Social";"Saúde";"Postos e Centros de Saúde por 10.000 Habitantes";"Xingu";"Senador José Porfírio";"-";"2012";4,74645993196741
"Social";"Saúde";"Postos e Centros de Saúde por 10.000 Habitantes";"Xingu";"Senador José Porfírio";"-";"2013";5,6767496553402
"Social";"Saúde";"Postos e Centros de Saúde por 10.000 Habitantes";"Xingu";"Senador José Porfírio";"-";"2014";6,62525879917184
"Social";"Saúde";"Postos e Centros de Saúde por 10.000 Habitantes";"Xingu";"Senador José Porfírio";"-";"2015";6,76418364758603
"Social";"Saúde";"Postos e Centros de Saúde por 10.000 Habitantes";"Xingu";"Senador José Porfírio";"-";"2016";6,90428928972124
"Social";"Saúde";"Postos e Centros de Saúde por 10.000 Habitantes";"Xingu";"Senador José Porfírio";"-";"2017";7,04411376243726
"Social";"Saúde";"Postos e Centros de Saúde por 10.000 Habitantes";"Xingu";"Senador José Porfírio";"-";"2018";6,75732747698285
"Social";"Saúde";"Postos e Centros de Saúde por 10.000 Habitantes";"Xingu";"Senador José Porfírio";"-";"2019";6,86224052153028
"Social";"Saúde";"Postos e Centros de Saúde por 10.000 Habitantes";"Xingu";"Senador José Porfírio";"-";"2020";6,96864111498258
"Social";"Saúde";"Postos e Centros de Saúde por 10.000 Habitantes";"Xingu";"Senador José Porfírio";"-";"2021";8,84564352056612
"Social";"Saúde";"Postos e Centros de Saúde por 10.000 Habitantes";"Xingu";"Senador José Porfírio";"-";"2022";4,42948263642807
"Social";"Saúde";"Postos e Centros de Saúde por 10.000 Habitantes";"Xingu";"Senador José Porfírio";"-";"2023";4,26839679016561
"Social";"Saúde";"Postos e Centros de Saúde por 10.000 Habitantes";"Xingu";"Senador José Porfírio";"-";"2024";4,09148561842805
"Social";"Saúde";"Postos e Centros de Saúde por 10.000 Habitantes";"Xingu";"Senador José Porfírio";"-";"2025";4,00176077474089
"Social";"Saúde";"Postos e Centros de Saúde por 10.000 Habitantes";"Marajó";"Soure";"-";"2010";2,60858223555498
"Social";"Saúde";"Postos e Centros de Saúde por 10.000 Habitantes";"Marajó";"Soure";"-";"2011";3,0126963632451
"Social";"Saúde";"Postos e Centros de Saúde por 10.000 Habitantes";"Marajó";"Soure";"-";"2012";3,40991432590256
"Social";"Saúde";"Postos e Centros de Saúde por 10.000 Habitantes";"Marajó";"Soure";"-";"2013";3,35275135157789
"Social";"Saúde";"Postos e Centros de Saúde por 10.000 Habitantes";"Marajó";"Soure";"-";"2014";3,7381624854627
"Social";"Saúde";"Postos e Centros de Saúde por 10.000 Habitantes";"Marajó";"Soure";"-";"2015";3,70583875483818
"Social";"Saúde";"Postos e Centros de Saúde por 10.000 Habitantes";"Marajó";"Soure";"-";"2016";3,67526951976478
"Social";"Saúde";"Postos e Centros de Saúde por 10.000 Habitantes";"Marajó";"Soure";"-";"2017";3,64638197876995
"Social";"Saúde";"Postos e Centros de Saúde por 10.000 Habitantes";"Marajó";"Soure";"-";"2018";3,57412334696795
"Social";"Saúde";"Postos e Centros de Saúde por 10.000 Habitantes";"Marajó";"Soure";"-";"2019";3,54693781035706
"Social";"Saúde";"Postos e Centros de Saúde por 10.000 Habitantes";"Marajó";"Soure";"-";"2020";3,52043809896343
"Social";"Saúde";"Postos e Centros de Saúde por 10.000 Habitantes";"Marajó";"Soure";"-";"2021";3,49487418452936
"Social";"Saúde";"Postos e Centros de Saúde por 10.000 Habitantes";"Marajó";"Soure";"-";"2022";3,7183936539415
"Social";"Saúde";"Postos e Centros de Saúde por 10.000 Habitantes";"Marajó";"Soure";"-";"2023";3,57867112012406
"Social";"Saúde";"Postos e Centros de Saúde por 10.000 Habitantes";"Marajó";"Soure";"-";"2024";3,96542152430803
"Social";"Saúde";"Postos e Centros de Saúde por 10.000 Habitantes";"Marajó";"Soure";"-";"2025";3,95022713806044
"Social";"Saúde";"Postos e Centros de Saúde por 10.000 Habitantes";"Tocantins";"Tailândia";"-";"2010";0,504432702372095
"Social";"Saúde";"Postos e Centros de Saúde por 10.000 Habitantes";"Tocantins";"Tailândia";"-";"2011";0,606545842734794
"Social";"Saúde";"Postos e Centros de Saúde por 10.000 Habitantes";"Tocantins";"Tailândia";"-";"2012";0,585014274348294
"Social";"Saúde";"Postos e Centros de Saúde por 10.000 Habitantes";"Tocantins";"Tailândia";"-";"2013";0,66260270341903
"Social";"Saúde";"Postos e Centros de Saúde por 10.000 Habitantes";"Tocantins";"Tailândia";"-";"2014";0,745426277341171
"Social";"Saúde";"Postos e Centros de Saúde por 10.000 Habitantes";"Tocantins";"Tailândia";"-";"2015";0,720453679974475
"Social";"Saúde";"Postos e Centros de Saúde por 10.000 Habitantes";"Tocantins";"Tailândia";"-";"2016";0,69790628115653
"Social";"Saúde";"Postos e Centros de Saúde por 10.000 Habitantes";"Tocantins";"Tailândia";"-";"2017";0,774285963163345
"Social";"Saúde";"Postos e Centros de Saúde por 10.000 Habitantes";"Tocantins";"Tailândia";"-";"2018";0,964655039357926
"Social";"Saúde";"Postos e Centros de Saúde por 10.000 Habitantes";"Tocantins";"Tailândia";"-";"2019";0,940388756712025
"Social";"Saúde";"Postos e Centros de Saúde por 10.000 Habitantes";"Tocantins";"Tailândia";"-";"2020";0,825922968917766
"Social";"Saúde";"Postos e Centros de Saúde por 10.000 Habitantes";"Tocantins";"Tailândia";"-";"2021";0,896426842605375
"Social";"Saúde";"Postos e Centros de Saúde por 10.000 Habitantes";"Tocantins";"Tailândia";"-";"2022";1,379443532479
"Social";"Saúde";"Postos e Centros de Saúde por 10.000 Habitantes";"Tocantins";"Tailândia";"-";"2023";1,44674023121539
"Social";"Saúde";"Postos e Centros de Saúde por 10.000 Habitantes";"Tocantins";"Tailândia";"-";"2024";1,45645208272648
"Social";"Saúde";"Postos e Centros de Saúde por 10.000 Habitantes";"Tocantins";"Tailândia";"-";"2025";1,32819763580821
"Social";"Saúde";"Postos e Centros de Saúde por 10.000 Habitantes";"Guamá";"Terra Alta";"-";"2010";4,87234457220815
"Social";"Saúde";"Postos e Centros de Saúde por 10.000 Habitantes";"Guamá";"Terra Alta";"-";"2011";4,80030721966206
"Social";"Saúde";"Postos e Centros de Saúde por 10.000 Habitantes";"Guamá";"Terra Alta";"-";"2012";4,73260766682442
"Social";"Saúde";"Postos e Centros de Saúde por 10.000 Habitantes";"Guamá";"Terra Alta";"-";"2013";4,62021807429311
"Social";"Saúde";"Postos e Centros de Saúde por 10.000 Habitantes";"Guamá";"Terra Alta";"-";"2014";4,55663902305659
"Social";"Saúde";"Postos e Centros de Saúde por 10.000 Habitantes";"Guamá";"Terra Alta";"-";"2015";4,49640287769784
"Social";"Saúde";"Postos e Centros de Saúde por 10.000 Habitantes";"Guamá";"Terra Alta";"-";"2016";4,43970875510567
"Social";"Saúde";"Postos e Centros de Saúde por 10.000 Habitantes";"Guamá";"Terra Alta";"-";"2017";5,26361961575577
"Social";"Saúde";"Postos e Centros de Saúde por 10.000 Habitantes";"Guamá";"Terra Alta";"-";"2018";5,1764299887844
"Social";"Saúde";"Postos e Centros de Saúde por 10.000 Habitantes";"Guamá";"Terra Alta";"-";"2019";5,11945392491468
"Social";"Saúde";"Postos e Centros de Saúde por 10.000 Habitantes";"Guamá";"Terra Alta";"-";"2020";5,9086688613151
"Social";"Saúde";"Postos e Centros de Saúde por 10.000 Habitantes";"Guamá";"Terra Alta";"-";"2021";5,0121126054632
"Social";"Saúde";"Postos e Centros de Saúde por 10.000 Habitantes";"Guamá";"Terra Alta";"-";"2022";5,76923076923077
"Social";"Saúde";"Postos e Centros de Saúde por 10.000 Habitantes";"Guamá";"Terra Alta";"-";"2023";5,54733727810651
"Social";"Saúde";"Postos e Centros de Saúde por 10.000 Habitantes";"Guamá";"Terra Alta";"-";"2024";5,54785020804438
"Social";"Saúde";"Postos e Centros de Saúde por 10.000 Habitantes";"Guamá";"Terra Alta";"-";"2025";5,53658761649903
"Social";"Saúde";"Postos e Centros de Saúde por 10.000 Habitantes";"Baixo Amazonas";"Terra Santa";"-";"2010";5,31004779043011
"Social";"Saúde";"Postos e Centros de Saúde por 10.000 Habitantes";"Baixo Amazonas";"Terra Santa";"-";"2011";5,25394045534151
"Social";"Saúde";"Postos e Centros de Saúde por 10.000 Habitantes";"Baixo Amazonas";"Terra Santa";"-";"2012";5,20080901473563
"Social";"Saúde";"Postos e Centros de Saúde por 10.000 Habitantes";"Baixo Amazonas";"Terra Santa";"-";"2013";4,54184171681617
"Social";"Saúde";"Postos e Centros de Saúde por 10.000 Habitantes";"Baixo Amazonas";"Terra Santa";"-";"2014";4,49867851318675
"Social";"Saúde";"Postos e Centros de Saúde por 10.000 Habitantes";"Baixo Amazonas";"Terra Santa";"-";"2015";4,45781789813886
"Social";"Saúde";"Postos e Centros de Saúde por 10.000 Habitantes";"Baixo Amazonas";"Terra Santa";"-";"2016";4,97100248550124
"Social";"Saúde";"Postos e Centros de Saúde por 10.000 Habitantes";"Baixo Amazonas";"Terra Santa";"-";"2017";2,19094046119297
"Social";"Saúde";"Postos e Centros de Saúde por 10.000 Habitantes";"Baixo Amazonas";"Terra Santa";"-";"2018";3,75960040818519
"Social";"Saúde";"Postos e Centros de Saúde por 10.000 Habitantes";"Baixo Amazonas";"Terra Santa";"-";"2019";3,72955405189408
"Social";"Saúde";"Postos e Centros de Saúde por 10.000 Habitantes";"Baixo Amazonas";"Terra Santa";"-";"2020";3,70037532378284
"Social";"Saúde";"Postos e Centros de Saúde por 10.000 Habitantes";"Baixo Amazonas";"Terra Santa";"-";"2021";3,67203483187326
"Social";"Saúde";"Postos e Centros de Saúde por 10.000 Habitantes";"Baixo Amazonas";"Terra Santa";"-";"2022";3,72697263337238
"Social";"Saúde";"Postos e Centros de Saúde por 10.000 Habitantes";"Baixo Amazonas";"Terra Santa";"-";"2023";3,58827147836785
"Social";"Saúde";"Postos e Centros de Saúde por 10.000 Habitantes";"Baixo Amazonas";"Terra Santa";"-";"2024";4,06772766563279
"Social";"Saúde";"Postos e Centros de Saúde por 10.000 Habitantes";"Baixo Amazonas";"Terra Santa";"-";"2025";4,54729183508488
"Social";"Saúde";"Postos e Centros de Saúde por 10.000 Habitantes";"Rio Capim";"Tomé-Açu";"-";"2010";1,59241303655473
"Social";"Saúde";"Postos e Centros de Saúde por 10.000 Habitantes";"Rio Capim";"Tomé-Açu";"-";"2011";1,57265674145523
"Social";"Saúde";"Postos e Centros de Saúde por 10.000 Habitantes";"Rio Capim";"Tomé-Açu";"-";"2012";1,55402838691853
"Social";"Saúde";"Postos e Centros de Saúde por 10.000 Habitantes";"Rio Capim";"Tomé-Açu";"-";"2013";1,52253349573691
"Social";"Saúde";"Postos e Centros de Saúde por 10.000 Habitantes";"Rio Capim";"Tomé-Açu";"-";"2014";2,00685676059871
"Social";"Saúde";"Postos e Centros de Saúde por 10.000 Habitantes";"Rio Capim";"Tomé-Açu";"-";"2015";1,98491464867011
"Social";"Saúde";"Postos e Centros de Saúde por 10.000 Habitantes";"Rio Capim";"Tomé-Açu";"-";"2016";1,96415418610361
"Social";"Saúde";"Postos e Centros de Saúde por 10.000 Habitantes";"Rio Capim";"Tomé-Açu";"-";"2017";2,10666191317312
"Social";"Saúde";"Postos e Centros de Saúde por 10.000 Habitantes";"Rio Capim";"Tomé-Açu";"-";"2018";2,06828523244344
"Social";"Saúde";"Postos e Centros de Saúde por 10.000 Habitantes";"Rio Capim";"Tomé-Açu";"-";"2019";2,04895424527558
"Social";"Saúde";"Postos e Centros de Saúde por 10.000 Habitantes";"Rio Capim";"Tomé-Açu";"-";"2020";2,18647508980166
"Social";"Saúde";"Postos e Centros de Saúde por 10.000 Habitantes";"Rio Capim";"Tomé-Açu";"-";"2021";2,16704847997028
"Social";"Saúde";"Postos e Centros de Saúde por 10.000 Habitantes";"Rio Capim";"Tomé-Açu";"-";"2022";2,51535103943183
"Social";"Saúde";"Postos e Centros de Saúde por 10.000 Habitantes";"Rio Capim";"Tomé-Açu";"-";"2023";2,2438189799038
"Social";"Saúde";"Postos e Centros de Saúde por 10.000 Habitantes";"Rio Capim";"Tomé-Açu";"-";"2024";3,04178303791168
"Social";"Saúde";"Postos e Centros de Saúde por 10.000 Habitantes";"Rio Capim";"Tomé-Açu";"-";"2025";2,73755098688713
"Social";"Saúde";"Postos e Centros de Saúde por 10.000 Habitantes";"Rio Caeté";"Tracuateua";"-";"2010";5,46348570387907
"Social";"Saúde";"Postos e Centros de Saúde por 10.000 Habitantes";"Rio Caeté";"Tracuateua";"-";"2011";5,39238595103714
"Social";"Saúde";"Postos e Centros de Saúde por 10.000 Habitantes";"Rio Caeté";"Tracuateua";"-";"2012";5,32538076472468
"Social";"Saúde";"Postos e Centros de Saúde por 10.000 Habitantes";"Rio Caeté";"Tracuateua";"-";"2013";4,86533449174631
"Social";"Saúde";"Postos e Centros de Saúde por 10.000 Habitantes";"Rio Caeté";"Tracuateua";"-";"2014";5,15021459227468
"Social";"Saúde";"Postos e Centros de Saúde por 10.000 Habitantes";"Rio Caeté";"Tracuateua";"-";"2015";4,75139996606143
"Social";"Saúde";"Postos e Centros de Saúde por 10.000 Habitantes";"Rio Caeté";"Tracuateua";"-";"2016";4,69909039036015
"Social";"Saúde";"Postos e Centros de Saúde por 10.000 Habitantes";"Rio Caeté";"Tracuateua";"-";"2017";4,64992692971968
"Social";"Saúde";"Postos e Centros de Saúde por 10.000 Habitantes";"Rio Caeté";"Tracuateua";"-";"2018";5,54540709812109
"Social";"Saúde";"Postos e Centros de Saúde por 10.000 Habitantes";"Rio Caeté";"Tracuateua";"-";"2019";5,16812558545173
"Social";"Saúde";"Postos e Centros de Saúde por 10.000 Habitantes";"Rio Caeté";"Tracuateua";"-";"2020";6,07863838500176
"Social";"Saúde";"Postos e Centros de Saúde por 10.000 Habitantes";"Rio Caeté";"Tracuateua";"-";"2021";6,02237788836413
"Social";"Saúde";"Postos e Centros de Saúde por 10.000 Habitantes";"Rio Caeté";"Tracuateua";"-";"2022";6,64451827242525
"Social";"Saúde";"Postos e Centros de Saúde por 10.000 Habitantes";"Rio Caeté";"Tracuateua";"-";"2023";5,27547891457021
"Social";"Saúde";"Postos e Centros de Saúde por 10.000 Habitantes";"Rio Caeté";"Tracuateua";"-";"2024";5,26783656537056
"Social";"Saúde";"Postos e Centros de Saúde por 10.000 Habitantes";"Rio Caeté";"Tracuateua";"-";"2025";5,24693382304716
"Social";"Saúde";"Postos e Centros de Saúde por 10.000 Habitantes";"Tapajós";"Trairão";"-";"2010";4,14814814814815
"Social";"Saúde";"Postos e Centros de Saúde por 10.000 Habitantes";"Tapajós";"Trairão";"-";"2011";4,68027847656936
"Social";"Saúde";"Postos e Centros de Saúde por 10.000 Habitantes";"Tapajós";"Trairão";"-";"2012";4,62347569785586
"Social";"Saúde";"Postos e Centros de Saúde por 10.000 Habitantes";"Tapajós";"Trairão";"-";"2013";4,52744765138653
"Social";"Saúde";"Postos e Centros de Saúde por 10.000 Habitantes";"Tapajós";"Trairão";"-";"2014";5,03355704697987
"Social";"Saúde";"Postos e Centros de Saúde por 10.000 Habitantes";"Tapajós";"Trairão";"-";"2015";5,5297500552975
"Social";"Saúde";"Postos e Centros de Saúde por 10.000 Habitantes";"Tapajós";"Trairão";"-";"2016";5,47045951859956
"Social";"Saúde";"Postos e Centros de Saúde por 10.000 Habitantes";"Tapajós";"Trairão";"-";"2017";5,41447831501435
"Social";"Saúde";"Postos e Centros de Saúde por 10.000 Habitantes";"Tapajós";"Trairão";"-";"2018";5,31716913915032
"Social";"Saúde";"Postos e Centros de Saúde por 10.000 Habitantes";"Tapajós";"Trairão";"-";"2019";5,26620675127705
"Social";"Saúde";"Postos e Centros de Saúde por 10.000 Habitantes";"Tapajós";"Trairão";"-";"2020";5,21702838063439
"Social";"Saúde";"Postos e Centros de Saúde por 10.000 Habitantes";"Tapajós";"Trairão";"-";"2021";4,65260545905707
"Social";"Saúde";"Postos e Centros de Saúde por 10.000 Habitantes";"Tapajós";"Trairão";"-";"2022";5,90473691116651
"Social";"Saúde";"Postos e Centros de Saúde por 10.000 Habitantes";"Tapajós";"Trairão";"-";"2023";5,71501143002286
"Social";"Saúde";"Postos e Centros de Saúde por 10.000 Habitantes";"Tapajós";"Trairão";"-";"2024";5,76221268967284
"Social";"Saúde";"Postos e Centros de Saúde por 10.000 Habitantes";"Tapajós";"Trairão";"-";"2025";5,78778135048232
"Social";"Saúde";"Postos e Centros de Saúde por 10.000 Habitantes";"Araguaia";"Tucumã";"-";"2010";4,74918373404571
"Social";"Saúde";"Postos e Centros de Saúde por 10.000 Habitantes";"Araguaia";"Tucumã";"-";"2011";4,36884720685035
"Social";"Saúde";"Postos e Centros de Saúde por 10.000 Habitantes";"Araguaia";"Tucumã";"-";"2012";4,29110882251974
"Social";"Saúde";"Postos e Centros de Saúde por 10.000 Habitantes";"Araguaia";"Tucumã";"-";"2013";4,44185336331584
"Social";"Saúde";"Postos e Centros de Saúde por 10.000 Habitantes";"Araguaia";"Tucumã";"-";"2014";4,36276381087419
"Social";"Saúde";"Postos e Centros de Saúde por 10.000 Habitantes";"Araguaia";"Tucumã";"-";"2015";4,28862442371609
"Social";"Saúde";"Postos e Centros de Saúde por 10.000 Habitantes";"Araguaia";"Tucumã";"-";"2016";4,21940928270042
"Social";"Saúde";"Postos e Centros de Saúde por 10.000 Habitantes";"Araguaia";"Tucumã";"-";"2017";4,15498078321388
"Social";"Saúde";"Postos e Centros de Saúde por 10.000 Habitantes";"Araguaia";"Tucumã";"-";"2018";4,09636703448629
"Social";"Saúde";"Postos e Centros de Saúde por 10.000 Habitantes";"Araguaia";"Tucumã";"-";"2019";4,29271248926822
"Social";"Saúde";"Postos e Centros de Saúde por 10.000 Habitantes";"Araguaia";"Tucumã";"-";"2020";4,48475184373131
"Social";"Saúde";"Postos e Centros de Saúde por 10.000 Habitantes";"Araguaia";"Tucumã";"-";"2021";4,42684636383758
"Social";"Saúde";"Postos e Centros de Saúde por 10.000 Habitantes";"Araguaia";"Tucumã";"-";"2022";4,551201011378
"Social";"Saúde";"Postos e Centros de Saúde por 10.000 Habitantes";"Araguaia";"Tucumã";"-";"2023";4,04761904761905
"Social";"Saúde";"Postos e Centros de Saúde por 10.000 Habitantes";"Araguaia";"Tucumã";"-";"2024";4,00188323917137
"Social";"Saúde";"Postos e Centros de Saúde por 10.000 Habitantes";"Araguaia";"Tucumã";"-";"2025";3,96427488748455
"Social";"Saúde";"Postos e Centros de Saúde por 10.000 Habitantes";"Lago de Tucuruí";"Tucuruí";"-";"2010";2,05913845646981
"Social";"Saúde";"Postos e Centros de Saúde por 10.000 Habitantes";"Lago de Tucuruí";"Tucuruí";"-";"2011";2,12294907954993
"Social";"Saúde";"Postos e Centros de Saúde por 10.000 Habitantes";"Lago de Tucuruí";"Tucuruí";"-";"2012";2,08641742257901
"Social";"Saúde";"Postos e Centros de Saúde por 10.000 Habitantes";"Lago de Tucuruí";"Tucuruí";"-";"2013";2,50919232959206
"Social";"Saúde";"Postos e Centros de Saúde por 10.000 Habitantes";"Lago de Tucuruí";"Tucuruí";"-";"2014";2,46606785480551
"Social";"Saúde";"Postos e Centros de Saúde por 10.000 Habitantes";"Lago de Tucuruí";"Tucuruí";"-";"2015";2,98538096259877
"Social";"Saúde";"Postos e Centros de Saúde por 10.000 Habitantes";"Lago de Tucuruí";"Tucuruí";"-";"2016";2,93888047022088
"Social";"Saúde";"Postos e Centros de Saúde por 10.000 Habitantes";"Lago de Tucuruí";"Tucuruí";"-";"2017";2,80502370697456
"Social";"Saúde";"Postos e Centros de Saúde por 10.000 Habitantes";"Lago de Tucuruí";"Tucuruí";"-";"2018";2,85337232942184
"Social";"Saúde";"Postos e Centros de Saúde por 10.000 Habitantes";"Lago de Tucuruí";"Tucuruí";"-";"2019";2,81543916451843
"Social";"Saúde";"Postos e Centros de Saúde por 10.000 Habitantes";"Lago de Tucuruí";"Tucuruí";"-";"2020";2,69228096991593
"Social";"Saúde";"Postos e Centros de Saúde por 10.000 Habitantes";"Lago de Tucuruí";"Tucuruí";"-";"2021";2,65854808970456
"Social";"Saúde";"Postos e Centros de Saúde por 10.000 Habitantes";"Lago de Tucuruí";"Tucuruí";"-";"2022";3,50469848640834
"Social";"Saúde";"Postos e Centros de Saúde por 10.000 Habitantes";"Lago de Tucuruí";"Tucuruí";"-";"2023";3,29160537766029
"Social";"Saúde";"Postos e Centros de Saúde por 10.000 Habitantes";"Lago de Tucuruí";"Tucuruí";"-";"2024";3,32508988133586
"Social";"Saúde";"Postos e Centros de Saúde por 10.000 Habitantes";"Lago de Tucuruí";"Tucuruí";"-";"2025";3,32920650443721
"Social";"Saúde";"Postos e Centros de Saúde por 10.000 Habitantes";"Rio Capim";"Ulianópolis";"-";"2010";1,61509886712351
"Social";"Saúde";"Postos e Centros de Saúde por 10.000 Habitantes";"Rio Capim";"Ulianópolis";"-";"2011";1,54901526886479
"Social";"Saúde";"Postos e Centros de Saúde por 10.000 Habitantes";"Rio Capim";"Ulianópolis";"-";"2012";1,49002745907746
"Social";"Saúde";"Postos e Centros de Saúde por 10.000 Habitantes";"Rio Capim";"Ulianópolis";"-";"2013";1,400784439286
"Social";"Saúde";"Postos e Centros de Saúde por 10.000 Habitantes";"Rio Capim";"Ulianópolis";"-";"2014";1,53976441604435
"Social";"Saúde";"Postos e Centros de Saúde por 10.000 Habitantes";"Rio Capim";"Ulianópolis";"-";"2015";2,41272433696479
"Social";"Saúde";"Postos e Centros de Saúde por 10.000 Habitantes";"Rio Capim";"Ulianópolis";"-";"2016";2,69111394176429
"Social";"Saúde";"Postos e Centros de Saúde por 10.000 Habitantes";"Rio Capim";"Ulianópolis";"-";"2017";2,60756192959583
"Social";"Saúde";"Postos e Centros de Saúde por 10.000 Habitantes";"Rio Capim";"Ulianópolis";"-";"2018";2,60272071071627
"Social";"Saúde";"Postos e Centros de Saúde por 10.000 Habitantes";"Rio Capim";"Ulianópolis";"-";"2019";2,53335585205202
"Social";"Saúde";"Postos e Centros de Saúde por 10.000 Habitantes";"Rio Capim";"Ulianópolis";"-";"2020";2,46868879709024
"Social";"Saúde";"Postos e Centros de Saúde por 10.000 Habitantes";"Rio Capim";"Ulianópolis";"-";"2021";2,56879555598369
"Social";"Saúde";"Postos e Centros de Saúde por 10.000 Habitantes";"Rio Capim";"Ulianópolis";"-";"2022";4,21363109659749
"Social";"Saúde";"Postos e Centros de Saúde por 10.000 Habitantes";"Rio Capim";"Ulianópolis";"-";"2023";4,4955044955045
"Social";"Saúde";"Postos e Centros de Saúde por 10.000 Habitantes";"Rio Capim";"Ulianópolis";"-";"2024";4,54821103699212
"Social";"Saúde";"Postos e Centros de Saúde por 10.000 Habitantes";"Rio Capim";"Ulianópolis";"-";"2025";4,57317073170732
"Social";"Saúde";"Postos e Centros de Saúde por 10.000 Habitantes";"Xingu";"Uruará";"-";"2010";1,78615285003014
"Social";"Saúde";"Postos e Centros de Saúde por 10.000 Habitantes";"Xingu";"Uruará";"-";"2011";1,78738996380535
"Social";"Saúde";"Postos e Centros de Saúde por 10.000 Habitantes";"Xingu";"Uruará";"-";"2012";1,78862879245199
"Social";"Saúde";"Postos e Centros de Saúde por 10.000 Habitantes";"Xingu";"Uruará";"-";"2013";1,78846884710827
"Social";"Saúde";"Postos e Centros de Saúde por 10.000 Habitantes";"Xingu";"Uruará";"-";"2014";2,24180061425337
"Social";"Saúde";"Postos e Centros de Saúde por 10.000 Habitantes";"Xingu";"Uruará";"-";"2015";2,4726880366857
"Social";"Saúde";"Postos e Centros de Saúde por 10.000 Habitantes";"Xingu";"Uruará";"-";"2016";2,47915258057246
"Social";"Saúde";"Postos e Centros de Saúde por 10.000 Habitantes";"Xingu";"Uruará";"-";"2017";2,03353066112341
"Social";"Saúde";"Postos e Centros de Saúde por 10.000 Habitantes";"Xingu";"Uruará";"-";"2018";1,97728321286552
"Social";"Saúde";"Postos e Centros de Saúde por 10.000 Habitantes";"Xingu";"Uruará";"-";"2019";1,97906588090421
"Social";"Saúde";"Postos e Centros de Saúde por 10.000 Habitantes";"Xingu";"Uruará";"-";"2020";2,42104104765049
"Social";"Saúde";"Postos e Centros de Saúde por 10.000 Habitantes";"Xingu";"Uruará";"-";"2021";2,64346293644675
"Social";"Saúde";"Postos e Centros de Saúde por 10.000 Habitantes";"Xingu";"Uruará";"-";"2022";2,75494742641995
"Social";"Saúde";"Postos e Centros de Saúde por 10.000 Habitantes";"Xingu";"Uruará";"-";"2023";2,60078023407022
"Social";"Saúde";"Postos e Centros de Saúde por 10.000 Habitantes";"Xingu";"Uruará";"-";"2024";2,61215960295174
"Social";"Saúde";"Postos e Centros de Saúde por 10.000 Habitantes";"Xingu";"Uruará";"-";"2025";2,61085244332275
"Social";"Saúde";"Postos e Centros de Saúde por 10.000 Habitantes";"Guamá";"Vigia";"-";"2010";1
"Social";"Saúde";"Postos e Centros de Saúde por 10.000 Habitantes";"Guamá";"Vigia";"-";"2011";1
"Social";"Saúde";"Postos e Centros de Saúde por 10.000 Habitantes";"Guamá";"Vigia";"-";"2012";3,8732825049945
"Social";"Saúde";"Postos e Centros de Saúde por 10.000 Habitantes";"Guamá";"Vigia";"-";"2013";3,79582459294776
"Social";"Saúde";"Postos e Centros de Saúde por 10.000 Habitantes";"Guamá";"Vigia";"-";"2014";3,7533088380546
"Social";"Saúde";"Postos e Centros de Saúde por 10.000 Habitantes";"Guamá";"Vigia";"-";"2015";3,71289547222168
"Social";"Saúde";"Postos e Centros de Saúde por 10.000 Habitantes";"Guamá";"Vigia";"-";"2016";3,86809786287593
"Social";"Saúde";"Postos e Centros de Saúde por 10.000 Habitantes";"Guamá";"Vigia";"-";"2017";3,83024360349318
"Social";"Saúde";"Postos e Centros de Saúde por 10.000 Habitantes";"Guamá";"Vigia";"-";"2018";3,76003459231825
"Social";"Saúde";"Postos e Centros de Saúde por 10.000 Habitantes";"Guamá";"Vigia";"-";"2019";3,72536601721119
"Social";"Saúde";"Postos e Centros de Saúde por 10.000 Habitantes";"Guamá";"Vigia";"-";"2020";3,69194417780403
"Social";"Saúde";"Postos e Centros de Saúde por 10.000 Habitantes";"Guamá";"Vigia";"-";"2021";3,65965233302836
"Social";"Saúde";"Postos e Centros de Saúde por 10.000 Habitantes";"Guamá";"Vigia";"-";"2022";4,13125590179415
"Social";"Saúde";"Postos e Centros de Saúde por 10.000 Habitantes";"Guamá";"Vigia";"-";"2023";4,47686022869294
"Social";"Saúde";"Postos e Centros de Saúde por 10.000 Habitantes";"Guamá";"Vigia";"-";"2024";4,46046909266625
"Social";"Saúde";"Postos e Centros de Saúde por 10.000 Habitantes";"Guamá";"Vigia";"-";"2025";4,43934741592986
"Social";"Saúde";"Postos e Centros de Saúde por 10.000 Habitantes";"Rio Caeté";"Viseu";"-";"2010";1
"Social";"Saúde";"Postos e Centros de Saúde por 10.000 Habitantes";"Rio Caeté";"Viseu";"-";"2011";1
"Social";"Saúde";"Postos e Centros de Saúde por 10.000 Habitantes";"Rio Caeté";"Viseu";"-";"2012";2,60570475627975
"Social";"Saúde";"Postos e Centros de Saúde por 10.000 Habitantes";"Rio Caeté";"Viseu";"-";"2013";2,57188416233733
"Social";"Saúde";"Postos e Centros de Saúde por 10.000 Habitantes";"Rio Caeté";"Viseu";"-";"2014";2,72600265785259
"Social";"Saúde";"Postos e Centros de Saúde por 10.000 Habitantes";"Rio Caeté";"Viseu";"-";"2015";2,70938463101568
"Social";"Saúde";"Postos e Centros de Saúde por 10.000 Habitantes";"Rio Caeté";"Viseu";"-";"2016";2,6935573475194
"Social";"Saúde";"Postos e Centros de Saúde por 10.000 Habitantes";"Rio Caeté";"Viseu";"-";"2017";2,67849669373064
"Social";"Saúde";"Postos e Centros de Saúde por 10.000 Habitantes";"Rio Caeté";"Viseu";"-";"2018";2,78464839718914
"Social";"Saúde";"Postos e Centros de Saúde por 10.000 Habitantes";"Rio Caeté";"Viseu";"-";"2019";2,93145286060942
"Social";"Saúde";"Postos e Centros de Saúde por 10.000 Habitantes";"Rio Caeté";"Viseu";"-";"2020";3,56269534096614
"Social";"Saúde";"Postos e Centros de Saúde por 10.000 Habitantes";"Rio Caeté";"Viseu";"-";"2021";3,86516998695505
"Social";"Saúde";"Postos e Centros de Saúde por 10.000 Habitantes";"Rio Caeté";"Viseu";"-";"2022";4,08914332447352
"Social";"Saúde";"Postos e Centros de Saúde por 10.000 Habitantes";"Rio Caeté";"Viseu";"-";"2023";3,87334172557374
"Social";"Saúde";"Postos e Centros de Saúde por 10.000 Habitantes";"Rio Caeté";"Viseu";"-";"2024";4,03421010166209
"Social";"Saúde";"Postos e Centros de Saúde por 10.000 Habitantes";"Rio Caeté";"Viseu";"-";"2025";4,02000353760311
"Social";"Saúde";"Postos e Centros de Saúde por 10.000 Habitantes";"Xingu";"Vitória do Xingu";"-";"2010";0
"Social";"Saúde";"Postos e Centros de Saúde por 10.000 Habitantes";"Xingu";"Vitória do Xingu";"-";"2011";0
"Social";"Saúde";"Postos e Centros de Saúde por 10.000 Habitantes";"Xingu";"Vitória do Xingu";"-";"2012";2,17754228061262
"Social";"Saúde";"Postos e Centros de Saúde por 10.000 Habitantes";"Xingu";"Vitória do Xingu";"-";"2013";6,39567936327459
"Social";"Saúde";"Postos e Centros de Saúde por 10.000 Habitantes";"Xingu";"Vitória do Xingu";"-";"2014";6,31933717174554
"Social";"Saúde";"Postos e Centros de Saúde por 10.000 Habitantes";"Xingu";"Vitória do Xingu";"-";"2015";6,24696328173804
"Social";"Saúde";"Postos e Centros de Saúde por 10.000 Habitantes";"Xingu";"Vitória do Xingu";"-";"2016";6,17877248386654
"Social";"Saúde";"Postos e Centros de Saúde por 10.000 Habitantes";"Xingu";"Vitória do Xingu";"-";"2017";6,11454582512399
"Social";"Saúde";"Postos e Centros de Saúde por 10.000 Habitantes";"Xingu";"Vitória do Xingu";"-";"2018";6,00520451057583
"Social";"Saúde";"Postos e Centros de Saúde por 10.000 Habitantes";"Xingu";"Vitória do Xingu";"-";"2019";5,9468745870226
"Social";"Saúde";"Postos e Centros de Saúde por 10.000 Habitantes";"Xingu";"Vitória do Xingu";"-";"2020";5,89043785588062
"Social";"Saúde";"Postos e Centros de Saúde por 10.000 Habitantes";"Xingu";"Vitória do Xingu";"-";"2021";6,48466377018352
"Social";"Saúde";"Postos e Centros de Saúde por 10.000 Habitantes";"Xingu";"Vitória do Xingu";"-";"2022";5,76664317293522
"Social";"Saúde";"Postos e Centros de Saúde por 10.000 Habitantes";"Xingu";"Vitória do Xingu";"-";"2023";6,15384615384615
"Social";"Saúde";"Postos e Centros de Saúde por 10.000 Habitantes";"Xingu";"Vitória do Xingu";"-";"2024";6,70159619836725
"Social";"Saúde";"Postos e Centros de Saúde por 10.000 Habitantes";"Xingu";"Vitória do Xingu";"-";"2025";6,64572257129048
"Social";"Saúde";"Postos e Centros de Saúde por 10.000 Habitantes";"Araguaia";"Xinguara";"-";"2010";3
"Social";"Saúde";"Postos e Centros de Saúde por 10.000 Habitantes";"Araguaia";"Xinguara";"-";"2011";3
"Social";"Saúde";"Postos e Centros de Saúde por 10.000 Habitantes";"Araguaia";"Xinguara";"-";"2012";2,41650959354309
"Social";"Saúde";"Postos e Centros de Saúde por 10.000 Habitantes";"Araguaia";"Xinguara";"-";"2013";2,37614351906855
"Social";"Saúde";"Postos e Centros de Saúde por 10.000 Habitantes";"Araguaia";"Xinguara";"-";"2014";2,59036853879666
"Social";"Saúde";"Postos e Centros de Saúde por 10.000 Habitantes";"Araguaia";"Xinguara";"-";"2015";2,56811337053207
"Social";"Saúde";"Postos e Centros de Saúde por 10.000 Habitantes";"Araguaia";"Xinguara";"-";"2016";2,77854959711031
"Social";"Saúde";"Postos e Centros de Saúde por 10.000 Habitantes";"Araguaia";"Xinguara";"-";"2017";2,75671950379049
"Social";"Saúde";"Postos e Centros de Saúde por 10.000 Habitantes";"Araguaia";"Xinguara";"-";"2018";2,70209412294528
"Social";"Saúde";"Postos e Centros de Saúde por 10.000 Habitantes";"Araguaia";"Xinguara";"-";"2019";2,68150432392572
"Social";"Saúde";"Postos e Centros de Saúde por 10.000 Habitantes";"Araguaia";"Xinguara";"-";"2020";2,66158009138092
"Social";"Saúde";"Postos e Centros de Saúde por 10.000 Habitantes";"Araguaia";"Xinguara";"-";"2021";2,6422406200458
"Social";"Saúde";"Postos e Centros de Saúde por 10.000 Habitantes";"Araguaia";"Xinguara";"-";"2022";2,45779214640879
"Social";"Saúde";"Postos e Centros de Saúde por 10.000 Habitantes";"Araguaia";"Xinguara";"-";"2023";2,32504068821204
"Social";"Saúde";"Postos e Centros de Saúde por 10.000 Habitantes";"Araguaia";"Xinguara";"-";"2024";2,45618344181477
"Social";"Saúde";"Postos e Centros de Saúde por 10.000 Habitantes";"Araguaia";"Xinguara";"-";"2025";2,4234870516549
