"tematica";"subtema";"indicador";"ri";"localidade";"categoria";"ano";"valor"
"Economia";"PIB";"Produto Interno Bruto a Preços Correntes (Mil Reais)";"Pará";"Pará";"-";"2008";58518557
"Economia";"PIB";"Produto Interno Bruto a Preços Correntes (Mil Reais)";"Pará";"Pará";"-";"2009";58401830
"Economia";"PIB";"Produto Interno Bruto a Preços Correntes (Mil Reais)";"Pará";"Pará";"-";"2010";82684517,799
"Economia";"PIB";"Produto Interno Bruto a Preços Correntes (Mil Reais)";"Pará";"Pará";"-";"2011";98710735,865
"Economia";"PIB";"Produto Interno Bruto a Preços Correntes (Mil Reais)";"Pará";"Pará";"-";"2012";107080880,914
"Economia";"PIB";"Produto Interno Bruto a Preços Correntes (Mil Reais)";"Pará";"Pará";"-";"2013";121224846,594
"Economia";"PIB";"Produto Interno Bruto a Preços Correntes (Mil Reais)";"Pará";"Pará";"-";"2014";124584945,023
"Economia";"PIB";"Produto Interno Bruto a Preços Correntes (Mil Reais)";"Pará";"Pará";"-";"2015";130899505
"Economia";"PIB";"Produto Interno Bruto a Preços Correntes (Mil Reais)";"Pará";"Pará";"-";"2016";138107514
"Economia";"PIB";"Produto Interno Bruto a Preços Correntes (Mil Reais)";"Pará";"Pará";"-";"2017";155232404
"Economia";"PIB";"Produto Interno Bruto a Preços Correntes (Mil Reais)";"Pará";"Pará";"-";"2018";161349602,045
"Economia";"PIB";"Produto Interno Bruto a Preços Correntes (Mil Reais)";"Pará";"Pará";"-";"2019";178376983,522
"Economia";"PIB";"Produto Interno Bruto a Preços Correntes (Mil Reais)";"Pará";"Pará";"-";"2020";215935603,795
"Economia";"PIB";"Produto Interno Bruto a Preços Correntes (Mil Reais)";"Pará";"Pará";"-";"2021";262904979,116
"Economia";"PIB";"Produto Interno Bruto a Preços Correntes (Mil Reais)";"Tocantins";"Abaetetuba";"-";"2008";406748
"Economia";"PIB";"Produto Interno Bruto a Preços Correntes (Mil Reais)";"Tocantins";"Abaetetuba";"-";"2009";456937
"Economia";"PIB";"Produto Interno Bruto a Preços Correntes (Mil Reais)";"Tocantins";"Abaetetuba";"-";"2010";583793,453
"Economia";"PIB";"Produto Interno Bruto a Preços Correntes (Mil Reais)";"Tocantins";"Abaetetuba";"-";"2011";709883,606
"Economia";"PIB";"Produto Interno Bruto a Preços Correntes (Mil Reais)";"Tocantins";"Abaetetuba";"-";"2012";798053,279
"Economia";"PIB";"Produto Interno Bruto a Preços Correntes (Mil Reais)";"Tocantins";"Abaetetuba";"-";"2013";891428,35
"Economia";"PIB";"Produto Interno Bruto a Preços Correntes (Mil Reais)";"Tocantins";"Abaetetuba";"-";"2014";1056559,278
"Economia";"PIB";"Produto Interno Bruto a Preços Correntes (Mil Reais)";"Tocantins";"Abaetetuba";"-";"2015";1192555
"Economia";"PIB";"Produto Interno Bruto a Preços Correntes (Mil Reais)";"Tocantins";"Abaetetuba";"-";"2016";1246639
"Economia";"PIB";"Produto Interno Bruto a Preços Correntes (Mil Reais)";"Tocantins";"Abaetetuba";"-";"2017";1337353
"Economia";"PIB";"Produto Interno Bruto a Preços Correntes (Mil Reais)";"Tocantins";"Abaetetuba";"-";"2018";1413516,711
"Economia";"PIB";"Produto Interno Bruto a Preços Correntes (Mil Reais)";"Tocantins";"Abaetetuba";"-";"2019";1491621,046
"Economia";"PIB";"Produto Interno Bruto a Preços Correntes (Mil Reais)";"Tocantins";"Abaetetuba";"-";"2020";1656576,408
"Economia";"PIB";"Produto Interno Bruto a Preços Correntes (Mil Reais)";"Tocantins";"Abaetetuba";"-";"2021";1949340,721
"Economia";"PIB";"Produto Interno Bruto a Preços Correntes (Mil Reais)";"Rio Capim";"Abel Figueiredo";"-";"2008";39894
"Economia";"PIB";"Produto Interno Bruto a Preços Correntes (Mil Reais)";"Rio Capim";"Abel Figueiredo";"-";"2009";43001
"Economia";"PIB";"Produto Interno Bruto a Preços Correntes (Mil Reais)";"Rio Capim";"Abel Figueiredo";"-";"2010";53598,698
"Economia";"PIB";"Produto Interno Bruto a Preços Correntes (Mil Reais)";"Rio Capim";"Abel Figueiredo";"-";"2011";63784,969
"Economia";"PIB";"Produto Interno Bruto a Preços Correntes (Mil Reais)";"Rio Capim";"Abel Figueiredo";"-";"2012";44327,649
"Economia";"PIB";"Produto Interno Bruto a Preços Correntes (Mil Reais)";"Rio Capim";"Abel Figueiredo";"-";"2013";57573,198
"Economia";"PIB";"Produto Interno Bruto a Preços Correntes (Mil Reais)";"Rio Capim";"Abel Figueiredo";"-";"2014";69372,424
"Economia";"PIB";"Produto Interno Bruto a Preços Correntes (Mil Reais)";"Rio Capim";"Abel Figueiredo";"-";"2015";66599
"Economia";"PIB";"Produto Interno Bruto a Preços Correntes (Mil Reais)";"Rio Capim";"Abel Figueiredo";"-";"2016";76699
"Economia";"PIB";"Produto Interno Bruto a Preços Correntes (Mil Reais)";"Rio Capim";"Abel Figueiredo";"-";"2017";80633
"Economia";"PIB";"Produto Interno Bruto a Preços Correntes (Mil Reais)";"Rio Capim";"Abel Figueiredo";"-";"2018";82186,104
"Economia";"PIB";"Produto Interno Bruto a Preços Correntes (Mil Reais)";"Rio Capim";"Abel Figueiredo";"-";"2019";84901,897
"Economia";"PIB";"Produto Interno Bruto a Preços Correntes (Mil Reais)";"Rio Capim";"Abel Figueiredo";"-";"2020";95677,579
"Economia";"PIB";"Produto Interno Bruto a Preços Correntes (Mil Reais)";"Rio Capim";"Abel Figueiredo";"-";"2021";105495,794
"Economia";"PIB";"Produto Interno Bruto a Preços Correntes (Mil Reais)";"Tocantins";"Acará";"-";"2008";196775
"Economia";"PIB";"Produto Interno Bruto a Preços Correntes (Mil Reais)";"Tocantins";"Acará";"-";"2009";240688
"Economia";"PIB";"Produto Interno Bruto a Preços Correntes (Mil Reais)";"Tocantins";"Acará";"-";"2010";440767,452
"Economia";"PIB";"Produto Interno Bruto a Preços Correntes (Mil Reais)";"Tocantins";"Acará";"-";"2011";503715,618
"Economia";"PIB";"Produto Interno Bruto a Preços Correntes (Mil Reais)";"Tocantins";"Acará";"-";"2012";506916,139
"Economia";"PIB";"Produto Interno Bruto a Preços Correntes (Mil Reais)";"Tocantins";"Acará";"-";"2013";871618,819
"Economia";"PIB";"Produto Interno Bruto a Preços Correntes (Mil Reais)";"Tocantins";"Acará";"-";"2014";577255,915
"Economia";"PIB";"Produto Interno Bruto a Preços Correntes (Mil Reais)";"Tocantins";"Acará";"-";"2015";640890
"Economia";"PIB";"Produto Interno Bruto a Preços Correntes (Mil Reais)";"Tocantins";"Acará";"-";"2016";789271
"Economia";"PIB";"Produto Interno Bruto a Preços Correntes (Mil Reais)";"Tocantins";"Acará";"-";"2017";932175
"Economia";"PIB";"Produto Interno Bruto a Preços Correntes (Mil Reais)";"Tocantins";"Acará";"-";"2018";913952,266
"Economia";"PIB";"Produto Interno Bruto a Preços Correntes (Mil Reais)";"Tocantins";"Acará";"-";"2019";755091,101
"Economia";"PIB";"Produto Interno Bruto a Preços Correntes (Mil Reais)";"Tocantins";"Acará";"-";"2020";881826,062
"Economia";"PIB";"Produto Interno Bruto a Preços Correntes (Mil Reais)";"Tocantins";"Acará";"-";"2021";1433439,844
"Economia";"PIB";"Produto Interno Bruto a Preços Correntes (Mil Reais)";"Marajó";"Afuá";"-";"2008";89770
"Economia";"PIB";"Produto Interno Bruto a Preços Correntes (Mil Reais)";"Marajó";"Afuá";"-";"2009";100122
"Economia";"PIB";"Produto Interno Bruto a Preços Correntes (Mil Reais)";"Marajó";"Afuá";"-";"2010";161293,159
"Economia";"PIB";"Produto Interno Bruto a Preços Correntes (Mil Reais)";"Marajó";"Afuá";"-";"2011";190905,603
"Economia";"PIB";"Produto Interno Bruto a Preços Correntes (Mil Reais)";"Marajó";"Afuá";"-";"2012";232238,184
"Economia";"PIB";"Produto Interno Bruto a Preços Correntes (Mil Reais)";"Marajó";"Afuá";"-";"2013";262214,121
"Economia";"PIB";"Produto Interno Bruto a Preços Correntes (Mil Reais)";"Marajó";"Afuá";"-";"2014";301312,726
"Economia";"PIB";"Produto Interno Bruto a Preços Correntes (Mil Reais)";"Marajó";"Afuá";"-";"2015";324962
"Economia";"PIB";"Produto Interno Bruto a Preços Correntes (Mil Reais)";"Marajó";"Afuá";"-";"2016";318316
"Economia";"PIB";"Produto Interno Bruto a Preços Correntes (Mil Reais)";"Marajó";"Afuá";"-";"2017";358271
"Economia";"PIB";"Produto Interno Bruto a Preços Correntes (Mil Reais)";"Marajó";"Afuá";"-";"2018";357706,452
"Economia";"PIB";"Produto Interno Bruto a Preços Correntes (Mil Reais)";"Marajó";"Afuá";"-";"2019";368872,793
"Economia";"PIB";"Produto Interno Bruto a Preços Correntes (Mil Reais)";"Marajó";"Afuá";"-";"2020";438243,614
"Economia";"PIB";"Produto Interno Bruto a Preços Correntes (Mil Reais)";"Marajó";"Afuá";"-";"2021";444235,786
"Economia";"PIB";"Produto Interno Bruto a Preços Correntes (Mil Reais)";"Araguaia";"Água Azul do Norte";"-";"2008";222237
"Economia";"PIB";"Produto Interno Bruto a Preços Correntes (Mil Reais)";"Araguaia";"Água Azul do Norte";"-";"2009";188732
"Economia";"PIB";"Produto Interno Bruto a Preços Correntes (Mil Reais)";"Araguaia";"Água Azul do Norte";"-";"2010";180873,251
"Economia";"PIB";"Produto Interno Bruto a Preços Correntes (Mil Reais)";"Araguaia";"Água Azul do Norte";"-";"2011";209295,077
"Economia";"PIB";"Produto Interno Bruto a Preços Correntes (Mil Reais)";"Araguaia";"Água Azul do Norte";"-";"2012";224991,927
"Economia";"PIB";"Produto Interno Bruto a Preços Correntes (Mil Reais)";"Araguaia";"Água Azul do Norte";"-";"2013";287539,565
"Economia";"PIB";"Produto Interno Bruto a Preços Correntes (Mil Reais)";"Araguaia";"Água Azul do Norte";"-";"2014";320451,015
"Economia";"PIB";"Produto Interno Bruto a Preços Correntes (Mil Reais)";"Araguaia";"Água Azul do Norte";"-";"2015";379314
"Economia";"PIB";"Produto Interno Bruto a Preços Correntes (Mil Reais)";"Araguaia";"Água Azul do Norte";"-";"2016";432588
"Economia";"PIB";"Produto Interno Bruto a Preços Correntes (Mil Reais)";"Araguaia";"Água Azul do Norte";"-";"2017";443365
"Economia";"PIB";"Produto Interno Bruto a Preços Correntes (Mil Reais)";"Araguaia";"Água Azul do Norte";"-";"2018";422972,07
"Economia";"PIB";"Produto Interno Bruto a Preços Correntes (Mil Reais)";"Araguaia";"Água Azul do Norte";"-";"2019";433938,554
"Economia";"PIB";"Produto Interno Bruto a Preços Correntes (Mil Reais)";"Araguaia";"Água Azul do Norte";"-";"2020";531217,94
"Economia";"PIB";"Produto Interno Bruto a Preços Correntes (Mil Reais)";"Araguaia";"Água Azul do Norte";"-";"2021";643132,324
"Economia";"PIB";"Produto Interno Bruto a Preços Correntes (Mil Reais)";"Baixo Amazonas";"Alenquer";"-";"2008";168118
"Economia";"PIB";"Produto Interno Bruto a Preços Correntes (Mil Reais)";"Baixo Amazonas";"Alenquer";"-";"2009";208376
"Economia";"PIB";"Produto Interno Bruto a Preços Correntes (Mil Reais)";"Baixo Amazonas";"Alenquer";"-";"2010";361812,746
"Economia";"PIB";"Produto Interno Bruto a Preços Correntes (Mil Reais)";"Baixo Amazonas";"Alenquer";"-";"2011";360712,708
"Economia";"PIB";"Produto Interno Bruto a Preços Correntes (Mil Reais)";"Baixo Amazonas";"Alenquer";"-";"2012";364444,628
"Economia";"PIB";"Produto Interno Bruto a Preços Correntes (Mil Reais)";"Baixo Amazonas";"Alenquer";"-";"2013";560154,079
"Economia";"PIB";"Produto Interno Bruto a Preços Correntes (Mil Reais)";"Baixo Amazonas";"Alenquer";"-";"2014";531841,66
"Economia";"PIB";"Produto Interno Bruto a Preços Correntes (Mil Reais)";"Baixo Amazonas";"Alenquer";"-";"2015";518610
"Economia";"PIB";"Produto Interno Bruto a Preços Correntes (Mil Reais)";"Baixo Amazonas";"Alenquer";"-";"2016";660477
"Economia";"PIB";"Produto Interno Bruto a Preços Correntes (Mil Reais)";"Baixo Amazonas";"Alenquer";"-";"2017";609255
"Economia";"PIB";"Produto Interno Bruto a Preços Correntes (Mil Reais)";"Baixo Amazonas";"Alenquer";"-";"2018";566617,641
"Economia";"PIB";"Produto Interno Bruto a Preços Correntes (Mil Reais)";"Baixo Amazonas";"Alenquer";"-";"2019";573058,147
"Economia";"PIB";"Produto Interno Bruto a Preços Correntes (Mil Reais)";"Baixo Amazonas";"Alenquer";"-";"2020";691613,858
"Economia";"PIB";"Produto Interno Bruto a Preços Correntes (Mil Reais)";"Baixo Amazonas";"Alenquer";"-";"2021";745403,099
"Economia";"PIB";"Produto Interno Bruto a Preços Correntes (Mil Reais)";"Baixo Amazonas";"Almeirim";"-";"2008";486130
"Economia";"PIB";"Produto Interno Bruto a Preços Correntes (Mil Reais)";"Baixo Amazonas";"Almeirim";"-";"2009";346796
"Economia";"PIB";"Produto Interno Bruto a Preços Correntes (Mil Reais)";"Baixo Amazonas";"Almeirim";"-";"2010";576867,404
"Economia";"PIB";"Produto Interno Bruto a Preços Correntes (Mil Reais)";"Baixo Amazonas";"Almeirim";"-";"2011";527859,189
"Economia";"PIB";"Produto Interno Bruto a Preços Correntes (Mil Reais)";"Baixo Amazonas";"Almeirim";"-";"2012";467570,876
"Economia";"PIB";"Produto Interno Bruto a Preços Correntes (Mil Reais)";"Baixo Amazonas";"Almeirim";"-";"2013";454918,072
"Economia";"PIB";"Produto Interno Bruto a Preços Correntes (Mil Reais)";"Baixo Amazonas";"Almeirim";"-";"2014";502846,788
"Economia";"PIB";"Produto Interno Bruto a Preços Correntes (Mil Reais)";"Baixo Amazonas";"Almeirim";"-";"2015";475344
"Economia";"PIB";"Produto Interno Bruto a Preços Correntes (Mil Reais)";"Baixo Amazonas";"Almeirim";"-";"2016";590295
"Economia";"PIB";"Produto Interno Bruto a Preços Correntes (Mil Reais)";"Baixo Amazonas";"Almeirim";"-";"2017";666123
"Economia";"PIB";"Produto Interno Bruto a Preços Correntes (Mil Reais)";"Baixo Amazonas";"Almeirim";"-";"2018";591445,694
"Economia";"PIB";"Produto Interno Bruto a Preços Correntes (Mil Reais)";"Baixo Amazonas";"Almeirim";"-";"2019";543379,676
"Economia";"PIB";"Produto Interno Bruto a Preços Correntes (Mil Reais)";"Baixo Amazonas";"Almeirim";"-";"2020";627583,787
"Economia";"PIB";"Produto Interno Bruto a Preços Correntes (Mil Reais)";"Baixo Amazonas";"Almeirim";"-";"2021";688370,093
"Economia";"PIB";"Produto Interno Bruto a Preços Correntes (Mil Reais)";"Xingu";"Altamira";"-";"2008";567440
"Economia";"PIB";"Produto Interno Bruto a Preços Correntes (Mil Reais)";"Xingu";"Altamira";"-";"2009";609984
"Economia";"PIB";"Produto Interno Bruto a Preços Correntes (Mil Reais)";"Xingu";"Altamira";"-";"2010";842407,869
"Economia";"PIB";"Produto Interno Bruto a Preços Correntes (Mil Reais)";"Xingu";"Altamira";"-";"2011";1288182,41
"Economia";"PIB";"Produto Interno Bruto a Preços Correntes (Mil Reais)";"Xingu";"Altamira";"-";"2012";2206575,799
"Economia";"PIB";"Produto Interno Bruto a Preços Correntes (Mil Reais)";"Xingu";"Altamira";"-";"2013";3094031,218
"Economia";"PIB";"Produto Interno Bruto a Preços Correntes (Mil Reais)";"Xingu";"Altamira";"-";"2014";3948811,433
"Economia";"PIB";"Produto Interno Bruto a Preços Correntes (Mil Reais)";"Xingu";"Altamira";"-";"2015";3201408
"Economia";"PIB";"Produto Interno Bruto a Preços Correntes (Mil Reais)";"Xingu";"Altamira";"-";"2016";2497078
"Economia";"PIB";"Produto Interno Bruto a Preços Correntes (Mil Reais)";"Xingu";"Altamira";"-";"2017";2501060
"Economia";"PIB";"Produto Interno Bruto a Preços Correntes (Mil Reais)";"Xingu";"Altamira";"-";"2018";2723889,962
"Economia";"PIB";"Produto Interno Bruto a Preços Correntes (Mil Reais)";"Xingu";"Altamira";"-";"2019";2776405,616
"Economia";"PIB";"Produto Interno Bruto a Preços Correntes (Mil Reais)";"Xingu";"Altamira";"-";"2020";2556445,164
"Economia";"PIB";"Produto Interno Bruto a Preços Correntes (Mil Reais)";"Xingu";"Altamira";"-";"2021";3120219,096
"Economia";"PIB";"Produto Interno Bruto a Preços Correntes (Mil Reais)";"Marajó";"Anajás";"-";"2008";55987
"Economia";"PIB";"Produto Interno Bruto a Preços Correntes (Mil Reais)";"Marajó";"Anajás";"-";"2009";62657
"Economia";"PIB";"Produto Interno Bruto a Preços Correntes (Mil Reais)";"Marajó";"Anajás";"-";"2010";95375,829
"Economia";"PIB";"Produto Interno Bruto a Preços Correntes (Mil Reais)";"Marajó";"Anajás";"-";"2011";113266,506
"Economia";"PIB";"Produto Interno Bruto a Preços Correntes (Mil Reais)";"Marajó";"Anajás";"-";"2012";130357,394
"Economia";"PIB";"Produto Interno Bruto a Preços Correntes (Mil Reais)";"Marajó";"Anajás";"-";"2013";154237,159
"Economia";"PIB";"Produto Interno Bruto a Preços Correntes (Mil Reais)";"Marajó";"Anajás";"-";"2014";167160,74
"Economia";"PIB";"Produto Interno Bruto a Preços Correntes (Mil Reais)";"Marajó";"Anajás";"-";"2015";180985
"Economia";"PIB";"Produto Interno Bruto a Preços Correntes (Mil Reais)";"Marajó";"Anajás";"-";"2016";180704
"Economia";"PIB";"Produto Interno Bruto a Preços Correntes (Mil Reais)";"Marajó";"Anajás";"-";"2017";204751
"Economia";"PIB";"Produto Interno Bruto a Preços Correntes (Mil Reais)";"Marajó";"Anajás";"-";"2018";206730,026
"Economia";"PIB";"Produto Interno Bruto a Preços Correntes (Mil Reais)";"Marajó";"Anajás";"-";"2019";213399,511
"Economia";"PIB";"Produto Interno Bruto a Preços Correntes (Mil Reais)";"Marajó";"Anajás";"-";"2020";228694,024
"Economia";"PIB";"Produto Interno Bruto a Preços Correntes (Mil Reais)";"Marajó";"Anajás";"-";"2021";259019,584
"Economia";"PIB";"Produto Interno Bruto a Preços Correntes (Mil Reais)";"Guajará";"Ananindeua";"-";"2008";3085799
"Economia";"PIB";"Produto Interno Bruto a Preços Correntes (Mil Reais)";"Guajará";"Ananindeua";"-";"2009";3253847
"Economia";"PIB";"Produto Interno Bruto a Preços Correntes (Mil Reais)";"Guajará";"Ananindeua";"-";"2010";4100512,646
"Economia";"PIB";"Produto Interno Bruto a Preços Correntes (Mil Reais)";"Guajará";"Ananindeua";"-";"2011";4631458,585
"Economia";"PIB";"Produto Interno Bruto a Preços Correntes (Mil Reais)";"Guajará";"Ananindeua";"-";"2012";5114548,871
"Economia";"PIB";"Produto Interno Bruto a Preços Correntes (Mil Reais)";"Guajará";"Ananindeua";"-";"2013";4900296,946
"Economia";"PIB";"Produto Interno Bruto a Preços Correntes (Mil Reais)";"Guajará";"Ananindeua";"-";"2014";5772894,386
"Economia";"PIB";"Produto Interno Bruto a Preços Correntes (Mil Reais)";"Guajará";"Ananindeua";"-";"2015";6222672
"Economia";"PIB";"Produto Interno Bruto a Preços Correntes (Mil Reais)";"Guajará";"Ananindeua";"-";"2016";6718793
"Economia";"PIB";"Produto Interno Bruto a Preços Correntes (Mil Reais)";"Guajará";"Ananindeua";"-";"2017";6980443
"Economia";"PIB";"Produto Interno Bruto a Preços Correntes (Mil Reais)";"Guajará";"Ananindeua";"-";"2018";7522960,853
"Economia";"PIB";"Produto Interno Bruto a Preços Correntes (Mil Reais)";"Guajará";"Ananindeua";"-";"2019";8163540,277
"Economia";"PIB";"Produto Interno Bruto a Preços Correntes (Mil Reais)";"Guajará";"Ananindeua";"-";"2020";8141094,514
"Economia";"PIB";"Produto Interno Bruto a Preços Correntes (Mil Reais)";"Guajará";"Ananindeua";"-";"2021";8939829,778
"Economia";"PIB";"Produto Interno Bruto a Preços Correntes (Mil Reais)";"Xingu";"Anapu";"-";"2008";76776
"Economia";"PIB";"Produto Interno Bruto a Preços Correntes (Mil Reais)";"Xingu";"Anapu";"-";"2009";77447
"Economia";"PIB";"Produto Interno Bruto a Preços Correntes (Mil Reais)";"Xingu";"Anapu";"-";"2010";111551,491
"Economia";"PIB";"Produto Interno Bruto a Preços Correntes (Mil Reais)";"Xingu";"Anapu";"-";"2011";137033,995
"Economia";"PIB";"Produto Interno Bruto a Preços Correntes (Mil Reais)";"Xingu";"Anapu";"-";"2012";179067,482
"Economia";"PIB";"Produto Interno Bruto a Preços Correntes (Mil Reais)";"Xingu";"Anapu";"-";"2013";209864,325
"Economia";"PIB";"Produto Interno Bruto a Preços Correntes (Mil Reais)";"Xingu";"Anapu";"-";"2014";257291,756
"Economia";"PIB";"Produto Interno Bruto a Preços Correntes (Mil Reais)";"Xingu";"Anapu";"-";"2015";302093
"Economia";"PIB";"Produto Interno Bruto a Preços Correntes (Mil Reais)";"Xingu";"Anapu";"-";"2016";310094
"Economia";"PIB";"Produto Interno Bruto a Preços Correntes (Mil Reais)";"Xingu";"Anapu";"-";"2017";351211
"Economia";"PIB";"Produto Interno Bruto a Preços Correntes (Mil Reais)";"Xingu";"Anapu";"-";"2018";368823,105
"Economia";"PIB";"Produto Interno Bruto a Preços Correntes (Mil Reais)";"Xingu";"Anapu";"-";"2019";415240,957
"Economia";"PIB";"Produto Interno Bruto a Preços Correntes (Mil Reais)";"Xingu";"Anapu";"-";"2020";521583,495
"Economia";"PIB";"Produto Interno Bruto a Preços Correntes (Mil Reais)";"Xingu";"Anapu";"-";"2021";588032,29
"Economia";"PIB";"Produto Interno Bruto a Preços Correntes (Mil Reais)";"Rio Caeté";"Augusto Corrêa";"-";"2008";105229
"Economia";"PIB";"Produto Interno Bruto a Preços Correntes (Mil Reais)";"Rio Caeté";"Augusto Corrêa";"-";"2009";111203
"Economia";"PIB";"Produto Interno Bruto a Preços Correntes (Mil Reais)";"Rio Caeté";"Augusto Corrêa";"-";"2010";133307,829
"Economia";"PIB";"Produto Interno Bruto a Preços Correntes (Mil Reais)";"Rio Caeté";"Augusto Corrêa";"-";"2011";169583,815
"Economia";"PIB";"Produto Interno Bruto a Preços Correntes (Mil Reais)";"Rio Caeté";"Augusto Corrêa";"-";"2012";203750,271
"Economia";"PIB";"Produto Interno Bruto a Preços Correntes (Mil Reais)";"Rio Caeté";"Augusto Corrêa";"-";"2013";253554,107
"Economia";"PIB";"Produto Interno Bruto a Preços Correntes (Mil Reais)";"Rio Caeté";"Augusto Corrêa";"-";"2014";251668,798
"Economia";"PIB";"Produto Interno Bruto a Preços Correntes (Mil Reais)";"Rio Caeté";"Augusto Corrêa";"-";"2015";287174
"Economia";"PIB";"Produto Interno Bruto a Preços Correntes (Mil Reais)";"Rio Caeté";"Augusto Corrêa";"-";"2016";309983
"Economia";"PIB";"Produto Interno Bruto a Preços Correntes (Mil Reais)";"Rio Caeté";"Augusto Corrêa";"-";"2017";332780
"Economia";"PIB";"Produto Interno Bruto a Preços Correntes (Mil Reais)";"Rio Caeté";"Augusto Corrêa";"-";"2018";305706,648
"Economia";"PIB";"Produto Interno Bruto a Preços Correntes (Mil Reais)";"Rio Caeté";"Augusto Corrêa";"-";"2019";324422,262
"Economia";"PIB";"Produto Interno Bruto a Preços Correntes (Mil Reais)";"Rio Caeté";"Augusto Corrêa";"-";"2020";365943,838
"Economia";"PIB";"Produto Interno Bruto a Preços Correntes (Mil Reais)";"Rio Caeté";"Augusto Corrêa";"-";"2021";363770,783
"Economia";"PIB";"Produto Interno Bruto a Preços Correntes (Mil Reais)";"Rio Capim";"Aurora do Pará";"-";"2008";77742
"Economia";"PIB";"Produto Interno Bruto a Preços Correntes (Mil Reais)";"Rio Capim";"Aurora do Pará";"-";"2009";86158
"Economia";"PIB";"Produto Interno Bruto a Preços Correntes (Mil Reais)";"Rio Capim";"Aurora do Pará";"-";"2010";212960,707
"Economia";"PIB";"Produto Interno Bruto a Preços Correntes (Mil Reais)";"Rio Capim";"Aurora do Pará";"-";"2011";185989,601
"Economia";"PIB";"Produto Interno Bruto a Preços Correntes (Mil Reais)";"Rio Capim";"Aurora do Pará";"-";"2012";176412,573
"Economia";"PIB";"Produto Interno Bruto a Preços Correntes (Mil Reais)";"Rio Capim";"Aurora do Pará";"-";"2013";230600,931
"Economia";"PIB";"Produto Interno Bruto a Preços Correntes (Mil Reais)";"Rio Capim";"Aurora do Pará";"-";"2014";240324,083
"Economia";"PIB";"Produto Interno Bruto a Preços Correntes (Mil Reais)";"Rio Capim";"Aurora do Pará";"-";"2015";257268
"Economia";"PIB";"Produto Interno Bruto a Preços Correntes (Mil Reais)";"Rio Capim";"Aurora do Pará";"-";"2016";298798
"Economia";"PIB";"Produto Interno Bruto a Preços Correntes (Mil Reais)";"Rio Capim";"Aurora do Pará";"-";"2017";277394
"Economia";"PIB";"Produto Interno Bruto a Preços Correntes (Mil Reais)";"Rio Capim";"Aurora do Pará";"-";"2018";260751,927
"Economia";"PIB";"Produto Interno Bruto a Preços Correntes (Mil Reais)";"Rio Capim";"Aurora do Pará";"-";"2019";220672,274
"Economia";"PIB";"Produto Interno Bruto a Preços Correntes (Mil Reais)";"Rio Capim";"Aurora do Pará";"-";"2020";267527,552
"Economia";"PIB";"Produto Interno Bruto a Preços Correntes (Mil Reais)";"Rio Capim";"Aurora do Pará";"-";"2021";308632,693
"Economia";"PIB";"Produto Interno Bruto a Preços Correntes (Mil Reais)";"Tapajós";"Aveiro";"-";"2008";49197
"Economia";"PIB";"Produto Interno Bruto a Preços Correntes (Mil Reais)";"Tapajós";"Aveiro";"-";"2009";54482
"Economia";"PIB";"Produto Interno Bruto a Preços Correntes (Mil Reais)";"Tapajós";"Aveiro";"-";"2010";55948,161
"Economia";"PIB";"Produto Interno Bruto a Preços Correntes (Mil Reais)";"Tapajós";"Aveiro";"-";"2011";66433,747
"Economia";"PIB";"Produto Interno Bruto a Preços Correntes (Mil Reais)";"Tapajós";"Aveiro";"-";"2012";67952,821
"Economia";"PIB";"Produto Interno Bruto a Preços Correntes (Mil Reais)";"Tapajós";"Aveiro";"-";"2013";87331,824
"Economia";"PIB";"Produto Interno Bruto a Preços Correntes (Mil Reais)";"Tapajós";"Aveiro";"-";"2014";91998,249
"Economia";"PIB";"Produto Interno Bruto a Preços Correntes (Mil Reais)";"Tapajós";"Aveiro";"-";"2015";97996
"Economia";"PIB";"Produto Interno Bruto a Preços Correntes (Mil Reais)";"Tapajós";"Aveiro";"-";"2016";120567
"Economia";"PIB";"Produto Interno Bruto a Preços Correntes (Mil Reais)";"Tapajós";"Aveiro";"-";"2017";144716
"Economia";"PIB";"Produto Interno Bruto a Preços Correntes (Mil Reais)";"Tapajós";"Aveiro";"-";"2018";118031,882
"Economia";"PIB";"Produto Interno Bruto a Preços Correntes (Mil Reais)";"Tapajós";"Aveiro";"-";"2019";123023,909
"Economia";"PIB";"Produto Interno Bruto a Preços Correntes (Mil Reais)";"Tapajós";"Aveiro";"-";"2020";138806,567
"Economia";"PIB";"Produto Interno Bruto a Preços Correntes (Mil Reais)";"Tapajós";"Aveiro";"-";"2021";151969,219
"Economia";"PIB";"Produto Interno Bruto a Preços Correntes (Mil Reais)";"Marajó";"Bagre";"-";"2008";41416
"Economia";"PIB";"Produto Interno Bruto a Preços Correntes (Mil Reais)";"Marajó";"Bagre";"-";"2009";45806
"Economia";"PIB";"Produto Interno Bruto a Preços Correntes (Mil Reais)";"Marajó";"Bagre";"-";"2010";78845,132
"Economia";"PIB";"Produto Interno Bruto a Preços Correntes (Mil Reais)";"Marajó";"Bagre";"-";"2011";88671,921
"Economia";"PIB";"Produto Interno Bruto a Preços Correntes (Mil Reais)";"Marajó";"Bagre";"-";"2012";102505,746
"Economia";"PIB";"Produto Interno Bruto a Preços Correntes (Mil Reais)";"Marajó";"Bagre";"-";"2013";141328,745
"Economia";"PIB";"Produto Interno Bruto a Preços Correntes (Mil Reais)";"Marajó";"Bagre";"-";"2014";139405,399
"Economia";"PIB";"Produto Interno Bruto a Preços Correntes (Mil Reais)";"Marajó";"Bagre";"-";"2015";147607
"Economia";"PIB";"Produto Interno Bruto a Preços Correntes (Mil Reais)";"Marajó";"Bagre";"-";"2016";164989
"Economia";"PIB";"Produto Interno Bruto a Preços Correntes (Mil Reais)";"Marajó";"Bagre";"-";"2017";176250
"Economia";"PIB";"Produto Interno Bruto a Preços Correntes (Mil Reais)";"Marajó";"Bagre";"-";"2018";207731,38
"Economia";"PIB";"Produto Interno Bruto a Preços Correntes (Mil Reais)";"Marajó";"Bagre";"-";"2019";203160,243
"Economia";"PIB";"Produto Interno Bruto a Preços Correntes (Mil Reais)";"Marajó";"Bagre";"-";"2020";232844,525
"Economia";"PIB";"Produto Interno Bruto a Preços Correntes (Mil Reais)";"Marajó";"Bagre";"-";"2021";250547,554
"Economia";"PIB";"Produto Interno Bruto a Preços Correntes (Mil Reais)";"Tocantins";"Baião";"-";"2008";96158
"Economia";"PIB";"Produto Interno Bruto a Preços Correntes (Mil Reais)";"Tocantins";"Baião";"-";"2009";106128
"Economia";"PIB";"Produto Interno Bruto a Preços Correntes (Mil Reais)";"Tocantins";"Baião";"-";"2010";169273,964
"Economia";"PIB";"Produto Interno Bruto a Preços Correntes (Mil Reais)";"Tocantins";"Baião";"-";"2011";195522,838
"Economia";"PIB";"Produto Interno Bruto a Preços Correntes (Mil Reais)";"Tocantins";"Baião";"-";"2012";203188,798
"Economia";"PIB";"Produto Interno Bruto a Preços Correntes (Mil Reais)";"Tocantins";"Baião";"-";"2013";258691,118
"Economia";"PIB";"Produto Interno Bruto a Preços Correntes (Mil Reais)";"Tocantins";"Baião";"-";"2014";258859,924
"Economia";"PIB";"Produto Interno Bruto a Preços Correntes (Mil Reais)";"Tocantins";"Baião";"-";"2015";307389
"Economia";"PIB";"Produto Interno Bruto a Preços Correntes (Mil Reais)";"Tocantins";"Baião";"-";"2016";338690
"Economia";"PIB";"Produto Interno Bruto a Preços Correntes (Mil Reais)";"Tocantins";"Baião";"-";"2017";356595
"Economia";"PIB";"Produto Interno Bruto a Preços Correntes (Mil Reais)";"Tocantins";"Baião";"-";"2018";346675,424
"Economia";"PIB";"Produto Interno Bruto a Preços Correntes (Mil Reais)";"Tocantins";"Baião";"-";"2019";473025,517
"Economia";"PIB";"Produto Interno Bruto a Preços Correntes (Mil Reais)";"Tocantins";"Baião";"-";"2020";615634,194
"Economia";"PIB";"Produto Interno Bruto a Preços Correntes (Mil Reais)";"Tocantins";"Baião";"-";"2021";562146,663
"Economia";"PIB";"Produto Interno Bruto a Preços Correntes (Mil Reais)";"Araguaia";"Bannach";"-";"2008";32515
"Economia";"PIB";"Produto Interno Bruto a Preços Correntes (Mil Reais)";"Araguaia";"Bannach";"-";"2009";30899
"Economia";"PIB";"Produto Interno Bruto a Preços Correntes (Mil Reais)";"Araguaia";"Bannach";"-";"2010";34214,898
"Economia";"PIB";"Produto Interno Bruto a Preços Correntes (Mil Reais)";"Araguaia";"Bannach";"-";"2011";42042,823
"Economia";"PIB";"Produto Interno Bruto a Preços Correntes (Mil Reais)";"Araguaia";"Bannach";"-";"2012";46793,238
"Economia";"PIB";"Produto Interno Bruto a Preços Correntes (Mil Reais)";"Araguaia";"Bannach";"-";"2013";51381,601
"Economia";"PIB";"Produto Interno Bruto a Preços Correntes (Mil Reais)";"Araguaia";"Bannach";"-";"2014";58624,633
"Economia";"PIB";"Produto Interno Bruto a Preços Correntes (Mil Reais)";"Araguaia";"Bannach";"-";"2015";68221
"Economia";"PIB";"Produto Interno Bruto a Preços Correntes (Mil Reais)";"Araguaia";"Bannach";"-";"2016";79721
"Economia";"PIB";"Produto Interno Bruto a Preços Correntes (Mil Reais)";"Araguaia";"Bannach";"-";"2017";76465
"Economia";"PIB";"Produto Interno Bruto a Preços Correntes (Mil Reais)";"Araguaia";"Bannach";"-";"2018";78124,52
"Economia";"PIB";"Produto Interno Bruto a Preços Correntes (Mil Reais)";"Araguaia";"Bannach";"-";"2019";80971,821
"Economia";"PIB";"Produto Interno Bruto a Preços Correntes (Mil Reais)";"Araguaia";"Bannach";"-";"2020";100638,77
"Economia";"PIB";"Produto Interno Bruto a Preços Correntes (Mil Reais)";"Araguaia";"Bannach";"-";"2021";129007,475
"Economia";"PIB";"Produto Interno Bruto a Preços Correntes (Mil Reais)";"Tocantins";"Barcarena";"-";"2008";3713041
"Economia";"PIB";"Produto Interno Bruto a Preços Correntes (Mil Reais)";"Tocantins";"Barcarena";"-";"2009";3483038
"Economia";"PIB";"Produto Interno Bruto a Preços Correntes (Mil Reais)";"Tocantins";"Barcarena";"-";"2010";2227149,609
"Economia";"PIB";"Produto Interno Bruto a Preços Correntes (Mil Reais)";"Tocantins";"Barcarena";"-";"2011";2460397,52
"Economia";"PIB";"Produto Interno Bruto a Preços Correntes (Mil Reais)";"Tocantins";"Barcarena";"-";"2012";2006449,481
"Economia";"PIB";"Produto Interno Bruto a Preços Correntes (Mil Reais)";"Tocantins";"Barcarena";"-";"2013";2658971,938
"Economia";"PIB";"Produto Interno Bruto a Preços Correntes (Mil Reais)";"Tocantins";"Barcarena";"-";"2014";3902984,552
"Economia";"PIB";"Produto Interno Bruto a Preços Correntes (Mil Reais)";"Tocantins";"Barcarena";"-";"2015";5513144
"Economia";"PIB";"Produto Interno Bruto a Preços Correntes (Mil Reais)";"Tocantins";"Barcarena";"-";"2016";5014169
"Economia";"PIB";"Produto Interno Bruto a Preços Correntes (Mil Reais)";"Tocantins";"Barcarena";"-";"2017";4818669
"Economia";"PIB";"Produto Interno Bruto a Preços Correntes (Mil Reais)";"Tocantins";"Barcarena";"-";"2018";4737435,563
"Economia";"PIB";"Produto Interno Bruto a Preços Correntes (Mil Reais)";"Tocantins";"Barcarena";"-";"2019";5364844,356
"Economia";"PIB";"Produto Interno Bruto a Preços Correntes (Mil Reais)";"Tocantins";"Barcarena";"-";"2020";7437481,159
"Economia";"PIB";"Produto Interno Bruto a Preços Correntes (Mil Reais)";"Tocantins";"Barcarena";"-";"2021";9243936,587
"Economia";"PIB";"Produto Interno Bruto a Preços Correntes (Mil Reais)";"Guajará";"Belém";"-";"2008";15286066
"Economia";"PIB";"Produto Interno Bruto a Preços Correntes (Mil Reais)";"Guajará";"Belém";"-";"2009";16568144
"Economia";"PIB";"Produto Interno Bruto a Preços Correntes (Mil Reais)";"Guajará";"Belém";"-";"2010";18801039,135
"Economia";"PIB";"Produto Interno Bruto a Preços Correntes (Mil Reais)";"Guajará";"Belém";"-";"2011";21426847,13
"Economia";"PIB";"Produto Interno Bruto a Preços Correntes (Mil Reais)";"Guajará";"Belém";"-";"2012";26362015,179
"Economia";"PIB";"Produto Interno Bruto a Preços Correntes (Mil Reais)";"Guajará";"Belém";"-";"2013";27139286,171
"Economia";"PIB";"Produto Interno Bruto a Preços Correntes (Mil Reais)";"Guajará";"Belém";"-";"2014";28687487,768
"Economia";"PIB";"Produto Interno Bruto a Preços Correntes (Mil Reais)";"Guajará";"Belém";"-";"2015";29215036
"Economia";"PIB";"Produto Interno Bruto a Preços Correntes (Mil Reais)";"Guajará";"Belém";"-";"2016";29466894
"Economia";"PIB";"Produto Interno Bruto a Preços Correntes (Mil Reais)";"Guajará";"Belém";"-";"2017";30244780
"Economia";"PIB";"Produto Interno Bruto a Preços Correntes (Mil Reais)";"Guajará";"Belém";"-";"2018";31479272,183
"Economia";"PIB";"Produto Interno Bruto a Preços Correntes (Mil Reais)";"Guajará";"Belém";"-";"2019";32372970,681
"Economia";"PIB";"Produto Interno Bruto a Preços Correntes (Mil Reais)";"Guajará";"Belém";"-";"2020";30835763,449
"Economia";"PIB";"Produto Interno Bruto a Preços Correntes (Mil Reais)";"Guajará";"Belém";"-";"2021";33467126,221
"Economia";"PIB";"Produto Interno Bruto a Preços Correntes (Mil Reais)";"Baixo Amazonas";"Belterra";"-";"2008";58787
"Economia";"PIB";"Produto Interno Bruto a Preços Correntes (Mil Reais)";"Baixo Amazonas";"Belterra";"-";"2009";68467
"Economia";"PIB";"Produto Interno Bruto a Preços Correntes (Mil Reais)";"Baixo Amazonas";"Belterra";"-";"2010";109871,28
"Economia";"PIB";"Produto Interno Bruto a Preços Correntes (Mil Reais)";"Baixo Amazonas";"Belterra";"-";"2011";161153,046
"Economia";"PIB";"Produto Interno Bruto a Preços Correntes (Mil Reais)";"Baixo Amazonas";"Belterra";"-";"2012";150486,25
"Economia";"PIB";"Produto Interno Bruto a Preços Correntes (Mil Reais)";"Baixo Amazonas";"Belterra";"-";"2013";268531,618
"Economia";"PIB";"Produto Interno Bruto a Preços Correntes (Mil Reais)";"Baixo Amazonas";"Belterra";"-";"2014";251576,988
"Economia";"PIB";"Produto Interno Bruto a Preços Correntes (Mil Reais)";"Baixo Amazonas";"Belterra";"-";"2015";140052
"Economia";"PIB";"Produto Interno Bruto a Preços Correntes (Mil Reais)";"Baixo Amazonas";"Belterra";"-";"2016";151832
"Economia";"PIB";"Produto Interno Bruto a Preços Correntes (Mil Reais)";"Baixo Amazonas";"Belterra";"-";"2017";158065
"Economia";"PIB";"Produto Interno Bruto a Preços Correntes (Mil Reais)";"Baixo Amazonas";"Belterra";"-";"2018";159131,838
"Economia";"PIB";"Produto Interno Bruto a Preços Correntes (Mil Reais)";"Baixo Amazonas";"Belterra";"-";"2019";163218,261
"Economia";"PIB";"Produto Interno Bruto a Preços Correntes (Mil Reais)";"Baixo Amazonas";"Belterra";"-";"2020";186597,898
"Economia";"PIB";"Produto Interno Bruto a Preços Correntes (Mil Reais)";"Baixo Amazonas";"Belterra";"-";"2021";237196,263
"Economia";"PIB";"Produto Interno Bruto a Preços Correntes (Mil Reais)";"Guajará";"Benevides";"-";"2008";517271
"Economia";"PIB";"Produto Interno Bruto a Preços Correntes (Mil Reais)";"Guajará";"Benevides";"-";"2009";524811
"Economia";"PIB";"Produto Interno Bruto a Preços Correntes (Mil Reais)";"Guajará";"Benevides";"-";"2010";580846,682
"Economia";"PIB";"Produto Interno Bruto a Preços Correntes (Mil Reais)";"Guajará";"Benevides";"-";"2011";667843,651
"Economia";"PIB";"Produto Interno Bruto a Preços Correntes (Mil Reais)";"Guajará";"Benevides";"-";"2012";794371,97
"Economia";"PIB";"Produto Interno Bruto a Preços Correntes (Mil Reais)";"Guajará";"Benevides";"-";"2013";921748,944
"Economia";"PIB";"Produto Interno Bruto a Preços Correntes (Mil Reais)";"Guajará";"Benevides";"-";"2014";1050324,633
"Economia";"PIB";"Produto Interno Bruto a Preços Correntes (Mil Reais)";"Guajará";"Benevides";"-";"2015";1202057
"Economia";"PIB";"Produto Interno Bruto a Preços Correntes (Mil Reais)";"Guajará";"Benevides";"-";"2016";1291065
"Economia";"PIB";"Produto Interno Bruto a Preços Correntes (Mil Reais)";"Guajará";"Benevides";"-";"2017";1394023
"Economia";"PIB";"Produto Interno Bruto a Preços Correntes (Mil Reais)";"Guajará";"Benevides";"-";"2018";1589788,867
"Economia";"PIB";"Produto Interno Bruto a Preços Correntes (Mil Reais)";"Guajará";"Benevides";"-";"2019";1558563,324
"Economia";"PIB";"Produto Interno Bruto a Preços Correntes (Mil Reais)";"Guajará";"Benevides";"-";"2020";1675047,739
"Economia";"PIB";"Produto Interno Bruto a Preços Correntes (Mil Reais)";"Guajará";"Benevides";"-";"2021";1986728,895
"Economia";"PIB";"Produto Interno Bruto a Preços Correntes (Mil Reais)";"Carajás";"Bom Jesus do Tocantins";"-";"2008";59121
"Economia";"PIB";"Produto Interno Bruto a Preços Correntes (Mil Reais)";"Carajás";"Bom Jesus do Tocantins";"-";"2009";63176
"Economia";"PIB";"Produto Interno Bruto a Preços Correntes (Mil Reais)";"Carajás";"Bom Jesus do Tocantins";"-";"2010";86835,85
"Economia";"PIB";"Produto Interno Bruto a Preços Correntes (Mil Reais)";"Carajás";"Bom Jesus do Tocantins";"-";"2011";94170,512
"Economia";"PIB";"Produto Interno Bruto a Preços Correntes (Mil Reais)";"Carajás";"Bom Jesus do Tocantins";"-";"2012";84493,222
"Economia";"PIB";"Produto Interno Bruto a Preços Correntes (Mil Reais)";"Carajás";"Bom Jesus do Tocantins";"-";"2013";106168,615
"Economia";"PIB";"Produto Interno Bruto a Preços Correntes (Mil Reais)";"Carajás";"Bom Jesus do Tocantins";"-";"2014";121145,486
"Economia";"PIB";"Produto Interno Bruto a Preços Correntes (Mil Reais)";"Carajás";"Bom Jesus do Tocantins";"-";"2015";134478
"Economia";"PIB";"Produto Interno Bruto a Preços Correntes (Mil Reais)";"Carajás";"Bom Jesus do Tocantins";"-";"2016";153703
"Economia";"PIB";"Produto Interno Bruto a Preços Correntes (Mil Reais)";"Carajás";"Bom Jesus do Tocantins";"-";"2017";164637
"Economia";"PIB";"Produto Interno Bruto a Preços Correntes (Mil Reais)";"Carajás";"Bom Jesus do Tocantins";"-";"2018";175982,006
"Economia";"PIB";"Produto Interno Bruto a Preços Correntes (Mil Reais)";"Carajás";"Bom Jesus do Tocantins";"-";"2019";174024,868
"Economia";"PIB";"Produto Interno Bruto a Preços Correntes (Mil Reais)";"Carajás";"Bom Jesus do Tocantins";"-";"2020";207834,836
"Economia";"PIB";"Produto Interno Bruto a Preços Correntes (Mil Reais)";"Carajás";"Bom Jesus do Tocantins";"-";"2021";243883,113
"Economia";"PIB";"Produto Interno Bruto a Preços Correntes (Mil Reais)";"Rio Caeté";"Bonito";"-";"2008";31886
"Economia";"PIB";"Produto Interno Bruto a Preços Correntes (Mil Reais)";"Rio Caeté";"Bonito";"-";"2009";36136
"Economia";"PIB";"Produto Interno Bruto a Preços Correntes (Mil Reais)";"Rio Caeté";"Bonito";"-";"2010";56788,233
"Economia";"PIB";"Produto Interno Bruto a Preços Correntes (Mil Reais)";"Rio Caeté";"Bonito";"-";"2011";54909,924
"Economia";"PIB";"Produto Interno Bruto a Preços Correntes (Mil Reais)";"Rio Caeté";"Bonito";"-";"2012";54941,452
"Economia";"PIB";"Produto Interno Bruto a Preços Correntes (Mil Reais)";"Rio Caeté";"Bonito";"-";"2013";79526,758
"Economia";"PIB";"Produto Interno Bruto a Preços Correntes (Mil Reais)";"Rio Caeté";"Bonito";"-";"2014";81444,685
"Economia";"PIB";"Produto Interno Bruto a Preços Correntes (Mil Reais)";"Rio Caeté";"Bonito";"-";"2015";86352
"Economia";"PIB";"Produto Interno Bruto a Preços Correntes (Mil Reais)";"Rio Caeté";"Bonito";"-";"2016";108500
"Economia";"PIB";"Produto Interno Bruto a Preços Correntes (Mil Reais)";"Rio Caeté";"Bonito";"-";"2017";136290
"Economia";"PIB";"Produto Interno Bruto a Preços Correntes (Mil Reais)";"Rio Caeté";"Bonito";"-";"2018";151768,152
"Economia";"PIB";"Produto Interno Bruto a Preços Correntes (Mil Reais)";"Rio Caeté";"Bonito";"-";"2019";159907,67
"Economia";"PIB";"Produto Interno Bruto a Preços Correntes (Mil Reais)";"Rio Caeté";"Bonito";"-";"2020";189663,073
"Economia";"PIB";"Produto Interno Bruto a Preços Correntes (Mil Reais)";"Rio Caeté";"Bonito";"-";"2021";206682,145
"Economia";"PIB";"Produto Interno Bruto a Preços Correntes (Mil Reais)";"Rio Caeté";"Bragança";"-";"2008";347312
"Economia";"PIB";"Produto Interno Bruto a Preços Correntes (Mil Reais)";"Rio Caeté";"Bragança";"-";"2009";383575
"Economia";"PIB";"Produto Interno Bruto a Preços Correntes (Mil Reais)";"Rio Caeté";"Bragança";"-";"2010";509271,612
"Economia";"PIB";"Produto Interno Bruto a Preços Correntes (Mil Reais)";"Rio Caeté";"Bragança";"-";"2011";612982,193
"Economia";"PIB";"Produto Interno Bruto a Preços Correntes (Mil Reais)";"Rio Caeté";"Bragança";"-";"2012";756413,899
"Economia";"PIB";"Produto Interno Bruto a Preços Correntes (Mil Reais)";"Rio Caeté";"Bragança";"-";"2013";978371,863
"Economia";"PIB";"Produto Interno Bruto a Preços Correntes (Mil Reais)";"Rio Caeté";"Bragança";"-";"2014";912212,141
"Economia";"PIB";"Produto Interno Bruto a Preços Correntes (Mil Reais)";"Rio Caeté";"Bragança";"-";"2015";976997
"Economia";"PIB";"Produto Interno Bruto a Preços Correntes (Mil Reais)";"Rio Caeté";"Bragança";"-";"2016";1047905
"Economia";"PIB";"Produto Interno Bruto a Preços Correntes (Mil Reais)";"Rio Caeté";"Bragança";"-";"2017";1116023
"Economia";"PIB";"Produto Interno Bruto a Preços Correntes (Mil Reais)";"Rio Caeté";"Bragança";"-";"2018";1127614,251
"Economia";"PIB";"Produto Interno Bruto a Preços Correntes (Mil Reais)";"Rio Caeté";"Bragança";"-";"2019";1162529,234
"Economia";"PIB";"Produto Interno Bruto a Preços Correntes (Mil Reais)";"Rio Caeté";"Bragança";"-";"2020";1377141,182
"Economia";"PIB";"Produto Interno Bruto a Preços Correntes (Mil Reais)";"Rio Caeté";"Bragança";"-";"2021";1389572,581
"Economia";"PIB";"Produto Interno Bruto a Preços Correntes (Mil Reais)";"Xingu";"Brasil Novo";"-";"2008";78103
"Economia";"PIB";"Produto Interno Bruto a Preços Correntes (Mil Reais)";"Xingu";"Brasil Novo";"-";"2009";78870
"Economia";"PIB";"Produto Interno Bruto a Preços Correntes (Mil Reais)";"Xingu";"Brasil Novo";"-";"2010";104504,136
"Economia";"PIB";"Produto Interno Bruto a Preços Correntes (Mil Reais)";"Xingu";"Brasil Novo";"-";"2011";129814,218
"Economia";"PIB";"Produto Interno Bruto a Preços Correntes (Mil Reais)";"Xingu";"Brasil Novo";"-";"2012";129297,048
"Economia";"PIB";"Produto Interno Bruto a Preços Correntes (Mil Reais)";"Xingu";"Brasil Novo";"-";"2013";158513,221
"Economia";"PIB";"Produto Interno Bruto a Preços Correntes (Mil Reais)";"Xingu";"Brasil Novo";"-";"2014";181892,347
"Economia";"PIB";"Produto Interno Bruto a Preços Correntes (Mil Reais)";"Xingu";"Brasil Novo";"-";"2015";208756
"Economia";"PIB";"Produto Interno Bruto a Preços Correntes (Mil Reais)";"Xingu";"Brasil Novo";"-";"2016";228905
"Economia";"PIB";"Produto Interno Bruto a Preços Correntes (Mil Reais)";"Xingu";"Brasil Novo";"-";"2017";240063
"Economia";"PIB";"Produto Interno Bruto a Preços Correntes (Mil Reais)";"Xingu";"Brasil Novo";"-";"2018";251821,122
"Economia";"PIB";"Produto Interno Bruto a Preços Correntes (Mil Reais)";"Xingu";"Brasil Novo";"-";"2019";276410,286
"Economia";"PIB";"Produto Interno Bruto a Preços Correntes (Mil Reais)";"Xingu";"Brasil Novo";"-";"2020";322209,966
"Economia";"PIB";"Produto Interno Bruto a Preços Correntes (Mil Reais)";"Xingu";"Brasil Novo";"-";"2021";379813,134
"Economia";"PIB";"Produto Interno Bruto a Preços Correntes (Mil Reais)";"Carajás";"Brejo Grande do Araguaia";"-";"2008";33106
"Economia";"PIB";"Produto Interno Bruto a Preços Correntes (Mil Reais)";"Carajás";"Brejo Grande do Araguaia";"-";"2009";32789
"Economia";"PIB";"Produto Interno Bruto a Preços Correntes (Mil Reais)";"Carajás";"Brejo Grande do Araguaia";"-";"2010";35203,558
"Economia";"PIB";"Produto Interno Bruto a Preços Correntes (Mil Reais)";"Carajás";"Brejo Grande do Araguaia";"-";"2011";39924,657
"Economia";"PIB";"Produto Interno Bruto a Preços Correntes (Mil Reais)";"Carajás";"Brejo Grande do Araguaia";"-";"2012";41222,539
"Economia";"PIB";"Produto Interno Bruto a Preços Correntes (Mil Reais)";"Carajás";"Brejo Grande do Araguaia";"-";"2013";49627,831
"Economia";"PIB";"Produto Interno Bruto a Preços Correntes (Mil Reais)";"Carajás";"Brejo Grande do Araguaia";"-";"2014";56859,292
"Economia";"PIB";"Produto Interno Bruto a Preços Correntes (Mil Reais)";"Carajás";"Brejo Grande do Araguaia";"-";"2015";64269
"Economia";"PIB";"Produto Interno Bruto a Preços Correntes (Mil Reais)";"Carajás";"Brejo Grande do Araguaia";"-";"2016";76450
"Economia";"PIB";"Produto Interno Bruto a Preços Correntes (Mil Reais)";"Carajás";"Brejo Grande do Araguaia";"-";"2017";80573
"Economia";"PIB";"Produto Interno Bruto a Preços Correntes (Mil Reais)";"Carajás";"Brejo Grande do Araguaia";"-";"2018";78157,102
"Economia";"PIB";"Produto Interno Bruto a Preços Correntes (Mil Reais)";"Carajás";"Brejo Grande do Araguaia";"-";"2019";81565,475
"Economia";"PIB";"Produto Interno Bruto a Preços Correntes (Mil Reais)";"Carajás";"Brejo Grande do Araguaia";"-";"2020";88613,631
"Economia";"PIB";"Produto Interno Bruto a Preços Correntes (Mil Reais)";"Carajás";"Brejo Grande do Araguaia";"-";"2021";115088,437
"Economia";"PIB";"Produto Interno Bruto a Preços Correntes (Mil Reais)";"Lago de Tucuruí";"Breu Branco";"-";"2008";363681
"Economia";"PIB";"Produto Interno Bruto a Preços Correntes (Mil Reais)";"Lago de Tucuruí";"Breu Branco";"-";"2009";290986
"Economia";"PIB";"Produto Interno Bruto a Preços Correntes (Mil Reais)";"Lago de Tucuruí";"Breu Branco";"-";"2010";534052,061
"Economia";"PIB";"Produto Interno Bruto a Preços Correntes (Mil Reais)";"Lago de Tucuruí";"Breu Branco";"-";"2011";615403,376
"Economia";"PIB";"Produto Interno Bruto a Preços Correntes (Mil Reais)";"Lago de Tucuruí";"Breu Branco";"-";"2012";409761,317
"Economia";"PIB";"Produto Interno Bruto a Preços Correntes (Mil Reais)";"Lago de Tucuruí";"Breu Branco";"-";"2013";473702,074
"Economia";"PIB";"Produto Interno Bruto a Preços Correntes (Mil Reais)";"Lago de Tucuruí";"Breu Branco";"-";"2014";557970,131
"Economia";"PIB";"Produto Interno Bruto a Preços Correntes (Mil Reais)";"Lago de Tucuruí";"Breu Branco";"-";"2015";518458
"Economia";"PIB";"Produto Interno Bruto a Preços Correntes (Mil Reais)";"Lago de Tucuruí";"Breu Branco";"-";"2016";537286
"Economia";"PIB";"Produto Interno Bruto a Preços Correntes (Mil Reais)";"Lago de Tucuruí";"Breu Branco";"-";"2017";580409
"Economia";"PIB";"Produto Interno Bruto a Preços Correntes (Mil Reais)";"Lago de Tucuruí";"Breu Branco";"-";"2018";569600,895
"Economia";"PIB";"Produto Interno Bruto a Preços Correntes (Mil Reais)";"Lago de Tucuruí";"Breu Branco";"-";"2019";600242,285
"Economia";"PIB";"Produto Interno Bruto a Preços Correntes (Mil Reais)";"Lago de Tucuruí";"Breu Branco";"-";"2020";688187,235
"Economia";"PIB";"Produto Interno Bruto a Preços Correntes (Mil Reais)";"Lago de Tucuruí";"Breu Branco";"-";"2021";794308,725
"Economia";"PIB";"Produto Interno Bruto a Preços Correntes (Mil Reais)";"Marajó";"Breves";"-";"2008";251900
"Economia";"PIB";"Produto Interno Bruto a Preços Correntes (Mil Reais)";"Marajó";"Breves";"-";"2009";300841
"Economia";"PIB";"Produto Interno Bruto a Preços Correntes (Mil Reais)";"Marajó";"Breves";"-";"2010";363439,583
"Economia";"PIB";"Produto Interno Bruto a Preços Correntes (Mil Reais)";"Marajó";"Breves";"-";"2011";425659,367
"Economia";"PIB";"Produto Interno Bruto a Preços Correntes (Mil Reais)";"Marajó";"Breves";"-";"2012";503023,539
"Economia";"PIB";"Produto Interno Bruto a Preços Correntes (Mil Reais)";"Marajó";"Breves";"-";"2013";555396,751
"Economia";"PIB";"Produto Interno Bruto a Preços Correntes (Mil Reais)";"Marajó";"Breves";"-";"2014";621580,933
"Economia";"PIB";"Produto Interno Bruto a Preços Correntes (Mil Reais)";"Marajó";"Breves";"-";"2015";653059
"Economia";"PIB";"Produto Interno Bruto a Preços Correntes (Mil Reais)";"Marajó";"Breves";"-";"2016";671417
"Economia";"PIB";"Produto Interno Bruto a Preços Correntes (Mil Reais)";"Marajó";"Breves";"-";"2017";743334
"Economia";"PIB";"Produto Interno Bruto a Preços Correntes (Mil Reais)";"Marajó";"Breves";"-";"2018";813403,955
"Economia";"PIB";"Produto Interno Bruto a Preços Correntes (Mil Reais)";"Marajó";"Breves";"-";"2019";806109,145
"Economia";"PIB";"Produto Interno Bruto a Preços Correntes (Mil Reais)";"Marajó";"Breves";"-";"2020";847225,319
"Economia";"PIB";"Produto Interno Bruto a Preços Correntes (Mil Reais)";"Marajó";"Breves";"-";"2021";893933,277
"Economia";"PIB";"Produto Interno Bruto a Preços Correntes (Mil Reais)";"Rio Capim";"Bujaru";"-";"2008";61181
"Economia";"PIB";"Produto Interno Bruto a Preços Correntes (Mil Reais)";"Rio Capim";"Bujaru";"-";"2009";73437
"Economia";"PIB";"Produto Interno Bruto a Preços Correntes (Mil Reais)";"Rio Capim";"Bujaru";"-";"2010";228096,636
"Economia";"PIB";"Produto Interno Bruto a Preços Correntes (Mil Reais)";"Rio Capim";"Bujaru";"-";"2011";238240,218
"Economia";"PIB";"Produto Interno Bruto a Preços Correntes (Mil Reais)";"Rio Capim";"Bujaru";"-";"2012";287636,026
"Economia";"PIB";"Produto Interno Bruto a Preços Correntes (Mil Reais)";"Rio Capim";"Bujaru";"-";"2013";446362,567
"Economia";"PIB";"Produto Interno Bruto a Preços Correntes (Mil Reais)";"Rio Capim";"Bujaru";"-";"2014";380780,629
"Economia";"PIB";"Produto Interno Bruto a Preços Correntes (Mil Reais)";"Rio Capim";"Bujaru";"-";"2015";394742
"Economia";"PIB";"Produto Interno Bruto a Preços Correntes (Mil Reais)";"Rio Capim";"Bujaru";"-";"2016";481727
"Economia";"PIB";"Produto Interno Bruto a Preços Correntes (Mil Reais)";"Rio Capim";"Bujaru";"-";"2017";498799
"Economia";"PIB";"Produto Interno Bruto a Preços Correntes (Mil Reais)";"Rio Capim";"Bujaru";"-";"2018";453202,045
"Economia";"PIB";"Produto Interno Bruto a Preços Correntes (Mil Reais)";"Rio Capim";"Bujaru";"-";"2019";413630,087
"Economia";"PIB";"Produto Interno Bruto a Preços Correntes (Mil Reais)";"Rio Capim";"Bujaru";"-";"2020";488391,035
"Economia";"PIB";"Produto Interno Bruto a Preços Correntes (Mil Reais)";"Rio Capim";"Bujaru";"-";"2021";536730,474
"Economia";"PIB";"Produto Interno Bruto a Preços Correntes (Mil Reais)";"Marajó";"Cachoeira do Arari";"-";"2008";53986
"Economia";"PIB";"Produto Interno Bruto a Preços Correntes (Mil Reais)";"Marajó";"Cachoeira do Arari";"-";"2009";62844
"Economia";"PIB";"Produto Interno Bruto a Preços Correntes (Mil Reais)";"Marajó";"Cachoeira do Arari";"-";"2010";78541,001
"Economia";"PIB";"Produto Interno Bruto a Preços Correntes (Mil Reais)";"Marajó";"Cachoeira do Arari";"-";"2011";100790,918
"Economia";"PIB";"Produto Interno Bruto a Preços Correntes (Mil Reais)";"Marajó";"Cachoeira do Arari";"-";"2012";119907,832
"Economia";"PIB";"Produto Interno Bruto a Preços Correntes (Mil Reais)";"Marajó";"Cachoeira do Arari";"-";"2013";143118,336
"Economia";"PIB";"Produto Interno Bruto a Preços Correntes (Mil Reais)";"Marajó";"Cachoeira do Arari";"-";"2014";146582,212
"Economia";"PIB";"Produto Interno Bruto a Preços Correntes (Mil Reais)";"Marajó";"Cachoeira do Arari";"-";"2015";159323
"Economia";"PIB";"Produto Interno Bruto a Preços Correntes (Mil Reais)";"Marajó";"Cachoeira do Arari";"-";"2016";169530
"Economia";"PIB";"Produto Interno Bruto a Preços Correntes (Mil Reais)";"Marajó";"Cachoeira do Arari";"-";"2017";172484
"Economia";"PIB";"Produto Interno Bruto a Preços Correntes (Mil Reais)";"Marajó";"Cachoeira do Arari";"-";"2018";183253,173
"Economia";"PIB";"Produto Interno Bruto a Preços Correntes (Mil Reais)";"Marajó";"Cachoeira do Arari";"-";"2019";199330,11
"Economia";"PIB";"Produto Interno Bruto a Preços Correntes (Mil Reais)";"Marajó";"Cachoeira do Arari";"-";"2020";230426,787
"Economia";"PIB";"Produto Interno Bruto a Preços Correntes (Mil Reais)";"Marajó";"Cachoeira do Arari";"-";"2021";255830,008
"Economia";"PIB";"Produto Interno Bruto a Preços Correntes (Mil Reais)";"Rio Caeté";"Cachoeira do Piriá";"-";"2008";44234
"Economia";"PIB";"Produto Interno Bruto a Preços Correntes (Mil Reais)";"Rio Caeté";"Cachoeira do Piriá";"-";"2009";47304
"Economia";"PIB";"Produto Interno Bruto a Preços Correntes (Mil Reais)";"Rio Caeté";"Cachoeira do Piriá";"-";"2010";76673,44
"Economia";"PIB";"Produto Interno Bruto a Preços Correntes (Mil Reais)";"Rio Caeté";"Cachoeira do Piriá";"-";"2011";93803,713
"Economia";"PIB";"Produto Interno Bruto a Preços Correntes (Mil Reais)";"Rio Caeté";"Cachoeira do Piriá";"-";"2012";100613,502
"Economia";"PIB";"Produto Interno Bruto a Preços Correntes (Mil Reais)";"Rio Caeté";"Cachoeira do Piriá";"-";"2013";139360,351
"Economia";"PIB";"Produto Interno Bruto a Preços Correntes (Mil Reais)";"Rio Caeté";"Cachoeira do Piriá";"-";"2014";142850,777
"Economia";"PIB";"Produto Interno Bruto a Preços Correntes (Mil Reais)";"Rio Caeté";"Cachoeira do Piriá";"-";"2015";151957
"Economia";"PIB";"Produto Interno Bruto a Preços Correntes (Mil Reais)";"Rio Caeté";"Cachoeira do Piriá";"-";"2016";171922
"Economia";"PIB";"Produto Interno Bruto a Preços Correntes (Mil Reais)";"Rio Caeté";"Cachoeira do Piriá";"-";"2017";188110
"Economia";"PIB";"Produto Interno Bruto a Preços Correntes (Mil Reais)";"Rio Caeté";"Cachoeira do Piriá";"-";"2018";179380,678
"Economia";"PIB";"Produto Interno Bruto a Preços Correntes (Mil Reais)";"Rio Caeté";"Cachoeira do Piriá";"-";"2019";182756,866
"Economia";"PIB";"Produto Interno Bruto a Preços Correntes (Mil Reais)";"Rio Caeté";"Cachoeira do Piriá";"-";"2020";215678,005
"Economia";"PIB";"Produto Interno Bruto a Preços Correntes (Mil Reais)";"Rio Caeté";"Cachoeira do Piriá";"-";"2021";227634,157
"Economia";"PIB";"Produto Interno Bruto a Preços Correntes (Mil Reais)";"Tocantins";"Cametá";"-";"2008";293474
"Economia";"PIB";"Produto Interno Bruto a Preços Correntes (Mil Reais)";"Tocantins";"Cametá";"-";"2009";329242
"Economia";"PIB";"Produto Interno Bruto a Preços Correntes (Mil Reais)";"Tocantins";"Cametá";"-";"2010";475010,725
"Economia";"PIB";"Produto Interno Bruto a Preços Correntes (Mil Reais)";"Tocantins";"Cametá";"-";"2011";555606,477
"Economia";"PIB";"Produto Interno Bruto a Preços Correntes (Mil Reais)";"Tocantins";"Cametá";"-";"2012";617315,718
"Economia";"PIB";"Produto Interno Bruto a Preços Correntes (Mil Reais)";"Tocantins";"Cametá";"-";"2013";738755,239
"Economia";"PIB";"Produto Interno Bruto a Preços Correntes (Mil Reais)";"Tocantins";"Cametá";"-";"2014";848524,387
"Economia";"PIB";"Produto Interno Bruto a Preços Correntes (Mil Reais)";"Tocantins";"Cametá";"-";"2015";987906
"Economia";"PIB";"Produto Interno Bruto a Preços Correntes (Mil Reais)";"Tocantins";"Cametá";"-";"2016";1138431
"Economia";"PIB";"Produto Interno Bruto a Preços Correntes (Mil Reais)";"Tocantins";"Cametá";"-";"2017";1183561
"Economia";"PIB";"Produto Interno Bruto a Preços Correntes (Mil Reais)";"Tocantins";"Cametá";"-";"2018";1131453,779
"Economia";"PIB";"Produto Interno Bruto a Preços Correntes (Mil Reais)";"Tocantins";"Cametá";"-";"2019";1137121,123
"Economia";"PIB";"Produto Interno Bruto a Preços Correntes (Mil Reais)";"Tocantins";"Cametá";"-";"2020";1332549,72
"Economia";"PIB";"Produto Interno Bruto a Preços Correntes (Mil Reais)";"Tocantins";"Cametá";"-";"2021";1393689,603
"Economia";"PIB";"Produto Interno Bruto a Preços Correntes (Mil Reais)";"Carajás";"Canaã dos Carajás";"-";"2008";1270884
"Economia";"PIB";"Produto Interno Bruto a Preços Correntes (Mil Reais)";"Carajás";"Canaã dos Carajás";"-";"2009";751265
"Economia";"PIB";"Produto Interno Bruto a Preços Correntes (Mil Reais)";"Carajás";"Canaã dos Carajás";"-";"2010";2120091,971
"Economia";"PIB";"Produto Interno Bruto a Preços Correntes (Mil Reais)";"Carajás";"Canaã dos Carajás";"-";"2011";2947456,892
"Economia";"PIB";"Produto Interno Bruto a Preços Correntes (Mil Reais)";"Carajás";"Canaã dos Carajás";"-";"2012";3207826,915
"Economia";"PIB";"Produto Interno Bruto a Preços Correntes (Mil Reais)";"Carajás";"Canaã dos Carajás";"-";"2013";3483478,348
"Economia";"PIB";"Produto Interno Bruto a Preços Correntes (Mil Reais)";"Carajás";"Canaã dos Carajás";"-";"2014";2802920,902
"Economia";"PIB";"Produto Interno Bruto a Preços Correntes (Mil Reais)";"Carajás";"Canaã dos Carajás";"-";"2015";3478390
"Economia";"PIB";"Produto Interno Bruto a Preços Correntes (Mil Reais)";"Carajás";"Canaã dos Carajás";"-";"2016";2396141
"Economia";"PIB";"Produto Interno Bruto a Preços Correntes (Mil Reais)";"Carajás";"Canaã dos Carajás";"-";"2017";4089225
"Economia";"PIB";"Produto Interno Bruto a Preços Correntes (Mil Reais)";"Carajás";"Canaã dos Carajás";"-";"2018";7106492,138
"Economia";"PIB";"Produto Interno Bruto a Preços Correntes (Mil Reais)";"Carajás";"Canaã dos Carajás";"-";"2019";10704887,334
"Economia";"PIB";"Produto Interno Bruto a Preços Correntes (Mil Reais)";"Carajás";"Canaã dos Carajás";"-";"2020";22522725,435
"Economia";"PIB";"Produto Interno Bruto a Preços Correntes (Mil Reais)";"Carajás";"Canaã dos Carajás";"-";"2021";34989610,087
"Economia";"PIB";"Produto Interno Bruto a Preços Correntes (Mil Reais)";"Rio Caeté";"Capanema";"-";"2008";356724
"Economia";"PIB";"Produto Interno Bruto a Preços Correntes (Mil Reais)";"Rio Caeté";"Capanema";"-";"2009";410622
"Economia";"PIB";"Produto Interno Bruto a Preços Correntes (Mil Reais)";"Rio Caeté";"Capanema";"-";"2010";601463,761
"Economia";"PIB";"Produto Interno Bruto a Preços Correntes (Mil Reais)";"Rio Caeté";"Capanema";"-";"2011";670998,138
"Economia";"PIB";"Produto Interno Bruto a Preços Correntes (Mil Reais)";"Rio Caeté";"Capanema";"-";"2012";671581,89
"Economia";"PIB";"Produto Interno Bruto a Preços Correntes (Mil Reais)";"Rio Caeté";"Capanema";"-";"2013";828515,22
"Economia";"PIB";"Produto Interno Bruto a Preços Correntes (Mil Reais)";"Rio Caeté";"Capanema";"-";"2014";914173,667
"Economia";"PIB";"Produto Interno Bruto a Preços Correntes (Mil Reais)";"Rio Caeté";"Capanema";"-";"2015";958387
"Economia";"PIB";"Produto Interno Bruto a Preços Correntes (Mil Reais)";"Rio Caeté";"Capanema";"-";"2016";985323
"Economia";"PIB";"Produto Interno Bruto a Preços Correntes (Mil Reais)";"Rio Caeté";"Capanema";"-";"2017";967493
"Economia";"PIB";"Produto Interno Bruto a Preços Correntes (Mil Reais)";"Rio Caeté";"Capanema";"-";"2018";1027330,581
"Economia";"PIB";"Produto Interno Bruto a Preços Correntes (Mil Reais)";"Rio Caeté";"Capanema";"-";"2019";1106989,798
"Economia";"PIB";"Produto Interno Bruto a Preços Correntes (Mil Reais)";"Rio Caeté";"Capanema";"-";"2020";1227086,485
"Economia";"PIB";"Produto Interno Bruto a Preços Correntes (Mil Reais)";"Rio Caeté";"Capanema";"-";"2021";1427144,391
"Economia";"PIB";"Produto Interno Bruto a Preços Correntes (Mil Reais)";"Rio Capim";"Capitão Poço";"-";"2008";143058
"Economia";"PIB";"Produto Interno Bruto a Preços Correntes (Mil Reais)";"Rio Capim";"Capitão Poço";"-";"2009";160461
"Economia";"PIB";"Produto Interno Bruto a Preços Correntes (Mil Reais)";"Rio Capim";"Capitão Poço";"-";"2010";232621,543
"Economia";"PIB";"Produto Interno Bruto a Preços Correntes (Mil Reais)";"Rio Capim";"Capitão Poço";"-";"2011";255155,873
"Economia";"PIB";"Produto Interno Bruto a Preços Correntes (Mil Reais)";"Rio Capim";"Capitão Poço";"-";"2012";300829,544
"Economia";"PIB";"Produto Interno Bruto a Preços Correntes (Mil Reais)";"Rio Capim";"Capitão Poço";"-";"2013";369837,611
"Economia";"PIB";"Produto Interno Bruto a Preços Correntes (Mil Reais)";"Rio Capim";"Capitão Poço";"-";"2014";381023,151
"Economia";"PIB";"Produto Interno Bruto a Preços Correntes (Mil Reais)";"Rio Capim";"Capitão Poço";"-";"2015";438832
"Economia";"PIB";"Produto Interno Bruto a Preços Correntes (Mil Reais)";"Rio Capim";"Capitão Poço";"-";"2016";480143
"Economia";"PIB";"Produto Interno Bruto a Preços Correntes (Mil Reais)";"Rio Capim";"Capitão Poço";"-";"2017";454009
"Economia";"PIB";"Produto Interno Bruto a Preços Correntes (Mil Reais)";"Rio Capim";"Capitão Poço";"-";"2018";499285,424
"Economia";"PIB";"Produto Interno Bruto a Preços Correntes (Mil Reais)";"Rio Capim";"Capitão Poço";"-";"2019";704294,823
"Economia";"PIB";"Produto Interno Bruto a Preços Correntes (Mil Reais)";"Rio Capim";"Capitão Poço";"-";"2020";704881,176
"Economia";"PIB";"Produto Interno Bruto a Preços Correntes (Mil Reais)";"Rio Capim";"Capitão Poço";"-";"2021";615772,817
"Economia";"PIB";"Produto Interno Bruto a Preços Correntes (Mil Reais)";"Guamá";"Castanhal";"-";"2008";1113392
"Economia";"PIB";"Produto Interno Bruto a Preços Correntes (Mil Reais)";"Guamá";"Castanhal";"-";"2009";1221001
"Economia";"PIB";"Produto Interno Bruto a Preços Correntes (Mil Reais)";"Guamá";"Castanhal";"-";"2010";1738923,327
"Economia";"PIB";"Produto Interno Bruto a Preços Correntes (Mil Reais)";"Guamá";"Castanhal";"-";"2011";1919930,57
"Economia";"PIB";"Produto Interno Bruto a Preços Correntes (Mil Reais)";"Guamá";"Castanhal";"-";"2012";2349756,336
"Economia";"PIB";"Produto Interno Bruto a Preços Correntes (Mil Reais)";"Guamá";"Castanhal";"-";"2013";2437326,507
"Economia";"PIB";"Produto Interno Bruto a Preços Correntes (Mil Reais)";"Guamá";"Castanhal";"-";"2014";2709860,137
"Economia";"PIB";"Produto Interno Bruto a Preços Correntes (Mil Reais)";"Guamá";"Castanhal";"-";"2015";3207269
"Economia";"PIB";"Produto Interno Bruto a Preços Correntes (Mil Reais)";"Guamá";"Castanhal";"-";"2016";3605674
"Economia";"PIB";"Produto Interno Bruto a Preços Correntes (Mil Reais)";"Guamá";"Castanhal";"-";"2017";3758255
"Economia";"PIB";"Produto Interno Bruto a Preços Correntes (Mil Reais)";"Guamá";"Castanhal";"-";"2018";3911556,111
"Economia";"PIB";"Produto Interno Bruto a Preços Correntes (Mil Reais)";"Guamá";"Castanhal";"-";"2019";4034040,887
"Economia";"PIB";"Produto Interno Bruto a Preços Correntes (Mil Reais)";"Guamá";"Castanhal";"-";"2020";4293180,161
"Economia";"PIB";"Produto Interno Bruto a Preços Correntes (Mil Reais)";"Guamá";"Castanhal";"-";"2021";4709312,377
"Economia";"PIB";"Produto Interno Bruto a Preços Correntes (Mil Reais)";"Marajó";"Chaves";"-";"2008";64173
"Economia";"PIB";"Produto Interno Bruto a Preços Correntes (Mil Reais)";"Marajó";"Chaves";"-";"2009";68360
"Economia";"PIB";"Produto Interno Bruto a Preços Correntes (Mil Reais)";"Marajó";"Chaves";"-";"2010";82704,997
"Economia";"PIB";"Produto Interno Bruto a Preços Correntes (Mil Reais)";"Marajó";"Chaves";"-";"2011";98374,018
"Economia";"PIB";"Produto Interno Bruto a Preços Correntes (Mil Reais)";"Marajó";"Chaves";"-";"2012";114282,22
"Economia";"PIB";"Produto Interno Bruto a Preços Correntes (Mil Reais)";"Marajó";"Chaves";"-";"2013";137768,98
"Economia";"PIB";"Produto Interno Bruto a Preços Correntes (Mil Reais)";"Marajó";"Chaves";"-";"2014";147275,337
"Economia";"PIB";"Produto Interno Bruto a Preços Correntes (Mil Reais)";"Marajó";"Chaves";"-";"2015";167194
"Economia";"PIB";"Produto Interno Bruto a Preços Correntes (Mil Reais)";"Marajó";"Chaves";"-";"2016";178428
"Economia";"PIB";"Produto Interno Bruto a Preços Correntes (Mil Reais)";"Marajó";"Chaves";"-";"2017";181414
"Economia";"PIB";"Produto Interno Bruto a Preços Correntes (Mil Reais)";"Marajó";"Chaves";"-";"2018";187399,471
"Economia";"PIB";"Produto Interno Bruto a Preços Correntes (Mil Reais)";"Marajó";"Chaves";"-";"2019";194500,06
"Economia";"PIB";"Produto Interno Bruto a Preços Correntes (Mil Reais)";"Marajó";"Chaves";"-";"2020";218344,168
"Economia";"PIB";"Produto Interno Bruto a Preços Correntes (Mil Reais)";"Marajó";"Chaves";"-";"2021";248270,224
"Economia";"PIB";"Produto Interno Bruto a Preços Correntes (Mil Reais)";"Guamá";"Colares";"-";"2008";32323
"Economia";"PIB";"Produto Interno Bruto a Preços Correntes (Mil Reais)";"Guamá";"Colares";"-";"2009";37361
"Economia";"PIB";"Produto Interno Bruto a Preços Correntes (Mil Reais)";"Guamá";"Colares";"-";"2010";42094,338
"Economia";"PIB";"Produto Interno Bruto a Preços Correntes (Mil Reais)";"Guamá";"Colares";"-";"2011";45088,563
"Economia";"PIB";"Produto Interno Bruto a Preços Correntes (Mil Reais)";"Guamá";"Colares";"-";"2012";48864,503
"Economia";"PIB";"Produto Interno Bruto a Preços Correntes (Mil Reais)";"Guamá";"Colares";"-";"2013";60812,866
"Economia";"PIB";"Produto Interno Bruto a Preços Correntes (Mil Reais)";"Guamá";"Colares";"-";"2014";60387,238
"Economia";"PIB";"Produto Interno Bruto a Preços Correntes (Mil Reais)";"Guamá";"Colares";"-";"2015";65837
"Economia";"PIB";"Produto Interno Bruto a Preços Correntes (Mil Reais)";"Guamá";"Colares";"-";"2016";72684
"Economia";"PIB";"Produto Interno Bruto a Preços Correntes (Mil Reais)";"Guamá";"Colares";"-";"2017";79044
"Economia";"PIB";"Produto Interno Bruto a Preços Correntes (Mil Reais)";"Guamá";"Colares";"-";"2018";80853,157
"Economia";"PIB";"Produto Interno Bruto a Preços Correntes (Mil Reais)";"Guamá";"Colares";"-";"2019";84850,894
"Economia";"PIB";"Produto Interno Bruto a Preços Correntes (Mil Reais)";"Guamá";"Colares";"-";"2020";93043,039
"Economia";"PIB";"Produto Interno Bruto a Preços Correntes (Mil Reais)";"Guamá";"Colares";"-";"2021";100969,315
"Economia";"PIB";"Produto Interno Bruto a Preços Correntes (Mil Reais)";"Araguaia";"Conceição do Araguaia";"-";"2008";229598
"Economia";"PIB";"Produto Interno Bruto a Preços Correntes (Mil Reais)";"Araguaia";"Conceição do Araguaia";"-";"2009";231062
"Economia";"PIB";"Produto Interno Bruto a Preços Correntes (Mil Reais)";"Araguaia";"Conceição do Araguaia";"-";"2010";299034,029
"Economia";"PIB";"Produto Interno Bruto a Preços Correntes (Mil Reais)";"Araguaia";"Conceição do Araguaia";"-";"2011";360801,416
"Economia";"PIB";"Produto Interno Bruto a Preços Correntes (Mil Reais)";"Araguaia";"Conceição do Araguaia";"-";"2012";426732,881
"Economia";"PIB";"Produto Interno Bruto a Preços Correntes (Mil Reais)";"Araguaia";"Conceição do Araguaia";"-";"2013";407472,539
"Economia";"PIB";"Produto Interno Bruto a Preços Correntes (Mil Reais)";"Araguaia";"Conceição do Araguaia";"-";"2014";463951,536
"Economia";"PIB";"Produto Interno Bruto a Preços Correntes (Mil Reais)";"Araguaia";"Conceição do Araguaia";"-";"2015";520879
"Economia";"PIB";"Produto Interno Bruto a Preços Correntes (Mil Reais)";"Araguaia";"Conceição do Araguaia";"-";"2016";543396
"Economia";"PIB";"Produto Interno Bruto a Preços Correntes (Mil Reais)";"Araguaia";"Conceição do Araguaia";"-";"2017";559420
"Economia";"PIB";"Produto Interno Bruto a Preços Correntes (Mil Reais)";"Araguaia";"Conceição do Araguaia";"-";"2018";552552,581
"Economia";"PIB";"Produto Interno Bruto a Preços Correntes (Mil Reais)";"Araguaia";"Conceição do Araguaia";"-";"2019";547713,41
"Economia";"PIB";"Produto Interno Bruto a Preços Correntes (Mil Reais)";"Araguaia";"Conceição do Araguaia";"-";"2020";621768,785
"Economia";"PIB";"Produto Interno Bruto a Preços Correntes (Mil Reais)";"Araguaia";"Conceição do Araguaia";"-";"2021";662825,059
"Economia";"PIB";"Produto Interno Bruto a Preços Correntes (Mil Reais)";"Rio Capim";"Concórdia do Pará";"-";"2008";72022
"Economia";"PIB";"Produto Interno Bruto a Preços Correntes (Mil Reais)";"Rio Capim";"Concórdia do Pará";"-";"2009";85416
"Economia";"PIB";"Produto Interno Bruto a Preços Correntes (Mil Reais)";"Rio Capim";"Concórdia do Pará";"-";"2010";136685,214
"Economia";"PIB";"Produto Interno Bruto a Preços Correntes (Mil Reais)";"Rio Capim";"Concórdia do Pará";"-";"2011";159552,272
"Economia";"PIB";"Produto Interno Bruto a Preços Correntes (Mil Reais)";"Rio Capim";"Concórdia do Pará";"-";"2012";194199,977
"Economia";"PIB";"Produto Interno Bruto a Preços Correntes (Mil Reais)";"Rio Capim";"Concórdia do Pará";"-";"2013";237891,674
"Economia";"PIB";"Produto Interno Bruto a Preços Correntes (Mil Reais)";"Rio Capim";"Concórdia do Pará";"-";"2014";249404,888
"Economia";"PIB";"Produto Interno Bruto a Preços Correntes (Mil Reais)";"Rio Capim";"Concórdia do Pará";"-";"2015";260414
"Economia";"PIB";"Produto Interno Bruto a Preços Correntes (Mil Reais)";"Rio Capim";"Concórdia do Pará";"-";"2016";256931
"Economia";"PIB";"Produto Interno Bruto a Preços Correntes (Mil Reais)";"Rio Capim";"Concórdia do Pará";"-";"2017";292381
"Economia";"PIB";"Produto Interno Bruto a Preços Correntes (Mil Reais)";"Rio Capim";"Concórdia do Pará";"-";"2018";293528,061
"Economia";"PIB";"Produto Interno Bruto a Preços Correntes (Mil Reais)";"Rio Capim";"Concórdia do Pará";"-";"2019";291977,035
"Economia";"PIB";"Produto Interno Bruto a Preços Correntes (Mil Reais)";"Rio Capim";"Concórdia do Pará";"-";"2020";322550,35
"Economia";"PIB";"Produto Interno Bruto a Preços Correntes (Mil Reais)";"Rio Capim";"Concórdia do Pará";"-";"2021";420235,553
"Economia";"PIB";"Produto Interno Bruto a Preços Correntes (Mil Reais)";"Araguaia";"Cumaru do Norte";"-";"2008";80869
"Economia";"PIB";"Produto Interno Bruto a Preços Correntes (Mil Reais)";"Araguaia";"Cumaru do Norte";"-";"2009";81902
"Economia";"PIB";"Produto Interno Bruto a Preços Correntes (Mil Reais)";"Araguaia";"Cumaru do Norte";"-";"2010";107976,979
"Economia";"PIB";"Produto Interno Bruto a Preços Correntes (Mil Reais)";"Araguaia";"Cumaru do Norte";"-";"2011";135871,217
"Economia";"PIB";"Produto Interno Bruto a Preços Correntes (Mil Reais)";"Araguaia";"Cumaru do Norte";"-";"2012";154775,103
"Economia";"PIB";"Produto Interno Bruto a Preços Correntes (Mil Reais)";"Araguaia";"Cumaru do Norte";"-";"2013";186289,981
"Economia";"PIB";"Produto Interno Bruto a Preços Correntes (Mil Reais)";"Araguaia";"Cumaru do Norte";"-";"2014";205328,181
"Economia";"PIB";"Produto Interno Bruto a Preços Correntes (Mil Reais)";"Araguaia";"Cumaru do Norte";"-";"2015";231360
"Economia";"PIB";"Produto Interno Bruto a Preços Correntes (Mil Reais)";"Araguaia";"Cumaru do Norte";"-";"2016";267417
"Economia";"PIB";"Produto Interno Bruto a Preços Correntes (Mil Reais)";"Araguaia";"Cumaru do Norte";"-";"2017";275438
"Economia";"PIB";"Produto Interno Bruto a Preços Correntes (Mil Reais)";"Araguaia";"Cumaru do Norte";"-";"2018";288968,618
"Economia";"PIB";"Produto Interno Bruto a Preços Correntes (Mil Reais)";"Araguaia";"Cumaru do Norte";"-";"2019";286709,646
"Economia";"PIB";"Produto Interno Bruto a Preços Correntes (Mil Reais)";"Araguaia";"Cumaru do Norte";"-";"2020";408054,804
"Economia";"PIB";"Produto Interno Bruto a Preços Correntes (Mil Reais)";"Araguaia";"Cumaru do Norte";"-";"2021";406927,482
"Economia";"PIB";"Produto Interno Bruto a Preços Correntes (Mil Reais)";"Carajás";"Curionópolis";"-";"2008";82572
"Economia";"PIB";"Produto Interno Bruto a Preços Correntes (Mil Reais)";"Carajás";"Curionópolis";"-";"2009";86086
"Economia";"PIB";"Produto Interno Bruto a Preços Correntes (Mil Reais)";"Carajás";"Curionópolis";"-";"2010";116295,01
"Economia";"PIB";"Produto Interno Bruto a Preços Correntes (Mil Reais)";"Carajás";"Curionópolis";"-";"2011";147615,113
"Economia";"PIB";"Produto Interno Bruto a Preços Correntes (Mil Reais)";"Carajás";"Curionópolis";"-";"2012";197767,224
"Economia";"PIB";"Produto Interno Bruto a Preços Correntes (Mil Reais)";"Carajás";"Curionópolis";"-";"2013";207669,154
"Economia";"PIB";"Produto Interno Bruto a Preços Correntes (Mil Reais)";"Carajás";"Curionópolis";"-";"2014";206384,995
"Economia";"PIB";"Produto Interno Bruto a Preços Correntes (Mil Reais)";"Carajás";"Curionópolis";"-";"2015";344416
"Economia";"PIB";"Produto Interno Bruto a Preços Correntes (Mil Reais)";"Carajás";"Curionópolis";"-";"2016";593083
"Economia";"PIB";"Produto Interno Bruto a Preços Correntes (Mil Reais)";"Carajás";"Curionópolis";"-";"2017";860118
"Economia";"PIB";"Produto Interno Bruto a Preços Correntes (Mil Reais)";"Carajás";"Curionópolis";"-";"2018";820131,967
"Economia";"PIB";"Produto Interno Bruto a Preços Correntes (Mil Reais)";"Carajás";"Curionópolis";"-";"2019";943188,895
"Economia";"PIB";"Produto Interno Bruto a Preços Correntes (Mil Reais)";"Carajás";"Curionópolis";"-";"2020";644502,281
"Economia";"PIB";"Produto Interno Bruto a Preços Correntes (Mil Reais)";"Carajás";"Curionópolis";"-";"2021";3667340,784
"Economia";"PIB";"Produto Interno Bruto a Preços Correntes (Mil Reais)";"Marajó";"Curralinho";"-";"2008";51093
"Economia";"PIB";"Produto Interno Bruto a Preços Correntes (Mil Reais)";"Marajó";"Curralinho";"-";"2009";55741
"Economia";"PIB";"Produto Interno Bruto a Preços Correntes (Mil Reais)";"Marajó";"Curralinho";"-";"2010";92822,407
"Economia";"PIB";"Produto Interno Bruto a Preços Correntes (Mil Reais)";"Marajó";"Curralinho";"-";"2011";109503,429
"Economia";"PIB";"Produto Interno Bruto a Preços Correntes (Mil Reais)";"Marajó";"Curralinho";"-";"2012";121205,778
"Economia";"PIB";"Produto Interno Bruto a Preços Correntes (Mil Reais)";"Marajó";"Curralinho";"-";"2013";156925,885
"Economia";"PIB";"Produto Interno Bruto a Preços Correntes (Mil Reais)";"Marajó";"Curralinho";"-";"2014";166068,295
"Economia";"PIB";"Produto Interno Bruto a Preços Correntes (Mil Reais)";"Marajó";"Curralinho";"-";"2015";477864
"Economia";"PIB";"Produto Interno Bruto a Preços Correntes (Mil Reais)";"Marajó";"Curralinho";"-";"2016";651488
"Economia";"PIB";"Produto Interno Bruto a Preços Correntes (Mil Reais)";"Marajó";"Curralinho";"-";"2017";630978
"Economia";"PIB";"Produto Interno Bruto a Preços Correntes (Mil Reais)";"Marajó";"Curralinho";"-";"2018";522027,354
"Economia";"PIB";"Produto Interno Bruto a Preços Correntes (Mil Reais)";"Marajó";"Curralinho";"-";"2019";253303,333
"Economia";"PIB";"Produto Interno Bruto a Preços Correntes (Mil Reais)";"Marajó";"Curralinho";"-";"2020";266866,033
"Economia";"PIB";"Produto Interno Bruto a Preços Correntes (Mil Reais)";"Marajó";"Curralinho";"-";"2021";282512,4
"Economia";"PIB";"Produto Interno Bruto a Preços Correntes (Mil Reais)";"Baixo Amazonas";"Curuá";"-";"2008";44342
"Economia";"PIB";"Produto Interno Bruto a Preços Correntes (Mil Reais)";"Baixo Amazonas";"Curuá";"-";"2009";51893
"Economia";"PIB";"Produto Interno Bruto a Preços Correntes (Mil Reais)";"Baixo Amazonas";"Curuá";"-";"2010";93834,611
"Economia";"PIB";"Produto Interno Bruto a Preços Correntes (Mil Reais)";"Baixo Amazonas";"Curuá";"-";"2011";62790,905
"Economia";"PIB";"Produto Interno Bruto a Preços Correntes (Mil Reais)";"Baixo Amazonas";"Curuá";"-";"2012";71662,238
"Economia";"PIB";"Produto Interno Bruto a Preços Correntes (Mil Reais)";"Baixo Amazonas";"Curuá";"-";"2013";79091,429
"Economia";"PIB";"Produto Interno Bruto a Preços Correntes (Mil Reais)";"Baixo Amazonas";"Curuá";"-";"2014";87319,418
"Economia";"PIB";"Produto Interno Bruto a Preços Correntes (Mil Reais)";"Baixo Amazonas";"Curuá";"-";"2015";97742
"Economia";"PIB";"Produto Interno Bruto a Preços Correntes (Mil Reais)";"Baixo Amazonas";"Curuá";"-";"2016";108894
"Economia";"PIB";"Produto Interno Bruto a Preços Correntes (Mil Reais)";"Baixo Amazonas";"Curuá";"-";"2017";120943
"Economia";"PIB";"Produto Interno Bruto a Preços Correntes (Mil Reais)";"Baixo Amazonas";"Curuá";"-";"2018";124466,675
"Economia";"PIB";"Produto Interno Bruto a Preços Correntes (Mil Reais)";"Baixo Amazonas";"Curuá";"-";"2019";129485,279
"Economia";"PIB";"Produto Interno Bruto a Preços Correntes (Mil Reais)";"Baixo Amazonas";"Curuá";"-";"2020";140213,47
"Economia";"PIB";"Produto Interno Bruto a Preços Correntes (Mil Reais)";"Baixo Amazonas";"Curuá";"-";"2021";149716,901
"Economia";"PIB";"Produto Interno Bruto a Preços Correntes (Mil Reais)";"Guamá";"Curuçá";"-";"2008";85646
"Economia";"PIB";"Produto Interno Bruto a Preços Correntes (Mil Reais)";"Guamá";"Curuçá";"-";"2009";106273
"Economia";"PIB";"Produto Interno Bruto a Preços Correntes (Mil Reais)";"Guamá";"Curuçá";"-";"2010";132770,765
"Economia";"PIB";"Produto Interno Bruto a Preços Correntes (Mil Reais)";"Guamá";"Curuçá";"-";"2011";158310,737
"Economia";"PIB";"Produto Interno Bruto a Preços Correntes (Mil Reais)";"Guamá";"Curuçá";"-";"2012";166799,955
"Economia";"PIB";"Produto Interno Bruto a Preços Correntes (Mil Reais)";"Guamá";"Curuçá";"-";"2013";220400,716
"Economia";"PIB";"Produto Interno Bruto a Preços Correntes (Mil Reais)";"Guamá";"Curuçá";"-";"2014";220051,588
"Economia";"PIB";"Produto Interno Bruto a Preços Correntes (Mil Reais)";"Guamá";"Curuçá";"-";"2015";241752
"Economia";"PIB";"Produto Interno Bruto a Preços Correntes (Mil Reais)";"Guamá";"Curuçá";"-";"2016";266389
"Economia";"PIB";"Produto Interno Bruto a Preços Correntes (Mil Reais)";"Guamá";"Curuçá";"-";"2017";276241
"Economia";"PIB";"Produto Interno Bruto a Preços Correntes (Mil Reais)";"Guamá";"Curuçá";"-";"2018";287319,287
"Economia";"PIB";"Produto Interno Bruto a Preços Correntes (Mil Reais)";"Guamá";"Curuçá";"-";"2019";289788,507
"Economia";"PIB";"Produto Interno Bruto a Preços Correntes (Mil Reais)";"Guamá";"Curuçá";"-";"2020";330354,857
"Economia";"PIB";"Produto Interno Bruto a Preços Correntes (Mil Reais)";"Guamá";"Curuçá";"-";"2021";369776,759
"Economia";"PIB";"Produto Interno Bruto a Preços Correntes (Mil Reais)";"Rio Capim";"Dom Eliseu";"-";"2008";216302
"Economia";"PIB";"Produto Interno Bruto a Preços Correntes (Mil Reais)";"Rio Capim";"Dom Eliseu";"-";"2009";230397
"Economia";"PIB";"Produto Interno Bruto a Preços Correntes (Mil Reais)";"Rio Capim";"Dom Eliseu";"-";"2010";311832,018
"Economia";"PIB";"Produto Interno Bruto a Preços Correntes (Mil Reais)";"Rio Capim";"Dom Eliseu";"-";"2011";402445,206
"Economia";"PIB";"Produto Interno Bruto a Preços Correntes (Mil Reais)";"Rio Capim";"Dom Eliseu";"-";"2012";372226,311
"Economia";"PIB";"Produto Interno Bruto a Preços Correntes (Mil Reais)";"Rio Capim";"Dom Eliseu";"-";"2013";421272,373
"Economia";"PIB";"Produto Interno Bruto a Preços Correntes (Mil Reais)";"Rio Capim";"Dom Eliseu";"-";"2014";476008,687
"Economia";"PIB";"Produto Interno Bruto a Preços Correntes (Mil Reais)";"Rio Capim";"Dom Eliseu";"-";"2015";567684
"Economia";"PIB";"Produto Interno Bruto a Preços Correntes (Mil Reais)";"Rio Capim";"Dom Eliseu";"-";"2016";656864
"Economia";"PIB";"Produto Interno Bruto a Preços Correntes (Mil Reais)";"Rio Capim";"Dom Eliseu";"-";"2017";679845
"Economia";"PIB";"Produto Interno Bruto a Preços Correntes (Mil Reais)";"Rio Capim";"Dom Eliseu";"-";"2018";685323,929
"Economia";"PIB";"Produto Interno Bruto a Preços Correntes (Mil Reais)";"Rio Capim";"Dom Eliseu";"-";"2019";660970,255
"Economia";"PIB";"Produto Interno Bruto a Preços Correntes (Mil Reais)";"Rio Capim";"Dom Eliseu";"-";"2020";783205,529
"Economia";"PIB";"Produto Interno Bruto a Preços Correntes (Mil Reais)";"Rio Capim";"Dom Eliseu";"-";"2021";940611,427
"Economia";"PIB";"Produto Interno Bruto a Preços Correntes (Mil Reais)";"Carajás";"Eldorado do Carajás";"-";"2008";135075
"Economia";"PIB";"Produto Interno Bruto a Preços Correntes (Mil Reais)";"Carajás";"Eldorado do Carajás";"-";"2009";162551
"Economia";"PIB";"Produto Interno Bruto a Preços Correntes (Mil Reais)";"Carajás";"Eldorado do Carajás";"-";"2010";200326,123
"Economia";"PIB";"Produto Interno Bruto a Preços Correntes (Mil Reais)";"Carajás";"Eldorado do Carajás";"-";"2011";214135,079
"Economia";"PIB";"Produto Interno Bruto a Preços Correntes (Mil Reais)";"Carajás";"Eldorado do Carajás";"-";"2012";237256,988
"Economia";"PIB";"Produto Interno Bruto a Preços Correntes (Mil Reais)";"Carajás";"Eldorado do Carajás";"-";"2013";249469,715
"Economia";"PIB";"Produto Interno Bruto a Preços Correntes (Mil Reais)";"Carajás";"Eldorado do Carajás";"-";"2014";272784,231
"Economia";"PIB";"Produto Interno Bruto a Preços Correntes (Mil Reais)";"Carajás";"Eldorado do Carajás";"-";"2015";287743
"Economia";"PIB";"Produto Interno Bruto a Preços Correntes (Mil Reais)";"Carajás";"Eldorado do Carajás";"-";"2016";318851
"Economia";"PIB";"Produto Interno Bruto a Preços Correntes (Mil Reais)";"Carajás";"Eldorado do Carajás";"-";"2017";359402
"Economia";"PIB";"Produto Interno Bruto a Preços Correntes (Mil Reais)";"Carajás";"Eldorado do Carajás";"-";"2018";377618,094
"Economia";"PIB";"Produto Interno Bruto a Preços Correntes (Mil Reais)";"Carajás";"Eldorado do Carajás";"-";"2019";429732,921
"Economia";"PIB";"Produto Interno Bruto a Preços Correntes (Mil Reais)";"Carajás";"Eldorado do Carajás";"-";"2020";520725,61
"Economia";"PIB";"Produto Interno Bruto a Preços Correntes (Mil Reais)";"Carajás";"Eldorado do Carajás";"-";"2021";556042,399
"Economia";"PIB";"Produto Interno Bruto a Preços Correntes (Mil Reais)";"Baixo Amazonas";"Faro";"-";"2008";36114
"Economia";"PIB";"Produto Interno Bruto a Preços Correntes (Mil Reais)";"Baixo Amazonas";"Faro";"-";"2009";40245
"Economia";"PIB";"Produto Interno Bruto a Preços Correntes (Mil Reais)";"Baixo Amazonas";"Faro";"-";"2010";29520,56
"Economia";"PIB";"Produto Interno Bruto a Preços Correntes (Mil Reais)";"Baixo Amazonas";"Faro";"-";"2011";30582,898
"Economia";"PIB";"Produto Interno Bruto a Preços Correntes (Mil Reais)";"Baixo Amazonas";"Faro";"-";"2012";41009,684
"Economia";"PIB";"Produto Interno Bruto a Preços Correntes (Mil Reais)";"Baixo Amazonas";"Faro";"-";"2013";54288,329
"Economia";"PIB";"Produto Interno Bruto a Preços Correntes (Mil Reais)";"Baixo Amazonas";"Faro";"-";"2014";42921,066
"Economia";"PIB";"Produto Interno Bruto a Preços Correntes (Mil Reais)";"Baixo Amazonas";"Faro";"-";"2015";50485
"Economia";"PIB";"Produto Interno Bruto a Preços Correntes (Mil Reais)";"Baixo Amazonas";"Faro";"-";"2016";52371
"Economia";"PIB";"Produto Interno Bruto a Preços Correntes (Mil Reais)";"Baixo Amazonas";"Faro";"-";"2017";56499
"Economia";"PIB";"Produto Interno Bruto a Preços Correntes (Mil Reais)";"Baixo Amazonas";"Faro";"-";"2018";54909,056
"Economia";"PIB";"Produto Interno Bruto a Preços Correntes (Mil Reais)";"Baixo Amazonas";"Faro";"-";"2019";60014,414
"Economia";"PIB";"Produto Interno Bruto a Preços Correntes (Mil Reais)";"Baixo Amazonas";"Faro";"-";"2020";63578,635
"Economia";"PIB";"Produto Interno Bruto a Preços Correntes (Mil Reais)";"Baixo Amazonas";"Faro";"-";"2021";76729,908
"Economia";"PIB";"Produto Interno Bruto a Preços Correntes (Mil Reais)";"Araguaia";"Floresta do Araguaia";"-";"2008";142702
"Economia";"PIB";"Produto Interno Bruto a Preços Correntes (Mil Reais)";"Araguaia";"Floresta do Araguaia";"-";"2009";178906
"Economia";"PIB";"Produto Interno Bruto a Preços Correntes (Mil Reais)";"Araguaia";"Floresta do Araguaia";"-";"2010";271035,984
"Economia";"PIB";"Produto Interno Bruto a Preços Correntes (Mil Reais)";"Araguaia";"Floresta do Araguaia";"-";"2011";370526,102
"Economia";"PIB";"Produto Interno Bruto a Preços Correntes (Mil Reais)";"Araguaia";"Floresta do Araguaia";"-";"2012";314642,279
"Economia";"PIB";"Produto Interno Bruto a Preços Correntes (Mil Reais)";"Araguaia";"Floresta do Araguaia";"-";"2013";357378,693
"Economia";"PIB";"Produto Interno Bruto a Preços Correntes (Mil Reais)";"Araguaia";"Floresta do Araguaia";"-";"2014";313863,349
"Economia";"PIB";"Produto Interno Bruto a Preços Correntes (Mil Reais)";"Araguaia";"Floresta do Araguaia";"-";"2015";331441
"Economia";"PIB";"Produto Interno Bruto a Preços Correntes (Mil Reais)";"Araguaia";"Floresta do Araguaia";"-";"2016";315412
"Economia";"PIB";"Produto Interno Bruto a Preços Correntes (Mil Reais)";"Araguaia";"Floresta do Araguaia";"-";"2017";249651
"Economia";"PIB";"Produto Interno Bruto a Preços Correntes (Mil Reais)";"Araguaia";"Floresta do Araguaia";"-";"2018";340155,013
"Economia";"PIB";"Produto Interno Bruto a Preços Correntes (Mil Reais)";"Araguaia";"Floresta do Araguaia";"-";"2019";272593,2
"Economia";"PIB";"Produto Interno Bruto a Preços Correntes (Mil Reais)";"Araguaia";"Floresta do Araguaia";"-";"2020";414123,489
"Economia";"PIB";"Produto Interno Bruto a Preços Correntes (Mil Reais)";"Araguaia";"Floresta do Araguaia";"-";"2021";602622,887
"Economia";"PIB";"Produto Interno Bruto a Preços Correntes (Mil Reais)";"Rio Capim";"Garrafão do Norte";"-";"2008";70792
"Economia";"PIB";"Produto Interno Bruto a Preços Correntes (Mil Reais)";"Rio Capim";"Garrafão do Norte";"-";"2009";75095
"Economia";"PIB";"Produto Interno Bruto a Preços Correntes (Mil Reais)";"Rio Capim";"Garrafão do Norte";"-";"2010";121026,532
"Economia";"PIB";"Produto Interno Bruto a Preços Correntes (Mil Reais)";"Rio Capim";"Garrafão do Norte";"-";"2011";117108,371
"Economia";"PIB";"Produto Interno Bruto a Preços Correntes (Mil Reais)";"Rio Capim";"Garrafão do Norte";"-";"2012";141780,749
"Economia";"PIB";"Produto Interno Bruto a Preços Correntes (Mil Reais)";"Rio Capim";"Garrafão do Norte";"-";"2013";171829,55
"Economia";"PIB";"Produto Interno Bruto a Preços Correntes (Mil Reais)";"Rio Capim";"Garrafão do Norte";"-";"2014";182233,402
"Economia";"PIB";"Produto Interno Bruto a Preços Correntes (Mil Reais)";"Rio Capim";"Garrafão do Norte";"-";"2015";192280
"Economia";"PIB";"Produto Interno Bruto a Preços Correntes (Mil Reais)";"Rio Capim";"Garrafão do Norte";"-";"2016";216624
"Economia";"PIB";"Produto Interno Bruto a Preços Correntes (Mil Reais)";"Rio Capim";"Garrafão do Norte";"-";"2017";242307
"Economia";"PIB";"Produto Interno Bruto a Preços Correntes (Mil Reais)";"Rio Capim";"Garrafão do Norte";"-";"2018";218668,37
"Economia";"PIB";"Produto Interno Bruto a Preços Correntes (Mil Reais)";"Rio Capim";"Garrafão do Norte";"-";"2019";220325,32
"Economia";"PIB";"Produto Interno Bruto a Preços Correntes (Mil Reais)";"Rio Capim";"Garrafão do Norte";"-";"2020";256395,126
"Economia";"PIB";"Produto Interno Bruto a Preços Correntes (Mil Reais)";"Rio Capim";"Garrafão do Norte";"-";"2021";276032,65
"Economia";"PIB";"Produto Interno Bruto a Preços Correntes (Mil Reais)";"Lago de Tucuruí";"Goianésia do Pará";"-";"2008";129463
"Economia";"PIB";"Produto Interno Bruto a Preços Correntes (Mil Reais)";"Lago de Tucuruí";"Goianésia do Pará";"-";"2009";128145
"Economia";"PIB";"Produto Interno Bruto a Preços Correntes (Mil Reais)";"Lago de Tucuruí";"Goianésia do Pará";"-";"2010";170781,713
"Economia";"PIB";"Produto Interno Bruto a Preços Correntes (Mil Reais)";"Lago de Tucuruí";"Goianésia do Pará";"-";"2011";188607,787
"Economia";"PIB";"Produto Interno Bruto a Preços Correntes (Mil Reais)";"Lago de Tucuruí";"Goianésia do Pará";"-";"2012";226404,378
"Economia";"PIB";"Produto Interno Bruto a Preços Correntes (Mil Reais)";"Lago de Tucuruí";"Goianésia do Pará";"-";"2013";267740,609
"Economia";"PIB";"Produto Interno Bruto a Preços Correntes (Mil Reais)";"Lago de Tucuruí";"Goianésia do Pará";"-";"2014";318026,337
"Economia";"PIB";"Produto Interno Bruto a Preços Correntes (Mil Reais)";"Lago de Tucuruí";"Goianésia do Pará";"-";"2015";324651
"Economia";"PIB";"Produto Interno Bruto a Preços Correntes (Mil Reais)";"Lago de Tucuruí";"Goianésia do Pará";"-";"2016";374417
"Economia";"PIB";"Produto Interno Bruto a Preços Correntes (Mil Reais)";"Lago de Tucuruí";"Goianésia do Pará";"-";"2017";373555
"Economia";"PIB";"Produto Interno Bruto a Preços Correntes (Mil Reais)";"Lago de Tucuruí";"Goianésia do Pará";"-";"2018";339363,281
"Economia";"PIB";"Produto Interno Bruto a Preços Correntes (Mil Reais)";"Lago de Tucuruí";"Goianésia do Pará";"-";"2019";346998,04
"Economia";"PIB";"Produto Interno Bruto a Preços Correntes (Mil Reais)";"Lago de Tucuruí";"Goianésia do Pará";"-";"2020";371974,662
"Economia";"PIB";"Produto Interno Bruto a Preços Correntes (Mil Reais)";"Lago de Tucuruí";"Goianésia do Pará";"-";"2021";506638,175
"Economia";"PIB";"Produto Interno Bruto a Preços Correntes (Mil Reais)";"Marajó";"Gurupá";"-";"2008";71269
"Economia";"PIB";"Produto Interno Bruto a Preços Correntes (Mil Reais)";"Marajó";"Gurupá";"-";"2009";79381
"Economia";"PIB";"Produto Interno Bruto a Preços Correntes (Mil Reais)";"Marajó";"Gurupá";"-";"2010";103743,605
"Economia";"PIB";"Produto Interno Bruto a Preços Correntes (Mil Reais)";"Marajó";"Gurupá";"-";"2011";121028,71
"Economia";"PIB";"Produto Interno Bruto a Preços Correntes (Mil Reais)";"Marajó";"Gurupá";"-";"2012";133897,846
"Economia";"PIB";"Produto Interno Bruto a Preços Correntes (Mil Reais)";"Marajó";"Gurupá";"-";"2013";163913,028
"Economia";"PIB";"Produto Interno Bruto a Preços Correntes (Mil Reais)";"Marajó";"Gurupá";"-";"2014";181607,981
"Economia";"PIB";"Produto Interno Bruto a Preços Correntes (Mil Reais)";"Marajó";"Gurupá";"-";"2015";197032
"Economia";"PIB";"Produto Interno Bruto a Preços Correntes (Mil Reais)";"Marajó";"Gurupá";"-";"2016";201129
"Economia";"PIB";"Produto Interno Bruto a Preços Correntes (Mil Reais)";"Marajó";"Gurupá";"-";"2017";230596
"Economia";"PIB";"Produto Interno Bruto a Preços Correntes (Mil Reais)";"Marajó";"Gurupá";"-";"2018";269626,316
"Economia";"PIB";"Produto Interno Bruto a Preços Correntes (Mil Reais)";"Marajó";"Gurupá";"-";"2019";280890,998
"Economia";"PIB";"Produto Interno Bruto a Preços Correntes (Mil Reais)";"Marajó";"Gurupá";"-";"2020";294442,529
"Economia";"PIB";"Produto Interno Bruto a Preços Correntes (Mil Reais)";"Marajó";"Gurupá";"-";"2021";334287,016
"Economia";"PIB";"Produto Interno Bruto a Preços Correntes (Mil Reais)";"Guamá";"Igarapé-Açu";"-";"2008";97315
"Economia";"PIB";"Produto Interno Bruto a Preços Correntes (Mil Reais)";"Guamá";"Igarapé-Açu";"-";"2009";107401
"Economia";"PIB";"Produto Interno Bruto a Preços Correntes (Mil Reais)";"Guamá";"Igarapé-Açu";"-";"2010";136819,4
"Economia";"PIB";"Produto Interno Bruto a Preços Correntes (Mil Reais)";"Guamá";"Igarapé-Açu";"-";"2011";206186,84
"Economia";"PIB";"Produto Interno Bruto a Preços Correntes (Mil Reais)";"Guamá";"Igarapé-Açu";"-";"2012";212043,228
"Economia";"PIB";"Produto Interno Bruto a Preços Correntes (Mil Reais)";"Guamá";"Igarapé-Açu";"-";"2013";269983,83
"Economia";"PIB";"Produto Interno Bruto a Preços Correntes (Mil Reais)";"Guamá";"Igarapé-Açu";"-";"2014";271389,298
"Economia";"PIB";"Produto Interno Bruto a Preços Correntes (Mil Reais)";"Guamá";"Igarapé-Açu";"-";"2015";298323
"Economia";"PIB";"Produto Interno Bruto a Preços Correntes (Mil Reais)";"Guamá";"Igarapé-Açu";"-";"2016";334255
"Economia";"PIB";"Produto Interno Bruto a Preços Correntes (Mil Reais)";"Guamá";"Igarapé-Açu";"-";"2017";304516
"Economia";"PIB";"Produto Interno Bruto a Preços Correntes (Mil Reais)";"Guamá";"Igarapé-Açu";"-";"2018";355023,328
"Economia";"PIB";"Produto Interno Bruto a Preços Correntes (Mil Reais)";"Guamá";"Igarapé-Açu";"-";"2019";346235,893
"Economia";"PIB";"Produto Interno Bruto a Preços Correntes (Mil Reais)";"Guamá";"Igarapé-Açu";"-";"2020";379257,235
"Economia";"PIB";"Produto Interno Bruto a Preços Correntes (Mil Reais)";"Guamá";"Igarapé-Açu";"-";"2021";415894,006
"Economia";"PIB";"Produto Interno Bruto a Preços Correntes (Mil Reais)";"Tocantins";"Igarapé-Miri";"-";"2008";140413
"Economia";"PIB";"Produto Interno Bruto a Preços Correntes (Mil Reais)";"Tocantins";"Igarapé-Miri";"-";"2009";156151
"Economia";"PIB";"Produto Interno Bruto a Preços Correntes (Mil Reais)";"Tocantins";"Igarapé-Miri";"-";"2010";237082,371
"Economia";"PIB";"Produto Interno Bruto a Preços Correntes (Mil Reais)";"Tocantins";"Igarapé-Miri";"-";"2011";273347,884
"Economia";"PIB";"Produto Interno Bruto a Preços Correntes (Mil Reais)";"Tocantins";"Igarapé-Miri";"-";"2012";321431,689
"Economia";"PIB";"Produto Interno Bruto a Preços Correntes (Mil Reais)";"Tocantins";"Igarapé-Miri";"-";"2013";374542,74
"Economia";"PIB";"Produto Interno Bruto a Preços Correntes (Mil Reais)";"Tocantins";"Igarapé-Miri";"-";"2014";411409,621
"Economia";"PIB";"Produto Interno Bruto a Preços Correntes (Mil Reais)";"Tocantins";"Igarapé-Miri";"-";"2015";374547
"Economia";"PIB";"Produto Interno Bruto a Preços Correntes (Mil Reais)";"Tocantins";"Igarapé-Miri";"-";"2016";353216
"Economia";"PIB";"Produto Interno Bruto a Preços Correntes (Mil Reais)";"Tocantins";"Igarapé-Miri";"-";"2017";376753
"Economia";"PIB";"Produto Interno Bruto a Preços Correntes (Mil Reais)";"Tocantins";"Igarapé-Miri";"-";"2018";494093,964
"Economia";"PIB";"Produto Interno Bruto a Preços Correntes (Mil Reais)";"Tocantins";"Igarapé-Miri";"-";"2019";519352,517
"Economia";"PIB";"Produto Interno Bruto a Preços Correntes (Mil Reais)";"Tocantins";"Igarapé-Miri";"-";"2020";627685,293
"Economia";"PIB";"Produto Interno Bruto a Preços Correntes (Mil Reais)";"Tocantins";"Igarapé-Miri";"-";"2021";691233,363
"Economia";"PIB";"Produto Interno Bruto a Preços Correntes (Mil Reais)";"Guamá";"Inhangapi";"-";"2008";30300
"Economia";"PIB";"Produto Interno Bruto a Preços Correntes (Mil Reais)";"Guamá";"Inhangapi";"-";"2009";32459
"Economia";"PIB";"Produto Interno Bruto a Preços Correntes (Mil Reais)";"Guamá";"Inhangapi";"-";"2010";45885,373
"Economia";"PIB";"Produto Interno Bruto a Preços Correntes (Mil Reais)";"Guamá";"Inhangapi";"-";"2011";60712,566
"Economia";"PIB";"Produto Interno Bruto a Preços Correntes (Mil Reais)";"Guamá";"Inhangapi";"-";"2012";63466,85
"Economia";"PIB";"Produto Interno Bruto a Preços Correntes (Mil Reais)";"Guamá";"Inhangapi";"-";"2013";90810,898
"Economia";"PIB";"Produto Interno Bruto a Preços Correntes (Mil Reais)";"Guamá";"Inhangapi";"-";"2014";86398,735
"Economia";"PIB";"Produto Interno Bruto a Preços Correntes (Mil Reais)";"Guamá";"Inhangapi";"-";"2015";95257
"Economia";"PIB";"Produto Interno Bruto a Preços Correntes (Mil Reais)";"Guamá";"Inhangapi";"-";"2016";112443
"Economia";"PIB";"Produto Interno Bruto a Preços Correntes (Mil Reais)";"Guamá";"Inhangapi";"-";"2017";114682
"Economia";"PIB";"Produto Interno Bruto a Preços Correntes (Mil Reais)";"Guamá";"Inhangapi";"-";"2018";126125,968
"Economia";"PIB";"Produto Interno Bruto a Preços Correntes (Mil Reais)";"Guamá";"Inhangapi";"-";"2019";119814,381
"Economia";"PIB";"Produto Interno Bruto a Preços Correntes (Mil Reais)";"Guamá";"Inhangapi";"-";"2020";155790,855
"Economia";"PIB";"Produto Interno Bruto a Preços Correntes (Mil Reais)";"Guamá";"Inhangapi";"-";"2021";174628,498
"Economia";"PIB";"Produto Interno Bruto a Preços Correntes (Mil Reais)";"Rio Capim";"Ipixuna do Pará";"-";"2008";227399
"Economia";"PIB";"Produto Interno Bruto a Preços Correntes (Mil Reais)";"Rio Capim";"Ipixuna do Pará";"-";"2009";221073
"Economia";"PIB";"Produto Interno Bruto a Preços Correntes (Mil Reais)";"Rio Capim";"Ipixuna do Pará";"-";"2010";387766,77
"Economia";"PIB";"Produto Interno Bruto a Preços Correntes (Mil Reais)";"Rio Capim";"Ipixuna do Pará";"-";"2011";498872,999
"Economia";"PIB";"Produto Interno Bruto a Preços Correntes (Mil Reais)";"Rio Capim";"Ipixuna do Pará";"-";"2012";440662,334
"Economia";"PIB";"Produto Interno Bruto a Preços Correntes (Mil Reais)";"Rio Capim";"Ipixuna do Pará";"-";"2013";471201,516
"Economia";"PIB";"Produto Interno Bruto a Preços Correntes (Mil Reais)";"Rio Capim";"Ipixuna do Pará";"-";"2014";487403,148
"Economia";"PIB";"Produto Interno Bruto a Preços Correntes (Mil Reais)";"Rio Capim";"Ipixuna do Pará";"-";"2015";436248
"Economia";"PIB";"Produto Interno Bruto a Preços Correntes (Mil Reais)";"Rio Capim";"Ipixuna do Pará";"-";"2016";485041
"Economia";"PIB";"Produto Interno Bruto a Preços Correntes (Mil Reais)";"Rio Capim";"Ipixuna do Pará";"-";"2017";541030
"Economia";"PIB";"Produto Interno Bruto a Preços Correntes (Mil Reais)";"Rio Capim";"Ipixuna do Pará";"-";"2018";518923,708
"Economia";"PIB";"Produto Interno Bruto a Preços Correntes (Mil Reais)";"Rio Capim";"Ipixuna do Pará";"-";"2019";576412,561
"Economia";"PIB";"Produto Interno Bruto a Preços Correntes (Mil Reais)";"Rio Capim";"Ipixuna do Pará";"-";"2020";607201,606
"Economia";"PIB";"Produto Interno Bruto a Preços Correntes (Mil Reais)";"Rio Capim";"Ipixuna do Pará";"-";"2021";625212,973
"Economia";"PIB";"Produto Interno Bruto a Preços Correntes (Mil Reais)";"Rio Capim";"Irituia";"-";"2008";74279
"Economia";"PIB";"Produto Interno Bruto a Preços Correntes (Mil Reais)";"Rio Capim";"Irituia";"-";"2009";81544
"Economia";"PIB";"Produto Interno Bruto a Preços Correntes (Mil Reais)";"Rio Capim";"Irituia";"-";"2010";105747,939
"Economia";"PIB";"Produto Interno Bruto a Preços Correntes (Mil Reais)";"Rio Capim";"Irituia";"-";"2011";115441,801
"Economia";"PIB";"Produto Interno Bruto a Preços Correntes (Mil Reais)";"Rio Capim";"Irituia";"-";"2012";121281,06
"Economia";"PIB";"Produto Interno Bruto a Preços Correntes (Mil Reais)";"Rio Capim";"Irituia";"-";"2013";162191,439
"Economia";"PIB";"Produto Interno Bruto a Preços Correntes (Mil Reais)";"Rio Capim";"Irituia";"-";"2014";175420,207
"Economia";"PIB";"Produto Interno Bruto a Preços Correntes (Mil Reais)";"Rio Capim";"Irituia";"-";"2015";204242
"Economia";"PIB";"Produto Interno Bruto a Preços Correntes (Mil Reais)";"Rio Capim";"Irituia";"-";"2016";219643
"Economia";"PIB";"Produto Interno Bruto a Preços Correntes (Mil Reais)";"Rio Capim";"Irituia";"-";"2017";217124
"Economia";"PIB";"Produto Interno Bruto a Preços Correntes (Mil Reais)";"Rio Capim";"Irituia";"-";"2018";213457,61
"Economia";"PIB";"Produto Interno Bruto a Preços Correntes (Mil Reais)";"Rio Capim";"Irituia";"-";"2019";220426,803
"Economia";"PIB";"Produto Interno Bruto a Preços Correntes (Mil Reais)";"Rio Capim";"Irituia";"-";"2020";249125,329
"Economia";"PIB";"Produto Interno Bruto a Preços Correntes (Mil Reais)";"Rio Capim";"Irituia";"-";"2021";278005,93
"Economia";"PIB";"Produto Interno Bruto a Preços Correntes (Mil Reais)";"Tapajós";"Itaituba";"-";"2008";580614
"Economia";"PIB";"Produto Interno Bruto a Preços Correntes (Mil Reais)";"Tapajós";"Itaituba";"-";"2009";608365
"Economia";"PIB";"Produto Interno Bruto a Preços Correntes (Mil Reais)";"Tapajós";"Itaituba";"-";"2010";906106,524
"Economia";"PIB";"Produto Interno Bruto a Preços Correntes (Mil Reais)";"Tapajós";"Itaituba";"-";"2011";930322,235
"Economia";"PIB";"Produto Interno Bruto a Preços Correntes (Mil Reais)";"Tapajós";"Itaituba";"-";"2012";929674,707
"Economia";"PIB";"Produto Interno Bruto a Preços Correntes (Mil Reais)";"Tapajós";"Itaituba";"-";"2013";1165927,026
"Economia";"PIB";"Produto Interno Bruto a Preços Correntes (Mil Reais)";"Tapajós";"Itaituba";"-";"2014";1433058,376
"Economia";"PIB";"Produto Interno Bruto a Preços Correntes (Mil Reais)";"Tapajós";"Itaituba";"-";"2015";1601843
"Economia";"PIB";"Produto Interno Bruto a Preços Correntes (Mil Reais)";"Tapajós";"Itaituba";"-";"2016";1597707
"Economia";"PIB";"Produto Interno Bruto a Preços Correntes (Mil Reais)";"Tapajós";"Itaituba";"-";"2017";1770962
"Economia";"PIB";"Produto Interno Bruto a Preços Correntes (Mil Reais)";"Tapajós";"Itaituba";"-";"2018";1814309,642
"Economia";"PIB";"Produto Interno Bruto a Preços Correntes (Mil Reais)";"Tapajós";"Itaituba";"-";"2019";2041945,315
"Economia";"PIB";"Produto Interno Bruto a Preços Correntes (Mil Reais)";"Tapajós";"Itaituba";"-";"2020";2626138,568
"Economia";"PIB";"Produto Interno Bruto a Preços Correntes (Mil Reais)";"Tapajós";"Itaituba";"-";"2021";3078558,25
"Economia";"PIB";"Produto Interno Bruto a Preços Correntes (Mil Reais)";"Lago de Tucuruí";"Itupiranga";"-";"2008";168623
"Economia";"PIB";"Produto Interno Bruto a Preços Correntes (Mil Reais)";"Lago de Tucuruí";"Itupiranga";"-";"2009";188618
"Economia";"PIB";"Produto Interno Bruto a Preços Correntes (Mil Reais)";"Lago de Tucuruí";"Itupiranga";"-";"2010";241334,392
"Economia";"PIB";"Produto Interno Bruto a Preços Correntes (Mil Reais)";"Lago de Tucuruí";"Itupiranga";"-";"2011";271906,957
"Economia";"PIB";"Produto Interno Bruto a Preços Correntes (Mil Reais)";"Lago de Tucuruí";"Itupiranga";"-";"2012";295100,868
"Economia";"PIB";"Produto Interno Bruto a Preços Correntes (Mil Reais)";"Lago de Tucuruí";"Itupiranga";"-";"2013";381965,376
"Economia";"PIB";"Produto Interno Bruto a Preços Correntes (Mil Reais)";"Lago de Tucuruí";"Itupiranga";"-";"2014";424197,012
"Economia";"PIB";"Produto Interno Bruto a Preços Correntes (Mil Reais)";"Lago de Tucuruí";"Itupiranga";"-";"2015";453461
"Economia";"PIB";"Produto Interno Bruto a Preços Correntes (Mil Reais)";"Lago de Tucuruí";"Itupiranga";"-";"2016";511523
"Economia";"PIB";"Produto Interno Bruto a Preços Correntes (Mil Reais)";"Lago de Tucuruí";"Itupiranga";"-";"2017";560443
"Economia";"PIB";"Produto Interno Bruto a Preços Correntes (Mil Reais)";"Lago de Tucuruí";"Itupiranga";"-";"2018";518940,744
"Economia";"PIB";"Produto Interno Bruto a Preços Correntes (Mil Reais)";"Lago de Tucuruí";"Itupiranga";"-";"2019";580326,455
"Economia";"PIB";"Produto Interno Bruto a Preços Correntes (Mil Reais)";"Lago de Tucuruí";"Itupiranga";"-";"2020";658373,082
"Economia";"PIB";"Produto Interno Bruto a Preços Correntes (Mil Reais)";"Lago de Tucuruí";"Itupiranga";"-";"2021";841955,863
"Economia";"PIB";"Produto Interno Bruto a Preços Correntes (Mil Reais)";"Tapajós";"Jacareacanga";"-";"2008";68732
"Economia";"PIB";"Produto Interno Bruto a Preços Correntes (Mil Reais)";"Tapajós";"Jacareacanga";"-";"2009";80792
"Economia";"PIB";"Produto Interno Bruto a Preços Correntes (Mil Reais)";"Tapajós";"Jacareacanga";"-";"2010";99660,359
"Economia";"PIB";"Produto Interno Bruto a Preços Correntes (Mil Reais)";"Tapajós";"Jacareacanga";"-";"2011";113275,357
"Economia";"PIB";"Produto Interno Bruto a Preços Correntes (Mil Reais)";"Tapajós";"Jacareacanga";"-";"2012";141010,099
"Economia";"PIB";"Produto Interno Bruto a Preços Correntes (Mil Reais)";"Tapajós";"Jacareacanga";"-";"2013";159487,066
"Economia";"PIB";"Produto Interno Bruto a Preços Correntes (Mil Reais)";"Tapajós";"Jacareacanga";"-";"2014";177848,828
"Economia";"PIB";"Produto Interno Bruto a Preços Correntes (Mil Reais)";"Tapajós";"Jacareacanga";"-";"2015";202240
"Economia";"PIB";"Produto Interno Bruto a Preços Correntes (Mil Reais)";"Tapajós";"Jacareacanga";"-";"2016";238484
"Economia";"PIB";"Produto Interno Bruto a Preços Correntes (Mil Reais)";"Tapajós";"Jacareacanga";"-";"2017";327691
"Economia";"PIB";"Produto Interno Bruto a Preços Correntes (Mil Reais)";"Tapajós";"Jacareacanga";"-";"2018";461440,068
"Economia";"PIB";"Produto Interno Bruto a Preços Correntes (Mil Reais)";"Tapajós";"Jacareacanga";"-";"2019";524934,401
"Economia";"PIB";"Produto Interno Bruto a Preços Correntes (Mil Reais)";"Tapajós";"Jacareacanga";"-";"2020";576360,341
"Economia";"PIB";"Produto Interno Bruto a Preços Correntes (Mil Reais)";"Tapajós";"Jacareacanga";"-";"2021";625759,62
"Economia";"PIB";"Produto Interno Bruto a Preços Correntes (Mil Reais)";"Lago de Tucuruí";"Jacundá";"-";"2008";200142
"Economia";"PIB";"Produto Interno Bruto a Preços Correntes (Mil Reais)";"Lago de Tucuruí";"Jacundá";"-";"2009";222203
"Economia";"PIB";"Produto Interno Bruto a Preços Correntes (Mil Reais)";"Lago de Tucuruí";"Jacundá";"-";"2010";263119,36
"Economia";"PIB";"Produto Interno Bruto a Preços Correntes (Mil Reais)";"Lago de Tucuruí";"Jacundá";"-";"2011";301391,21
"Economia";"PIB";"Produto Interno Bruto a Preços Correntes (Mil Reais)";"Lago de Tucuruí";"Jacundá";"-";"2012";344962,225
"Economia";"PIB";"Produto Interno Bruto a Preços Correntes (Mil Reais)";"Lago de Tucuruí";"Jacundá";"-";"2013";377070,097
"Economia";"PIB";"Produto Interno Bruto a Preços Correntes (Mil Reais)";"Lago de Tucuruí";"Jacundá";"-";"2014";415245,006
"Economia";"PIB";"Produto Interno Bruto a Preços Correntes (Mil Reais)";"Lago de Tucuruí";"Jacundá";"-";"2015";458521
"Economia";"PIB";"Produto Interno Bruto a Preços Correntes (Mil Reais)";"Lago de Tucuruí";"Jacundá";"-";"2016";489836
"Economia";"PIB";"Produto Interno Bruto a Preços Correntes (Mil Reais)";"Lago de Tucuruí";"Jacundá";"-";"2017";489217
"Economia";"PIB";"Produto Interno Bruto a Preços Correntes (Mil Reais)";"Lago de Tucuruí";"Jacundá";"-";"2018";484128,814
"Economia";"PIB";"Produto Interno Bruto a Preços Correntes (Mil Reais)";"Lago de Tucuruí";"Jacundá";"-";"2019";488417,221
"Economia";"PIB";"Produto Interno Bruto a Preços Correntes (Mil Reais)";"Lago de Tucuruí";"Jacundá";"-";"2020";529375,268
"Economia";"PIB";"Produto Interno Bruto a Preços Correntes (Mil Reais)";"Lago de Tucuruí";"Jacundá";"-";"2021";615694,792
"Economia";"PIB";"Produto Interno Bruto a Preços Correntes (Mil Reais)";"Baixo Amazonas";"Juruti";"-";"2008";210799
"Economia";"PIB";"Produto Interno Bruto a Preços Correntes (Mil Reais)";"Baixo Amazonas";"Juruti";"-";"2009";272600
"Economia";"PIB";"Produto Interno Bruto a Preços Correntes (Mil Reais)";"Baixo Amazonas";"Juruti";"-";"2010";480751,584
"Economia";"PIB";"Produto Interno Bruto a Preços Correntes (Mil Reais)";"Baixo Amazonas";"Juruti";"-";"2011";568141,137
"Economia";"PIB";"Produto Interno Bruto a Preços Correntes (Mil Reais)";"Baixo Amazonas";"Juruti";"-";"2012";568015,377
"Economia";"PIB";"Produto Interno Bruto a Preços Correntes (Mil Reais)";"Baixo Amazonas";"Juruti";"-";"2013";868722,129
"Economia";"PIB";"Produto Interno Bruto a Preços Correntes (Mil Reais)";"Baixo Amazonas";"Juruti";"-";"2014";905205,401
"Economia";"PIB";"Produto Interno Bruto a Preços Correntes (Mil Reais)";"Baixo Amazonas";"Juruti";"-";"2015";768414
"Economia";"PIB";"Produto Interno Bruto a Preços Correntes (Mil Reais)";"Baixo Amazonas";"Juruti";"-";"2016";941366
"Economia";"PIB";"Produto Interno Bruto a Preços Correntes (Mil Reais)";"Baixo Amazonas";"Juruti";"-";"2017";1046267
"Economia";"PIB";"Produto Interno Bruto a Preços Correntes (Mil Reais)";"Baixo Amazonas";"Juruti";"-";"2018";996561,934
"Economia";"PIB";"Produto Interno Bruto a Preços Correntes (Mil Reais)";"Baixo Amazonas";"Juruti";"-";"2019";1204784,15
"Economia";"PIB";"Produto Interno Bruto a Preços Correntes (Mil Reais)";"Baixo Amazonas";"Juruti";"-";"2020";1366721,429
"Economia";"PIB";"Produto Interno Bruto a Preços Correntes (Mil Reais)";"Baixo Amazonas";"Juruti";"-";"2021";1451756,372
"Economia";"PIB";"Produto Interno Bruto a Preços Correntes (Mil Reais)";"Tocantins";"Limoeiro do Ajuru";"-";"2008";63310
"Economia";"PIB";"Produto Interno Bruto a Preços Correntes (Mil Reais)";"Tocantins";"Limoeiro do Ajuru";"-";"2009";78205
"Economia";"PIB";"Produto Interno Bruto a Preços Correntes (Mil Reais)";"Tocantins";"Limoeiro do Ajuru";"-";"2010";193959,718
"Economia";"PIB";"Produto Interno Bruto a Preços Correntes (Mil Reais)";"Tocantins";"Limoeiro do Ajuru";"-";"2011";221429,967
"Economia";"PIB";"Produto Interno Bruto a Preços Correntes (Mil Reais)";"Tocantins";"Limoeiro do Ajuru";"-";"2012";286482,075
"Economia";"PIB";"Produto Interno Bruto a Preços Correntes (Mil Reais)";"Tocantins";"Limoeiro do Ajuru";"-";"2013";392543,81
"Economia";"PIB";"Produto Interno Bruto a Preços Correntes (Mil Reais)";"Tocantins";"Limoeiro do Ajuru";"-";"2014";354746,713
"Economia";"PIB";"Produto Interno Bruto a Preços Correntes (Mil Reais)";"Tocantins";"Limoeiro do Ajuru";"-";"2015";404797
"Economia";"PIB";"Produto Interno Bruto a Preços Correntes (Mil Reais)";"Tocantins";"Limoeiro do Ajuru";"-";"2016";394987
"Economia";"PIB";"Produto Interno Bruto a Preços Correntes (Mil Reais)";"Tocantins";"Limoeiro do Ajuru";"-";"2017";453594
"Economia";"PIB";"Produto Interno Bruto a Preços Correntes (Mil Reais)";"Tocantins";"Limoeiro do Ajuru";"-";"2018";404797,443
"Economia";"PIB";"Produto Interno Bruto a Preços Correntes (Mil Reais)";"Tocantins";"Limoeiro do Ajuru";"-";"2019";423762,753
"Economia";"PIB";"Produto Interno Bruto a Preços Correntes (Mil Reais)";"Tocantins";"Limoeiro do Ajuru";"-";"2020";484663,907
"Economia";"PIB";"Produto Interno Bruto a Preços Correntes (Mil Reais)";"Tocantins";"Limoeiro do Ajuru";"-";"2021";503050,922
"Economia";"PIB";"Produto Interno Bruto a Preços Correntes (Mil Reais)";"Rio Capim";"Mãe do Rio";"-";"2008";135223
"Economia";"PIB";"Produto Interno Bruto a Preços Correntes (Mil Reais)";"Rio Capim";"Mãe do Rio";"-";"2009";145036
"Economia";"PIB";"Produto Interno Bruto a Preços Correntes (Mil Reais)";"Rio Capim";"Mãe do Rio";"-";"2010";174971,916
"Economia";"PIB";"Produto Interno Bruto a Preços Correntes (Mil Reais)";"Rio Capim";"Mãe do Rio";"-";"2011";189971,902
"Economia";"PIB";"Produto Interno Bruto a Preços Correntes (Mil Reais)";"Rio Capim";"Mãe do Rio";"-";"2012";196675,755
"Economia";"PIB";"Produto Interno Bruto a Preços Correntes (Mil Reais)";"Rio Capim";"Mãe do Rio";"-";"2013";235996,099
"Economia";"PIB";"Produto Interno Bruto a Preços Correntes (Mil Reais)";"Rio Capim";"Mãe do Rio";"-";"2014";264507,099
"Economia";"PIB";"Produto Interno Bruto a Preços Correntes (Mil Reais)";"Rio Capim";"Mãe do Rio";"-";"2015";276718
"Economia";"PIB";"Produto Interno Bruto a Preços Correntes (Mil Reais)";"Rio Capim";"Mãe do Rio";"-";"2016";283984
"Economia";"PIB";"Produto Interno Bruto a Preços Correntes (Mil Reais)";"Rio Capim";"Mãe do Rio";"-";"2017";293012
"Economia";"PIB";"Produto Interno Bruto a Preços Correntes (Mil Reais)";"Rio Capim";"Mãe do Rio";"-";"2018";292917,618
"Economia";"PIB";"Produto Interno Bruto a Preços Correntes (Mil Reais)";"Rio Capim";"Mãe do Rio";"-";"2019";291476,18
"Economia";"PIB";"Produto Interno Bruto a Preços Correntes (Mil Reais)";"Rio Capim";"Mãe do Rio";"-";"2020";324096,858
"Economia";"PIB";"Produto Interno Bruto a Preços Correntes (Mil Reais)";"Rio Capim";"Mãe do Rio";"-";"2021";340310,64
"Economia";"PIB";"Produto Interno Bruto a Preços Correntes (Mil Reais)";"Guamá";"Magalhães Barata";"-";"2008";20734
"Economia";"PIB";"Produto Interno Bruto a Preços Correntes (Mil Reais)";"Guamá";"Magalhães Barata";"-";"2009";23340
"Economia";"PIB";"Produto Interno Bruto a Preços Correntes (Mil Reais)";"Guamá";"Magalhães Barata";"-";"2010";34470,811
"Economia";"PIB";"Produto Interno Bruto a Preços Correntes (Mil Reais)";"Guamá";"Magalhães Barata";"-";"2011";33798,638
"Economia";"PIB";"Produto Interno Bruto a Preços Correntes (Mil Reais)";"Guamá";"Magalhães Barata";"-";"2012";48370,668
"Economia";"PIB";"Produto Interno Bruto a Preços Correntes (Mil Reais)";"Guamá";"Magalhães Barata";"-";"2013";59449,253
"Economia";"PIB";"Produto Interno Bruto a Preços Correntes (Mil Reais)";"Guamá";"Magalhães Barata";"-";"2014";55540,081
"Economia";"PIB";"Produto Interno Bruto a Preços Correntes (Mil Reais)";"Guamá";"Magalhães Barata";"-";"2015";59783
"Economia";"PIB";"Produto Interno Bruto a Preços Correntes (Mil Reais)";"Guamá";"Magalhães Barata";"-";"2016";64732
"Economia";"PIB";"Produto Interno Bruto a Preços Correntes (Mil Reais)";"Guamá";"Magalhães Barata";"-";"2017";75316
"Economia";"PIB";"Produto Interno Bruto a Preços Correntes (Mil Reais)";"Guamá";"Magalhães Barata";"-";"2018";81722,643
"Economia";"PIB";"Produto Interno Bruto a Preços Correntes (Mil Reais)";"Guamá";"Magalhães Barata";"-";"2019";74014,278
"Economia";"PIB";"Produto Interno Bruto a Preços Correntes (Mil Reais)";"Guamá";"Magalhães Barata";"-";"2020";93193,793
"Economia";"PIB";"Produto Interno Bruto a Preços Correntes (Mil Reais)";"Guamá";"Magalhães Barata";"-";"2021";98431,986
"Economia";"PIB";"Produto Interno Bruto a Preços Correntes (Mil Reais)";"Carajás";"Marabá";"-";"2008";3594594
"Economia";"PIB";"Produto Interno Bruto a Preços Correntes (Mil Reais)";"Carajás";"Marabá";"-";"2009";3081124
"Economia";"PIB";"Produto Interno Bruto a Preços Correntes (Mil Reais)";"Carajás";"Marabá";"-";"2010";3458624,643
"Economia";"PIB";"Produto Interno Bruto a Preços Correntes (Mil Reais)";"Carajás";"Marabá";"-";"2011";3822998,216
"Economia";"PIB";"Produto Interno Bruto a Preços Correntes (Mil Reais)";"Carajás";"Marabá";"-";"2012";4170450,607
"Economia";"PIB";"Produto Interno Bruto a Preços Correntes (Mil Reais)";"Carajás";"Marabá";"-";"2013";5739900,509
"Economia";"PIB";"Produto Interno Bruto a Preços Correntes (Mil Reais)";"Carajás";"Marabá";"-";"2014";6313838,753
"Economia";"PIB";"Produto Interno Bruto a Preços Correntes (Mil Reais)";"Carajás";"Marabá";"-";"2015";7305741
"Economia";"PIB";"Produto Interno Bruto a Preços Correntes (Mil Reais)";"Carajás";"Marabá";"-";"2016";7487235
"Economia";"PIB";"Produto Interno Bruto a Preços Correntes (Mil Reais)";"Carajás";"Marabá";"-";"2017";8599354
"Economia";"PIB";"Produto Interno Bruto a Preços Correntes (Mil Reais)";"Carajás";"Marabá";"-";"2018";8779877,653
"Economia";"PIB";"Produto Interno Bruto a Preços Correntes (Mil Reais)";"Carajás";"Marabá";"-";"2019";11406385,57
"Economia";"PIB";"Produto Interno Bruto a Preços Correntes (Mil Reais)";"Carajás";"Marabá";"-";"2020";12930110,237
"Economia";"PIB";"Produto Interno Bruto a Preços Correntes (Mil Reais)";"Carajás";"Marabá";"-";"2021";13523145,275
"Economia";"PIB";"Produto Interno Bruto a Preços Correntes (Mil Reais)";"Guamá";"Maracanã";"-";"2008";85455
"Economia";"PIB";"Produto Interno Bruto a Preços Correntes (Mil Reais)";"Guamá";"Maracanã";"-";"2009";94677
"Economia";"PIB";"Produto Interno Bruto a Preços Correntes (Mil Reais)";"Guamá";"Maracanã";"-";"2010";112321,764
"Economia";"PIB";"Produto Interno Bruto a Preços Correntes (Mil Reais)";"Guamá";"Maracanã";"-";"2011";132533,02
"Economia";"PIB";"Produto Interno Bruto a Preços Correntes (Mil Reais)";"Guamá";"Maracanã";"-";"2012";133492,817
"Economia";"PIB";"Produto Interno Bruto a Preços Correntes (Mil Reais)";"Guamá";"Maracanã";"-";"2013";169508,934
"Economia";"PIB";"Produto Interno Bruto a Preços Correntes (Mil Reais)";"Guamá";"Maracanã";"-";"2014";181176,297
"Economia";"PIB";"Produto Interno Bruto a Preços Correntes (Mil Reais)";"Guamá";"Maracanã";"-";"2015";186807
"Economia";"PIB";"Produto Interno Bruto a Preços Correntes (Mil Reais)";"Guamá";"Maracanã";"-";"2016";205831
"Economia";"PIB";"Produto Interno Bruto a Preços Correntes (Mil Reais)";"Guamá";"Maracanã";"-";"2017";219106
"Economia";"PIB";"Produto Interno Bruto a Preços Correntes (Mil Reais)";"Guamá";"Maracanã";"-";"2018";234515,334
"Economia";"PIB";"Produto Interno Bruto a Preços Correntes (Mil Reais)";"Guamá";"Maracanã";"-";"2019";228262,819
"Economia";"PIB";"Produto Interno Bruto a Preços Correntes (Mil Reais)";"Guamá";"Maracanã";"-";"2020";255464,174
"Economia";"PIB";"Produto Interno Bruto a Preços Correntes (Mil Reais)";"Guamá";"Maracanã";"-";"2021";289996,985
"Economia";"PIB";"Produto Interno Bruto a Preços Correntes (Mil Reais)";"Guamá";"Marapanim";"-";"2008";79175
"Economia";"PIB";"Produto Interno Bruto a Preços Correntes (Mil Reais)";"Guamá";"Marapanim";"-";"2009";95856
"Economia";"PIB";"Produto Interno Bruto a Preços Correntes (Mil Reais)";"Guamá";"Marapanim";"-";"2010";100430,221
"Economia";"PIB";"Produto Interno Bruto a Preços Correntes (Mil Reais)";"Guamá";"Marapanim";"-";"2011";121686,022
"Economia";"PIB";"Produto Interno Bruto a Preços Correntes (Mil Reais)";"Guamá";"Marapanim";"-";"2012";148200,48
"Economia";"PIB";"Produto Interno Bruto a Preços Correntes (Mil Reais)";"Guamá";"Marapanim";"-";"2013";156194,254
"Economia";"PIB";"Produto Interno Bruto a Preços Correntes (Mil Reais)";"Guamá";"Marapanim";"-";"2014";185495,289
"Economia";"PIB";"Produto Interno Bruto a Preços Correntes (Mil Reais)";"Guamá";"Marapanim";"-";"2015";185508
"Economia";"PIB";"Produto Interno Bruto a Preços Correntes (Mil Reais)";"Guamá";"Marapanim";"-";"2016";213396
"Economia";"PIB";"Produto Interno Bruto a Preços Correntes (Mil Reais)";"Guamá";"Marapanim";"-";"2017";221402
"Economia";"PIB";"Produto Interno Bruto a Preços Correntes (Mil Reais)";"Guamá";"Marapanim";"-";"2018";234486,734
"Economia";"PIB";"Produto Interno Bruto a Preços Correntes (Mil Reais)";"Guamá";"Marapanim";"-";"2019";220110,906
"Economia";"PIB";"Produto Interno Bruto a Preços Correntes (Mil Reais)";"Guamá";"Marapanim";"-";"2020";247549,111
"Economia";"PIB";"Produto Interno Bruto a Preços Correntes (Mil Reais)";"Guamá";"Marapanim";"-";"2021";263656,848
"Economia";"PIB";"Produto Interno Bruto a Preços Correntes (Mil Reais)";"Guajará";"Marituba";"-";"2008";469999
"Economia";"PIB";"Produto Interno Bruto a Preços Correntes (Mil Reais)";"Guajará";"Marituba";"-";"2009";520842
"Economia";"PIB";"Produto Interno Bruto a Preços Correntes (Mil Reais)";"Guajará";"Marituba";"-";"2010";732170,624
"Economia";"PIB";"Produto Interno Bruto a Preços Correntes (Mil Reais)";"Guajará";"Marituba";"-";"2011";829289,368
"Economia";"PIB";"Produto Interno Bruto a Preços Correntes (Mil Reais)";"Guajará";"Marituba";"-";"2012";923339,341
"Economia";"PIB";"Produto Interno Bruto a Preços Correntes (Mil Reais)";"Guajará";"Marituba";"-";"2013";1112650,734
"Economia";"PIB";"Produto Interno Bruto a Preços Correntes (Mil Reais)";"Guajará";"Marituba";"-";"2014";1418283,204
"Economia";"PIB";"Produto Interno Bruto a Preços Correntes (Mil Reais)";"Guajará";"Marituba";"-";"2015";1592877
"Economia";"PIB";"Produto Interno Bruto a Preços Correntes (Mil Reais)";"Guajará";"Marituba";"-";"2016";1732438
"Economia";"PIB";"Produto Interno Bruto a Preços Correntes (Mil Reais)";"Guajará";"Marituba";"-";"2017";1788121
"Economia";"PIB";"Produto Interno Bruto a Preços Correntes (Mil Reais)";"Guajará";"Marituba";"-";"2018";1901592,551
"Economia";"PIB";"Produto Interno Bruto a Preços Correntes (Mil Reais)";"Guajará";"Marituba";"-";"2019";1941534,96
"Economia";"PIB";"Produto Interno Bruto a Preços Correntes (Mil Reais)";"Guajará";"Marituba";"-";"2020";2082398,915
"Economia";"PIB";"Produto Interno Bruto a Preços Correntes (Mil Reais)";"Guajará";"Marituba";"-";"2021";2578541,406
"Economia";"PIB";"Produto Interno Bruto a Preços Correntes (Mil Reais)";"Xingu";"Medicilândia";"-";"2008";102895
"Economia";"PIB";"Produto Interno Bruto a Preços Correntes (Mil Reais)";"Xingu";"Medicilândia";"-";"2009";134930
"Economia";"PIB";"Produto Interno Bruto a Preços Correntes (Mil Reais)";"Xingu";"Medicilândia";"-";"2010";258217,912
"Economia";"PIB";"Produto Interno Bruto a Preços Correntes (Mil Reais)";"Xingu";"Medicilândia";"-";"2011";262722,459
"Economia";"PIB";"Produto Interno Bruto a Preços Correntes (Mil Reais)";"Xingu";"Medicilândia";"-";"2012";255350,148
"Economia";"PIB";"Produto Interno Bruto a Preços Correntes (Mil Reais)";"Xingu";"Medicilândia";"-";"2013";318025,851
"Economia";"PIB";"Produto Interno Bruto a Preços Correntes (Mil Reais)";"Xingu";"Medicilândia";"-";"2014";502349,595
"Economia";"PIB";"Produto Interno Bruto a Preços Correntes (Mil Reais)";"Xingu";"Medicilândia";"-";"2015";624718
"Economia";"PIB";"Produto Interno Bruto a Preços Correntes (Mil Reais)";"Xingu";"Medicilândia";"-";"2016";566204
"Economia";"PIB";"Produto Interno Bruto a Preços Correntes (Mil Reais)";"Xingu";"Medicilândia";"-";"2017";580793
"Economia";"PIB";"Produto Interno Bruto a Preços Correntes (Mil Reais)";"Xingu";"Medicilândia";"-";"2018";613953,64
"Economia";"PIB";"Produto Interno Bruto a Preços Correntes (Mil Reais)";"Xingu";"Medicilândia";"-";"2019";654620,544
"Economia";"PIB";"Produto Interno Bruto a Preços Correntes (Mil Reais)";"Xingu";"Medicilândia";"-";"2020";876394,562
"Economia";"PIB";"Produto Interno Bruto a Preços Correntes (Mil Reais)";"Xingu";"Medicilândia";"-";"2021";1023971,634
"Economia";"PIB";"Produto Interno Bruto a Preços Correntes (Mil Reais)";"Marajó";"Melgaço";"-";"2008";46727
"Economia";"PIB";"Produto Interno Bruto a Preços Correntes (Mil Reais)";"Marajó";"Melgaço";"-";"2009";49302
"Economia";"PIB";"Produto Interno Bruto a Preços Correntes (Mil Reais)";"Marajó";"Melgaço";"-";"2010";69232,354
"Economia";"PIB";"Produto Interno Bruto a Preços Correntes (Mil Reais)";"Marajó";"Melgaço";"-";"2011";84584,962
"Economia";"PIB";"Produto Interno Bruto a Preços Correntes (Mil Reais)";"Marajó";"Melgaço";"-";"2012";102148,943
"Economia";"PIB";"Produto Interno Bruto a Preços Correntes (Mil Reais)";"Marajó";"Melgaço";"-";"2013";124602,475
"Economia";"PIB";"Produto Interno Bruto a Preços Correntes (Mil Reais)";"Marajó";"Melgaço";"-";"2014";134299,28
"Economia";"PIB";"Produto Interno Bruto a Preços Correntes (Mil Reais)";"Marajó";"Melgaço";"-";"2015";140741
"Economia";"PIB";"Produto Interno Bruto a Preços Correntes (Mil Reais)";"Marajó";"Melgaço";"-";"2016";170140
"Economia";"PIB";"Produto Interno Bruto a Preços Correntes (Mil Reais)";"Marajó";"Melgaço";"-";"2017";169796
"Economia";"PIB";"Produto Interno Bruto a Preços Correntes (Mil Reais)";"Marajó";"Melgaço";"-";"2018";178065,722
"Economia";"PIB";"Produto Interno Bruto a Preços Correntes (Mil Reais)";"Marajó";"Melgaço";"-";"2019";180022,426
"Economia";"PIB";"Produto Interno Bruto a Preços Correntes (Mil Reais)";"Marajó";"Melgaço";"-";"2020";196206,278
"Economia";"PIB";"Produto Interno Bruto a Preços Correntes (Mil Reais)";"Marajó";"Melgaço";"-";"2021";216854,875
"Economia";"PIB";"Produto Interno Bruto a Preços Correntes (Mil Reais)";"Tocantins";"Mocajuba";"-";"2008";64389
"Economia";"PIB";"Produto Interno Bruto a Preços Correntes (Mil Reais)";"Tocantins";"Mocajuba";"-";"2009";78251
"Economia";"PIB";"Produto Interno Bruto a Preços Correntes (Mil Reais)";"Tocantins";"Mocajuba";"-";"2010";128841,168
"Economia";"PIB";"Produto Interno Bruto a Preços Correntes (Mil Reais)";"Tocantins";"Mocajuba";"-";"2011";139095,164
"Economia";"PIB";"Produto Interno Bruto a Preços Correntes (Mil Reais)";"Tocantins";"Mocajuba";"-";"2012";186532,383
"Economia";"PIB";"Produto Interno Bruto a Preços Correntes (Mil Reais)";"Tocantins";"Mocajuba";"-";"2013";224102,261
"Economia";"PIB";"Produto Interno Bruto a Preços Correntes (Mil Reais)";"Tocantins";"Mocajuba";"-";"2014";220288,701
"Economia";"PIB";"Produto Interno Bruto a Preços Correntes (Mil Reais)";"Tocantins";"Mocajuba";"-";"2015";253839
"Economia";"PIB";"Produto Interno Bruto a Preços Correntes (Mil Reais)";"Tocantins";"Mocajuba";"-";"2016";278415
"Economia";"PIB";"Produto Interno Bruto a Preços Correntes (Mil Reais)";"Tocantins";"Mocajuba";"-";"2017";306536
"Economia";"PIB";"Produto Interno Bruto a Preços Correntes (Mil Reais)";"Tocantins";"Mocajuba";"-";"2018";294911,072
"Economia";"PIB";"Produto Interno Bruto a Preços Correntes (Mil Reais)";"Tocantins";"Mocajuba";"-";"2019";378747,355
"Economia";"PIB";"Produto Interno Bruto a Preços Correntes (Mil Reais)";"Tocantins";"Mocajuba";"-";"2020";496240,507
"Economia";"PIB";"Produto Interno Bruto a Preços Correntes (Mil Reais)";"Tocantins";"Mocajuba";"-";"2021";452081,939
"Economia";"PIB";"Produto Interno Bruto a Preços Correntes (Mil Reais)";"Tocantins";"Moju";"-";"2008";224802
"Economia";"PIB";"Produto Interno Bruto a Preços Correntes (Mil Reais)";"Tocantins";"Moju";"-";"2009";235248
"Economia";"PIB";"Produto Interno Bruto a Preços Correntes (Mil Reais)";"Tocantins";"Moju";"-";"2010";398706,134
"Economia";"PIB";"Produto Interno Bruto a Preços Correntes (Mil Reais)";"Tocantins";"Moju";"-";"2011";481619,067
"Economia";"PIB";"Produto Interno Bruto a Preços Correntes (Mil Reais)";"Tocantins";"Moju";"-";"2012";562477,198
"Economia";"PIB";"Produto Interno Bruto a Preços Correntes (Mil Reais)";"Tocantins";"Moju";"-";"2013";657367,131
"Economia";"PIB";"Produto Interno Bruto a Preços Correntes (Mil Reais)";"Tocantins";"Moju";"-";"2014";651287,09
"Economia";"PIB";"Produto Interno Bruto a Preços Correntes (Mil Reais)";"Tocantins";"Moju";"-";"2015";741243
"Economia";"PIB";"Produto Interno Bruto a Preços Correntes (Mil Reais)";"Tocantins";"Moju";"-";"2016";869136
"Economia";"PIB";"Produto Interno Bruto a Preços Correntes (Mil Reais)";"Tocantins";"Moju";"-";"2017";892534
"Economia";"PIB";"Produto Interno Bruto a Preços Correntes (Mil Reais)";"Tocantins";"Moju";"-";"2018";841662,777
"Economia";"PIB";"Produto Interno Bruto a Preços Correntes (Mil Reais)";"Tocantins";"Moju";"-";"2019";914895,996
"Economia";"PIB";"Produto Interno Bruto a Preços Correntes (Mil Reais)";"Tocantins";"Moju";"-";"2020";1266648,824
"Economia";"PIB";"Produto Interno Bruto a Preços Correntes (Mil Reais)";"Tocantins";"Moju";"-";"2021";1348480,959
"Economia";"PIB";"Produto Interno Bruto a Preços Correntes (Mil Reais)";"Baixo Amazonas";"Mojuí dos campos";"-";"2008";269257
"Economia";"PIB";"Produto Interno Bruto a Preços Correntes (Mil Reais)";"Baixo Amazonas";"Mojuí dos campos";"-";"2009";253544
"Economia";"PIB";"Produto Interno Bruto a Preços Correntes (Mil Reais)";"Baixo Amazonas";"Mojuí dos campos";"-";"2010";0
"Economia";"PIB";"Produto Interno Bruto a Preços Correntes (Mil Reais)";"Baixo Amazonas";"Mojuí dos campos";"-";"2011";0
"Economia";"PIB";"Produto Interno Bruto a Preços Correntes (Mil Reais)";"Baixo Amazonas";"Mojuí dos campos";"-";"2012";0
"Economia";"PIB";"Produto Interno Bruto a Preços Correntes (Mil Reais)";"Baixo Amazonas";"Mojuí dos campos";"-";"2013";213045,077
"Economia";"PIB";"Produto Interno Bruto a Preços Correntes (Mil Reais)";"Baixo Amazonas";"Mojuí dos campos";"-";"2014";228694,204
"Economia";"PIB";"Produto Interno Bruto a Preços Correntes (Mil Reais)";"Baixo Amazonas";"Mojuí dos campos";"-";"2015";125707
"Economia";"PIB";"Produto Interno Bruto a Preços Correntes (Mil Reais)";"Baixo Amazonas";"Mojuí dos campos";"-";"2016";137561
"Economia";"PIB";"Produto Interno Bruto a Preços Correntes (Mil Reais)";"Baixo Amazonas";"Mojuí dos campos";"-";"2017";155209
"Economia";"PIB";"Produto Interno Bruto a Preços Correntes (Mil Reais)";"Baixo Amazonas";"Mojuí dos campos";"-";"2018";153295,396
"Economia";"PIB";"Produto Interno Bruto a Preços Correntes (Mil Reais)";"Baixo Amazonas";"Mojuí dos campos";"-";"2019";170176,649
"Economia";"PIB";"Produto Interno Bruto a Preços Correntes (Mil Reais)";"Baixo Amazonas";"Mojuí dos campos";"-";"2020";194088,686
"Economia";"PIB";"Produto Interno Bruto a Preços Correntes (Mil Reais)";"Baixo Amazonas";"Mojuí dos campos";"-";"2021";288643,613
"Economia";"PIB";"Produto Interno Bruto a Preços Correntes (Mil Reais)";"Baixo Amazonas";"Monte Alegre";"-";"2008";67061
"Economia";"PIB";"Produto Interno Bruto a Preços Correntes (Mil Reais)";"Baixo Amazonas";"Monte Alegre";"-";"2009";72840
"Economia";"PIB";"Produto Interno Bruto a Preços Correntes (Mil Reais)";"Baixo Amazonas";"Monte Alegre";"-";"2010";394236,234
"Economia";"PIB";"Produto Interno Bruto a Preços Correntes (Mil Reais)";"Baixo Amazonas";"Monte Alegre";"-";"2011";371137,884
"Economia";"PIB";"Produto Interno Bruto a Preços Correntes (Mil Reais)";"Baixo Amazonas";"Monte Alegre";"-";"2012";414856,603
"Economia";"PIB";"Produto Interno Bruto a Preços Correntes (Mil Reais)";"Baixo Amazonas";"Monte Alegre";"-";"2013";555744,419
"Economia";"PIB";"Produto Interno Bruto a Preços Correntes (Mil Reais)";"Baixo Amazonas";"Monte Alegre";"-";"2014";563755,99
"Economia";"PIB";"Produto Interno Bruto a Preços Correntes (Mil Reais)";"Baixo Amazonas";"Monte Alegre";"-";"2015";612761
"Economia";"PIB";"Produto Interno Bruto a Preços Correntes (Mil Reais)";"Baixo Amazonas";"Monte Alegre";"-";"2016";682044
"Economia";"PIB";"Produto Interno Bruto a Preços Correntes (Mil Reais)";"Baixo Amazonas";"Monte Alegre";"-";"2017";690213
"Economia";"PIB";"Produto Interno Bruto a Preços Correntes (Mil Reais)";"Baixo Amazonas";"Monte Alegre";"-";"2018";720963,359
"Economia";"PIB";"Produto Interno Bruto a Preços Correntes (Mil Reais)";"Baixo Amazonas";"Monte Alegre";"-";"2019";621428,026
"Economia";"PIB";"Produto Interno Bruto a Preços Correntes (Mil Reais)";"Baixo Amazonas";"Monte Alegre";"-";"2020";710162,313
"Economia";"PIB";"Produto Interno Bruto a Preços Correntes (Mil Reais)";"Baixo Amazonas";"Monte Alegre";"-";"2021";807340,059
"Economia";"PIB";"Produto Interno Bruto a Preços Correntes (Mil Reais)";"Marajó";"Muaná";"-";"2008";53242
"Economia";"PIB";"Produto Interno Bruto a Preços Correntes (Mil Reais)";"Marajó";"Muaná";"-";"2009";69276
"Economia";"PIB";"Produto Interno Bruto a Preços Correntes (Mil Reais)";"Marajó";"Muaná";"-";"2010";140603,967
"Economia";"PIB";"Produto Interno Bruto a Preços Correntes (Mil Reais)";"Marajó";"Muaná";"-";"2011";175562,588
"Economia";"PIB";"Produto Interno Bruto a Preços Correntes (Mil Reais)";"Marajó";"Muaná";"-";"2012";191396,193
"Economia";"PIB";"Produto Interno Bruto a Preços Correntes (Mil Reais)";"Marajó";"Muaná";"-";"2013";235348,009
"Economia";"PIB";"Produto Interno Bruto a Preços Correntes (Mil Reais)";"Marajó";"Muaná";"-";"2014";212885,728
"Economia";"PIB";"Produto Interno Bruto a Preços Correntes (Mil Reais)";"Marajó";"Muaná";"-";"2015";232487
"Economia";"PIB";"Produto Interno Bruto a Preços Correntes (Mil Reais)";"Marajó";"Muaná";"-";"2016";233425
"Economia";"PIB";"Produto Interno Bruto a Preços Correntes (Mil Reais)";"Marajó";"Muaná";"-";"2017";259935
"Economia";"PIB";"Produto Interno Bruto a Preços Correntes (Mil Reais)";"Marajó";"Muaná";"-";"2018";257443,542
"Economia";"PIB";"Produto Interno Bruto a Preços Correntes (Mil Reais)";"Marajó";"Muaná";"-";"2019";292577,935
"Economia";"PIB";"Produto Interno Bruto a Preços Correntes (Mil Reais)";"Marajó";"Muaná";"-";"2020";322133,149
"Economia";"PIB";"Produto Interno Bruto a Preços Correntes (Mil Reais)";"Marajó";"Muaná";"-";"2021";338763,85
"Economia";"PIB";"Produto Interno Bruto a Preços Correntes (Mil Reais)";"Rio Capim";"Nova Esperança do Piriá";"-";"2008";51746
"Economia";"PIB";"Produto Interno Bruto a Preços Correntes (Mil Reais)";"Rio Capim";"Nova Esperança do Piriá";"-";"2009";54033
"Economia";"PIB";"Produto Interno Bruto a Preços Correntes (Mil Reais)";"Rio Capim";"Nova Esperança do Piriá";"-";"2010";98465,427
"Economia";"PIB";"Produto Interno Bruto a Preços Correntes (Mil Reais)";"Rio Capim";"Nova Esperança do Piriá";"-";"2011";122438,415
"Economia";"PIB";"Produto Interno Bruto a Preços Correntes (Mil Reais)";"Rio Capim";"Nova Esperança do Piriá";"-";"2012";107024,206
"Economia";"PIB";"Produto Interno Bruto a Preços Correntes (Mil Reais)";"Rio Capim";"Nova Esperança do Piriá";"-";"2013";167053,008
"Economia";"PIB";"Produto Interno Bruto a Preços Correntes (Mil Reais)";"Rio Capim";"Nova Esperança do Piriá";"-";"2014";148127,235
"Economia";"PIB";"Produto Interno Bruto a Preços Correntes (Mil Reais)";"Rio Capim";"Nova Esperança do Piriá";"-";"2015";179038
"Economia";"PIB";"Produto Interno Bruto a Preços Correntes (Mil Reais)";"Rio Capim";"Nova Esperança do Piriá";"-";"2016";181541
"Economia";"PIB";"Produto Interno Bruto a Preços Correntes (Mil Reais)";"Rio Capim";"Nova Esperança do Piriá";"-";"2017";215609
"Economia";"PIB";"Produto Interno Bruto a Preços Correntes (Mil Reais)";"Rio Capim";"Nova Esperança do Piriá";"-";"2018";197887,003
"Economia";"PIB";"Produto Interno Bruto a Preços Correntes (Mil Reais)";"Rio Capim";"Nova Esperança do Piriá";"-";"2019";208329,852
"Economia";"PIB";"Produto Interno Bruto a Preços Correntes (Mil Reais)";"Rio Capim";"Nova Esperança do Piriá";"-";"2020";257345,377
"Economia";"PIB";"Produto Interno Bruto a Preços Correntes (Mil Reais)";"Rio Capim";"Nova Esperança do Piriá";"-";"2021";350841,529
"Economia";"PIB";"Produto Interno Bruto a Preços Correntes (Mil Reais)";"Lago de Tucuruí";"Nova Ipixuna";"-";"2008";37374
"Economia";"PIB";"Produto Interno Bruto a Preços Correntes (Mil Reais)";"Lago de Tucuruí";"Nova Ipixuna";"-";"2009";44804
"Economia";"PIB";"Produto Interno Bruto a Preços Correntes (Mil Reais)";"Lago de Tucuruí";"Nova Ipixuna";"-";"2010";67353,644
"Economia";"PIB";"Produto Interno Bruto a Preços Correntes (Mil Reais)";"Lago de Tucuruí";"Nova Ipixuna";"-";"2011";80353,425
"Economia";"PIB";"Produto Interno Bruto a Preços Correntes (Mil Reais)";"Lago de Tucuruí";"Nova Ipixuna";"-";"2012";94782,273
"Economia";"PIB";"Produto Interno Bruto a Preços Correntes (Mil Reais)";"Lago de Tucuruí";"Nova Ipixuna";"-";"2013";101320,843
"Economia";"PIB";"Produto Interno Bruto a Preços Correntes (Mil Reais)";"Lago de Tucuruí";"Nova Ipixuna";"-";"2014";111438,067
"Economia";"PIB";"Produto Interno Bruto a Preços Correntes (Mil Reais)";"Lago de Tucuruí";"Nova Ipixuna";"-";"2015";133679
"Economia";"PIB";"Produto Interno Bruto a Preços Correntes (Mil Reais)";"Lago de Tucuruí";"Nova Ipixuna";"-";"2016";134878
"Economia";"PIB";"Produto Interno Bruto a Preços Correntes (Mil Reais)";"Lago de Tucuruí";"Nova Ipixuna";"-";"2017";136995
"Economia";"PIB";"Produto Interno Bruto a Preços Correntes (Mil Reais)";"Lago de Tucuruí";"Nova Ipixuna";"-";"2018";136532,74
"Economia";"PIB";"Produto Interno Bruto a Preços Correntes (Mil Reais)";"Lago de Tucuruí";"Nova Ipixuna";"-";"2019";158360,597
"Economia";"PIB";"Produto Interno Bruto a Preços Correntes (Mil Reais)";"Lago de Tucuruí";"Nova Ipixuna";"-";"2020";169151,418
"Economia";"PIB";"Produto Interno Bruto a Preços Correntes (Mil Reais)";"Lago de Tucuruí";"Nova Ipixuna";"-";"2021";192605,498
"Economia";"PIB";"Produto Interno Bruto a Preços Correntes (Mil Reais)";"Rio Caeté";"Nova Timboteua";"-";"2008";143735
"Economia";"PIB";"Produto Interno Bruto a Preços Correntes (Mil Reais)";"Rio Caeté";"Nova Timboteua";"-";"2009";150715
"Economia";"PIB";"Produto Interno Bruto a Preços Correntes (Mil Reais)";"Rio Caeté";"Nova Timboteua";"-";"2010";56295,983
"Economia";"PIB";"Produto Interno Bruto a Preços Correntes (Mil Reais)";"Rio Caeté";"Nova Timboteua";"-";"2011";65563,373
"Economia";"PIB";"Produto Interno Bruto a Preços Correntes (Mil Reais)";"Rio Caeté";"Nova Timboteua";"-";"2012";75151,279
"Economia";"PIB";"Produto Interno Bruto a Preços Correntes (Mil Reais)";"Rio Caeté";"Nova Timboteua";"-";"2013";90210,438
"Economia";"PIB";"Produto Interno Bruto a Preços Correntes (Mil Reais)";"Rio Caeté";"Nova Timboteua";"-";"2014";95586,963
"Economia";"PIB";"Produto Interno Bruto a Preços Correntes (Mil Reais)";"Rio Caeté";"Nova Timboteua";"-";"2015";100631
"Economia";"PIB";"Produto Interno Bruto a Preços Correntes (Mil Reais)";"Rio Caeté";"Nova Timboteua";"-";"2016";114442
"Economia";"PIB";"Produto Interno Bruto a Preços Correntes (Mil Reais)";"Rio Caeté";"Nova Timboteua";"-";"2017";122891
"Economia";"PIB";"Produto Interno Bruto a Preços Correntes (Mil Reais)";"Rio Caeté";"Nova Timboteua";"-";"2018";118686,917
"Economia";"PIB";"Produto Interno Bruto a Preços Correntes (Mil Reais)";"Rio Caeté";"Nova Timboteua";"-";"2019";115805,577
"Economia";"PIB";"Produto Interno Bruto a Preços Correntes (Mil Reais)";"Rio Caeté";"Nova Timboteua";"-";"2020";143695,099
"Economia";"PIB";"Produto Interno Bruto a Preços Correntes (Mil Reais)";"Rio Caeté";"Nova Timboteua";"-";"2021";147490,964
"Economia";"PIB";"Produto Interno Bruto a Preços Correntes (Mil Reais)";"Tapajós";"Novo Progresso";"-";"2008";208101
"Economia";"PIB";"Produto Interno Bruto a Preços Correntes (Mil Reais)";"Tapajós";"Novo Progresso";"-";"2009";238276
"Economia";"PIB";"Produto Interno Bruto a Preços Correntes (Mil Reais)";"Tapajós";"Novo Progresso";"-";"2010";293612,911
"Economia";"PIB";"Produto Interno Bruto a Preços Correntes (Mil Reais)";"Tapajós";"Novo Progresso";"-";"2011";296808,441
"Economia";"PIB";"Produto Interno Bruto a Preços Correntes (Mil Reais)";"Tapajós";"Novo Progresso";"-";"2012";331148,279
"Economia";"PIB";"Produto Interno Bruto a Preços Correntes (Mil Reais)";"Tapajós";"Novo Progresso";"-";"2013";355426,424
"Economia";"PIB";"Produto Interno Bruto a Preços Correntes (Mil Reais)";"Tapajós";"Novo Progresso";"-";"2014";424551,668
"Economia";"PIB";"Produto Interno Bruto a Preços Correntes (Mil Reais)";"Tapajós";"Novo Progresso";"-";"2015";467114
"Economia";"PIB";"Produto Interno Bruto a Preços Correntes (Mil Reais)";"Tapajós";"Novo Progresso";"-";"2016";561084
"Economia";"PIB";"Produto Interno Bruto a Preços Correntes (Mil Reais)";"Tapajós";"Novo Progresso";"-";"2017";608458
"Economia";"PIB";"Produto Interno Bruto a Preços Correntes (Mil Reais)";"Tapajós";"Novo Progresso";"-";"2018";584389,044
"Economia";"PIB";"Produto Interno Bruto a Preços Correntes (Mil Reais)";"Tapajós";"Novo Progresso";"-";"2019";698729,028
"Economia";"PIB";"Produto Interno Bruto a Preços Correntes (Mil Reais)";"Tapajós";"Novo Progresso";"-";"2020";826541,636
"Economia";"PIB";"Produto Interno Bruto a Preços Correntes (Mil Reais)";"Tapajós";"Novo Progresso";"-";"2021";971539,109
"Economia";"PIB";"Produto Interno Bruto a Preços Correntes (Mil Reais)";"Lago de Tucuruí";"Novo Repartimento";"-";"2008";188613
"Economia";"PIB";"Produto Interno Bruto a Preços Correntes (Mil Reais)";"Lago de Tucuruí";"Novo Repartimento";"-";"2009";205563
"Economia";"PIB";"Produto Interno Bruto a Preços Correntes (Mil Reais)";"Lago de Tucuruí";"Novo Repartimento";"-";"2010";347950,987
"Economia";"PIB";"Produto Interno Bruto a Preços Correntes (Mil Reais)";"Lago de Tucuruí";"Novo Repartimento";"-";"2011";410401,964
"Economia";"PIB";"Produto Interno Bruto a Preços Correntes (Mil Reais)";"Lago de Tucuruí";"Novo Repartimento";"-";"2012";506000,973
"Economia";"PIB";"Produto Interno Bruto a Preços Correntes (Mil Reais)";"Lago de Tucuruí";"Novo Repartimento";"-";"2013";592580,125
"Economia";"PIB";"Produto Interno Bruto a Preços Correntes (Mil Reais)";"Lago de Tucuruí";"Novo Repartimento";"-";"2014";657498,487
"Economia";"PIB";"Produto Interno Bruto a Preços Correntes (Mil Reais)";"Lago de Tucuruí";"Novo Repartimento";"-";"2015";736960
"Economia";"PIB";"Produto Interno Bruto a Preços Correntes (Mil Reais)";"Lago de Tucuruí";"Novo Repartimento";"-";"2016";823582
"Economia";"PIB";"Produto Interno Bruto a Preços Correntes (Mil Reais)";"Lago de Tucuruí";"Novo Repartimento";"-";"2017";839946
"Economia";"PIB";"Produto Interno Bruto a Preços Correntes (Mil Reais)";"Lago de Tucuruí";"Novo Repartimento";"-";"2018";853901,053
"Economia";"PIB";"Produto Interno Bruto a Preços Correntes (Mil Reais)";"Lago de Tucuruí";"Novo Repartimento";"-";"2019";831147,356
"Economia";"PIB";"Produto Interno Bruto a Preços Correntes (Mil Reais)";"Lago de Tucuruí";"Novo Repartimento";"-";"2020";939786,171
"Economia";"PIB";"Produto Interno Bruto a Preços Correntes (Mil Reais)";"Lago de Tucuruí";"Novo Repartimento";"-";"2021";1117033,949
"Economia";"PIB";"Produto Interno Bruto a Preços Correntes (Mil Reais)";"Baixo Amazonas";"Óbidos";"-";"2008";73365
"Economia";"PIB";"Produto Interno Bruto a Preços Correntes (Mil Reais)";"Baixo Amazonas";"Óbidos";"-";"2009";89643
"Economia";"PIB";"Produto Interno Bruto a Preços Correntes (Mil Reais)";"Baixo Amazonas";"Óbidos";"-";"2010";363168,529
"Economia";"PIB";"Produto Interno Bruto a Preços Correntes (Mil Reais)";"Baixo Amazonas";"Óbidos";"-";"2011";322745,445
"Economia";"PIB";"Produto Interno Bruto a Preços Correntes (Mil Reais)";"Baixo Amazonas";"Óbidos";"-";"2012";382377,575
"Economia";"PIB";"Produto Interno Bruto a Preços Correntes (Mil Reais)";"Baixo Amazonas";"Óbidos";"-";"2013";522299,712
"Economia";"PIB";"Produto Interno Bruto a Preços Correntes (Mil Reais)";"Baixo Amazonas";"Óbidos";"-";"2014";477444,847
"Economia";"PIB";"Produto Interno Bruto a Preços Correntes (Mil Reais)";"Baixo Amazonas";"Óbidos";"-";"2015";533829
"Economia";"PIB";"Produto Interno Bruto a Preços Correntes (Mil Reais)";"Baixo Amazonas";"Óbidos";"-";"2016";613189
"Economia";"PIB";"Produto Interno Bruto a Preços Correntes (Mil Reais)";"Baixo Amazonas";"Óbidos";"-";"2017";624557
"Economia";"PIB";"Produto Interno Bruto a Preços Correntes (Mil Reais)";"Baixo Amazonas";"Óbidos";"-";"2018";640921,189
"Economia";"PIB";"Produto Interno Bruto a Preços Correntes (Mil Reais)";"Baixo Amazonas";"Óbidos";"-";"2019";977404,537
"Economia";"PIB";"Produto Interno Bruto a Preços Correntes (Mil Reais)";"Baixo Amazonas";"Óbidos";"-";"2020";897155,45
"Economia";"PIB";"Produto Interno Bruto a Preços Correntes (Mil Reais)";"Baixo Amazonas";"Óbidos";"-";"2021";965929,856
"Economia";"PIB";"Produto Interno Bruto a Preços Correntes (Mil Reais)";"Marajó";"Oeiras do Pará";"-";"2008";1170263
"Economia";"PIB";"Produto Interno Bruto a Preços Correntes (Mil Reais)";"Marajó";"Oeiras do Pará";"-";"2009";852133
"Economia";"PIB";"Produto Interno Bruto a Preços Correntes (Mil Reais)";"Marajó";"Oeiras do Pará";"-";"2010";154221,598
"Economia";"PIB";"Produto Interno Bruto a Preços Correntes (Mil Reais)";"Marajó";"Oeiras do Pará";"-";"2011";174596,678
"Economia";"PIB";"Produto Interno Bruto a Preços Correntes (Mil Reais)";"Marajó";"Oeiras do Pará";"-";"2012";213064,709
"Economia";"PIB";"Produto Interno Bruto a Preços Correntes (Mil Reais)";"Marajó";"Oeiras do Pará";"-";"2013";286545,745
"Economia";"PIB";"Produto Interno Bruto a Preços Correntes (Mil Reais)";"Marajó";"Oeiras do Pará";"-";"2014";285440,713
"Economia";"PIB";"Produto Interno Bruto a Preços Correntes (Mil Reais)";"Marajó";"Oeiras do Pará";"-";"2015";359088
"Economia";"PIB";"Produto Interno Bruto a Preços Correntes (Mil Reais)";"Marajó";"Oeiras do Pará";"-";"2016";491096
"Economia";"PIB";"Produto Interno Bruto a Preços Correntes (Mil Reais)";"Marajó";"Oeiras do Pará";"-";"2017";431765
"Economia";"PIB";"Produto Interno Bruto a Preços Correntes (Mil Reais)";"Marajó";"Oeiras do Pará";"-";"2018";388391,902
"Economia";"PIB";"Produto Interno Bruto a Preços Correntes (Mil Reais)";"Marajó";"Oeiras do Pará";"-";"2019";365938,26
"Economia";"PIB";"Produto Interno Bruto a Preços Correntes (Mil Reais)";"Marajó";"Oeiras do Pará";"-";"2020";441526,901
"Economia";"PIB";"Produto Interno Bruto a Preços Correntes (Mil Reais)";"Marajó";"Oeiras do Pará";"-";"2021";419076,519
"Economia";"PIB";"Produto Interno Bruto a Preços Correntes (Mil Reais)";"Baixo Amazonas";"Oriximiná";"-";"2008";44279
"Economia";"PIB";"Produto Interno Bruto a Preços Correntes (Mil Reais)";"Baixo Amazonas";"Oriximiná";"-";"2009";49296
"Economia";"PIB";"Produto Interno Bruto a Preços Correntes (Mil Reais)";"Baixo Amazonas";"Oriximiná";"-";"2010";1635545,137
"Economia";"PIB";"Produto Interno Bruto a Preços Correntes (Mil Reais)";"Baixo Amazonas";"Oriximiná";"-";"2011";1630765,265
"Economia";"PIB";"Produto Interno Bruto a Preços Correntes (Mil Reais)";"Baixo Amazonas";"Oriximiná";"-";"2012";1264242,006
"Economia";"PIB";"Produto Interno Bruto a Preços Correntes (Mil Reais)";"Baixo Amazonas";"Oriximiná";"-";"2013";1524676,752
"Economia";"PIB";"Produto Interno Bruto a Preços Correntes (Mil Reais)";"Baixo Amazonas";"Oriximiná";"-";"2014";1409484,533
"Economia";"PIB";"Produto Interno Bruto a Preços Correntes (Mil Reais)";"Baixo Amazonas";"Oriximiná";"-";"2015";1722278
"Economia";"PIB";"Produto Interno Bruto a Preços Correntes (Mil Reais)";"Baixo Amazonas";"Oriximiná";"-";"2016";1814316
"Economia";"PIB";"Produto Interno Bruto a Preços Correntes (Mil Reais)";"Baixo Amazonas";"Oriximiná";"-";"2017";1701190
"Economia";"PIB";"Produto Interno Bruto a Preços Correntes (Mil Reais)";"Baixo Amazonas";"Oriximiná";"-";"2018";1626475,274
"Economia";"PIB";"Produto Interno Bruto a Preços Correntes (Mil Reais)";"Baixo Amazonas";"Oriximiná";"-";"2019";2085533,82
"Economia";"PIB";"Produto Interno Bruto a Preços Correntes (Mil Reais)";"Baixo Amazonas";"Oriximiná";"-";"2020";2503140,852
"Economia";"PIB";"Produto Interno Bruto a Preços Correntes (Mil Reais)";"Baixo Amazonas";"Oriximiná";"-";"2021";2278575,408
"Economia";"PIB";"Produto Interno Bruto a Preços Correntes (Mil Reais)";"Rio Capim";"Ourém";"-";"2008";234720
"Economia";"PIB";"Produto Interno Bruto a Preços Correntes (Mil Reais)";"Rio Capim";"Ourém";"-";"2009";217923
"Economia";"PIB";"Produto Interno Bruto a Preços Correntes (Mil Reais)";"Rio Capim";"Ourém";"-";"2010";90156,01
"Economia";"PIB";"Produto Interno Bruto a Preços Correntes (Mil Reais)";"Rio Capim";"Ourém";"-";"2011";101727,186
"Economia";"PIB";"Produto Interno Bruto a Preços Correntes (Mil Reais)";"Rio Capim";"Ourém";"-";"2012";113212,539
"Economia";"PIB";"Produto Interno Bruto a Preços Correntes (Mil Reais)";"Rio Capim";"Ourém";"-";"2013";159882,388
"Economia";"PIB";"Produto Interno Bruto a Preços Correntes (Mil Reais)";"Rio Capim";"Ourém";"-";"2014";151519,938
"Economia";"PIB";"Produto Interno Bruto a Preços Correntes (Mil Reais)";"Rio Capim";"Ourém";"-";"2015";156196
"Economia";"PIB";"Produto Interno Bruto a Preços Correntes (Mil Reais)";"Rio Capim";"Ourém";"-";"2016";176918
"Economia";"PIB";"Produto Interno Bruto a Preços Correntes (Mil Reais)";"Rio Capim";"Ourém";"-";"2017";187883
"Economia";"PIB";"Produto Interno Bruto a Preços Correntes (Mil Reais)";"Rio Capim";"Ourém";"-";"2018";169095,179
"Economia";"PIB";"Produto Interno Bruto a Preços Correntes (Mil Reais)";"Rio Capim";"Ourém";"-";"2019";174934,598
"Economia";"PIB";"Produto Interno Bruto a Preços Correntes (Mil Reais)";"Rio Capim";"Ourém";"-";"2020";203272,491
"Economia";"PIB";"Produto Interno Bruto a Preços Correntes (Mil Reais)";"Rio Capim";"Ourém";"-";"2021";200628,505
"Economia";"PIB";"Produto Interno Bruto a Preços Correntes (Mil Reais)";"Araguaia";"Ourilândia do Norte";"-";"2008";148959
"Economia";"PIB";"Produto Interno Bruto a Preços Correntes (Mil Reais)";"Araguaia";"Ourilândia do Norte";"-";"2009";158525
"Economia";"PIB";"Produto Interno Bruto a Preços Correntes (Mil Reais)";"Araguaia";"Ourilândia do Norte";"-";"2010";326028,765
"Economia";"PIB";"Produto Interno Bruto a Preços Correntes (Mil Reais)";"Araguaia";"Ourilândia do Norte";"-";"2011";482895,252
"Economia";"PIB";"Produto Interno Bruto a Preços Correntes (Mil Reais)";"Araguaia";"Ourilândia do Norte";"-";"2012";479963,757
"Economia";"PIB";"Produto Interno Bruto a Preços Correntes (Mil Reais)";"Araguaia";"Ourilândia do Norte";"-";"2013";431089,554
"Economia";"PIB";"Produto Interno Bruto a Preços Correntes (Mil Reais)";"Araguaia";"Ourilândia do Norte";"-";"2014";819443,411
"Economia";"PIB";"Produto Interno Bruto a Preços Correntes (Mil Reais)";"Araguaia";"Ourilândia do Norte";"-";"2015";504260
"Economia";"PIB";"Produto Interno Bruto a Preços Correntes (Mil Reais)";"Araguaia";"Ourilândia do Norte";"-";"2016";542320
"Economia";"PIB";"Produto Interno Bruto a Preços Correntes (Mil Reais)";"Araguaia";"Ourilândia do Norte";"-";"2017";540548
"Economia";"PIB";"Produto Interno Bruto a Preços Correntes (Mil Reais)";"Araguaia";"Ourilândia do Norte";"-";"2018";610583,447
"Economia";"PIB";"Produto Interno Bruto a Preços Correntes (Mil Reais)";"Araguaia";"Ourilândia do Norte";"-";"2019";634512,141
"Economia";"PIB";"Produto Interno Bruto a Preços Correntes (Mil Reais)";"Araguaia";"Ourilândia do Norte";"-";"2020";775454,277
"Economia";"PIB";"Produto Interno Bruto a Preços Correntes (Mil Reais)";"Araguaia";"Ourilândia do Norte";"-";"2021";1302429,284
"Economia";"PIB";"Produto Interno Bruto a Preços Correntes (Mil Reais)";"Xingu";"Pacajá";"-";"2008";27762
"Economia";"PIB";"Produto Interno Bruto a Preços Correntes (Mil Reais)";"Xingu";"Pacajá";"-";"2009";30276
"Economia";"PIB";"Produto Interno Bruto a Preços Correntes (Mil Reais)";"Xingu";"Pacajá";"-";"2010";224947,177
"Economia";"PIB";"Produto Interno Bruto a Preços Correntes (Mil Reais)";"Xingu";"Pacajá";"-";"2011";264384,211
"Economia";"PIB";"Produto Interno Bruto a Preços Correntes (Mil Reais)";"Xingu";"Pacajá";"-";"2012";326519,012
"Economia";"PIB";"Produto Interno Bruto a Preços Correntes (Mil Reais)";"Xingu";"Pacajá";"-";"2013";341268,832
"Economia";"PIB";"Produto Interno Bruto a Preços Correntes (Mil Reais)";"Xingu";"Pacajá";"-";"2014";378512,736
"Economia";"PIB";"Produto Interno Bruto a Preços Correntes (Mil Reais)";"Xingu";"Pacajá";"-";"2015";433942
"Economia";"PIB";"Produto Interno Bruto a Preços Correntes (Mil Reais)";"Xingu";"Pacajá";"-";"2016";510233
"Economia";"PIB";"Produto Interno Bruto a Preços Correntes (Mil Reais)";"Xingu";"Pacajá";"-";"2017";580576
"Economia";"PIB";"Produto Interno Bruto a Preços Correntes (Mil Reais)";"Xingu";"Pacajá";"-";"2018";595518,731
"Economia";"PIB";"Produto Interno Bruto a Preços Correntes (Mil Reais)";"Xingu";"Pacajá";"-";"2019";677085,643
"Economia";"PIB";"Produto Interno Bruto a Preços Correntes (Mil Reais)";"Xingu";"Pacajá";"-";"2020";723358,636
"Economia";"PIB";"Produto Interno Bruto a Preços Correntes (Mil Reais)";"Xingu";"Pacajá";"-";"2021";867605,169
"Economia";"PIB";"Produto Interno Bruto a Preços Correntes (Mil Reais)";"Carajás";"Palestina do Pará";"-";"2008";851623
"Economia";"PIB";"Produto Interno Bruto a Preços Correntes (Mil Reais)";"Carajás";"Palestina do Pará";"-";"2009";881230
"Economia";"PIB";"Produto Interno Bruto a Preços Correntes (Mil Reais)";"Carajás";"Palestina do Pará";"-";"2010";36046,261
"Economia";"PIB";"Produto Interno Bruto a Preços Correntes (Mil Reais)";"Carajás";"Palestina do Pará";"-";"2011";40192,301
"Economia";"PIB";"Produto Interno Bruto a Preços Correntes (Mil Reais)";"Carajás";"Palestina do Pará";"-";"2012";39353,324
"Economia";"PIB";"Produto Interno Bruto a Preços Correntes (Mil Reais)";"Carajás";"Palestina do Pará";"-";"2013";46089,348
"Economia";"PIB";"Produto Interno Bruto a Preços Correntes (Mil Reais)";"Carajás";"Palestina do Pará";"-";"2014";47595,499
"Economia";"PIB";"Produto Interno Bruto a Preços Correntes (Mil Reais)";"Carajás";"Palestina do Pará";"-";"2015";53301
"Economia";"PIB";"Produto Interno Bruto a Preços Correntes (Mil Reais)";"Carajás";"Palestina do Pará";"-";"2016";63936
"Economia";"PIB";"Produto Interno Bruto a Preços Correntes (Mil Reais)";"Carajás";"Palestina do Pará";"-";"2017";66032
"Economia";"PIB";"Produto Interno Bruto a Preços Correntes (Mil Reais)";"Carajás";"Palestina do Pará";"-";"2018";65451,742
"Economia";"PIB";"Produto Interno Bruto a Preços Correntes (Mil Reais)";"Carajás";"Palestina do Pará";"-";"2019";72213,099
"Economia";"PIB";"Produto Interno Bruto a Preços Correntes (Mil Reais)";"Carajás";"Palestina do Pará";"-";"2020";82964,151
"Economia";"PIB";"Produto Interno Bruto a Preços Correntes (Mil Reais)";"Carajás";"Palestina do Pará";"-";"2021";98768,862
"Economia";"PIB";"Produto Interno Bruto a Preços Correntes (Mil Reais)";"Rio Capim";"Paragominas";"-";"2008";6568760
"Economia";"PIB";"Produto Interno Bruto a Preços Correntes (Mil Reais)";"Rio Capim";"Paragominas";"-";"2009";5634291
"Economia";"PIB";"Produto Interno Bruto a Preços Correntes (Mil Reais)";"Rio Capim";"Paragominas";"-";"2010";1427238,665
"Economia";"PIB";"Produto Interno Bruto a Preços Correntes (Mil Reais)";"Rio Capim";"Paragominas";"-";"2011";1685588,381
"Economia";"PIB";"Produto Interno Bruto a Preços Correntes (Mil Reais)";"Rio Capim";"Paragominas";"-";"2012";1709395,976
"Economia";"PIB";"Produto Interno Bruto a Preços Correntes (Mil Reais)";"Rio Capim";"Paragominas";"-";"2013";1749019,813
"Economia";"PIB";"Produto Interno Bruto a Preços Correntes (Mil Reais)";"Rio Capim";"Paragominas";"-";"2014";2019304,722
"Economia";"PIB";"Produto Interno Bruto a Preços Correntes (Mil Reais)";"Rio Capim";"Paragominas";"-";"2015";2394332
"Economia";"PIB";"Produto Interno Bruto a Preços Correntes (Mil Reais)";"Rio Capim";"Paragominas";"-";"2016";2667465
"Economia";"PIB";"Produto Interno Bruto a Preços Correntes (Mil Reais)";"Rio Capim";"Paragominas";"-";"2017";2950442
"Economia";"PIB";"Produto Interno Bruto a Preços Correntes (Mil Reais)";"Rio Capim";"Paragominas";"-";"2018";2646844,969
"Economia";"PIB";"Produto Interno Bruto a Preços Correntes (Mil Reais)";"Rio Capim";"Paragominas";"-";"2019";3132988,627
"Economia";"PIB";"Produto Interno Bruto a Preços Correntes (Mil Reais)";"Rio Capim";"Paragominas";"-";"2020";3777292,01
"Economia";"PIB";"Produto Interno Bruto a Preços Correntes (Mil Reais)";"Rio Capim";"Paragominas";"-";"2021";4280508,364
"Economia";"PIB";"Produto Interno Bruto a Preços Correntes (Mil Reais)";"Carajás";"Parauapebas";"-";"2008";34376
"Economia";"PIB";"Produto Interno Bruto a Preços Correntes (Mil Reais)";"Carajás";"Parauapebas";"-";"2009";36431
"Economia";"PIB";"Produto Interno Bruto a Preços Correntes (Mil Reais)";"Carajás";"Parauapebas";"-";"2010";14985169,892
"Economia";"PIB";"Produto Interno Bruto a Preços Correntes (Mil Reais)";"Carajás";"Parauapebas";"-";"2011";21013984,08
"Economia";"PIB";"Produto Interno Bruto a Preços Correntes (Mil Reais)";"Carajás";"Parauapebas";"-";"2012";19080395,43
"Economia";"PIB";"Produto Interno Bruto a Preços Correntes (Mil Reais)";"Carajás";"Parauapebas";"-";"2013";20198714,85
"Economia";"PIB";"Produto Interno Bruto a Preços Correntes (Mil Reais)";"Carajás";"Parauapebas";"-";"2014";15561712,575
"Economia";"PIB";"Produto Interno Bruto a Preços Correntes (Mil Reais)";"Carajás";"Parauapebas";"-";"2015";11184354
"Economia";"PIB";"Produto Interno Bruto a Preços Correntes (Mil Reais)";"Carajás";"Parauapebas";"-";"2016";12645409
"Economia";"PIB";"Produto Interno Bruto a Preços Correntes (Mil Reais)";"Carajás";"Parauapebas";"-";"2017";18439322
"Economia";"PIB";"Produto Interno Bruto a Preços Correntes (Mil Reais)";"Carajás";"Parauapebas";"-";"2018";15994405,419
"Economia";"PIB";"Produto Interno Bruto a Preços Correntes (Mil Reais)";"Carajás";"Parauapebas";"-";"2019";23001043,093
"Economia";"PIB";"Produto Interno Bruto a Preços Correntes (Mil Reais)";"Carajás";"Parauapebas";"-";"2020";38014863,23
"Economia";"PIB";"Produto Interno Bruto a Preços Correntes (Mil Reais)";"Carajás";"Parauapebas";"-";"2021";49763039,614
"Economia";"PIB";"Produto Interno Bruto a Preços Correntes (Mil Reais)";"Araguaia";"Pau D'Arco";"-";"2008";20487
"Economia";"PIB";"Produto Interno Bruto a Preços Correntes (Mil Reais)";"Araguaia";"Pau D'Arco";"-";"2009";23855
"Economia";"PIB";"Produto Interno Bruto a Preços Correntes (Mil Reais)";"Araguaia";"Pau D'Arco";"-";"2010";42532,201
"Economia";"PIB";"Produto Interno Bruto a Preços Correntes (Mil Reais)";"Araguaia";"Pau D'Arco";"-";"2011";50700,048
"Economia";"PIB";"Produto Interno Bruto a Preços Correntes (Mil Reais)";"Araguaia";"Pau D'Arco";"-";"2012";47364,569
"Economia";"PIB";"Produto Interno Bruto a Preços Correntes (Mil Reais)";"Araguaia";"Pau D'Arco";"-";"2013";53561,817
"Economia";"PIB";"Produto Interno Bruto a Preços Correntes (Mil Reais)";"Araguaia";"Pau D'Arco";"-";"2014";58159,292
"Economia";"PIB";"Produto Interno Bruto a Preços Correntes (Mil Reais)";"Araguaia";"Pau D'Arco";"-";"2015";73398
"Economia";"PIB";"Produto Interno Bruto a Preços Correntes (Mil Reais)";"Araguaia";"Pau D'Arco";"-";"2016";86909
"Economia";"PIB";"Produto Interno Bruto a Preços Correntes (Mil Reais)";"Araguaia";"Pau D'Arco";"-";"2017";74387
"Economia";"PIB";"Produto Interno Bruto a Preços Correntes (Mil Reais)";"Araguaia";"Pau D'Arco";"-";"2018";87951,03
"Economia";"PIB";"Produto Interno Bruto a Preços Correntes (Mil Reais)";"Araguaia";"Pau D'Arco";"-";"2019";88908,591
"Economia";"PIB";"Produto Interno Bruto a Preços Correntes (Mil Reais)";"Araguaia";"Pau D'Arco";"-";"2020";97363,296
"Economia";"PIB";"Produto Interno Bruto a Preços Correntes (Mil Reais)";"Araguaia";"Pau D'Arco";"-";"2021";114869,818
"Economia";"PIB";"Produto Interno Bruto a Preços Correntes (Mil Reais)";"Rio Caeté";"Peixe-Boi";"-";"2008";74048
"Economia";"PIB";"Produto Interno Bruto a Preços Correntes (Mil Reais)";"Rio Caeté";"Peixe-Boi";"-";"2009";76980
"Economia";"PIB";"Produto Interno Bruto a Preços Correntes (Mil Reais)";"Rio Caeté";"Peixe-Boi";"-";"2010";28106,12
"Economia";"PIB";"Produto Interno Bruto a Preços Correntes (Mil Reais)";"Rio Caeté";"Peixe-Boi";"-";"2011";32750,496
"Economia";"PIB";"Produto Interno Bruto a Preços Correntes (Mil Reais)";"Rio Caeté";"Peixe-Boi";"-";"2012";37343,332
"Economia";"PIB";"Produto Interno Bruto a Preços Correntes (Mil Reais)";"Rio Caeté";"Peixe-Boi";"-";"2013";64774,928
"Economia";"PIB";"Produto Interno Bruto a Preços Correntes (Mil Reais)";"Rio Caeté";"Peixe-Boi";"-";"2014";41752,568
"Economia";"PIB";"Produto Interno Bruto a Preços Correntes (Mil Reais)";"Rio Caeté";"Peixe-Boi";"-";"2015";48552
"Economia";"PIB";"Produto Interno Bruto a Preços Correntes (Mil Reais)";"Rio Caeté";"Peixe-Boi";"-";"2016";60462
"Economia";"PIB";"Produto Interno Bruto a Preços Correntes (Mil Reais)";"Rio Caeté";"Peixe-Boi";"-";"2017";52915
"Economia";"PIB";"Produto Interno Bruto a Preços Correntes (Mil Reais)";"Rio Caeté";"Peixe-Boi";"-";"2018";55061,122
"Economia";"PIB";"Produto Interno Bruto a Preços Correntes (Mil Reais)";"Rio Caeté";"Peixe-Boi";"-";"2019";53683,189
"Economia";"PIB";"Produto Interno Bruto a Preços Correntes (Mil Reais)";"Rio Caeté";"Peixe-Boi";"-";"2020";65722,764
"Economia";"PIB";"Produto Interno Bruto a Preços Correntes (Mil Reais)";"Rio Caeté";"Peixe-Boi";"-";"2021";72327,031
"Economia";"PIB";"Produto Interno Bruto a Preços Correntes (Mil Reais)";"Carajás";"Piçarra";"-";"2008";54531
"Economia";"PIB";"Produto Interno Bruto a Preços Correntes (Mil Reais)";"Carajás";"Piçarra";"-";"2009";63547
"Economia";"PIB";"Produto Interno Bruto a Preços Correntes (Mil Reais)";"Carajás";"Piçarra";"-";"2010";89211,266
"Economia";"PIB";"Produto Interno Bruto a Preços Correntes (Mil Reais)";"Carajás";"Piçarra";"-";"2011";104968,734
"Economia";"PIB";"Produto Interno Bruto a Preços Correntes (Mil Reais)";"Carajás";"Piçarra";"-";"2012";115553,25
"Economia";"PIB";"Produto Interno Bruto a Preços Correntes (Mil Reais)";"Carajás";"Piçarra";"-";"2013";137233,653
"Economia";"PIB";"Produto Interno Bruto a Preços Correntes (Mil Reais)";"Carajás";"Piçarra";"-";"2014";155514,126
"Economia";"PIB";"Produto Interno Bruto a Preços Correntes (Mil Reais)";"Carajás";"Piçarra";"-";"2015";180801
"Economia";"PIB";"Produto Interno Bruto a Preços Correntes (Mil Reais)";"Carajás";"Piçarra";"-";"2016";200705
"Economia";"PIB";"Produto Interno Bruto a Preços Correntes (Mil Reais)";"Carajás";"Piçarra";"-";"2017";200788
"Economia";"PIB";"Produto Interno Bruto a Preços Correntes (Mil Reais)";"Carajás";"Piçarra";"-";"2018";235130,888
"Economia";"PIB";"Produto Interno Bruto a Preços Correntes (Mil Reais)";"Carajás";"Piçarra";"-";"2019";211877,741
"Economia";"PIB";"Produto Interno Bruto a Preços Correntes (Mil Reais)";"Carajás";"Piçarra";"-";"2020";274686,816
"Economia";"PIB";"Produto Interno Bruto a Preços Correntes (Mil Reais)";"Carajás";"Piçarra";"-";"2021";292754,579
"Economia";"PIB";"Produto Interno Bruto a Preços Correntes (Mil Reais)";"Xingu";"Placas";"-";"2008";67106
"Economia";"PIB";"Produto Interno Bruto a Preços Correntes (Mil Reais)";"Xingu";"Placas";"-";"2009";76132
"Economia";"PIB";"Produto Interno Bruto a Preços Correntes (Mil Reais)";"Xingu";"Placas";"-";"2010";111569,851
"Economia";"PIB";"Produto Interno Bruto a Preços Correntes (Mil Reais)";"Xingu";"Placas";"-";"2011";123707,518
"Economia";"PIB";"Produto Interno Bruto a Preços Correntes (Mil Reais)";"Xingu";"Placas";"-";"2012";130997,141
"Economia";"PIB";"Produto Interno Bruto a Preços Correntes (Mil Reais)";"Xingu";"Placas";"-";"2013";160849,544
"Economia";"PIB";"Produto Interno Bruto a Preços Correntes (Mil Reais)";"Xingu";"Placas";"-";"2014";221669,703
"Economia";"PIB";"Produto Interno Bruto a Preços Correntes (Mil Reais)";"Xingu";"Placas";"-";"2015";235473
"Economia";"PIB";"Produto Interno Bruto a Preços Correntes (Mil Reais)";"Xingu";"Placas";"-";"2016";260906
"Economia";"PIB";"Produto Interno Bruto a Preços Correntes (Mil Reais)";"Xingu";"Placas";"-";"2017";255862
"Economia";"PIB";"Produto Interno Bruto a Preços Correntes (Mil Reais)";"Xingu";"Placas";"-";"2018";245415,438
"Economia";"PIB";"Produto Interno Bruto a Preços Correntes (Mil Reais)";"Xingu";"Placas";"-";"2019";258527,701
"Economia";"PIB";"Produto Interno Bruto a Preços Correntes (Mil Reais)";"Xingu";"Placas";"-";"2020";309018,317
"Economia";"PIB";"Produto Interno Bruto a Preços Correntes (Mil Reais)";"Xingu";"Placas";"-";"2021";323262,678
"Economia";"PIB";"Produto Interno Bruto a Preços Correntes (Mil Reais)";"Marajó";"Ponta de Pedras";"-";"2008";154690
"Economia";"PIB";"Produto Interno Bruto a Preços Correntes (Mil Reais)";"Marajó";"Ponta de Pedras";"-";"2009";167048
"Economia";"PIB";"Produto Interno Bruto a Preços Correntes (Mil Reais)";"Marajó";"Ponta de Pedras";"-";"2010";111425,832
"Economia";"PIB";"Produto Interno Bruto a Preços Correntes (Mil Reais)";"Marajó";"Ponta de Pedras";"-";"2011";131979,603
"Economia";"PIB";"Produto Interno Bruto a Preços Correntes (Mil Reais)";"Marajó";"Ponta de Pedras";"-";"2012";141115,67
"Economia";"PIB";"Produto Interno Bruto a Preços Correntes (Mil Reais)";"Marajó";"Ponta de Pedras";"-";"2013";152435,942
"Economia";"PIB";"Produto Interno Bruto a Preços Correntes (Mil Reais)";"Marajó";"Ponta de Pedras";"-";"2014";164938,598
"Economia";"PIB";"Produto Interno Bruto a Preços Correntes (Mil Reais)";"Marajó";"Ponta de Pedras";"-";"2015";187380
"Economia";"PIB";"Produto Interno Bruto a Preços Correntes (Mil Reais)";"Marajó";"Ponta de Pedras";"-";"2016";208199
"Economia";"PIB";"Produto Interno Bruto a Preços Correntes (Mil Reais)";"Marajó";"Ponta de Pedras";"-";"2017";212571
"Economia";"PIB";"Produto Interno Bruto a Preços Correntes (Mil Reais)";"Marajó";"Ponta de Pedras";"-";"2018";212006,383
"Economia";"PIB";"Produto Interno Bruto a Preços Correntes (Mil Reais)";"Marajó";"Ponta de Pedras";"-";"2019";221525,87
"Economia";"PIB";"Produto Interno Bruto a Preços Correntes (Mil Reais)";"Marajó";"Ponta de Pedras";"-";"2020";246851,46
"Economia";"PIB";"Produto Interno Bruto a Preços Correntes (Mil Reais)";"Marajó";"Ponta de Pedras";"-";"2021";275229,855
"Economia";"PIB";"Produto Interno Bruto a Preços Correntes (Mil Reais)";"Marajó";"Portel";"-";"2008";75225
"Economia";"PIB";"Produto Interno Bruto a Preços Correntes (Mil Reais)";"Marajó";"Portel";"-";"2009";76267
"Economia";"PIB";"Produto Interno Bruto a Preços Correntes (Mil Reais)";"Marajó";"Portel";"-";"2010";264771,529
"Economia";"PIB";"Produto Interno Bruto a Preços Correntes (Mil Reais)";"Marajó";"Portel";"-";"2011";290363,559
"Economia";"PIB";"Produto Interno Bruto a Preços Correntes (Mil Reais)";"Marajó";"Portel";"-";"2012";378911,487
"Economia";"PIB";"Produto Interno Bruto a Preços Correntes (Mil Reais)";"Marajó";"Portel";"-";"2013";456736,14
"Economia";"PIB";"Produto Interno Bruto a Preços Correntes (Mil Reais)";"Marajó";"Portel";"-";"2014";439884,741
"Economia";"PIB";"Produto Interno Bruto a Preços Correntes (Mil Reais)";"Marajó";"Portel";"-";"2015";446246
"Economia";"PIB";"Produto Interno Bruto a Preços Correntes (Mil Reais)";"Marajó";"Portel";"-";"2016";682972
"Economia";"PIB";"Produto Interno Bruto a Preços Correntes (Mil Reais)";"Marajó";"Portel";"-";"2017";648015
"Economia";"PIB";"Produto Interno Bruto a Preços Correntes (Mil Reais)";"Marajó";"Portel";"-";"2018";893428,491
"Economia";"PIB";"Produto Interno Bruto a Preços Correntes (Mil Reais)";"Marajó";"Portel";"-";"2019";785876,369
"Economia";"PIB";"Produto Interno Bruto a Preços Correntes (Mil Reais)";"Marajó";"Portel";"-";"2020";880348,197
"Economia";"PIB";"Produto Interno Bruto a Preços Correntes (Mil Reais)";"Marajó";"Portel";"-";"2021";945733,128
"Economia";"PIB";"Produto Interno Bruto a Preços Correntes (Mil Reais)";"Xingu";"Porto de Moz";"-";"2008";93069
"Economia";"PIB";"Produto Interno Bruto a Preços Correntes (Mil Reais)";"Xingu";"Porto de Moz";"-";"2009";109412
"Economia";"PIB";"Produto Interno Bruto a Preços Correntes (Mil Reais)";"Xingu";"Porto de Moz";"-";"2010";131392,385
"Economia";"PIB";"Produto Interno Bruto a Preços Correntes (Mil Reais)";"Xingu";"Porto de Moz";"-";"2011";159876,157
"Economia";"PIB";"Produto Interno Bruto a Preços Correntes (Mil Reais)";"Xingu";"Porto de Moz";"-";"2012";178847,795
"Economia";"PIB";"Produto Interno Bruto a Preços Correntes (Mil Reais)";"Xingu";"Porto de Moz";"-";"2013";226304,223
"Economia";"PIB";"Produto Interno Bruto a Preços Correntes (Mil Reais)";"Xingu";"Porto de Moz";"-";"2014";202863,584
"Economia";"PIB";"Produto Interno Bruto a Preços Correntes (Mil Reais)";"Xingu";"Porto de Moz";"-";"2015";218556
"Economia";"PIB";"Produto Interno Bruto a Preços Correntes (Mil Reais)";"Xingu";"Porto de Moz";"-";"2016";240017
"Economia";"PIB";"Produto Interno Bruto a Preços Correntes (Mil Reais)";"Xingu";"Porto de Moz";"-";"2017";295945
"Economia";"PIB";"Produto Interno Bruto a Preços Correntes (Mil Reais)";"Xingu";"Porto de Moz";"-";"2018";309825,965
"Economia";"PIB";"Produto Interno Bruto a Preços Correntes (Mil Reais)";"Xingu";"Porto de Moz";"-";"2019";321164,727
"Economia";"PIB";"Produto Interno Bruto a Preços Correntes (Mil Reais)";"Xingu";"Porto de Moz";"-";"2020";348459,103
"Economia";"PIB";"Produto Interno Bruto a Preços Correntes (Mil Reais)";"Xingu";"Porto de Moz";"-";"2021";404676,632
"Economia";"PIB";"Produto Interno Bruto a Preços Correntes (Mil Reais)";"Baixo Amazonas";"Prainha";"-";"2008";24181
"Economia";"PIB";"Produto Interno Bruto a Preços Correntes (Mil Reais)";"Baixo Amazonas";"Prainha";"-";"2009";31401
"Economia";"PIB";"Produto Interno Bruto a Preços Correntes (Mil Reais)";"Baixo Amazonas";"Prainha";"-";"2010";141500,738
"Economia";"PIB";"Produto Interno Bruto a Preços Correntes (Mil Reais)";"Baixo Amazonas";"Prainha";"-";"2011";159561,81
"Economia";"PIB";"Produto Interno Bruto a Preços Correntes (Mil Reais)";"Baixo Amazonas";"Prainha";"-";"2012";197161,045
"Economia";"PIB";"Produto Interno Bruto a Preços Correntes (Mil Reais)";"Baixo Amazonas";"Prainha";"-";"2013";229099,889
"Economia";"PIB";"Produto Interno Bruto a Preços Correntes (Mil Reais)";"Baixo Amazonas";"Prainha";"-";"2014";218862,519
"Economia";"PIB";"Produto Interno Bruto a Preços Correntes (Mil Reais)";"Baixo Amazonas";"Prainha";"-";"2015";226131
"Economia";"PIB";"Produto Interno Bruto a Preços Correntes (Mil Reais)";"Baixo Amazonas";"Prainha";"-";"2016";275833
"Economia";"PIB";"Produto Interno Bruto a Preços Correntes (Mil Reais)";"Baixo Amazonas";"Prainha";"-";"2017";302521
"Economia";"PIB";"Produto Interno Bruto a Preços Correntes (Mil Reais)";"Baixo Amazonas";"Prainha";"-";"2018";288609,779
"Economia";"PIB";"Produto Interno Bruto a Preços Correntes (Mil Reais)";"Baixo Amazonas";"Prainha";"-";"2019";295872,208
"Economia";"PIB";"Produto Interno Bruto a Preços Correntes (Mil Reais)";"Baixo Amazonas";"Prainha";"-";"2020";342530,715
"Economia";"PIB";"Produto Interno Bruto a Preços Correntes (Mil Reais)";"Baixo Amazonas";"Prainha";"-";"2021";442969,465
"Economia";"PIB";"Produto Interno Bruto a Preços Correntes (Mil Reais)";"Rio Caeté";"Primavera";"-";"2008";43174
"Economia";"PIB";"Produto Interno Bruto a Preços Correntes (Mil Reais)";"Rio Caeté";"Primavera";"-";"2009";47859
"Economia";"PIB";"Produto Interno Bruto a Preços Correntes (Mil Reais)";"Rio Caeté";"Primavera";"-";"2010";34878,707
"Economia";"PIB";"Produto Interno Bruto a Preços Correntes (Mil Reais)";"Rio Caeté";"Primavera";"-";"2011";39316,877
"Economia";"PIB";"Produto Interno Bruto a Preços Correntes (Mil Reais)";"Rio Caeté";"Primavera";"-";"2012";44135,108
"Economia";"PIB";"Produto Interno Bruto a Preços Correntes (Mil Reais)";"Rio Caeté";"Primavera";"-";"2013";70679,512
"Economia";"PIB";"Produto Interno Bruto a Preços Correntes (Mil Reais)";"Rio Caeté";"Primavera";"-";"2014";63930,336
"Economia";"PIB";"Produto Interno Bruto a Preços Correntes (Mil Reais)";"Rio Caeté";"Primavera";"-";"2015";81542
"Economia";"PIB";"Produto Interno Bruto a Preços Correntes (Mil Reais)";"Rio Caeté";"Primavera";"-";"2016";120321
"Economia";"PIB";"Produto Interno Bruto a Preços Correntes (Mil Reais)";"Rio Caeté";"Primavera";"-";"2017";149269
"Economia";"PIB";"Produto Interno Bruto a Preços Correntes (Mil Reais)";"Rio Caeté";"Primavera";"-";"2018";198940,526
"Economia";"PIB";"Produto Interno Bruto a Preços Correntes (Mil Reais)";"Rio Caeté";"Primavera";"-";"2019";236992,485
"Economia";"PIB";"Produto Interno Bruto a Preços Correntes (Mil Reais)";"Rio Caeté";"Primavera";"-";"2020";295647,835
"Economia";"PIB";"Produto Interno Bruto a Preços Correntes (Mil Reais)";"Rio Caeté";"Primavera";"-";"2021";321726,054
"Economia";"PIB";"Produto Interno Bruto a Preços Correntes (Mil Reais)";"Rio Caeté";"Quatipuru";"-";"2008";552216
"Economia";"PIB";"Produto Interno Bruto a Preços Correntes (Mil Reais)";"Rio Caeté";"Quatipuru";"-";"2009";576458
"Economia";"PIB";"Produto Interno Bruto a Preços Correntes (Mil Reais)";"Rio Caeté";"Quatipuru";"-";"2010";43000,234
"Economia";"PIB";"Produto Interno Bruto a Preços Correntes (Mil Reais)";"Rio Caeté";"Quatipuru";"-";"2011";50848,303
"Economia";"PIB";"Produto Interno Bruto a Preços Correntes (Mil Reais)";"Rio Caeté";"Quatipuru";"-";"2012";55966,763
"Economia";"PIB";"Produto Interno Bruto a Preços Correntes (Mil Reais)";"Rio Caeté";"Quatipuru";"-";"2013";71116,46
"Economia";"PIB";"Produto Interno Bruto a Preços Correntes (Mil Reais)";"Rio Caeté";"Quatipuru";"-";"2014";70659,484
"Economia";"PIB";"Produto Interno Bruto a Preços Correntes (Mil Reais)";"Rio Caeté";"Quatipuru";"-";"2015";75765
"Economia";"PIB";"Produto Interno Bruto a Preços Correntes (Mil Reais)";"Rio Caeté";"Quatipuru";"-";"2016";84625
"Economia";"PIB";"Produto Interno Bruto a Preços Correntes (Mil Reais)";"Rio Caeté";"Quatipuru";"-";"2017";90640
"Economia";"PIB";"Produto Interno Bruto a Preços Correntes (Mil Reais)";"Rio Caeté";"Quatipuru";"-";"2018";97467,367
"Economia";"PIB";"Produto Interno Bruto a Preços Correntes (Mil Reais)";"Rio Caeté";"Quatipuru";"-";"2019";99903,529
"Economia";"PIB";"Produto Interno Bruto a Preços Correntes (Mil Reais)";"Rio Caeté";"Quatipuru";"-";"2020";111201,741
"Economia";"PIB";"Produto Interno Bruto a Preços Correntes (Mil Reais)";"Rio Caeté";"Quatipuru";"-";"2021";120881,856
"Economia";"PIB";"Produto Interno Bruto a Preços Correntes (Mil Reais)";"Araguaia";"Redenção";"-";"2008";165140
"Economia";"PIB";"Produto Interno Bruto a Preços Correntes (Mil Reais)";"Araguaia";"Redenção";"-";"2009";172683
"Economia";"PIB";"Produto Interno Bruto a Preços Correntes (Mil Reais)";"Araguaia";"Redenção";"-";"2010";752442,73
"Economia";"PIB";"Produto Interno Bruto a Preços Correntes (Mil Reais)";"Araguaia";"Redenção";"-";"2011";855748,476
"Economia";"PIB";"Produto Interno Bruto a Preços Correntes (Mil Reais)";"Araguaia";"Redenção";"-";"2012";965207,596
"Economia";"PIB";"Produto Interno Bruto a Preços Correntes (Mil Reais)";"Araguaia";"Redenção";"-";"2013";1096384,075
"Economia";"PIB";"Produto Interno Bruto a Preços Correntes (Mil Reais)";"Araguaia";"Redenção";"-";"2014";1317862,405
"Economia";"PIB";"Produto Interno Bruto a Preços Correntes (Mil Reais)";"Araguaia";"Redenção";"-";"2015";1467916
"Economia";"PIB";"Produto Interno Bruto a Preços Correntes (Mil Reais)";"Araguaia";"Redenção";"-";"2016";1645578
"Economia";"PIB";"Produto Interno Bruto a Preços Correntes (Mil Reais)";"Araguaia";"Redenção";"-";"2017";1700741
"Economia";"PIB";"Produto Interno Bruto a Preços Correntes (Mil Reais)";"Araguaia";"Redenção";"-";"2018";1802377,299
"Economia";"PIB";"Produto Interno Bruto a Preços Correntes (Mil Reais)";"Araguaia";"Redenção";"-";"2019";1866113,358
"Economia";"PIB";"Produto Interno Bruto a Preços Correntes (Mil Reais)";"Araguaia";"Redenção";"-";"2020";2028781,514
"Economia";"PIB";"Produto Interno Bruto a Preços Correntes (Mil Reais)";"Araguaia";"Redenção";"-";"2021";2552479,294
"Economia";"PIB";"Produto Interno Bruto a Preços Correntes (Mil Reais)";"Araguaia";"Rio Maria";"-";"2008";234794
"Economia";"PIB";"Produto Interno Bruto a Preços Correntes (Mil Reais)";"Araguaia";"Rio Maria";"-";"2009";245878
"Economia";"PIB";"Produto Interno Bruto a Preços Correntes (Mil Reais)";"Araguaia";"Rio Maria";"-";"2010";201449,035
"Economia";"PIB";"Produto Interno Bruto a Preços Correntes (Mil Reais)";"Araguaia";"Rio Maria";"-";"2011";211154,141
"Economia";"PIB";"Produto Interno Bruto a Preços Correntes (Mil Reais)";"Araguaia";"Rio Maria";"-";"2012";228291,39
"Economia";"PIB";"Produto Interno Bruto a Preços Correntes (Mil Reais)";"Araguaia";"Rio Maria";"-";"2013";266214,125
"Economia";"PIB";"Produto Interno Bruto a Preços Correntes (Mil Reais)";"Araguaia";"Rio Maria";"-";"2014";304399,43
"Economia";"PIB";"Produto Interno Bruto a Preços Correntes (Mil Reais)";"Araguaia";"Rio Maria";"-";"2015";360821
"Economia";"PIB";"Produto Interno Bruto a Preços Correntes (Mil Reais)";"Araguaia";"Rio Maria";"-";"2016";407471
"Economia";"PIB";"Produto Interno Bruto a Preços Correntes (Mil Reais)";"Araguaia";"Rio Maria";"-";"2017";476846
"Economia";"PIB";"Produto Interno Bruto a Preços Correntes (Mil Reais)";"Araguaia";"Rio Maria";"-";"2018";479388,525
"Economia";"PIB";"Produto Interno Bruto a Preços Correntes (Mil Reais)";"Araguaia";"Rio Maria";"-";"2019";494991,746
"Economia";"PIB";"Produto Interno Bruto a Preços Correntes (Mil Reais)";"Araguaia";"Rio Maria";"-";"2020";571429,59
"Economia";"PIB";"Produto Interno Bruto a Preços Correntes (Mil Reais)";"Araguaia";"Rio Maria";"-";"2021";601871,92
"Economia";"PIB";"Produto Interno Bruto a Preços Correntes (Mil Reais)";"Rio Capim";"Rondon do Pará";"-";"2008";98410
"Economia";"PIB";"Produto Interno Bruto a Preços Correntes (Mil Reais)";"Rio Capim";"Rondon do Pará";"-";"2009";108151
"Economia";"PIB";"Produto Interno Bruto a Preços Correntes (Mil Reais)";"Rio Capim";"Rondon do Pará";"-";"2010";333880,002
"Economia";"PIB";"Produto Interno Bruto a Preços Correntes (Mil Reais)";"Rio Capim";"Rondon do Pará";"-";"2011";389632,86
"Economia";"PIB";"Produto Interno Bruto a Preços Correntes (Mil Reais)";"Rio Capim";"Rondon do Pará";"-";"2012";342576,453
"Economia";"PIB";"Produto Interno Bruto a Preços Correntes (Mil Reais)";"Rio Capim";"Rondon do Pará";"-";"2013";394626,426
"Economia";"PIB";"Produto Interno Bruto a Preços Correntes (Mil Reais)";"Rio Capim";"Rondon do Pará";"-";"2014";469636,597
"Economia";"PIB";"Produto Interno Bruto a Preços Correntes (Mil Reais)";"Rio Capim";"Rondon do Pará";"-";"2015";481472
"Economia";"PIB";"Produto Interno Bruto a Preços Correntes (Mil Reais)";"Rio Capim";"Rondon do Pará";"-";"2016";518442
"Economia";"PIB";"Produto Interno Bruto a Preços Correntes (Mil Reais)";"Rio Capim";"Rondon do Pará";"-";"2017";520484
"Economia";"PIB";"Produto Interno Bruto a Preços Correntes (Mil Reais)";"Rio Capim";"Rondon do Pará";"-";"2018";531513,964
"Economia";"PIB";"Produto Interno Bruto a Preços Correntes (Mil Reais)";"Rio Capim";"Rondon do Pará";"-";"2019";533207,667
"Economia";"PIB";"Produto Interno Bruto a Preços Correntes (Mil Reais)";"Rio Capim";"Rondon do Pará";"-";"2020";628597,163
"Economia";"PIB";"Produto Interno Bruto a Preços Correntes (Mil Reais)";"Rio Capim";"Rondon do Pará";"-";"2021";734050,157
"Economia";"PIB";"Produto Interno Bruto a Preços Correntes (Mil Reais)";"Tapajós";"Rurópolis";"-";"2008";139040
"Economia";"PIB";"Produto Interno Bruto a Preços Correntes (Mil Reais)";"Tapajós";"Rurópolis";"-";"2009";156418
"Economia";"PIB";"Produto Interno Bruto a Preços Correntes (Mil Reais)";"Tapajós";"Rurópolis";"-";"2010";149745,109
"Economia";"PIB";"Produto Interno Bruto a Preços Correntes (Mil Reais)";"Tapajós";"Rurópolis";"-";"2011";172264,49
"Economia";"PIB";"Produto Interno Bruto a Preços Correntes (Mil Reais)";"Tapajós";"Rurópolis";"-";"2012";180425,227
"Economia";"PIB";"Produto Interno Bruto a Preços Correntes (Mil Reais)";"Tapajós";"Rurópolis";"-";"2013";229973,621
"Economia";"PIB";"Produto Interno Bruto a Preços Correntes (Mil Reais)";"Tapajós";"Rurópolis";"-";"2014";256946,294
"Economia";"PIB";"Produto Interno Bruto a Preços Correntes (Mil Reais)";"Tapajós";"Rurópolis";"-";"2015";287612
"Economia";"PIB";"Produto Interno Bruto a Preços Correntes (Mil Reais)";"Tapajós";"Rurópolis";"-";"2016";341999
"Economia";"PIB";"Produto Interno Bruto a Preços Correntes (Mil Reais)";"Tapajós";"Rurópolis";"-";"2017";359162
"Economia";"PIB";"Produto Interno Bruto a Preços Correntes (Mil Reais)";"Tapajós";"Rurópolis";"-";"2018";350270,126
"Economia";"PIB";"Produto Interno Bruto a Preços Correntes (Mil Reais)";"Tapajós";"Rurópolis";"-";"2019";375339,212
"Economia";"PIB";"Produto Interno Bruto a Preços Correntes (Mil Reais)";"Tapajós";"Rurópolis";"-";"2020";415600,7
"Economia";"PIB";"Produto Interno Bruto a Preços Correntes (Mil Reais)";"Tapajós";"Rurópolis";"-";"2021";496837,224
"Economia";"PIB";"Produto Interno Bruto a Preços Correntes (Mil Reais)";"Rio Caeté";"Salinópolis";"-";"2008";61475
"Economia";"PIB";"Produto Interno Bruto a Preços Correntes (Mil Reais)";"Rio Caeté";"Salinópolis";"-";"2009";69672
"Economia";"PIB";"Produto Interno Bruto a Preços Correntes (Mil Reais)";"Rio Caeté";"Salinópolis";"-";"2010";176749,427
"Economia";"PIB";"Produto Interno Bruto a Preços Correntes (Mil Reais)";"Rio Caeté";"Salinópolis";"-";"2011";205015,301
"Economia";"PIB";"Produto Interno Bruto a Preços Correntes (Mil Reais)";"Rio Caeté";"Salinópolis";"-";"2012";291862,912
"Economia";"PIB";"Produto Interno Bruto a Preços Correntes (Mil Reais)";"Rio Caeté";"Salinópolis";"-";"2013";277429,407
"Economia";"PIB";"Produto Interno Bruto a Preços Correntes (Mil Reais)";"Rio Caeté";"Salinópolis";"-";"2014";309296,448
"Economia";"PIB";"Produto Interno Bruto a Preços Correntes (Mil Reais)";"Rio Caeté";"Salinópolis";"-";"2015";348010
"Economia";"PIB";"Produto Interno Bruto a Preços Correntes (Mil Reais)";"Rio Caeté";"Salinópolis";"-";"2016";414191
"Economia";"PIB";"Produto Interno Bruto a Preços Correntes (Mil Reais)";"Rio Caeté";"Salinópolis";"-";"2017";425035
"Economia";"PIB";"Produto Interno Bruto a Preços Correntes (Mil Reais)";"Rio Caeté";"Salinópolis";"-";"2018";470323,302
"Economia";"PIB";"Produto Interno Bruto a Preços Correntes (Mil Reais)";"Rio Caeté";"Salinópolis";"-";"2019";530753,295
"Economia";"PIB";"Produto Interno Bruto a Preços Correntes (Mil Reais)";"Rio Caeté";"Salinópolis";"-";"2020";568925,442
"Economia";"PIB";"Produto Interno Bruto a Preços Correntes (Mil Reais)";"Rio Caeté";"Salinópolis";"-";"2021";641900,692
"Economia";"PIB";"Produto Interno Bruto a Preços Correntes (Mil Reais)";"Marajó";"Salvaterra";"-";"2008";56779
"Economia";"PIB";"Produto Interno Bruto a Preços Correntes (Mil Reais)";"Marajó";"Salvaterra";"-";"2009";59690
"Economia";"PIB";"Produto Interno Bruto a Preços Correntes (Mil Reais)";"Marajó";"Salvaterra";"-";"2010";77018,374
"Economia";"PIB";"Produto Interno Bruto a Preços Correntes (Mil Reais)";"Marajó";"Salvaterra";"-";"2011";90257,241
"Economia";"PIB";"Produto Interno Bruto a Preços Correntes (Mil Reais)";"Marajó";"Salvaterra";"-";"2012";100369,188
"Economia";"PIB";"Produto Interno Bruto a Preços Correntes (Mil Reais)";"Marajó";"Salvaterra";"-";"2013";113111,186
"Economia";"PIB";"Produto Interno Bruto a Preços Correntes (Mil Reais)";"Marajó";"Salvaterra";"-";"2014";122808,756
"Economia";"PIB";"Produto Interno Bruto a Preços Correntes (Mil Reais)";"Marajó";"Salvaterra";"-";"2015";143257
"Economia";"PIB";"Produto Interno Bruto a Preços Correntes (Mil Reais)";"Marajó";"Salvaterra";"-";"2016";151543
"Economia";"PIB";"Produto Interno Bruto a Preços Correntes (Mil Reais)";"Marajó";"Salvaterra";"-";"2017";165814
"Economia";"PIB";"Produto Interno Bruto a Preços Correntes (Mil Reais)";"Marajó";"Salvaterra";"-";"2018";174925,695
"Economia";"PIB";"Produto Interno Bruto a Preços Correntes (Mil Reais)";"Marajó";"Salvaterra";"-";"2019";181405,119
"Economia";"PIB";"Produto Interno Bruto a Preços Correntes (Mil Reais)";"Marajó";"Salvaterra";"-";"2020";193499,702
"Economia";"PIB";"Produto Interno Bruto a Preços Correntes (Mil Reais)";"Marajó";"Salvaterra";"-";"2021";210370,983
"Economia";"PIB";"Produto Interno Bruto a Preços Correntes (Mil Reais)";"Guajará";"Santa Bárbara do Pará";"-";"2008";19943
"Economia";"PIB";"Produto Interno Bruto a Preços Correntes (Mil Reais)";"Guajará";"Santa Bárbara do Pará";"-";"2009";22385
"Economia";"PIB";"Produto Interno Bruto a Preços Correntes (Mil Reais)";"Guajará";"Santa Bárbara do Pará";"-";"2010";71545,31
"Economia";"PIB";"Produto Interno Bruto a Preços Correntes (Mil Reais)";"Guajará";"Santa Bárbara do Pará";"-";"2011";86139,42
"Economia";"PIB";"Produto Interno Bruto a Preços Correntes (Mil Reais)";"Guajará";"Santa Bárbara do Pará";"-";"2012";114531,165
"Economia";"PIB";"Produto Interno Bruto a Preços Correntes (Mil Reais)";"Guajará";"Santa Bárbara do Pará";"-";"2013";102604,731
"Economia";"PIB";"Produto Interno Bruto a Preços Correntes (Mil Reais)";"Guajará";"Santa Bárbara do Pará";"-";"2014";122116,096
"Economia";"PIB";"Produto Interno Bruto a Preços Correntes (Mil Reais)";"Guajará";"Santa Bárbara do Pará";"-";"2015";132624
"Economia";"PIB";"Produto Interno Bruto a Preços Correntes (Mil Reais)";"Guajará";"Santa Bárbara do Pará";"-";"2016";146746
"Economia";"PIB";"Produto Interno Bruto a Preços Correntes (Mil Reais)";"Guajará";"Santa Bárbara do Pará";"-";"2017";165777
"Economia";"PIB";"Produto Interno Bruto a Preços Correntes (Mil Reais)";"Guajará";"Santa Bárbara do Pará";"-";"2018";172319,864
"Economia";"PIB";"Produto Interno Bruto a Preços Correntes (Mil Reais)";"Guajará";"Santa Bárbara do Pará";"-";"2019";180877,868
"Economia";"PIB";"Produto Interno Bruto a Preços Correntes (Mil Reais)";"Guajará";"Santa Bárbara do Pará";"-";"2020";218707,792
"Economia";"PIB";"Produto Interno Bruto a Preços Correntes (Mil Reais)";"Guajará";"Santa Bárbara do Pará";"-";"2021";240524,216
"Economia";"PIB";"Produto Interno Bruto a Preços Correntes (Mil Reais)";"Marajó";"Santa Cruz do Arari";"-";"2008";239855
"Economia";"PIB";"Produto Interno Bruto a Preços Correntes (Mil Reais)";"Marajó";"Santa Cruz do Arari";"-";"2009";279681
"Economia";"PIB";"Produto Interno Bruto a Preços Correntes (Mil Reais)";"Marajó";"Santa Cruz do Arari";"-";"2010";33698,442
"Economia";"PIB";"Produto Interno Bruto a Preços Correntes (Mil Reais)";"Marajó";"Santa Cruz do Arari";"-";"2011";40752,114
"Economia";"PIB";"Produto Interno Bruto a Preços Correntes (Mil Reais)";"Marajó";"Santa Cruz do Arari";"-";"2012";52165,176
"Economia";"PIB";"Produto Interno Bruto a Preços Correntes (Mil Reais)";"Marajó";"Santa Cruz do Arari";"-";"2013";50838,699
"Economia";"PIB";"Produto Interno Bruto a Preços Correntes (Mil Reais)";"Marajó";"Santa Cruz do Arari";"-";"2014";53013,047
"Economia";"PIB";"Produto Interno Bruto a Preços Correntes (Mil Reais)";"Marajó";"Santa Cruz do Arari";"-";"2015";61148
"Economia";"PIB";"Produto Interno Bruto a Preços Correntes (Mil Reais)";"Marajó";"Santa Cruz do Arari";"-";"2016";63800
"Economia";"PIB";"Produto Interno Bruto a Preços Correntes (Mil Reais)";"Marajó";"Santa Cruz do Arari";"-";"2017";68177
"Economia";"PIB";"Produto Interno Bruto a Preços Correntes (Mil Reais)";"Marajó";"Santa Cruz do Arari";"-";"2018";68942,468
"Economia";"PIB";"Produto Interno Bruto a Preços Correntes (Mil Reais)";"Marajó";"Santa Cruz do Arari";"-";"2019";71619,252
"Economia";"PIB";"Produto Interno Bruto a Preços Correntes (Mil Reais)";"Marajó";"Santa Cruz do Arari";"-";"2020";81616,61
"Economia";"PIB";"Produto Interno Bruto a Preços Correntes (Mil Reais)";"Marajó";"Santa Cruz do Arari";"-";"2021";96042,725
"Economia";"PIB";"Produto Interno Bruto a Preços Correntes (Mil Reais)";"Guamá";"Santa Izabel do Pará";"-";"2008";54744
"Economia";"PIB";"Produto Interno Bruto a Preços Correntes (Mil Reais)";"Guamá";"Santa Izabel do Pará";"-";"2009";58531
"Economia";"PIB";"Produto Interno Bruto a Preços Correntes (Mil Reais)";"Guamá";"Santa Izabel do Pará";"-";"2010";366697,775
"Economia";"PIB";"Produto Interno Bruto a Preços Correntes (Mil Reais)";"Guamá";"Santa Izabel do Pará";"-";"2011";433552,324
"Economia";"PIB";"Produto Interno Bruto a Preços Correntes (Mil Reais)";"Guamá";"Santa Izabel do Pará";"-";"2012";413978,848
"Economia";"PIB";"Produto Interno Bruto a Preços Correntes (Mil Reais)";"Guamá";"Santa Izabel do Pará";"-";"2013";506487,613
"Economia";"PIB";"Produto Interno Bruto a Preços Correntes (Mil Reais)";"Guamá";"Santa Izabel do Pará";"-";"2014";552909,789
"Economia";"PIB";"Produto Interno Bruto a Preços Correntes (Mil Reais)";"Guamá";"Santa Izabel do Pará";"-";"2015";609611
"Economia";"PIB";"Produto Interno Bruto a Preços Correntes (Mil Reais)";"Guamá";"Santa Izabel do Pará";"-";"2016";630492
"Economia";"PIB";"Produto Interno Bruto a Preços Correntes (Mil Reais)";"Guamá";"Santa Izabel do Pará";"-";"2017";718745
"Economia";"PIB";"Produto Interno Bruto a Preços Correntes (Mil Reais)";"Guamá";"Santa Izabel do Pará";"-";"2018";757809,206
"Economia";"PIB";"Produto Interno Bruto a Preços Correntes (Mil Reais)";"Guamá";"Santa Izabel do Pará";"-";"2019";795107,494
"Economia";"PIB";"Produto Interno Bruto a Preços Correntes (Mil Reais)";"Guamá";"Santa Izabel do Pará";"-";"2020";807618,574
"Economia";"PIB";"Produto Interno Bruto a Preços Correntes (Mil Reais)";"Guamá";"Santa Izabel do Pará";"-";"2021";935129,075
"Economia";"PIB";"Produto Interno Bruto a Preços Correntes (Mil Reais)";"Rio Caeté";"Santa Luzia do Pará";"-";"2008";96480
"Economia";"PIB";"Produto Interno Bruto a Preços Correntes (Mil Reais)";"Rio Caeté";"Santa Luzia do Pará";"-";"2009";92108
"Economia";"PIB";"Produto Interno Bruto a Preços Correntes (Mil Reais)";"Rio Caeté";"Santa Luzia do Pará";"-";"2010";74135,186
"Economia";"PIB";"Produto Interno Bruto a Preços Correntes (Mil Reais)";"Rio Caeté";"Santa Luzia do Pará";"-";"2011";83729,017
"Economia";"PIB";"Produto Interno Bruto a Preços Correntes (Mil Reais)";"Rio Caeté";"Santa Luzia do Pará";"-";"2012";93921,339
"Economia";"PIB";"Produto Interno Bruto a Preços Correntes (Mil Reais)";"Rio Caeté";"Santa Luzia do Pará";"-";"2013";112232,536
"Economia";"PIB";"Produto Interno Bruto a Preços Correntes (Mil Reais)";"Rio Caeté";"Santa Luzia do Pará";"-";"2014";125054,794
"Economia";"PIB";"Produto Interno Bruto a Preços Correntes (Mil Reais)";"Rio Caeté";"Santa Luzia do Pará";"-";"2015";138283
"Economia";"PIB";"Produto Interno Bruto a Preços Correntes (Mil Reais)";"Rio Caeté";"Santa Luzia do Pará";"-";"2016";144186
"Economia";"PIB";"Produto Interno Bruto a Preços Correntes (Mil Reais)";"Rio Caeté";"Santa Luzia do Pará";"-";"2017";164124
"Economia";"PIB";"Produto Interno Bruto a Preços Correntes (Mil Reais)";"Rio Caeté";"Santa Luzia do Pará";"-";"2018";163192,611
"Economia";"PIB";"Produto Interno Bruto a Preços Correntes (Mil Reais)";"Rio Caeté";"Santa Luzia do Pará";"-";"2019";160404,59
"Economia";"PIB";"Produto Interno Bruto a Preços Correntes (Mil Reais)";"Rio Caeté";"Santa Luzia do Pará";"-";"2020";188634,254
"Economia";"PIB";"Produto Interno Bruto a Preços Correntes (Mil Reais)";"Rio Caeté";"Santa Luzia do Pará";"-";"2021";196168,095
"Economia";"PIB";"Produto Interno Bruto a Preços Correntes (Mil Reais)";"Araguaia";"Santa Maria das Barreiras";"-";"2008";90147
"Economia";"PIB";"Produto Interno Bruto a Preços Correntes (Mil Reais)";"Araguaia";"Santa Maria das Barreiras";"-";"2009";100015
"Economia";"PIB";"Produto Interno Bruto a Preços Correntes (Mil Reais)";"Araguaia";"Santa Maria das Barreiras";"-";"2010";125316,102
"Economia";"PIB";"Produto Interno Bruto a Preços Correntes (Mil Reais)";"Araguaia";"Santa Maria das Barreiras";"-";"2011";145031,267
"Economia";"PIB";"Produto Interno Bruto a Preços Correntes (Mil Reais)";"Araguaia";"Santa Maria das Barreiras";"-";"2012";159444,283
"Economia";"PIB";"Produto Interno Bruto a Preços Correntes (Mil Reais)";"Araguaia";"Santa Maria das Barreiras";"-";"2013";195215,291
"Economia";"PIB";"Produto Interno Bruto a Preços Correntes (Mil Reais)";"Araguaia";"Santa Maria das Barreiras";"-";"2014";201980,144
"Economia";"PIB";"Produto Interno Bruto a Preços Correntes (Mil Reais)";"Araguaia";"Santa Maria das Barreiras";"-";"2015";250099
"Economia";"PIB";"Produto Interno Bruto a Preços Correntes (Mil Reais)";"Araguaia";"Santa Maria das Barreiras";"-";"2016";297680
"Economia";"PIB";"Produto Interno Bruto a Preços Correntes (Mil Reais)";"Araguaia";"Santa Maria das Barreiras";"-";"2017";375755
"Economia";"PIB";"Produto Interno Bruto a Preços Correntes (Mil Reais)";"Araguaia";"Santa Maria das Barreiras";"-";"2018";379801,453
"Economia";"PIB";"Produto Interno Bruto a Preços Correntes (Mil Reais)";"Araguaia";"Santa Maria das Barreiras";"-";"2019";498864,365
"Economia";"PIB";"Produto Interno Bruto a Preços Correntes (Mil Reais)";"Araguaia";"Santa Maria das Barreiras";"-";"2020";735494,888
"Economia";"PIB";"Produto Interno Bruto a Preços Correntes (Mil Reais)";"Araguaia";"Santa Maria das Barreiras";"-";"2021";1072244,489
"Economia";"PIB";"Produto Interno Bruto a Preços Correntes (Mil Reais)";"Guamá";"Santa Maria do Pará";"-";"2008";275594
"Economia";"PIB";"Produto Interno Bruto a Preços Correntes (Mil Reais)";"Guamá";"Santa Maria do Pará";"-";"2009";287740
"Economia";"PIB";"Produto Interno Bruto a Preços Correntes (Mil Reais)";"Guamá";"Santa Maria do Pará";"-";"2010";152533,516
"Economia";"PIB";"Produto Interno Bruto a Preços Correntes (Mil Reais)";"Guamá";"Santa Maria do Pará";"-";"2011";179004,316
"Economia";"PIB";"Produto Interno Bruto a Preços Correntes (Mil Reais)";"Guamá";"Santa Maria do Pará";"-";"2012";201876,515
"Economia";"PIB";"Produto Interno Bruto a Preços Correntes (Mil Reais)";"Guamá";"Santa Maria do Pará";"-";"2013";283608,022
"Economia";"PIB";"Produto Interno Bruto a Preços Correntes (Mil Reais)";"Guamá";"Santa Maria do Pará";"-";"2014";233693,476
"Economia";"PIB";"Produto Interno Bruto a Preços Correntes (Mil Reais)";"Guamá";"Santa Maria do Pará";"-";"2015";203834
"Economia";"PIB";"Produto Interno Bruto a Preços Correntes (Mil Reais)";"Guamá";"Santa Maria do Pará";"-";"2016";268294
"Economia";"PIB";"Produto Interno Bruto a Preços Correntes (Mil Reais)";"Guamá";"Santa Maria do Pará";"-";"2017";310568
"Economia";"PIB";"Produto Interno Bruto a Preços Correntes (Mil Reais)";"Guamá";"Santa Maria do Pará";"-";"2018";383844,329
"Economia";"PIB";"Produto Interno Bruto a Preços Correntes (Mil Reais)";"Guamá";"Santa Maria do Pará";"-";"2019";291090,848
"Economia";"PIB";"Produto Interno Bruto a Preços Correntes (Mil Reais)";"Guamá";"Santa Maria do Pará";"-";"2020";307896,858
"Economia";"PIB";"Produto Interno Bruto a Preços Correntes (Mil Reais)";"Guamá";"Santa Maria do Pará";"-";"2021";371642,16
"Economia";"PIB";"Produto Interno Bruto a Preços Correntes (Mil Reais)";"Araguaia";"Santana do Araguaia";"-";"2008";1636460
"Economia";"PIB";"Produto Interno Bruto a Preços Correntes (Mil Reais)";"Araguaia";"Santana do Araguaia";"-";"2009";1769395
"Economia";"PIB";"Produto Interno Bruto a Preços Correntes (Mil Reais)";"Araguaia";"Santana do Araguaia";"-";"2010";329767,345
"Economia";"PIB";"Produto Interno Bruto a Preços Correntes (Mil Reais)";"Araguaia";"Santana do Araguaia";"-";"2011";376776,958
"Economia";"PIB";"Produto Interno Bruto a Preços Correntes (Mil Reais)";"Araguaia";"Santana do Araguaia";"-";"2012";423595,251
"Economia";"PIB";"Produto Interno Bruto a Preços Correntes (Mil Reais)";"Araguaia";"Santana do Araguaia";"-";"2013";515230,693
"Economia";"PIB";"Produto Interno Bruto a Preços Correntes (Mil Reais)";"Araguaia";"Santana do Araguaia";"-";"2014";590433,203
"Economia";"PIB";"Produto Interno Bruto a Preços Correntes (Mil Reais)";"Araguaia";"Santana do Araguaia";"-";"2015";686482
"Economia";"PIB";"Produto Interno Bruto a Preços Correntes (Mil Reais)";"Araguaia";"Santana do Araguaia";"-";"2016";762198
"Economia";"PIB";"Produto Interno Bruto a Preços Correntes (Mil Reais)";"Araguaia";"Santana do Araguaia";"-";"2017";803619
"Economia";"PIB";"Produto Interno Bruto a Preços Correntes (Mil Reais)";"Araguaia";"Santana do Araguaia";"-";"2018";843464,926
"Economia";"PIB";"Produto Interno Bruto a Preços Correntes (Mil Reais)";"Araguaia";"Santana do Araguaia";"-";"2019";1034821,121
"Economia";"PIB";"Produto Interno Bruto a Preços Correntes (Mil Reais)";"Araguaia";"Santana do Araguaia";"-";"2020";1113882,993
"Economia";"PIB";"Produto Interno Bruto a Preços Correntes (Mil Reais)";"Araguaia";"Santana do Araguaia";"-";"2021";1381971,626
"Economia";"PIB";"Produto Interno Bruto a Preços Correntes (Mil Reais)";"Baixo Amazonas";"Santarém";"-";"2008";17205
"Economia";"PIB";"Produto Interno Bruto a Preços Correntes (Mil Reais)";"Baixo Amazonas";"Santarém";"-";"2009";21171
"Economia";"PIB";"Produto Interno Bruto a Preços Correntes (Mil Reais)";"Baixo Amazonas";"Santarém";"-";"2010";2309691,505
"Economia";"PIB";"Produto Interno Bruto a Preços Correntes (Mil Reais)";"Baixo Amazonas";"Santarém";"-";"2011";2601840,477
"Economia";"PIB";"Produto Interno Bruto a Preços Correntes (Mil Reais)";"Baixo Amazonas";"Santarém";"-";"2012";3255042,473
"Economia";"PIB";"Produto Interno Bruto a Preços Correntes (Mil Reais)";"Baixo Amazonas";"Santarém";"-";"2013";3433607,366
"Economia";"PIB";"Produto Interno Bruto a Preços Correntes (Mil Reais)";"Baixo Amazonas";"Santarém";"-";"2014";3785535,507
"Economia";"PIB";"Produto Interno Bruto a Preços Correntes (Mil Reais)";"Baixo Amazonas";"Santarém";"-";"2015";3970093
"Economia";"PIB";"Produto Interno Bruto a Preços Correntes (Mil Reais)";"Baixo Amazonas";"Santarém";"-";"2016";4574029
"Economia";"PIB";"Produto Interno Bruto a Preços Correntes (Mil Reais)";"Baixo Amazonas";"Santarém";"-";"2017";4835996
"Economia";"PIB";"Produto Interno Bruto a Preços Correntes (Mil Reais)";"Baixo Amazonas";"Santarém";"-";"2018";4858426,453
"Economia";"PIB";"Produto Interno Bruto a Preços Correntes (Mil Reais)";"Baixo Amazonas";"Santarém";"-";"2019";5117941,118
"Economia";"PIB";"Produto Interno Bruto a Preços Correntes (Mil Reais)";"Baixo Amazonas";"Santarém";"-";"2020";5501389,172
"Economia";"PIB";"Produto Interno Bruto a Preços Correntes (Mil Reais)";"Baixo Amazonas";"Santarém";"-";"2021";6390528,311
"Economia";"PIB";"Produto Interno Bruto a Preços Correntes (Mil Reais)";"Rio Caeté";"Santarém Novo";"-";"2008";88155
"Economia";"PIB";"Produto Interno Bruto a Preços Correntes (Mil Reais)";"Rio Caeté";"Santarém Novo";"-";"2009";104485
"Economia";"PIB";"Produto Interno Bruto a Preços Correntes (Mil Reais)";"Rio Caeté";"Santarém Novo";"-";"2010";24334,587
"Economia";"PIB";"Produto Interno Bruto a Preços Correntes (Mil Reais)";"Rio Caeté";"Santarém Novo";"-";"2011";27872,26
"Economia";"PIB";"Produto Interno Bruto a Preços Correntes (Mil Reais)";"Rio Caeté";"Santarém Novo";"-";"2012";30148,385
"Economia";"PIB";"Produto Interno Bruto a Preços Correntes (Mil Reais)";"Rio Caeté";"Santarém Novo";"-";"2013";39089,652
"Economia";"PIB";"Produto Interno Bruto a Preços Correntes (Mil Reais)";"Rio Caeté";"Santarém Novo";"-";"2014";38572,828
"Economia";"PIB";"Produto Interno Bruto a Preços Correntes (Mil Reais)";"Rio Caeté";"Santarém Novo";"-";"2015";39878
"Economia";"PIB";"Produto Interno Bruto a Preços Correntes (Mil Reais)";"Rio Caeté";"Santarém Novo";"-";"2016";47275
"Economia";"PIB";"Produto Interno Bruto a Preços Correntes (Mil Reais)";"Rio Caeté";"Santarém Novo";"-";"2017";41026
"Economia";"PIB";"Produto Interno Bruto a Preços Correntes (Mil Reais)";"Rio Caeté";"Santarém Novo";"-";"2018";45136,844
"Economia";"PIB";"Produto Interno Bruto a Preços Correntes (Mil Reais)";"Rio Caeté";"Santarém Novo";"-";"2019";46771,77
"Economia";"PIB";"Produto Interno Bruto a Preços Correntes (Mil Reais)";"Rio Caeté";"Santarém Novo";"-";"2020";50994,315
"Economia";"PIB";"Produto Interno Bruto a Preços Correntes (Mil Reais)";"Rio Caeté";"Santarém Novo";"-";"2021";60065,43
"Economia";"PIB";"Produto Interno Bruto a Preços Correntes (Mil Reais)";"Guamá";"Santo Antônio do Tauá";"-";"2008";52818
"Economia";"PIB";"Produto Interno Bruto a Preços Correntes (Mil Reais)";"Guamá";"Santo Antônio do Tauá";"-";"2009";58615
"Economia";"PIB";"Produto Interno Bruto a Preços Correntes (Mil Reais)";"Guamá";"Santo Antônio do Tauá";"-";"2010";136004,751
"Economia";"PIB";"Produto Interno Bruto a Preços Correntes (Mil Reais)";"Guamá";"Santo Antônio do Tauá";"-";"2011";163691,865
"Economia";"PIB";"Produto Interno Bruto a Preços Correntes (Mil Reais)";"Guamá";"Santo Antônio do Tauá";"-";"2012";162292,299
"Economia";"PIB";"Produto Interno Bruto a Preços Correntes (Mil Reais)";"Guamá";"Santo Antônio do Tauá";"-";"2013";189069,199
"Economia";"PIB";"Produto Interno Bruto a Preços Correntes (Mil Reais)";"Guamá";"Santo Antônio do Tauá";"-";"2014";247494,391
"Economia";"PIB";"Produto Interno Bruto a Preços Correntes (Mil Reais)";"Guamá";"Santo Antônio do Tauá";"-";"2015";297319
"Economia";"PIB";"Produto Interno Bruto a Preços Correntes (Mil Reais)";"Guamá";"Santo Antônio do Tauá";"-";"2016";315291
"Economia";"PIB";"Produto Interno Bruto a Preços Correntes (Mil Reais)";"Guamá";"Santo Antônio do Tauá";"-";"2017";344070
"Economia";"PIB";"Produto Interno Bruto a Preços Correntes (Mil Reais)";"Guamá";"Santo Antônio do Tauá";"-";"2018";366978,713
"Economia";"PIB";"Produto Interno Bruto a Preços Correntes (Mil Reais)";"Guamá";"Santo Antônio do Tauá";"-";"2019";384943,261
"Economia";"PIB";"Produto Interno Bruto a Preços Correntes (Mil Reais)";"Guamá";"Santo Antônio do Tauá";"-";"2020";432119,657
"Economia";"PIB";"Produto Interno Bruto a Preços Correntes (Mil Reais)";"Guamá";"Santo Antônio do Tauá";"-";"2021";475569,11
"Economia";"PIB";"Produto Interno Bruto a Preços Correntes (Mil Reais)";"Guamá";"São Caetano de Odivelas";"-";"2008";83265
"Economia";"PIB";"Produto Interno Bruto a Preços Correntes (Mil Reais)";"Guamá";"São Caetano de Odivelas";"-";"2009";92982
"Economia";"PIB";"Produto Interno Bruto a Preços Correntes (Mil Reais)";"Guamá";"São Caetano de Odivelas";"-";"2010";57871,319
"Economia";"PIB";"Produto Interno Bruto a Preços Correntes (Mil Reais)";"Guamá";"São Caetano de Odivelas";"-";"2011";72578,432
"Economia";"PIB";"Produto Interno Bruto a Preços Correntes (Mil Reais)";"Guamá";"São Caetano de Odivelas";"-";"2012";88454,119
"Economia";"PIB";"Produto Interno Bruto a Preços Correntes (Mil Reais)";"Guamá";"São Caetano de Odivelas";"-";"2013";106262,305
"Economia";"PIB";"Produto Interno Bruto a Preços Correntes (Mil Reais)";"Guamá";"São Caetano de Odivelas";"-";"2014";106420,661
"Economia";"PIB";"Produto Interno Bruto a Preços Correntes (Mil Reais)";"Guamá";"São Caetano de Odivelas";"-";"2015";114215
"Economia";"PIB";"Produto Interno Bruto a Preços Correntes (Mil Reais)";"Guamá";"São Caetano de Odivelas";"-";"2016";119022
"Economia";"PIB";"Produto Interno Bruto a Preços Correntes (Mil Reais)";"Guamá";"São Caetano de Odivelas";"-";"2017";131227
"Economia";"PIB";"Produto Interno Bruto a Preços Correntes (Mil Reais)";"Guamá";"São Caetano de Odivelas";"-";"2018";142266,988
"Economia";"PIB";"Produto Interno Bruto a Preços Correntes (Mil Reais)";"Guamá";"São Caetano de Odivelas";"-";"2019";146313,152
"Economia";"PIB";"Produto Interno Bruto a Preços Correntes (Mil Reais)";"Guamá";"São Caetano de Odivelas";"-";"2020";157768,939
"Economia";"PIB";"Produto Interno Bruto a Preços Correntes (Mil Reais)";"Guamá";"São Caetano de Odivelas";"-";"2021";183191,182
"Economia";"PIB";"Produto Interno Bruto a Preços Correntes (Mil Reais)";"Carajás";"São Domingos do Araguaia";"-";"2008";67451
"Economia";"PIB";"Produto Interno Bruto a Preços Correntes (Mil Reais)";"Carajás";"São Domingos do Araguaia";"-";"2009";85414
"Economia";"PIB";"Produto Interno Bruto a Preços Correntes (Mil Reais)";"Carajás";"São Domingos do Araguaia";"-";"2010";113689,732
"Economia";"PIB";"Produto Interno Bruto a Preços Correntes (Mil Reais)";"Carajás";"São Domingos do Araguaia";"-";"2011";139065,776
"Economia";"PIB";"Produto Interno Bruto a Preços Correntes (Mil Reais)";"Carajás";"São Domingos do Araguaia";"-";"2012";144469,577
"Economia";"PIB";"Produto Interno Bruto a Preços Correntes (Mil Reais)";"Carajás";"São Domingos do Araguaia";"-";"2013";160958,224
"Economia";"PIB";"Produto Interno Bruto a Preços Correntes (Mil Reais)";"Carajás";"São Domingos do Araguaia";"-";"2014";177493,873
"Economia";"PIB";"Produto Interno Bruto a Preços Correntes (Mil Reais)";"Carajás";"São Domingos do Araguaia";"-";"2015";220134
"Economia";"PIB";"Produto Interno Bruto a Preços Correntes (Mil Reais)";"Carajás";"São Domingos do Araguaia";"-";"2016";251103
"Economia";"PIB";"Produto Interno Bruto a Preços Correntes (Mil Reais)";"Carajás";"São Domingos do Araguaia";"-";"2017";272450
"Economia";"PIB";"Produto Interno Bruto a Preços Correntes (Mil Reais)";"Carajás";"São Domingos do Araguaia";"-";"2018";280955,265
"Economia";"PIB";"Produto Interno Bruto a Preços Correntes (Mil Reais)";"Carajás";"São Domingos do Araguaia";"-";"2019";284573,282
"Economia";"PIB";"Produto Interno Bruto a Preços Correntes (Mil Reais)";"Carajás";"São Domingos do Araguaia";"-";"2020";302974,284
"Economia";"PIB";"Produto Interno Bruto a Preços Correntes (Mil Reais)";"Carajás";"São Domingos do Araguaia";"-";"2021";359021,277
"Economia";"PIB";"Produto Interno Bruto a Preços Correntes (Mil Reais)";"Guamá";"São Domingos do Capim";"-";"2008";357323
"Economia";"PIB";"Produto Interno Bruto a Preços Correntes (Mil Reais)";"Guamá";"São Domingos do Capim";"-";"2009";374201
"Economia";"PIB";"Produto Interno Bruto a Preços Correntes (Mil Reais)";"Guamá";"São Domingos do Capim";"-";"2010";151118,237
"Economia";"PIB";"Produto Interno Bruto a Preços Correntes (Mil Reais)";"Guamá";"São Domingos do Capim";"-";"2011";176546,258
"Economia";"PIB";"Produto Interno Bruto a Preços Correntes (Mil Reais)";"Guamá";"São Domingos do Capim";"-";"2012";188725,059
"Economia";"PIB";"Produto Interno Bruto a Preços Correntes (Mil Reais)";"Guamá";"São Domingos do Capim";"-";"2013";267100,888
"Economia";"PIB";"Produto Interno Bruto a Preços Correntes (Mil Reais)";"Guamá";"São Domingos do Capim";"-";"2014";229970,774
"Economia";"PIB";"Produto Interno Bruto a Preços Correntes (Mil Reais)";"Guamá";"São Domingos do Capim";"-";"2015";247892
"Economia";"PIB";"Produto Interno Bruto a Preços Correntes (Mil Reais)";"Guamá";"São Domingos do Capim";"-";"2016";315599
"Economia";"PIB";"Produto Interno Bruto a Preços Correntes (Mil Reais)";"Guamá";"São Domingos do Capim";"-";"2017";309229
"Economia";"PIB";"Produto Interno Bruto a Preços Correntes (Mil Reais)";"Guamá";"São Domingos do Capim";"-";"2018";273284,597
"Economia";"PIB";"Produto Interno Bruto a Preços Correntes (Mil Reais)";"Guamá";"São Domingos do Capim";"-";"2019";345699,496
"Economia";"PIB";"Produto Interno Bruto a Preços Correntes (Mil Reais)";"Guamá";"São Domingos do Capim";"-";"2020";372003,463
"Economia";"PIB";"Produto Interno Bruto a Preços Correntes (Mil Reais)";"Guamá";"São Domingos do Capim";"-";"2021";438410,279
"Economia";"PIB";"Produto Interno Bruto a Preços Correntes (Mil Reais)";"Araguaia";"São Félix do Xingu";"-";"2008";44595
"Economia";"PIB";"Produto Interno Bruto a Preços Correntes (Mil Reais)";"Araguaia";"São Félix do Xingu";"-";"2009";52068
"Economia";"PIB";"Produto Interno Bruto a Preços Correntes (Mil Reais)";"Araguaia";"São Félix do Xingu";"-";"2010";495055,163
"Economia";"PIB";"Produto Interno Bruto a Preços Correntes (Mil Reais)";"Araguaia";"São Félix do Xingu";"-";"2011";581855,046
"Economia";"PIB";"Produto Interno Bruto a Preços Correntes (Mil Reais)";"Araguaia";"São Félix do Xingu";"-";"2012";732394,387
"Economia";"PIB";"Produto Interno Bruto a Preços Correntes (Mil Reais)";"Araguaia";"São Félix do Xingu";"-";"2013";879869,712
"Economia";"PIB";"Produto Interno Bruto a Preços Correntes (Mil Reais)";"Araguaia";"São Félix do Xingu";"-";"2014";1029712,289
"Economia";"PIB";"Produto Interno Bruto a Preços Correntes (Mil Reais)";"Araguaia";"São Félix do Xingu";"-";"2015";1212882
"Economia";"PIB";"Produto Interno Bruto a Preços Correntes (Mil Reais)";"Araguaia";"São Félix do Xingu";"-";"2016";1414834
"Economia";"PIB";"Produto Interno Bruto a Preços Correntes (Mil Reais)";"Araguaia";"São Félix do Xingu";"-";"2017";1392878
"Economia";"PIB";"Produto Interno Bruto a Preços Correntes (Mil Reais)";"Araguaia";"São Félix do Xingu";"-";"2018";1395545,436
"Economia";"PIB";"Produto Interno Bruto a Preços Correntes (Mil Reais)";"Araguaia";"São Félix do Xingu";"-";"2019";1448104,174
"Economia";"PIB";"Produto Interno Bruto a Preços Correntes (Mil Reais)";"Araguaia";"São Félix do Xingu";"-";"2020";1577607,248
"Economia";"PIB";"Produto Interno Bruto a Preços Correntes (Mil Reais)";"Araguaia";"São Félix do Xingu";"-";"2021";2009122,073
"Economia";"PIB";"Produto Interno Bruto a Preços Correntes (Mil Reais)";"Guamá";"São Francisco do Pará";"-";"2008";125707
"Economia";"PIB";"Produto Interno Bruto a Preços Correntes (Mil Reais)";"Guamá";"São Francisco do Pará";"-";"2009";130608
"Economia";"PIB";"Produto Interno Bruto a Preços Correntes (Mil Reais)";"Guamá";"São Francisco do Pará";"-";"2010";96493,964
"Economia";"PIB";"Produto Interno Bruto a Preços Correntes (Mil Reais)";"Guamá";"São Francisco do Pará";"-";"2011";83690,957
"Economia";"PIB";"Produto Interno Bruto a Preços Correntes (Mil Reais)";"Guamá";"São Francisco do Pará";"-";"2012";93222,428
"Economia";"PIB";"Produto Interno Bruto a Preços Correntes (Mil Reais)";"Guamá";"São Francisco do Pará";"-";"2013";181684,084
"Economia";"PIB";"Produto Interno Bruto a Preços Correntes (Mil Reais)";"Guamá";"São Francisco do Pará";"-";"2014";168388,103
"Economia";"PIB";"Produto Interno Bruto a Preços Correntes (Mil Reais)";"Guamá";"São Francisco do Pará";"-";"2015";165795
"Economia";"PIB";"Produto Interno Bruto a Preços Correntes (Mil Reais)";"Guamá";"São Francisco do Pará";"-";"2016";193474
"Economia";"PIB";"Produto Interno Bruto a Preços Correntes (Mil Reais)";"Guamá";"São Francisco do Pará";"-";"2017";204146
"Economia";"PIB";"Produto Interno Bruto a Preços Correntes (Mil Reais)";"Guamá";"São Francisco do Pará";"-";"2018";234027,179
"Economia";"PIB";"Produto Interno Bruto a Preços Correntes (Mil Reais)";"Guamá";"São Francisco do Pará";"-";"2019";240283,879
"Economia";"PIB";"Produto Interno Bruto a Preços Correntes (Mil Reais)";"Guamá";"São Francisco do Pará";"-";"2020";241412,268
"Economia";"PIB";"Produto Interno Bruto a Preços Correntes (Mil Reais)";"Guamá";"São Francisco do Pará";"-";"2021";264373,94
"Economia";"PIB";"Produto Interno Bruto a Preços Correntes (Mil Reais)";"Carajás";"São Geraldo do Araguaia";"-";"2008";15642
"Economia";"PIB";"Produto Interno Bruto a Preços Correntes (Mil Reais)";"Carajás";"São Geraldo do Araguaia";"-";"2009";17324
"Economia";"PIB";"Produto Interno Bruto a Preços Correntes (Mil Reais)";"Carajás";"São Geraldo do Araguaia";"-";"2010";166439,148
"Economia";"PIB";"Produto Interno Bruto a Preços Correntes (Mil Reais)";"Carajás";"São Geraldo do Araguaia";"-";"2011";197004,763
"Economia";"PIB";"Produto Interno Bruto a Preços Correntes (Mil Reais)";"Carajás";"São Geraldo do Araguaia";"-";"2012";258913,19
"Economia";"PIB";"Produto Interno Bruto a Preços Correntes (Mil Reais)";"Carajás";"São Geraldo do Araguaia";"-";"2013";246520,587
"Economia";"PIB";"Produto Interno Bruto a Preços Correntes (Mil Reais)";"Carajás";"São Geraldo do Araguaia";"-";"2014";290861,712
"Economia";"PIB";"Produto Interno Bruto a Preços Correntes (Mil Reais)";"Carajás";"São Geraldo do Araguaia";"-";"2015";312905
"Economia";"PIB";"Produto Interno Bruto a Preços Correntes (Mil Reais)";"Carajás";"São Geraldo do Araguaia";"-";"2016";379311
"Economia";"PIB";"Produto Interno Bruto a Preços Correntes (Mil Reais)";"Carajás";"São Geraldo do Araguaia";"-";"2017";441677
"Economia";"PIB";"Produto Interno Bruto a Preços Correntes (Mil Reais)";"Carajás";"São Geraldo do Araguaia";"-";"2018";490241,076
"Economia";"PIB";"Produto Interno Bruto a Preços Correntes (Mil Reais)";"Carajás";"São Geraldo do Araguaia";"-";"2019";520359,443
"Economia";"PIB";"Produto Interno Bruto a Preços Correntes (Mil Reais)";"Carajás";"São Geraldo do Araguaia";"-";"2020";599505,405
"Economia";"PIB";"Produto Interno Bruto a Preços Correntes (Mil Reais)";"Carajás";"São Geraldo do Araguaia";"-";"2021";710684,374
"Economia";"PIB";"Produto Interno Bruto a Preços Correntes (Mil Reais)";"Guamá";"São João da Ponta";"-";"2008";58238
"Economia";"PIB";"Produto Interno Bruto a Preços Correntes (Mil Reais)";"Guamá";"São João da Ponta";"-";"2009";66400
"Economia";"PIB";"Produto Interno Bruto a Preços Correntes (Mil Reais)";"Guamá";"São João da Ponta";"-";"2010";23155,053
"Economia";"PIB";"Produto Interno Bruto a Preços Correntes (Mil Reais)";"Guamá";"São João da Ponta";"-";"2011";25948,167
"Economia";"PIB";"Produto Interno Bruto a Preços Correntes (Mil Reais)";"Guamá";"São João da Ponta";"-";"2012";28350,805
"Economia";"PIB";"Produto Interno Bruto a Preços Correntes (Mil Reais)";"Guamá";"São João da Ponta";"-";"2013";29906,128
"Economia";"PIB";"Produto Interno Bruto a Preços Correntes (Mil Reais)";"Guamá";"São João da Ponta";"-";"2014";35327,14
"Economia";"PIB";"Produto Interno Bruto a Preços Correntes (Mil Reais)";"Guamá";"São João da Ponta";"-";"2015";37866
"Economia";"PIB";"Produto Interno Bruto a Preços Correntes (Mil Reais)";"Guamá";"São João da Ponta";"-";"2016";39629
"Economia";"PIB";"Produto Interno Bruto a Preços Correntes (Mil Reais)";"Guamá";"São João da Ponta";"-";"2017";42207
"Economia";"PIB";"Produto Interno Bruto a Preços Correntes (Mil Reais)";"Guamá";"São João da Ponta";"-";"2018";44627,88
"Economia";"PIB";"Produto Interno Bruto a Preços Correntes (Mil Reais)";"Guamá";"São João da Ponta";"-";"2019";46427,795
"Economia";"PIB";"Produto Interno Bruto a Preços Correntes (Mil Reais)";"Guamá";"São João da Ponta";"-";"2020";52373,436
"Economia";"PIB";"Produto Interno Bruto a Preços Correntes (Mil Reais)";"Guamá";"São João da Ponta";"-";"2021";57407,078
"Economia";"PIB";"Produto Interno Bruto a Preços Correntes (Mil Reais)";"Rio Caeté";"São João de Pirabas";"-";"2008";39915
"Economia";"PIB";"Produto Interno Bruto a Preços Correntes (Mil Reais)";"Rio Caeté";"São João de Pirabas";"-";"2009";43052
"Economia";"PIB";"Produto Interno Bruto a Preços Correntes (Mil Reais)";"Rio Caeté";"São João de Pirabas";"-";"2010";74769,088
"Economia";"PIB";"Produto Interno Bruto a Preços Correntes (Mil Reais)";"Rio Caeté";"São João de Pirabas";"-";"2011";85850,14
"Economia";"PIB";"Produto Interno Bruto a Preços Correntes (Mil Reais)";"Rio Caeté";"São João de Pirabas";"-";"2012";94878,125
"Economia";"PIB";"Produto Interno Bruto a Preços Correntes (Mil Reais)";"Rio Caeté";"São João de Pirabas";"-";"2013";121857,049
"Economia";"PIB";"Produto Interno Bruto a Preços Correntes (Mil Reais)";"Rio Caeté";"São João de Pirabas";"-";"2014";127633,254
"Economia";"PIB";"Produto Interno Bruto a Preços Correntes (Mil Reais)";"Rio Caeté";"São João de Pirabas";"-";"2015";131343
"Economia";"PIB";"Produto Interno Bruto a Preços Correntes (Mil Reais)";"Rio Caeté";"São João de Pirabas";"-";"2016";146869
"Economia";"PIB";"Produto Interno Bruto a Preços Correntes (Mil Reais)";"Rio Caeté";"São João de Pirabas";"-";"2017";158977
"Economia";"PIB";"Produto Interno Bruto a Preços Correntes (Mil Reais)";"Rio Caeté";"São João de Pirabas";"-";"2018";164333,306
"Economia";"PIB";"Produto Interno Bruto a Preços Correntes (Mil Reais)";"Rio Caeté";"São João de Pirabas";"-";"2019";168796,117
"Economia";"PIB";"Produto Interno Bruto a Preços Correntes (Mil Reais)";"Rio Caeté";"São João de Pirabas";"-";"2020";180042,773
"Economia";"PIB";"Produto Interno Bruto a Preços Correntes (Mil Reais)";"Rio Caeté";"São João de Pirabas";"-";"2021";182167,689
"Economia";"PIB";"Produto Interno Bruto a Preços Correntes (Mil Reais)";"Carajás";"São João do Araguaia";"-";"2008";143225
"Economia";"PIB";"Produto Interno Bruto a Preços Correntes (Mil Reais)";"Carajás";"São João do Araguaia";"-";"2009";172220
"Economia";"PIB";"Produto Interno Bruto a Preços Correntes (Mil Reais)";"Carajás";"São João do Araguaia";"-";"2010";54398,241
"Economia";"PIB";"Produto Interno Bruto a Preços Correntes (Mil Reais)";"Carajás";"São João do Araguaia";"-";"2011";72681,861
"Economia";"PIB";"Produto Interno Bruto a Preços Correntes (Mil Reais)";"Carajás";"São João do Araguaia";"-";"2012";78228,952
"Economia";"PIB";"Produto Interno Bruto a Preços Correntes (Mil Reais)";"Carajás";"São João do Araguaia";"-";"2013";89686,368
"Economia";"PIB";"Produto Interno Bruto a Preços Correntes (Mil Reais)";"Carajás";"São João do Araguaia";"-";"2014";91685,601
"Economia";"PIB";"Produto Interno Bruto a Preços Correntes (Mil Reais)";"Carajás";"São João do Araguaia";"-";"2015";104666
"Economia";"PIB";"Produto Interno Bruto a Preços Correntes (Mil Reais)";"Carajás";"São João do Araguaia";"-";"2016";109837
"Economia";"PIB";"Produto Interno Bruto a Preços Correntes (Mil Reais)";"Carajás";"São João do Araguaia";"-";"2017";116992
"Economia";"PIB";"Produto Interno Bruto a Preços Correntes (Mil Reais)";"Carajás";"São João do Araguaia";"-";"2018";122295,592
"Economia";"PIB";"Produto Interno Bruto a Preços Correntes (Mil Reais)";"Carajás";"São João do Araguaia";"-";"2019";133440,874
"Economia";"PIB";"Produto Interno Bruto a Preços Correntes (Mil Reais)";"Carajás";"São João do Araguaia";"-";"2020";163405,229
"Economia";"PIB";"Produto Interno Bruto a Preços Correntes (Mil Reais)";"Carajás";"São João do Araguaia";"-";"2021";186890,292
"Economia";"PIB";"Produto Interno Bruto a Preços Correntes (Mil Reais)";"Guamá";"São Miguel do Guamá";"-";"2008";48976
"Economia";"PIB";"Produto Interno Bruto a Preços Correntes (Mil Reais)";"Guamá";"São Miguel do Guamá";"-";"2009";54776
"Economia";"PIB";"Produto Interno Bruto a Preços Correntes (Mil Reais)";"Guamá";"São Miguel do Guamá";"-";"2010";338329,769
"Economia";"PIB";"Produto Interno Bruto a Preços Correntes (Mil Reais)";"Guamá";"São Miguel do Guamá";"-";"2011";366871,527
"Economia";"PIB";"Produto Interno Bruto a Preços Correntes (Mil Reais)";"Guamá";"São Miguel do Guamá";"-";"2012";395579,16
"Economia";"PIB";"Produto Interno Bruto a Preços Correntes (Mil Reais)";"Guamá";"São Miguel do Guamá";"-";"2013";587289,941
"Economia";"PIB";"Produto Interno Bruto a Preços Correntes (Mil Reais)";"Guamá";"São Miguel do Guamá";"-";"2014";557170,659
"Economia";"PIB";"Produto Interno Bruto a Preços Correntes (Mil Reais)";"Guamá";"São Miguel do Guamá";"-";"2015";560272
"Economia";"PIB";"Produto Interno Bruto a Preços Correntes (Mil Reais)";"Guamá";"São Miguel do Guamá";"-";"2016";661640
"Economia";"PIB";"Produto Interno Bruto a Preços Correntes (Mil Reais)";"Guamá";"São Miguel do Guamá";"-";"2017";668061
"Economia";"PIB";"Produto Interno Bruto a Preços Correntes (Mil Reais)";"Guamá";"São Miguel do Guamá";"-";"2018";676117,096
"Economia";"PIB";"Produto Interno Bruto a Preços Correntes (Mil Reais)";"Guamá";"São Miguel do Guamá";"-";"2019";630231,124
"Economia";"PIB";"Produto Interno Bruto a Preços Correntes (Mil Reais)";"Guamá";"São Miguel do Guamá";"-";"2020";722327,391
"Economia";"PIB";"Produto Interno Bruto a Preços Correntes (Mil Reais)";"Guamá";"São Miguel do Guamá";"-";"2021";793138,622
"Economia";"PIB";"Produto Interno Bruto a Preços Correntes (Mil Reais)";"Marajó";"São Sebastião da Boa Vista";"-";"2008";42623
"Economia";"PIB";"Produto Interno Bruto a Preços Correntes (Mil Reais)";"Marajó";"São Sebastião da Boa Vista";"-";"2009";43965
"Economia";"PIB";"Produto Interno Bruto a Preços Correntes (Mil Reais)";"Marajó";"São Sebastião da Boa Vista";"-";"2010";98323,587
"Economia";"PIB";"Produto Interno Bruto a Preços Correntes (Mil Reais)";"Marajó";"São Sebastião da Boa Vista";"-";"2011";120634,268
"Economia";"PIB";"Produto Interno Bruto a Preços Correntes (Mil Reais)";"Marajó";"São Sebastião da Boa Vista";"-";"2012";131520,274
"Economia";"PIB";"Produto Interno Bruto a Preços Correntes (Mil Reais)";"Marajó";"São Sebastião da Boa Vista";"-";"2013";153980,773
"Economia";"PIB";"Produto Interno Bruto a Preços Correntes (Mil Reais)";"Marajó";"São Sebastião da Boa Vista";"-";"2014";164856,557
"Economia";"PIB";"Produto Interno Bruto a Preços Correntes (Mil Reais)";"Marajó";"São Sebastião da Boa Vista";"-";"2015";169416
"Economia";"PIB";"Produto Interno Bruto a Preços Correntes (Mil Reais)";"Marajó";"São Sebastião da Boa Vista";"-";"2016";176914
"Economia";"PIB";"Produto Interno Bruto a Preços Correntes (Mil Reais)";"Marajó";"São Sebastião da Boa Vista";"-";"2017";206893
"Economia";"PIB";"Produto Interno Bruto a Preços Correntes (Mil Reais)";"Marajó";"São Sebastião da Boa Vista";"-";"2018";209187,353
"Economia";"PIB";"Produto Interno Bruto a Preços Correntes (Mil Reais)";"Marajó";"São Sebastião da Boa Vista";"-";"2019";205413,94
"Economia";"PIB";"Produto Interno Bruto a Preços Correntes (Mil Reais)";"Marajó";"São Sebastião da Boa Vista";"-";"2020";228370,699
"Economia";"PIB";"Produto Interno Bruto a Preços Correntes (Mil Reais)";"Marajó";"São Sebastião da Boa Vista";"-";"2021";245027,546
"Economia";"PIB";"Produto Interno Bruto a Preços Correntes (Mil Reais)";"Araguaia";"Sapucaia";"-";"2008";48237
"Economia";"PIB";"Produto Interno Bruto a Preços Correntes (Mil Reais)";"Araguaia";"Sapucaia";"-";"2009";50180
"Economia";"PIB";"Produto Interno Bruto a Preços Correntes (Mil Reais)";"Araguaia";"Sapucaia";"-";"2010";54126,281
"Economia";"PIB";"Produto Interno Bruto a Preços Correntes (Mil Reais)";"Araguaia";"Sapucaia";"-";"2011";62947,571
"Economia";"PIB";"Produto Interno Bruto a Preços Correntes (Mil Reais)";"Araguaia";"Sapucaia";"-";"2012";52925,062
"Economia";"PIB";"Produto Interno Bruto a Preços Correntes (Mil Reais)";"Araguaia";"Sapucaia";"-";"2013";74710,586
"Economia";"PIB";"Produto Interno Bruto a Preços Correntes (Mil Reais)";"Araguaia";"Sapucaia";"-";"2014";80247,281
"Economia";"PIB";"Produto Interno Bruto a Preços Correntes (Mil Reais)";"Araguaia";"Sapucaia";"-";"2015";89659
"Economia";"PIB";"Produto Interno Bruto a Preços Correntes (Mil Reais)";"Araguaia";"Sapucaia";"-";"2016";96808
"Economia";"PIB";"Produto Interno Bruto a Preços Correntes (Mil Reais)";"Araguaia";"Sapucaia";"-";"2017";108012
"Economia";"PIB";"Produto Interno Bruto a Preços Correntes (Mil Reais)";"Araguaia";"Sapucaia";"-";"2018";99546,706
"Economia";"PIB";"Produto Interno Bruto a Preços Correntes (Mil Reais)";"Araguaia";"Sapucaia";"-";"2019";105981,373
"Economia";"PIB";"Produto Interno Bruto a Preços Correntes (Mil Reais)";"Araguaia";"Sapucaia";"-";"2020";114253,396
"Economia";"PIB";"Produto Interno Bruto a Preços Correntes (Mil Reais)";"Araguaia";"Sapucaia";"-";"2021";141176,27
"Economia";"PIB";"Produto Interno Bruto a Preços Correntes (Mil Reais)";"Xingu";"Senador José Porfírio";"-";"2008";72987
"Economia";"PIB";"Produto Interno Bruto a Preços Correntes (Mil Reais)";"Xingu";"Senador José Porfírio";"-";"2009";81758
"Economia";"PIB";"Produto Interno Bruto a Preços Correntes (Mil Reais)";"Xingu";"Senador José Porfírio";"-";"2010";57736,302
"Economia";"PIB";"Produto Interno Bruto a Preços Correntes (Mil Reais)";"Xingu";"Senador José Porfírio";"-";"2011";67803,574
"Economia";"PIB";"Produto Interno Bruto a Preços Correntes (Mil Reais)";"Xingu";"Senador José Porfírio";"-";"2012";74026,959
"Economia";"PIB";"Produto Interno Bruto a Preços Correntes (Mil Reais)";"Xingu";"Senador José Porfírio";"-";"2013";95152,556
"Economia";"PIB";"Produto Interno Bruto a Preços Correntes (Mil Reais)";"Xingu";"Senador José Porfírio";"-";"2014";98045,247
"Economia";"PIB";"Produto Interno Bruto a Preços Correntes (Mil Reais)";"Xingu";"Senador José Porfírio";"-";"2015";113430
"Economia";"PIB";"Produto Interno Bruto a Preços Correntes (Mil Reais)";"Xingu";"Senador José Porfírio";"-";"2016";119237
"Economia";"PIB";"Produto Interno Bruto a Preços Correntes (Mil Reais)";"Xingu";"Senador José Porfírio";"-";"2017";126968
"Economia";"PIB";"Produto Interno Bruto a Preços Correntes (Mil Reais)";"Xingu";"Senador José Porfírio";"-";"2018";135520,266
"Economia";"PIB";"Produto Interno Bruto a Preços Correntes (Mil Reais)";"Xingu";"Senador José Porfírio";"-";"2019";162892,638
"Economia";"PIB";"Produto Interno Bruto a Preços Correntes (Mil Reais)";"Xingu";"Senador José Porfírio";"-";"2020";199269,956
"Economia";"PIB";"Produto Interno Bruto a Preços Correntes (Mil Reais)";"Xingu";"Senador José Porfírio";"-";"2021";246281,319
"Economia";"PIB";"Produto Interno Bruto a Preços Correntes (Mil Reais)";"Marajó";"Soure";"-";"2008";325378
"Economia";"PIB";"Produto Interno Bruto a Preços Correntes (Mil Reais)";"Marajó";"Soure";"-";"2009";354226
"Economia";"PIB";"Produto Interno Bruto a Preços Correntes (Mil Reais)";"Marajó";"Soure";"-";"2010";86847,417
"Economia";"PIB";"Produto Interno Bruto a Preços Correntes (Mil Reais)";"Marajó";"Soure";"-";"2011";97767,142
"Economia";"PIB";"Produto Interno Bruto a Preços Correntes (Mil Reais)";"Marajó";"Soure";"-";"2012";137858,325
"Economia";"PIB";"Produto Interno Bruto a Preços Correntes (Mil Reais)";"Marajó";"Soure";"-";"2013";135445,989
"Economia";"PIB";"Produto Interno Bruto a Preços Correntes (Mil Reais)";"Marajó";"Soure";"-";"2014";146651,681
"Economia";"PIB";"Produto Interno Bruto a Preços Correntes (Mil Reais)";"Marajó";"Soure";"-";"2015";165410
"Economia";"PIB";"Produto Interno Bruto a Preços Correntes (Mil Reais)";"Marajó";"Soure";"-";"2016";179866
"Economia";"PIB";"Produto Interno Bruto a Preços Correntes (Mil Reais)";"Marajó";"Soure";"-";"2017";175016
"Economia";"PIB";"Produto Interno Bruto a Preços Correntes (Mil Reais)";"Marajó";"Soure";"-";"2018";188033,181
"Economia";"PIB";"Produto Interno Bruto a Preços Correntes (Mil Reais)";"Marajó";"Soure";"-";"2019";197181,843
"Economia";"PIB";"Produto Interno Bruto a Preços Correntes (Mil Reais)";"Marajó";"Soure";"-";"2020";217311,603
"Economia";"PIB";"Produto Interno Bruto a Preços Correntes (Mil Reais)";"Marajó";"Soure";"-";"2021";241802,979
"Economia";"PIB";"Produto Interno Bruto a Preços Correntes (Mil Reais)";"Tocantins";"Tailândia";"-";"2008";24189
"Economia";"PIB";"Produto Interno Bruto a Preços Correntes (Mil Reais)";"Tocantins";"Tailândia";"-";"2009";27175
"Economia";"PIB";"Produto Interno Bruto a Preços Correntes (Mil Reais)";"Tocantins";"Tailândia";"-";"2010";422200,902
"Economia";"PIB";"Produto Interno Bruto a Preços Correntes (Mil Reais)";"Tocantins";"Tailândia";"-";"2011";492291,628
"Economia";"PIB";"Produto Interno Bruto a Preços Correntes (Mil Reais)";"Tocantins";"Tailândia";"-";"2012";508560,613
"Economia";"PIB";"Produto Interno Bruto a Preços Correntes (Mil Reais)";"Tocantins";"Tailândia";"-";"2013";620710,23
"Economia";"PIB";"Produto Interno Bruto a Preços Correntes (Mil Reais)";"Tocantins";"Tailândia";"-";"2014";744110,028
"Economia";"PIB";"Produto Interno Bruto a Preços Correntes (Mil Reais)";"Tocantins";"Tailândia";"-";"2015";789823
"Economia";"PIB";"Produto Interno Bruto a Preços Correntes (Mil Reais)";"Tocantins";"Tailândia";"-";"2016";874419
"Economia";"PIB";"Produto Interno Bruto a Preços Correntes (Mil Reais)";"Tocantins";"Tailândia";"-";"2017";846793
"Economia";"PIB";"Produto Interno Bruto a Preços Correntes (Mil Reais)";"Tocantins";"Tailândia";"-";"2018";897543,94
"Economia";"PIB";"Produto Interno Bruto a Preços Correntes (Mil Reais)";"Tocantins";"Tailândia";"-";"2019";949051,595
"Economia";"PIB";"Produto Interno Bruto a Preços Correntes (Mil Reais)";"Tocantins";"Tailândia";"-";"2020";1078408,828
"Economia";"PIB";"Produto Interno Bruto a Preços Correntes (Mil Reais)";"Tocantins";"Tailândia";"-";"2021";1291722,481
"Economia";"PIB";"Produto Interno Bruto a Preços Correntes (Mil Reais)";"Guamá";"Terra Alta";"-";"2008";48261
"Economia";"PIB";"Produto Interno Bruto a Preços Correntes (Mil Reais)";"Guamá";"Terra Alta";"-";"2009";55228
"Economia";"PIB";"Produto Interno Bruto a Preços Correntes (Mil Reais)";"Guamá";"Terra Alta";"-";"2010";34897,022
"Economia";"PIB";"Produto Interno Bruto a Preços Correntes (Mil Reais)";"Guamá";"Terra Alta";"-";"2011";40005,838
"Economia";"PIB";"Produto Interno Bruto a Preços Correntes (Mil Reais)";"Guamá";"Terra Alta";"-";"2012";40539,315
"Economia";"PIB";"Produto Interno Bruto a Preços Correntes (Mil Reais)";"Guamá";"Terra Alta";"-";"2013";63334,624
"Economia";"PIB";"Produto Interno Bruto a Preços Correntes (Mil Reais)";"Guamá";"Terra Alta";"-";"2014";57008,679
"Economia";"PIB";"Produto Interno Bruto a Preços Correntes (Mil Reais)";"Guamá";"Terra Alta";"-";"2015";63158
"Economia";"PIB";"Produto Interno Bruto a Preços Correntes (Mil Reais)";"Guamá";"Terra Alta";"-";"2016";68169
"Economia";"PIB";"Produto Interno Bruto a Preços Correntes (Mil Reais)";"Guamá";"Terra Alta";"-";"2017";71819
"Economia";"PIB";"Produto Interno Bruto a Preços Correntes (Mil Reais)";"Guamá";"Terra Alta";"-";"2018";70380,167
"Economia";"PIB";"Produto Interno Bruto a Preços Correntes (Mil Reais)";"Guamá";"Terra Alta";"-";"2019";71266,729
"Economia";"PIB";"Produto Interno Bruto a Preços Correntes (Mil Reais)";"Guamá";"Terra Alta";"-";"2020";77116,908
"Economia";"PIB";"Produto Interno Bruto a Preços Correntes (Mil Reais)";"Guamá";"Terra Alta";"-";"2021";83046,102
"Economia";"PIB";"Produto Interno Bruto a Preços Correntes (Mil Reais)";"Baixo Amazonas";"Terra Santa";"-";"2008";212035
"Economia";"PIB";"Produto Interno Bruto a Preços Correntes (Mil Reais)";"Baixo Amazonas";"Terra Santa";"-";"2009";227361
"Economia";"PIB";"Produto Interno Bruto a Preços Correntes (Mil Reais)";"Baixo Amazonas";"Terra Santa";"-";"2010";71984,328
"Economia";"PIB";"Produto Interno Bruto a Preços Correntes (Mil Reais)";"Baixo Amazonas";"Terra Santa";"-";"2011";76490,267
"Economia";"PIB";"Produto Interno Bruto a Preços Correntes (Mil Reais)";"Baixo Amazonas";"Terra Santa";"-";"2012";346021,505
"Economia";"PIB";"Produto Interno Bruto a Preços Correntes (Mil Reais)";"Baixo Amazonas";"Terra Santa";"-";"2013";304290,263
"Economia";"PIB";"Produto Interno Bruto a Preços Correntes (Mil Reais)";"Baixo Amazonas";"Terra Santa";"-";"2014";399836,606
"Economia";"PIB";"Produto Interno Bruto a Preços Correntes (Mil Reais)";"Baixo Amazonas";"Terra Santa";"-";"2015";484668
"Economia";"PIB";"Produto Interno Bruto a Preços Correntes (Mil Reais)";"Baixo Amazonas";"Terra Santa";"-";"2016";458707
"Economia";"PIB";"Produto Interno Bruto a Preços Correntes (Mil Reais)";"Baixo Amazonas";"Terra Santa";"-";"2017";527426
"Economia";"PIB";"Produto Interno Bruto a Preços Correntes (Mil Reais)";"Baixo Amazonas";"Terra Santa";"-";"2018";510354,77
"Economia";"PIB";"Produto Interno Bruto a Preços Correntes (Mil Reais)";"Baixo Amazonas";"Terra Santa";"-";"2019";470503,139
"Economia";"PIB";"Produto Interno Bruto a Preços Correntes (Mil Reais)";"Baixo Amazonas";"Terra Santa";"-";"2020";433192,49
"Economia";"PIB";"Produto Interno Bruto a Preços Correntes (Mil Reais)";"Baixo Amazonas";"Terra Santa";"-";"2021";519541,124
"Economia";"PIB";"Produto Interno Bruto a Preços Correntes (Mil Reais)";"Rio Capim";"Tomé-Açu";"-";"2008";65696
"Economia";"PIB";"Produto Interno Bruto a Preços Correntes (Mil Reais)";"Rio Capim";"Tomé-Açu";"-";"2009";69577
"Economia";"PIB";"Produto Interno Bruto a Preços Correntes (Mil Reais)";"Rio Capim";"Tomé-Açu";"-";"2010";335913,012
"Economia";"PIB";"Produto Interno Bruto a Preços Correntes (Mil Reais)";"Rio Capim";"Tomé-Açu";"-";"2011";397127,295
"Economia";"PIB";"Produto Interno Bruto a Preços Correntes (Mil Reais)";"Rio Capim";"Tomé-Açu";"-";"2012";435061,276
"Economia";"PIB";"Produto Interno Bruto a Preços Correntes (Mil Reais)";"Rio Capim";"Tomé-Açu";"-";"2013";469053,733
"Economia";"PIB";"Produto Interno Bruto a Preços Correntes (Mil Reais)";"Rio Capim";"Tomé-Açu";"-";"2014";515999,417
"Economia";"PIB";"Produto Interno Bruto a Preços Correntes (Mil Reais)";"Rio Capim";"Tomé-Açu";"-";"2015";557048
"Economia";"PIB";"Produto Interno Bruto a Preços Correntes (Mil Reais)";"Rio Capim";"Tomé-Açu";"-";"2016";643689
"Economia";"PIB";"Produto Interno Bruto a Preços Correntes (Mil Reais)";"Rio Capim";"Tomé-Açu";"-";"2017";639412
"Economia";"PIB";"Produto Interno Bruto a Preços Correntes (Mil Reais)";"Rio Capim";"Tomé-Açu";"-";"2018";667658,408
"Economia";"PIB";"Produto Interno Bruto a Preços Correntes (Mil Reais)";"Rio Capim";"Tomé-Açu";"-";"2019";710990,845
"Economia";"PIB";"Produto Interno Bruto a Preços Correntes (Mil Reais)";"Rio Capim";"Tomé-Açu";"-";"2020";815232,1
"Economia";"PIB";"Produto Interno Bruto a Preços Correntes (Mil Reais)";"Rio Capim";"Tomé-Açu";"-";"2021";1040635,19
"Economia";"PIB";"Produto Interno Bruto a Preços Correntes (Mil Reais)";"Rio Caeté";"Tracuateua";"-";"2008";61036
"Economia";"PIB";"Produto Interno Bruto a Preços Correntes (Mil Reais)";"Rio Caeté";"Tracuateua";"-";"2009";69128
"Economia";"PIB";"Produto Interno Bruto a Preços Correntes (Mil Reais)";"Rio Caeté";"Tracuateua";"-";"2010";95702,985
"Economia";"PIB";"Produto Interno Bruto a Preços Correntes (Mil Reais)";"Rio Caeté";"Tracuateua";"-";"2011";116061,494
"Economia";"PIB";"Produto Interno Bruto a Preços Correntes (Mil Reais)";"Rio Caeté";"Tracuateua";"-";"2012";133833,609
"Economia";"PIB";"Produto Interno Bruto a Preços Correntes (Mil Reais)";"Rio Caeté";"Tracuateua";"-";"2013";181178,749
"Economia";"PIB";"Produto Interno Bruto a Preços Correntes (Mil Reais)";"Rio Caeté";"Tracuateua";"-";"2014";187887,755
"Economia";"PIB";"Produto Interno Bruto a Preços Correntes (Mil Reais)";"Rio Caeté";"Tracuateua";"-";"2015";187974
"Economia";"PIB";"Produto Interno Bruto a Preços Correntes (Mil Reais)";"Rio Caeté";"Tracuateua";"-";"2016";231943
"Economia";"PIB";"Produto Interno Bruto a Preços Correntes (Mil Reais)";"Rio Caeté";"Tracuateua";"-";"2017";248331
"Economia";"PIB";"Produto Interno Bruto a Preços Correntes (Mil Reais)";"Rio Caeté";"Tracuateua";"-";"2018";215620,016
"Economia";"PIB";"Produto Interno Bruto a Preços Correntes (Mil Reais)";"Rio Caeté";"Tracuateua";"-";"2019";231423,859
"Economia";"PIB";"Produto Interno Bruto a Preços Correntes (Mil Reais)";"Rio Caeté";"Tracuateua";"-";"2020";295647,613
"Economia";"PIB";"Produto Interno Bruto a Preços Correntes (Mil Reais)";"Rio Caeté";"Tracuateua";"-";"2021";285330,166
"Economia";"PIB";"Produto Interno Bruto a Preços Correntes (Mil Reais)";"Tapajós";"Trairão";"-";"2008";226971
"Economia";"PIB";"Produto Interno Bruto a Preços Correntes (Mil Reais)";"Tapajós";"Trairão";"-";"2009";246194
"Economia";"PIB";"Produto Interno Bruto a Preços Correntes (Mil Reais)";"Tapajós";"Trairão";"-";"2010";103515,1
"Economia";"PIB";"Produto Interno Bruto a Preços Correntes (Mil Reais)";"Tapajós";"Trairão";"-";"2011";133522,547
"Economia";"PIB";"Produto Interno Bruto a Preços Correntes (Mil Reais)";"Tapajós";"Trairão";"-";"2012";155087,609
"Economia";"PIB";"Produto Interno Bruto a Preços Correntes (Mil Reais)";"Tapajós";"Trairão";"-";"2013";201239,549
"Economia";"PIB";"Produto Interno Bruto a Preços Correntes (Mil Reais)";"Tapajós";"Trairão";"-";"2014";212127,256
"Economia";"PIB";"Produto Interno Bruto a Preços Correntes (Mil Reais)";"Tapajós";"Trairão";"-";"2015";226746
"Economia";"PIB";"Produto Interno Bruto a Preços Correntes (Mil Reais)";"Tapajós";"Trairão";"-";"2016";310251
"Economia";"PIB";"Produto Interno Bruto a Preços Correntes (Mil Reais)";"Tapajós";"Trairão";"-";"2017";329448
"Economia";"PIB";"Produto Interno Bruto a Preços Correntes (Mil Reais)";"Tapajós";"Trairão";"-";"2018";294076,383
"Economia";"PIB";"Produto Interno Bruto a Preços Correntes (Mil Reais)";"Tapajós";"Trairão";"-";"2019";286213,6
"Economia";"PIB";"Produto Interno Bruto a Preços Correntes (Mil Reais)";"Tapajós";"Trairão";"-";"2020";276380,289
"Economia";"PIB";"Produto Interno Bruto a Preços Correntes (Mil Reais)";"Tapajós";"Trairão";"-";"2021";327522,826
"Economia";"PIB";"Produto Interno Bruto a Preços Correntes (Mil Reais)";"Araguaia";"Tucumã";"-";"2008";2588891
"Economia";"PIB";"Produto Interno Bruto a Preços Correntes (Mil Reais)";"Araguaia";"Tucumã";"-";"2009";1901476
"Economia";"PIB";"Produto Interno Bruto a Preços Correntes (Mil Reais)";"Araguaia";"Tucumã";"-";"2010";348357,922
"Economia";"PIB";"Produto Interno Bruto a Preços Correntes (Mil Reais)";"Araguaia";"Tucumã";"-";"2011";395991,774
"Economia";"PIB";"Produto Interno Bruto a Preços Correntes (Mil Reais)";"Araguaia";"Tucumã";"-";"2012";473133,875
"Economia";"PIB";"Produto Interno Bruto a Preços Correntes (Mil Reais)";"Araguaia";"Tucumã";"-";"2013";463405,182
"Economia";"PIB";"Produto Interno Bruto a Preços Correntes (Mil Reais)";"Araguaia";"Tucumã";"-";"2014";566191,034
"Economia";"PIB";"Produto Interno Bruto a Preços Correntes (Mil Reais)";"Araguaia";"Tucumã";"-";"2015";664104
"Economia";"PIB";"Produto Interno Bruto a Preços Correntes (Mil Reais)";"Araguaia";"Tucumã";"-";"2016";717362
"Economia";"PIB";"Produto Interno Bruto a Preços Correntes (Mil Reais)";"Araguaia";"Tucumã";"-";"2017";757450
"Economia";"PIB";"Produto Interno Bruto a Preços Correntes (Mil Reais)";"Araguaia";"Tucumã";"-";"2018";778560,266
"Economia";"PIB";"Produto Interno Bruto a Preços Correntes (Mil Reais)";"Araguaia";"Tucumã";"-";"2019";826904,372
"Economia";"PIB";"Produto Interno Bruto a Preços Correntes (Mil Reais)";"Araguaia";"Tucumã";"-";"2020";861822,647
"Economia";"PIB";"Produto Interno Bruto a Preços Correntes (Mil Reais)";"Araguaia";"Tucumã";"-";"2021";984423,17
"Economia";"PIB";"Produto Interno Bruto a Preços Correntes (Mil Reais)";"Lago de Tucuruí";"Tucuruí";"-";"2008";164806
"Economia";"PIB";"Produto Interno Bruto a Preços Correntes (Mil Reais)";"Lago de Tucuruí";"Tucuruí";"-";"2009";173820
"Economia";"PIB";"Produto Interno Bruto a Preços Correntes (Mil Reais)";"Lago de Tucuruí";"Tucuruí";"-";"2010";2566105,142
"Economia";"PIB";"Produto Interno Bruto a Preços Correntes (Mil Reais)";"Lago de Tucuruí";"Tucuruí";"-";"2011";2799474,773
"Economia";"PIB";"Produto Interno Bruto a Preços Correntes (Mil Reais)";"Lago de Tucuruí";"Tucuruí";"-";"2012";2922724,641
"Economia";"PIB";"Produto Interno Bruto a Preços Correntes (Mil Reais)";"Lago de Tucuruí";"Tucuruí";"-";"2013";3655059,089
"Economia";"PIB";"Produto Interno Bruto a Preços Correntes (Mil Reais)";"Lago de Tucuruí";"Tucuruí";"-";"2014";2950659,865
"Economia";"PIB";"Produto Interno Bruto a Preços Correntes (Mil Reais)";"Lago de Tucuruí";"Tucuruí";"-";"2015";4409818
"Economia";"PIB";"Produto Interno Bruto a Preços Correntes (Mil Reais)";"Lago de Tucuruí";"Tucuruí";"-";"2016";4356154
"Economia";"PIB";"Produto Interno Bruto a Preços Correntes (Mil Reais)";"Lago de Tucuruí";"Tucuruí";"-";"2017";6461838
"Economia";"PIB";"Produto Interno Bruto a Preços Correntes (Mil Reais)";"Lago de Tucuruí";"Tucuruí";"-";"2018";7481521,942
"Economia";"PIB";"Produto Interno Bruto a Preços Correntes (Mil Reais)";"Lago de Tucuruí";"Tucuruí";"-";"2019";5301009,574
"Economia";"PIB";"Produto Interno Bruto a Preços Correntes (Mil Reais)";"Lago de Tucuruí";"Tucuruí";"-";"2020";4568225,601
"Economia";"PIB";"Produto Interno Bruto a Preços Correntes (Mil Reais)";"Lago de Tucuruí";"Tucuruí";"-";"2021";5614501,329
"Economia";"PIB";"Produto Interno Bruto a Preços Correntes (Mil Reais)";"Rio Capim";"Ulianópolis";"-";"2008";176342
"Economia";"PIB";"Produto Interno Bruto a Preços Correntes (Mil Reais)";"Rio Capim";"Ulianópolis";"-";"2009";182390
"Economia";"PIB";"Produto Interno Bruto a Preços Correntes (Mil Reais)";"Rio Capim";"Ulianópolis";"-";"2010";545230,465
"Economia";"PIB";"Produto Interno Bruto a Preços Correntes (Mil Reais)";"Rio Capim";"Ulianópolis";"-";"2011";803723,228
"Economia";"PIB";"Produto Interno Bruto a Preços Correntes (Mil Reais)";"Rio Capim";"Ulianópolis";"-";"2012";828084,29
"Economia";"PIB";"Produto Interno Bruto a Preços Correntes (Mil Reais)";"Rio Capim";"Ulianópolis";"-";"2013";1345825,544
"Economia";"PIB";"Produto Interno Bruto a Preços Correntes (Mil Reais)";"Rio Capim";"Ulianópolis";"-";"2014";1210198,047
"Economia";"PIB";"Produto Interno Bruto a Preços Correntes (Mil Reais)";"Rio Capim";"Ulianópolis";"-";"2015";1336059
"Economia";"PIB";"Produto Interno Bruto a Preços Correntes (Mil Reais)";"Rio Capim";"Ulianópolis";"-";"2016";1305409
"Economia";"PIB";"Produto Interno Bruto a Preços Correntes (Mil Reais)";"Rio Capim";"Ulianópolis";"-";"2017";1245238
"Economia";"PIB";"Produto Interno Bruto a Preços Correntes (Mil Reais)";"Rio Capim";"Ulianópolis";"-";"2018";1330085,064
"Economia";"PIB";"Produto Interno Bruto a Preços Correntes (Mil Reais)";"Rio Capim";"Ulianópolis";"-";"2019";1589797,719
"Economia";"PIB";"Produto Interno Bruto a Preços Correntes (Mil Reais)";"Rio Capim";"Ulianópolis";"-";"2020";1857313,39
"Economia";"PIB";"Produto Interno Bruto a Preços Correntes (Mil Reais)";"Rio Capim";"Ulianópolis";"-";"2021";1995884,062
"Economia";"PIB";"Produto Interno Bruto a Preços Correntes (Mil Reais)";"Xingu";"Uruará";"-";"2008";138197
"Economia";"PIB";"Produto Interno Bruto a Preços Correntes (Mil Reais)";"Xingu";"Uruará";"-";"2009";164843
"Economia";"PIB";"Produto Interno Bruto a Preços Correntes (Mil Reais)";"Xingu";"Uruará";"-";"2010";294588,008
"Economia";"PIB";"Produto Interno Bruto a Preços Correntes (Mil Reais)";"Xingu";"Uruará";"-";"2011";324947,012
"Economia";"PIB";"Produto Interno Bruto a Preços Correntes (Mil Reais)";"Xingu";"Uruará";"-";"2012";334351,595
"Economia";"PIB";"Produto Interno Bruto a Preços Correntes (Mil Reais)";"Xingu";"Uruará";"-";"2013";361319,076
"Economia";"PIB";"Produto Interno Bruto a Preços Correntes (Mil Reais)";"Xingu";"Uruará";"-";"2014";465810,63
"Economia";"PIB";"Produto Interno Bruto a Preços Correntes (Mil Reais)";"Xingu";"Uruará";"-";"2015";499254
"Economia";"PIB";"Produto Interno Bruto a Preços Correntes (Mil Reais)";"Xingu";"Uruará";"-";"2016";504096
"Economia";"PIB";"Produto Interno Bruto a Preços Correntes (Mil Reais)";"Xingu";"Uruará";"-";"2017";511969
"Economia";"PIB";"Produto Interno Bruto a Preços Correntes (Mil Reais)";"Xingu";"Uruará";"-";"2018";545493,084
"Economia";"PIB";"Produto Interno Bruto a Preços Correntes (Mil Reais)";"Xingu";"Uruará";"-";"2019";609425,067
"Economia";"PIB";"Produto Interno Bruto a Preços Correntes (Mil Reais)";"Xingu";"Uruará";"-";"2020";717056,149
"Economia";"PIB";"Produto Interno Bruto a Preços Correntes (Mil Reais)";"Xingu";"Uruará";"-";"2021";774530,03
"Economia";"PIB";"Produto Interno Bruto a Preços Correntes (Mil Reais)";"Guamá";"Vigia";"-";"2008";142137
"Economia";"PIB";"Produto Interno Bruto a Preços Correntes (Mil Reais)";"Guamá";"Vigia";"-";"2009";158987
"Economia";"PIB";"Produto Interno Bruto a Preços Correntes (Mil Reais)";"Guamá";"Vigia";"-";"2010";180174,12
"Economia";"PIB";"Produto Interno Bruto a Preços Correntes (Mil Reais)";"Guamá";"Vigia";"-";"2011";217814,233
"Economia";"PIB";"Produto Interno Bruto a Preços Correntes (Mil Reais)";"Guamá";"Vigia";"-";"2012";252284,755
"Economia";"PIB";"Produto Interno Bruto a Preços Correntes (Mil Reais)";"Guamá";"Vigia";"-";"2013";279435,414
"Economia";"PIB";"Produto Interno Bruto a Preços Correntes (Mil Reais)";"Guamá";"Vigia";"-";"2014";321841,675
"Economia";"PIB";"Produto Interno Bruto a Preços Correntes (Mil Reais)";"Guamá";"Vigia";"-";"2015";352008
"Economia";"PIB";"Produto Interno Bruto a Preços Correntes (Mil Reais)";"Guamá";"Vigia";"-";"2016";365883
"Economia";"PIB";"Produto Interno Bruto a Preços Correntes (Mil Reais)";"Guamá";"Vigia";"-";"2017";373305
"Economia";"PIB";"Produto Interno Bruto a Preços Correntes (Mil Reais)";"Guamá";"Vigia";"-";"2018";382250,648
"Economia";"PIB";"Produto Interno Bruto a Preços Correntes (Mil Reais)";"Guamá";"Vigia";"-";"2019";387399,135
"Economia";"PIB";"Produto Interno Bruto a Preços Correntes (Mil Reais)";"Guamá";"Vigia";"-";"2020";418915,031
"Economia";"PIB";"Produto Interno Bruto a Preços Correntes (Mil Reais)";"Guamá";"Vigia";"-";"2021";476786,634
"Economia";"PIB";"Produto Interno Bruto a Preços Correntes (Mil Reais)";"Rio Caeté";"Viseu";"-";"2008";69277
"Economia";"PIB";"Produto Interno Bruto a Preços Correntes (Mil Reais)";"Rio Caeté";"Viseu";"-";"2009";72550
"Economia";"PIB";"Produto Interno Bruto a Preços Correntes (Mil Reais)";"Rio Caeté";"Viseu";"-";"2010";237508,911
"Economia";"PIB";"Produto Interno Bruto a Preços Correntes (Mil Reais)";"Rio Caeté";"Viseu";"-";"2011";282072,554
"Economia";"PIB";"Produto Interno Bruto a Preços Correntes (Mil Reais)";"Rio Caeté";"Viseu";"-";"2012";322765,396
"Economia";"PIB";"Produto Interno Bruto a Preços Correntes (Mil Reais)";"Rio Caeté";"Viseu";"-";"2013";430259,777
"Economia";"PIB";"Produto Interno Bruto a Preços Correntes (Mil Reais)";"Rio Caeté";"Viseu";"-";"2014";413310,145
"Economia";"PIB";"Produto Interno Bruto a Preços Correntes (Mil Reais)";"Rio Caeté";"Viseu";"-";"2015";434230
"Economia";"PIB";"Produto Interno Bruto a Preços Correntes (Mil Reais)";"Rio Caeté";"Viseu";"-";"2016";664390
"Economia";"PIB";"Produto Interno Bruto a Preços Correntes (Mil Reais)";"Rio Caeté";"Viseu";"-";"2017";613446
"Economia";"PIB";"Produto Interno Bruto a Preços Correntes (Mil Reais)";"Rio Caeté";"Viseu";"-";"2018";486514,846
"Economia";"PIB";"Produto Interno Bruto a Preços Correntes (Mil Reais)";"Rio Caeté";"Viseu";"-";"2019";488298,989
"Economia";"PIB";"Produto Interno Bruto a Preços Correntes (Mil Reais)";"Rio Caeté";"Viseu";"-";"2020";619546,663
"Economia";"PIB";"Produto Interno Bruto a Preços Correntes (Mil Reais)";"Rio Caeté";"Viseu";"-";"2021";618568,478
"Economia";"PIB";"Produto Interno Bruto a Preços Correntes (Mil Reais)";"Xingu";"Vitória do Xingu";"-";"2008";362742
"Economia";"PIB";"Produto Interno Bruto a Preços Correntes (Mil Reais)";"Xingu";"Vitória do Xingu";"-";"2009";422445
"Economia";"PIB";"Produto Interno Bruto a Preços Correntes (Mil Reais)";"Xingu";"Vitória do Xingu";"-";"2010";92756,227
"Economia";"PIB";"Produto Interno Bruto a Preços Correntes (Mil Reais)";"Xingu";"Vitória do Xingu";"-";"2011";111884,251
"Economia";"PIB";"Produto Interno Bruto a Preços Correntes (Mil Reais)";"Xingu";"Vitória do Xingu";"-";"2012";154595,125
"Economia";"PIB";"Produto Interno Bruto a Preços Correntes (Mil Reais)";"Xingu";"Vitória do Xingu";"-";"2013";373868,617
"Economia";"PIB";"Produto Interno Bruto a Preços Correntes (Mil Reais)";"Xingu";"Vitória do Xingu";"-";"2014";451839,331
"Economia";"PIB";"Produto Interno Bruto a Preços Correntes (Mil Reais)";"Xingu";"Vitória do Xingu";"-";"2015";805867
"Economia";"PIB";"Produto Interno Bruto a Preços Correntes (Mil Reais)";"Xingu";"Vitória do Xingu";"-";"2016";966759
"Economia";"PIB";"Produto Interno Bruto a Preços Correntes (Mil Reais)";"Xingu";"Vitória do Xingu";"-";"2017";3088937
"Economia";"PIB";"Produto Interno Bruto a Preços Correntes (Mil Reais)";"Xingu";"Vitória do Xingu";"-";"2018";4375684,691
"Economia";"PIB";"Produto Interno Bruto a Preços Correntes (Mil Reais)";"Xingu";"Vitória do Xingu";"-";"2019";4092449,175
"Economia";"PIB";"Produto Interno Bruto a Preços Correntes (Mil Reais)";"Xingu";"Vitória do Xingu";"-";"2020";3834577,48
"Economia";"PIB";"Produto Interno Bruto a Preços Correntes (Mil Reais)";"Xingu";"Vitória do Xingu";"-";"2021";4230777,51
"Economia";"PIB";"Produto Interno Bruto a Preços Correntes (Mil Reais)";"Araguaia";"Xinguara";"-";"2008";500256,054
"Economia";"PIB";"Produto Interno Bruto a Preços Correntes (Mil Reais)";"Araguaia";"Xinguara";"-";"2009";585301,97
"Economia";"PIB";"Produto Interno Bruto a Preços Correntes (Mil Reais)";"Araguaia";"Xinguara";"-";"2010";585301,97
"Economia";"PIB";"Produto Interno Bruto a Preços Correntes (Mil Reais)";"Araguaia";"Xinguara";"-";"2011";569965,794
"Economia";"PIB";"Produto Interno Bruto a Preços Correntes (Mil Reais)";"Araguaia";"Xinguara";"-";"2012";710788,38
"Economia";"PIB";"Produto Interno Bruto a Preços Correntes (Mil Reais)";"Araguaia";"Xinguara";"-";"2013";858795,963
"Economia";"PIB";"Produto Interno Bruto a Preços Correntes (Mil Reais)";"Araguaia";"Xinguara";"-";"2014";1157432
"Economia";"PIB";"Produto Interno Bruto a Preços Correntes (Mil Reais)";"Araguaia";"Xinguara";"-";"2015";1218114
"Economia";"PIB";"Produto Interno Bruto a Preços Correntes (Mil Reais)";"Araguaia";"Xinguara";"-";"2016";0
"Economia";"PIB";"Produto Interno Bruto a Preços Correntes (Mil Reais)";"Araguaia";"Xinguara";"-";"2017";0
"Economia";"PIB";"Produto Interno Bruto a Preços Correntes (Mil Reais)";"Araguaia";"Xinguara";"-";"2018";0
"Economia";"PIB";"Produto Interno Bruto a Preços Correntes (Mil Reais)";"Araguaia";"Xinguara";"-";"2019";0
"Economia";"PIB";"Produto Interno Bruto a Preços Correntes (Mil Reais)";"Araguaia";"Xinguara";"-";"2020";0
"Economia";"PIB";"Produto Interno Bruto a Preços Correntes (Mil Reais)";"Araguaia";"Xinguara";"-";"2021";1605020,176
