"tematica";"subtema";"indicador";"ri";"localidade";"categoria";"ano";"valor"
"Economia";"PIB";"Valor Adicionado Bruto a Preços Correntes Total (Mil Reais)";"Pará";"Pará";"-";"2008";52777444
"Economia";"PIB";"Valor Adicionado Bruto a Preços Correntes Total (Mil Reais)";"Pará";"Pará";"-";"2009";52466108
"Economia";"PIB";"Valor Adicionado Bruto a Preços Correntes Total (Mil Reais)";"Pará";"Pará";"-";"2010";75521362,132
"Economia";"PIB";"Valor Adicionado Bruto a Preços Correntes Total (Mil Reais)";"Pará";"Pará";"-";"2011";90541303,865
"Economia";"PIB";"Valor Adicionado Bruto a Preços Correntes Total (Mil Reais)";"Pará";"Pará";"-";"2012";97352055,449
"Economia";"PIB";"Valor Adicionado Bruto a Preços Correntes Total (Mil Reais)";"Pará";"Pará";"-";"2013";110396668,924
"Economia";"PIB";"Valor Adicionado Bruto a Preços Correntes Total (Mil Reais)";"Pará";"Pará";"-";"2014";113001639,129
"Economia";"PIB";"Valor Adicionado Bruto a Preços Correntes Total (Mil Reais)";"Pará";"Pará";"-";"2015";118312499
"Economia";"PIB";"Valor Adicionado Bruto a Preços Correntes Total (Mil Reais)";"Pará";"Pará";"-";"2016";124828329
"Economia";"PIB";"Valor Adicionado Bruto a Preços Correntes Total (Mil Reais)";"Pará";"Pará";"-";"2017";141649038
"Economia";"PIB";"Valor Adicionado Bruto a Preços Correntes Total (Mil Reais)";"Pará";"Pará";"-";"2018";146889115,114
"Economia";"PIB";"Valor Adicionado Bruto a Preços Correntes Total (Mil Reais)";"Pará";"Pará";"-";"2019";161909193,808
"Economia";"PIB";"Valor Adicionado Bruto a Preços Correntes Total (Mil Reais)";"Pará";"Pará";"-";"2020";197913639,459
"Economia";"PIB";"Valor Adicionado Bruto a Preços Correntes Total (Mil Reais)";"Pará";"Pará";"-";"2021";240097247,671
"Economia";"PIB";"Valor Adicionado Bruto a Preços Correntes Total (Mil Reais)";"Tocantins";"Abaetetuba";"-";"2008";387737
"Economia";"PIB";"Valor Adicionado Bruto a Preços Correntes Total (Mil Reais)";"Tocantins";"Abaetetuba";"-";"2009";435565
"Economia";"PIB";"Valor Adicionado Bruto a Preços Correntes Total (Mil Reais)";"Tocantins";"Abaetetuba";"-";"2010";546800,749
"Economia";"PIB";"Valor Adicionado Bruto a Preços Correntes Total (Mil Reais)";"Tocantins";"Abaetetuba";"-";"2011";662284,143
"Economia";"PIB";"Valor Adicionado Bruto a Preços Correntes Total (Mil Reais)";"Tocantins";"Abaetetuba";"-";"2012";746111,702
"Economia";"PIB";"Valor Adicionado Bruto a Preços Correntes Total (Mil Reais)";"Tocantins";"Abaetetuba";"-";"2013";829869,091
"Economia";"PIB";"Valor Adicionado Bruto a Preços Correntes Total (Mil Reais)";"Tocantins";"Abaetetuba";"-";"2014";977069,888
"Economia";"PIB";"Valor Adicionado Bruto a Preços Correntes Total (Mil Reais)";"Tocantins";"Abaetetuba";"-";"2015";1101292
"Economia";"PIB";"Valor Adicionado Bruto a Preços Correntes Total (Mil Reais)";"Tocantins";"Abaetetuba";"-";"2016";1151514
"Economia";"PIB";"Valor Adicionado Bruto a Preços Correntes Total (Mil Reais)";"Tocantins";"Abaetetuba";"-";"2017";1238691
"Economia";"PIB";"Valor Adicionado Bruto a Preços Correntes Total (Mil Reais)";"Tocantins";"Abaetetuba";"-";"2018";1309137,3
"Economia";"PIB";"Valor Adicionado Bruto a Preços Correntes Total (Mil Reais)";"Tocantins";"Abaetetuba";"-";"2019";1371209,63
"Economia";"PIB";"Valor Adicionado Bruto a Preços Correntes Total (Mil Reais)";"Tocantins";"Abaetetuba";"-";"2020";1521203,711
"Economia";"PIB";"Valor Adicionado Bruto a Preços Correntes Total (Mil Reais)";"Tocantins";"Abaetetuba";"-";"2021";1770617,901
"Economia";"PIB";"Valor Adicionado Bruto a Preços Correntes Total (Mil Reais)";"Rio Capim";"Abel Figueiredo";"-";"2008";38510
"Economia";"PIB";"Valor Adicionado Bruto a Preços Correntes Total (Mil Reais)";"Rio Capim";"Abel Figueiredo";"-";"2009";41490
"Economia";"PIB";"Valor Adicionado Bruto a Preços Correntes Total (Mil Reais)";"Rio Capim";"Abel Figueiredo";"-";"2010";51643,669
"Economia";"PIB";"Valor Adicionado Bruto a Preços Correntes Total (Mil Reais)";"Rio Capim";"Abel Figueiredo";"-";"2011";61362,508
"Economia";"PIB";"Valor Adicionado Bruto a Preços Correntes Total (Mil Reais)";"Rio Capim";"Abel Figueiredo";"-";"2012";41982,442
"Economia";"PIB";"Valor Adicionado Bruto a Preços Correntes Total (Mil Reais)";"Rio Capim";"Abel Figueiredo";"-";"2013";54439,202
"Economia";"PIB";"Valor Adicionado Bruto a Preços Correntes Total (Mil Reais)";"Rio Capim";"Abel Figueiredo";"-";"2014";65335,527
"Economia";"PIB";"Valor Adicionado Bruto a Preços Correntes Total (Mil Reais)";"Rio Capim";"Abel Figueiredo";"-";"2015";62202
"Economia";"PIB";"Valor Adicionado Bruto a Preços Correntes Total (Mil Reais)";"Rio Capim";"Abel Figueiredo";"-";"2016";72052
"Economia";"PIB";"Valor Adicionado Bruto a Preços Correntes Total (Mil Reais)";"Rio Capim";"Abel Figueiredo";"-";"2017";75769
"Economia";"PIB";"Valor Adicionado Bruto a Preços Correntes Total (Mil Reais)";"Rio Capim";"Abel Figueiredo";"-";"2018";76901,867
"Economia";"PIB";"Valor Adicionado Bruto a Preços Correntes Total (Mil Reais)";"Rio Capim";"Abel Figueiredo";"-";"2019";78553,182
"Economia";"PIB";"Valor Adicionado Bruto a Preços Correntes Total (Mil Reais)";"Rio Capim";"Abel Figueiredo";"-";"2020";88849,087
"Economia";"PIB";"Valor Adicionado Bruto a Preços Correntes Total (Mil Reais)";"Rio Capim";"Abel Figueiredo";"-";"2021";97638,681
"Economia";"PIB";"Valor Adicionado Bruto a Preços Correntes Total (Mil Reais)";"Tocantins";"Acará";"-";"2008";191627
"Economia";"PIB";"Valor Adicionado Bruto a Preços Correntes Total (Mil Reais)";"Tocantins";"Acará";"-";"2009";233963
"Economia";"PIB";"Valor Adicionado Bruto a Preços Correntes Total (Mil Reais)";"Tocantins";"Acará";"-";"2010";430989,365
"Economia";"PIB";"Valor Adicionado Bruto a Preços Correntes Total (Mil Reais)";"Tocantins";"Acará";"-";"2011";493969,546
"Economia";"PIB";"Valor Adicionado Bruto a Preços Correntes Total (Mil Reais)";"Tocantins";"Acará";"-";"2012";494592,712
"Economia";"PIB";"Valor Adicionado Bruto a Preços Correntes Total (Mil Reais)";"Tocantins";"Acará";"-";"2013";857106,125
"Economia";"PIB";"Valor Adicionado Bruto a Preços Correntes Total (Mil Reais)";"Tocantins";"Acará";"-";"2014";563003,619
"Economia";"PIB";"Valor Adicionado Bruto a Preços Correntes Total (Mil Reais)";"Tocantins";"Acará";"-";"2015";622009
"Economia";"PIB";"Valor Adicionado Bruto a Preços Correntes Total (Mil Reais)";"Tocantins";"Acará";"-";"2016";772073
"Economia";"PIB";"Valor Adicionado Bruto a Preços Correntes Total (Mil Reais)";"Tocantins";"Acará";"-";"2017";913793
"Economia";"PIB";"Valor Adicionado Bruto a Preços Correntes Total (Mil Reais)";"Tocantins";"Acará";"-";"2018";894369,827
"Economia";"PIB";"Valor Adicionado Bruto a Preços Correntes Total (Mil Reais)";"Tocantins";"Acará";"-";"2019";731098,681
"Economia";"PIB";"Valor Adicionado Bruto a Preços Correntes Total (Mil Reais)";"Tocantins";"Acará";"-";"2020";858717,815
"Economia";"PIB";"Valor Adicionado Bruto a Preços Correntes Total (Mil Reais)";"Tocantins";"Acará";"-";"2021";1407017,134
"Economia";"PIB";"Valor Adicionado Bruto a Preços Correntes Total (Mil Reais)";"Marajó";"Afuá";"-";"2008";87910
"Economia";"PIB";"Valor Adicionado Bruto a Preços Correntes Total (Mil Reais)";"Marajó";"Afuá";"-";"2009";98083
"Economia";"PIB";"Valor Adicionado Bruto a Preços Correntes Total (Mil Reais)";"Marajó";"Afuá";"-";"2010";157482,176
"Economia";"PIB";"Valor Adicionado Bruto a Preços Correntes Total (Mil Reais)";"Marajó";"Afuá";"-";"2011";185803,778
"Economia";"PIB";"Valor Adicionado Bruto a Preços Correntes Total (Mil Reais)";"Marajó";"Afuá";"-";"2012";224555,705
"Economia";"PIB";"Valor Adicionado Bruto a Preços Correntes Total (Mil Reais)";"Marajó";"Afuá";"-";"2013";254293,496
"Economia";"PIB";"Valor Adicionado Bruto a Preços Correntes Total (Mil Reais)";"Marajó";"Afuá";"-";"2014";292273,682
"Economia";"PIB";"Valor Adicionado Bruto a Preços Correntes Total (Mil Reais)";"Marajó";"Afuá";"-";"2015";315276
"Economia";"PIB";"Valor Adicionado Bruto a Preços Correntes Total (Mil Reais)";"Marajó";"Afuá";"-";"2016";309018
"Economia";"PIB";"Valor Adicionado Bruto a Preços Correntes Total (Mil Reais)";"Marajó";"Afuá";"-";"2017";349640
"Economia";"PIB";"Valor Adicionado Bruto a Preços Correntes Total (Mil Reais)";"Marajó";"Afuá";"-";"2018";348271,559
"Economia";"PIB";"Valor Adicionado Bruto a Preços Correntes Total (Mil Reais)";"Marajó";"Afuá";"-";"2019";358648,983
"Economia";"PIB";"Valor Adicionado Bruto a Preços Correntes Total (Mil Reais)";"Marajó";"Afuá";"-";"2020";426358,892
"Economia";"PIB";"Valor Adicionado Bruto a Preços Correntes Total (Mil Reais)";"Marajó";"Afuá";"-";"2021";432138,782
"Economia";"PIB";"Valor Adicionado Bruto a Preços Correntes Total (Mil Reais)";"Araguaia";"Água Azul do Norte";"-";"2008";202846
"Economia";"PIB";"Valor Adicionado Bruto a Preços Correntes Total (Mil Reais)";"Araguaia";"Água Azul do Norte";"-";"2009";171748
"Economia";"PIB";"Valor Adicionado Bruto a Preços Correntes Total (Mil Reais)";"Araguaia";"Água Azul do Norte";"-";"2010";166841,018
"Economia";"PIB";"Valor Adicionado Bruto a Preços Correntes Total (Mil Reais)";"Araguaia";"Água Azul do Norte";"-";"2011";190764,394
"Economia";"PIB";"Valor Adicionado Bruto a Preços Correntes Total (Mil Reais)";"Araguaia";"Água Azul do Norte";"-";"2012";207062,486
"Economia";"PIB";"Valor Adicionado Bruto a Preços Correntes Total (Mil Reais)";"Araguaia";"Água Azul do Norte";"-";"2013";259370,071
"Economia";"PIB";"Valor Adicionado Bruto a Preços Correntes Total (Mil Reais)";"Araguaia";"Água Azul do Norte";"-";"2014";288020,348
"Economia";"PIB";"Valor Adicionado Bruto a Preços Correntes Total (Mil Reais)";"Araguaia";"Água Azul do Norte";"-";"2015";332666
"Economia";"PIB";"Valor Adicionado Bruto a Preços Correntes Total (Mil Reais)";"Araguaia";"Água Azul do Norte";"-";"2016";384057
"Economia";"PIB";"Valor Adicionado Bruto a Preços Correntes Total (Mil Reais)";"Araguaia";"Água Azul do Norte";"-";"2017";393447
"Economia";"PIB";"Valor Adicionado Bruto a Preços Correntes Total (Mil Reais)";"Araguaia";"Água Azul do Norte";"-";"2018";369976,878
"Economia";"PIB";"Valor Adicionado Bruto a Preços Correntes Total (Mil Reais)";"Araguaia";"Água Azul do Norte";"-";"2019";381068,776
"Economia";"PIB";"Valor Adicionado Bruto a Preços Correntes Total (Mil Reais)";"Araguaia";"Água Azul do Norte";"-";"2020";464805,225
"Economia";"PIB";"Valor Adicionado Bruto a Preços Correntes Total (Mil Reais)";"Araguaia";"Água Azul do Norte";"-";"2021";551025,391
"Economia";"PIB";"Valor Adicionado Bruto a Preços Correntes Total (Mil Reais)";"Baixo Amazonas";"Alenquer";"-";"2008";163955
"Economia";"PIB";"Valor Adicionado Bruto a Preços Correntes Total (Mil Reais)";"Baixo Amazonas";"Alenquer";"-";"2009";203560
"Economia";"PIB";"Valor Adicionado Bruto a Preços Correntes Total (Mil Reais)";"Baixo Amazonas";"Alenquer";"-";"2010";353703,7
"Economia";"PIB";"Valor Adicionado Bruto a Preços Correntes Total (Mil Reais)";"Baixo Amazonas";"Alenquer";"-";"2011";351850,22
"Economia";"PIB";"Valor Adicionado Bruto a Preços Correntes Total (Mil Reais)";"Baixo Amazonas";"Alenquer";"-";"2012";356633,712
"Economia";"PIB";"Valor Adicionado Bruto a Preços Correntes Total (Mil Reais)";"Baixo Amazonas";"Alenquer";"-";"2013";548395,565
"Economia";"PIB";"Valor Adicionado Bruto a Preços Correntes Total (Mil Reais)";"Baixo Amazonas";"Alenquer";"-";"2014";519285,363
"Economia";"PIB";"Valor Adicionado Bruto a Preços Correntes Total (Mil Reais)";"Baixo Amazonas";"Alenquer";"-";"2015";503301
"Economia";"PIB";"Valor Adicionado Bruto a Preços Correntes Total (Mil Reais)";"Baixo Amazonas";"Alenquer";"-";"2016";645149
"Economia";"PIB";"Valor Adicionado Bruto a Preços Correntes Total (Mil Reais)";"Baixo Amazonas";"Alenquer";"-";"2017";595457
"Economia";"PIB";"Valor Adicionado Bruto a Preços Correntes Total (Mil Reais)";"Baixo Amazonas";"Alenquer";"-";"2018";550033,356
"Economia";"PIB";"Valor Adicionado Bruto a Preços Correntes Total (Mil Reais)";"Baixo Amazonas";"Alenquer";"-";"2019";553424,191
"Economia";"PIB";"Valor Adicionado Bruto a Preços Correntes Total (Mil Reais)";"Baixo Amazonas";"Alenquer";"-";"2020";669795,513
"Economia";"PIB";"Valor Adicionado Bruto a Preços Correntes Total (Mil Reais)";"Baixo Amazonas";"Alenquer";"-";"2021";720625,202
"Economia";"PIB";"Valor Adicionado Bruto a Preços Correntes Total (Mil Reais)";"Baixo Amazonas";"Almeirim";"-";"2008";442012
"Economia";"PIB";"Valor Adicionado Bruto a Preços Correntes Total (Mil Reais)";"Baixo Amazonas";"Almeirim";"-";"2009";310803
"Economia";"PIB";"Valor Adicionado Bruto a Preços Correntes Total (Mil Reais)";"Baixo Amazonas";"Almeirim";"-";"2010";529244,794
"Economia";"PIB";"Valor Adicionado Bruto a Preços Correntes Total (Mil Reais)";"Baixo Amazonas";"Almeirim";"-";"2011";475688,864
"Economia";"PIB";"Valor Adicionado Bruto a Preços Correntes Total (Mil Reais)";"Baixo Amazonas";"Almeirim";"-";"2012";392686,146
"Economia";"PIB";"Valor Adicionado Bruto a Preços Correntes Total (Mil Reais)";"Baixo Amazonas";"Almeirim";"-";"2013";390686,36
"Economia";"PIB";"Valor Adicionado Bruto a Preços Correntes Total (Mil Reais)";"Baixo Amazonas";"Almeirim";"-";"2014";445849,984
"Economia";"PIB";"Valor Adicionado Bruto a Preços Correntes Total (Mil Reais)";"Baixo Amazonas";"Almeirim";"-";"2015";425681
"Economia";"PIB";"Valor Adicionado Bruto a Preços Correntes Total (Mil Reais)";"Baixo Amazonas";"Almeirim";"-";"2016";530811
"Economia";"PIB";"Valor Adicionado Bruto a Preços Correntes Total (Mil Reais)";"Baixo Amazonas";"Almeirim";"-";"2017";606392
"Economia";"PIB";"Valor Adicionado Bruto a Preços Correntes Total (Mil Reais)";"Baixo Amazonas";"Almeirim";"-";"2018";519797,415
"Economia";"PIB";"Valor Adicionado Bruto a Preços Correntes Total (Mil Reais)";"Baixo Amazonas";"Almeirim";"-";"2019";479976,765
"Economia";"PIB";"Valor Adicionado Bruto a Preços Correntes Total (Mil Reais)";"Baixo Amazonas";"Almeirim";"-";"2020";560033,446
"Economia";"PIB";"Valor Adicionado Bruto a Preços Correntes Total (Mil Reais)";"Baixo Amazonas";"Almeirim";"-";"2021";621483,945
"Economia";"PIB";"Valor Adicionado Bruto a Preços Correntes Total (Mil Reais)";"Xingu";"Altamira";"-";"2008";520005
"Economia";"PIB";"Valor Adicionado Bruto a Preços Correntes Total (Mil Reais)";"Xingu";"Altamira";"-";"2009";557964
"Economia";"PIB";"Valor Adicionado Bruto a Preços Correntes Total (Mil Reais)";"Xingu";"Altamira";"-";"2010";767524,991
"Economia";"PIB";"Valor Adicionado Bruto a Preços Correntes Total (Mil Reais)";"Xingu";"Altamira";"-";"2011";1192795,465
"Economia";"PIB";"Valor Adicionado Bruto a Preços Correntes Total (Mil Reais)";"Xingu";"Altamira";"-";"2012";2051349,98
"Economia";"PIB";"Valor Adicionado Bruto a Preços Correntes Total (Mil Reais)";"Xingu";"Altamira";"-";"2013";2880275,498
"Economia";"PIB";"Valor Adicionado Bruto a Preços Correntes Total (Mil Reais)";"Xingu";"Altamira";"-";"2014";3676707,993
"Economia";"PIB";"Valor Adicionado Bruto a Preços Correntes Total (Mil Reais)";"Xingu";"Altamira";"-";"2015";2936642
"Economia";"PIB";"Valor Adicionado Bruto a Preços Correntes Total (Mil Reais)";"Xingu";"Altamira";"-";"2016";2272778
"Economia";"PIB";"Valor Adicionado Bruto a Preços Correntes Total (Mil Reais)";"Xingu";"Altamira";"-";"2017";2282865
"Economia";"PIB";"Valor Adicionado Bruto a Preços Correntes Total (Mil Reais)";"Xingu";"Altamira";"-";"2018";2488984,052
"Economia";"PIB";"Valor Adicionado Bruto a Preços Correntes Total (Mil Reais)";"Xingu";"Altamira";"-";"2019";2502664,216
"Economia";"PIB";"Valor Adicionado Bruto a Preços Correntes Total (Mil Reais)";"Xingu";"Altamira";"-";"2020";2291043,18
"Economia";"PIB";"Valor Adicionado Bruto a Preços Correntes Total (Mil Reais)";"Xingu";"Altamira";"-";"2021";2781163,451
"Economia";"PIB";"Valor Adicionado Bruto a Preços Correntes Total (Mil Reais)";"Marajó";"Anajás";"-";"2008";54366
"Economia";"PIB";"Valor Adicionado Bruto a Preços Correntes Total (Mil Reais)";"Marajó";"Anajás";"-";"2009";60685
"Economia";"PIB";"Valor Adicionado Bruto a Preços Correntes Total (Mil Reais)";"Marajó";"Anajás";"-";"2010";92213,108
"Economia";"PIB";"Valor Adicionado Bruto a Preços Correntes Total (Mil Reais)";"Marajó";"Anajás";"-";"2011";108999,055
"Economia";"PIB";"Valor Adicionado Bruto a Preços Correntes Total (Mil Reais)";"Marajó";"Anajás";"-";"2012";125448,203
"Economia";"PIB";"Valor Adicionado Bruto a Preços Correntes Total (Mil Reais)";"Marajó";"Anajás";"-";"2013";148001,091
"Economia";"PIB";"Valor Adicionado Bruto a Preços Correntes Total (Mil Reais)";"Marajó";"Anajás";"-";"2014";159214,206
"Economia";"PIB";"Valor Adicionado Bruto a Preços Correntes Total (Mil Reais)";"Marajó";"Anajás";"-";"2015";172601
"Economia";"PIB";"Valor Adicionado Bruto a Preços Correntes Total (Mil Reais)";"Marajó";"Anajás";"-";"2016";172504
"Economia";"PIB";"Valor Adicionado Bruto a Preços Correntes Total (Mil Reais)";"Marajó";"Anajás";"-";"2017";196329
"Economia";"PIB";"Valor Adicionado Bruto a Preços Correntes Total (Mil Reais)";"Marajó";"Anajás";"-";"2018";198270,589
"Economia";"PIB";"Valor Adicionado Bruto a Preços Correntes Total (Mil Reais)";"Marajó";"Anajás";"-";"2019";205257,373
"Economia";"PIB";"Valor Adicionado Bruto a Preços Correntes Total (Mil Reais)";"Marajó";"Anajás";"-";"2020";217902,75
"Economia";"PIB";"Valor Adicionado Bruto a Preços Correntes Total (Mil Reais)";"Marajó";"Anajás";"-";"2021";244388,603
"Economia";"PIB";"Valor Adicionado Bruto a Preços Correntes Total (Mil Reais)";"Guajará";"Ananindeua";"-";"2008";2700267
"Economia";"PIB";"Valor Adicionado Bruto a Preços Correntes Total (Mil Reais)";"Guajará";"Ananindeua";"-";"2009";2854024
"Economia";"PIB";"Valor Adicionado Bruto a Preços Correntes Total (Mil Reais)";"Guajará";"Ananindeua";"-";"2010";3600253,526
"Economia";"PIB";"Valor Adicionado Bruto a Preços Correntes Total (Mil Reais)";"Guajará";"Ananindeua";"-";"2011";4081925,177
"Economia";"PIB";"Valor Adicionado Bruto a Preços Correntes Total (Mil Reais)";"Guajará";"Ananindeua";"-";"2012";4549026,234
"Economia";"PIB";"Valor Adicionado Bruto a Preços Correntes Total (Mil Reais)";"Guajará";"Ananindeua";"-";"2013";4308616,577
"Economia";"PIB";"Valor Adicionado Bruto a Preços Correntes Total (Mil Reais)";"Guajará";"Ananindeua";"-";"2014";5110798,464
"Economia";"PIB";"Valor Adicionado Bruto a Preços Correntes Total (Mil Reais)";"Guajará";"Ananindeua";"-";"2015";5502772
"Economia";"PIB";"Valor Adicionado Bruto a Preços Correntes Total (Mil Reais)";"Guajará";"Ananindeua";"-";"2016";5935954
"Economia";"PIB";"Valor Adicionado Bruto a Preços Correntes Total (Mil Reais)";"Guajará";"Ananindeua";"-";"2017";6155542
"Economia";"PIB";"Valor Adicionado Bruto a Preços Correntes Total (Mil Reais)";"Guajará";"Ananindeua";"-";"2018";6599523,485
"Economia";"PIB";"Valor Adicionado Bruto a Preços Correntes Total (Mil Reais)";"Guajará";"Ananindeua";"-";"2019";7095845,877
"Economia";"PIB";"Valor Adicionado Bruto a Preços Correntes Total (Mil Reais)";"Guajará";"Ananindeua";"-";"2020";6971053,325
"Economia";"PIB";"Valor Adicionado Bruto a Preços Correntes Total (Mil Reais)";"Guajará";"Ananindeua";"-";"2021";7562511,567
"Economia";"PIB";"Valor Adicionado Bruto a Preços Correntes Total (Mil Reais)";"Xingu";"Anapu";"-";"2008";74226
"Economia";"PIB";"Valor Adicionado Bruto a Preços Correntes Total (Mil Reais)";"Xingu";"Anapu";"-";"2009";74386
"Economia";"PIB";"Valor Adicionado Bruto a Preços Correntes Total (Mil Reais)";"Xingu";"Anapu";"-";"2010";107371,632
"Economia";"PIB";"Valor Adicionado Bruto a Preços Correntes Total (Mil Reais)";"Xingu";"Anapu";"-";"2011";130543,317
"Economia";"PIB";"Valor Adicionado Bruto a Preços Correntes Total (Mil Reais)";"Xingu";"Anapu";"-";"2012";163649,733
"Economia";"PIB";"Valor Adicionado Bruto a Preços Correntes Total (Mil Reais)";"Xingu";"Anapu";"-";"2013";194726,727
"Economia";"PIB";"Valor Adicionado Bruto a Preços Correntes Total (Mil Reais)";"Xingu";"Anapu";"-";"2014";241944,548
"Economia";"PIB";"Valor Adicionado Bruto a Preços Correntes Total (Mil Reais)";"Xingu";"Anapu";"-";"2015";280369
"Economia";"PIB";"Valor Adicionado Bruto a Preços Correntes Total (Mil Reais)";"Xingu";"Anapu";"-";"2016";281864
"Economia";"PIB";"Valor Adicionado Bruto a Preços Correntes Total (Mil Reais)";"Xingu";"Anapu";"-";"2017";321650
"Economia";"PIB";"Valor Adicionado Bruto a Preços Correntes Total (Mil Reais)";"Xingu";"Anapu";"-";"2018";341565,797
"Economia";"PIB";"Valor Adicionado Bruto a Preços Correntes Total (Mil Reais)";"Xingu";"Anapu";"-";"2019";379317,228
"Economia";"PIB";"Valor Adicionado Bruto a Preços Correntes Total (Mil Reais)";"Xingu";"Anapu";"-";"2020";483749,872
"Economia";"PIB";"Valor Adicionado Bruto a Preços Correntes Total (Mil Reais)";"Xingu";"Anapu";"-";"2021";545201,255
"Economia";"PIB";"Valor Adicionado Bruto a Preços Correntes Total (Mil Reais)";"Rio Caeté";"Augusto Corrêa";"-";"2008";103033
"Economia";"PIB";"Valor Adicionado Bruto a Preços Correntes Total (Mil Reais)";"Rio Caeté";"Augusto Corrêa";"-";"2009";108893
"Economia";"PIB";"Valor Adicionado Bruto a Preços Correntes Total (Mil Reais)";"Rio Caeté";"Augusto Corrêa";"-";"2010";129781,801
"Economia";"PIB";"Valor Adicionado Bruto a Preços Correntes Total (Mil Reais)";"Rio Caeté";"Augusto Corrêa";"-";"2011";165449
"Economia";"PIB";"Valor Adicionado Bruto a Preços Correntes Total (Mil Reais)";"Rio Caeté";"Augusto Corrêa";"-";"2012";197757,249
"Economia";"PIB";"Valor Adicionado Bruto a Preços Correntes Total (Mil Reais)";"Rio Caeté";"Augusto Corrêa";"-";"2013";248065,007
"Economia";"PIB";"Valor Adicionado Bruto a Preços Correntes Total (Mil Reais)";"Rio Caeté";"Augusto Corrêa";"-";"2014";245558,273
"Economia";"PIB";"Valor Adicionado Bruto a Preços Correntes Total (Mil Reais)";"Rio Caeté";"Augusto Corrêa";"-";"2015";279755
"Economia";"PIB";"Valor Adicionado Bruto a Preços Correntes Total (Mil Reais)";"Rio Caeté";"Augusto Corrêa";"-";"2016";302542
"Economia";"PIB";"Valor Adicionado Bruto a Preços Correntes Total (Mil Reais)";"Rio Caeté";"Augusto Corrêa";"-";"2017";324987
"Economia";"PIB";"Valor Adicionado Bruto a Preços Correntes Total (Mil Reais)";"Rio Caeté";"Augusto Corrêa";"-";"2018";297331,8
"Economia";"PIB";"Valor Adicionado Bruto a Preços Correntes Total (Mil Reais)";"Rio Caeté";"Augusto Corrêa";"-";"2019";313668,248
"Economia";"PIB";"Valor Adicionado Bruto a Preços Correntes Total (Mil Reais)";"Rio Caeté";"Augusto Corrêa";"-";"2020";353459,376
"Economia";"PIB";"Valor Adicionado Bruto a Preços Correntes Total (Mil Reais)";"Rio Caeté";"Augusto Corrêa";"-";"2021";351891,915
"Economia";"PIB";"Valor Adicionado Bruto a Preços Correntes Total (Mil Reais)";"Rio Capim";"Aurora do Pará";"-";"2008";76320
"Economia";"PIB";"Valor Adicionado Bruto a Preços Correntes Total (Mil Reais)";"Rio Capim";"Aurora do Pará";"-";"2009";84557
"Economia";"PIB";"Valor Adicionado Bruto a Preços Correntes Total (Mil Reais)";"Rio Capim";"Aurora do Pará";"-";"2010";210155,218
"Economia";"PIB";"Valor Adicionado Bruto a Preços Correntes Total (Mil Reais)";"Rio Capim";"Aurora do Pará";"-";"2011";182859,434
"Economia";"PIB";"Valor Adicionado Bruto a Preços Correntes Total (Mil Reais)";"Rio Capim";"Aurora do Pará";"-";"2012";173638,318
"Economia";"PIB";"Valor Adicionado Bruto a Preços Correntes Total (Mil Reais)";"Rio Capim";"Aurora do Pará";"-";"2013";225545,525
"Economia";"PIB";"Valor Adicionado Bruto a Preços Correntes Total (Mil Reais)";"Rio Capim";"Aurora do Pará";"-";"2014";234327,996
"Economia";"PIB";"Valor Adicionado Bruto a Preços Correntes Total (Mil Reais)";"Rio Capim";"Aurora do Pará";"-";"2015";250656
"Economia";"PIB";"Valor Adicionado Bruto a Preços Correntes Total (Mil Reais)";"Rio Capim";"Aurora do Pará";"-";"2016";291096
"Economia";"PIB";"Valor Adicionado Bruto a Preços Correntes Total (Mil Reais)";"Rio Capim";"Aurora do Pará";"-";"2017";269860
"Economia";"PIB";"Valor Adicionado Bruto a Preços Correntes Total (Mil Reais)";"Rio Capim";"Aurora do Pará";"-";"2018";253332,353
"Economia";"PIB";"Valor Adicionado Bruto a Preços Correntes Total (Mil Reais)";"Rio Capim";"Aurora do Pará";"-";"2019";212733,002
"Economia";"PIB";"Valor Adicionado Bruto a Preços Correntes Total (Mil Reais)";"Rio Capim";"Aurora do Pará";"-";"2020";257434,701
"Economia";"PIB";"Valor Adicionado Bruto a Preços Correntes Total (Mil Reais)";"Rio Capim";"Aurora do Pará";"-";"2021";297634,64
"Economia";"PIB";"Valor Adicionado Bruto a Preços Correntes Total (Mil Reais)";"Tapajós";"Aveiro";"-";"2008";48091
"Economia";"PIB";"Valor Adicionado Bruto a Preços Correntes Total (Mil Reais)";"Tapajós";"Aveiro";"-";"2009";53098
"Economia";"PIB";"Valor Adicionado Bruto a Preços Correntes Total (Mil Reais)";"Tapajós";"Aveiro";"-";"2010";55138,096
"Economia";"PIB";"Valor Adicionado Bruto a Preços Correntes Total (Mil Reais)";"Tapajós";"Aveiro";"-";"2011";65319,335
"Economia";"PIB";"Valor Adicionado Bruto a Preços Correntes Total (Mil Reais)";"Tapajós";"Aveiro";"-";"2012";66883,27
"Economia";"PIB";"Valor Adicionado Bruto a Preços Correntes Total (Mil Reais)";"Tapajós";"Aveiro";"-";"2013";86152,239
"Economia";"PIB";"Valor Adicionado Bruto a Preços Correntes Total (Mil Reais)";"Tapajós";"Aveiro";"-";"2014";90893,897
"Economia";"PIB";"Valor Adicionado Bruto a Preços Correntes Total (Mil Reais)";"Tapajós";"Aveiro";"-";"2015";96750
"Economia";"PIB";"Valor Adicionado Bruto a Preços Correntes Total (Mil Reais)";"Tapajós";"Aveiro";"-";"2016";119115
"Economia";"PIB";"Valor Adicionado Bruto a Preços Correntes Total (Mil Reais)";"Tapajós";"Aveiro";"-";"2017";142731
"Economia";"PIB";"Valor Adicionado Bruto a Preços Correntes Total (Mil Reais)";"Tapajós";"Aveiro";"-";"2018";116727,988
"Economia";"PIB";"Valor Adicionado Bruto a Preços Correntes Total (Mil Reais)";"Tapajós";"Aveiro";"-";"2019";121222,429
"Economia";"PIB";"Valor Adicionado Bruto a Preços Correntes Total (Mil Reais)";"Tapajós";"Aveiro";"-";"2020";136861,611
"Economia";"PIB";"Valor Adicionado Bruto a Preços Correntes Total (Mil Reais)";"Tapajós";"Aveiro";"-";"2021";149070,611
"Economia";"PIB";"Valor Adicionado Bruto a Preços Correntes Total (Mil Reais)";"Marajó";"Bagre";"-";"2008";40590
"Economia";"PIB";"Valor Adicionado Bruto a Preços Correntes Total (Mil Reais)";"Marajó";"Bagre";"-";"2009";44860
"Economia";"PIB";"Valor Adicionado Bruto a Preços Correntes Total (Mil Reais)";"Marajó";"Bagre";"-";"2010";77617,669
"Economia";"PIB";"Valor Adicionado Bruto a Preços Correntes Total (Mil Reais)";"Marajó";"Bagre";"-";"2011";87314,616
"Economia";"PIB";"Valor Adicionado Bruto a Preços Correntes Total (Mil Reais)";"Marajó";"Bagre";"-";"2012";100732,693
"Economia";"PIB";"Valor Adicionado Bruto a Preços Correntes Total (Mil Reais)";"Marajó";"Bagre";"-";"2013";139233,437
"Economia";"PIB";"Valor Adicionado Bruto a Preços Correntes Total (Mil Reais)";"Marajó";"Bagre";"-";"2014";137128,975
"Economia";"PIB";"Valor Adicionado Bruto a Preços Correntes Total (Mil Reais)";"Marajó";"Bagre";"-";"2015";144967
"Economia";"PIB";"Valor Adicionado Bruto a Preços Correntes Total (Mil Reais)";"Marajó";"Bagre";"-";"2016";162020
"Economia";"PIB";"Valor Adicionado Bruto a Preços Correntes Total (Mil Reais)";"Marajó";"Bagre";"-";"2017";173047
"Economia";"PIB";"Valor Adicionado Bruto a Preços Correntes Total (Mil Reais)";"Marajó";"Bagre";"-";"2018";204671,339
"Economia";"PIB";"Valor Adicionado Bruto a Preços Correntes Total (Mil Reais)";"Marajó";"Bagre";"-";"2019";199954,367
"Economia";"PIB";"Valor Adicionado Bruto a Preços Correntes Total (Mil Reais)";"Marajó";"Bagre";"-";"2020";228069,769
"Economia";"PIB";"Valor Adicionado Bruto a Preços Correntes Total (Mil Reais)";"Marajó";"Bagre";"-";"2021";246292,811
"Economia";"PIB";"Valor Adicionado Bruto a Preços Correntes Total (Mil Reais)";"Tocantins";"Baião";"-";"2008";93485
"Economia";"PIB";"Valor Adicionado Bruto a Preços Correntes Total (Mil Reais)";"Tocantins";"Baião";"-";"2009";103206
"Economia";"PIB";"Valor Adicionado Bruto a Preços Correntes Total (Mil Reais)";"Tocantins";"Baião";"-";"2010";165420,928
"Economia";"PIB";"Valor Adicionado Bruto a Preços Correntes Total (Mil Reais)";"Tocantins";"Baião";"-";"2011";190650,132
"Economia";"PIB";"Valor Adicionado Bruto a Preços Correntes Total (Mil Reais)";"Tocantins";"Baião";"-";"2012";197224,78
"Economia";"PIB";"Valor Adicionado Bruto a Preços Correntes Total (Mil Reais)";"Tocantins";"Baião";"-";"2013";252576,662
"Economia";"PIB";"Valor Adicionado Bruto a Preços Correntes Total (Mil Reais)";"Tocantins";"Baião";"-";"2014";252098,199
"Economia";"PIB";"Valor Adicionado Bruto a Preços Correntes Total (Mil Reais)";"Tocantins";"Baião";"-";"2015";300051
"Economia";"PIB";"Valor Adicionado Bruto a Preços Correntes Total (Mil Reais)";"Tocantins";"Baião";"-";"2016";329742
"Economia";"PIB";"Valor Adicionado Bruto a Preços Correntes Total (Mil Reais)";"Tocantins";"Baião";"-";"2017";348040
"Economia";"PIB";"Valor Adicionado Bruto a Preços Correntes Total (Mil Reais)";"Tocantins";"Baião";"-";"2018";337665,714
"Economia";"PIB";"Valor Adicionado Bruto a Preços Correntes Total (Mil Reais)";"Tocantins";"Baião";"-";"2019";463108,454
"Economia";"PIB";"Valor Adicionado Bruto a Preços Correntes Total (Mil Reais)";"Tocantins";"Baião";"-";"2020";604963,734
"Economia";"PIB";"Valor Adicionado Bruto a Preços Correntes Total (Mil Reais)";"Tocantins";"Baião";"-";"2021";551927,615
"Economia";"PIB";"Valor Adicionado Bruto a Preços Correntes Total (Mil Reais)";"Araguaia";"Bannach";"-";"2008";31839
"Economia";"PIB";"Valor Adicionado Bruto a Preços Correntes Total (Mil Reais)";"Araguaia";"Bannach";"-";"2009";30280
"Economia";"PIB";"Valor Adicionado Bruto a Preços Correntes Total (Mil Reais)";"Araguaia";"Bannach";"-";"2010";33463,963
"Economia";"PIB";"Valor Adicionado Bruto a Preços Correntes Total (Mil Reais)";"Araguaia";"Bannach";"-";"2011";40966,713
"Economia";"PIB";"Valor Adicionado Bruto a Preços Correntes Total (Mil Reais)";"Araguaia";"Bannach";"-";"2012";45684,349
"Economia";"PIB";"Valor Adicionado Bruto a Preços Correntes Total (Mil Reais)";"Araguaia";"Bannach";"-";"2013";50296,472
"Economia";"PIB";"Valor Adicionado Bruto a Preços Correntes Total (Mil Reais)";"Araguaia";"Bannach";"-";"2014";57308,216
"Economia";"PIB";"Valor Adicionado Bruto a Preços Correntes Total (Mil Reais)";"Araguaia";"Bannach";"-";"2015";66410
"Economia";"PIB";"Valor Adicionado Bruto a Preços Correntes Total (Mil Reais)";"Araguaia";"Bannach";"-";"2016";77726
"Economia";"PIB";"Valor Adicionado Bruto a Preços Correntes Total (Mil Reais)";"Araguaia";"Bannach";"-";"2017";74462
"Economia";"PIB";"Valor Adicionado Bruto a Preços Correntes Total (Mil Reais)";"Araguaia";"Bannach";"-";"2018";76267,185
"Economia";"PIB";"Valor Adicionado Bruto a Preços Correntes Total (Mil Reais)";"Araguaia";"Bannach";"-";"2019";78678,805
"Economia";"PIB";"Valor Adicionado Bruto a Preços Correntes Total (Mil Reais)";"Araguaia";"Bannach";"-";"2020";98115,394
"Economia";"PIB";"Valor Adicionado Bruto a Preços Correntes Total (Mil Reais)";"Araguaia";"Bannach";"-";"2021";126036,651
"Economia";"PIB";"Valor Adicionado Bruto a Preços Correntes Total (Mil Reais)";"Tocantins";"Barcarena";"-";"2008";3062885
"Economia";"PIB";"Valor Adicionado Bruto a Preços Correntes Total (Mil Reais)";"Tocantins";"Barcarena";"-";"2009";2759594
"Economia";"PIB";"Valor Adicionado Bruto a Preços Correntes Total (Mil Reais)";"Tocantins";"Barcarena";"-";"2010";1686450,556
"Economia";"PIB";"Valor Adicionado Bruto a Preços Correntes Total (Mil Reais)";"Tocantins";"Barcarena";"-";"2011";1892850,703
"Economia";"PIB";"Valor Adicionado Bruto a Preços Correntes Total (Mil Reais)";"Tocantins";"Barcarena";"-";"2012";1412472,925
"Economia";"PIB";"Valor Adicionado Bruto a Preços Correntes Total (Mil Reais)";"Tocantins";"Barcarena";"-";"2013";2068081,059
"Economia";"PIB";"Valor Adicionado Bruto a Preços Correntes Total (Mil Reais)";"Tocantins";"Barcarena";"-";"2014";3105720,244
"Economia";"PIB";"Valor Adicionado Bruto a Preços Correntes Total (Mil Reais)";"Tocantins";"Barcarena";"-";"2015";4556632
"Economia";"PIB";"Valor Adicionado Bruto a Preços Correntes Total (Mil Reais)";"Tocantins";"Barcarena";"-";"2016";3955455
"Economia";"PIB";"Valor Adicionado Bruto a Preços Correntes Total (Mil Reais)";"Tocantins";"Barcarena";"-";"2017";3726142
"Economia";"PIB";"Valor Adicionado Bruto a Preços Correntes Total (Mil Reais)";"Tocantins";"Barcarena";"-";"2018";3633110,201
"Economia";"PIB";"Valor Adicionado Bruto a Preços Correntes Total (Mil Reais)";"Tocantins";"Barcarena";"-";"2019";3965150,232
"Economia";"PIB";"Valor Adicionado Bruto a Preços Correntes Total (Mil Reais)";"Tocantins";"Barcarena";"-";"2020";5762838,304
"Economia";"PIB";"Valor Adicionado Bruto a Preços Correntes Total (Mil Reais)";"Tocantins";"Barcarena";"-";"2021";6967610,02
"Economia";"PIB";"Valor Adicionado Bruto a Preços Correntes Total (Mil Reais)";"Guajará";"Belém";"-";"2008";12823996
"Economia";"PIB";"Valor Adicionado Bruto a Preços Correntes Total (Mil Reais)";"Guajará";"Belém";"-";"2009";14087218
"Economia";"PIB";"Valor Adicionado Bruto a Preços Correntes Total (Mil Reais)";"Guajará";"Belém";"-";"2010";15953303,395
"Economia";"PIB";"Valor Adicionado Bruto a Preços Correntes Total (Mil Reais)";"Guajará";"Belém";"-";"2011";18207217,044
"Economia";"PIB";"Valor Adicionado Bruto a Preços Correntes Total (Mil Reais)";"Guajará";"Belém";"-";"2012";22457841,024
"Economia";"PIB";"Valor Adicionado Bruto a Preços Correntes Total (Mil Reais)";"Guajará";"Belém";"-";"2013";22799776,014
"Economia";"PIB";"Valor Adicionado Bruto a Preços Correntes Total (Mil Reais)";"Guajará";"Belém";"-";"2014";24375853,128
"Economia";"PIB";"Valor Adicionado Bruto a Preços Correntes Total (Mil Reais)";"Guajará";"Belém";"-";"2015";24841973
"Economia";"PIB";"Valor Adicionado Bruto a Preços Correntes Total (Mil Reais)";"Guajará";"Belém";"-";"2016";24990966
"Economia";"PIB";"Valor Adicionado Bruto a Preços Correntes Total (Mil Reais)";"Guajará";"Belém";"-";"2017";25616906
"Economia";"PIB";"Valor Adicionado Bruto a Preços Correntes Total (Mil Reais)";"Guajará";"Belém";"-";"2018";26752376,701
"Economia";"PIB";"Valor Adicionado Bruto a Preços Correntes Total (Mil Reais)";"Guajará";"Belém";"-";"2019";26904337,57
"Economia";"PIB";"Valor Adicionado Bruto a Preços Correntes Total (Mil Reais)";"Guajará";"Belém";"-";"2020";25801727,137
"Economia";"PIB";"Valor Adicionado Bruto a Preços Correntes Total (Mil Reais)";"Guajará";"Belém";"-";"2021";27125313,581
"Economia";"PIB";"Valor Adicionado Bruto a Preços Correntes Total (Mil Reais)";"Baixo Amazonas";"Belterra";"-";"2008";57364
"Economia";"PIB";"Valor Adicionado Bruto a Preços Correntes Total (Mil Reais)";"Baixo Amazonas";"Belterra";"-";"2009";66943
"Economia";"PIB";"Valor Adicionado Bruto a Preços Correntes Total (Mil Reais)";"Baixo Amazonas";"Belterra";"-";"2010";108783,717
"Economia";"PIB";"Valor Adicionado Bruto a Preços Correntes Total (Mil Reais)";"Baixo Amazonas";"Belterra";"-";"2011";158910,012
"Economia";"PIB";"Valor Adicionado Bruto a Preços Correntes Total (Mil Reais)";"Baixo Amazonas";"Belterra";"-";"2012";148207,056
"Economia";"PIB";"Valor Adicionado Bruto a Preços Correntes Total (Mil Reais)";"Baixo Amazonas";"Belterra";"-";"2013";265075,402
"Economia";"PIB";"Valor Adicionado Bruto a Preços Correntes Total (Mil Reais)";"Baixo Amazonas";"Belterra";"-";"2014";248050,935
"Economia";"PIB";"Valor Adicionado Bruto a Preços Correntes Total (Mil Reais)";"Baixo Amazonas";"Belterra";"-";"2015";135651
"Economia";"PIB";"Valor Adicionado Bruto a Preços Correntes Total (Mil Reais)";"Baixo Amazonas";"Belterra";"-";"2016";146898
"Economia";"PIB";"Valor Adicionado Bruto a Preços Correntes Total (Mil Reais)";"Baixo Amazonas";"Belterra";"-";"2017";153051
"Economia";"PIB";"Valor Adicionado Bruto a Preços Correntes Total (Mil Reais)";"Baixo Amazonas";"Belterra";"-";"2018";153496,049
"Economia";"PIB";"Valor Adicionado Bruto a Preços Correntes Total (Mil Reais)";"Baixo Amazonas";"Belterra";"-";"2019";156545,87
"Economia";"PIB";"Valor Adicionado Bruto a Preços Correntes Total (Mil Reais)";"Baixo Amazonas";"Belterra";"-";"2020";179615,578
"Economia";"PIB";"Valor Adicionado Bruto a Preços Correntes Total (Mil Reais)";"Baixo Amazonas";"Belterra";"-";"2021";227738,372
"Economia";"PIB";"Valor Adicionado Bruto a Preços Correntes Total (Mil Reais)";"Guajará";"Benevides";"-";"2008";419514
"Economia";"PIB";"Valor Adicionado Bruto a Preços Correntes Total (Mil Reais)";"Guajará";"Benevides";"-";"2009";432313
"Economia";"PIB";"Valor Adicionado Bruto a Preços Correntes Total (Mil Reais)";"Guajará";"Benevides";"-";"2010";466021,449
"Economia";"PIB";"Valor Adicionado Bruto a Preços Correntes Total (Mil Reais)";"Guajará";"Benevides";"-";"2011";531263,086
"Economia";"PIB";"Valor Adicionado Bruto a Preços Correntes Total (Mil Reais)";"Guajará";"Benevides";"-";"2012";631560,179
"Economia";"PIB";"Valor Adicionado Bruto a Preços Correntes Total (Mil Reais)";"Guajará";"Benevides";"-";"2013";719474,205
"Economia";"PIB";"Valor Adicionado Bruto a Preços Correntes Total (Mil Reais)";"Guajará";"Benevides";"-";"2014";834168,003
"Economia";"PIB";"Valor Adicionado Bruto a Preços Correntes Total (Mil Reais)";"Guajará";"Benevides";"-";"2015";973888
"Economia";"PIB";"Valor Adicionado Bruto a Preços Correntes Total (Mil Reais)";"Guajará";"Benevides";"-";"2016";1041276
"Economia";"PIB";"Valor Adicionado Bruto a Preços Correntes Total (Mil Reais)";"Guajará";"Benevides";"-";"2017";1126849
"Economia";"PIB";"Valor Adicionado Bruto a Preços Correntes Total (Mil Reais)";"Guajará";"Benevides";"-";"2018";1271519,923
"Economia";"PIB";"Valor Adicionado Bruto a Preços Correntes Total (Mil Reais)";"Guajará";"Benevides";"-";"2019";1245576,96
"Economia";"PIB";"Valor Adicionado Bruto a Preços Correntes Total (Mil Reais)";"Guajará";"Benevides";"-";"2020";1295635,336
"Economia";"PIB";"Valor Adicionado Bruto a Preços Correntes Total (Mil Reais)";"Guajará";"Benevides";"-";"2021";1519763,669
"Economia";"PIB";"Valor Adicionado Bruto a Preços Correntes Total (Mil Reais)";"Carajás";"Bom Jesus do Tocantins";"-";"2008";57772
"Economia";"PIB";"Valor Adicionado Bruto a Preços Correntes Total (Mil Reais)";"Carajás";"Bom Jesus do Tocantins";"-";"2009";60642
"Economia";"PIB";"Valor Adicionado Bruto a Preços Correntes Total (Mil Reais)";"Carajás";"Bom Jesus do Tocantins";"-";"2010";83868,394
"Economia";"PIB";"Valor Adicionado Bruto a Preços Correntes Total (Mil Reais)";"Carajás";"Bom Jesus do Tocantins";"-";"2011";90665,732
"Economia";"PIB";"Valor Adicionado Bruto a Preços Correntes Total (Mil Reais)";"Carajás";"Bom Jesus do Tocantins";"-";"2012";80886,878
"Economia";"PIB";"Valor Adicionado Bruto a Preços Correntes Total (Mil Reais)";"Carajás";"Bom Jesus do Tocantins";"-";"2013";101950,65
"Economia";"PIB";"Valor Adicionado Bruto a Preços Correntes Total (Mil Reais)";"Carajás";"Bom Jesus do Tocantins";"-";"2014";116246,849
"Economia";"PIB";"Valor Adicionado Bruto a Preços Correntes Total (Mil Reais)";"Carajás";"Bom Jesus do Tocantins";"-";"2015";129562
"Economia";"PIB";"Valor Adicionado Bruto a Preços Correntes Total (Mil Reais)";"Carajás";"Bom Jesus do Tocantins";"-";"2016";147947
"Economia";"PIB";"Valor Adicionado Bruto a Preços Correntes Total (Mil Reais)";"Carajás";"Bom Jesus do Tocantins";"-";"2017";154393
"Economia";"PIB";"Valor Adicionado Bruto a Preços Correntes Total (Mil Reais)";"Carajás";"Bom Jesus do Tocantins";"-";"2018";168694,268
"Economia";"PIB";"Valor Adicionado Bruto a Preços Correntes Total (Mil Reais)";"Carajás";"Bom Jesus do Tocantins";"-";"2019";165286,052
"Economia";"PIB";"Valor Adicionado Bruto a Preços Correntes Total (Mil Reais)";"Carajás";"Bom Jesus do Tocantins";"-";"2020";198793,971
"Economia";"PIB";"Valor Adicionado Bruto a Preços Correntes Total (Mil Reais)";"Carajás";"Bom Jesus do Tocantins";"-";"2021";232320,388
"Economia";"PIB";"Valor Adicionado Bruto a Preços Correntes Total (Mil Reais)";"Rio Caeté";"Bonito";"-";"2008";30551
"Economia";"PIB";"Valor Adicionado Bruto a Preços Correntes Total (Mil Reais)";"Rio Caeté";"Bonito";"-";"2009";34290
"Economia";"PIB";"Valor Adicionado Bruto a Preços Correntes Total (Mil Reais)";"Rio Caeté";"Bonito";"-";"2010";55666,703
"Economia";"PIB";"Valor Adicionado Bruto a Preços Correntes Total (Mil Reais)";"Rio Caeté";"Bonito";"-";"2011";53602,489
"Economia";"PIB";"Valor Adicionado Bruto a Preços Correntes Total (Mil Reais)";"Rio Caeté";"Bonito";"-";"2012";52868,917
"Economia";"PIB";"Valor Adicionado Bruto a Preços Correntes Total (Mil Reais)";"Rio Caeté";"Bonito";"-";"2013";75307,699
"Economia";"PIB";"Valor Adicionado Bruto a Preços Correntes Total (Mil Reais)";"Rio Caeté";"Bonito";"-";"2014";73071,294
"Economia";"PIB";"Valor Adicionado Bruto a Preços Correntes Total (Mil Reais)";"Rio Caeté";"Bonito";"-";"2015";79829
"Economia";"PIB";"Valor Adicionado Bruto a Preços Correntes Total (Mil Reais)";"Rio Caeté";"Bonito";"-";"2016";96562
"Economia";"PIB";"Valor Adicionado Bruto a Preços Correntes Total (Mil Reais)";"Rio Caeté";"Bonito";"-";"2017";121485
"Economia";"PIB";"Valor Adicionado Bruto a Preços Correntes Total (Mil Reais)";"Rio Caeté";"Bonito";"-";"2018";132018,05
"Economia";"PIB";"Valor Adicionado Bruto a Preços Correntes Total (Mil Reais)";"Rio Caeté";"Bonito";"-";"2019";139103,477
"Economia";"PIB";"Valor Adicionado Bruto a Preços Correntes Total (Mil Reais)";"Rio Caeté";"Bonito";"-";"2020";161549,568
"Economia";"PIB";"Valor Adicionado Bruto a Preços Correntes Total (Mil Reais)";"Rio Caeté";"Bonito";"-";"2021";170728,218
"Economia";"PIB";"Valor Adicionado Bruto a Preços Correntes Total (Mil Reais)";"Rio Caeté";"Bragança";"-";"2008";332728
"Economia";"PIB";"Valor Adicionado Bruto a Preços Correntes Total (Mil Reais)";"Rio Caeté";"Bragança";"-";"2009";367103
"Economia";"PIB";"Valor Adicionado Bruto a Preços Correntes Total (Mil Reais)";"Rio Caeté";"Bragança";"-";"2010";479828,935
"Economia";"PIB";"Valor Adicionado Bruto a Preços Correntes Total (Mil Reais)";"Rio Caeté";"Bragança";"-";"2011";579291,837
"Economia";"PIB";"Valor Adicionado Bruto a Preços Correntes Total (Mil Reais)";"Rio Caeté";"Bragança";"-";"2012";718189,365
"Economia";"PIB";"Valor Adicionado Bruto a Preços Correntes Total (Mil Reais)";"Rio Caeté";"Bragança";"-";"2013";935747,686
"Economia";"PIB";"Valor Adicionado Bruto a Preços Correntes Total (Mil Reais)";"Rio Caeté";"Bragança";"-";"2014";864334,385
"Economia";"PIB";"Valor Adicionado Bruto a Preços Correntes Total (Mil Reais)";"Rio Caeté";"Bragança";"-";"2015";919851
"Economia";"PIB";"Valor Adicionado Bruto a Preços Correntes Total (Mil Reais)";"Rio Caeté";"Bragança";"-";"2016";984887
"Economia";"PIB";"Valor Adicionado Bruto a Preços Correntes Total (Mil Reais)";"Rio Caeté";"Bragança";"-";"2017";1048945
"Economia";"PIB";"Valor Adicionado Bruto a Preços Correntes Total (Mil Reais)";"Rio Caeté";"Bragança";"-";"2018";1053223,586
"Economia";"PIB";"Valor Adicionado Bruto a Preços Correntes Total (Mil Reais)";"Rio Caeté";"Bragança";"-";"2019";1077311,149
"Economia";"PIB";"Valor Adicionado Bruto a Preços Correntes Total (Mil Reais)";"Rio Caeté";"Bragança";"-";"2020";1274206,962
"Economia";"PIB";"Valor Adicionado Bruto a Preços Correntes Total (Mil Reais)";"Rio Caeté";"Bragança";"-";"2021";1277290,016
"Economia";"PIB";"Valor Adicionado Bruto a Preços Correntes Total (Mil Reais)";"Xingu";"Brasil Novo";"-";"2008";75479
"Economia";"PIB";"Valor Adicionado Bruto a Preços Correntes Total (Mil Reais)";"Xingu";"Brasil Novo";"-";"2009";75987
"Economia";"PIB";"Valor Adicionado Bruto a Preços Correntes Total (Mil Reais)";"Xingu";"Brasil Novo";"-";"2010";99937,016
"Economia";"PIB";"Valor Adicionado Bruto a Preços Correntes Total (Mil Reais)";"Xingu";"Brasil Novo";"-";"2011";122796,482
"Economia";"PIB";"Valor Adicionado Bruto a Preços Correntes Total (Mil Reais)";"Xingu";"Brasil Novo";"-";"2012";120329,988
"Economia";"PIB";"Valor Adicionado Bruto a Preços Correntes Total (Mil Reais)";"Xingu";"Brasil Novo";"-";"2013";150099,058
"Economia";"PIB";"Valor Adicionado Bruto a Preços Correntes Total (Mil Reais)";"Xingu";"Brasil Novo";"-";"2014";171724,079
"Economia";"PIB";"Valor Adicionado Bruto a Preços Correntes Total (Mil Reais)";"Xingu";"Brasil Novo";"-";"2015";195563
"Economia";"PIB";"Valor Adicionado Bruto a Preços Correntes Total (Mil Reais)";"Xingu";"Brasil Novo";"-";"2016";214431
"Economia";"PIB";"Valor Adicionado Bruto a Preços Correntes Total (Mil Reais)";"Xingu";"Brasil Novo";"-";"2017";225618
"Economia";"PIB";"Valor Adicionado Bruto a Preços Correntes Total (Mil Reais)";"Xingu";"Brasil Novo";"-";"2018";238086,917
"Economia";"PIB";"Valor Adicionado Bruto a Preços Correntes Total (Mil Reais)";"Xingu";"Brasil Novo";"-";"2019";259747,295
"Economia";"PIB";"Valor Adicionado Bruto a Preços Correntes Total (Mil Reais)";"Xingu";"Brasil Novo";"-";"2020";303287,501
"Economia";"PIB";"Valor Adicionado Bruto a Preços Correntes Total (Mil Reais)";"Xingu";"Brasil Novo";"-";"2021";350657,998
"Economia";"PIB";"Valor Adicionado Bruto a Preços Correntes Total (Mil Reais)";"Carajás";"Brejo Grande do Araguaia";"-";"2008";32390
"Economia";"PIB";"Valor Adicionado Bruto a Preços Correntes Total (Mil Reais)";"Carajás";"Brejo Grande do Araguaia";"-";"2009";31732
"Economia";"PIB";"Valor Adicionado Bruto a Preços Correntes Total (Mil Reais)";"Carajás";"Brejo Grande do Araguaia";"-";"2010";33793,627
"Economia";"PIB";"Valor Adicionado Bruto a Preços Correntes Total (Mil Reais)";"Carajás";"Brejo Grande do Araguaia";"-";"2011";38469,542
"Economia";"PIB";"Valor Adicionado Bruto a Preços Correntes Total (Mil Reais)";"Carajás";"Brejo Grande do Araguaia";"-";"2012";39542,632
"Economia";"PIB";"Valor Adicionado Bruto a Preços Correntes Total (Mil Reais)";"Carajás";"Brejo Grande do Araguaia";"-";"2013";47700,917
"Economia";"PIB";"Valor Adicionado Bruto a Preços Correntes Total (Mil Reais)";"Carajás";"Brejo Grande do Araguaia";"-";"2014";54142,903
"Economia";"PIB";"Valor Adicionado Bruto a Preços Correntes Total (Mil Reais)";"Carajás";"Brejo Grande do Araguaia";"-";"2015";61421
"Economia";"PIB";"Valor Adicionado Bruto a Preços Correntes Total (Mil Reais)";"Carajás";"Brejo Grande do Araguaia";"-";"2016";73148
"Economia";"PIB";"Valor Adicionado Bruto a Preços Correntes Total (Mil Reais)";"Carajás";"Brejo Grande do Araguaia";"-";"2017";77317
"Economia";"PIB";"Valor Adicionado Bruto a Preços Correntes Total (Mil Reais)";"Carajás";"Brejo Grande do Araguaia";"-";"2018";74701,695
"Economia";"PIB";"Valor Adicionado Bruto a Preços Correntes Total (Mil Reais)";"Carajás";"Brejo Grande do Araguaia";"-";"2019";77579,417
"Economia";"PIB";"Valor Adicionado Bruto a Preços Correntes Total (Mil Reais)";"Carajás";"Brejo Grande do Araguaia";"-";"2020";85392,96
"Economia";"PIB";"Valor Adicionado Bruto a Preços Correntes Total (Mil Reais)";"Carajás";"Brejo Grande do Araguaia";"-";"2021";109488,791
"Economia";"PIB";"Valor Adicionado Bruto a Preços Correntes Total (Mil Reais)";"Lago de Tucuruí";"Breu Branco";"-";"2008";343564
"Economia";"PIB";"Valor Adicionado Bruto a Preços Correntes Total (Mil Reais)";"Lago de Tucuruí";"Breu Branco";"-";"2009";274552
"Economia";"PIB";"Valor Adicionado Bruto a Preços Correntes Total (Mil Reais)";"Lago de Tucuruí";"Breu Branco";"-";"2010";522045,215
"Economia";"PIB";"Valor Adicionado Bruto a Preços Correntes Total (Mil Reais)";"Lago de Tucuruí";"Breu Branco";"-";"2011";601177,787
"Economia";"PIB";"Valor Adicionado Bruto a Preços Correntes Total (Mil Reais)";"Lago de Tucuruí";"Breu Branco";"-";"2012";386270,281
"Economia";"PIB";"Valor Adicionado Bruto a Preços Correntes Total (Mil Reais)";"Lago de Tucuruí";"Breu Branco";"-";"2013";456837,541
"Economia";"PIB";"Valor Adicionado Bruto a Preços Correntes Total (Mil Reais)";"Lago de Tucuruí";"Breu Branco";"-";"2014";536938,329
"Economia";"PIB";"Valor Adicionado Bruto a Preços Correntes Total (Mil Reais)";"Lago de Tucuruí";"Breu Branco";"-";"2015";481443
"Economia";"PIB";"Valor Adicionado Bruto a Preços Correntes Total (Mil Reais)";"Lago de Tucuruí";"Breu Branco";"-";"2016";499083
"Economia";"PIB";"Valor Adicionado Bruto a Preços Correntes Total (Mil Reais)";"Lago de Tucuruí";"Breu Branco";"-";"2017";537665
"Economia";"PIB";"Valor Adicionado Bruto a Preços Correntes Total (Mil Reais)";"Lago de Tucuruí";"Breu Branco";"-";"2018";521751,377
"Economia";"PIB";"Valor Adicionado Bruto a Preços Correntes Total (Mil Reais)";"Lago de Tucuruí";"Breu Branco";"-";"2019";541923,916
"Economia";"PIB";"Valor Adicionado Bruto a Preços Correntes Total (Mil Reais)";"Lago de Tucuruí";"Breu Branco";"-";"2020";621316,998
"Economia";"PIB";"Valor Adicionado Bruto a Preços Correntes Total (Mil Reais)";"Lago de Tucuruí";"Breu Branco";"-";"2021";715744,296
"Economia";"PIB";"Valor Adicionado Bruto a Preços Correntes Total (Mil Reais)";"Marajó";"Breves";"-";"2008";239243
"Economia";"PIB";"Valor Adicionado Bruto a Preços Correntes Total (Mil Reais)";"Marajó";"Breves";"-";"2009";287329
"Economia";"PIB";"Valor Adicionado Bruto a Preços Correntes Total (Mil Reais)";"Marajó";"Breves";"-";"2010";342890,071
"Economia";"PIB";"Valor Adicionado Bruto a Preços Correntes Total (Mil Reais)";"Marajó";"Breves";"-";"2011";401438,987
"Economia";"PIB";"Valor Adicionado Bruto a Preços Correntes Total (Mil Reais)";"Marajó";"Breves";"-";"2012";471889,98
"Economia";"PIB";"Valor Adicionado Bruto a Preços Correntes Total (Mil Reais)";"Marajó";"Breves";"-";"2013";526092,764
"Economia";"PIB";"Valor Adicionado Bruto a Preços Correntes Total (Mil Reais)";"Marajó";"Breves";"-";"2014";588352,356
"Economia";"PIB";"Valor Adicionado Bruto a Preços Correntes Total (Mil Reais)";"Marajó";"Breves";"-";"2015";618082
"Economia";"PIB";"Valor Adicionado Bruto a Preços Correntes Total (Mil Reais)";"Marajó";"Breves";"-";"2016";633567
"Economia";"PIB";"Valor Adicionado Bruto a Preços Correntes Total (Mil Reais)";"Marajó";"Breves";"-";"2017";704079
"Economia";"PIB";"Valor Adicionado Bruto a Preços Correntes Total (Mil Reais)";"Marajó";"Breves";"-";"2018";773785,317
"Economia";"PIB";"Valor Adicionado Bruto a Preços Correntes Total (Mil Reais)";"Marajó";"Breves";"-";"2019";763591,262
"Economia";"PIB";"Valor Adicionado Bruto a Preços Correntes Total (Mil Reais)";"Marajó";"Breves";"-";"2020";796931,543
"Economia";"PIB";"Valor Adicionado Bruto a Preços Correntes Total (Mil Reais)";"Marajó";"Breves";"-";"2021";834136,737
"Economia";"PIB";"Valor Adicionado Bruto a Preços Correntes Total (Mil Reais)";"Rio Capim";"Bujaru";"-";"2008";59724
"Economia";"PIB";"Valor Adicionado Bruto a Preços Correntes Total (Mil Reais)";"Rio Capim";"Bujaru";"-";"2009";71633
"Economia";"PIB";"Valor Adicionado Bruto a Preços Correntes Total (Mil Reais)";"Rio Capim";"Bujaru";"-";"2010";224412,647
"Economia";"PIB";"Valor Adicionado Bruto a Preços Correntes Total (Mil Reais)";"Rio Capim";"Bujaru";"-";"2011";234361,567
"Economia";"PIB";"Valor Adicionado Bruto a Preços Correntes Total (Mil Reais)";"Rio Capim";"Bujaru";"-";"2012";282143,962
"Economia";"PIB";"Valor Adicionado Bruto a Preços Correntes Total (Mil Reais)";"Rio Capim";"Bujaru";"-";"2013";440769,398
"Economia";"PIB";"Valor Adicionado Bruto a Preços Correntes Total (Mil Reais)";"Rio Capim";"Bujaru";"-";"2014";374737,293
"Economia";"PIB";"Valor Adicionado Bruto a Preços Correntes Total (Mil Reais)";"Rio Capim";"Bujaru";"-";"2015";386646
"Economia";"PIB";"Valor Adicionado Bruto a Preços Correntes Total (Mil Reais)";"Rio Capim";"Bujaru";"-";"2016";472854
"Economia";"PIB";"Valor Adicionado Bruto a Preços Correntes Total (Mil Reais)";"Rio Capim";"Bujaru";"-";"2017";490182
"Economia";"PIB";"Valor Adicionado Bruto a Preços Correntes Total (Mil Reais)";"Rio Capim";"Bujaru";"-";"2018";445876,06
"Economia";"PIB";"Valor Adicionado Bruto a Preços Correntes Total (Mil Reais)";"Rio Capim";"Bujaru";"-";"2019";406391,688
"Economia";"PIB";"Valor Adicionado Bruto a Preços Correntes Total (Mil Reais)";"Rio Capim";"Bujaru";"-";"2020";480579,239
"Economia";"PIB";"Valor Adicionado Bruto a Preços Correntes Total (Mil Reais)";"Rio Capim";"Bujaru";"-";"2021";527001,219
"Economia";"PIB";"Valor Adicionado Bruto a Preços Correntes Total (Mil Reais)";"Marajó";"Cachoeira do Arari";"-";"2008";53104
"Economia";"PIB";"Valor Adicionado Bruto a Preços Correntes Total (Mil Reais)";"Marajó";"Cachoeira do Arari";"-";"2009";61774
"Economia";"PIB";"Valor Adicionado Bruto a Preços Correntes Total (Mil Reais)";"Marajó";"Cachoeira do Arari";"-";"2010";77275,709
"Economia";"PIB";"Valor Adicionado Bruto a Preços Correntes Total (Mil Reais)";"Marajó";"Cachoeira do Arari";"-";"2011";99525,407
"Economia";"PIB";"Valor Adicionado Bruto a Preços Correntes Total (Mil Reais)";"Marajó";"Cachoeira do Arari";"-";"2012";118553,99
"Economia";"PIB";"Valor Adicionado Bruto a Preços Correntes Total (Mil Reais)";"Marajó";"Cachoeira do Arari";"-";"2013";141447,315
"Economia";"PIB";"Valor Adicionado Bruto a Preços Correntes Total (Mil Reais)";"Marajó";"Cachoeira do Arari";"-";"2014";144715,987
"Economia";"PIB";"Valor Adicionado Bruto a Preços Correntes Total (Mil Reais)";"Marajó";"Cachoeira do Arari";"-";"2015";156671
"Economia";"PIB";"Valor Adicionado Bruto a Preços Correntes Total (Mil Reais)";"Marajó";"Cachoeira do Arari";"-";"2016";166697
"Economia";"PIB";"Valor Adicionado Bruto a Preços Correntes Total (Mil Reais)";"Marajó";"Cachoeira do Arari";"-";"2017";168925
"Economia";"PIB";"Valor Adicionado Bruto a Preços Correntes Total (Mil Reais)";"Marajó";"Cachoeira do Arari";"-";"2018";179025,115
"Economia";"PIB";"Valor Adicionado Bruto a Preços Correntes Total (Mil Reais)";"Marajó";"Cachoeira do Arari";"-";"2019";194375,029
"Economia";"PIB";"Valor Adicionado Bruto a Preços Correntes Total (Mil Reais)";"Marajó";"Cachoeira do Arari";"-";"2020";224201,991
"Economia";"PIB";"Valor Adicionado Bruto a Preços Correntes Total (Mil Reais)";"Marajó";"Cachoeira do Arari";"-";"2021";246524,978
"Economia";"PIB";"Valor Adicionado Bruto a Preços Correntes Total (Mil Reais)";"Rio Caeté";"Cachoeira do Piriá";"-";"2008";43323
"Economia";"PIB";"Valor Adicionado Bruto a Preços Correntes Total (Mil Reais)";"Rio Caeté";"Cachoeira do Piriá";"-";"2009";46131
"Economia";"PIB";"Valor Adicionado Bruto a Preços Correntes Total (Mil Reais)";"Rio Caeté";"Cachoeira do Piriá";"-";"2010";74983,487
"Economia";"PIB";"Valor Adicionado Bruto a Preços Correntes Total (Mil Reais)";"Rio Caeté";"Cachoeira do Piriá";"-";"2011";91940,283
"Economia";"PIB";"Valor Adicionado Bruto a Preços Correntes Total (Mil Reais)";"Rio Caeté";"Cachoeira do Piriá";"-";"2012";98760,699
"Economia";"PIB";"Valor Adicionado Bruto a Preços Correntes Total (Mil Reais)";"Rio Caeté";"Cachoeira do Piriá";"-";"2013";136702,424
"Economia";"PIB";"Valor Adicionado Bruto a Preços Correntes Total (Mil Reais)";"Rio Caeté";"Cachoeira do Piriá";"-";"2014";139618,136
"Economia";"PIB";"Valor Adicionado Bruto a Preços Correntes Total (Mil Reais)";"Rio Caeté";"Cachoeira do Piriá";"-";"2015";148078
"Economia";"PIB";"Valor Adicionado Bruto a Preços Correntes Total (Mil Reais)";"Rio Caeté";"Cachoeira do Piriá";"-";"2016";167206
"Economia";"PIB";"Valor Adicionado Bruto a Preços Correntes Total (Mil Reais)";"Rio Caeté";"Cachoeira do Piriá";"-";"2017";182882
"Economia";"PIB";"Valor Adicionado Bruto a Preços Correntes Total (Mil Reais)";"Rio Caeté";"Cachoeira do Piriá";"-";"2018";174506,037
"Economia";"PIB";"Valor Adicionado Bruto a Preços Correntes Total (Mil Reais)";"Rio Caeté";"Cachoeira do Piriá";"-";"2019";177323,159
"Economia";"PIB";"Valor Adicionado Bruto a Preços Correntes Total (Mil Reais)";"Rio Caeté";"Cachoeira do Piriá";"-";"2020";209064,02
"Economia";"PIB";"Valor Adicionado Bruto a Preços Correntes Total (Mil Reais)";"Rio Caeté";"Cachoeira do Piriá";"-";"2021";222017,864
"Economia";"PIB";"Valor Adicionado Bruto a Preços Correntes Total (Mil Reais)";"Tocantins";"Cametá";"-";"2008";285771
"Economia";"PIB";"Valor Adicionado Bruto a Preços Correntes Total (Mil Reais)";"Tocantins";"Cametá";"-";"2009";321121
"Economia";"PIB";"Valor Adicionado Bruto a Preços Correntes Total (Mil Reais)";"Tocantins";"Cametá";"-";"2010";460963,578
"Economia";"PIB";"Valor Adicionado Bruto a Preços Correntes Total (Mil Reais)";"Tocantins";"Cametá";"-";"2011";538874,494
"Economia";"PIB";"Valor Adicionado Bruto a Preços Correntes Total (Mil Reais)";"Tocantins";"Cametá";"-";"2012";600103,559
"Economia";"PIB";"Valor Adicionado Bruto a Preços Correntes Total (Mil Reais)";"Tocantins";"Cametá";"-";"2013";716135,071
"Economia";"PIB";"Valor Adicionado Bruto a Preços Correntes Total (Mil Reais)";"Tocantins";"Cametá";"-";"2014";819171,195
"Economia";"PIB";"Valor Adicionado Bruto a Preços Correntes Total (Mil Reais)";"Tocantins";"Cametá";"-";"2015";951701
"Economia";"PIB";"Valor Adicionado Bruto a Preços Correntes Total (Mil Reais)";"Tocantins";"Cametá";"-";"2016";1100178
"Economia";"PIB";"Valor Adicionado Bruto a Preços Correntes Total (Mil Reais)";"Tocantins";"Cametá";"-";"2017";1144948
"Economia";"PIB";"Valor Adicionado Bruto a Preços Correntes Total (Mil Reais)";"Tocantins";"Cametá";"-";"2018";1089984,262
"Economia";"PIB";"Valor Adicionado Bruto a Preços Correntes Total (Mil Reais)";"Tocantins";"Cametá";"-";"2019";1090283,892
"Economia";"PIB";"Valor Adicionado Bruto a Preços Correntes Total (Mil Reais)";"Tocantins";"Cametá";"-";"2020";1280463,372
"Economia";"PIB";"Valor Adicionado Bruto a Preços Correntes Total (Mil Reais)";"Tocantins";"Cametá";"-";"2021";1336057,97
"Economia";"PIB";"Valor Adicionado Bruto a Preços Correntes Total (Mil Reais)";"Carajás";"Canaã dos Carajás";"-";"2008";1246178
"Economia";"PIB";"Valor Adicionado Bruto a Preços Correntes Total (Mil Reais)";"Carajás";"Canaã dos Carajás";"-";"2009";731699
"Economia";"PIB";"Valor Adicionado Bruto a Preços Correntes Total (Mil Reais)";"Carajás";"Canaã dos Carajás";"-";"2010";2048533,112
"Economia";"PIB";"Valor Adicionado Bruto a Preços Correntes Total (Mil Reais)";"Carajás";"Canaã dos Carajás";"-";"2011";2868675,137
"Economia";"PIB";"Valor Adicionado Bruto a Preços Correntes Total (Mil Reais)";"Carajás";"Canaã dos Carajás";"-";"2012";3083653,699
"Economia";"PIB";"Valor Adicionado Bruto a Preços Correntes Total (Mil Reais)";"Carajás";"Canaã dos Carajás";"-";"2013";3328188,188
"Economia";"PIB";"Valor Adicionado Bruto a Preços Correntes Total (Mil Reais)";"Carajás";"Canaã dos Carajás";"-";"2014";2577679,873
"Economia";"PIB";"Valor Adicionado Bruto a Preços Correntes Total (Mil Reais)";"Carajás";"Canaã dos Carajás";"-";"2015";3249276
"Economia";"PIB";"Valor Adicionado Bruto a Preços Correntes Total (Mil Reais)";"Carajás";"Canaã dos Carajás";"-";"2016";2055422
"Economia";"PIB";"Valor Adicionado Bruto a Preços Correntes Total (Mil Reais)";"Carajás";"Canaã dos Carajás";"-";"2017";3896640
"Economia";"PIB";"Valor Adicionado Bruto a Preços Correntes Total (Mil Reais)";"Carajás";"Canaã dos Carajás";"-";"2018";6914626,326
"Economia";"PIB";"Valor Adicionado Bruto a Preços Correntes Total (Mil Reais)";"Carajás";"Canaã dos Carajás";"-";"2019";10444831,962
"Economia";"PIB";"Valor Adicionado Bruto a Preços Correntes Total (Mil Reais)";"Carajás";"Canaã dos Carajás";"-";"2020";22151199,879
"Economia";"PIB";"Valor Adicionado Bruto a Preços Correntes Total (Mil Reais)";"Carajás";"Canaã dos Carajás";"-";"2021";34464402,681
"Economia";"PIB";"Valor Adicionado Bruto a Preços Correntes Total (Mil Reais)";"Rio Caeté";"Capanema";"-";"2008";320892
"Economia";"PIB";"Valor Adicionado Bruto a Preços Correntes Total (Mil Reais)";"Rio Caeté";"Capanema";"-";"2009";365127
"Economia";"PIB";"Valor Adicionado Bruto a Preços Correntes Total (Mil Reais)";"Rio Caeté";"Capanema";"-";"2010";524733,191
"Economia";"PIB";"Valor Adicionado Bruto a Preços Correntes Total (Mil Reais)";"Rio Caeté";"Capanema";"-";"2011";583348,722
"Economia";"PIB";"Valor Adicionado Bruto a Preços Correntes Total (Mil Reais)";"Rio Caeté";"Capanema";"-";"2012";576817,032
"Economia";"PIB";"Valor Adicionado Bruto a Preços Correntes Total (Mil Reais)";"Rio Caeté";"Capanema";"-";"2013";716371,049
"Economia";"PIB";"Valor Adicionado Bruto a Preços Correntes Total (Mil Reais)";"Rio Caeté";"Capanema";"-";"2014";792794,489
"Economia";"PIB";"Valor Adicionado Bruto a Preços Correntes Total (Mil Reais)";"Rio Caeté";"Capanema";"-";"2015";831741
"Economia";"PIB";"Valor Adicionado Bruto a Preços Correntes Total (Mil Reais)";"Rio Caeté";"Capanema";"-";"2016";856170
"Economia";"PIB";"Valor Adicionado Bruto a Preços Correntes Total (Mil Reais)";"Rio Caeté";"Capanema";"-";"2017";839708
"Economia";"PIB";"Valor Adicionado Bruto a Preços Correntes Total (Mil Reais)";"Rio Caeté";"Capanema";"-";"2018";898517,689
"Economia";"PIB";"Valor Adicionado Bruto a Preços Correntes Total (Mil Reais)";"Rio Caeté";"Capanema";"-";"2019";968092,387
"Economia";"PIB";"Valor Adicionado Bruto a Preços Correntes Total (Mil Reais)";"Rio Caeté";"Capanema";"-";"2020";1055455,177
"Economia";"PIB";"Valor Adicionado Bruto a Preços Correntes Total (Mil Reais)";"Rio Caeté";"Capanema";"-";"2021";1221322,081
"Economia";"PIB";"Valor Adicionado Bruto a Preços Correntes Total (Mil Reais)";"Rio Capim";"Capitão Poço";"-";"2008";137721
"Economia";"PIB";"Valor Adicionado Bruto a Preços Correntes Total (Mil Reais)";"Rio Capim";"Capitão Poço";"-";"2009";154640
"Economia";"PIB";"Valor Adicionado Bruto a Preços Correntes Total (Mil Reais)";"Rio Capim";"Capitão Poço";"-";"2010";223144,129
"Economia";"PIB";"Valor Adicionado Bruto a Preços Correntes Total (Mil Reais)";"Rio Capim";"Capitão Poço";"-";"2011";244758,611
"Economia";"PIB";"Valor Adicionado Bruto a Preços Correntes Total (Mil Reais)";"Rio Capim";"Capitão Poço";"-";"2012";290336,946
"Economia";"PIB";"Valor Adicionado Bruto a Preços Correntes Total (Mil Reais)";"Rio Capim";"Capitão Poço";"-";"2013";356319,937
"Economia";"PIB";"Valor Adicionado Bruto a Preços Correntes Total (Mil Reais)";"Rio Capim";"Capitão Poço";"-";"2014";364727,898
"Economia";"PIB";"Valor Adicionado Bruto a Preços Correntes Total (Mil Reais)";"Rio Capim";"Capitão Poço";"-";"2015";419489
"Economia";"PIB";"Valor Adicionado Bruto a Preços Correntes Total (Mil Reais)";"Rio Capim";"Capitão Poço";"-";"2016";460247
"Economia";"PIB";"Valor Adicionado Bruto a Preços Correntes Total (Mil Reais)";"Rio Capim";"Capitão Poço";"-";"2017";433368
"Economia";"PIB";"Valor Adicionado Bruto a Preços Correntes Total (Mil Reais)";"Rio Capim";"Capitão Poço";"-";"2018";476597,988
"Economia";"PIB";"Valor Adicionado Bruto a Preços Correntes Total (Mil Reais)";"Rio Capim";"Capitão Poço";"-";"2019";676928,208
"Economia";"PIB";"Valor Adicionado Bruto a Preços Correntes Total (Mil Reais)";"Rio Capim";"Capitão Poço";"-";"2020";670697,844
"Economia";"PIB";"Valor Adicionado Bruto a Preços Correntes Total (Mil Reais)";"Rio Capim";"Capitão Poço";"-";"2021";573838,223
"Economia";"PIB";"Valor Adicionado Bruto a Preços Correntes Total (Mil Reais)";"Guamá";"Castanhal";"-";"2008";984440
"Economia";"PIB";"Valor Adicionado Bruto a Preços Correntes Total (Mil Reais)";"Guamá";"Castanhal";"-";"2009";1076941
"Economia";"PIB";"Valor Adicionado Bruto a Preços Correntes Total (Mil Reais)";"Guamá";"Castanhal";"-";"2010";1524594,79
"Economia";"PIB";"Valor Adicionado Bruto a Preços Correntes Total (Mil Reais)";"Guamá";"Castanhal";"-";"2011";1663777,998
"Economia";"PIB";"Valor Adicionado Bruto a Preços Correntes Total (Mil Reais)";"Guamá";"Castanhal";"-";"2012";2047651,441
"Economia";"PIB";"Valor Adicionado Bruto a Preços Correntes Total (Mil Reais)";"Guamá";"Castanhal";"-";"2013";2115782,174
"Economia";"PIB";"Valor Adicionado Bruto a Preços Correntes Total (Mil Reais)";"Guamá";"Castanhal";"-";"2014";2333681,138
"Economia";"PIB";"Valor Adicionado Bruto a Preços Correntes Total (Mil Reais)";"Guamá";"Castanhal";"-";"2015";2749012
"Economia";"PIB";"Valor Adicionado Bruto a Preços Correntes Total (Mil Reais)";"Guamá";"Castanhal";"-";"2016";3092871
"Economia";"PIB";"Valor Adicionado Bruto a Preços Correntes Total (Mil Reais)";"Guamá";"Castanhal";"-";"2017";3205304
"Economia";"PIB";"Valor Adicionado Bruto a Preços Correntes Total (Mil Reais)";"Guamá";"Castanhal";"-";"2018";3338679,529
"Economia";"PIB";"Valor Adicionado Bruto a Preços Correntes Total (Mil Reais)";"Guamá";"Castanhal";"-";"2019";3419960,421
"Economia";"PIB";"Valor Adicionado Bruto a Preços Correntes Total (Mil Reais)";"Guamá";"Castanhal";"-";"2020";3576417,455
"Economia";"PIB";"Valor Adicionado Bruto a Preços Correntes Total (Mil Reais)";"Guamá";"Castanhal";"-";"2021";3871177,953
"Economia";"PIB";"Valor Adicionado Bruto a Preços Correntes Total (Mil Reais)";"Marajó";"Chaves";"-";"2008";62788
"Economia";"PIB";"Valor Adicionado Bruto a Preços Correntes Total (Mil Reais)";"Marajó";"Chaves";"-";"2009";66817
"Economia";"PIB";"Valor Adicionado Bruto a Preços Correntes Total (Mil Reais)";"Marajó";"Chaves";"-";"2010";81023,529
"Economia";"PIB";"Valor Adicionado Bruto a Preços Correntes Total (Mil Reais)";"Marajó";"Chaves";"-";"2011";96477,3
"Economia";"PIB";"Valor Adicionado Bruto a Preços Correntes Total (Mil Reais)";"Marajó";"Chaves";"-";"2012";112235,507
"Economia";"PIB";"Valor Adicionado Bruto a Preços Correntes Total (Mil Reais)";"Marajó";"Chaves";"-";"2013";135103,67
"Economia";"PIB";"Valor Adicionado Bruto a Preços Correntes Total (Mil Reais)";"Marajó";"Chaves";"-";"2014";144542,442
"Economia";"PIB";"Valor Adicionado Bruto a Preços Correntes Total (Mil Reais)";"Marajó";"Chaves";"-";"2015";163624
"Economia";"PIB";"Valor Adicionado Bruto a Preços Correntes Total (Mil Reais)";"Marajó";"Chaves";"-";"2016";175028
"Economia";"PIB";"Valor Adicionado Bruto a Preços Correntes Total (Mil Reais)";"Marajó";"Chaves";"-";"2017";178451
"Economia";"PIB";"Valor Adicionado Bruto a Preços Correntes Total (Mil Reais)";"Marajó";"Chaves";"-";"2018";184434,976
"Economia";"PIB";"Valor Adicionado Bruto a Preços Correntes Total (Mil Reais)";"Marajó";"Chaves";"-";"2019";191813,177
"Economia";"PIB";"Valor Adicionado Bruto a Preços Correntes Total (Mil Reais)";"Marajó";"Chaves";"-";"2020";215672,272
"Economia";"PIB";"Valor Adicionado Bruto a Preços Correntes Total (Mil Reais)";"Marajó";"Chaves";"-";"2021";245972,547
"Economia";"PIB";"Valor Adicionado Bruto a Preços Correntes Total (Mil Reais)";"Guamá";"Colares";"-";"2008";31666
"Economia";"PIB";"Valor Adicionado Bruto a Preços Correntes Total (Mil Reais)";"Guamá";"Colares";"-";"2009";36161
"Economia";"PIB";"Valor Adicionado Bruto a Preços Correntes Total (Mil Reais)";"Guamá";"Colares";"-";"2010";40823,555
"Economia";"PIB";"Valor Adicionado Bruto a Preços Correntes Total (Mil Reais)";"Guamá";"Colares";"-";"2011";43911,124
"Economia";"PIB";"Valor Adicionado Bruto a Preços Correntes Total (Mil Reais)";"Guamá";"Colares";"-";"2012";47468,122
"Economia";"PIB";"Valor Adicionado Bruto a Preços Correntes Total (Mil Reais)";"Guamá";"Colares";"-";"2013";59770,068
"Economia";"PIB";"Valor Adicionado Bruto a Preços Correntes Total (Mil Reais)";"Guamá";"Colares";"-";"2014";59283,788
"Economia";"PIB";"Valor Adicionado Bruto a Preços Correntes Total (Mil Reais)";"Guamá";"Colares";"-";"2015";64263
"Economia";"PIB";"Valor Adicionado Bruto a Preços Correntes Total (Mil Reais)";"Guamá";"Colares";"-";"2016";70841
"Economia";"PIB";"Valor Adicionado Bruto a Preços Correntes Total (Mil Reais)";"Guamá";"Colares";"-";"2017";77105
"Economia";"PIB";"Valor Adicionado Bruto a Preços Correntes Total (Mil Reais)";"Guamá";"Colares";"-";"2018";78996,326
"Economia";"PIB";"Valor Adicionado Bruto a Preços Correntes Total (Mil Reais)";"Guamá";"Colares";"-";"2019";82271,357
"Economia";"PIB";"Valor Adicionado Bruto a Preços Correntes Total (Mil Reais)";"Guamá";"Colares";"-";"2020";90351,42
"Economia";"PIB";"Valor Adicionado Bruto a Preços Correntes Total (Mil Reais)";"Guamá";"Colares";"-";"2021";98406,997
"Economia";"PIB";"Valor Adicionado Bruto a Preços Correntes Total (Mil Reais)";"Araguaia";"Conceição do Araguaia";"-";"2008";216055
"Economia";"PIB";"Valor Adicionado Bruto a Preços Correntes Total (Mil Reais)";"Araguaia";"Conceição do Araguaia";"-";"2009";216091
"Economia";"PIB";"Valor Adicionado Bruto a Preços Correntes Total (Mil Reais)";"Araguaia";"Conceição do Araguaia";"-";"2010";275871,223
"Economia";"PIB";"Valor Adicionado Bruto a Preços Correntes Total (Mil Reais)";"Araguaia";"Conceição do Araguaia";"-";"2011";331192,488
"Economia";"PIB";"Valor Adicionado Bruto a Preços Correntes Total (Mil Reais)";"Araguaia";"Conceição do Araguaia";"-";"2012";396239,032
"Economia";"PIB";"Valor Adicionado Bruto a Preços Correntes Total (Mil Reais)";"Araguaia";"Conceição do Araguaia";"-";"2013";376748,719
"Economia";"PIB";"Valor Adicionado Bruto a Preços Correntes Total (Mil Reais)";"Araguaia";"Conceição do Araguaia";"-";"2014";426339,237
"Economia";"PIB";"Valor Adicionado Bruto a Preços Correntes Total (Mil Reais)";"Araguaia";"Conceição do Araguaia";"-";"2015";477174
"Economia";"PIB";"Valor Adicionado Bruto a Preços Correntes Total (Mil Reais)";"Araguaia";"Conceição do Araguaia";"-";"2016";497967
"Economia";"PIB";"Valor Adicionado Bruto a Preços Correntes Total (Mil Reais)";"Araguaia";"Conceição do Araguaia";"-";"2017";515119
"Economia";"PIB";"Valor Adicionado Bruto a Preços Correntes Total (Mil Reais)";"Araguaia";"Conceição do Araguaia";"-";"2018";510135,11
"Economia";"PIB";"Valor Adicionado Bruto a Preços Correntes Total (Mil Reais)";"Araguaia";"Conceição do Araguaia";"-";"2019";505086,338
"Economia";"PIB";"Valor Adicionado Bruto a Preços Correntes Total (Mil Reais)";"Araguaia";"Conceição do Araguaia";"-";"2020";570213,081
"Economia";"PIB";"Valor Adicionado Bruto a Preços Correntes Total (Mil Reais)";"Araguaia";"Conceição do Araguaia";"-";"2021";607184,883
"Economia";"PIB";"Valor Adicionado Bruto a Preços Correntes Total (Mil Reais)";"Rio Capim";"Concórdia do Pará";"-";"2008";69945
"Economia";"PIB";"Valor Adicionado Bruto a Preços Correntes Total (Mil Reais)";"Rio Capim";"Concórdia do Pará";"-";"2009";82929
"Economia";"PIB";"Valor Adicionado Bruto a Preços Correntes Total (Mil Reais)";"Rio Capim";"Concórdia do Pará";"-";"2010";131441,086
"Economia";"PIB";"Valor Adicionado Bruto a Preços Correntes Total (Mil Reais)";"Rio Capim";"Concórdia do Pará";"-";"2011";152501,791
"Economia";"PIB";"Valor Adicionado Bruto a Preços Correntes Total (Mil Reais)";"Rio Capim";"Concórdia do Pará";"-";"2012";184876,405
"Economia";"PIB";"Valor Adicionado Bruto a Preços Correntes Total (Mil Reais)";"Rio Capim";"Concórdia do Pará";"-";"2013";227890,818
"Economia";"PIB";"Valor Adicionado Bruto a Preços Correntes Total (Mil Reais)";"Rio Capim";"Concórdia do Pará";"-";"2014";237673,932
"Economia";"PIB";"Valor Adicionado Bruto a Preços Correntes Total (Mil Reais)";"Rio Capim";"Concórdia do Pará";"-";"2015";246201
"Economia";"PIB";"Valor Adicionado Bruto a Preços Correntes Total (Mil Reais)";"Rio Capim";"Concórdia do Pará";"-";"2016";243481
"Economia";"PIB";"Valor Adicionado Bruto a Preços Correntes Total (Mil Reais)";"Rio Capim";"Concórdia do Pará";"-";"2017";280141
"Economia";"PIB";"Valor Adicionado Bruto a Preços Correntes Total (Mil Reais)";"Rio Capim";"Concórdia do Pará";"-";"2018";279945,075
"Economia";"PIB";"Valor Adicionado Bruto a Preços Correntes Total (Mil Reais)";"Rio Capim";"Concórdia do Pará";"-";"2019";275966,864
"Economia";"PIB";"Valor Adicionado Bruto a Preços Correntes Total (Mil Reais)";"Rio Capim";"Concórdia do Pará";"-";"2020";303182,251
"Economia";"PIB";"Valor Adicionado Bruto a Preços Correntes Total (Mil Reais)";"Rio Capim";"Concórdia do Pará";"-";"2021";391837,717
"Economia";"PIB";"Valor Adicionado Bruto a Preços Correntes Total (Mil Reais)";"Araguaia";"Cumaru do Norte";"-";"2008";79529
"Economia";"PIB";"Valor Adicionado Bruto a Preços Correntes Total (Mil Reais)";"Araguaia";"Cumaru do Norte";"-";"2009";80225
"Economia";"PIB";"Valor Adicionado Bruto a Preços Correntes Total (Mil Reais)";"Araguaia";"Cumaru do Norte";"-";"2010";106647,445
"Economia";"PIB";"Valor Adicionado Bruto a Preços Correntes Total (Mil Reais)";"Araguaia";"Cumaru do Norte";"-";"2011";134138,8
"Economia";"PIB";"Valor Adicionado Bruto a Preços Correntes Total (Mil Reais)";"Araguaia";"Cumaru do Norte";"-";"2012";152998,534
"Economia";"PIB";"Valor Adicionado Bruto a Preços Correntes Total (Mil Reais)";"Araguaia";"Cumaru do Norte";"-";"2013";183584,437
"Economia";"PIB";"Valor Adicionado Bruto a Preços Correntes Total (Mil Reais)";"Araguaia";"Cumaru do Norte";"-";"2014";201701,104
"Economia";"PIB";"Valor Adicionado Bruto a Preços Correntes Total (Mil Reais)";"Araguaia";"Cumaru do Norte";"-";"2015";227044
"Economia";"PIB";"Valor Adicionado Bruto a Preços Correntes Total (Mil Reais)";"Araguaia";"Cumaru do Norte";"-";"2016";262303
"Economia";"PIB";"Valor Adicionado Bruto a Preços Correntes Total (Mil Reais)";"Araguaia";"Cumaru do Norte";"-";"2017";270337
"Economia";"PIB";"Valor Adicionado Bruto a Preços Correntes Total (Mil Reais)";"Araguaia";"Cumaru do Norte";"-";"2018";283818,645
"Economia";"PIB";"Valor Adicionado Bruto a Preços Correntes Total (Mil Reais)";"Araguaia";"Cumaru do Norte";"-";"2019";276816,87
"Economia";"PIB";"Valor Adicionado Bruto a Preços Correntes Total (Mil Reais)";"Araguaia";"Cumaru do Norte";"-";"2020";395831,695
"Economia";"PIB";"Valor Adicionado Bruto a Preços Correntes Total (Mil Reais)";"Araguaia";"Cumaru do Norte";"-";"2021";392014,404
"Economia";"PIB";"Valor Adicionado Bruto a Preços Correntes Total (Mil Reais)";"Carajás";"Curionópolis";"-";"2008";79100
"Economia";"PIB";"Valor Adicionado Bruto a Preços Correntes Total (Mil Reais)";"Carajás";"Curionópolis";"-";"2009";82966
"Economia";"PIB";"Valor Adicionado Bruto a Preços Correntes Total (Mil Reais)";"Carajás";"Curionópolis";"-";"2010";108983,025
"Economia";"PIB";"Valor Adicionado Bruto a Preços Correntes Total (Mil Reais)";"Carajás";"Curionópolis";"-";"2011";135989,066
"Economia";"PIB";"Valor Adicionado Bruto a Preços Correntes Total (Mil Reais)";"Carajás";"Curionópolis";"-";"2012";176614,553
"Economia";"PIB";"Valor Adicionado Bruto a Preços Correntes Total (Mil Reais)";"Carajás";"Curionópolis";"-";"2013";187729,26
"Economia";"PIB";"Valor Adicionado Bruto a Preços Correntes Total (Mil Reais)";"Carajás";"Curionópolis";"-";"2014";192011,805
"Economia";"PIB";"Valor Adicionado Bruto a Preços Correntes Total (Mil Reais)";"Carajás";"Curionópolis";"-";"2015";326675
"Economia";"PIB";"Valor Adicionado Bruto a Preços Correntes Total (Mil Reais)";"Carajás";"Curionópolis";"-";"2016";572260
"Economia";"PIB";"Valor Adicionado Bruto a Preços Correntes Total (Mil Reais)";"Carajás";"Curionópolis";"-";"2017";833297
"Economia";"PIB";"Valor Adicionado Bruto a Preços Correntes Total (Mil Reais)";"Carajás";"Curionópolis";"-";"2018";788366,472
"Economia";"PIB";"Valor Adicionado Bruto a Preços Correntes Total (Mil Reais)";"Carajás";"Curionópolis";"-";"2019";907305,497
"Economia";"PIB";"Valor Adicionado Bruto a Preços Correntes Total (Mil Reais)";"Carajás";"Curionópolis";"-";"2020";612948,654
"Economia";"PIB";"Valor Adicionado Bruto a Preços Correntes Total (Mil Reais)";"Carajás";"Curionópolis";"-";"2021";3618295,421
"Economia";"PIB";"Valor Adicionado Bruto a Preços Correntes Total (Mil Reais)";"Marajó";"Curralinho";"-";"2008";50111
"Economia";"PIB";"Valor Adicionado Bruto a Preços Correntes Total (Mil Reais)";"Marajó";"Curralinho";"-";"2009";54774
"Economia";"PIB";"Valor Adicionado Bruto a Preços Correntes Total (Mil Reais)";"Marajó";"Curralinho";"-";"2010";91143,591
"Economia";"PIB";"Valor Adicionado Bruto a Preços Correntes Total (Mil Reais)";"Marajó";"Curralinho";"-";"2011";107483,709
"Economia";"PIB";"Valor Adicionado Bruto a Preços Correntes Total (Mil Reais)";"Marajó";"Curralinho";"-";"2012";119301,774
"Economia";"PIB";"Valor Adicionado Bruto a Preços Correntes Total (Mil Reais)";"Marajó";"Curralinho";"-";"2013";153889,957
"Economia";"PIB";"Valor Adicionado Bruto a Preços Correntes Total (Mil Reais)";"Marajó";"Curralinho";"-";"2014";162362,01
"Economia";"PIB";"Valor Adicionado Bruto a Preços Correntes Total (Mil Reais)";"Marajó";"Curralinho";"-";"2015";470499
"Economia";"PIB";"Valor Adicionado Bruto a Preços Correntes Total (Mil Reais)";"Marajó";"Curralinho";"-";"2016";642563
"Economia";"PIB";"Valor Adicionado Bruto a Preços Correntes Total (Mil Reais)";"Marajó";"Curralinho";"-";"2017";622627
"Economia";"PIB";"Valor Adicionado Bruto a Preços Correntes Total (Mil Reais)";"Marajó";"Curralinho";"-";"2018";514459,2
"Economia";"PIB";"Valor Adicionado Bruto a Preços Correntes Total (Mil Reais)";"Marajó";"Curralinho";"-";"2019";245980,758
"Economia";"PIB";"Valor Adicionado Bruto a Preços Correntes Total (Mil Reais)";"Marajó";"Curralinho";"-";"2020";259219,509
"Economia";"PIB";"Valor Adicionado Bruto a Preços Correntes Total (Mil Reais)";"Marajó";"Curralinho";"-";"2021";276155,837
"Economia";"PIB";"Valor Adicionado Bruto a Preços Correntes Total (Mil Reais)";"Baixo Amazonas";"Curuá";"-";"2008";43689
"Economia";"PIB";"Valor Adicionado Bruto a Preços Correntes Total (Mil Reais)";"Baixo Amazonas";"Curuá";"-";"2009";51171
"Economia";"PIB";"Valor Adicionado Bruto a Preços Correntes Total (Mil Reais)";"Baixo Amazonas";"Curuá";"-";"2010";92553,205
"Economia";"PIB";"Valor Adicionado Bruto a Preços Correntes Total (Mil Reais)";"Baixo Amazonas";"Curuá";"-";"2011";61562,884
"Economia";"PIB";"Valor Adicionado Bruto a Preços Correntes Total (Mil Reais)";"Baixo Amazonas";"Curuá";"-";"2012";70355,777
"Economia";"PIB";"Valor Adicionado Bruto a Preços Correntes Total (Mil Reais)";"Baixo Amazonas";"Curuá";"-";"2013";77533,959
"Economia";"PIB";"Valor Adicionado Bruto a Preços Correntes Total (Mil Reais)";"Baixo Amazonas";"Curuá";"-";"2014";85338,482
"Economia";"PIB";"Valor Adicionado Bruto a Preços Correntes Total (Mil Reais)";"Baixo Amazonas";"Curuá";"-";"2015";95270
"Economia";"PIB";"Valor Adicionado Bruto a Preços Correntes Total (Mil Reais)";"Baixo Amazonas";"Curuá";"-";"2016";106082
"Economia";"PIB";"Valor Adicionado Bruto a Preços Correntes Total (Mil Reais)";"Baixo Amazonas";"Curuá";"-";"2017";118004
"Economia";"PIB";"Valor Adicionado Bruto a Preços Correntes Total (Mil Reais)";"Baixo Amazonas";"Curuá";"-";"2018";121489,979
"Economia";"PIB";"Valor Adicionado Bruto a Preços Correntes Total (Mil Reais)";"Baixo Amazonas";"Curuá";"-";"2019";126438,763
"Economia";"PIB";"Valor Adicionado Bruto a Preços Correntes Total (Mil Reais)";"Baixo Amazonas";"Curuá";"-";"2020";136711,263
"Economia";"PIB";"Valor Adicionado Bruto a Preços Correntes Total (Mil Reais)";"Baixo Amazonas";"Curuá";"-";"2021";146021,792
"Economia";"PIB";"Valor Adicionado Bruto a Preços Correntes Total (Mil Reais)";"Guamá";"Curuçá";"-";"2008";83435
"Economia";"PIB";"Valor Adicionado Bruto a Preços Correntes Total (Mil Reais)";"Guamá";"Curuçá";"-";"2009";104010
"Economia";"PIB";"Valor Adicionado Bruto a Preços Correntes Total (Mil Reais)";"Guamá";"Curuçá";"-";"2010";129255,021
"Economia";"PIB";"Valor Adicionado Bruto a Preços Correntes Total (Mil Reais)";"Guamá";"Curuçá";"-";"2011";154585,73
"Economia";"PIB";"Valor Adicionado Bruto a Preços Correntes Total (Mil Reais)";"Guamá";"Curuçá";"-";"2012";162791,349
"Economia";"PIB";"Valor Adicionado Bruto a Preços Correntes Total (Mil Reais)";"Guamá";"Curuçá";"-";"2013";214633,083
"Economia";"PIB";"Valor Adicionado Bruto a Preços Correntes Total (Mil Reais)";"Guamá";"Curuçá";"-";"2014";214149,716
"Economia";"PIB";"Valor Adicionado Bruto a Preços Correntes Total (Mil Reais)";"Guamá";"Curuçá";"-";"2015";234572
"Economia";"PIB";"Valor Adicionado Bruto a Preços Correntes Total (Mil Reais)";"Guamá";"Curuçá";"-";"2016";258667
"Economia";"PIB";"Valor Adicionado Bruto a Preços Correntes Total (Mil Reais)";"Guamá";"Curuçá";"-";"2017";268383
"Economia";"PIB";"Valor Adicionado Bruto a Preços Correntes Total (Mil Reais)";"Guamá";"Curuçá";"-";"2018";278713,975
"Economia";"PIB";"Valor Adicionado Bruto a Preços Correntes Total (Mil Reais)";"Guamá";"Curuçá";"-";"2019";280247,266
"Economia";"PIB";"Valor Adicionado Bruto a Preços Correntes Total (Mil Reais)";"Guamá";"Curuçá";"-";"2020";319275,133
"Economia";"PIB";"Valor Adicionado Bruto a Preços Correntes Total (Mil Reais)";"Guamá";"Curuçá";"-";"2021";355498,614
"Economia";"PIB";"Valor Adicionado Bruto a Preços Correntes Total (Mil Reais)";"Rio Capim";"Dom Eliseu";"-";"2008";203792
"Economia";"PIB";"Valor Adicionado Bruto a Preços Correntes Total (Mil Reais)";"Rio Capim";"Dom Eliseu";"-";"2009";217196
"Economia";"PIB";"Valor Adicionado Bruto a Preços Correntes Total (Mil Reais)";"Rio Capim";"Dom Eliseu";"-";"2010";291270,369
"Economia";"PIB";"Valor Adicionado Bruto a Preços Correntes Total (Mil Reais)";"Rio Capim";"Dom Eliseu";"-";"2011";376621,805
"Economia";"PIB";"Valor Adicionado Bruto a Preços Correntes Total (Mil Reais)";"Rio Capim";"Dom Eliseu";"-";"2012";346957,956
"Economia";"PIB";"Valor Adicionado Bruto a Preços Correntes Total (Mil Reais)";"Rio Capim";"Dom Eliseu";"-";"2013";390350,954
"Economia";"PIB";"Valor Adicionado Bruto a Preços Correntes Total (Mil Reais)";"Rio Capim";"Dom Eliseu";"-";"2014";445203,334
"Economia";"PIB";"Valor Adicionado Bruto a Preços Correntes Total (Mil Reais)";"Rio Capim";"Dom Eliseu";"-";"2015";526178
"Economia";"PIB";"Valor Adicionado Bruto a Preços Correntes Total (Mil Reais)";"Rio Capim";"Dom Eliseu";"-";"2016";609627
"Economia";"PIB";"Valor Adicionado Bruto a Preços Correntes Total (Mil Reais)";"Rio Capim";"Dom Eliseu";"-";"2017";626393
"Economia";"PIB";"Valor Adicionado Bruto a Preços Correntes Total (Mil Reais)";"Rio Capim";"Dom Eliseu";"-";"2018";627224,385
"Economia";"PIB";"Valor Adicionado Bruto a Preços Correntes Total (Mil Reais)";"Rio Capim";"Dom Eliseu";"-";"2019";600672,434
"Economia";"PIB";"Valor Adicionado Bruto a Preços Correntes Total (Mil Reais)";"Rio Capim";"Dom Eliseu";"-";"2020";694005,069
"Economia";"PIB";"Valor Adicionado Bruto a Preços Correntes Total (Mil Reais)";"Rio Capim";"Dom Eliseu";"-";"2021";844085,034
"Economia";"PIB";"Valor Adicionado Bruto a Preços Correntes Total (Mil Reais)";"Carajás";"Eldorado do Carajás";"-";"2008";126857
"Economia";"PIB";"Valor Adicionado Bruto a Preços Correntes Total (Mil Reais)";"Carajás";"Eldorado do Carajás";"-";"2009";149666
"Economia";"PIB";"Valor Adicionado Bruto a Preços Correntes Total (Mil Reais)";"Carajás";"Eldorado do Carajás";"-";"2010";183462,096
"Economia";"PIB";"Valor Adicionado Bruto a Preços Correntes Total (Mil Reais)";"Carajás";"Eldorado do Carajás";"-";"2011";195007,241
"Economia";"PIB";"Valor Adicionado Bruto a Preços Correntes Total (Mil Reais)";"Carajás";"Eldorado do Carajás";"-";"2012";218321,306
"Economia";"PIB";"Valor Adicionado Bruto a Preços Correntes Total (Mil Reais)";"Carajás";"Eldorado do Carajás";"-";"2013";228510,487
"Economia";"PIB";"Valor Adicionado Bruto a Preços Correntes Total (Mil Reais)";"Carajás";"Eldorado do Carajás";"-";"2014";251469,958
"Economia";"PIB";"Valor Adicionado Bruto a Preços Correntes Total (Mil Reais)";"Carajás";"Eldorado do Carajás";"-";"2015";269099
"Economia";"PIB";"Valor Adicionado Bruto a Preços Correntes Total (Mil Reais)";"Carajás";"Eldorado do Carajás";"-";"2016";295468
"Economia";"PIB";"Valor Adicionado Bruto a Preços Correntes Total (Mil Reais)";"Carajás";"Eldorado do Carajás";"-";"2017";335159
"Economia";"PIB";"Valor Adicionado Bruto a Preços Correntes Total (Mil Reais)";"Carajás";"Eldorado do Carajás";"-";"2018";346605,208
"Economia";"PIB";"Valor Adicionado Bruto a Preços Correntes Total (Mil Reais)";"Carajás";"Eldorado do Carajás";"-";"2019";391206,81
"Economia";"PIB";"Valor Adicionado Bruto a Preços Correntes Total (Mil Reais)";"Carajás";"Eldorado do Carajás";"-";"2020";473559,273
"Economia";"PIB";"Valor Adicionado Bruto a Preços Correntes Total (Mil Reais)";"Carajás";"Eldorado do Carajás";"-";"2021";507396,401
"Economia";"PIB";"Valor Adicionado Bruto a Preços Correntes Total (Mil Reais)";"Baixo Amazonas";"Faro";"-";"2008";35538
"Economia";"PIB";"Valor Adicionado Bruto a Preços Correntes Total (Mil Reais)";"Baixo Amazonas";"Faro";"-";"2009";39558
"Economia";"PIB";"Valor Adicionado Bruto a Preços Correntes Total (Mil Reais)";"Baixo Amazonas";"Faro";"-";"2010";28889,331
"Economia";"PIB";"Valor Adicionado Bruto a Preços Correntes Total (Mil Reais)";"Baixo Amazonas";"Faro";"-";"2011";29902,32
"Economia";"PIB";"Valor Adicionado Bruto a Preços Correntes Total (Mil Reais)";"Baixo Amazonas";"Faro";"-";"2012";40258,212
"Economia";"PIB";"Valor Adicionado Bruto a Preços Correntes Total (Mil Reais)";"Baixo Amazonas";"Faro";"-";"2013";53082,476
"Economia";"PIB";"Valor Adicionado Bruto a Preços Correntes Total (Mil Reais)";"Baixo Amazonas";"Faro";"-";"2014";42064,164
"Economia";"PIB";"Valor Adicionado Bruto a Preços Correntes Total (Mil Reais)";"Baixo Amazonas";"Faro";"-";"2015";49280
"Economia";"PIB";"Valor Adicionado Bruto a Preços Correntes Total (Mil Reais)";"Baixo Amazonas";"Faro";"-";"2016";51095
"Economia";"PIB";"Valor Adicionado Bruto a Preços Correntes Total (Mil Reais)";"Baixo Amazonas";"Faro";"-";"2017";55271
"Economia";"PIB";"Valor Adicionado Bruto a Preços Correntes Total (Mil Reais)";"Baixo Amazonas";"Faro";"-";"2018";53500,151
"Economia";"PIB";"Valor Adicionado Bruto a Preços Correntes Total (Mil Reais)";"Baixo Amazonas";"Faro";"-";"2019";57548,085
"Economia";"PIB";"Valor Adicionado Bruto a Preços Correntes Total (Mil Reais)";"Baixo Amazonas";"Faro";"-";"2020";61402,795
"Economia";"PIB";"Valor Adicionado Bruto a Preços Correntes Total (Mil Reais)";"Baixo Amazonas";"Faro";"-";"2021";73326,046
"Economia";"PIB";"Valor Adicionado Bruto a Preços Correntes Total (Mil Reais)";"Araguaia";"Floresta do Araguaia";"-";"2008";137595
"Economia";"PIB";"Valor Adicionado Bruto a Preços Correntes Total (Mil Reais)";"Araguaia";"Floresta do Araguaia";"-";"2009";171663
"Economia";"PIB";"Valor Adicionado Bruto a Preços Correntes Total (Mil Reais)";"Araguaia";"Floresta do Araguaia";"-";"2010";261716,609
"Economia";"PIB";"Valor Adicionado Bruto a Preços Correntes Total (Mil Reais)";"Araguaia";"Floresta do Araguaia";"-";"2011";359644,251
"Economia";"PIB";"Valor Adicionado Bruto a Preços Correntes Total (Mil Reais)";"Araguaia";"Floresta do Araguaia";"-";"2012";301969,061
"Economia";"PIB";"Valor Adicionado Bruto a Preços Correntes Total (Mil Reais)";"Araguaia";"Floresta do Araguaia";"-";"2013";344774,592
"Economia";"PIB";"Valor Adicionado Bruto a Preços Correntes Total (Mil Reais)";"Araguaia";"Floresta do Araguaia";"-";"2014";301298,236
"Economia";"PIB";"Valor Adicionado Bruto a Preços Correntes Total (Mil Reais)";"Araguaia";"Floresta do Araguaia";"-";"2015";317474
"Economia";"PIB";"Valor Adicionado Bruto a Preços Correntes Total (Mil Reais)";"Araguaia";"Floresta do Araguaia";"-";"2016";304106
"Economia";"PIB";"Valor Adicionado Bruto a Preços Correntes Total (Mil Reais)";"Araguaia";"Floresta do Araguaia";"-";"2017";239849
"Economia";"PIB";"Valor Adicionado Bruto a Preços Correntes Total (Mil Reais)";"Araguaia";"Floresta do Araguaia";"-";"2018";329099,61
"Economia";"PIB";"Valor Adicionado Bruto a Preços Correntes Total (Mil Reais)";"Araguaia";"Floresta do Araguaia";"-";"2019";260225,249
"Economia";"PIB";"Valor Adicionado Bruto a Preços Correntes Total (Mil Reais)";"Araguaia";"Floresta do Araguaia";"-";"2020";395968,26
"Economia";"PIB";"Valor Adicionado Bruto a Preços Correntes Total (Mil Reais)";"Araguaia";"Floresta do Araguaia";"-";"2021";571693,297
"Economia";"PIB";"Valor Adicionado Bruto a Preços Correntes Total (Mil Reais)";"Rio Capim";"Garrafão do Norte";"-";"2008";69596
"Economia";"PIB";"Valor Adicionado Bruto a Preços Correntes Total (Mil Reais)";"Rio Capim";"Garrafão do Norte";"-";"2009";73677
"Economia";"PIB";"Valor Adicionado Bruto a Preços Correntes Total (Mil Reais)";"Rio Capim";"Garrafão do Norte";"-";"2010";118854,41
"Economia";"PIB";"Valor Adicionado Bruto a Preços Correntes Total (Mil Reais)";"Rio Capim";"Garrafão do Norte";"-";"2011";114573,869
"Economia";"PIB";"Valor Adicionado Bruto a Preços Correntes Total (Mil Reais)";"Rio Capim";"Garrafão do Norte";"-";"2012";138745,416
"Economia";"PIB";"Valor Adicionado Bruto a Preços Correntes Total (Mil Reais)";"Rio Capim";"Garrafão do Norte";"-";"2013";167447,379
"Economia";"PIB";"Valor Adicionado Bruto a Preços Correntes Total (Mil Reais)";"Rio Capim";"Garrafão do Norte";"-";"2014";177091,686
"Economia";"PIB";"Valor Adicionado Bruto a Preços Correntes Total (Mil Reais)";"Rio Capim";"Garrafão do Norte";"-";"2015";186786
"Economia";"PIB";"Valor Adicionado Bruto a Preços Correntes Total (Mil Reais)";"Rio Capim";"Garrafão do Norte";"-";"2016";210546
"Economia";"PIB";"Valor Adicionado Bruto a Preços Correntes Total (Mil Reais)";"Rio Capim";"Garrafão do Norte";"-";"2017";236050
"Economia";"PIB";"Valor Adicionado Bruto a Preços Correntes Total (Mil Reais)";"Rio Capim";"Garrafão do Norte";"-";"2018";212192,594
"Economia";"PIB";"Valor Adicionado Bruto a Preços Correntes Total (Mil Reais)";"Rio Capim";"Garrafão do Norte";"-";"2019";212654,629
"Economia";"PIB";"Valor Adicionado Bruto a Preços Correntes Total (Mil Reais)";"Rio Capim";"Garrafão do Norte";"-";"2020";247889,1
"Economia";"PIB";"Valor Adicionado Bruto a Preços Correntes Total (Mil Reais)";"Rio Capim";"Garrafão do Norte";"-";"2021";264584,028
"Economia";"PIB";"Valor Adicionado Bruto a Preços Correntes Total (Mil Reais)";"Lago de Tucuruí";"Goianésia do Pará";"-";"2008";123190
"Economia";"PIB";"Valor Adicionado Bruto a Preços Correntes Total (Mil Reais)";"Lago de Tucuruí";"Goianésia do Pará";"-";"2009";121511
"Economia";"PIB";"Valor Adicionado Bruto a Preços Correntes Total (Mil Reais)";"Lago de Tucuruí";"Goianésia do Pará";"-";"2010";159848,68
"Economia";"PIB";"Valor Adicionado Bruto a Preços Correntes Total (Mil Reais)";"Lago de Tucuruí";"Goianésia do Pará";"-";"2011";176950,707
"Economia";"PIB";"Valor Adicionado Bruto a Preços Correntes Total (Mil Reais)";"Lago de Tucuruí";"Goianésia do Pará";"-";"2012";208875,101
"Economia";"PIB";"Valor Adicionado Bruto a Preços Correntes Total (Mil Reais)";"Lago de Tucuruí";"Goianésia do Pará";"-";"2013";247884,403
"Economia";"PIB";"Valor Adicionado Bruto a Preços Correntes Total (Mil Reais)";"Lago de Tucuruí";"Goianésia do Pará";"-";"2014";297754,637
"Economia";"PIB";"Valor Adicionado Bruto a Preços Correntes Total (Mil Reais)";"Lago de Tucuruí";"Goianésia do Pará";"-";"2015";303715
"Economia";"PIB";"Valor Adicionado Bruto a Preços Correntes Total (Mil Reais)";"Lago de Tucuruí";"Goianésia do Pará";"-";"2016";351765
"Economia";"PIB";"Valor Adicionado Bruto a Preços Correntes Total (Mil Reais)";"Lago de Tucuruí";"Goianésia do Pará";"-";"2017";352587
"Economia";"PIB";"Valor Adicionado Bruto a Preços Correntes Total (Mil Reais)";"Lago de Tucuruí";"Goianésia do Pará";"-";"2018";318603,996
"Economia";"PIB";"Valor Adicionado Bruto a Preços Correntes Total (Mil Reais)";"Lago de Tucuruí";"Goianésia do Pará";"-";"2019";324243,916
"Economia";"PIB";"Valor Adicionado Bruto a Preços Correntes Total (Mil Reais)";"Lago de Tucuruí";"Goianésia do Pará";"-";"2020";350006,328
"Economia";"PIB";"Valor Adicionado Bruto a Preços Correntes Total (Mil Reais)";"Lago de Tucuruí";"Goianésia do Pará";"-";"2021";475610,254
"Economia";"PIB";"Valor Adicionado Bruto a Preços Correntes Total (Mil Reais)";"Marajó";"Gurupá";"-";"2008";69666
"Economia";"PIB";"Valor Adicionado Bruto a Preços Correntes Total (Mil Reais)";"Marajó";"Gurupá";"-";"2009";77547
"Economia";"PIB";"Valor Adicionado Bruto a Preços Correntes Total (Mil Reais)";"Marajó";"Gurupá";"-";"2010";100919,203
"Economia";"PIB";"Valor Adicionado Bruto a Preços Correntes Total (Mil Reais)";"Marajó";"Gurupá";"-";"2011";117945,206
"Economia";"PIB";"Valor Adicionado Bruto a Preços Correntes Total (Mil Reais)";"Marajó";"Gurupá";"-";"2012";130425,76
"Economia";"PIB";"Valor Adicionado Bruto a Preços Correntes Total (Mil Reais)";"Marajó";"Gurupá";"-";"2013";160152,44
"Economia";"PIB";"Valor Adicionado Bruto a Preços Correntes Total (Mil Reais)";"Marajó";"Gurupá";"-";"2014";176758,844
"Economia";"PIB";"Valor Adicionado Bruto a Preços Correntes Total (Mil Reais)";"Marajó";"Gurupá";"-";"2015";191369
"Economia";"PIB";"Valor Adicionado Bruto a Preços Correntes Total (Mil Reais)";"Marajó";"Gurupá";"-";"2016";195819
"Economia";"PIB";"Valor Adicionado Bruto a Preços Correntes Total (Mil Reais)";"Marajó";"Gurupá";"-";"2017";224695
"Economia";"PIB";"Valor Adicionado Bruto a Preços Correntes Total (Mil Reais)";"Marajó";"Gurupá";"-";"2018";262058,824
"Economia";"PIB";"Valor Adicionado Bruto a Preços Correntes Total (Mil Reais)";"Marajó";"Gurupá";"-";"2019";272980,235
"Economia";"PIB";"Valor Adicionado Bruto a Preços Correntes Total (Mil Reais)";"Marajó";"Gurupá";"-";"2020";285682,123
"Economia";"PIB";"Valor Adicionado Bruto a Preços Correntes Total (Mil Reais)";"Marajó";"Gurupá";"-";"2021";326011,757
"Economia";"PIB";"Valor Adicionado Bruto a Preços Correntes Total (Mil Reais)";"Guamá";"Igarapé-Açu";"-";"2008";93852
"Economia";"PIB";"Valor Adicionado Bruto a Preços Correntes Total (Mil Reais)";"Guamá";"Igarapé-Açu";"-";"2009";103480
"Economia";"PIB";"Valor Adicionado Bruto a Preços Correntes Total (Mil Reais)";"Guamá";"Igarapé-Açu";"-";"2010";130901,452
"Economia";"PIB";"Valor Adicionado Bruto a Preços Correntes Total (Mil Reais)";"Guamá";"Igarapé-Açu";"-";"2011";191238,446
"Economia";"PIB";"Valor Adicionado Bruto a Preços Correntes Total (Mil Reais)";"Guamá";"Igarapé-Açu";"-";"2012";199081,927
"Economia";"PIB";"Valor Adicionado Bruto a Preços Correntes Total (Mil Reais)";"Guamá";"Igarapé-Açu";"-";"2013";253142,608
"Economia";"PIB";"Valor Adicionado Bruto a Preços Correntes Total (Mil Reais)";"Guamá";"Igarapé-Açu";"-";"2014";253418,762
"Economia";"PIB";"Valor Adicionado Bruto a Preços Correntes Total (Mil Reais)";"Guamá";"Igarapé-Açu";"-";"2015";282779
"Economia";"PIB";"Valor Adicionado Bruto a Preços Correntes Total (Mil Reais)";"Guamá";"Igarapé-Açu";"-";"2016";315151
"Economia";"PIB";"Valor Adicionado Bruto a Preços Correntes Total (Mil Reais)";"Guamá";"Igarapé-Açu";"-";"2017";287152
"Economia";"PIB";"Valor Adicionado Bruto a Preços Correntes Total (Mil Reais)";"Guamá";"Igarapé-Açu";"-";"2018";335357,719
"Economia";"PIB";"Valor Adicionado Bruto a Preços Correntes Total (Mil Reais)";"Guamá";"Igarapé-Açu";"-";"2019";320828,381
"Economia";"PIB";"Valor Adicionado Bruto a Preços Correntes Total (Mil Reais)";"Guamá";"Igarapé-Açu";"-";"2020";352956,513
"Economia";"PIB";"Valor Adicionado Bruto a Preços Correntes Total (Mil Reais)";"Guamá";"Igarapé-Açu";"-";"2021";381611,395
"Economia";"PIB";"Valor Adicionado Bruto a Preços Correntes Total (Mil Reais)";"Tocantins";"Igarapé-Miri";"-";"2008";135749
"Economia";"PIB";"Valor Adicionado Bruto a Preços Correntes Total (Mil Reais)";"Tocantins";"Igarapé-Miri";"-";"2009";151540
"Economia";"PIB";"Valor Adicionado Bruto a Preços Correntes Total (Mil Reais)";"Tocantins";"Igarapé-Miri";"-";"2010";229521,12
"Economia";"PIB";"Valor Adicionado Bruto a Preços Correntes Total (Mil Reais)";"Tocantins";"Igarapé-Miri";"-";"2011";264262,427
"Economia";"PIB";"Valor Adicionado Bruto a Preços Correntes Total (Mil Reais)";"Tocantins";"Igarapé-Miri";"-";"2012";310928,562
"Economia";"PIB";"Valor Adicionado Bruto a Preços Correntes Total (Mil Reais)";"Tocantins";"Igarapé-Miri";"-";"2013";362024,844
"Economia";"PIB";"Valor Adicionado Bruto a Preços Correntes Total (Mil Reais)";"Tocantins";"Igarapé-Miri";"-";"2014";395762,971
"Economia";"PIB";"Valor Adicionado Bruto a Preços Correntes Total (Mil Reais)";"Tocantins";"Igarapé-Miri";"-";"2015";359405
"Economia";"PIB";"Valor Adicionado Bruto a Preços Correntes Total (Mil Reais)";"Tocantins";"Igarapé-Miri";"-";"2016";337727
"Economia";"PIB";"Valor Adicionado Bruto a Preços Correntes Total (Mil Reais)";"Tocantins";"Igarapé-Miri";"-";"2017";360967
"Economia";"PIB";"Valor Adicionado Bruto a Preços Correntes Total (Mil Reais)";"Tocantins";"Igarapé-Miri";"-";"2018";472980,218
"Economia";"PIB";"Valor Adicionado Bruto a Preços Correntes Total (Mil Reais)";"Tocantins";"Igarapé-Miri";"-";"2019";494301,733
"Economia";"PIB";"Valor Adicionado Bruto a Preços Correntes Total (Mil Reais)";"Tocantins";"Igarapé-Miri";"-";"2020";595899,306
"Economia";"PIB";"Valor Adicionado Bruto a Preços Correntes Total (Mil Reais)";"Tocantins";"Igarapé-Miri";"-";"2021";650713,329
"Economia";"PIB";"Valor Adicionado Bruto a Preços Correntes Total (Mil Reais)";"Guamá";"Inhangapi";"-";"2008";29298
"Economia";"PIB";"Valor Adicionado Bruto a Preços Correntes Total (Mil Reais)";"Guamá";"Inhangapi";"-";"2009";31290
"Economia";"PIB";"Valor Adicionado Bruto a Preços Correntes Total (Mil Reais)";"Guamá";"Inhangapi";"-";"2010";44555,304
"Economia";"PIB";"Valor Adicionado Bruto a Preços Correntes Total (Mil Reais)";"Guamá";"Inhangapi";"-";"2011";59001,81
"Economia";"PIB";"Valor Adicionado Bruto a Preços Correntes Total (Mil Reais)";"Guamá";"Inhangapi";"-";"2012";61568,003
"Economia";"PIB";"Valor Adicionado Bruto a Preços Correntes Total (Mil Reais)";"Guamá";"Inhangapi";"-";"2013";88471,502
"Economia";"PIB";"Valor Adicionado Bruto a Preços Correntes Total (Mil Reais)";"Guamá";"Inhangapi";"-";"2014";83857,227
"Economia";"PIB";"Valor Adicionado Bruto a Preços Correntes Total (Mil Reais)";"Guamá";"Inhangapi";"-";"2015";91171
"Economia";"PIB";"Valor Adicionado Bruto a Preços Correntes Total (Mil Reais)";"Guamá";"Inhangapi";"-";"2016";107831
"Economia";"PIB";"Valor Adicionado Bruto a Preços Correntes Total (Mil Reais)";"Guamá";"Inhangapi";"-";"2017";110129
"Economia";"PIB";"Valor Adicionado Bruto a Preços Correntes Total (Mil Reais)";"Guamá";"Inhangapi";"-";"2018";120243,171
"Economia";"PIB";"Valor Adicionado Bruto a Preços Correntes Total (Mil Reais)";"Guamá";"Inhangapi";"-";"2019";112706,909
"Economia";"PIB";"Valor Adicionado Bruto a Preços Correntes Total (Mil Reais)";"Guamá";"Inhangapi";"-";"2020";146055,866
"Economia";"PIB";"Valor Adicionado Bruto a Preços Correntes Total (Mil Reais)";"Guamá";"Inhangapi";"-";"2021";162368,623
"Economia";"PIB";"Valor Adicionado Bruto a Preços Correntes Total (Mil Reais)";"Rio Capim";"Ipixuna do Pará";"-";"2008";220947
"Economia";"PIB";"Valor Adicionado Bruto a Preços Correntes Total (Mil Reais)";"Rio Capim";"Ipixuna do Pará";"-";"2009";214426
"Economia";"PIB";"Valor Adicionado Bruto a Preços Correntes Total (Mil Reais)";"Rio Capim";"Ipixuna do Pará";"-";"2010";377042,893
"Economia";"PIB";"Valor Adicionado Bruto a Preços Correntes Total (Mil Reais)";"Rio Capim";"Ipixuna do Pará";"-";"2011";486846,39
"Economia";"PIB";"Valor Adicionado Bruto a Preços Correntes Total (Mil Reais)";"Rio Capim";"Ipixuna do Pará";"-";"2012";426318,209
"Economia";"PIB";"Valor Adicionado Bruto a Preços Correntes Total (Mil Reais)";"Rio Capim";"Ipixuna do Pará";"-";"2013";457172,547
"Economia";"PIB";"Valor Adicionado Bruto a Preços Correntes Total (Mil Reais)";"Rio Capim";"Ipixuna do Pará";"-";"2014";472225,661
"Economia";"PIB";"Valor Adicionado Bruto a Preços Correntes Total (Mil Reais)";"Rio Capim";"Ipixuna do Pará";"-";"2015";419107
"Economia";"PIB";"Valor Adicionado Bruto a Preços Correntes Total (Mil Reais)";"Rio Capim";"Ipixuna do Pará";"-";"2016";464792
"Economia";"PIB";"Valor Adicionado Bruto a Preços Correntes Total (Mil Reais)";"Rio Capim";"Ipixuna do Pará";"-";"2017";521014
"Economia";"PIB";"Valor Adicionado Bruto a Preços Correntes Total (Mil Reais)";"Rio Capim";"Ipixuna do Pará";"-";"2018";498107,965
"Economia";"PIB";"Valor Adicionado Bruto a Preços Correntes Total (Mil Reais)";"Rio Capim";"Ipixuna do Pará";"-";"2019";551081,562
"Economia";"PIB";"Valor Adicionado Bruto a Preços Correntes Total (Mil Reais)";"Rio Capim";"Ipixuna do Pará";"-";"2020";579161,63
"Economia";"PIB";"Valor Adicionado Bruto a Preços Correntes Total (Mil Reais)";"Rio Capim";"Ipixuna do Pará";"-";"2021";591879,614
"Economia";"PIB";"Valor Adicionado Bruto a Preços Correntes Total (Mil Reais)";"Rio Capim";"Irituia";"-";"2008";72301
"Economia";"PIB";"Valor Adicionado Bruto a Preços Correntes Total (Mil Reais)";"Rio Capim";"Irituia";"-";"2009";79274
"Economia";"PIB";"Valor Adicionado Bruto a Preços Correntes Total (Mil Reais)";"Rio Capim";"Irituia";"-";"2010";101898,389
"Economia";"PIB";"Valor Adicionado Bruto a Preços Correntes Total (Mil Reais)";"Rio Capim";"Irituia";"-";"2011";111270,915
"Economia";"PIB";"Valor Adicionado Bruto a Preços Correntes Total (Mil Reais)";"Rio Capim";"Irituia";"-";"2012";116846,353
"Economia";"PIB";"Valor Adicionado Bruto a Preços Correntes Total (Mil Reais)";"Rio Capim";"Irituia";"-";"2013";156373,861
"Economia";"PIB";"Valor Adicionado Bruto a Preços Correntes Total (Mil Reais)";"Rio Capim";"Irituia";"-";"2014";168586,472
"Economia";"PIB";"Valor Adicionado Bruto a Preços Correntes Total (Mil Reais)";"Rio Capim";"Irituia";"-";"2015";195997
"Economia";"PIB";"Valor Adicionado Bruto a Preços Correntes Total (Mil Reais)";"Rio Capim";"Irituia";"-";"2016";210501
"Economia";"PIB";"Valor Adicionado Bruto a Preços Correntes Total (Mil Reais)";"Rio Capim";"Irituia";"-";"2017";208364
"Economia";"PIB";"Valor Adicionado Bruto a Preços Correntes Total (Mil Reais)";"Rio Capim";"Irituia";"-";"2018";204992,632
"Economia";"PIB";"Valor Adicionado Bruto a Preços Correntes Total (Mil Reais)";"Rio Capim";"Irituia";"-";"2019";211624,176
"Economia";"PIB";"Valor Adicionado Bruto a Preços Correntes Total (Mil Reais)";"Rio Capim";"Irituia";"-";"2020";237522,363
"Economia";"PIB";"Valor Adicionado Bruto a Preços Correntes Total (Mil Reais)";"Rio Capim";"Irituia";"-";"2021";267021,547
"Economia";"PIB";"Valor Adicionado Bruto a Preços Correntes Total (Mil Reais)";"Tapajós";"Itaituba";"-";"2008";534797
"Economia";"PIB";"Valor Adicionado Bruto a Preços Correntes Total (Mil Reais)";"Tapajós";"Itaituba";"-";"2009";556805
"Economia";"PIB";"Valor Adicionado Bruto a Preços Correntes Total (Mil Reais)";"Tapajós";"Itaituba";"-";"2010";844946,479
"Economia";"PIB";"Valor Adicionado Bruto a Preços Correntes Total (Mil Reais)";"Tapajós";"Itaituba";"-";"2011";861757,273
"Economia";"PIB";"Valor Adicionado Bruto a Preços Correntes Total (Mil Reais)";"Tapajós";"Itaituba";"-";"2012";843092,02
"Economia";"PIB";"Valor Adicionado Bruto a Preços Correntes Total (Mil Reais)";"Tapajós";"Itaituba";"-";"2013";1048076,764
"Economia";"PIB";"Valor Adicionado Bruto a Preços Correntes Total (Mil Reais)";"Tapajós";"Itaituba";"-";"2014";1303391,591
"Economia";"PIB";"Valor Adicionado Bruto a Preços Correntes Total (Mil Reais)";"Tapajós";"Itaituba";"-";"2015";1440007
"Economia";"PIB";"Valor Adicionado Bruto a Preços Correntes Total (Mil Reais)";"Tapajós";"Itaituba";"-";"2016";1434670
"Economia";"PIB";"Valor Adicionado Bruto a Preços Correntes Total (Mil Reais)";"Tapajós";"Itaituba";"-";"2017";1597414
"Economia";"PIB";"Valor Adicionado Bruto a Preços Correntes Total (Mil Reais)";"Tapajós";"Itaituba";"-";"2018";1628060,076
"Economia";"PIB";"Valor Adicionado Bruto a Preços Correntes Total (Mil Reais)";"Tapajós";"Itaituba";"-";"2019";1828177,658
"Economia";"PIB";"Valor Adicionado Bruto a Preços Correntes Total (Mil Reais)";"Tapajós";"Itaituba";"-";"2020";2326438,045
"Economia";"PIB";"Valor Adicionado Bruto a Preços Correntes Total (Mil Reais)";"Tapajós";"Itaituba";"-";"2021";2723427,223
"Economia";"PIB";"Valor Adicionado Bruto a Preços Correntes Total (Mil Reais)";"Lago de Tucuruí";"Itupiranga";"-";"2008";164211
"Economia";"PIB";"Valor Adicionado Bruto a Preços Correntes Total (Mil Reais)";"Lago de Tucuruí";"Itupiranga";"-";"2009";183792
"Economia";"PIB";"Valor Adicionado Bruto a Preços Correntes Total (Mil Reais)";"Lago de Tucuruí";"Itupiranga";"-";"2010";233877,762
"Economia";"PIB";"Valor Adicionado Bruto a Preços Correntes Total (Mil Reais)";"Lago de Tucuruí";"Itupiranga";"-";"2011";263356,794
"Economia";"PIB";"Valor Adicionado Bruto a Preços Correntes Total (Mil Reais)";"Lago de Tucuruí";"Itupiranga";"-";"2012";285099,494
"Economia";"PIB";"Valor Adicionado Bruto a Preços Correntes Total (Mil Reais)";"Lago de Tucuruí";"Itupiranga";"-";"2013";371539,327
"Economia";"PIB";"Valor Adicionado Bruto a Preços Correntes Total (Mil Reais)";"Lago de Tucuruí";"Itupiranga";"-";"2014";408437,405
"Economia";"PIB";"Valor Adicionado Bruto a Preços Correntes Total (Mil Reais)";"Lago de Tucuruí";"Itupiranga";"-";"2015";435625
"Economia";"PIB";"Valor Adicionado Bruto a Preços Correntes Total (Mil Reais)";"Lago de Tucuruí";"Itupiranga";"-";"2016";492691
"Economia";"PIB";"Valor Adicionado Bruto a Preços Correntes Total (Mil Reais)";"Lago de Tucuruí";"Itupiranga";"-";"2017";542320
"Economia";"PIB";"Valor Adicionado Bruto a Preços Correntes Total (Mil Reais)";"Lago de Tucuruí";"Itupiranga";"-";"2018";500296,664
"Economia";"PIB";"Valor Adicionado Bruto a Preços Correntes Total (Mil Reais)";"Lago de Tucuruí";"Itupiranga";"-";"2019";558541,639
"Economia";"PIB";"Valor Adicionado Bruto a Preços Correntes Total (Mil Reais)";"Lago de Tucuruí";"Itupiranga";"-";"2020";632224,642
"Economia";"PIB";"Valor Adicionado Bruto a Preços Correntes Total (Mil Reais)";"Lago de Tucuruí";"Itupiranga";"-";"2021";807847,09
"Economia";"PIB";"Valor Adicionado Bruto a Preços Correntes Total (Mil Reais)";"Tapajós";"Jacareacanga";"-";"2008";67539
"Economia";"PIB";"Valor Adicionado Bruto a Preços Correntes Total (Mil Reais)";"Tapajós";"Jacareacanga";"-";"2009";79270
"Economia";"PIB";"Valor Adicionado Bruto a Preços Correntes Total (Mil Reais)";"Tapajós";"Jacareacanga";"-";"2010";97681,591
"Economia";"PIB";"Valor Adicionado Bruto a Preços Correntes Total (Mil Reais)";"Tapajós";"Jacareacanga";"-";"2011";108588,423
"Economia";"PIB";"Valor Adicionado Bruto a Preços Correntes Total (Mil Reais)";"Tapajós";"Jacareacanga";"-";"2012";122947,215
"Economia";"PIB";"Valor Adicionado Bruto a Preços Correntes Total (Mil Reais)";"Tapajós";"Jacareacanga";"-";"2013";141407,965
"Economia";"PIB";"Valor Adicionado Bruto a Preços Correntes Total (Mil Reais)";"Tapajós";"Jacareacanga";"-";"2014";157379,71
"Economia";"PIB";"Valor Adicionado Bruto a Preços Correntes Total (Mil Reais)";"Tapajós";"Jacareacanga";"-";"2015";174111
"Economia";"PIB";"Valor Adicionado Bruto a Preços Correntes Total (Mil Reais)";"Tapajós";"Jacareacanga";"-";"2016";212539
"Economia";"PIB";"Valor Adicionado Bruto a Preços Correntes Total (Mil Reais)";"Tapajós";"Jacareacanga";"-";"2017";280406
"Economia";"PIB";"Valor Adicionado Bruto a Preços Correntes Total (Mil Reais)";"Tapajós";"Jacareacanga";"-";"2018";446601,997
"Economia";"PIB";"Valor Adicionado Bruto a Preços Correntes Total (Mil Reais)";"Tapajós";"Jacareacanga";"-";"2019";514742,7
"Economia";"PIB";"Valor Adicionado Bruto a Preços Correntes Total (Mil Reais)";"Tapajós";"Jacareacanga";"-";"2020";562310,732
"Economia";"PIB";"Valor Adicionado Bruto a Preços Correntes Total (Mil Reais)";"Tapajós";"Jacareacanga";"-";"2021";608746,58
"Economia";"PIB";"Valor Adicionado Bruto a Preços Correntes Total (Mil Reais)";"Lago de Tucuruí";"Jacundá";"-";"2008";190638
"Economia";"PIB";"Valor Adicionado Bruto a Preços Correntes Total (Mil Reais)";"Lago de Tucuruí";"Jacundá";"-";"2009";209826
"Economia";"PIB";"Valor Adicionado Bruto a Preços Correntes Total (Mil Reais)";"Lago de Tucuruí";"Jacundá";"-";"2010";244405,516
"Economia";"PIB";"Valor Adicionado Bruto a Preços Correntes Total (Mil Reais)";"Lago de Tucuruí";"Jacundá";"-";"2011";281707,948
"Economia";"PIB";"Valor Adicionado Bruto a Preços Correntes Total (Mil Reais)";"Lago de Tucuruí";"Jacundá";"-";"2012";320012,905
"Economia";"PIB";"Valor Adicionado Bruto a Preços Correntes Total (Mil Reais)";"Lago de Tucuruí";"Jacundá";"-";"2013";350737,873
"Economia";"PIB";"Valor Adicionado Bruto a Preços Correntes Total (Mil Reais)";"Lago de Tucuruí";"Jacundá";"-";"2014";384095,422
"Economia";"PIB";"Valor Adicionado Bruto a Preços Correntes Total (Mil Reais)";"Lago de Tucuruí";"Jacundá";"-";"2015";423441
"Economia";"PIB";"Valor Adicionado Bruto a Preços Correntes Total (Mil Reais)";"Lago de Tucuruí";"Jacundá";"-";"2016";453973
"Economia";"PIB";"Valor Adicionado Bruto a Preços Correntes Total (Mil Reais)";"Lago de Tucuruí";"Jacundá";"-";"2017";455635
"Economia";"PIB";"Valor Adicionado Bruto a Preços Correntes Total (Mil Reais)";"Lago de Tucuruí";"Jacundá";"-";"2018";448761,146
"Economia";"PIB";"Valor Adicionado Bruto a Preços Correntes Total (Mil Reais)";"Lago de Tucuruí";"Jacundá";"-";"2019";449410,506
"Economia";"PIB";"Valor Adicionado Bruto a Preços Correntes Total (Mil Reais)";"Lago de Tucuruí";"Jacundá";"-";"2020";487675,762
"Economia";"PIB";"Valor Adicionado Bruto a Preços Correntes Total (Mil Reais)";"Lago de Tucuruí";"Jacundá";"-";"2021";560747,952
"Economia";"PIB";"Valor Adicionado Bruto a Preços Correntes Total (Mil Reais)";"Baixo Amazonas";"Juruti";"-";"2008";158752
"Economia";"PIB";"Valor Adicionado Bruto a Preços Correntes Total (Mil Reais)";"Baixo Amazonas";"Juruti";"-";"2009";213258
"Economia";"PIB";"Valor Adicionado Bruto a Preços Correntes Total (Mil Reais)";"Baixo Amazonas";"Juruti";"-";"2010";456140,217
"Economia";"PIB";"Valor Adicionado Bruto a Preços Correntes Total (Mil Reais)";"Baixo Amazonas";"Juruti";"-";"2011";544436,915
"Economia";"PIB";"Valor Adicionado Bruto a Preços Correntes Total (Mil Reais)";"Baixo Amazonas";"Juruti";"-";"2012";545811,367
"Economia";"PIB";"Valor Adicionado Bruto a Preços Correntes Total (Mil Reais)";"Baixo Amazonas";"Juruti";"-";"2013";838798,023
"Economia";"PIB";"Valor Adicionado Bruto a Preços Correntes Total (Mil Reais)";"Baixo Amazonas";"Juruti";"-";"2014";874412,289
"Economia";"PIB";"Valor Adicionado Bruto a Preços Correntes Total (Mil Reais)";"Baixo Amazonas";"Juruti";"-";"2015";733604
"Economia";"PIB";"Valor Adicionado Bruto a Preços Correntes Total (Mil Reais)";"Baixo Amazonas";"Juruti";"-";"2016";900956
"Economia";"PIB";"Valor Adicionado Bruto a Preços Correntes Total (Mil Reais)";"Baixo Amazonas";"Juruti";"-";"2017";1006056
"Economia";"PIB";"Valor Adicionado Bruto a Preços Correntes Total (Mil Reais)";"Baixo Amazonas";"Juruti";"-";"2018";949580,114
"Economia";"PIB";"Valor Adicionado Bruto a Preços Correntes Total (Mil Reais)";"Baixo Amazonas";"Juruti";"-";"2019";1154575,598
"Economia";"PIB";"Valor Adicionado Bruto a Preços Correntes Total (Mil Reais)";"Baixo Amazonas";"Juruti";"-";"2020";1302484,074
"Economia";"PIB";"Valor Adicionado Bruto a Preços Correntes Total (Mil Reais)";"Baixo Amazonas";"Juruti";"-";"2021";1383812,893
"Economia";"PIB";"Valor Adicionado Bruto a Preços Correntes Total (Mil Reais)";"Tocantins";"Limoeiro do Ajuru";"-";"2008";62083
"Economia";"PIB";"Valor Adicionado Bruto a Preços Correntes Total (Mil Reais)";"Tocantins";"Limoeiro do Ajuru";"-";"2009";76990
"Economia";"PIB";"Valor Adicionado Bruto a Preços Correntes Total (Mil Reais)";"Tocantins";"Limoeiro do Ajuru";"-";"2010";191778,286
"Economia";"PIB";"Valor Adicionado Bruto a Preços Correntes Total (Mil Reais)";"Tocantins";"Limoeiro do Ajuru";"-";"2011";218863,669
"Economia";"PIB";"Valor Adicionado Bruto a Preços Correntes Total (Mil Reais)";"Tocantins";"Limoeiro do Ajuru";"-";"2012";283622,561
"Economia";"PIB";"Valor Adicionado Bruto a Preços Correntes Total (Mil Reais)";"Tocantins";"Limoeiro do Ajuru";"-";"2013";389297,644
"Economia";"PIB";"Valor Adicionado Bruto a Preços Correntes Total (Mil Reais)";"Tocantins";"Limoeiro do Ajuru";"-";"2014";351092,594
"Economia";"PIB";"Valor Adicionado Bruto a Preços Correntes Total (Mil Reais)";"Tocantins";"Limoeiro do Ajuru";"-";"2015";399461
"Economia";"PIB";"Valor Adicionado Bruto a Preços Correntes Total (Mil Reais)";"Tocantins";"Limoeiro do Ajuru";"-";"2016";389882
"Economia";"PIB";"Valor Adicionado Bruto a Preços Correntes Total (Mil Reais)";"Tocantins";"Limoeiro do Ajuru";"-";"2017";448696
"Economia";"PIB";"Valor Adicionado Bruto a Preços Correntes Total (Mil Reais)";"Tocantins";"Limoeiro do Ajuru";"-";"2018";400865,12
"Economia";"PIB";"Valor Adicionado Bruto a Preços Correntes Total (Mil Reais)";"Tocantins";"Limoeiro do Ajuru";"-";"2019";419378,179
"Economia";"PIB";"Valor Adicionado Bruto a Preços Correntes Total (Mil Reais)";"Tocantins";"Limoeiro do Ajuru";"-";"2020";479749,917
"Economia";"PIB";"Valor Adicionado Bruto a Preços Correntes Total (Mil Reais)";"Tocantins";"Limoeiro do Ajuru";"-";"2021";498287,26
"Economia";"PIB";"Valor Adicionado Bruto a Preços Correntes Total (Mil Reais)";"Rio Capim";"Mãe do Rio";"-";"2008";127123
"Economia";"PIB";"Valor Adicionado Bruto a Preços Correntes Total (Mil Reais)";"Rio Capim";"Mãe do Rio";"-";"2009";136820
"Economia";"PIB";"Valor Adicionado Bruto a Preços Correntes Total (Mil Reais)";"Rio Capim";"Mãe do Rio";"-";"2010";162373,75
"Economia";"PIB";"Valor Adicionado Bruto a Preços Correntes Total (Mil Reais)";"Rio Capim";"Mãe do Rio";"-";"2011";176933,038
"Economia";"PIB";"Valor Adicionado Bruto a Preços Correntes Total (Mil Reais)";"Rio Capim";"Mãe do Rio";"-";"2012";179790,904
"Economia";"PIB";"Valor Adicionado Bruto a Preços Correntes Total (Mil Reais)";"Rio Capim";"Mãe do Rio";"-";"2013";214731,697
"Economia";"PIB";"Valor Adicionado Bruto a Preços Correntes Total (Mil Reais)";"Rio Capim";"Mãe do Rio";"-";"2014";240207,832
"Economia";"PIB";"Valor Adicionado Bruto a Preços Correntes Total (Mil Reais)";"Rio Capim";"Mãe do Rio";"-";"2015";250933
"Economia";"PIB";"Valor Adicionado Bruto a Preços Correntes Total (Mil Reais)";"Rio Capim";"Mãe do Rio";"-";"2016";261518
"Economia";"PIB";"Valor Adicionado Bruto a Preços Correntes Total (Mil Reais)";"Rio Capim";"Mãe do Rio";"-";"2017";271028
"Economia";"PIB";"Valor Adicionado Bruto a Preços Correntes Total (Mil Reais)";"Rio Capim";"Mãe do Rio";"-";"2018";272606,007
"Economia";"PIB";"Valor Adicionado Bruto a Preços Correntes Total (Mil Reais)";"Rio Capim";"Mãe do Rio";"-";"2019";270582,377
"Economia";"PIB";"Valor Adicionado Bruto a Preços Correntes Total (Mil Reais)";"Rio Capim";"Mãe do Rio";"-";"2020";300121,068
"Economia";"PIB";"Valor Adicionado Bruto a Preços Correntes Total (Mil Reais)";"Rio Capim";"Mãe do Rio";"-";"2021";312702,05
"Economia";"PIB";"Valor Adicionado Bruto a Preços Correntes Total (Mil Reais)";"Guamá";"Magalhães Barata";"-";"2008";20187
"Economia";"PIB";"Valor Adicionado Bruto a Preços Correntes Total (Mil Reais)";"Guamá";"Magalhães Barata";"-";"2009";22667
"Economia";"PIB";"Valor Adicionado Bruto a Preços Correntes Total (Mil Reais)";"Guamá";"Magalhães Barata";"-";"2010";33710,726
"Economia";"PIB";"Valor Adicionado Bruto a Preços Correntes Total (Mil Reais)";"Guamá";"Magalhães Barata";"-";"2011";32991,075
"Economia";"PIB";"Valor Adicionado Bruto a Preços Correntes Total (Mil Reais)";"Guamá";"Magalhães Barata";"-";"2012";47514,235
"Economia";"PIB";"Valor Adicionado Bruto a Preços Correntes Total (Mil Reais)";"Guamá";"Magalhães Barata";"-";"2013";58507,431
"Economia";"PIB";"Valor Adicionado Bruto a Preços Correntes Total (Mil Reais)";"Guamá";"Magalhães Barata";"-";"2014";54561,482
"Economia";"PIB";"Valor Adicionado Bruto a Preços Correntes Total (Mil Reais)";"Guamá";"Magalhães Barata";"-";"2015";58417
"Economia";"PIB";"Valor Adicionado Bruto a Preços Correntes Total (Mil Reais)";"Guamá";"Magalhães Barata";"-";"2016";63047
"Economia";"PIB";"Valor Adicionado Bruto a Preços Correntes Total (Mil Reais)";"Guamá";"Magalhães Barata";"-";"2017";73288
"Economia";"PIB";"Valor Adicionado Bruto a Preços Correntes Total (Mil Reais)";"Guamá";"Magalhães Barata";"-";"2018";80022,063
"Economia";"PIB";"Valor Adicionado Bruto a Preços Correntes Total (Mil Reais)";"Guamá";"Magalhães Barata";"-";"2019";72339,412
"Economia";"PIB";"Valor Adicionado Bruto a Preços Correntes Total (Mil Reais)";"Guamá";"Magalhães Barata";"-";"2020";91070,341
"Economia";"PIB";"Valor Adicionado Bruto a Preços Correntes Total (Mil Reais)";"Guamá";"Magalhães Barata";"-";"2021";96182,328
"Economia";"PIB";"Valor Adicionado Bruto a Preços Correntes Total (Mil Reais)";"Carajás";"Marabá";"-";"2008";3076289
"Economia";"PIB";"Valor Adicionado Bruto a Preços Correntes Total (Mil Reais)";"Carajás";"Marabá";"-";"2009";2605161
"Economia";"PIB";"Valor Adicionado Bruto a Preços Correntes Total (Mil Reais)";"Carajás";"Marabá";"-";"2010";2883907,095
"Economia";"PIB";"Valor Adicionado Bruto a Preços Correntes Total (Mil Reais)";"Carajás";"Marabá";"-";"2011";3220435,751
"Economia";"PIB";"Valor Adicionado Bruto a Preços Correntes Total (Mil Reais)";"Carajás";"Marabá";"-";"2012";3457436,24
"Economia";"PIB";"Valor Adicionado Bruto a Preços Correntes Total (Mil Reais)";"Carajás";"Marabá";"-";"2013";4969908,033
"Economia";"PIB";"Valor Adicionado Bruto a Preços Correntes Total (Mil Reais)";"Carajás";"Marabá";"-";"2014";5484408,02
"Economia";"PIB";"Valor Adicionado Bruto a Preços Correntes Total (Mil Reais)";"Carajás";"Marabá";"-";"2015";6497254
"Economia";"PIB";"Valor Adicionado Bruto a Preços Correntes Total (Mil Reais)";"Carajás";"Marabá";"-";"2016";6661645
"Economia";"PIB";"Valor Adicionado Bruto a Preços Correntes Total (Mil Reais)";"Carajás";"Marabá";"-";"2017";7771406
"Economia";"PIB";"Valor Adicionado Bruto a Preços Correntes Total (Mil Reais)";"Carajás";"Marabá";"-";"2018";7860656,99
"Economia";"PIB";"Valor Adicionado Bruto a Preços Correntes Total (Mil Reais)";"Carajás";"Marabá";"-";"2019";10453849,084
"Economia";"PIB";"Valor Adicionado Bruto a Preços Correntes Total (Mil Reais)";"Carajás";"Marabá";"-";"2020";11873401,416
"Economia";"PIB";"Valor Adicionado Bruto a Preços Correntes Total (Mil Reais)";"Carajás";"Marabá";"-";"2021";12043017,131
"Economia";"PIB";"Valor Adicionado Bruto a Preços Correntes Total (Mil Reais)";"Guamá";"Maracanã";"-";"2008";83710
"Economia";"PIB";"Valor Adicionado Bruto a Preços Correntes Total (Mil Reais)";"Guamá";"Maracanã";"-";"2009";92756
"Economia";"PIB";"Valor Adicionado Bruto a Preços Correntes Total (Mil Reais)";"Guamá";"Maracanã";"-";"2010";109610,226
"Economia";"PIB";"Valor Adicionado Bruto a Preços Correntes Total (Mil Reais)";"Guamá";"Maracanã";"-";"2011";129611,609
"Economia";"PIB";"Valor Adicionado Bruto a Preços Correntes Total (Mil Reais)";"Guamá";"Maracanã";"-";"2012";130995,164
"Economia";"PIB";"Valor Adicionado Bruto a Preços Correntes Total (Mil Reais)";"Guamá";"Maracanã";"-";"2013";166274,274
"Economia";"PIB";"Valor Adicionado Bruto a Preços Correntes Total (Mil Reais)";"Guamá";"Maracanã";"-";"2014";176717,17
"Economia";"PIB";"Valor Adicionado Bruto a Preços Correntes Total (Mil Reais)";"Guamá";"Maracanã";"-";"2015";182257
"Economia";"PIB";"Valor Adicionado Bruto a Preços Correntes Total (Mil Reais)";"Guamá";"Maracanã";"-";"2016";201064
"Economia";"PIB";"Valor Adicionado Bruto a Preços Correntes Total (Mil Reais)";"Guamá";"Maracanã";"-";"2017";213540
"Economia";"PIB";"Valor Adicionado Bruto a Preços Correntes Total (Mil Reais)";"Guamá";"Maracanã";"-";"2018";228576,992
"Economia";"PIB";"Valor Adicionado Bruto a Preços Correntes Total (Mil Reais)";"Guamá";"Maracanã";"-";"2019";222676,676
"Economia";"PIB";"Valor Adicionado Bruto a Preços Correntes Total (Mil Reais)";"Guamá";"Maracanã";"-";"2020";249332,01
"Economia";"PIB";"Valor Adicionado Bruto a Preços Correntes Total (Mil Reais)";"Guamá";"Maracanã";"-";"2021";281849,028
"Economia";"PIB";"Valor Adicionado Bruto a Preços Correntes Total (Mil Reais)";"Guamá";"Marapanim";"-";"2008";77487
"Economia";"PIB";"Valor Adicionado Bruto a Preços Correntes Total (Mil Reais)";"Guamá";"Marapanim";"-";"2009";93811
"Economia";"PIB";"Valor Adicionado Bruto a Preços Correntes Total (Mil Reais)";"Guamá";"Marapanim";"-";"2010";97857,307
"Economia";"PIB";"Valor Adicionado Bruto a Preços Correntes Total (Mil Reais)";"Guamá";"Marapanim";"-";"2011";118713,101
"Economia";"PIB";"Valor Adicionado Bruto a Preços Correntes Total (Mil Reais)";"Guamá";"Marapanim";"-";"2012";144417,099
"Economia";"PIB";"Valor Adicionado Bruto a Preços Correntes Total (Mil Reais)";"Guamá";"Marapanim";"-";"2013";152860,38
"Economia";"PIB";"Valor Adicionado Bruto a Preços Correntes Total (Mil Reais)";"Guamá";"Marapanim";"-";"2014";180164,918
"Economia";"PIB";"Valor Adicionado Bruto a Preços Correntes Total (Mil Reais)";"Guamá";"Marapanim";"-";"2015";179078
"Economia";"PIB";"Valor Adicionado Bruto a Preços Correntes Total (Mil Reais)";"Guamá";"Marapanim";"-";"2016";207084
"Economia";"PIB";"Valor Adicionado Bruto a Preços Correntes Total (Mil Reais)";"Guamá";"Marapanim";"-";"2017";215065
"Economia";"PIB";"Valor Adicionado Bruto a Preços Correntes Total (Mil Reais)";"Guamá";"Marapanim";"-";"2018";228109,798
"Economia";"PIB";"Valor Adicionado Bruto a Preços Correntes Total (Mil Reais)";"Guamá";"Marapanim";"-";"2019";213186,826
"Economia";"PIB";"Valor Adicionado Bruto a Preços Correntes Total (Mil Reais)";"Guamá";"Marapanim";"-";"2020";240131,506
"Economia";"PIB";"Valor Adicionado Bruto a Preços Correntes Total (Mil Reais)";"Guamá";"Marapanim";"-";"2021";255588,174
"Economia";"PIB";"Valor Adicionado Bruto a Preços Correntes Total (Mil Reais)";"Guajará";"Marituba";"-";"2008";411598
"Economia";"PIB";"Valor Adicionado Bruto a Preços Correntes Total (Mil Reais)";"Guajará";"Marituba";"-";"2009";460300
"Economia";"PIB";"Valor Adicionado Bruto a Preços Correntes Total (Mil Reais)";"Guajará";"Marituba";"-";"2010";644918,003
"Economia";"PIB";"Valor Adicionado Bruto a Preços Correntes Total (Mil Reais)";"Guajará";"Marituba";"-";"2011";728016,062
"Economia";"PIB";"Valor Adicionado Bruto a Preços Correntes Total (Mil Reais)";"Guajará";"Marituba";"-";"2012";810639,262
"Economia";"PIB";"Valor Adicionado Bruto a Preços Correntes Total (Mil Reais)";"Guajará";"Marituba";"-";"2013";961310,336
"Economia";"PIB";"Valor Adicionado Bruto a Preços Correntes Total (Mil Reais)";"Guajará";"Marituba";"-";"2014";1236550,679
"Economia";"PIB";"Valor Adicionado Bruto a Preços Correntes Total (Mil Reais)";"Guajará";"Marituba";"-";"2015";1372967
"Economia";"PIB";"Valor Adicionado Bruto a Preços Correntes Total (Mil Reais)";"Guajará";"Marituba";"-";"2016";1497322
"Economia";"PIB";"Valor Adicionado Bruto a Preços Correntes Total (Mil Reais)";"Guajará";"Marituba";"-";"2017";1532588
"Economia";"PIB";"Valor Adicionado Bruto a Preços Correntes Total (Mil Reais)";"Guajará";"Marituba";"-";"2018";1651307,139
"Economia";"PIB";"Valor Adicionado Bruto a Preços Correntes Total (Mil Reais)";"Guajará";"Marituba";"-";"2019";1674531,472
"Economia";"PIB";"Valor Adicionado Bruto a Preços Correntes Total (Mil Reais)";"Guajará";"Marituba";"-";"2020";1753711,207
"Economia";"PIB";"Valor Adicionado Bruto a Preços Correntes Total (Mil Reais)";"Guajará";"Marituba";"-";"2021";2122461,094
"Economia";"PIB";"Valor Adicionado Bruto a Preços Correntes Total (Mil Reais)";"Xingu";"Medicilândia";"-";"2008";99716
"Economia";"PIB";"Valor Adicionado Bruto a Preços Correntes Total (Mil Reais)";"Xingu";"Medicilândia";"-";"2009";128236
"Economia";"PIB";"Valor Adicionado Bruto a Preços Correntes Total (Mil Reais)";"Xingu";"Medicilândia";"-";"2010";255991,564
"Economia";"PIB";"Valor Adicionado Bruto a Preços Correntes Total (Mil Reais)";"Xingu";"Medicilândia";"-";"2011";258832,164
"Economia";"PIB";"Valor Adicionado Bruto a Preços Correntes Total (Mil Reais)";"Xingu";"Medicilândia";"-";"2012";251152,309
"Economia";"PIB";"Valor Adicionado Bruto a Preços Correntes Total (Mil Reais)";"Xingu";"Medicilândia";"-";"2013";309772,773
"Economia";"PIB";"Valor Adicionado Bruto a Preços Correntes Total (Mil Reais)";"Xingu";"Medicilândia";"-";"2014";490865,458
"Economia";"PIB";"Valor Adicionado Bruto a Preços Correntes Total (Mil Reais)";"Xingu";"Medicilândia";"-";"2015";603807
"Economia";"PIB";"Valor Adicionado Bruto a Preços Correntes Total (Mil Reais)";"Xingu";"Medicilândia";"-";"2016";545766
"Economia";"PIB";"Valor Adicionado Bruto a Preços Correntes Total (Mil Reais)";"Xingu";"Medicilândia";"-";"2017";559492
"Economia";"PIB";"Valor Adicionado Bruto a Preços Correntes Total (Mil Reais)";"Xingu";"Medicilândia";"-";"2018";592201,645
"Economia";"PIB";"Valor Adicionado Bruto a Preços Correntes Total (Mil Reais)";"Xingu";"Medicilândia";"-";"2019";625212,041
"Economia";"PIB";"Valor Adicionado Bruto a Preços Correntes Total (Mil Reais)";"Xingu";"Medicilândia";"-";"2020";831921,286
"Economia";"PIB";"Valor Adicionado Bruto a Preços Correntes Total (Mil Reais)";"Xingu";"Medicilândia";"-";"2021";976833,1
"Economia";"PIB";"Valor Adicionado Bruto a Preços Correntes Total (Mil Reais)";"Marajó";"Melgaço";"-";"2008";46037
"Economia";"PIB";"Valor Adicionado Bruto a Preços Correntes Total (Mil Reais)";"Marajó";"Melgaço";"-";"2009";48582
"Economia";"PIB";"Valor Adicionado Bruto a Preços Correntes Total (Mil Reais)";"Marajó";"Melgaço";"-";"2010";67827,673
"Economia";"PIB";"Valor Adicionado Bruto a Preços Correntes Total (Mil Reais)";"Marajó";"Melgaço";"-";"2011";83126,842
"Economia";"PIB";"Valor Adicionado Bruto a Preços Correntes Total (Mil Reais)";"Marajó";"Melgaço";"-";"2012";100015,677
"Economia";"PIB";"Valor Adicionado Bruto a Preços Correntes Total (Mil Reais)";"Marajó";"Melgaço";"-";"2013";122109,698
"Economia";"PIB";"Valor Adicionado Bruto a Preços Correntes Total (Mil Reais)";"Marajó";"Melgaço";"-";"2014";131562,959
"Economia";"PIB";"Valor Adicionado Bruto a Preços Correntes Total (Mil Reais)";"Marajó";"Melgaço";"-";"2015";137736
"Economia";"PIB";"Valor Adicionado Bruto a Preços Correntes Total (Mil Reais)";"Marajó";"Melgaço";"-";"2016";166694
"Economia";"PIB";"Valor Adicionado Bruto a Preços Correntes Total (Mil Reais)";"Marajó";"Melgaço";"-";"2017";166408
"Economia";"PIB";"Valor Adicionado Bruto a Preços Correntes Total (Mil Reais)";"Marajó";"Melgaço";"-";"2018";174677,672
"Economia";"PIB";"Valor Adicionado Bruto a Preços Correntes Total (Mil Reais)";"Marajó";"Melgaço";"-";"2019";175427,858
"Economia";"PIB";"Valor Adicionado Bruto a Preços Correntes Total (Mil Reais)";"Marajó";"Melgaço";"-";"2020";191984,54
"Economia";"PIB";"Valor Adicionado Bruto a Preços Correntes Total (Mil Reais)";"Marajó";"Melgaço";"-";"2021";212515,941
"Economia";"PIB";"Valor Adicionado Bruto a Preços Correntes Total (Mil Reais)";"Tocantins";"Mocajuba";"-";"2008";62888
"Economia";"PIB";"Valor Adicionado Bruto a Preços Correntes Total (Mil Reais)";"Tocantins";"Mocajuba";"-";"2009";76476
"Economia";"PIB";"Valor Adicionado Bruto a Preços Correntes Total (Mil Reais)";"Tocantins";"Mocajuba";"-";"2010";125557,347
"Economia";"PIB";"Valor Adicionado Bruto a Preços Correntes Total (Mil Reais)";"Tocantins";"Mocajuba";"-";"2011";135472,832
"Economia";"PIB";"Valor Adicionado Bruto a Preços Correntes Total (Mil Reais)";"Tocantins";"Mocajuba";"-";"2012";181587,885
"Economia";"PIB";"Valor Adicionado Bruto a Preços Correntes Total (Mil Reais)";"Tocantins";"Mocajuba";"-";"2013";218497,131
"Economia";"PIB";"Valor Adicionado Bruto a Preços Correntes Total (Mil Reais)";"Tocantins";"Mocajuba";"-";"2014";214124,565
"Economia";"PIB";"Valor Adicionado Bruto a Preços Correntes Total (Mil Reais)";"Tocantins";"Mocajuba";"-";"2015";245630
"Economia";"PIB";"Valor Adicionado Bruto a Preços Correntes Total (Mil Reais)";"Tocantins";"Mocajuba";"-";"2016";269235
"Economia";"PIB";"Valor Adicionado Bruto a Preços Correntes Total (Mil Reais)";"Tocantins";"Mocajuba";"-";"2017";297108
"Economia";"PIB";"Valor Adicionado Bruto a Preços Correntes Total (Mil Reais)";"Tocantins";"Mocajuba";"-";"2018";284235,709
"Economia";"PIB";"Valor Adicionado Bruto a Preços Correntes Total (Mil Reais)";"Tocantins";"Mocajuba";"-";"2019";366157,446
"Economia";"PIB";"Valor Adicionado Bruto a Preços Correntes Total (Mil Reais)";"Tocantins";"Mocajuba";"-";"2020";481712,064
"Economia";"PIB";"Valor Adicionado Bruto a Preços Correntes Total (Mil Reais)";"Tocantins";"Mocajuba";"-";"2021";438613,664
"Economia";"PIB";"Valor Adicionado Bruto a Preços Correntes Total (Mil Reais)";"Tocantins";"Moju";"-";"2008";211042
"Economia";"PIB";"Valor Adicionado Bruto a Preços Correntes Total (Mil Reais)";"Tocantins";"Moju";"-";"2009";221425
"Economia";"PIB";"Valor Adicionado Bruto a Preços Correntes Total (Mil Reais)";"Tocantins";"Moju";"-";"2010";377001,266
"Economia";"PIB";"Valor Adicionado Bruto a Preços Correntes Total (Mil Reais)";"Tocantins";"Moju";"-";"2011";450206,367
"Economia";"PIB";"Valor Adicionado Bruto a Preços Correntes Total (Mil Reais)";"Tocantins";"Moju";"-";"2012";515288,832
"Economia";"PIB";"Valor Adicionado Bruto a Preços Correntes Total (Mil Reais)";"Tocantins";"Moju";"-";"2013";612549,954
"Economia";"PIB";"Valor Adicionado Bruto a Preços Correntes Total (Mil Reais)";"Tocantins";"Moju";"-";"2014";608633,126
"Economia";"PIB";"Valor Adicionado Bruto a Preços Correntes Total (Mil Reais)";"Tocantins";"Moju";"-";"2015";693333
"Economia";"PIB";"Valor Adicionado Bruto a Preços Correntes Total (Mil Reais)";"Tocantins";"Moju";"-";"2016";817137
"Economia";"PIB";"Valor Adicionado Bruto a Preços Correntes Total (Mil Reais)";"Tocantins";"Moju";"-";"2017";838326
"Economia";"PIB";"Valor Adicionado Bruto a Preços Correntes Total (Mil Reais)";"Tocantins";"Moju";"-";"2018";771896,719
"Economia";"PIB";"Valor Adicionado Bruto a Preços Correntes Total (Mil Reais)";"Tocantins";"Moju";"-";"2019";831295,206
"Economia";"PIB";"Valor Adicionado Bruto a Preços Correntes Total (Mil Reais)";"Tocantins";"Moju";"-";"2020";1172246,713
"Economia";"PIB";"Valor Adicionado Bruto a Preços Correntes Total (Mil Reais)";"Tocantins";"Moju";"-";"2021";1243861,815
"Economia";"PIB";"Valor Adicionado Bruto a Preços Correntes Total (Mil Reais)";"Baixo Amazonas";"Mojuí dos campos";"-";"2008";261340
"Economia";"PIB";"Valor Adicionado Bruto a Preços Correntes Total (Mil Reais)";"Baixo Amazonas";"Mojuí dos campos";"-";"2009";245670
"Economia";"PIB";"Valor Adicionado Bruto a Preços Correntes Total (Mil Reais)";"Baixo Amazonas";"Mojuí dos campos";"-";"2010";0
"Economia";"PIB";"Valor Adicionado Bruto a Preços Correntes Total (Mil Reais)";"Baixo Amazonas";"Mojuí dos campos";"-";"2011";0
"Economia";"PIB";"Valor Adicionado Bruto a Preços Correntes Total (Mil Reais)";"Baixo Amazonas";"Mojuí dos campos";"-";"2012";0
"Economia";"PIB";"Valor Adicionado Bruto a Preços Correntes Total (Mil Reais)";"Baixo Amazonas";"Mojuí dos campos";"-";"2013";210652,677
"Economia";"PIB";"Valor Adicionado Bruto a Preços Correntes Total (Mil Reais)";"Baixo Amazonas";"Mojuí dos campos";"-";"2014";225164,501
"Economia";"PIB";"Valor Adicionado Bruto a Preços Correntes Total (Mil Reais)";"Baixo Amazonas";"Mojuí dos campos";"-";"2015";121859
"Economia";"PIB";"Valor Adicionado Bruto a Preços Correntes Total (Mil Reais)";"Baixo Amazonas";"Mojuí dos campos";"-";"2016";133378
"Economia";"PIB";"Valor Adicionado Bruto a Preços Correntes Total (Mil Reais)";"Baixo Amazonas";"Mojuí dos campos";"-";"2017";150108
"Economia";"PIB";"Valor Adicionado Bruto a Preços Correntes Total (Mil Reais)";"Baixo Amazonas";"Mojuí dos campos";"-";"2018";146925,371
"Economia";"PIB";"Valor Adicionado Bruto a Preços Correntes Total (Mil Reais)";"Baixo Amazonas";"Mojuí dos campos";"-";"2019";159926,537
"Economia";"PIB";"Valor Adicionado Bruto a Preços Correntes Total (Mil Reais)";"Baixo Amazonas";"Mojuí dos campos";"-";"2020";185237,831
"Economia";"PIB";"Valor Adicionado Bruto a Preços Correntes Total (Mil Reais)";"Baixo Amazonas";"Mojuí dos campos";"-";"2021";276915,693
"Economia";"PIB";"Valor Adicionado Bruto a Preços Correntes Total (Mil Reais)";"Baixo Amazonas";"Monte Alegre";"-";"2008";65724
"Economia";"PIB";"Valor Adicionado Bruto a Preços Correntes Total (Mil Reais)";"Baixo Amazonas";"Monte Alegre";"-";"2009";71456
"Economia";"PIB";"Valor Adicionado Bruto a Preços Correntes Total (Mil Reais)";"Baixo Amazonas";"Monte Alegre";"-";"2010";382745,478
"Economia";"PIB";"Valor Adicionado Bruto a Preços Correntes Total (Mil Reais)";"Baixo Amazonas";"Monte Alegre";"-";"2011";358753,53
"Economia";"PIB";"Valor Adicionado Bruto a Preços Correntes Total (Mil Reais)";"Baixo Amazonas";"Monte Alegre";"-";"2012";403669,422
"Economia";"PIB";"Valor Adicionado Bruto a Preços Correntes Total (Mil Reais)";"Baixo Amazonas";"Monte Alegre";"-";"2013";539530,992
"Economia";"PIB";"Valor Adicionado Bruto a Preços Correntes Total (Mil Reais)";"Baixo Amazonas";"Monte Alegre";"-";"2014";543212,763
"Economia";"PIB";"Valor Adicionado Bruto a Preços Correntes Total (Mil Reais)";"Baixo Amazonas";"Monte Alegre";"-";"2015";589314
"Economia";"PIB";"Valor Adicionado Bruto a Preços Correntes Total (Mil Reais)";"Baixo Amazonas";"Monte Alegre";"-";"2016";657029
"Economia";"PIB";"Valor Adicionado Bruto a Preços Correntes Total (Mil Reais)";"Baixo Amazonas";"Monte Alegre";"-";"2017";664412
"Economia";"PIB";"Valor Adicionado Bruto a Preços Correntes Total (Mil Reais)";"Baixo Amazonas";"Monte Alegre";"-";"2018";694208,07
"Economia";"PIB";"Valor Adicionado Bruto a Preços Correntes Total (Mil Reais)";"Baixo Amazonas";"Monte Alegre";"-";"2019";593488,68
"Economia";"PIB";"Valor Adicionado Bruto a Preços Correntes Total (Mil Reais)";"Baixo Amazonas";"Monte Alegre";"-";"2020";678412,272
"Economia";"PIB";"Valor Adicionado Bruto a Preços Correntes Total (Mil Reais)";"Baixo Amazonas";"Monte Alegre";"-";"2021";769567,832
"Economia";"PIB";"Valor Adicionado Bruto a Preços Correntes Total (Mil Reais)";"Marajó";"Muaná";"-";"2008";52165
"Economia";"PIB";"Valor Adicionado Bruto a Preços Correntes Total (Mil Reais)";"Marajó";"Muaná";"-";"2009";67982
"Economia";"PIB";"Valor Adicionado Bruto a Preços Correntes Total (Mil Reais)";"Marajó";"Muaná";"-";"2010";138275,911
"Economia";"PIB";"Valor Adicionado Bruto a Preços Correntes Total (Mil Reais)";"Marajó";"Muaná";"-";"2011";172522,502
"Economia";"PIB";"Valor Adicionado Bruto a Preços Correntes Total (Mil Reais)";"Marajó";"Muaná";"-";"2012";187938,936
"Economia";"PIB";"Valor Adicionado Bruto a Preços Correntes Total (Mil Reais)";"Marajó";"Muaná";"-";"2013";231071,005
"Economia";"PIB";"Valor Adicionado Bruto a Preços Correntes Total (Mil Reais)";"Marajó";"Muaná";"-";"2014";209291,163
"Economia";"PIB";"Valor Adicionado Bruto a Preços Correntes Total (Mil Reais)";"Marajó";"Muaná";"-";"2015";227510
"Economia";"PIB";"Valor Adicionado Bruto a Preços Correntes Total (Mil Reais)";"Marajó";"Muaná";"-";"2016";227616
"Economia";"PIB";"Valor Adicionado Bruto a Preços Correntes Total (Mil Reais)";"Marajó";"Muaná";"-";"2017";254588
"Economia";"PIB";"Valor Adicionado Bruto a Preços Correntes Total (Mil Reais)";"Marajó";"Muaná";"-";"2018";251736,909
"Economia";"PIB";"Valor Adicionado Bruto a Preços Correntes Total (Mil Reais)";"Marajó";"Muaná";"-";"2019";285471,915
"Economia";"PIB";"Valor Adicionado Bruto a Preços Correntes Total (Mil Reais)";"Marajó";"Muaná";"-";"2020";314855,539
"Economia";"PIB";"Valor Adicionado Bruto a Preços Correntes Total (Mil Reais)";"Marajó";"Muaná";"-";"2021";330610,227
"Economia";"PIB";"Valor Adicionado Bruto a Preços Correntes Total (Mil Reais)";"Rio Capim";"Nova Esperança do Piriá";"-";"2008";49716
"Economia";"PIB";"Valor Adicionado Bruto a Preços Correntes Total (Mil Reais)";"Rio Capim";"Nova Esperança do Piriá";"-";"2009";51968
"Economia";"PIB";"Valor Adicionado Bruto a Preços Correntes Total (Mil Reais)";"Rio Capim";"Nova Esperança do Piriá";"-";"2010";96493,893
"Economia";"PIB";"Valor Adicionado Bruto a Preços Correntes Total (Mil Reais)";"Rio Capim";"Nova Esperança do Piriá";"-";"2011";119793,354
"Economia";"PIB";"Valor Adicionado Bruto a Preços Correntes Total (Mil Reais)";"Rio Capim";"Nova Esperança do Piriá";"-";"2012";104265,778
"Economia";"PIB";"Valor Adicionado Bruto a Preços Correntes Total (Mil Reais)";"Rio Capim";"Nova Esperança do Piriá";"-";"2013";163782,778
"Economia";"PIB";"Valor Adicionado Bruto a Preços Correntes Total (Mil Reais)";"Rio Capim";"Nova Esperança do Piriá";"-";"2014";144108,414
"Economia";"PIB";"Valor Adicionado Bruto a Preços Correntes Total (Mil Reais)";"Rio Capim";"Nova Esperança do Piriá";"-";"2015";173603
"Economia";"PIB";"Valor Adicionado Bruto a Preços Correntes Total (Mil Reais)";"Rio Capim";"Nova Esperança do Piriá";"-";"2016";175107
"Economia";"PIB";"Valor Adicionado Bruto a Preços Correntes Total (Mil Reais)";"Rio Capim";"Nova Esperança do Piriá";"-";"2017";209183
"Economia";"PIB";"Valor Adicionado Bruto a Preços Correntes Total (Mil Reais)";"Rio Capim";"Nova Esperança do Piriá";"-";"2018";191442,212
"Economia";"PIB";"Valor Adicionado Bruto a Preços Correntes Total (Mil Reais)";"Rio Capim";"Nova Esperança do Piriá";"-";"2019";200854,19
"Economia";"PIB";"Valor Adicionado Bruto a Preços Correntes Total (Mil Reais)";"Rio Capim";"Nova Esperança do Piriá";"-";"2020";247786,783
"Economia";"PIB";"Valor Adicionado Bruto a Preços Correntes Total (Mil Reais)";"Rio Capim";"Nova Esperança do Piriá";"-";"2021";340523,114
"Economia";"PIB";"Valor Adicionado Bruto a Preços Correntes Total (Mil Reais)";"Lago de Tucuruí";"Nova Ipixuna";"-";"2008";36317
"Economia";"PIB";"Valor Adicionado Bruto a Preços Correntes Total (Mil Reais)";"Lago de Tucuruí";"Nova Ipixuna";"-";"2009";43575
"Economia";"PIB";"Valor Adicionado Bruto a Preços Correntes Total (Mil Reais)";"Lago de Tucuruí";"Nova Ipixuna";"-";"2010";64118,127
"Economia";"PIB";"Valor Adicionado Bruto a Preços Correntes Total (Mil Reais)";"Lago de Tucuruí";"Nova Ipixuna";"-";"2011";76531,318
"Economia";"PIB";"Valor Adicionado Bruto a Preços Correntes Total (Mil Reais)";"Lago de Tucuruí";"Nova Ipixuna";"-";"2012";90967,359
"Economia";"PIB";"Valor Adicionado Bruto a Preços Correntes Total (Mil Reais)";"Lago de Tucuruí";"Nova Ipixuna";"-";"2013";97454,496
"Economia";"PIB";"Valor Adicionado Bruto a Preços Correntes Total (Mil Reais)";"Lago de Tucuruí";"Nova Ipixuna";"-";"2014";105605,373
"Economia";"PIB";"Valor Adicionado Bruto a Preços Correntes Total (Mil Reais)";"Lago de Tucuruí";"Nova Ipixuna";"-";"2015";127336
"Economia";"PIB";"Valor Adicionado Bruto a Preços Correntes Total (Mil Reais)";"Lago de Tucuruí";"Nova Ipixuna";"-";"2016";128852
"Economia";"PIB";"Valor Adicionado Bruto a Preços Correntes Total (Mil Reais)";"Lago de Tucuruí";"Nova Ipixuna";"-";"2017";130666
"Economia";"PIB";"Valor Adicionado Bruto a Preços Correntes Total (Mil Reais)";"Lago de Tucuruí";"Nova Ipixuna";"-";"2018";129902,804
"Economia";"PIB";"Valor Adicionado Bruto a Preços Correntes Total (Mil Reais)";"Lago de Tucuruí";"Nova Ipixuna";"-";"2019";149839,904
"Economia";"PIB";"Valor Adicionado Bruto a Preços Correntes Total (Mil Reais)";"Lago de Tucuruí";"Nova Ipixuna";"-";"2020";161149,272
"Economia";"PIB";"Valor Adicionado Bruto a Preços Correntes Total (Mil Reais)";"Lago de Tucuruí";"Nova Ipixuna";"-";"2021";182532,589
"Economia";"PIB";"Valor Adicionado Bruto a Preços Correntes Total (Mil Reais)";"Rio Caeté";"Nova Timboteua";"-";"2008";136178
"Economia";"PIB";"Valor Adicionado Bruto a Preços Correntes Total (Mil Reais)";"Rio Caeté";"Nova Timboteua";"-";"2009";142626
"Economia";"PIB";"Valor Adicionado Bruto a Preços Correntes Total (Mil Reais)";"Rio Caeté";"Nova Timboteua";"-";"2010";54259,818
"Economia";"PIB";"Valor Adicionado Bruto a Preços Correntes Total (Mil Reais)";"Rio Caeté";"Nova Timboteua";"-";"2011";63424,028
"Economia";"PIB";"Valor Adicionado Bruto a Preços Correntes Total (Mil Reais)";"Rio Caeté";"Nova Timboteua";"-";"2012";72457,883
"Economia";"PIB";"Valor Adicionado Bruto a Preços Correntes Total (Mil Reais)";"Rio Caeté";"Nova Timboteua";"-";"2013";87216,754
"Economia";"PIB";"Valor Adicionado Bruto a Preços Correntes Total (Mil Reais)";"Rio Caeté";"Nova Timboteua";"-";"2014";92042,717
"Economia";"PIB";"Valor Adicionado Bruto a Preços Correntes Total (Mil Reais)";"Rio Caeté";"Nova Timboteua";"-";"2015";96428
"Economia";"PIB";"Valor Adicionado Bruto a Preços Correntes Total (Mil Reais)";"Rio Caeté";"Nova Timboteua";"-";"2016";109263
"Economia";"PIB";"Valor Adicionado Bruto a Preços Correntes Total (Mil Reais)";"Rio Caeté";"Nova Timboteua";"-";"2017";117488
"Economia";"PIB";"Valor Adicionado Bruto a Preços Correntes Total (Mil Reais)";"Rio Caeté";"Nova Timboteua";"-";"2018";113259,96
"Economia";"PIB";"Valor Adicionado Bruto a Preços Correntes Total (Mil Reais)";"Rio Caeté";"Nova Timboteua";"-";"2019";109182,981
"Economia";"PIB";"Valor Adicionado Bruto a Preços Correntes Total (Mil Reais)";"Rio Caeté";"Nova Timboteua";"-";"2020";134848,008
"Economia";"PIB";"Valor Adicionado Bruto a Preços Correntes Total (Mil Reais)";"Rio Caeté";"Nova Timboteua";"-";"2021";138222,697
"Economia";"PIB";"Valor Adicionado Bruto a Preços Correntes Total (Mil Reais)";"Tapajós";"Novo Progresso";"-";"2008";201068
"Economia";"PIB";"Valor Adicionado Bruto a Preços Correntes Total (Mil Reais)";"Tapajós";"Novo Progresso";"-";"2009";230123
"Economia";"PIB";"Valor Adicionado Bruto a Preços Correntes Total (Mil Reais)";"Tapajós";"Novo Progresso";"-";"2010";280309,716
"Economia";"PIB";"Valor Adicionado Bruto a Preços Correntes Total (Mil Reais)";"Tapajós";"Novo Progresso";"-";"2011";278494,927
"Economia";"PIB";"Valor Adicionado Bruto a Preços Correntes Total (Mil Reais)";"Tapajós";"Novo Progresso";"-";"2012";309035,47
"Economia";"PIB";"Valor Adicionado Bruto a Preços Correntes Total (Mil Reais)";"Tapajós";"Novo Progresso";"-";"2013";330682,184
"Economia";"PIB";"Valor Adicionado Bruto a Preços Correntes Total (Mil Reais)";"Tapajós";"Novo Progresso";"-";"2014";390069,54
"Economia";"PIB";"Valor Adicionado Bruto a Preços Correntes Total (Mil Reais)";"Tapajós";"Novo Progresso";"-";"2015";424242
"Economia";"PIB";"Valor Adicionado Bruto a Preços Correntes Total (Mil Reais)";"Tapajós";"Novo Progresso";"-";"2016";511989
"Economia";"PIB";"Valor Adicionado Bruto a Preços Correntes Total (Mil Reais)";"Tapajós";"Novo Progresso";"-";"2017";560996
"Economia";"PIB";"Valor Adicionado Bruto a Preços Correntes Total (Mil Reais)";"Tapajós";"Novo Progresso";"-";"2018";529614,826
"Economia";"PIB";"Valor Adicionado Bruto a Preços Correntes Total (Mil Reais)";"Tapajós";"Novo Progresso";"-";"2019";615169,955
"Economia";"PIB";"Valor Adicionado Bruto a Preços Correntes Total (Mil Reais)";"Tapajós";"Novo Progresso";"-";"2020";726498,512
"Economia";"PIB";"Valor Adicionado Bruto a Preços Correntes Total (Mil Reais)";"Tapajós";"Novo Progresso";"-";"2021";838485,023
"Economia";"PIB";"Valor Adicionado Bruto a Preços Correntes Total (Mil Reais)";"Lago de Tucuruí";"Novo Repartimento";"-";"2008";182275
"Economia";"PIB";"Valor Adicionado Bruto a Preços Correntes Total (Mil Reais)";"Lago de Tucuruí";"Novo Repartimento";"-";"2009";198408
"Economia";"PIB";"Valor Adicionado Bruto a Preços Correntes Total (Mil Reais)";"Lago de Tucuruí";"Novo Repartimento";"-";"2010";334158,682
"Economia";"PIB";"Valor Adicionado Bruto a Preços Correntes Total (Mil Reais)";"Lago de Tucuruí";"Novo Repartimento";"-";"2011";393686,209
"Economia";"PIB";"Valor Adicionado Bruto a Preços Correntes Total (Mil Reais)";"Lago de Tucuruí";"Novo Repartimento";"-";"2012";480679,712
"Economia";"PIB";"Valor Adicionado Bruto a Preços Correntes Total (Mil Reais)";"Lago de Tucuruí";"Novo Repartimento";"-";"2013";563578,276
"Economia";"PIB";"Valor Adicionado Bruto a Preços Correntes Total (Mil Reais)";"Lago de Tucuruí";"Novo Repartimento";"-";"2014";623908,859
"Economia";"PIB";"Valor Adicionado Bruto a Preços Correntes Total (Mil Reais)";"Lago de Tucuruí";"Novo Repartimento";"-";"2015";698655
"Economia";"PIB";"Valor Adicionado Bruto a Preços Correntes Total (Mil Reais)";"Lago de Tucuruí";"Novo Repartimento";"-";"2016";778140
"Economia";"PIB";"Valor Adicionado Bruto a Preços Correntes Total (Mil Reais)";"Lago de Tucuruí";"Novo Repartimento";"-";"2017";785437
"Economia";"PIB";"Valor Adicionado Bruto a Preços Correntes Total (Mil Reais)";"Lago de Tucuruí";"Novo Repartimento";"-";"2018";804025,078
"Economia";"PIB";"Valor Adicionado Bruto a Preços Correntes Total (Mil Reais)";"Lago de Tucuruí";"Novo Repartimento";"-";"2019";779009,357
"Economia";"PIB";"Valor Adicionado Bruto a Preços Correntes Total (Mil Reais)";"Lago de Tucuruí";"Novo Repartimento";"-";"2020";877249,975
"Economia";"PIB";"Valor Adicionado Bruto a Preços Correntes Total (Mil Reais)";"Lago de Tucuruí";"Novo Repartimento";"-";"2021";1043178,117
"Economia";"PIB";"Valor Adicionado Bruto a Preços Correntes Total (Mil Reais)";"Baixo Amazonas";"Óbidos";"-";"2008";71889
"Economia";"PIB";"Valor Adicionado Bruto a Preços Correntes Total (Mil Reais)";"Baixo Amazonas";"Óbidos";"-";"2009";88146
"Economia";"PIB";"Valor Adicionado Bruto a Preços Correntes Total (Mil Reais)";"Baixo Amazonas";"Óbidos";"-";"2010";351128,293
"Economia";"PIB";"Valor Adicionado Bruto a Preços Correntes Total (Mil Reais)";"Baixo Amazonas";"Óbidos";"-";"2011";309830,047
"Economia";"PIB";"Valor Adicionado Bruto a Preços Correntes Total (Mil Reais)";"Baixo Amazonas";"Óbidos";"-";"2012";369697,681
"Economia";"PIB";"Valor Adicionado Bruto a Preços Correntes Total (Mil Reais)";"Baixo Amazonas";"Óbidos";"-";"2013";505500,697
"Economia";"PIB";"Valor Adicionado Bruto a Preços Correntes Total (Mil Reais)";"Baixo Amazonas";"Óbidos";"-";"2014";458562,249
"Economia";"PIB";"Valor Adicionado Bruto a Preços Correntes Total (Mil Reais)";"Baixo Amazonas";"Óbidos";"-";"2015";511030
"Economia";"PIB";"Valor Adicionado Bruto a Preços Correntes Total (Mil Reais)";"Baixo Amazonas";"Óbidos";"-";"2016";588793
"Economia";"PIB";"Valor Adicionado Bruto a Preços Correntes Total (Mil Reais)";"Baixo Amazonas";"Óbidos";"-";"2017";599770
"Economia";"PIB";"Valor Adicionado Bruto a Preços Correntes Total (Mil Reais)";"Baixo Amazonas";"Óbidos";"-";"2018";616502,413
"Economia";"PIB";"Valor Adicionado Bruto a Preços Correntes Total (Mil Reais)";"Baixo Amazonas";"Óbidos";"-";"2019";950463,742
"Economia";"PIB";"Valor Adicionado Bruto a Preços Correntes Total (Mil Reais)";"Baixo Amazonas";"Óbidos";"-";"2020";865386,311
"Economia";"PIB";"Valor Adicionado Bruto a Preços Correntes Total (Mil Reais)";"Baixo Amazonas";"Óbidos";"-";"2021";929733,66
"Economia";"PIB";"Valor Adicionado Bruto a Preços Correntes Total (Mil Reais)";"Marajó";"Oeiras do Pará";"-";"2008";1085075
"Economia";"PIB";"Valor Adicionado Bruto a Preços Correntes Total (Mil Reais)";"Marajó";"Oeiras do Pará";"-";"2009";765214
"Economia";"PIB";"Valor Adicionado Bruto a Preços Correntes Total (Mil Reais)";"Marajó";"Oeiras do Pará";"-";"2010";151235,386
"Economia";"PIB";"Valor Adicionado Bruto a Preços Correntes Total (Mil Reais)";"Marajó";"Oeiras do Pará";"-";"2011";171567,463
"Economia";"PIB";"Valor Adicionado Bruto a Preços Correntes Total (Mil Reais)";"Marajó";"Oeiras do Pará";"-";"2012";210208,472
"Economia";"PIB";"Valor Adicionado Bruto a Preços Correntes Total (Mil Reais)";"Marajó";"Oeiras do Pará";"-";"2013";282119,65
"Economia";"PIB";"Valor Adicionado Bruto a Preços Correntes Total (Mil Reais)";"Marajó";"Oeiras do Pará";"-";"2014";280209,143
"Economia";"PIB";"Valor Adicionado Bruto a Preços Correntes Total (Mil Reais)";"Marajó";"Oeiras do Pará";"-";"2015";352197
"Economia";"PIB";"Valor Adicionado Bruto a Preços Correntes Total (Mil Reais)";"Marajó";"Oeiras do Pará";"-";"2016";483551
"Economia";"PIB";"Valor Adicionado Bruto a Preços Correntes Total (Mil Reais)";"Marajó";"Oeiras do Pará";"-";"2017";424471
"Economia";"PIB";"Valor Adicionado Bruto a Preços Correntes Total (Mil Reais)";"Marajó";"Oeiras do Pará";"-";"2018";381296,02
"Economia";"PIB";"Valor Adicionado Bruto a Preços Correntes Total (Mil Reais)";"Marajó";"Oeiras do Pará";"-";"2019";358280,571
"Economia";"PIB";"Valor Adicionado Bruto a Preços Correntes Total (Mil Reais)";"Marajó";"Oeiras do Pará";"-";"2020";432741,071
"Economia";"PIB";"Valor Adicionado Bruto a Preços Correntes Total (Mil Reais)";"Marajó";"Oeiras do Pará";"-";"2021";411209,786
"Economia";"PIB";"Valor Adicionado Bruto a Preços Correntes Total (Mil Reais)";"Baixo Amazonas";"Oriximiná";"-";"2008";42971
"Economia";"PIB";"Valor Adicionado Bruto a Preços Correntes Total (Mil Reais)";"Baixo Amazonas";"Oriximiná";"-";"2009";47835
"Economia";"PIB";"Valor Adicionado Bruto a Preços Correntes Total (Mil Reais)";"Baixo Amazonas";"Oriximiná";"-";"2010";1576078,016
"Economia";"PIB";"Valor Adicionado Bruto a Preços Correntes Total (Mil Reais)";"Baixo Amazonas";"Oriximiná";"-";"2011";1560841,096
"Economia";"PIB";"Valor Adicionado Bruto a Preços Correntes Total (Mil Reais)";"Baixo Amazonas";"Oriximiná";"-";"2012";1143284,9
"Economia";"PIB";"Valor Adicionado Bruto a Preços Correntes Total (Mil Reais)";"Baixo Amazonas";"Oriximiná";"-";"2013";1431053,9
"Economia";"PIB";"Valor Adicionado Bruto a Preços Correntes Total (Mil Reais)";"Baixo Amazonas";"Oriximiná";"-";"2014";1330764,796
"Economia";"PIB";"Valor Adicionado Bruto a Preços Correntes Total (Mil Reais)";"Baixo Amazonas";"Oriximiná";"-";"2015";1634945
"Economia";"PIB";"Valor Adicionado Bruto a Preços Correntes Total (Mil Reais)";"Baixo Amazonas";"Oriximiná";"-";"2016";1710432
"Economia";"PIB";"Valor Adicionado Bruto a Preços Correntes Total (Mil Reais)";"Baixo Amazonas";"Oriximiná";"-";"2017";1593062
"Economia";"PIB";"Valor Adicionado Bruto a Preços Correntes Total (Mil Reais)";"Baixo Amazonas";"Oriximiná";"-";"2018";1517674,868
"Economia";"PIB";"Valor Adicionado Bruto a Preços Correntes Total (Mil Reais)";"Baixo Amazonas";"Oriximiná";"-";"2019";1988997,41
"Economia";"PIB";"Valor Adicionado Bruto a Preços Correntes Total (Mil Reais)";"Baixo Amazonas";"Oriximiná";"-";"2020";2356129,951
"Economia";"PIB";"Valor Adicionado Bruto a Preços Correntes Total (Mil Reais)";"Baixo Amazonas";"Oriximiná";"-";"2021";2151142,35
"Economia";"PIB";"Valor Adicionado Bruto a Preços Correntes Total (Mil Reais)";"Rio Capim";"Ourém";"-";"2008";194555
"Economia";"PIB";"Valor Adicionado Bruto a Preços Correntes Total (Mil Reais)";"Rio Capim";"Ourém";"-";"2009";179530
"Economia";"PIB";"Valor Adicionado Bruto a Preços Correntes Total (Mil Reais)";"Rio Capim";"Ourém";"-";"2010";87156,018
"Economia";"PIB";"Valor Adicionado Bruto a Preços Correntes Total (Mil Reais)";"Rio Capim";"Ourém";"-";"2011";98320,475
"Economia";"PIB";"Valor Adicionado Bruto a Preços Correntes Total (Mil Reais)";"Rio Capim";"Ourém";"-";"2012";110175,324
"Economia";"PIB";"Valor Adicionado Bruto a Preços Correntes Total (Mil Reais)";"Rio Capim";"Ourém";"-";"2013";154835,872
"Economia";"PIB";"Valor Adicionado Bruto a Preços Correntes Total (Mil Reais)";"Rio Capim";"Ourém";"-";"2014";145636,01
"Economia";"PIB";"Valor Adicionado Bruto a Preços Correntes Total (Mil Reais)";"Rio Capim";"Ourém";"-";"2015";149872
"Economia";"PIB";"Valor Adicionado Bruto a Preços Correntes Total (Mil Reais)";"Rio Capim";"Ourém";"-";"2016";170394
"Economia";"PIB";"Valor Adicionado Bruto a Preços Correntes Total (Mil Reais)";"Rio Capim";"Ourém";"-";"2017";180937
"Economia";"PIB";"Valor Adicionado Bruto a Preços Correntes Total (Mil Reais)";"Rio Capim";"Ourém";"-";"2018";161502,563
"Economia";"PIB";"Valor Adicionado Bruto a Preços Correntes Total (Mil Reais)";"Rio Capim";"Ourém";"-";"2019";166284,634
"Economia";"PIB";"Valor Adicionado Bruto a Preços Correntes Total (Mil Reais)";"Rio Capim";"Ourém";"-";"2020";193695,848
"Economia";"PIB";"Valor Adicionado Bruto a Preços Correntes Total (Mil Reais)";"Rio Capim";"Ourém";"-";"2021";190362,347
"Economia";"PIB";"Valor Adicionado Bruto a Preços Correntes Total (Mil Reais)";"Araguaia";"Ourilândia do Norte";"-";"2008";144491
"Economia";"PIB";"Valor Adicionado Bruto a Preços Correntes Total (Mil Reais)";"Araguaia";"Ourilândia do Norte";"-";"2009";152912
"Economia";"PIB";"Valor Adicionado Bruto a Preços Correntes Total (Mil Reais)";"Araguaia";"Ourilândia do Norte";"-";"2010";273536,335
"Economia";"PIB";"Valor Adicionado Bruto a Preços Correntes Total (Mil Reais)";"Araguaia";"Ourilândia do Norte";"-";"2011";432749,883
"Economia";"PIB";"Valor Adicionado Bruto a Preços Correntes Total (Mil Reais)";"Araguaia";"Ourilândia do Norte";"-";"2012";411002,93
"Economia";"PIB";"Valor Adicionado Bruto a Preços Correntes Total (Mil Reais)";"Araguaia";"Ourilândia do Norte";"-";"2013";371464,536
"Economia";"PIB";"Valor Adicionado Bruto a Preços Correntes Total (Mil Reais)";"Araguaia";"Ourilândia do Norte";"-";"2014";785927,334
"Economia";"PIB";"Valor Adicionado Bruto a Preços Correntes Total (Mil Reais)";"Araguaia";"Ourilândia do Norte";"-";"2015";440542
"Economia";"PIB";"Valor Adicionado Bruto a Preços Correntes Total (Mil Reais)";"Araguaia";"Ourilândia do Norte";"-";"2016";464427
"Economia";"PIB";"Valor Adicionado Bruto a Preços Correntes Total (Mil Reais)";"Araguaia";"Ourilândia do Norte";"-";"2017";453068
"Economia";"PIB";"Valor Adicionado Bruto a Preços Correntes Total (Mil Reais)";"Araguaia";"Ourilândia do Norte";"-";"2018";495902,004
"Economia";"PIB";"Valor Adicionado Bruto a Preços Correntes Total (Mil Reais)";"Araguaia";"Ourilândia do Norte";"-";"2019";531643,793
"Economia";"PIB";"Valor Adicionado Bruto a Preços Correntes Total (Mil Reais)";"Araguaia";"Ourilândia do Norte";"-";"2020";650895,859
"Economia";"PIB";"Valor Adicionado Bruto a Preços Correntes Total (Mil Reais)";"Araguaia";"Ourilândia do Norte";"-";"2021";1068175,875
"Economia";"PIB";"Valor Adicionado Bruto a Preços Correntes Total (Mil Reais)";"Xingu";"Pacajá";"-";"2008";27120
"Economia";"PIB";"Valor Adicionado Bruto a Preços Correntes Total (Mil Reais)";"Xingu";"Pacajá";"-";"2009";29168
"Economia";"PIB";"Valor Adicionado Bruto a Preços Correntes Total (Mil Reais)";"Xingu";"Pacajá";"-";"2010";216419,25
"Economia";"PIB";"Valor Adicionado Bruto a Preços Correntes Total (Mil Reais)";"Xingu";"Pacajá";"-";"2011";253443,692
"Economia";"PIB";"Valor Adicionado Bruto a Preços Correntes Total (Mil Reais)";"Xingu";"Pacajá";"-";"2012";307266,918
"Economia";"PIB";"Valor Adicionado Bruto a Preços Correntes Total (Mil Reais)";"Xingu";"Pacajá";"-";"2013";325160,547
"Economia";"PIB";"Valor Adicionado Bruto a Preços Correntes Total (Mil Reais)";"Xingu";"Pacajá";"-";"2014";361954,043
"Economia";"PIB";"Valor Adicionado Bruto a Preços Correntes Total (Mil Reais)";"Xingu";"Pacajá";"-";"2015";413196
"Economia";"PIB";"Valor Adicionado Bruto a Preços Correntes Total (Mil Reais)";"Xingu";"Pacajá";"-";"2016";488582
"Economia";"PIB";"Valor Adicionado Bruto a Preços Correntes Total (Mil Reais)";"Xingu";"Pacajá";"-";"2017";556273
"Economia";"PIB";"Valor Adicionado Bruto a Preços Correntes Total (Mil Reais)";"Xingu";"Pacajá";"-";"2018";569826,558
"Economia";"PIB";"Valor Adicionado Bruto a Preços Correntes Total (Mil Reais)";"Xingu";"Pacajá";"-";"2019";649401,644
"Economia";"PIB";"Valor Adicionado Bruto a Preços Correntes Total (Mil Reais)";"Xingu";"Pacajá";"-";"2020";688913,584
"Economia";"PIB";"Valor Adicionado Bruto a Preços Correntes Total (Mil Reais)";"Xingu";"Pacajá";"-";"2021";823651,796
"Economia";"PIB";"Valor Adicionado Bruto a Preços Correntes Total (Mil Reais)";"Carajás";"Palestina do Pará";"-";"2008";790150
"Economia";"PIB";"Valor Adicionado Bruto a Preços Correntes Total (Mil Reais)";"Carajás";"Palestina do Pará";"-";"2009";824154
"Economia";"PIB";"Valor Adicionado Bruto a Preços Correntes Total (Mil Reais)";"Carajás";"Palestina do Pará";"-";"2010";35045,117
"Economia";"PIB";"Valor Adicionado Bruto a Preços Correntes Total (Mil Reais)";"Carajás";"Palestina do Pará";"-";"2011";39041,387
"Economia";"PIB";"Valor Adicionado Bruto a Preços Correntes Total (Mil Reais)";"Carajás";"Palestina do Pará";"-";"2012";38190,555
"Economia";"PIB";"Valor Adicionado Bruto a Preços Correntes Total (Mil Reais)";"Carajás";"Palestina do Pará";"-";"2013";44862,129
"Economia";"PIB";"Valor Adicionado Bruto a Preços Correntes Total (Mil Reais)";"Carajás";"Palestina do Pará";"-";"2014";46370,444
"Economia";"PIB";"Valor Adicionado Bruto a Preços Correntes Total (Mil Reais)";"Carajás";"Palestina do Pará";"-";"2015";51686
"Economia";"PIB";"Valor Adicionado Bruto a Preços Correntes Total (Mil Reais)";"Carajás";"Palestina do Pará";"-";"2016";62170
"Economia";"PIB";"Valor Adicionado Bruto a Preços Correntes Total (Mil Reais)";"Carajás";"Palestina do Pará";"-";"2017";64258
"Economia";"PIB";"Valor Adicionado Bruto a Preços Correntes Total (Mil Reais)";"Carajás";"Palestina do Pará";"-";"2018";63453,921
"Economia";"PIB";"Valor Adicionado Bruto a Preços Correntes Total (Mil Reais)";"Carajás";"Palestina do Pará";"-";"2019";69275,298
"Economia";"PIB";"Valor Adicionado Bruto a Preços Correntes Total (Mil Reais)";"Carajás";"Palestina do Pará";"-";"2020";80264,006
"Economia";"PIB";"Valor Adicionado Bruto a Preços Correntes Total (Mil Reais)";"Carajás";"Palestina do Pará";"-";"2021";95325,251
"Economia";"PIB";"Valor Adicionado Bruto a Preços Correntes Total (Mil Reais)";"Rio Capim";"Paragominas";"-";"2008";6402792
"Economia";"PIB";"Valor Adicionado Bruto a Preços Correntes Total (Mil Reais)";"Rio Capim";"Paragominas";"-";"2009";5466429
"Economia";"PIB";"Valor Adicionado Bruto a Preços Correntes Total (Mil Reais)";"Rio Capim";"Paragominas";"-";"2010";1303173,31
"Economia";"PIB";"Valor Adicionado Bruto a Preços Correntes Total (Mil Reais)";"Rio Capim";"Paragominas";"-";"2011";1537312,968
"Economia";"PIB";"Valor Adicionado Bruto a Preços Correntes Total (Mil Reais)";"Rio Capim";"Paragominas";"-";"2012";1569477,024
"Economia";"PIB";"Valor Adicionado Bruto a Preços Correntes Total (Mil Reais)";"Rio Capim";"Paragominas";"-";"2013";1613484,933
"Economia";"PIB";"Valor Adicionado Bruto a Preços Correntes Total (Mil Reais)";"Rio Capim";"Paragominas";"-";"2014";1869965,23
"Economia";"PIB";"Valor Adicionado Bruto a Preços Correntes Total (Mil Reais)";"Rio Capim";"Paragominas";"-";"2015";2212528
"Economia";"PIB";"Valor Adicionado Bruto a Preços Correntes Total (Mil Reais)";"Rio Capim";"Paragominas";"-";"2016";2454705
"Economia";"PIB";"Valor Adicionado Bruto a Preços Correntes Total (Mil Reais)";"Rio Capim";"Paragominas";"-";"2017";2725035
"Economia";"PIB";"Valor Adicionado Bruto a Preços Correntes Total (Mil Reais)";"Rio Capim";"Paragominas";"-";"2018";2370333,458
"Economia";"PIB";"Valor Adicionado Bruto a Preços Correntes Total (Mil Reais)";"Rio Capim";"Paragominas";"-";"2019";2863336,836
"Economia";"PIB";"Valor Adicionado Bruto a Preços Correntes Total (Mil Reais)";"Rio Capim";"Paragominas";"-";"2020";3433626,104
"Economia";"PIB";"Valor Adicionado Bruto a Preços Correntes Total (Mil Reais)";"Rio Capim";"Paragominas";"-";"2021";3856814,847
"Economia";"PIB";"Valor Adicionado Bruto a Preços Correntes Total (Mil Reais)";"Carajás";"Parauapebas";"-";"2008";33723
"Economia";"PIB";"Valor Adicionado Bruto a Preços Correntes Total (Mil Reais)";"Carajás";"Parauapebas";"-";"2009";35675
"Economia";"PIB";"Valor Adicionado Bruto a Preços Correntes Total (Mil Reais)";"Carajás";"Parauapebas";"-";"2010";14591647,476
"Economia";"PIB";"Valor Adicionado Bruto a Preços Correntes Total (Mil Reais)";"Carajás";"Parauapebas";"-";"2011";20495927,785
"Economia";"PIB";"Valor Adicionado Bruto a Preços Correntes Total (Mil Reais)";"Carajás";"Parauapebas";"-";"2012";18407384,859
"Economia";"PIB";"Valor Adicionado Bruto a Preços Correntes Total (Mil Reais)";"Carajás";"Parauapebas";"-";"2013";19541613,653
"Economia";"PIB";"Valor Adicionado Bruto a Preços Correntes Total (Mil Reais)";"Carajás";"Parauapebas";"-";"2014";14985706,775
"Economia";"PIB";"Valor Adicionado Bruto a Preços Correntes Total (Mil Reais)";"Carajás";"Parauapebas";"-";"2015";10606431
"Economia";"PIB";"Valor Adicionado Bruto a Preços Correntes Total (Mil Reais)";"Carajás";"Parauapebas";"-";"2016";12081726
"Economia";"PIB";"Valor Adicionado Bruto a Preços Correntes Total (Mil Reais)";"Carajás";"Parauapebas";"-";"2017";17861937
"Economia";"PIB";"Valor Adicionado Bruto a Preços Correntes Total (Mil Reais)";"Carajás";"Parauapebas";"-";"2018";15342063,84
"Economia";"PIB";"Valor Adicionado Bruto a Preços Correntes Total (Mil Reais)";"Carajás";"Parauapebas";"-";"2019";22154854,103
"Economia";"PIB";"Valor Adicionado Bruto a Preços Correntes Total (Mil Reais)";"Carajás";"Parauapebas";"-";"2020";36835898,737
"Economia";"PIB";"Valor Adicionado Bruto a Preços Correntes Total (Mil Reais)";"Carajás";"Parauapebas";"-";"2021";48356679,709
"Economia";"PIB";"Valor Adicionado Bruto a Preços Correntes Total (Mil Reais)";"Araguaia";"Pau D'Arco";"-";"2008";20074
"Economia";"PIB";"Valor Adicionado Bruto a Preços Correntes Total (Mil Reais)";"Araguaia";"Pau D'Arco";"-";"2009";23357
"Economia";"PIB";"Valor Adicionado Bruto a Preços Correntes Total (Mil Reais)";"Araguaia";"Pau D'Arco";"-";"2010";41686,596
"Economia";"PIB";"Valor Adicionado Bruto a Preços Correntes Total (Mil Reais)";"Araguaia";"Pau D'Arco";"-";"2011";49695,89
"Economia";"PIB";"Valor Adicionado Bruto a Preços Correntes Total (Mil Reais)";"Araguaia";"Pau D'Arco";"-";"2012";46179,37
"Economia";"PIB";"Valor Adicionado Bruto a Preços Correntes Total (Mil Reais)";"Araguaia";"Pau D'Arco";"-";"2013";52309,781
"Economia";"PIB";"Valor Adicionado Bruto a Preços Correntes Total (Mil Reais)";"Araguaia";"Pau D'Arco";"-";"2014";56669,539
"Economia";"PIB";"Valor Adicionado Bruto a Preços Correntes Total (Mil Reais)";"Araguaia";"Pau D'Arco";"-";"2015";71146
"Economia";"PIB";"Valor Adicionado Bruto a Preços Correntes Total (Mil Reais)";"Araguaia";"Pau D'Arco";"-";"2016";84631
"Economia";"PIB";"Valor Adicionado Bruto a Preços Correntes Total (Mil Reais)";"Araguaia";"Pau D'Arco";"-";"2017";72124
"Economia";"PIB";"Valor Adicionado Bruto a Preços Correntes Total (Mil Reais)";"Araguaia";"Pau D'Arco";"-";"2018";83655,248
"Economia";"PIB";"Valor Adicionado Bruto a Preços Correntes Total (Mil Reais)";"Araguaia";"Pau D'Arco";"-";"2019";83288,926
"Economia";"PIB";"Valor Adicionado Bruto a Preços Correntes Total (Mil Reais)";"Araguaia";"Pau D'Arco";"-";"2020";91673,872
"Economia";"PIB";"Valor Adicionado Bruto a Preços Correntes Total (Mil Reais)";"Araguaia";"Pau D'Arco";"-";"2021";111580,043
"Economia";"PIB";"Valor Adicionado Bruto a Preços Correntes Total (Mil Reais)";"Rio Caeté";"Peixe-Boi";"-";"2008";71917
"Economia";"PIB";"Valor Adicionado Bruto a Preços Correntes Total (Mil Reais)";"Rio Caeté";"Peixe-Boi";"-";"2009";74122
"Economia";"PIB";"Valor Adicionado Bruto a Preços Correntes Total (Mil Reais)";"Rio Caeté";"Peixe-Boi";"-";"2010";27455,391
"Economia";"PIB";"Valor Adicionado Bruto a Preços Correntes Total (Mil Reais)";"Rio Caeté";"Peixe-Boi";"-";"2011";31954,34
"Economia";"PIB";"Valor Adicionado Bruto a Preços Correntes Total (Mil Reais)";"Rio Caeté";"Peixe-Boi";"-";"2012";36525,823
"Economia";"PIB";"Valor Adicionado Bruto a Preços Correntes Total (Mil Reais)";"Rio Caeté";"Peixe-Boi";"-";"2013";63546,525
"Economia";"PIB";"Valor Adicionado Bruto a Preços Correntes Total (Mil Reais)";"Rio Caeté";"Peixe-Boi";"-";"2014";40436,276
"Economia";"PIB";"Valor Adicionado Bruto a Preços Correntes Total (Mil Reais)";"Rio Caeté";"Peixe-Boi";"-";"2015";47000
"Economia";"PIB";"Valor Adicionado Bruto a Preços Correntes Total (Mil Reais)";"Rio Caeté";"Peixe-Boi";"-";"2016";58432
"Economia";"PIB";"Valor Adicionado Bruto a Preços Correntes Total (Mil Reais)";"Rio Caeté";"Peixe-Boi";"-";"2017";50920
"Economia";"PIB";"Valor Adicionado Bruto a Preços Correntes Total (Mil Reais)";"Rio Caeté";"Peixe-Boi";"-";"2018";53212,172
"Economia";"PIB";"Valor Adicionado Bruto a Preços Correntes Total (Mil Reais)";"Rio Caeté";"Peixe-Boi";"-";"2019";51953,92
"Economia";"PIB";"Valor Adicionado Bruto a Preços Correntes Total (Mil Reais)";"Rio Caeté";"Peixe-Boi";"-";"2020";63723,54
"Economia";"PIB";"Valor Adicionado Bruto a Preços Correntes Total (Mil Reais)";"Rio Caeté";"Peixe-Boi";"-";"2021";70066,296
"Economia";"PIB";"Valor Adicionado Bruto a Preços Correntes Total (Mil Reais)";"Carajás";"Piçarra";"-";"2008";53419
"Economia";"PIB";"Valor Adicionado Bruto a Preços Correntes Total (Mil Reais)";"Carajás";"Piçarra";"-";"2009";62307
"Economia";"PIB";"Valor Adicionado Bruto a Preços Correntes Total (Mil Reais)";"Carajás";"Piçarra";"-";"2010";86157,016
"Economia";"PIB";"Valor Adicionado Bruto a Preços Correntes Total (Mil Reais)";"Carajás";"Piçarra";"-";"2011";100679,564
"Economia";"PIB";"Valor Adicionado Bruto a Preços Correntes Total (Mil Reais)";"Carajás";"Piçarra";"-";"2012";109826,483
"Economia";"PIB";"Valor Adicionado Bruto a Preços Correntes Total (Mil Reais)";"Carajás";"Piçarra";"-";"2013";132012,934
"Economia";"PIB";"Valor Adicionado Bruto a Preços Correntes Total (Mil Reais)";"Carajás";"Piçarra";"-";"2014";149233,158
"Economia";"PIB";"Valor Adicionado Bruto a Preços Correntes Total (Mil Reais)";"Carajás";"Piçarra";"-";"2015";172745
"Economia";"PIB";"Valor Adicionado Bruto a Preços Correntes Total (Mil Reais)";"Carajás";"Piçarra";"-";"2016";191604
"Economia";"PIB";"Valor Adicionado Bruto a Preços Correntes Total (Mil Reais)";"Carajás";"Piçarra";"-";"2017";191774
"Economia";"PIB";"Valor Adicionado Bruto a Preços Correntes Total (Mil Reais)";"Carajás";"Piçarra";"-";"2018";225456,102
"Economia";"PIB";"Valor Adicionado Bruto a Preços Correntes Total (Mil Reais)";"Carajás";"Piçarra";"-";"2019";202409,127
"Economia";"PIB";"Valor Adicionado Bruto a Preços Correntes Total (Mil Reais)";"Carajás";"Piçarra";"-";"2020";263300,19
"Economia";"PIB";"Valor Adicionado Bruto a Preços Correntes Total (Mil Reais)";"Carajás";"Piçarra";"-";"2021";280763,707
"Economia";"PIB";"Valor Adicionado Bruto a Preços Correntes Total (Mil Reais)";"Xingu";"Placas";"-";"2008";65790
"Economia";"PIB";"Valor Adicionado Bruto a Preços Correntes Total (Mil Reais)";"Xingu";"Placas";"-";"2009";74721
"Economia";"PIB";"Valor Adicionado Bruto a Preços Correntes Total (Mil Reais)";"Xingu";"Placas";"-";"2010";109965,128
"Economia";"PIB";"Valor Adicionado Bruto a Preços Correntes Total (Mil Reais)";"Xingu";"Placas";"-";"2011";121391,1
"Economia";"PIB";"Valor Adicionado Bruto a Preços Correntes Total (Mil Reais)";"Xingu";"Placas";"-";"2012";128574,188
"Economia";"PIB";"Valor Adicionado Bruto a Preços Correntes Total (Mil Reais)";"Xingu";"Placas";"-";"2013";157235,332
"Economia";"PIB";"Valor Adicionado Bruto a Preços Correntes Total (Mil Reais)";"Xingu";"Placas";"-";"2014";215041,329
"Economia";"PIB";"Valor Adicionado Bruto a Preços Correntes Total (Mil Reais)";"Xingu";"Placas";"-";"2015";227208
"Economia";"PIB";"Valor Adicionado Bruto a Preços Correntes Total (Mil Reais)";"Xingu";"Placas";"-";"2016";251819
"Economia";"PIB";"Valor Adicionado Bruto a Preços Correntes Total (Mil Reais)";"Xingu";"Placas";"-";"2017";247078
"Economia";"PIB";"Valor Adicionado Bruto a Preços Correntes Total (Mil Reais)";"Xingu";"Placas";"-";"2018";237692,914
"Economia";"PIB";"Valor Adicionado Bruto a Preços Correntes Total (Mil Reais)";"Xingu";"Placas";"-";"2019";249197,034
"Economia";"PIB";"Valor Adicionado Bruto a Preços Correntes Total (Mil Reais)";"Xingu";"Placas";"-";"2020";297641,221
"Economia";"PIB";"Valor Adicionado Bruto a Preços Correntes Total (Mil Reais)";"Xingu";"Placas";"-";"2021";309284,888
"Economia";"PIB";"Valor Adicionado Bruto a Preços Correntes Total (Mil Reais)";"Marajó";"Ponta de Pedras";"-";"2008";147349
"Economia";"PIB";"Valor Adicionado Bruto a Preços Correntes Total (Mil Reais)";"Marajó";"Ponta de Pedras";"-";"2009";159855
"Economia";"PIB";"Valor Adicionado Bruto a Preços Correntes Total (Mil Reais)";"Marajó";"Ponta de Pedras";"-";"2010";109461,04
"Economia";"PIB";"Valor Adicionado Bruto a Preços Correntes Total (Mil Reais)";"Marajó";"Ponta de Pedras";"-";"2011";129765,264
"Economia";"PIB";"Valor Adicionado Bruto a Preços Correntes Total (Mil Reais)";"Marajó";"Ponta de Pedras";"-";"2012";139096,852
"Economia";"PIB";"Valor Adicionado Bruto a Preços Correntes Total (Mil Reais)";"Marajó";"Ponta de Pedras";"-";"2013";149269,501
"Economia";"PIB";"Valor Adicionado Bruto a Preços Correntes Total (Mil Reais)";"Marajó";"Ponta de Pedras";"-";"2014";160326,147
"Economia";"PIB";"Valor Adicionado Bruto a Preços Correntes Total (Mil Reais)";"Marajó";"Ponta de Pedras";"-";"2015";182026
"Economia";"PIB";"Valor Adicionado Bruto a Preços Correntes Total (Mil Reais)";"Marajó";"Ponta de Pedras";"-";"2016";201738
"Economia";"PIB";"Valor Adicionado Bruto a Preços Correntes Total (Mil Reais)";"Marajó";"Ponta de Pedras";"-";"2017";206926
"Economia";"PIB";"Valor Adicionado Bruto a Preços Correntes Total (Mil Reais)";"Marajó";"Ponta de Pedras";"-";"2018";206011,008
"Economia";"PIB";"Valor Adicionado Bruto a Preços Correntes Total (Mil Reais)";"Marajó";"Ponta de Pedras";"-";"2019";213845,429
"Economia";"PIB";"Valor Adicionado Bruto a Preços Correntes Total (Mil Reais)";"Marajó";"Ponta de Pedras";"-";"2020";237384,625
"Economia";"PIB";"Valor Adicionado Bruto a Preços Correntes Total (Mil Reais)";"Marajó";"Ponta de Pedras";"-";"2021";265274,182
"Economia";"PIB";"Valor Adicionado Bruto a Preços Correntes Total (Mil Reais)";"Marajó";"Portel";"-";"2008";73116
"Economia";"PIB";"Valor Adicionado Bruto a Preços Correntes Total (Mil Reais)";"Marajó";"Portel";"-";"2009";74169
"Economia";"PIB";"Valor Adicionado Bruto a Preços Correntes Total (Mil Reais)";"Marajó";"Portel";"-";"2010";254360,537
"Economia";"PIB";"Valor Adicionado Bruto a Preços Correntes Total (Mil Reais)";"Marajó";"Portel";"-";"2011";279591,545
"Economia";"PIB";"Valor Adicionado Bruto a Preços Correntes Total (Mil Reais)";"Marajó";"Portel";"-";"2012";362212,96
"Economia";"PIB";"Valor Adicionado Bruto a Preços Correntes Total (Mil Reais)";"Marajó";"Portel";"-";"2013";442521,766
"Economia";"PIB";"Valor Adicionado Bruto a Preços Correntes Total (Mil Reais)";"Marajó";"Portel";"-";"2014";424622,676
"Economia";"PIB";"Valor Adicionado Bruto a Preços Correntes Total (Mil Reais)";"Marajó";"Portel";"-";"2015";431229
"Economia";"PIB";"Valor Adicionado Bruto a Preços Correntes Total (Mil Reais)";"Marajó";"Portel";"-";"2016";665724
"Economia";"PIB";"Valor Adicionado Bruto a Preços Correntes Total (Mil Reais)";"Marajó";"Portel";"-";"2017";629993
"Economia";"PIB";"Valor Adicionado Bruto a Preços Correntes Total (Mil Reais)";"Marajó";"Portel";"-";"2018";876257,069
"Economia";"PIB";"Valor Adicionado Bruto a Preços Correntes Total (Mil Reais)";"Marajó";"Portel";"-";"2019";769010,335
"Economia";"PIB";"Valor Adicionado Bruto a Preços Correntes Total (Mil Reais)";"Marajó";"Portel";"-";"2020";860086,639
"Economia";"PIB";"Valor Adicionado Bruto a Preços Correntes Total (Mil Reais)";"Marajó";"Portel";"-";"2021";922763,924
"Economia";"PIB";"Valor Adicionado Bruto a Preços Correntes Total (Mil Reais)";"Xingu";"Porto de Moz";"-";"2008";91019
"Economia";"PIB";"Valor Adicionado Bruto a Preços Correntes Total (Mil Reais)";"Xingu";"Porto de Moz";"-";"2009";106582
"Economia";"PIB";"Valor Adicionado Bruto a Preços Correntes Total (Mil Reais)";"Xingu";"Porto de Moz";"-";"2010";127033,918
"Economia";"PIB";"Valor Adicionado Bruto a Preços Correntes Total (Mil Reais)";"Xingu";"Porto de Moz";"-";"2011";154611,778
"Economia";"PIB";"Valor Adicionado Bruto a Preços Correntes Total (Mil Reais)";"Xingu";"Porto de Moz";"-";"2012";173552,781
"Economia";"PIB";"Valor Adicionado Bruto a Preços Correntes Total (Mil Reais)";"Xingu";"Porto de Moz";"-";"2013";219406,182
"Economia";"PIB";"Valor Adicionado Bruto a Preços Correntes Total (Mil Reais)";"Xingu";"Porto de Moz";"-";"2014";196844,021
"Economia";"PIB";"Valor Adicionado Bruto a Preços Correntes Total (Mil Reais)";"Xingu";"Porto de Moz";"-";"2015";211825
"Economia";"PIB";"Valor Adicionado Bruto a Preços Correntes Total (Mil Reais)";"Xingu";"Porto de Moz";"-";"2016";232193
"Economia";"PIB";"Valor Adicionado Bruto a Preços Correntes Total (Mil Reais)";"Xingu";"Porto de Moz";"-";"2017";287124
"Economia";"PIB";"Valor Adicionado Bruto a Preços Correntes Total (Mil Reais)";"Xingu";"Porto de Moz";"-";"2018";298489,232
"Economia";"PIB";"Valor Adicionado Bruto a Preços Correntes Total (Mil Reais)";"Xingu";"Porto de Moz";"-";"2019";309099,942
"Economia";"PIB";"Valor Adicionado Bruto a Preços Correntes Total (Mil Reais)";"Xingu";"Porto de Moz";"-";"2020";335433,885
"Economia";"PIB";"Valor Adicionado Bruto a Preços Correntes Total (Mil Reais)";"Xingu";"Porto de Moz";"-";"2021";390677,432
"Economia";"PIB";"Valor Adicionado Bruto a Preços Correntes Total (Mil Reais)";"Baixo Amazonas";"Prainha";"-";"2008";23569
"Economia";"PIB";"Valor Adicionado Bruto a Preços Correntes Total (Mil Reais)";"Baixo Amazonas";"Prainha";"-";"2009";30507
"Economia";"PIB";"Valor Adicionado Bruto a Preços Correntes Total (Mil Reais)";"Baixo Amazonas";"Prainha";"-";"2010";139734,107
"Economia";"PIB";"Valor Adicionado Bruto a Preços Correntes Total (Mil Reais)";"Baixo Amazonas";"Prainha";"-";"2011";157256,009
"Economia";"PIB";"Valor Adicionado Bruto a Preços Correntes Total (Mil Reais)";"Baixo Amazonas";"Prainha";"-";"2012";193287,68
"Economia";"PIB";"Valor Adicionado Bruto a Preços Correntes Total (Mil Reais)";"Baixo Amazonas";"Prainha";"-";"2013";224416,03
"Economia";"PIB";"Valor Adicionado Bruto a Preços Correntes Total (Mil Reais)";"Baixo Amazonas";"Prainha";"-";"2014";214503,898
"Economia";"PIB";"Valor Adicionado Bruto a Preços Correntes Total (Mil Reais)";"Baixo Amazonas";"Prainha";"-";"2015";220855
"Economia";"PIB";"Valor Adicionado Bruto a Preços Correntes Total (Mil Reais)";"Baixo Amazonas";"Prainha";"-";"2016";269821
"Economia";"PIB";"Valor Adicionado Bruto a Preços Correntes Total (Mil Reais)";"Baixo Amazonas";"Prainha";"-";"2017";296428
"Economia";"PIB";"Valor Adicionado Bruto a Preços Correntes Total (Mil Reais)";"Baixo Amazonas";"Prainha";"-";"2018";283380,104
"Economia";"PIB";"Valor Adicionado Bruto a Preços Correntes Total (Mil Reais)";"Baixo Amazonas";"Prainha";"-";"2019";289851,904
"Economia";"PIB";"Valor Adicionado Bruto a Preços Correntes Total (Mil Reais)";"Baixo Amazonas";"Prainha";"-";"2020";335230,594
"Economia";"PIB";"Valor Adicionado Bruto a Preços Correntes Total (Mil Reais)";"Baixo Amazonas";"Prainha";"-";"2021";434021,224
"Economia";"PIB";"Valor Adicionado Bruto a Preços Correntes Total (Mil Reais)";"Rio Caeté";"Primavera";"-";"2008";42438
"Economia";"PIB";"Valor Adicionado Bruto a Preços Correntes Total (Mil Reais)";"Rio Caeté";"Primavera";"-";"2009";47024
"Economia";"PIB";"Valor Adicionado Bruto a Preços Correntes Total (Mil Reais)";"Rio Caeté";"Primavera";"-";"2010";33675,085
"Economia";"PIB";"Valor Adicionado Bruto a Preços Correntes Total (Mil Reais)";"Rio Caeté";"Primavera";"-";"2011";37941,894
"Economia";"PIB";"Valor Adicionado Bruto a Preços Correntes Total (Mil Reais)";"Rio Caeté";"Primavera";"-";"2012";42520,775
"Economia";"PIB";"Valor Adicionado Bruto a Preços Correntes Total (Mil Reais)";"Rio Caeté";"Primavera";"-";"2013";56946,778
"Economia";"PIB";"Valor Adicionado Bruto a Preços Correntes Total (Mil Reais)";"Rio Caeté";"Primavera";"-";"2014";58598,054
"Economia";"PIB";"Valor Adicionado Bruto a Preços Correntes Total (Mil Reais)";"Rio Caeté";"Primavera";"-";"2015";67507
"Economia";"PIB";"Valor Adicionado Bruto a Preços Correntes Total (Mil Reais)";"Rio Caeté";"Primavera";"-";"2016";102714
"Economia";"PIB";"Valor Adicionado Bruto a Preços Correntes Total (Mil Reais)";"Rio Caeté";"Primavera";"-";"2017";125977
"Economia";"PIB";"Valor Adicionado Bruto a Preços Correntes Total (Mil Reais)";"Rio Caeté";"Primavera";"-";"2018";160726,105
"Economia";"PIB";"Valor Adicionado Bruto a Preços Correntes Total (Mil Reais)";"Rio Caeté";"Primavera";"-";"2019";188422,13
"Economia";"PIB";"Valor Adicionado Bruto a Preços Correntes Total (Mil Reais)";"Rio Caeté";"Primavera";"-";"2020";237161,15
"Economia";"PIB";"Valor Adicionado Bruto a Preços Correntes Total (Mil Reais)";"Rio Caeté";"Primavera";"-";"2021";258354,904
"Economia";"PIB";"Valor Adicionado Bruto a Preços Correntes Total (Mil Reais)";"Rio Caeté";"Quatipuru";"-";"2008";495854
"Economia";"PIB";"Valor Adicionado Bruto a Preços Correntes Total (Mil Reais)";"Rio Caeté";"Quatipuru";"-";"2009";516629
"Economia";"PIB";"Valor Adicionado Bruto a Preços Correntes Total (Mil Reais)";"Rio Caeté";"Quatipuru";"-";"2010";42123,396
"Economia";"PIB";"Valor Adicionado Bruto a Preços Correntes Total (Mil Reais)";"Rio Caeté";"Quatipuru";"-";"2011";49798,17
"Economia";"PIB";"Valor Adicionado Bruto a Preços Correntes Total (Mil Reais)";"Rio Caeté";"Quatipuru";"-";"2012";54944,004
"Economia";"PIB";"Valor Adicionado Bruto a Preços Correntes Total (Mil Reais)";"Rio Caeté";"Quatipuru";"-";"2013";69675,126
"Economia";"PIB";"Valor Adicionado Bruto a Preços Correntes Total (Mil Reais)";"Rio Caeté";"Quatipuru";"-";"2014";69323,836
"Economia";"PIB";"Valor Adicionado Bruto a Preços Correntes Total (Mil Reais)";"Rio Caeté";"Quatipuru";"-";"2015";74025
"Economia";"PIB";"Valor Adicionado Bruto a Preços Correntes Total (Mil Reais)";"Rio Caeté";"Quatipuru";"-";"2016";82513
"Economia";"PIB";"Valor Adicionado Bruto a Preços Correntes Total (Mil Reais)";"Rio Caeté";"Quatipuru";"-";"2017";88083
"Economia";"PIB";"Valor Adicionado Bruto a Preços Correntes Total (Mil Reais)";"Rio Caeté";"Quatipuru";"-";"2018";94652,504
"Economia";"PIB";"Valor Adicionado Bruto a Preços Correntes Total (Mil Reais)";"Rio Caeté";"Quatipuru";"-";"2019";96552,815
"Economia";"PIB";"Valor Adicionado Bruto a Preços Correntes Total (Mil Reais)";"Rio Caeté";"Quatipuru";"-";"2020";107774,313
"Economia";"PIB";"Valor Adicionado Bruto a Preços Correntes Total (Mil Reais)";"Rio Caeté";"Quatipuru";"-";"2021";117869,58
"Economia";"PIB";"Valor Adicionado Bruto a Preços Correntes Total (Mil Reais)";"Araguaia";"Redenção";"-";"2008";150231
"Economia";"PIB";"Valor Adicionado Bruto a Preços Correntes Total (Mil Reais)";"Araguaia";"Redenção";"-";"2009";154745
"Economia";"PIB";"Valor Adicionado Bruto a Preços Correntes Total (Mil Reais)";"Araguaia";"Redenção";"-";"2010";669346,005
"Economia";"PIB";"Valor Adicionado Bruto a Preços Correntes Total (Mil Reais)";"Araguaia";"Redenção";"-";"2011";763412,773
"Economia";"PIB";"Valor Adicionado Bruto a Preços Correntes Total (Mil Reais)";"Araguaia";"Redenção";"-";"2012";849326,693
"Economia";"PIB";"Valor Adicionado Bruto a Preços Correntes Total (Mil Reais)";"Araguaia";"Redenção";"-";"2013";962681,771
"Economia";"PIB";"Valor Adicionado Bruto a Preços Correntes Total (Mil Reais)";"Araguaia";"Redenção";"-";"2014";1155192,573
"Economia";"PIB";"Valor Adicionado Bruto a Preços Correntes Total (Mil Reais)";"Araguaia";"Redenção";"-";"2015";1281060
"Economia";"PIB";"Valor Adicionado Bruto a Preços Correntes Total (Mil Reais)";"Araguaia";"Redenção";"-";"2016";1434203
"Economia";"PIB";"Valor Adicionado Bruto a Preços Correntes Total (Mil Reais)";"Araguaia";"Redenção";"-";"2017";1481217
"Economia";"PIB";"Valor Adicionado Bruto a Preços Correntes Total (Mil Reais)";"Araguaia";"Redenção";"-";"2018";1522314,597
"Economia";"PIB";"Valor Adicionado Bruto a Preços Correntes Total (Mil Reais)";"Araguaia";"Redenção";"-";"2019";1602779,727
"Economia";"PIB";"Valor Adicionado Bruto a Preços Correntes Total (Mil Reais)";"Araguaia";"Redenção";"-";"2020";1738439,15
"Economia";"PIB";"Valor Adicionado Bruto a Preços Correntes Total (Mil Reais)";"Araguaia";"Redenção";"-";"2021";2134238,876
"Economia";"PIB";"Valor Adicionado Bruto a Preços Correntes Total (Mil Reais)";"Araguaia";"Rio Maria";"-";"2008";223787
"Economia";"PIB";"Valor Adicionado Bruto a Preços Correntes Total (Mil Reais)";"Araguaia";"Rio Maria";"-";"2009";235384
"Economia";"PIB";"Valor Adicionado Bruto a Preços Correntes Total (Mil Reais)";"Araguaia";"Rio Maria";"-";"2010";180969,139
"Economia";"PIB";"Valor Adicionado Bruto a Preços Correntes Total (Mil Reais)";"Araguaia";"Rio Maria";"-";"2011";187902,437
"Economia";"PIB";"Valor Adicionado Bruto a Preços Correntes Total (Mil Reais)";"Araguaia";"Rio Maria";"-";"2012";204108,825
"Economia";"PIB";"Valor Adicionado Bruto a Preços Correntes Total (Mil Reais)";"Araguaia";"Rio Maria";"-";"2013";234533,167
"Economia";"PIB";"Valor Adicionado Bruto a Preços Correntes Total (Mil Reais)";"Araguaia";"Rio Maria";"-";"2014";266389,763
"Economia";"PIB";"Valor Adicionado Bruto a Preços Correntes Total (Mil Reais)";"Araguaia";"Rio Maria";"-";"2015";310097
"Economia";"PIB";"Valor Adicionado Bruto a Preços Correntes Total (Mil Reais)";"Araguaia";"Rio Maria";"-";"2016";352139
"Economia";"PIB";"Valor Adicionado Bruto a Preços Correntes Total (Mil Reais)";"Araguaia";"Rio Maria";"-";"2017";420854
"Economia";"PIB";"Valor Adicionado Bruto a Preços Correntes Total (Mil Reais)";"Araguaia";"Rio Maria";"-";"2018";417514,016
"Economia";"PIB";"Valor Adicionado Bruto a Preços Correntes Total (Mil Reais)";"Araguaia";"Rio Maria";"-";"2019";430245,042
"Economia";"PIB";"Valor Adicionado Bruto a Preços Correntes Total (Mil Reais)";"Araguaia";"Rio Maria";"-";"2020";495721,289
"Economia";"PIB";"Valor Adicionado Bruto a Preços Correntes Total (Mil Reais)";"Araguaia";"Rio Maria";"-";"2021";511699,339
"Economia";"PIB";"Valor Adicionado Bruto a Preços Correntes Total (Mil Reais)";"Rio Capim";"Rondon do Pará";"-";"2008";95594
"Economia";"PIB";"Valor Adicionado Bruto a Preços Correntes Total (Mil Reais)";"Rio Capim";"Rondon do Pará";"-";"2009";104656
"Economia";"PIB";"Valor Adicionado Bruto a Preços Correntes Total (Mil Reais)";"Rio Capim";"Rondon do Pará";"-";"2010";316085,24
"Economia";"PIB";"Valor Adicionado Bruto a Preços Correntes Total (Mil Reais)";"Rio Capim";"Rondon do Pará";"-";"2011";369170,493
"Economia";"PIB";"Valor Adicionado Bruto a Preços Correntes Total (Mil Reais)";"Rio Capim";"Rondon do Pará";"-";"2012";320915,642
"Economia";"PIB";"Valor Adicionado Bruto a Preços Correntes Total (Mil Reais)";"Rio Capim";"Rondon do Pará";"-";"2013";371614,077
"Economia";"PIB";"Valor Adicionado Bruto a Preços Correntes Total (Mil Reais)";"Rio Capim";"Rondon do Pará";"-";"2014";443048,383
"Economia";"PIB";"Valor Adicionado Bruto a Preços Correntes Total (Mil Reais)";"Rio Capim";"Rondon do Pará";"-";"2015";454403
"Economia";"PIB";"Valor Adicionado Bruto a Preços Correntes Total (Mil Reais)";"Rio Capim";"Rondon do Pará";"-";"2016";488823
"Economia";"PIB";"Valor Adicionado Bruto a Preços Correntes Total (Mil Reais)";"Rio Capim";"Rondon do Pará";"-";"2017";491533
"Economia";"PIB";"Valor Adicionado Bruto a Preços Correntes Total (Mil Reais)";"Rio Capim";"Rondon do Pará";"-";"2018";501628,885
"Economia";"PIB";"Valor Adicionado Bruto a Preços Correntes Total (Mil Reais)";"Rio Capim";"Rondon do Pará";"-";"2019";498313,881
"Economia";"PIB";"Valor Adicionado Bruto a Preços Correntes Total (Mil Reais)";"Rio Capim";"Rondon do Pará";"-";"2020";582078,299
"Economia";"PIB";"Valor Adicionado Bruto a Preços Correntes Total (Mil Reais)";"Rio Capim";"Rondon do Pará";"-";"2021";670773,179
"Economia";"PIB";"Valor Adicionado Bruto a Preços Correntes Total (Mil Reais)";"Tapajós";"Rurópolis";"-";"2008";133076
"Economia";"PIB";"Valor Adicionado Bruto a Preços Correntes Total (Mil Reais)";"Tapajós";"Rurópolis";"-";"2009";149813
"Economia";"PIB";"Valor Adicionado Bruto a Preços Correntes Total (Mil Reais)";"Tapajós";"Rurópolis";"-";"2010";144422,35
"Economia";"PIB";"Valor Adicionado Bruto a Preços Correntes Total (Mil Reais)";"Tapajós";"Rurópolis";"-";"2011";165393,833
"Economia";"PIB";"Valor Adicionado Bruto a Preços Correntes Total (Mil Reais)";"Tapajós";"Rurópolis";"-";"2012";172299,231
"Economia";"PIB";"Valor Adicionado Bruto a Preços Correntes Total (Mil Reais)";"Tapajós";"Rurópolis";"-";"2013";220057,818
"Economia";"PIB";"Valor Adicionado Bruto a Preços Correntes Total (Mil Reais)";"Tapajós";"Rurópolis";"-";"2014";245410,077
"Economia";"PIB";"Valor Adicionado Bruto a Preços Correntes Total (Mil Reais)";"Tapajós";"Rurópolis";"-";"2015";270360
"Economia";"PIB";"Valor Adicionado Bruto a Preços Correntes Total (Mil Reais)";"Tapajós";"Rurópolis";"-";"2016";323556
"Economia";"PIB";"Valor Adicionado Bruto a Preços Correntes Total (Mil Reais)";"Tapajós";"Rurópolis";"-";"2017";339579
"Economia";"PIB";"Valor Adicionado Bruto a Preços Correntes Total (Mil Reais)";"Tapajós";"Rurópolis";"-";"2018";332497,516
"Economia";"PIB";"Valor Adicionado Bruto a Preços Correntes Total (Mil Reais)";"Tapajós";"Rurópolis";"-";"2019";350183,955
"Economia";"PIB";"Valor Adicionado Bruto a Preços Correntes Total (Mil Reais)";"Tapajós";"Rurópolis";"-";"2020";387693,585
"Economia";"PIB";"Valor Adicionado Bruto a Preços Correntes Total (Mil Reais)";"Tapajós";"Rurópolis";"-";"2021";463891,319
"Economia";"PIB";"Valor Adicionado Bruto a Preços Correntes Total (Mil Reais)";"Rio Caeté";"Salinópolis";"-";"2008";59736
"Economia";"PIB";"Valor Adicionado Bruto a Preços Correntes Total (Mil Reais)";"Rio Caeté";"Salinópolis";"-";"2009";67756
"Economia";"PIB";"Valor Adicionado Bruto a Preços Correntes Total (Mil Reais)";"Rio Caeté";"Salinópolis";"-";"2010";166470,502
"Economia";"PIB";"Valor Adicionado Bruto a Preços Correntes Total (Mil Reais)";"Rio Caeté";"Salinópolis";"-";"2011";194067,705
"Economia";"PIB";"Valor Adicionado Bruto a Preços Correntes Total (Mil Reais)";"Rio Caeté";"Salinópolis";"-";"2012";275952,837
"Economia";"PIB";"Valor Adicionado Bruto a Preços Correntes Total (Mil Reais)";"Rio Caeté";"Salinópolis";"-";"2013";258398,033
"Economia";"PIB";"Valor Adicionado Bruto a Preços Correntes Total (Mil Reais)";"Rio Caeté";"Salinópolis";"-";"2014";285414,85
"Economia";"PIB";"Valor Adicionado Bruto a Preços Correntes Total (Mil Reais)";"Rio Caeté";"Salinópolis";"-";"2015";318304
"Economia";"PIB";"Valor Adicionado Bruto a Preços Correntes Total (Mil Reais)";"Rio Caeté";"Salinópolis";"-";"2016";381323
"Economia";"PIB";"Valor Adicionado Bruto a Preços Correntes Total (Mil Reais)";"Rio Caeté";"Salinópolis";"-";"2017";390212
"Economia";"PIB";"Valor Adicionado Bruto a Preços Correntes Total (Mil Reais)";"Rio Caeté";"Salinópolis";"-";"2018";431115,211
"Economia";"PIB";"Valor Adicionado Bruto a Preços Correntes Total (Mil Reais)";"Rio Caeté";"Salinópolis";"-";"2019";481124,771
"Economia";"PIB";"Valor Adicionado Bruto a Preços Correntes Total (Mil Reais)";"Rio Caeté";"Salinópolis";"-";"2020";513152,63
"Economia";"PIB";"Valor Adicionado Bruto a Preços Correntes Total (Mil Reais)";"Rio Caeté";"Salinópolis";"-";"2021";567643,042
"Economia";"PIB";"Valor Adicionado Bruto a Preços Correntes Total (Mil Reais)";"Marajó";"Salvaterra";"-";"2008";53313
"Economia";"PIB";"Valor Adicionado Bruto a Preços Correntes Total (Mil Reais)";"Marajó";"Salvaterra";"-";"2009";56188
"Economia";"PIB";"Valor Adicionado Bruto a Preços Correntes Total (Mil Reais)";"Marajó";"Salvaterra";"-";"2010";74486,75
"Economia";"PIB";"Valor Adicionado Bruto a Preços Correntes Total (Mil Reais)";"Marajó";"Salvaterra";"-";"2011";87225,411
"Economia";"PIB";"Valor Adicionado Bruto a Preços Correntes Total (Mil Reais)";"Marajó";"Salvaterra";"-";"2012";97242,387
"Economia";"PIB";"Valor Adicionado Bruto a Preços Correntes Total (Mil Reais)";"Marajó";"Salvaterra";"-";"2013";109346,346
"Economia";"PIB";"Valor Adicionado Bruto a Preços Correntes Total (Mil Reais)";"Marajó";"Salvaterra";"-";"2014";119011,966
"Economia";"PIB";"Valor Adicionado Bruto a Preços Correntes Total (Mil Reais)";"Marajó";"Salvaterra";"-";"2015";137828
"Economia";"PIB";"Valor Adicionado Bruto a Preços Correntes Total (Mil Reais)";"Marajó";"Salvaterra";"-";"2016";145616
"Economia";"PIB";"Valor Adicionado Bruto a Preços Correntes Total (Mil Reais)";"Marajó";"Salvaterra";"-";"2017";159658
"Economia";"PIB";"Valor Adicionado Bruto a Preços Correntes Total (Mil Reais)";"Marajó";"Salvaterra";"-";"2018";167884,62
"Economia";"PIB";"Valor Adicionado Bruto a Preços Correntes Total (Mil Reais)";"Marajó";"Salvaterra";"-";"2019";173253,282
"Economia";"PIB";"Valor Adicionado Bruto a Preços Correntes Total (Mil Reais)";"Marajó";"Salvaterra";"-";"2020";185729,228
"Economia";"PIB";"Valor Adicionado Bruto a Preços Correntes Total (Mil Reais)";"Marajó";"Salvaterra";"-";"2021";202003,587
"Economia";"PIB";"Valor Adicionado Bruto a Preços Correntes Total (Mil Reais)";"Guajará";"Santa Bárbara do Pará";"-";"2008";19578
"Economia";"PIB";"Valor Adicionado Bruto a Preços Correntes Total (Mil Reais)";"Guajará";"Santa Bárbara do Pará";"-";"2009";21985
"Economia";"PIB";"Valor Adicionado Bruto a Preços Correntes Total (Mil Reais)";"Guajará";"Santa Bárbara do Pará";"-";"2010";66890,149
"Economia";"PIB";"Valor Adicionado Bruto a Preços Correntes Total (Mil Reais)";"Guajará";"Santa Bárbara do Pará";"-";"2011";80648,739
"Economia";"PIB";"Valor Adicionado Bruto a Preços Correntes Total (Mil Reais)";"Guajará";"Santa Bárbara do Pará";"-";"2012";103516,224
"Economia";"PIB";"Valor Adicionado Bruto a Preços Correntes Total (Mil Reais)";"Guajará";"Santa Bárbara do Pará";"-";"2013";95937,213
"Economia";"PIB";"Valor Adicionado Bruto a Preços Correntes Total (Mil Reais)";"Guajará";"Santa Bárbara do Pará";"-";"2014";114721,105
"Economia";"PIB";"Valor Adicionado Bruto a Preços Correntes Total (Mil Reais)";"Guajará";"Santa Bárbara do Pará";"-";"2015";122741
"Economia";"PIB";"Valor Adicionado Bruto a Preços Correntes Total (Mil Reais)";"Guajará";"Santa Bárbara do Pará";"-";"2016";135068
"Economia";"PIB";"Valor Adicionado Bruto a Preços Correntes Total (Mil Reais)";"Guajará";"Santa Bárbara do Pará";"-";"2017";153240
"Economia";"PIB";"Valor Adicionado Bruto a Preços Correntes Total (Mil Reais)";"Guajará";"Santa Bárbara do Pará";"-";"2018";156768,775
"Economia";"PIB";"Valor Adicionado Bruto a Preços Correntes Total (Mil Reais)";"Guajará";"Santa Bárbara do Pará";"-";"2019";164293,58
"Economia";"PIB";"Valor Adicionado Bruto a Preços Correntes Total (Mil Reais)";"Guajará";"Santa Bárbara do Pará";"-";"2020";199115,845
"Economia";"PIB";"Valor Adicionado Bruto a Preços Correntes Total (Mil Reais)";"Guajará";"Santa Bárbara do Pará";"-";"2021";213521,837
"Economia";"PIB";"Valor Adicionado Bruto a Preços Correntes Total (Mil Reais)";"Marajó";"Santa Cruz do Arari";"-";"2008";223468
"Economia";"PIB";"Valor Adicionado Bruto a Preços Correntes Total (Mil Reais)";"Marajó";"Santa Cruz do Arari";"-";"2009";258360
"Economia";"PIB";"Valor Adicionado Bruto a Preços Correntes Total (Mil Reais)";"Marajó";"Santa Cruz do Arari";"-";"2010";33247,046
"Economia";"PIB";"Valor Adicionado Bruto a Preços Correntes Total (Mil Reais)";"Marajó";"Santa Cruz do Arari";"-";"2011";40220,55
"Economia";"PIB";"Valor Adicionado Bruto a Preços Correntes Total (Mil Reais)";"Marajó";"Santa Cruz do Arari";"-";"2012";51610,064
"Economia";"PIB";"Valor Adicionado Bruto a Preços Correntes Total (Mil Reais)";"Marajó";"Santa Cruz do Arari";"-";"2013";50237,745
"Economia";"PIB";"Valor Adicionado Bruto a Preços Correntes Total (Mil Reais)";"Marajó";"Santa Cruz do Arari";"-";"2014";52358,117
"Economia";"PIB";"Valor Adicionado Bruto a Preços Correntes Total (Mil Reais)";"Marajó";"Santa Cruz do Arari";"-";"2015";60083
"Economia";"PIB";"Valor Adicionado Bruto a Preços Correntes Total (Mil Reais)";"Marajó";"Santa Cruz do Arari";"-";"2016";62788
"Economia";"PIB";"Valor Adicionado Bruto a Preços Correntes Total (Mil Reais)";"Marajó";"Santa Cruz do Arari";"-";"2017";67186
"Economia";"PIB";"Valor Adicionado Bruto a Preços Correntes Total (Mil Reais)";"Marajó";"Santa Cruz do Arari";"-";"2018";67979,204
"Economia";"PIB";"Valor Adicionado Bruto a Preços Correntes Total (Mil Reais)";"Marajó";"Santa Cruz do Arari";"-";"2019";70144,924
"Economia";"PIB";"Valor Adicionado Bruto a Preços Correntes Total (Mil Reais)";"Marajó";"Santa Cruz do Arari";"-";"2020";80205,889
"Economia";"PIB";"Valor Adicionado Bruto a Preços Correntes Total (Mil Reais)";"Marajó";"Santa Cruz do Arari";"-";"2021";94728,368
"Economia";"PIB";"Valor Adicionado Bruto a Preços Correntes Total (Mil Reais)";"Guamá";"Santa Izabel do Pará";"-";"2008";53560
"Economia";"PIB";"Valor Adicionado Bruto a Preços Correntes Total (Mil Reais)";"Guamá";"Santa Izabel do Pará";"-";"2009";57017
"Economia";"PIB";"Valor Adicionado Bruto a Preços Correntes Total (Mil Reais)";"Guamá";"Santa Izabel do Pará";"-";"2010";331431,036
"Economia";"PIB";"Valor Adicionado Bruto a Preços Correntes Total (Mil Reais)";"Guamá";"Santa Izabel do Pará";"-";"2011";391791,686
"Economia";"PIB";"Valor Adicionado Bruto a Preços Correntes Total (Mil Reais)";"Guamá";"Santa Izabel do Pará";"-";"2012";377539,582
"Economia";"PIB";"Valor Adicionado Bruto a Preços Correntes Total (Mil Reais)";"Guamá";"Santa Izabel do Pará";"-";"2013";463148,413
"Economia";"PIB";"Valor Adicionado Bruto a Preços Correntes Total (Mil Reais)";"Guamá";"Santa Izabel do Pará";"-";"2014";504125,102
"Economia";"PIB";"Valor Adicionado Bruto a Preços Correntes Total (Mil Reais)";"Guamá";"Santa Izabel do Pará";"-";"2015";556463
"Economia";"PIB";"Valor Adicionado Bruto a Preços Correntes Total (Mil Reais)";"Guamá";"Santa Izabel do Pará";"-";"2016";577541
"Economia";"PIB";"Valor Adicionado Bruto a Preços Correntes Total (Mil Reais)";"Guamá";"Santa Izabel do Pará";"-";"2017";654621
"Economia";"PIB";"Valor Adicionado Bruto a Preços Correntes Total (Mil Reais)";"Guamá";"Santa Izabel do Pará";"-";"2018";684971,177
"Economia";"PIB";"Valor Adicionado Bruto a Preços Correntes Total (Mil Reais)";"Guamá";"Santa Izabel do Pará";"-";"2019";707394,528
"Economia";"PIB";"Valor Adicionado Bruto a Preços Correntes Total (Mil Reais)";"Guamá";"Santa Izabel do Pará";"-";"2020";715460,019
"Economia";"PIB";"Valor Adicionado Bruto a Preços Correntes Total (Mil Reais)";"Guamá";"Santa Izabel do Pará";"-";"2021";814341,185
"Economia";"PIB";"Valor Adicionado Bruto a Preços Correntes Total (Mil Reais)";"Rio Caeté";"Santa Luzia do Pará";"-";"2008";94439
"Economia";"PIB";"Valor Adicionado Bruto a Preços Correntes Total (Mil Reais)";"Rio Caeté";"Santa Luzia do Pará";"-";"2009";90293
"Economia";"PIB";"Valor Adicionado Bruto a Preços Correntes Total (Mil Reais)";"Rio Caeté";"Santa Luzia do Pará";"-";"2010";72057,493
"Economia";"PIB";"Valor Adicionado Bruto a Preços Correntes Total (Mil Reais)";"Rio Caeté";"Santa Luzia do Pará";"-";"2011";81095,174
"Economia";"PIB";"Valor Adicionado Bruto a Preços Correntes Total (Mil Reais)";"Rio Caeté";"Santa Luzia do Pará";"-";"2012";90617,204
"Economia";"PIB";"Valor Adicionado Bruto a Preços Correntes Total (Mil Reais)";"Rio Caeté";"Santa Luzia do Pará";"-";"2013";107661,353
"Economia";"PIB";"Valor Adicionado Bruto a Preços Correntes Total (Mil Reais)";"Rio Caeté";"Santa Luzia do Pará";"-";"2014";118733,904
"Economia";"PIB";"Valor Adicionado Bruto a Preços Correntes Total (Mil Reais)";"Rio Caeté";"Santa Luzia do Pará";"-";"2015";131590
"Economia";"PIB";"Valor Adicionado Bruto a Preços Correntes Total (Mil Reais)";"Rio Caeté";"Santa Luzia do Pará";"-";"2016";136691
"Economia";"PIB";"Valor Adicionado Bruto a Preços Correntes Total (Mil Reais)";"Rio Caeté";"Santa Luzia do Pará";"-";"2017";156232
"Economia";"PIB";"Valor Adicionado Bruto a Preços Correntes Total (Mil Reais)";"Rio Caeté";"Santa Luzia do Pará";"-";"2018";154911,884
"Economia";"PIB";"Valor Adicionado Bruto a Preços Correntes Total (Mil Reais)";"Rio Caeté";"Santa Luzia do Pará";"-";"2019";151940,171
"Economia";"PIB";"Valor Adicionado Bruto a Preços Correntes Total (Mil Reais)";"Rio Caeté";"Santa Luzia do Pará";"-";"2020";177338,879
"Economia";"PIB";"Valor Adicionado Bruto a Preços Correntes Total (Mil Reais)";"Rio Caeté";"Santa Luzia do Pará";"-";"2021";187611,399
"Economia";"PIB";"Valor Adicionado Bruto a Preços Correntes Total (Mil Reais)";"Araguaia";"Santa Maria das Barreiras";"-";"2008";86740
"Economia";"PIB";"Valor Adicionado Bruto a Preços Correntes Total (Mil Reais)";"Araguaia";"Santa Maria das Barreiras";"-";"2009";96177
"Economia";"PIB";"Valor Adicionado Bruto a Preços Correntes Total (Mil Reais)";"Araguaia";"Santa Maria das Barreiras";"-";"2010";122532,081
"Economia";"PIB";"Valor Adicionado Bruto a Preços Correntes Total (Mil Reais)";"Araguaia";"Santa Maria das Barreiras";"-";"2011";141957,412
"Economia";"PIB";"Valor Adicionado Bruto a Preços Correntes Total (Mil Reais)";"Araguaia";"Santa Maria das Barreiras";"-";"2012";154087,392
"Economia";"PIB";"Valor Adicionado Bruto a Preços Correntes Total (Mil Reais)";"Araguaia";"Santa Maria das Barreiras";"-";"2013";190058,018
"Economia";"PIB";"Valor Adicionado Bruto a Preços Correntes Total (Mil Reais)";"Araguaia";"Santa Maria das Barreiras";"-";"2014";196073,343
"Economia";"PIB";"Valor Adicionado Bruto a Preços Correntes Total (Mil Reais)";"Araguaia";"Santa Maria das Barreiras";"-";"2015";241671
"Economia";"PIB";"Valor Adicionado Bruto a Preços Correntes Total (Mil Reais)";"Araguaia";"Santa Maria das Barreiras";"-";"2016";287829
"Economia";"PIB";"Valor Adicionado Bruto a Preços Correntes Total (Mil Reais)";"Araguaia";"Santa Maria das Barreiras";"-";"2017";364042
"Economia";"PIB";"Valor Adicionado Bruto a Preços Correntes Total (Mil Reais)";"Araguaia";"Santa Maria das Barreiras";"-";"2018";366836,751
"Economia";"PIB";"Valor Adicionado Bruto a Preços Correntes Total (Mil Reais)";"Araguaia";"Santa Maria das Barreiras";"-";"2019";480442,548
"Economia";"PIB";"Valor Adicionado Bruto a Preços Correntes Total (Mil Reais)";"Araguaia";"Santa Maria das Barreiras";"-";"2020";711279,281
"Economia";"PIB";"Valor Adicionado Bruto a Preços Correntes Total (Mil Reais)";"Araguaia";"Santa Maria das Barreiras";"-";"2021";1032550,09
"Economia";"PIB";"Valor Adicionado Bruto a Preços Correntes Total (Mil Reais)";"Guamá";"Santa Maria do Pará";"-";"2008";257165
"Economia";"PIB";"Valor Adicionado Bruto a Preços Correntes Total (Mil Reais)";"Guamá";"Santa Maria do Pará";"-";"2009";264138
"Economia";"PIB";"Valor Adicionado Bruto a Preços Correntes Total (Mil Reais)";"Guamá";"Santa Maria do Pará";"-";"2010";145520,266
"Economia";"PIB";"Valor Adicionado Bruto a Preços Correntes Total (Mil Reais)";"Guamá";"Santa Maria do Pará";"-";"2011";171372,821
"Economia";"PIB";"Valor Adicionado Bruto a Preços Correntes Total (Mil Reais)";"Guamá";"Santa Maria do Pará";"-";"2012";195743,489
"Economia";"PIB";"Valor Adicionado Bruto a Preços Correntes Total (Mil Reais)";"Guamá";"Santa Maria do Pará";"-";"2013";274485,975
"Economia";"PIB";"Valor Adicionado Bruto a Preços Correntes Total (Mil Reais)";"Guamá";"Santa Maria do Pará";"-";"2014";223666,865
"Economia";"PIB";"Valor Adicionado Bruto a Preços Correntes Total (Mil Reais)";"Guamá";"Santa Maria do Pará";"-";"2015";192406
"Economia";"PIB";"Valor Adicionado Bruto a Preços Correntes Total (Mil Reais)";"Guamá";"Santa Maria do Pará";"-";"2016";254374
"Economia";"PIB";"Valor Adicionado Bruto a Preços Correntes Total (Mil Reais)";"Guamá";"Santa Maria do Pará";"-";"2017";294975
"Economia";"PIB";"Valor Adicionado Bruto a Preços Correntes Total (Mil Reais)";"Guamá";"Santa Maria do Pará";"-";"2018";365342,481
"Economia";"PIB";"Valor Adicionado Bruto a Preços Correntes Total (Mil Reais)";"Guamá";"Santa Maria do Pará";"-";"2019";269057,048
"Economia";"PIB";"Valor Adicionado Bruto a Preços Correntes Total (Mil Reais)";"Guamá";"Santa Maria do Pará";"-";"2020";283533,078
"Economia";"PIB";"Valor Adicionado Bruto a Preços Correntes Total (Mil Reais)";"Guamá";"Santa Maria do Pará";"-";"2021";342377,08
"Economia";"PIB";"Valor Adicionado Bruto a Preços Correntes Total (Mil Reais)";"Araguaia";"Santana do Araguaia";"-";"2008";1479631
"Economia";"PIB";"Valor Adicionado Bruto a Preços Correntes Total (Mil Reais)";"Araguaia";"Santana do Araguaia";"-";"2009";1605373
"Economia";"PIB";"Valor Adicionado Bruto a Preços Correntes Total (Mil Reais)";"Araguaia";"Santana do Araguaia";"-";"2010";303538,571
"Economia";"PIB";"Valor Adicionado Bruto a Preços Correntes Total (Mil Reais)";"Araguaia";"Santana do Araguaia";"-";"2011";344354,69
"Economia";"PIB";"Valor Adicionado Bruto a Preços Correntes Total (Mil Reais)";"Araguaia";"Santana do Araguaia";"-";"2012";388349,845
"Economia";"PIB";"Valor Adicionado Bruto a Preços Correntes Total (Mil Reais)";"Araguaia";"Santana do Araguaia";"-";"2013";468385,813
"Economia";"PIB";"Valor Adicionado Bruto a Preços Correntes Total (Mil Reais)";"Araguaia";"Santana do Araguaia";"-";"2014";534304,593
"Economia";"PIB";"Valor Adicionado Bruto a Preços Correntes Total (Mil Reais)";"Araguaia";"Santana do Araguaia";"-";"2015";616315
"Economia";"PIB";"Valor Adicionado Bruto a Preços Correntes Total (Mil Reais)";"Araguaia";"Santana do Araguaia";"-";"2016";687370
"Economia";"PIB";"Valor Adicionado Bruto a Preços Correntes Total (Mil Reais)";"Araguaia";"Santana do Araguaia";"-";"2017";728973
"Economia";"PIB";"Valor Adicionado Bruto a Preços Correntes Total (Mil Reais)";"Araguaia";"Santana do Araguaia";"-";"2018";753213,388
"Economia";"PIB";"Valor Adicionado Bruto a Preços Correntes Total (Mil Reais)";"Araguaia";"Santana do Araguaia";"-";"2019";915878,487
"Economia";"PIB";"Valor Adicionado Bruto a Preços Correntes Total (Mil Reais)";"Araguaia";"Santana do Araguaia";"-";"2020";974619,129
"Economia";"PIB";"Valor Adicionado Bruto a Preços Correntes Total (Mil Reais)";"Araguaia";"Santana do Araguaia";"-";"2021";1203723,479
"Economia";"PIB";"Valor Adicionado Bruto a Preços Correntes Total (Mil Reais)";"Baixo Amazonas";"Santarém";"-";"2008";16789
"Economia";"PIB";"Valor Adicionado Bruto a Preços Correntes Total (Mil Reais)";"Baixo Amazonas";"Santarém";"-";"2009";20669
"Economia";"PIB";"Valor Adicionado Bruto a Preços Correntes Total (Mil Reais)";"Baixo Amazonas";"Santarém";"-";"2010";2119633,356
"Economia";"PIB";"Valor Adicionado Bruto a Preços Correntes Total (Mil Reais)";"Baixo Amazonas";"Santarém";"-";"2011";2391130,843
"Economia";"PIB";"Valor Adicionado Bruto a Preços Correntes Total (Mil Reais)";"Baixo Amazonas";"Santarém";"-";"2012";3002741,389
"Economia";"PIB";"Valor Adicionado Bruto a Preços Correntes Total (Mil Reais)";"Baixo Amazonas";"Santarém";"-";"2013";3128583,162
"Economia";"PIB";"Valor Adicionado Bruto a Preços Correntes Total (Mil Reais)";"Baixo Amazonas";"Santarém";"-";"2014";3443470,526
"Economia";"PIB";"Valor Adicionado Bruto a Preços Correntes Total (Mil Reais)";"Baixo Amazonas";"Santarém";"-";"2015";3599507
"Economia";"PIB";"Valor Adicionado Bruto a Preços Correntes Total (Mil Reais)";"Baixo Amazonas";"Santarém";"-";"2016";4171259
"Economia";"PIB";"Valor Adicionado Bruto a Preços Correntes Total (Mil Reais)";"Baixo Amazonas";"Santarém";"-";"2017";4417768
"Economia";"PIB";"Valor Adicionado Bruto a Preços Correntes Total (Mil Reais)";"Baixo Amazonas";"Santarém";"-";"2018";4390159,027
"Economia";"PIB";"Valor Adicionado Bruto a Preços Correntes Total (Mil Reais)";"Baixo Amazonas";"Santarém";"-";"2019";4568537,711
"Economia";"PIB";"Valor Adicionado Bruto a Preços Correntes Total (Mil Reais)";"Baixo Amazonas";"Santarém";"-";"2020";4866221,824
"Economia";"PIB";"Valor Adicionado Bruto a Preços Correntes Total (Mil Reais)";"Baixo Amazonas";"Santarém";"-";"2021";5523564,498
"Economia";"PIB";"Valor Adicionado Bruto a Preços Correntes Total (Mil Reais)";"Rio Caeté";"Santarém Novo";"-";"2008";84916
"Economia";"PIB";"Valor Adicionado Bruto a Preços Correntes Total (Mil Reais)";"Rio Caeté";"Santarém Novo";"-";"2009";101255
"Economia";"PIB";"Valor Adicionado Bruto a Preços Correntes Total (Mil Reais)";"Rio Caeté";"Santarém Novo";"-";"2010";23845,82
"Economia";"PIB";"Valor Adicionado Bruto a Preços Correntes Total (Mil Reais)";"Rio Caeté";"Santarém Novo";"-";"2011";27293,269
"Economia";"PIB";"Valor Adicionado Bruto a Preços Correntes Total (Mil Reais)";"Rio Caeté";"Santarém Novo";"-";"2012";29569,124
"Economia";"PIB";"Valor Adicionado Bruto a Preços Correntes Total (Mil Reais)";"Rio Caeté";"Santarém Novo";"-";"2013";38330,763
"Economia";"PIB";"Valor Adicionado Bruto a Preços Correntes Total (Mil Reais)";"Rio Caeté";"Santarém Novo";"-";"2014";37894,508
"Economia";"PIB";"Valor Adicionado Bruto a Preços Correntes Total (Mil Reais)";"Rio Caeté";"Santarém Novo";"-";"2015";39152
"Economia";"PIB";"Valor Adicionado Bruto a Preços Correntes Total (Mil Reais)";"Rio Caeté";"Santarém Novo";"-";"2016";46288
"Economia";"PIB";"Valor Adicionado Bruto a Preços Correntes Total (Mil Reais)";"Rio Caeté";"Santarém Novo";"-";"2017";39999
"Economia";"PIB";"Valor Adicionado Bruto a Preços Correntes Total (Mil Reais)";"Rio Caeté";"Santarém Novo";"-";"2018";44217,639
"Economia";"PIB";"Valor Adicionado Bruto a Preços Correntes Total (Mil Reais)";"Rio Caeté";"Santarém Novo";"-";"2019";45530,298
"Economia";"PIB";"Valor Adicionado Bruto a Preços Correntes Total (Mil Reais)";"Rio Caeté";"Santarém Novo";"-";"2020";49827,275
"Economia";"PIB";"Valor Adicionado Bruto a Preços Correntes Total (Mil Reais)";"Rio Caeté";"Santarém Novo";"-";"2021";58587,306
"Economia";"PIB";"Valor Adicionado Bruto a Preços Correntes Total (Mil Reais)";"Guamá";"Santo Antônio do Tauá";"-";"2008";51858
"Economia";"PIB";"Valor Adicionado Bruto a Preços Correntes Total (Mil Reais)";"Guamá";"Santo Antônio do Tauá";"-";"2009";57596
"Economia";"PIB";"Valor Adicionado Bruto a Preços Correntes Total (Mil Reais)";"Guamá";"Santo Antônio do Tauá";"-";"2010";131777,641
"Economia";"PIB";"Valor Adicionado Bruto a Preços Correntes Total (Mil Reais)";"Guamá";"Santo Antônio do Tauá";"-";"2011";157445,866
"Economia";"PIB";"Valor Adicionado Bruto a Preços Correntes Total (Mil Reais)";"Guamá";"Santo Antônio do Tauá";"-";"2012";155790,923
"Economia";"PIB";"Valor Adicionado Bruto a Preços Correntes Total (Mil Reais)";"Guamá";"Santo Antônio do Tauá";"-";"2013";181701,539
"Economia";"PIB";"Valor Adicionado Bruto a Preços Correntes Total (Mil Reais)";"Guamá";"Santo Antônio do Tauá";"-";"2014";238522,64
"Economia";"PIB";"Valor Adicionado Bruto a Preços Correntes Total (Mil Reais)";"Guamá";"Santo Antônio do Tauá";"-";"2015";284103
"Economia";"PIB";"Valor Adicionado Bruto a Preços Correntes Total (Mil Reais)";"Guamá";"Santo Antônio do Tauá";"-";"2016";301073
"Economia";"PIB";"Valor Adicionado Bruto a Preços Correntes Total (Mil Reais)";"Guamá";"Santo Antônio do Tauá";"-";"2017";327258
"Economia";"PIB";"Valor Adicionado Bruto a Preços Correntes Total (Mil Reais)";"Guamá";"Santo Antônio do Tauá";"-";"2018";346665,753
"Economia";"PIB";"Valor Adicionado Bruto a Preços Correntes Total (Mil Reais)";"Guamá";"Santo Antônio do Tauá";"-";"2019";361631,394
"Economia";"PIB";"Valor Adicionado Bruto a Preços Correntes Total (Mil Reais)";"Guamá";"Santo Antônio do Tauá";"-";"2020";404254,538
"Economia";"PIB";"Valor Adicionado Bruto a Preços Correntes Total (Mil Reais)";"Guamá";"Santo Antônio do Tauá";"-";"2021";438766,192
"Economia";"PIB";"Valor Adicionado Bruto a Preços Correntes Total (Mil Reais)";"Guamá";"São Caetano de Odivelas";"-";"2008";81126
"Economia";"PIB";"Valor Adicionado Bruto a Preços Correntes Total (Mil Reais)";"Guamá";"São Caetano de Odivelas";"-";"2009";89823
"Economia";"PIB";"Valor Adicionado Bruto a Preços Correntes Total (Mil Reais)";"Guamá";"São Caetano de Odivelas";"-";"2010";56612,707
"Economia";"PIB";"Valor Adicionado Bruto a Preços Correntes Total (Mil Reais)";"Guamá";"São Caetano de Odivelas";"-";"2011";70773,282
"Economia";"PIB";"Valor Adicionado Bruto a Preços Correntes Total (Mil Reais)";"Guamá";"São Caetano de Odivelas";"-";"2012";86789,894
"Economia";"PIB";"Valor Adicionado Bruto a Preços Correntes Total (Mil Reais)";"Guamá";"São Caetano de Odivelas";"-";"2013";104140,404
"Economia";"PIB";"Valor Adicionado Bruto a Preços Correntes Total (Mil Reais)";"Guamá";"São Caetano de Odivelas";"-";"2014";104195,414
"Economia";"PIB";"Valor Adicionado Bruto a Preços Correntes Total (Mil Reais)";"Guamá";"São Caetano de Odivelas";"-";"2015";111218
"Economia";"PIB";"Valor Adicionado Bruto a Preços Correntes Total (Mil Reais)";"Guamá";"São Caetano de Odivelas";"-";"2016";115773
"Economia";"PIB";"Valor Adicionado Bruto a Preços Correntes Total (Mil Reais)";"Guamá";"São Caetano de Odivelas";"-";"2017";127413
"Economia";"PIB";"Valor Adicionado Bruto a Preços Correntes Total (Mil Reais)";"Guamá";"São Caetano de Odivelas";"-";"2018";137758,059
"Economia";"PIB";"Valor Adicionado Bruto a Preços Correntes Total (Mil Reais)";"Guamá";"São Caetano de Odivelas";"-";"2019";141219,632
"Economia";"PIB";"Valor Adicionado Bruto a Preços Correntes Total (Mil Reais)";"Guamá";"São Caetano de Odivelas";"-";"2020";152834,879
"Economia";"PIB";"Valor Adicionado Bruto a Preços Correntes Total (Mil Reais)";"Guamá";"São Caetano de Odivelas";"-";"2021";177851,567
"Economia";"PIB";"Valor Adicionado Bruto a Preços Correntes Total (Mil Reais)";"Carajás";"São Domingos do Araguaia";"-";"2008";65745
"Economia";"PIB";"Valor Adicionado Bruto a Preços Correntes Total (Mil Reais)";"Carajás";"São Domingos do Araguaia";"-";"2009";83509
"Economia";"PIB";"Valor Adicionado Bruto a Preços Correntes Total (Mil Reais)";"Carajás";"São Domingos do Araguaia";"-";"2010";108452,953
"Economia";"PIB";"Valor Adicionado Bruto a Preços Correntes Total (Mil Reais)";"Carajás";"São Domingos do Araguaia";"-";"2011";132333,737
"Economia";"PIB";"Valor Adicionado Bruto a Preços Correntes Total (Mil Reais)";"Carajás";"São Domingos do Araguaia";"-";"2012";138217,146
"Economia";"PIB";"Valor Adicionado Bruto a Preços Correntes Total (Mil Reais)";"Carajás";"São Domingos do Araguaia";"-";"2013";153334,908
"Economia";"PIB";"Valor Adicionado Bruto a Preços Correntes Total (Mil Reais)";"Carajás";"São Domingos do Araguaia";"-";"2014";167693,162
"Economia";"PIB";"Valor Adicionado Bruto a Preços Correntes Total (Mil Reais)";"Carajás";"São Domingos do Araguaia";"-";"2015";207287
"Economia";"PIB";"Valor Adicionado Bruto a Preços Correntes Total (Mil Reais)";"Carajás";"São Domingos do Araguaia";"-";"2016";235142
"Economia";"PIB";"Valor Adicionado Bruto a Preços Correntes Total (Mil Reais)";"Carajás";"São Domingos do Araguaia";"-";"2017";257005
"Economia";"PIB";"Valor Adicionado Bruto a Preços Correntes Total (Mil Reais)";"Carajás";"São Domingos do Araguaia";"-";"2018";265743,934
"Economia";"PIB";"Valor Adicionado Bruto a Preços Correntes Total (Mil Reais)";"Carajás";"São Domingos do Araguaia";"-";"2019";269001,135
"Economia";"PIB";"Valor Adicionado Bruto a Preços Correntes Total (Mil Reais)";"Carajás";"São Domingos do Araguaia";"-";"2020";283453,577
"Economia";"PIB";"Valor Adicionado Bruto a Preços Correntes Total (Mil Reais)";"Carajás";"São Domingos do Araguaia";"-";"2021";336536,207
"Economia";"PIB";"Valor Adicionado Bruto a Preços Correntes Total (Mil Reais)";"Guamá";"São Domingos do Capim";"-";"2008";344771
"Economia";"PIB";"Valor Adicionado Bruto a Preços Correntes Total (Mil Reais)";"Guamá";"São Domingos do Capim";"-";"2009";362662
"Economia";"PIB";"Valor Adicionado Bruto a Preços Correntes Total (Mil Reais)";"Guamá";"São Domingos do Capim";"-";"2010";147456,978
"Economia";"PIB";"Valor Adicionado Bruto a Preços Correntes Total (Mil Reais)";"Guamá";"São Domingos do Capim";"-";"2011";172444,047
"Economia";"PIB";"Valor Adicionado Bruto a Preços Correntes Total (Mil Reais)";"Guamá";"São Domingos do Capim";"-";"2012";184742,648
"Economia";"PIB";"Valor Adicionado Bruto a Preços Correntes Total (Mil Reais)";"Guamá";"São Domingos do Capim";"-";"2013";261664,165
"Economia";"PIB";"Valor Adicionado Bruto a Preços Correntes Total (Mil Reais)";"Guamá";"São Domingos do Capim";"-";"2014";224375,873
"Economia";"PIB";"Valor Adicionado Bruto a Preços Correntes Total (Mil Reais)";"Guamá";"São Domingos do Capim";"-";"2015";241999
"Economia";"PIB";"Valor Adicionado Bruto a Preços Correntes Total (Mil Reais)";"Guamá";"São Domingos do Capim";"-";"2016";309376
"Economia";"PIB";"Valor Adicionado Bruto a Preços Correntes Total (Mil Reais)";"Guamá";"São Domingos do Capim";"-";"2017";302926
"Economia";"PIB";"Valor Adicionado Bruto a Preços Correntes Total (Mil Reais)";"Guamá";"São Domingos do Capim";"-";"2018";267245,637
"Economia";"PIB";"Valor Adicionado Bruto a Preços Correntes Total (Mil Reais)";"Guamá";"São Domingos do Capim";"-";"2019";338410,035
"Economia";"PIB";"Valor Adicionado Bruto a Preços Correntes Total (Mil Reais)";"Guamá";"São Domingos do Capim";"-";"2020";363534,806
"Economia";"PIB";"Valor Adicionado Bruto a Preços Correntes Total (Mil Reais)";"Guamá";"São Domingos do Capim";"-";"2021";428782,385
"Economia";"PIB";"Valor Adicionado Bruto a Preços Correntes Total (Mil Reais)";"Araguaia";"São Félix do Xingu";"-";"2008";43220
"Economia";"PIB";"Valor Adicionado Bruto a Preços Correntes Total (Mil Reais)";"Araguaia";"São Félix do Xingu";"-";"2009";50296
"Economia";"PIB";"Valor Adicionado Bruto a Preços Correntes Total (Mil Reais)";"Araguaia";"São Félix do Xingu";"-";"2010";477194,206
"Economia";"PIB";"Valor Adicionado Bruto a Preços Correntes Total (Mil Reais)";"Araguaia";"São Félix do Xingu";"-";"2011";557215,543
"Economia";"PIB";"Valor Adicionado Bruto a Preços Correntes Total (Mil Reais)";"Araguaia";"São Félix do Xingu";"-";"2012";705250,428
"Economia";"PIB";"Valor Adicionado Bruto a Preços Correntes Total (Mil Reais)";"Araguaia";"São Félix do Xingu";"-";"2013";845255,491
"Economia";"PIB";"Valor Adicionado Bruto a Preços Correntes Total (Mil Reais)";"Araguaia";"São Félix do Xingu";"-";"2014";979563,547
"Economia";"PIB";"Valor Adicionado Bruto a Preços Correntes Total (Mil Reais)";"Araguaia";"São Félix do Xingu";"-";"2015";1147954
"Economia";"PIB";"Valor Adicionado Bruto a Preços Correntes Total (Mil Reais)";"Araguaia";"São Félix do Xingu";"-";"2016";1345458
"Economia";"PIB";"Valor Adicionado Bruto a Preços Correntes Total (Mil Reais)";"Araguaia";"São Félix do Xingu";"-";"2017";1316783
"Economia";"PIB";"Valor Adicionado Bruto a Preços Correntes Total (Mil Reais)";"Araguaia";"São Félix do Xingu";"-";"2018";1307917,286
"Economia";"PIB";"Valor Adicionado Bruto a Preços Correntes Total (Mil Reais)";"Araguaia";"São Félix do Xingu";"-";"2019";1363527,087
"Economia";"PIB";"Valor Adicionado Bruto a Preços Correntes Total (Mil Reais)";"Araguaia";"São Félix do Xingu";"-";"2020";1491450,648
"Economia";"PIB";"Valor Adicionado Bruto a Preços Correntes Total (Mil Reais)";"Araguaia";"São Félix do Xingu";"-";"2021";1888738,641
"Economia";"PIB";"Valor Adicionado Bruto a Preços Correntes Total (Mil Reais)";"Guamá";"São Francisco do Pará";"-";"2008";121976
"Economia";"PIB";"Valor Adicionado Bruto a Preços Correntes Total (Mil Reais)";"Guamá";"São Francisco do Pará";"-";"2009";126099
"Economia";"PIB";"Valor Adicionado Bruto a Preços Correntes Total (Mil Reais)";"Guamá";"São Francisco do Pará";"-";"2010";93051,099
"Economia";"PIB";"Valor Adicionado Bruto a Preços Correntes Total (Mil Reais)";"Guamá";"São Francisco do Pará";"-";"2011";79567,884
"Economia";"PIB";"Valor Adicionado Bruto a Preços Correntes Total (Mil Reais)";"Guamá";"São Francisco do Pará";"-";"2012";89754,497
"Economia";"PIB";"Valor Adicionado Bruto a Preços Correntes Total (Mil Reais)";"Guamá";"São Francisco do Pará";"-";"2013";173165,912
"Economia";"PIB";"Valor Adicionado Bruto a Preços Correntes Total (Mil Reais)";"Guamá";"São Francisco do Pará";"-";"2014";158367,174
"Economia";"PIB";"Valor Adicionado Bruto a Preços Correntes Total (Mil Reais)";"Guamá";"São Francisco do Pará";"-";"2015";155458
"Economia";"PIB";"Valor Adicionado Bruto a Preços Correntes Total (Mil Reais)";"Guamá";"São Francisco do Pará";"-";"2016";182131
"Economia";"PIB";"Valor Adicionado Bruto a Preços Correntes Total (Mil Reais)";"Guamá";"São Francisco do Pará";"-";"2017";192599
"Economia";"PIB";"Valor Adicionado Bruto a Preços Correntes Total (Mil Reais)";"Guamá";"São Francisco do Pará";"-";"2018";222450,557
"Economia";"PIB";"Valor Adicionado Bruto a Preços Correntes Total (Mil Reais)";"Guamá";"São Francisco do Pará";"-";"2019";228312,07
"Economia";"PIB";"Valor Adicionado Bruto a Preços Correntes Total (Mil Reais)";"Guamá";"São Francisco do Pará";"-";"2020";229430,916
"Economia";"PIB";"Valor Adicionado Bruto a Preços Correntes Total (Mil Reais)";"Guamá";"São Francisco do Pará";"-";"2021";249520,467
"Economia";"PIB";"Valor Adicionado Bruto a Preços Correntes Total (Mil Reais)";"Carajás";"São Geraldo do Araguaia";"-";"2008";15337
"Economia";"PIB";"Valor Adicionado Bruto a Preços Correntes Total (Mil Reais)";"Carajás";"São Geraldo do Araguaia";"-";"2009";16978
"Economia";"PIB";"Valor Adicionado Bruto a Preços Correntes Total (Mil Reais)";"Carajás";"São Geraldo do Araguaia";"-";"2010";158520,026
"Economia";"PIB";"Valor Adicionado Bruto a Preços Correntes Total (Mil Reais)";"Carajás";"São Geraldo do Araguaia";"-";"2011";187351,793
"Economia";"PIB";"Valor Adicionado Bruto a Preços Correntes Total (Mil Reais)";"Carajás";"São Geraldo do Araguaia";"-";"2012";243944,521
"Economia";"PIB";"Valor Adicionado Bruto a Preços Correntes Total (Mil Reais)";"Carajás";"São Geraldo do Araguaia";"-";"2013";233174,729
"Economia";"PIB";"Valor Adicionado Bruto a Preços Correntes Total (Mil Reais)";"Carajás";"São Geraldo do Araguaia";"-";"2014";272608,598
"Economia";"PIB";"Valor Adicionado Bruto a Preços Correntes Total (Mil Reais)";"Carajás";"São Geraldo do Araguaia";"-";"2015";289653
"Economia";"PIB";"Valor Adicionado Bruto a Preços Correntes Total (Mil Reais)";"Carajás";"São Geraldo do Araguaia";"-";"2016";344927
"Economia";"PIB";"Valor Adicionado Bruto a Preços Correntes Total (Mil Reais)";"Carajás";"São Geraldo do Araguaia";"-";"2017";396118
"Economia";"PIB";"Valor Adicionado Bruto a Preços Correntes Total (Mil Reais)";"Carajás";"São Geraldo do Araguaia";"-";"2018";424308,557
"Economia";"PIB";"Valor Adicionado Bruto a Preços Correntes Total (Mil Reais)";"Carajás";"São Geraldo do Araguaia";"-";"2019";451175,294
"Economia";"PIB";"Valor Adicionado Bruto a Preços Correntes Total (Mil Reais)";"Carajás";"São Geraldo do Araguaia";"-";"2020";515821,78
"Economia";"PIB";"Valor Adicionado Bruto a Preços Correntes Total (Mil Reais)";"Carajás";"São Geraldo do Araguaia";"-";"2021";607169,597
"Economia";"PIB";"Valor Adicionado Bruto a Preços Correntes Total (Mil Reais)";"Guamá";"São João da Ponta";"-";"2008";56569
"Economia";"PIB";"Valor Adicionado Bruto a Preços Correntes Total (Mil Reais)";"Guamá";"São João da Ponta";"-";"2009";64566
"Economia";"PIB";"Valor Adicionado Bruto a Preços Correntes Total (Mil Reais)";"Guamá";"São João da Ponta";"-";"2010";22760,9
"Economia";"PIB";"Valor Adicionado Bruto a Preços Correntes Total (Mil Reais)";"Guamá";"São João da Ponta";"-";"2011";25526,549
"Economia";"PIB";"Valor Adicionado Bruto a Preços Correntes Total (Mil Reais)";"Guamá";"São João da Ponta";"-";"2012";27856,572
"Economia";"PIB";"Valor Adicionado Bruto a Preços Correntes Total (Mil Reais)";"Guamá";"São João da Ponta";"-";"2013";29413,644
"Economia";"PIB";"Valor Adicionado Bruto a Preços Correntes Total (Mil Reais)";"Guamá";"São João da Ponta";"-";"2014";34738,409
"Economia";"PIB";"Valor Adicionado Bruto a Preços Correntes Total (Mil Reais)";"Guamá";"São João da Ponta";"-";"2015";37135
"Economia";"PIB";"Valor Adicionado Bruto a Preços Correntes Total (Mil Reais)";"Guamá";"São João da Ponta";"-";"2016";38861
"Economia";"PIB";"Valor Adicionado Bruto a Preços Correntes Total (Mil Reais)";"Guamá";"São João da Ponta";"-";"2017";41324
"Economia";"PIB";"Valor Adicionado Bruto a Preços Correntes Total (Mil Reais)";"Guamá";"São João da Ponta";"-";"2018";43507,28
"Economia";"PIB";"Valor Adicionado Bruto a Preços Correntes Total (Mil Reais)";"Guamá";"São João da Ponta";"-";"2019";45097,191
"Economia";"PIB";"Valor Adicionado Bruto a Preços Correntes Total (Mil Reais)";"Guamá";"São João da Ponta";"-";"2020";50919,242
"Economia";"PIB";"Valor Adicionado Bruto a Preços Correntes Total (Mil Reais)";"Guamá";"São João da Ponta";"-";"2021";55762,776
"Economia";"PIB";"Valor Adicionado Bruto a Preços Correntes Total (Mil Reais)";"Rio Caeté";"São João de Pirabas";"-";"2008";38847
"Economia";"PIB";"Valor Adicionado Bruto a Preços Correntes Total (Mil Reais)";"Rio Caeté";"São João de Pirabas";"-";"2009";41965
"Economia";"PIB";"Valor Adicionado Bruto a Preços Correntes Total (Mil Reais)";"Rio Caeté";"São João de Pirabas";"-";"2010";71798,781
"Economia";"PIB";"Valor Adicionado Bruto a Preços Correntes Total (Mil Reais)";"Rio Caeté";"São João de Pirabas";"-";"2011";82479,162
"Economia";"PIB";"Valor Adicionado Bruto a Preços Correntes Total (Mil Reais)";"Rio Caeté";"São João de Pirabas";"-";"2012";91213,597
"Economia";"PIB";"Valor Adicionado Bruto a Preços Correntes Total (Mil Reais)";"Rio Caeté";"São João de Pirabas";"-";"2013";117802,527
"Economia";"PIB";"Valor Adicionado Bruto a Preços Correntes Total (Mil Reais)";"Rio Caeté";"São João de Pirabas";"-";"2014";122977,827
"Economia";"PIB";"Valor Adicionado Bruto a Preços Correntes Total (Mil Reais)";"Rio Caeté";"São João de Pirabas";"-";"2015";126192
"Economia";"PIB";"Valor Adicionado Bruto a Preços Correntes Total (Mil Reais)";"Rio Caeté";"São João de Pirabas";"-";"2016";141109
"Economia";"PIB";"Valor Adicionado Bruto a Preços Correntes Total (Mil Reais)";"Rio Caeté";"São João de Pirabas";"-";"2017";151245
"Economia";"PIB";"Valor Adicionado Bruto a Preços Correntes Total (Mil Reais)";"Rio Caeté";"São João de Pirabas";"-";"2018";158197,072
"Economia";"PIB";"Valor Adicionado Bruto a Preços Correntes Total (Mil Reais)";"Rio Caeté";"São João de Pirabas";"-";"2019";160823,22
"Economia";"PIB";"Valor Adicionado Bruto a Preços Correntes Total (Mil Reais)";"Rio Caeté";"São João de Pirabas";"-";"2020";172400,528
"Economia";"PIB";"Valor Adicionado Bruto a Preços Correntes Total (Mil Reais)";"Rio Caeté";"São João de Pirabas";"-";"2021";174680,235
"Economia";"PIB";"Valor Adicionado Bruto a Preços Correntes Total (Mil Reais)";"Carajás";"São João do Araguaia";"-";"2008";136872
"Economia";"PIB";"Valor Adicionado Bruto a Preços Correntes Total (Mil Reais)";"Carajás";"São João do Araguaia";"-";"2009";164400
"Economia";"PIB";"Valor Adicionado Bruto a Preços Correntes Total (Mil Reais)";"Carajás";"São João do Araguaia";"-";"2010";53001,257
"Economia";"PIB";"Valor Adicionado Bruto a Preços Correntes Total (Mil Reais)";"Carajás";"São João do Araguaia";"-";"2011";71087,382
"Economia";"PIB";"Valor Adicionado Bruto a Preços Correntes Total (Mil Reais)";"Carajás";"São João do Araguaia";"-";"2012";76876,775
"Economia";"PIB";"Valor Adicionado Bruto a Preços Correntes Total (Mil Reais)";"Carajás";"São João do Araguaia";"-";"2013";88037,768
"Economia";"PIB";"Valor Adicionado Bruto a Preços Correntes Total (Mil Reais)";"Carajás";"São João do Araguaia";"-";"2014";89799,412
"Economia";"PIB";"Valor Adicionado Bruto a Preços Correntes Total (Mil Reais)";"Carajás";"São João do Araguaia";"-";"2015";101668
"Economia";"PIB";"Valor Adicionado Bruto a Preços Correntes Total (Mil Reais)";"Carajás";"São João do Araguaia";"-";"2016";106859
"Economia";"PIB";"Valor Adicionado Bruto a Preços Correntes Total (Mil Reais)";"Carajás";"São João do Araguaia";"-";"2017";113085
"Economia";"PIB";"Valor Adicionado Bruto a Preços Correntes Total (Mil Reais)";"Carajás";"São João do Araguaia";"-";"2018";117984,855
"Economia";"PIB";"Valor Adicionado Bruto a Preços Correntes Total (Mil Reais)";"Carajás";"São João do Araguaia";"-";"2019";128060,777
"Economia";"PIB";"Valor Adicionado Bruto a Preços Correntes Total (Mil Reais)";"Carajás";"São João do Araguaia";"-";"2020";156729,825
"Economia";"PIB";"Valor Adicionado Bruto a Preços Correntes Total (Mil Reais)";"Carajás";"São João do Araguaia";"-";"2021";177834,659
"Economia";"PIB";"Valor Adicionado Bruto a Preços Correntes Total (Mil Reais)";"Guamá";"São Miguel do Guamá";"-";"2008";47962
"Economia";"PIB";"Valor Adicionado Bruto a Preços Correntes Total (Mil Reais)";"Guamá";"São Miguel do Guamá";"-";"2009";53446
"Economia";"PIB";"Valor Adicionado Bruto a Preços Correntes Total (Mil Reais)";"Guamá";"São Miguel do Guamá";"-";"2010";323139,627
"Economia";"PIB";"Valor Adicionado Bruto a Preços Correntes Total (Mil Reais)";"Guamá";"São Miguel do Guamá";"-";"2011";350062,637
"Economia";"PIB";"Valor Adicionado Bruto a Preços Correntes Total (Mil Reais)";"Guamá";"São Miguel do Guamá";"-";"2012";374931,106
"Economia";"PIB";"Valor Adicionado Bruto a Preços Correntes Total (Mil Reais)";"Guamá";"São Miguel do Guamá";"-";"2013";563084,781
"Economia";"PIB";"Valor Adicionado Bruto a Preços Correntes Total (Mil Reais)";"Guamá";"São Miguel do Guamá";"-";"2014";528911,579
"Economia";"PIB";"Valor Adicionado Bruto a Preços Correntes Total (Mil Reais)";"Guamá";"São Miguel do Guamá";"-";"2015";527694
"Economia";"PIB";"Valor Adicionado Bruto a Preços Correntes Total (Mil Reais)";"Guamá";"São Miguel do Guamá";"-";"2016";626668
"Economia";"PIB";"Valor Adicionado Bruto a Preços Correntes Total (Mil Reais)";"Guamá";"São Miguel do Guamá";"-";"2017";635046
"Economia";"PIB";"Valor Adicionado Bruto a Preços Correntes Total (Mil Reais)";"Guamá";"São Miguel do Guamá";"-";"2018";642422,067
"Economia";"PIB";"Valor Adicionado Bruto a Preços Correntes Total (Mil Reais)";"Guamá";"São Miguel do Guamá";"-";"2019";594273,057
"Economia";"PIB";"Valor Adicionado Bruto a Preços Correntes Total (Mil Reais)";"Guamá";"São Miguel do Guamá";"-";"2020";677867,795
"Economia";"PIB";"Valor Adicionado Bruto a Preços Correntes Total (Mil Reais)";"Guamá";"São Miguel do Guamá";"-";"2021";741856,652
"Economia";"PIB";"Valor Adicionado Bruto a Preços Correntes Total (Mil Reais)";"Marajó";"São Sebastião da Boa Vista";"-";"2008";41100
"Economia";"PIB";"Valor Adicionado Bruto a Preços Correntes Total (Mil Reais)";"Marajó";"São Sebastião da Boa Vista";"-";"2009";42376
"Economia";"PIB";"Valor Adicionado Bruto a Preços Correntes Total (Mil Reais)";"Marajó";"São Sebastião da Boa Vista";"-";"2010";95794,012
"Economia";"PIB";"Valor Adicionado Bruto a Preços Correntes Total (Mil Reais)";"Marajó";"São Sebastião da Boa Vista";"-";"2011";117345,986
"Economia";"PIB";"Valor Adicionado Bruto a Preços Correntes Total (Mil Reais)";"Marajó";"São Sebastião da Boa Vista";"-";"2012";128186,884
"Economia";"PIB";"Valor Adicionado Bruto a Preços Correntes Total (Mil Reais)";"Marajó";"São Sebastião da Boa Vista";"-";"2013";149711,517
"Economia";"PIB";"Valor Adicionado Bruto a Preços Correntes Total (Mil Reais)";"Marajó";"São Sebastião da Boa Vista";"-";"2014";160314,134
"Economia";"PIB";"Valor Adicionado Bruto a Preços Correntes Total (Mil Reais)";"Marajó";"São Sebastião da Boa Vista";"-";"2015";165226
"Economia";"PIB";"Valor Adicionado Bruto a Preços Correntes Total (Mil Reais)";"Marajó";"São Sebastião da Boa Vista";"-";"2016";171915
"Economia";"PIB";"Valor Adicionado Bruto a Preços Correntes Total (Mil Reais)";"Marajó";"São Sebastião da Boa Vista";"-";"2017";202213
"Economia";"PIB";"Valor Adicionado Bruto a Preços Correntes Total (Mil Reais)";"Marajó";"São Sebastião da Boa Vista";"-";"2018";204022,455
"Economia";"PIB";"Valor Adicionado Bruto a Preços Correntes Total (Mil Reais)";"Marajó";"São Sebastião da Boa Vista";"-";"2019";200093,844
"Economia";"PIB";"Valor Adicionado Bruto a Preços Correntes Total (Mil Reais)";"Marajó";"São Sebastião da Boa Vista";"-";"2020";222484,813
"Economia";"PIB";"Valor Adicionado Bruto a Preços Correntes Total (Mil Reais)";"Marajó";"São Sebastião da Boa Vista";"-";"2021";238439,611
"Economia";"PIB";"Valor Adicionado Bruto a Preços Correntes Total (Mil Reais)";"Araguaia";"Sapucaia";"-";"2008";47060
"Economia";"PIB";"Valor Adicionado Bruto a Preços Correntes Total (Mil Reais)";"Araguaia";"Sapucaia";"-";"2009";49059
"Economia";"PIB";"Valor Adicionado Bruto a Preços Correntes Total (Mil Reais)";"Araguaia";"Sapucaia";"-";"2010";51168,676
"Economia";"PIB";"Valor Adicionado Bruto a Preços Correntes Total (Mil Reais)";"Araguaia";"Sapucaia";"-";"2011";59191,104
"Economia";"PIB";"Valor Adicionado Bruto a Preços Correntes Total (Mil Reais)";"Araguaia";"Sapucaia";"-";"2012";50924,397
"Economia";"PIB";"Valor Adicionado Bruto a Preços Correntes Total (Mil Reais)";"Araguaia";"Sapucaia";"-";"2013";69982,333
"Economia";"PIB";"Valor Adicionado Bruto a Preços Correntes Total (Mil Reais)";"Araguaia";"Sapucaia";"-";"2014";73766,288
"Economia";"PIB";"Valor Adicionado Bruto a Preços Correntes Total (Mil Reais)";"Araguaia";"Sapucaia";"-";"2015";82399
"Economia";"PIB";"Valor Adicionado Bruto a Preços Correntes Total (Mil Reais)";"Araguaia";"Sapucaia";"-";"2016";89969
"Economia";"PIB";"Valor Adicionado Bruto a Preços Correntes Total (Mil Reais)";"Araguaia";"Sapucaia";"-";"2017";98277
"Economia";"PIB";"Valor Adicionado Bruto a Preços Correntes Total (Mil Reais)";"Araguaia";"Sapucaia";"-";"2018";92558,902
"Economia";"PIB";"Valor Adicionado Bruto a Preços Correntes Total (Mil Reais)";"Araguaia";"Sapucaia";"-";"2019";98217,004
"Economia";"PIB";"Valor Adicionado Bruto a Preços Correntes Total (Mil Reais)";"Araguaia";"Sapucaia";"-";"2020";106728,561
"Economia";"PIB";"Valor Adicionado Bruto a Preços Correntes Total (Mil Reais)";"Araguaia";"Sapucaia";"-";"2021";130950,638
"Economia";"PIB";"Valor Adicionado Bruto a Preços Correntes Total (Mil Reais)";"Xingu";"Senador José Porfírio";"-";"2008";71067
"Economia";"PIB";"Valor Adicionado Bruto a Preços Correntes Total (Mil Reais)";"Xingu";"Senador José Porfírio";"-";"2009";79615
"Economia";"PIB";"Valor Adicionado Bruto a Preços Correntes Total (Mil Reais)";"Xingu";"Senador José Porfírio";"-";"2010";56229,77
"Economia";"PIB";"Valor Adicionado Bruto a Preços Correntes Total (Mil Reais)";"Xingu";"Senador José Porfírio";"-";"2011";64985,669
"Economia";"PIB";"Valor Adicionado Bruto a Preços Correntes Total (Mil Reais)";"Xingu";"Senador José Porfírio";"-";"2012";70692,657
"Economia";"PIB";"Valor Adicionado Bruto a Preços Correntes Total (Mil Reais)";"Xingu";"Senador José Porfírio";"-";"2013";90849,219
"Economia";"PIB";"Valor Adicionado Bruto a Preços Correntes Total (Mil Reais)";"Xingu";"Senador José Porfírio";"-";"2014";94595,367
"Economia";"PIB";"Valor Adicionado Bruto a Preços Correntes Total (Mil Reais)";"Xingu";"Senador José Porfírio";"-";"2015";108519
"Economia";"PIB";"Valor Adicionado Bruto a Preços Correntes Total (Mil Reais)";"Xingu";"Senador José Porfírio";"-";"2016";114710
"Economia";"PIB";"Valor Adicionado Bruto a Preços Correntes Total (Mil Reais)";"Xingu";"Senador José Porfírio";"-";"2017";122120
"Economia";"PIB";"Valor Adicionado Bruto a Preços Correntes Total (Mil Reais)";"Xingu";"Senador José Porfírio";"-";"2018";130354,587
"Economia";"PIB";"Valor Adicionado Bruto a Preços Correntes Total (Mil Reais)";"Xingu";"Senador José Porfírio";"-";"2019";156729,801
"Economia";"PIB";"Valor Adicionado Bruto a Preços Correntes Total (Mil Reais)";"Xingu";"Senador José Porfírio";"-";"2020";192271,161
"Economia";"PIB";"Valor Adicionado Bruto a Preços Correntes Total (Mil Reais)";"Xingu";"Senador José Porfírio";"-";"2021";237235,756
"Economia";"PIB";"Valor Adicionado Bruto a Preços Correntes Total (Mil Reais)";"Marajó";"Soure";"-";"2008";288960
"Economia";"PIB";"Valor Adicionado Bruto a Preços Correntes Total (Mil Reais)";"Marajó";"Soure";"-";"2009";311178
"Economia";"PIB";"Valor Adicionado Bruto a Preços Correntes Total (Mil Reais)";"Marajó";"Soure";"-";"2010";83733,224
"Economia";"PIB";"Valor Adicionado Bruto a Preços Correntes Total (Mil Reais)";"Marajó";"Soure";"-";"2011";94616,079
"Economia";"PIB";"Valor Adicionado Bruto a Preços Correntes Total (Mil Reais)";"Marajó";"Soure";"-";"2012";134569,456
"Economia";"PIB";"Valor Adicionado Bruto a Preços Correntes Total (Mil Reais)";"Marajó";"Soure";"-";"2013";131334,876
"Economia";"PIB";"Valor Adicionado Bruto a Preços Correntes Total (Mil Reais)";"Marajó";"Soure";"-";"2014";142067,863
"Economia";"PIB";"Valor Adicionado Bruto a Preços Correntes Total (Mil Reais)";"Marajó";"Soure";"-";"2015";159765
"Economia";"PIB";"Valor Adicionado Bruto a Preços Correntes Total (Mil Reais)";"Marajó";"Soure";"-";"2016";173311
"Economia";"PIB";"Valor Adicionado Bruto a Preços Correntes Total (Mil Reais)";"Marajó";"Soure";"-";"2017";168700
"Economia";"PIB";"Valor Adicionado Bruto a Preços Correntes Total (Mil Reais)";"Marajó";"Soure";"-";"2018";181329,659
"Economia";"PIB";"Valor Adicionado Bruto a Preços Correntes Total (Mil Reais)";"Marajó";"Soure";"-";"2019";189353,513
"Economia";"PIB";"Valor Adicionado Bruto a Preços Correntes Total (Mil Reais)";"Marajó";"Soure";"-";"2020";208297,159
"Economia";"PIB";"Valor Adicionado Bruto a Preços Correntes Total (Mil Reais)";"Marajó";"Soure";"-";"2021";230786,038
"Economia";"PIB";"Valor Adicionado Bruto a Preços Correntes Total (Mil Reais)";"Tocantins";"Tailândia";"-";"2008";23481
"Economia";"PIB";"Valor Adicionado Bruto a Preços Correntes Total (Mil Reais)";"Tocantins";"Tailândia";"-";"2009";26416
"Economia";"PIB";"Valor Adicionado Bruto a Preços Correntes Total (Mil Reais)";"Tocantins";"Tailândia";"-";"2010";367885,556
"Economia";"PIB";"Valor Adicionado Bruto a Preços Correntes Total (Mil Reais)";"Tocantins";"Tailândia";"-";"2011";427794,57
"Economia";"PIB";"Valor Adicionado Bruto a Preços Correntes Total (Mil Reais)";"Tocantins";"Tailândia";"-";"2012";441373,863
"Economia";"PIB";"Valor Adicionado Bruto a Preços Correntes Total (Mil Reais)";"Tocantins";"Tailândia";"-";"2013";550280,053
"Economia";"PIB";"Valor Adicionado Bruto a Preços Correntes Total (Mil Reais)";"Tocantins";"Tailândia";"-";"2014";661320,23
"Economia";"PIB";"Valor Adicionado Bruto a Preços Correntes Total (Mil Reais)";"Tocantins";"Tailândia";"-";"2015";706080
"Economia";"PIB";"Valor Adicionado Bruto a Preços Correntes Total (Mil Reais)";"Tocantins";"Tailândia";"-";"2016";772736
"Economia";"PIB";"Valor Adicionado Bruto a Preços Correntes Total (Mil Reais)";"Tocantins";"Tailândia";"-";"2017";769280
"Economia";"PIB";"Valor Adicionado Bruto a Preços Correntes Total (Mil Reais)";"Tocantins";"Tailândia";"-";"2018";820002,781
"Economia";"PIB";"Valor Adicionado Bruto a Preços Correntes Total (Mil Reais)";"Tocantins";"Tailândia";"-";"2019";859649,858
"Economia";"PIB";"Valor Adicionado Bruto a Preços Correntes Total (Mil Reais)";"Tocantins";"Tailândia";"-";"2020";964008,519
"Economia";"PIB";"Valor Adicionado Bruto a Preços Correntes Total (Mil Reais)";"Tocantins";"Tailândia";"-";"2021";1121390,983
"Economia";"PIB";"Valor Adicionado Bruto a Preços Correntes Total (Mil Reais)";"Guamá";"Terra Alta";"-";"2008";47147
"Economia";"PIB";"Valor Adicionado Bruto a Preços Correntes Total (Mil Reais)";"Guamá";"Terra Alta";"-";"2009";53895
"Economia";"PIB";"Valor Adicionado Bruto a Preços Correntes Total (Mil Reais)";"Guamá";"Terra Alta";"-";"2010";33926,73
"Economia";"PIB";"Valor Adicionado Bruto a Preços Correntes Total (Mil Reais)";"Guamá";"Terra Alta";"-";"2011";38966,292
"Economia";"PIB";"Valor Adicionado Bruto a Preços Correntes Total (Mil Reais)";"Guamá";"Terra Alta";"-";"2012";39510,371
"Economia";"PIB";"Valor Adicionado Bruto a Preços Correntes Total (Mil Reais)";"Guamá";"Terra Alta";"-";"2013";61014,371
"Economia";"PIB";"Valor Adicionado Bruto a Preços Correntes Total (Mil Reais)";"Guamá";"Terra Alta";"-";"2014";55642,429
"Economia";"PIB";"Valor Adicionado Bruto a Preços Correntes Total (Mil Reais)";"Guamá";"Terra Alta";"-";"2015";60882
"Economia";"PIB";"Valor Adicionado Bruto a Preços Correntes Total (Mil Reais)";"Guamá";"Terra Alta";"-";"2016";66098
"Economia";"PIB";"Valor Adicionado Bruto a Preços Correntes Total (Mil Reais)";"Guamá";"Terra Alta";"-";"2017";69709
"Economia";"PIB";"Valor Adicionado Bruto a Preços Correntes Total (Mil Reais)";"Guamá";"Terra Alta";"-";"2018";68416,086
"Economia";"PIB";"Valor Adicionado Bruto a Preços Correntes Total (Mil Reais)";"Guamá";"Terra Alta";"-";"2019";69084,366
"Economia";"PIB";"Valor Adicionado Bruto a Preços Correntes Total (Mil Reais)";"Guamá";"Terra Alta";"-";"2020";75122,44
"Economia";"PIB";"Valor Adicionado Bruto a Preços Correntes Total (Mil Reais)";"Guamá";"Terra Alta";"-";"2021";80654,851
"Economia";"PIB";"Valor Adicionado Bruto a Preços Correntes Total (Mil Reais)";"Baixo Amazonas";"Terra Santa";"-";"2008";199815
"Economia";"PIB";"Valor Adicionado Bruto a Preços Correntes Total (Mil Reais)";"Baixo Amazonas";"Terra Santa";"-";"2009";214013
"Economia";"PIB";"Valor Adicionado Bruto a Preços Correntes Total (Mil Reais)";"Baixo Amazonas";"Terra Santa";"-";"2010";69888,263
"Economia";"PIB";"Valor Adicionado Bruto a Preços Correntes Total (Mil Reais)";"Baixo Amazonas";"Terra Santa";"-";"2011";72468,976
"Economia";"PIB";"Valor Adicionado Bruto a Preços Correntes Total (Mil Reais)";"Baixo Amazonas";"Terra Santa";"-";"2012";340053,848
"Economia";"PIB";"Valor Adicionado Bruto a Preços Correntes Total (Mil Reais)";"Baixo Amazonas";"Terra Santa";"-";"2013";298165,168
"Economia";"PIB";"Valor Adicionado Bruto a Preços Correntes Total (Mil Reais)";"Baixo Amazonas";"Terra Santa";"-";"2014";393903,22
"Economia";"PIB";"Valor Adicionado Bruto a Preços Correntes Total (Mil Reais)";"Baixo Amazonas";"Terra Santa";"-";"2015";476086
"Economia";"PIB";"Valor Adicionado Bruto a Preços Correntes Total (Mil Reais)";"Baixo Amazonas";"Terra Santa";"-";"2016";449272
"Economia";"PIB";"Valor Adicionado Bruto a Preços Correntes Total (Mil Reais)";"Baixo Amazonas";"Terra Santa";"-";"2017";518195
"Economia";"PIB";"Valor Adicionado Bruto a Preços Correntes Total (Mil Reais)";"Baixo Amazonas";"Terra Santa";"-";"2018";500908,298
"Economia";"PIB";"Valor Adicionado Bruto a Preços Correntes Total (Mil Reais)";"Baixo Amazonas";"Terra Santa";"-";"2019";460182,66
"Economia";"PIB";"Valor Adicionado Bruto a Preços Correntes Total (Mil Reais)";"Baixo Amazonas";"Terra Santa";"-";"2020";421649,151
"Economia";"PIB";"Valor Adicionado Bruto a Preços Correntes Total (Mil Reais)";"Baixo Amazonas";"Terra Santa";"-";"2021";506340,706
"Economia";"PIB";"Valor Adicionado Bruto a Preços Correntes Total (Mil Reais)";"Rio Capim";"Tomé-Açu";"-";"2008";64542
"Economia";"PIB";"Valor Adicionado Bruto a Preços Correntes Total (Mil Reais)";"Rio Capim";"Tomé-Açu";"-";"2009";68271
"Economia";"PIB";"Valor Adicionado Bruto a Preços Correntes Total (Mil Reais)";"Rio Capim";"Tomé-Açu";"-";"2010";315479,493
"Economia";"PIB";"Valor Adicionado Bruto a Preços Correntes Total (Mil Reais)";"Rio Capim";"Tomé-Açu";"-";"2011";369121,889
"Economia";"PIB";"Valor Adicionado Bruto a Preços Correntes Total (Mil Reais)";"Rio Capim";"Tomé-Açu";"-";"2012";400798,225
"Economia";"PIB";"Valor Adicionado Bruto a Preços Correntes Total (Mil Reais)";"Rio Capim";"Tomé-Açu";"-";"2013";437262,151
"Economia";"PIB";"Valor Adicionado Bruto a Preços Correntes Total (Mil Reais)";"Rio Capim";"Tomé-Açu";"-";"2014";485589,873
"Economia";"PIB";"Valor Adicionado Bruto a Preços Correntes Total (Mil Reais)";"Rio Capim";"Tomé-Açu";"-";"2015";520215
"Economia";"PIB";"Valor Adicionado Bruto a Preços Correntes Total (Mil Reais)";"Rio Capim";"Tomé-Açu";"-";"2016";604426
"Economia";"PIB";"Valor Adicionado Bruto a Preços Correntes Total (Mil Reais)";"Rio Capim";"Tomé-Açu";"-";"2017";598927
"Economia";"PIB";"Valor Adicionado Bruto a Preços Correntes Total (Mil Reais)";"Rio Capim";"Tomé-Açu";"-";"2018";621221,843
"Economia";"PIB";"Valor Adicionado Bruto a Preços Correntes Total (Mil Reais)";"Rio Capim";"Tomé-Açu";"-";"2019";653316,868
"Economia";"PIB";"Valor Adicionado Bruto a Preços Correntes Total (Mil Reais)";"Rio Capim";"Tomé-Açu";"-";"2020";737930,276
"Economia";"PIB";"Valor Adicionado Bruto a Preços Correntes Total (Mil Reais)";"Rio Capim";"Tomé-Açu";"-";"2021";935019,201
"Economia";"PIB";"Valor Adicionado Bruto a Preços Correntes Total (Mil Reais)";"Rio Caeté";"Tracuateua";"-";"2008";58529
"Economia";"PIB";"Valor Adicionado Bruto a Preços Correntes Total (Mil Reais)";"Rio Caeté";"Tracuateua";"-";"2009";66610
"Economia";"PIB";"Valor Adicionado Bruto a Preços Correntes Total (Mil Reais)";"Rio Caeté";"Tracuateua";"-";"2010";93839,342
"Economia";"PIB";"Valor Adicionado Bruto a Preços Correntes Total (Mil Reais)";"Rio Caeté";"Tracuateua";"-";"2011";113860,175
"Economia";"PIB";"Valor Adicionado Bruto a Preços Correntes Total (Mil Reais)";"Rio Caeté";"Tracuateua";"-";"2012";131702,798
"Economia";"PIB";"Valor Adicionado Bruto a Preços Correntes Total (Mil Reais)";"Rio Caeté";"Tracuateua";"-";"2013";177838,002
"Economia";"PIB";"Valor Adicionado Bruto a Preços Correntes Total (Mil Reais)";"Rio Caeté";"Tracuateua";"-";"2014";182887,36
"Economia";"PIB";"Valor Adicionado Bruto a Preços Correntes Total (Mil Reais)";"Rio Caeté";"Tracuateua";"-";"2015";183291
"Economia";"PIB";"Valor Adicionado Bruto a Preços Correntes Total (Mil Reais)";"Rio Caeté";"Tracuateua";"-";"2016";226233
"Economia";"PIB";"Valor Adicionado Bruto a Preços Correntes Total (Mil Reais)";"Rio Caeté";"Tracuateua";"-";"2017";242031
"Economia";"PIB";"Valor Adicionado Bruto a Preços Correntes Total (Mil Reais)";"Rio Caeté";"Tracuateua";"-";"2018";209998,274
"Economia";"PIB";"Valor Adicionado Bruto a Preços Correntes Total (Mil Reais)";"Rio Caeté";"Tracuateua";"-";"2019";224394,676
"Economia";"PIB";"Valor Adicionado Bruto a Preços Correntes Total (Mil Reais)";"Rio Caeté";"Tracuateua";"-";"2020";287661,229
"Economia";"PIB";"Valor Adicionado Bruto a Preços Correntes Total (Mil Reais)";"Rio Caeté";"Tracuateua";"-";"2021";278391,491
"Economia";"PIB";"Valor Adicionado Bruto a Preços Correntes Total (Mil Reais)";"Tapajós";"Trairão";"-";"2008";206956
"Economia";"PIB";"Valor Adicionado Bruto a Preços Correntes Total (Mil Reais)";"Tapajós";"Trairão";"-";"2009";220227
"Economia";"PIB";"Valor Adicionado Bruto a Preços Correntes Total (Mil Reais)";"Tapajós";"Trairão";"-";"2010";98983,462
"Economia";"PIB";"Valor Adicionado Bruto a Preços Correntes Total (Mil Reais)";"Tapajós";"Trairão";"-";"2011";126375,34
"Economia";"PIB";"Valor Adicionado Bruto a Preços Correntes Total (Mil Reais)";"Tapajós";"Trairão";"-";"2012";147358,076
"Economia";"PIB";"Valor Adicionado Bruto a Preços Correntes Total (Mil Reais)";"Tapajós";"Trairão";"-";"2013";191456,224
"Economia";"PIB";"Valor Adicionado Bruto a Preços Correntes Total (Mil Reais)";"Tapajós";"Trairão";"-";"2014";202070,334
"Economia";"PIB";"Valor Adicionado Bruto a Preços Correntes Total (Mil Reais)";"Tapajós";"Trairão";"-";"2015";213516
"Economia";"PIB";"Valor Adicionado Bruto a Preços Correntes Total (Mil Reais)";"Tapajós";"Trairão";"-";"2016";293375
"Economia";"PIB";"Valor Adicionado Bruto a Preços Correntes Total (Mil Reais)";"Tapajós";"Trairão";"-";"2017";306882
"Economia";"PIB";"Valor Adicionado Bruto a Preços Correntes Total (Mil Reais)";"Tapajós";"Trairão";"-";"2018";270022,296
"Economia";"PIB";"Valor Adicionado Bruto a Preços Correntes Total (Mil Reais)";"Tapajós";"Trairão";"-";"2019";261685,253
"Economia";"PIB";"Valor Adicionado Bruto a Preços Correntes Total (Mil Reais)";"Tapajós";"Trairão";"-";"2020";256448,16
"Economia";"PIB";"Valor Adicionado Bruto a Preços Correntes Total (Mil Reais)";"Tapajós";"Trairão";"-";"2021";295686,049
"Economia";"PIB";"Valor Adicionado Bruto a Preços Correntes Total (Mil Reais)";"Araguaia";"Tucumã";"-";"2008";2553974
"Economia";"PIB";"Valor Adicionado Bruto a Preços Correntes Total (Mil Reais)";"Araguaia";"Tucumã";"-";"2009";1852518
"Economia";"PIB";"Valor Adicionado Bruto a Preços Correntes Total (Mil Reais)";"Araguaia";"Tucumã";"-";"2010";311415,91
"Economia";"PIB";"Valor Adicionado Bruto a Preços Correntes Total (Mil Reais)";"Araguaia";"Tucumã";"-";"2011";352340,026
"Economia";"PIB";"Valor Adicionado Bruto a Preços Correntes Total (Mil Reais)";"Araguaia";"Tucumã";"-";"2012";424295,557
"Economia";"PIB";"Valor Adicionado Bruto a Preços Correntes Total (Mil Reais)";"Araguaia";"Tucumã";"-";"2013";404770,354
"Economia";"PIB";"Valor Adicionado Bruto a Preços Correntes Total (Mil Reais)";"Araguaia";"Tucumã";"-";"2014";494343,084
"Economia";"PIB";"Valor Adicionado Bruto a Preços Correntes Total (Mil Reais)";"Araguaia";"Tucumã";"-";"2015";569939
"Economia";"PIB";"Valor Adicionado Bruto a Preços Correntes Total (Mil Reais)";"Araguaia";"Tucumã";"-";"2016";623202
"Economia";"PIB";"Valor Adicionado Bruto a Preços Correntes Total (Mil Reais)";"Araguaia";"Tucumã";"-";"2017";659008
"Economia";"PIB";"Valor Adicionado Bruto a Preços Correntes Total (Mil Reais)";"Araguaia";"Tucumã";"-";"2018";669392,056
"Economia";"PIB";"Valor Adicionado Bruto a Preços Correntes Total (Mil Reais)";"Araguaia";"Tucumã";"-";"2019";705848,597
"Economia";"PIB";"Valor Adicionado Bruto a Preços Correntes Total (Mil Reais)";"Araguaia";"Tucumã";"-";"2020";738079,24
"Economia";"PIB";"Valor Adicionado Bruto a Preços Correntes Total (Mil Reais)";"Araguaia";"Tucumã";"-";"2021";839607,505
"Economia";"PIB";"Valor Adicionado Bruto a Preços Correntes Total (Mil Reais)";"Lago de Tucuruí";"Tucuruí";"-";"2008";150035
"Economia";"PIB";"Valor Adicionado Bruto a Preços Correntes Total (Mil Reais)";"Lago de Tucuruí";"Tucuruí";"-";"2009";159228
"Economia";"PIB";"Valor Adicionado Bruto a Preços Correntes Total (Mil Reais)";"Lago de Tucuruí";"Tucuruí";"-";"2010";2493455,16
"Economia";"PIB";"Valor Adicionado Bruto a Preços Correntes Total (Mil Reais)";"Lago de Tucuruí";"Tucuruí";"-";"2011";2722655,656
"Economia";"PIB";"Valor Adicionado Bruto a Preços Correntes Total (Mil Reais)";"Lago de Tucuruí";"Tucuruí";"-";"2012";2837287,508
"Economia";"PIB";"Valor Adicionado Bruto a Preços Correntes Total (Mil Reais)";"Lago de Tucuruí";"Tucuruí";"-";"2013";3578116,305
"Economia";"PIB";"Valor Adicionado Bruto a Preços Correntes Total (Mil Reais)";"Lago de Tucuruí";"Tucuruí";"-";"2014";2857633,163
"Economia";"PIB";"Valor Adicionado Bruto a Preços Correntes Total (Mil Reais)";"Lago de Tucuruí";"Tucuruí";"-";"2015";4310293
"Economia";"PIB";"Valor Adicionado Bruto a Preços Correntes Total (Mil Reais)";"Lago de Tucuruí";"Tucuruí";"-";"2016";4250531
"Economia";"PIB";"Valor Adicionado Bruto a Preços Correntes Total (Mil Reais)";"Lago de Tucuruí";"Tucuruí";"-";"2017";6358873
"Economia";"PIB";"Valor Adicionado Bruto a Preços Correntes Total (Mil Reais)";"Lago de Tucuruí";"Tucuruí";"-";"2018";7377098,55
"Economia";"PIB";"Valor Adicionado Bruto a Preços Correntes Total (Mil Reais)";"Lago de Tucuruí";"Tucuruí";"-";"2019";5185951,043
"Economia";"PIB";"Valor Adicionado Bruto a Preços Correntes Total (Mil Reais)";"Lago de Tucuruí";"Tucuruí";"-";"2020";4448942,08
"Economia";"PIB";"Valor Adicionado Bruto a Preços Correntes Total (Mil Reais)";"Lago de Tucuruí";"Tucuruí";"-";"2021";5460993,81
"Economia";"PIB";"Valor Adicionado Bruto a Preços Correntes Total (Mil Reais)";"Rio Capim";"Ulianópolis";"-";"2008";167373
"Economia";"PIB";"Valor Adicionado Bruto a Preços Correntes Total (Mil Reais)";"Rio Capim";"Ulianópolis";"-";"2009";173090
"Economia";"PIB";"Valor Adicionado Bruto a Preços Correntes Total (Mil Reais)";"Rio Capim";"Ulianópolis";"-";"2010";525969,104
"Economia";"PIB";"Valor Adicionado Bruto a Preços Correntes Total (Mil Reais)";"Rio Capim";"Ulianópolis";"-";"2011";781246,917
"Economia";"PIB";"Valor Adicionado Bruto a Preços Correntes Total (Mil Reais)";"Rio Capim";"Ulianópolis";"-";"2012";798752,707
"Economia";"PIB";"Valor Adicionado Bruto a Preços Correntes Total (Mil Reais)";"Rio Capim";"Ulianópolis";"-";"2013";1313843,912
"Economia";"PIB";"Valor Adicionado Bruto a Preços Correntes Total (Mil Reais)";"Rio Capim";"Ulianópolis";"-";"2014";1177939,748
"Economia";"PIB";"Valor Adicionado Bruto a Preços Correntes Total (Mil Reais)";"Rio Capim";"Ulianópolis";"-";"2015";1297924
"Economia";"PIB";"Valor Adicionado Bruto a Preços Correntes Total (Mil Reais)";"Rio Capim";"Ulianópolis";"-";"2016";1265070
"Economia";"PIB";"Valor Adicionado Bruto a Preços Correntes Total (Mil Reais)";"Rio Capim";"Ulianópolis";"-";"2017";1207256
"Economia";"PIB";"Valor Adicionado Bruto a Preços Correntes Total (Mil Reais)";"Rio Capim";"Ulianópolis";"-";"2018";1291737,409
"Economia";"PIB";"Valor Adicionado Bruto a Preços Correntes Total (Mil Reais)";"Rio Capim";"Ulianópolis";"-";"2019";1547136,844
"Economia";"PIB";"Valor Adicionado Bruto a Preços Correntes Total (Mil Reais)";"Rio Capim";"Ulianópolis";"-";"2020";1810040,927
"Economia";"PIB";"Valor Adicionado Bruto a Preços Correntes Total (Mil Reais)";"Rio Capim";"Ulianópolis";"-";"2021";1940586,472
"Economia";"PIB";"Valor Adicionado Bruto a Preços Correntes Total (Mil Reais)";"Xingu";"Uruará";"-";"2008";132900
"Economia";"PIB";"Valor Adicionado Bruto a Preços Correntes Total (Mil Reais)";"Xingu";"Uruará";"-";"2009";156669
"Economia";"PIB";"Valor Adicionado Bruto a Preços Correntes Total (Mil Reais)";"Xingu";"Uruará";"-";"2010";281745,672
"Economia";"PIB";"Valor Adicionado Bruto a Preços Correntes Total (Mil Reais)";"Xingu";"Uruará";"-";"2011";309257,021
"Economia";"PIB";"Valor Adicionado Bruto a Preços Correntes Total (Mil Reais)";"Xingu";"Uruará";"-";"2012";313562,804
"Economia";"PIB";"Valor Adicionado Bruto a Preços Correntes Total (Mil Reais)";"Xingu";"Uruará";"-";"2013";342692,48
"Economia";"PIB";"Valor Adicionado Bruto a Preços Correntes Total (Mil Reais)";"Xingu";"Uruará";"-";"2014";440407,396
"Economia";"PIB";"Valor Adicionado Bruto a Preços Correntes Total (Mil Reais)";"Xingu";"Uruará";"-";"2015";470154
"Economia";"PIB";"Valor Adicionado Bruto a Preços Correntes Total (Mil Reais)";"Xingu";"Uruará";"-";"2016";477098
"Economia";"PIB";"Valor Adicionado Bruto a Preços Correntes Total (Mil Reais)";"Xingu";"Uruará";"-";"2017";483110
"Economia";"PIB";"Valor Adicionado Bruto a Preços Correntes Total (Mil Reais)";"Xingu";"Uruará";"-";"2018";513364,689
"Economia";"PIB";"Valor Adicionado Bruto a Preços Correntes Total (Mil Reais)";"Xingu";"Uruará";"-";"2019";566755,097
"Economia";"PIB";"Valor Adicionado Bruto a Preços Correntes Total (Mil Reais)";"Xingu";"Uruará";"-";"2020";676965,278
"Economia";"PIB";"Valor Adicionado Bruto a Preços Correntes Total (Mil Reais)";"Xingu";"Uruará";"-";"2021";722833,841
"Economia";"PIB";"Valor Adicionado Bruto a Preços Correntes Total (Mil Reais)";"Guamá";"Vigia";"-";"2008";139508
"Economia";"PIB";"Valor Adicionado Bruto a Preços Correntes Total (Mil Reais)";"Guamá";"Vigia";"-";"2009";156132
"Economia";"PIB";"Valor Adicionado Bruto a Preços Correntes Total (Mil Reais)";"Guamá";"Vigia";"-";"2010";171468,737
"Economia";"PIB";"Valor Adicionado Bruto a Preços Correntes Total (Mil Reais)";"Guamá";"Vigia";"-";"2011";207332,683
"Economia";"PIB";"Valor Adicionado Bruto a Preços Correntes Total (Mil Reais)";"Guamá";"Vigia";"-";"2012";238538,967
"Economia";"PIB";"Valor Adicionado Bruto a Preços Correntes Total (Mil Reais)";"Guamá";"Vigia";"-";"2013";267465,722
"Economia";"PIB";"Valor Adicionado Bruto a Preços Correntes Total (Mil Reais)";"Guamá";"Vigia";"-";"2014";306210,024
"Economia";"PIB";"Valor Adicionado Bruto a Preços Correntes Total (Mil Reais)";"Guamá";"Vigia";"-";"2015";334053
"Economia";"PIB";"Valor Adicionado Bruto a Preços Correntes Total (Mil Reais)";"Guamá";"Vigia";"-";"2016";347300
"Economia";"PIB";"Valor Adicionado Bruto a Preços Correntes Total (Mil Reais)";"Guamá";"Vigia";"-";"2017";355421
"Economia";"PIB";"Valor Adicionado Bruto a Preços Correntes Total (Mil Reais)";"Guamá";"Vigia";"-";"2018";364269,028
"Economia";"PIB";"Valor Adicionado Bruto a Preços Correntes Total (Mil Reais)";"Guamá";"Vigia";"-";"2019";367175,578
"Economia";"PIB";"Valor Adicionado Bruto a Preços Correntes Total (Mil Reais)";"Guamá";"Vigia";"-";"2020";393834,849
"Economia";"PIB";"Valor Adicionado Bruto a Preços Correntes Total (Mil Reais)";"Guamá";"Vigia";"-";"2021";446224,757
"Economia";"PIB";"Valor Adicionado Bruto a Preços Correntes Total (Mil Reais)";"Rio Caeté";"Viseu";"-";"2008";64381
"Economia";"PIB";"Valor Adicionado Bruto a Preços Correntes Total (Mil Reais)";"Rio Caeté";"Viseu";"-";"2009";67511
"Economia";"PIB";"Valor Adicionado Bruto a Preços Correntes Total (Mil Reais)";"Rio Caeté";"Viseu";"-";"2010";232273,796
"Economia";"PIB";"Valor Adicionado Bruto a Preços Correntes Total (Mil Reais)";"Rio Caeté";"Viseu";"-";"2011";275841,916
"Economia";"PIB";"Valor Adicionado Bruto a Preços Correntes Total (Mil Reais)";"Rio Caeté";"Viseu";"-";"2012";316317,407
"Economia";"PIB";"Valor Adicionado Bruto a Preços Correntes Total (Mil Reais)";"Rio Caeté";"Viseu";"-";"2013";421680,871
"Economia";"PIB";"Valor Adicionado Bruto a Preços Correntes Total (Mil Reais)";"Rio Caeté";"Viseu";"-";"2014";403313,765
"Economia";"PIB";"Valor Adicionado Bruto a Preços Correntes Total (Mil Reais)";"Rio Caeté";"Viseu";"-";"2015";423027
"Economia";"PIB";"Valor Adicionado Bruto a Preços Correntes Total (Mil Reais)";"Rio Caeté";"Viseu";"-";"2016";650703
"Economia";"PIB";"Valor Adicionado Bruto a Preços Correntes Total (Mil Reais)";"Rio Caeté";"Viseu";"-";"2017";598070
"Economia";"PIB";"Valor Adicionado Bruto a Preços Correntes Total (Mil Reais)";"Rio Caeté";"Viseu";"-";"2018";474009,324
"Economia";"PIB";"Valor Adicionado Bruto a Preços Correntes Total (Mil Reais)";"Rio Caeté";"Viseu";"-";"2019";474872,875
"Economia";"PIB";"Valor Adicionado Bruto a Preços Correntes Total (Mil Reais)";"Rio Caeté";"Viseu";"-";"2020";602530,078
"Economia";"PIB";"Valor Adicionado Bruto a Preços Correntes Total (Mil Reais)";"Rio Caeté";"Viseu";"-";"2021";601774,198
"Economia";"PIB";"Valor Adicionado Bruto a Preços Correntes Total (Mil Reais)";"Xingu";"Vitória do Xingu";"-";"2008";329961
"Economia";"PIB";"Valor Adicionado Bruto a Preços Correntes Total (Mil Reais)";"Xingu";"Vitória do Xingu";"-";"2009";377924
"Economia";"PIB";"Valor Adicionado Bruto a Preços Correntes Total (Mil Reais)";"Xingu";"Vitória do Xingu";"-";"2010";90313,83
"Economia";"PIB";"Valor Adicionado Bruto a Preços Correntes Total (Mil Reais)";"Xingu";"Vitória do Xingu";"-";"2011";108888,658
"Economia";"PIB";"Valor Adicionado Bruto a Preços Correntes Total (Mil Reais)";"Xingu";"Vitória do Xingu";"-";"2012";143515,53
"Economia";"PIB";"Valor Adicionado Bruto a Preços Correntes Total (Mil Reais)";"Xingu";"Vitória do Xingu";"-";"2013";230848,817
"Economia";"PIB";"Valor Adicionado Bruto a Preços Correntes Total (Mil Reais)";"Xingu";"Vitória do Xingu";"-";"2014";324114,826
"Economia";"PIB";"Valor Adicionado Bruto a Preços Correntes Total (Mil Reais)";"Xingu";"Vitória do Xingu";"-";"2015";615041
"Economia";"PIB";"Valor Adicionado Bruto a Preços Correntes Total (Mil Reais)";"Xingu";"Vitória do Xingu";"-";"2016";844813
"Economia";"PIB";"Valor Adicionado Bruto a Preços Correntes Total (Mil Reais)";"Xingu";"Vitória do Xingu";"-";"2017";3000657
"Economia";"PIB";"Valor Adicionado Bruto a Preços Correntes Total (Mil Reais)";"Xingu";"Vitória do Xingu";"-";"2018";4314759,003
"Economia";"PIB";"Valor Adicionado Bruto a Preços Correntes Total (Mil Reais)";"Xingu";"Vitória do Xingu";"-";"2019";4008250,873
"Economia";"PIB";"Valor Adicionado Bruto a Preços Correntes Total (Mil Reais)";"Xingu";"Vitória do Xingu";"-";"2020";3794919,649
"Economia";"PIB";"Valor Adicionado Bruto a Preços Correntes Total (Mil Reais)";"Xingu";"Vitória do Xingu";"-";"2021";4198749,427
"Economia";"PIB";"Valor Adicionado Bruto a Preços Correntes Total (Mil Reais)";"Araguaia";"Xinguara";"-";"2008";445033,908
"Economia";"PIB";"Valor Adicionado Bruto a Preços Correntes Total (Mil Reais)";"Araguaia";"Xinguara";"-";"2009";515113,213
"Economia";"PIB";"Valor Adicionado Bruto a Preços Correntes Total (Mil Reais)";"Araguaia";"Xinguara";"-";"2010";507501,865
"Economia";"PIB";"Valor Adicionado Bruto a Preços Correntes Total (Mil Reais)";"Araguaia";"Xinguara";"-";"2011";615556,917
"Economia";"PIB";"Valor Adicionado Bruto a Preços Correntes Total (Mil Reais)";"Araguaia";"Xinguara";"-";"2012";741805,047
"Economia";"PIB";"Valor Adicionado Bruto a Preços Correntes Total (Mil Reais)";"Araguaia";"Xinguara";"-";"2013";911553
"Economia";"PIB";"Valor Adicionado Bruto a Preços Correntes Total (Mil Reais)";"Araguaia";"Xinguara";"-";"2014";983255
"Economia";"PIB";"Valor Adicionado Bruto a Preços Correntes Total (Mil Reais)";"Araguaia";"Xinguara";"-";"2015";1034322
"Economia";"PIB";"Valor Adicionado Bruto a Preços Correntes Total (Mil Reais)";"Araguaia";"Xinguara";"-";"2016";981702,637
"Economia";"PIB";"Valor Adicionado Bruto a Preços Correntes Total (Mil Reais)";"Araguaia";"Xinguara";"-";"2017";1077875,261
"Economia";"PIB";"Valor Adicionado Bruto a Preços Correntes Total (Mil Reais)";"Araguaia";"Xinguara";"-";"2018";1161790,8
"Economia";"PIB";"Valor Adicionado Bruto a Preços Correntes Total (Mil Reais)";"Araguaia";"Xinguara";"-";"2019";0
"Economia";"PIB";"Valor Adicionado Bruto a Preços Correntes Total (Mil Reais)";"Araguaia";"Xinguara";"-";"2020";0
"Economia";"PIB";"Valor Adicionado Bruto a Preços Correntes Total (Mil Reais)";"Araguaia";"Xinguara";"-";"2021";1305057,212
