"tematica";"subtema";"indicador";"ri";"localidade";"categoria";"ano";"valor"
"Social";"Mercado de Trabalho";"Vínculos Empregatícios Total no Emprego Formal";"Pará";"Pará";"-";"2009";870869
"Social";"Mercado de Trabalho";"Vínculos Empregatícios Total no Emprego Formal";"Pará";"Pará";"-";"2010";951235
"Social";"Mercado de Trabalho";"Vínculos Empregatícios Total no Emprego Formal";"Pará";"Pará";"-";"2011";1037089
"Social";"Mercado de Trabalho";"Vínculos Empregatícios Total no Emprego Formal";"Pará";"Pará";"-";"2012";1052344
"Social";"Mercado de Trabalho";"Vínculos Empregatícios Total no Emprego Formal";"Pará";"Pará";"-";"2013";1125536
"Social";"Mercado de Trabalho";"Vínculos Empregatícios Total no Emprego Formal";"Pará";"Pará";"-";"2014";1148221
"Social";"Mercado de Trabalho";"Vínculos Empregatícios Total no Emprego Formal";"Pará";"Pará";"-";"2015";1125629
"Social";"Mercado de Trabalho";"Vínculos Empregatícios Total no Emprego Formal";"Pará";"Pará";"-";"2016";1053271
"Social";"Mercado de Trabalho";"Vínculos Empregatícios Total no Emprego Formal";"Pará";"Pará";"-";"2017";1068818
"Social";"Mercado de Trabalho";"Vínculos Empregatícios Total no Emprego Formal";"Pará";"Pará";"-";"2018";1085546
"Social";"Mercado de Trabalho";"Vínculos Empregatícios Total no Emprego Formal";"Pará";"Pará";"-";"2019";1081969
"Social";"Mercado de Trabalho";"Vínculos Empregatícios Total no Emprego Formal";"Pará";"Pará";"-";"2020";1081037
"Social";"Mercado de Trabalho";"Vínculos Empregatícios Total no Emprego Formal";"Pará";"Pará";"-";"2021";1167171
"Social";"Mercado de Trabalho";"Vínculos Empregatícios Total no Emprego Formal";"Pará";"Pará";"-";"2022";1278058
"Social";"Mercado de Trabalho";"Vínculos Empregatícios Total no Emprego Formal";"Pará";"Pará";"-";"2023";926913
"Social";"Mercado de Trabalho";"Vínculos Empregatícios Total no Emprego Formal";"Tocantins";"Abaetetuba";"-";"2009";6445
"Social";"Mercado de Trabalho";"Vínculos Empregatícios Total no Emprego Formal";"Tocantins";"Abaetetuba";"-";"2010";6565
"Social";"Mercado de Trabalho";"Vínculos Empregatícios Total no Emprego Formal";"Tocantins";"Abaetetuba";"-";"2011";7955
"Social";"Mercado de Trabalho";"Vínculos Empregatícios Total no Emprego Formal";"Tocantins";"Abaetetuba";"-";"2012";9535
"Social";"Mercado de Trabalho";"Vínculos Empregatícios Total no Emprego Formal";"Tocantins";"Abaetetuba";"-";"2013";9867
"Social";"Mercado de Trabalho";"Vínculos Empregatícios Total no Emprego Formal";"Tocantins";"Abaetetuba";"-";"2014";10289
"Social";"Mercado de Trabalho";"Vínculos Empregatícios Total no Emprego Formal";"Tocantins";"Abaetetuba";"-";"2015";9764
"Social";"Mercado de Trabalho";"Vínculos Empregatícios Total no Emprego Formal";"Tocantins";"Abaetetuba";"-";"2016";9374
"Social";"Mercado de Trabalho";"Vínculos Empregatícios Total no Emprego Formal";"Tocantins";"Abaetetuba";"-";"2017";11529
"Social";"Mercado de Trabalho";"Vínculos Empregatícios Total no Emprego Formal";"Tocantins";"Abaetetuba";"-";"2018";10497
"Social";"Mercado de Trabalho";"Vínculos Empregatícios Total no Emprego Formal";"Tocantins";"Abaetetuba";"-";"2019";9772
"Social";"Mercado de Trabalho";"Vínculos Empregatícios Total no Emprego Formal";"Tocantins";"Abaetetuba";"-";"2020";9744
"Social";"Mercado de Trabalho";"Vínculos Empregatícios Total no Emprego Formal";"Tocantins";"Abaetetuba";"-";"2021";12143
"Social";"Mercado de Trabalho";"Vínculos Empregatícios Total no Emprego Formal";"Tocantins";"Abaetetuba";"-";"2022";13804
"Social";"Mercado de Trabalho";"Vínculos Empregatícios Total no Emprego Formal";"Tocantins";"Abaetetuba";"-";"2023";7797
"Social";"Mercado de Trabalho";"Vínculos Empregatícios Total no Emprego Formal";"Rio Capim";"Abel Figueiredo";"-";"2009";570
"Social";"Mercado de Trabalho";"Vínculos Empregatícios Total no Emprego Formal";"Rio Capim";"Abel Figueiredo";"-";"2010";559
"Social";"Mercado de Trabalho";"Vínculos Empregatícios Total no Emprego Formal";"Rio Capim";"Abel Figueiredo";"-";"2011";659
"Social";"Mercado de Trabalho";"Vínculos Empregatícios Total no Emprego Formal";"Rio Capim";"Abel Figueiredo";"-";"2012";586
"Social";"Mercado de Trabalho";"Vínculos Empregatícios Total no Emprego Formal";"Rio Capim";"Abel Figueiredo";"-";"2013";727
"Social";"Mercado de Trabalho";"Vínculos Empregatícios Total no Emprego Formal";"Rio Capim";"Abel Figueiredo";"-";"2014";637
"Social";"Mercado de Trabalho";"Vínculos Empregatícios Total no Emprego Formal";"Rio Capim";"Abel Figueiredo";"-";"2015";652
"Social";"Mercado de Trabalho";"Vínculos Empregatícios Total no Emprego Formal";"Rio Capim";"Abel Figueiredo";"-";"2016";570
"Social";"Mercado de Trabalho";"Vínculos Empregatícios Total no Emprego Formal";"Rio Capim";"Abel Figueiredo";"-";"2017";605
"Social";"Mercado de Trabalho";"Vínculos Empregatícios Total no Emprego Formal";"Rio Capim";"Abel Figueiredo";"-";"2018";739
"Social";"Mercado de Trabalho";"Vínculos Empregatícios Total no Emprego Formal";"Rio Capim";"Abel Figueiredo";"-";"2019";736
"Social";"Mercado de Trabalho";"Vínculos Empregatícios Total no Emprego Formal";"Rio Capim";"Abel Figueiredo";"-";"2020";591
"Social";"Mercado de Trabalho";"Vínculos Empregatícios Total no Emprego Formal";"Rio Capim";"Abel Figueiredo";"-";"2021";639
"Social";"Mercado de Trabalho";"Vínculos Empregatícios Total no Emprego Formal";"Rio Capim";"Abel Figueiredo";"-";"2022";701
"Social";"Mercado de Trabalho";"Vínculos Empregatícios Total no Emprego Formal";"Rio Capim";"Abel Figueiredo";"-";"2023";395
"Social";"Mercado de Trabalho";"Vínculos Empregatícios Total no Emprego Formal";"Tocantins";"Acará";"-";"2009";3582
"Social";"Mercado de Trabalho";"Vínculos Empregatícios Total no Emprego Formal";"Tocantins";"Acará";"-";"2010";4406
"Social";"Mercado de Trabalho";"Vínculos Empregatícios Total no Emprego Formal";"Tocantins";"Acará";"-";"2011";3766
"Social";"Mercado de Trabalho";"Vínculos Empregatícios Total no Emprego Formal";"Tocantins";"Acará";"-";"2012";4001
"Social";"Mercado de Trabalho";"Vínculos Empregatícios Total no Emprego Formal";"Tocantins";"Acará";"-";"2013";2903
"Social";"Mercado de Trabalho";"Vínculos Empregatícios Total no Emprego Formal";"Tocantins";"Acará";"-";"2014";4727
"Social";"Mercado de Trabalho";"Vínculos Empregatícios Total no Emprego Formal";"Tocantins";"Acará";"-";"2015";4144
"Social";"Mercado de Trabalho";"Vínculos Empregatícios Total no Emprego Formal";"Tocantins";"Acará";"-";"2016";3905
"Social";"Mercado de Trabalho";"Vínculos Empregatícios Total no Emprego Formal";"Tocantins";"Acará";"-";"2017";4279
"Social";"Mercado de Trabalho";"Vínculos Empregatícios Total no Emprego Formal";"Tocantins";"Acará";"-";"2018";4421
"Social";"Mercado de Trabalho";"Vínculos Empregatícios Total no Emprego Formal";"Tocantins";"Acará";"-";"2019";4159
"Social";"Mercado de Trabalho";"Vínculos Empregatícios Total no Emprego Formal";"Tocantins";"Acará";"-";"2020";5256
"Social";"Mercado de Trabalho";"Vínculos Empregatícios Total no Emprego Formal";"Tocantins";"Acará";"-";"2021";4660
"Social";"Mercado de Trabalho";"Vínculos Empregatícios Total no Emprego Formal";"Tocantins";"Acará";"-";"2022";6110
"Social";"Mercado de Trabalho";"Vínculos Empregatícios Total no Emprego Formal";"Tocantins";"Acará";"-";"2023";2623
"Social";"Mercado de Trabalho";"Vínculos Empregatícios Total no Emprego Formal";"Marajó";"Afuá";"-";"2009";1734
"Social";"Mercado de Trabalho";"Vínculos Empregatícios Total no Emprego Formal";"Marajó";"Afuá";"-";"2010";1766
"Social";"Mercado de Trabalho";"Vínculos Empregatícios Total no Emprego Formal";"Marajó";"Afuá";"-";"2011";2196
"Social";"Mercado de Trabalho";"Vínculos Empregatícios Total no Emprego Formal";"Marajó";"Afuá";"-";"2012";2300
"Social";"Mercado de Trabalho";"Vínculos Empregatícios Total no Emprego Formal";"Marajó";"Afuá";"-";"2013";2541
"Social";"Mercado de Trabalho";"Vínculos Empregatícios Total no Emprego Formal";"Marajó";"Afuá";"-";"2014";2315
"Social";"Mercado de Trabalho";"Vínculos Empregatícios Total no Emprego Formal";"Marajó";"Afuá";"-";"2015";2165
"Social";"Mercado de Trabalho";"Vínculos Empregatícios Total no Emprego Formal";"Marajó";"Afuá";"-";"2016";2177
"Social";"Mercado de Trabalho";"Vínculos Empregatícios Total no Emprego Formal";"Marajó";"Afuá";"-";"2017";2453
"Social";"Mercado de Trabalho";"Vínculos Empregatícios Total no Emprego Formal";"Marajó";"Afuá";"-";"2018";2425
"Social";"Mercado de Trabalho";"Vínculos Empregatícios Total no Emprego Formal";"Marajó";"Afuá";"-";"2019";2469
"Social";"Mercado de Trabalho";"Vínculos Empregatícios Total no Emprego Formal";"Marajó";"Afuá";"-";"2020";1725
"Social";"Mercado de Trabalho";"Vínculos Empregatícios Total no Emprego Formal";"Marajó";"Afuá";"-";"2021";1969
"Social";"Mercado de Trabalho";"Vínculos Empregatícios Total no Emprego Formal";"Marajó";"Afuá";"-";"2022";1922
"Social";"Mercado de Trabalho";"Vínculos Empregatícios Total no Emprego Formal";"Marajó";"Afuá";"-";"2023";342
"Social";"Mercado de Trabalho";"Vínculos Empregatícios Total no Emprego Formal";"Araguaia";"Água Azul do Norte";"-";"2009";1275
"Social";"Mercado de Trabalho";"Vínculos Empregatícios Total no Emprego Formal";"Araguaia";"Água Azul do Norte";"-";"2010";1304
"Social";"Mercado de Trabalho";"Vínculos Empregatícios Total no Emprego Formal";"Araguaia";"Água Azul do Norte";"-";"2011";1424
"Social";"Mercado de Trabalho";"Vínculos Empregatícios Total no Emprego Formal";"Araguaia";"Água Azul do Norte";"-";"2012";1548
"Social";"Mercado de Trabalho";"Vínculos Empregatícios Total no Emprego Formal";"Araguaia";"Água Azul do Norte";"-";"2013";1917
"Social";"Mercado de Trabalho";"Vínculos Empregatícios Total no Emprego Formal";"Araguaia";"Água Azul do Norte";"-";"2014";2144
"Social";"Mercado de Trabalho";"Vínculos Empregatícios Total no Emprego Formal";"Araguaia";"Água Azul do Norte";"-";"2015";1910
"Social";"Mercado de Trabalho";"Vínculos Empregatícios Total no Emprego Formal";"Araguaia";"Água Azul do Norte";"-";"2016";2167
"Social";"Mercado de Trabalho";"Vínculos Empregatícios Total no Emprego Formal";"Araguaia";"Água Azul do Norte";"-";"2017";2048
"Social";"Mercado de Trabalho";"Vínculos Empregatícios Total no Emprego Formal";"Araguaia";"Água Azul do Norte";"-";"2018";1714
"Social";"Mercado de Trabalho";"Vínculos Empregatícios Total no Emprego Formal";"Araguaia";"Água Azul do Norte";"-";"2019";2119
"Social";"Mercado de Trabalho";"Vínculos Empregatícios Total no Emprego Formal";"Araguaia";"Água Azul do Norte";"-";"2020";1906
"Social";"Mercado de Trabalho";"Vínculos Empregatícios Total no Emprego Formal";"Araguaia";"Água Azul do Norte";"-";"2021";2329
"Social";"Mercado de Trabalho";"Vínculos Empregatícios Total no Emprego Formal";"Araguaia";"Água Azul do Norte";"-";"2022";2983
"Social";"Mercado de Trabalho";"Vínculos Empregatícios Total no Emprego Formal";"Araguaia";"Água Azul do Norte";"-";"2023";3090
"Social";"Mercado de Trabalho";"Vínculos Empregatícios Total no Emprego Formal";"Baixo Amazonas";"Alenquer";"-";"2009";2216
"Social";"Mercado de Trabalho";"Vínculos Empregatícios Total no Emprego Formal";"Baixo Amazonas";"Alenquer";"-";"2010";2997
"Social";"Mercado de Trabalho";"Vínculos Empregatícios Total no Emprego Formal";"Baixo Amazonas";"Alenquer";"-";"2011";758
"Social";"Mercado de Trabalho";"Vínculos Empregatícios Total no Emprego Formal";"Baixo Amazonas";"Alenquer";"-";"2012";1878
"Social";"Mercado de Trabalho";"Vínculos Empregatícios Total no Emprego Formal";"Baixo Amazonas";"Alenquer";"-";"2013";840
"Social";"Mercado de Trabalho";"Vínculos Empregatícios Total no Emprego Formal";"Baixo Amazonas";"Alenquer";"-";"2014";2763
"Social";"Mercado de Trabalho";"Vínculos Empregatícios Total no Emprego Formal";"Baixo Amazonas";"Alenquer";"-";"2015";2714
"Social";"Mercado de Trabalho";"Vínculos Empregatícios Total no Emprego Formal";"Baixo Amazonas";"Alenquer";"-";"2016";2439
"Social";"Mercado de Trabalho";"Vínculos Empregatícios Total no Emprego Formal";"Baixo Amazonas";"Alenquer";"-";"2017";2971
"Social";"Mercado de Trabalho";"Vínculos Empregatícios Total no Emprego Formal";"Baixo Amazonas";"Alenquer";"-";"2018";2814
"Social";"Mercado de Trabalho";"Vínculos Empregatícios Total no Emprego Formal";"Baixo Amazonas";"Alenquer";"-";"2019";2844
"Social";"Mercado de Trabalho";"Vínculos Empregatícios Total no Emprego Formal";"Baixo Amazonas";"Alenquer";"-";"2020";2406
"Social";"Mercado de Trabalho";"Vínculos Empregatícios Total no Emprego Formal";"Baixo Amazonas";"Alenquer";"-";"2021";2637
"Social";"Mercado de Trabalho";"Vínculos Empregatícios Total no Emprego Formal";"Baixo Amazonas";"Alenquer";"-";"2022";3041
"Social";"Mercado de Trabalho";"Vínculos Empregatícios Total no Emprego Formal";"Baixo Amazonas";"Alenquer";"-";"2023";1004
"Social";"Mercado de Trabalho";"Vínculos Empregatícios Total no Emprego Formal";"Baixo Amazonas";"Almeirim";"-";"2009";7193
"Social";"Mercado de Trabalho";"Vínculos Empregatícios Total no Emprego Formal";"Baixo Amazonas";"Almeirim";"-";"2010";7889
"Social";"Mercado de Trabalho";"Vínculos Empregatícios Total no Emprego Formal";"Baixo Amazonas";"Almeirim";"-";"2011";8578
"Social";"Mercado de Trabalho";"Vínculos Empregatícios Total no Emprego Formal";"Baixo Amazonas";"Almeirim";"-";"2012";8520
"Social";"Mercado de Trabalho";"Vínculos Empregatícios Total no Emprego Formal";"Baixo Amazonas";"Almeirim";"-";"2013";7453
"Social";"Mercado de Trabalho";"Vínculos Empregatícios Total no Emprego Formal";"Baixo Amazonas";"Almeirim";"-";"2014";5972
"Social";"Mercado de Trabalho";"Vínculos Empregatícios Total no Emprego Formal";"Baixo Amazonas";"Almeirim";"-";"2015";5273
"Social";"Mercado de Trabalho";"Vínculos Empregatícios Total no Emprego Formal";"Baixo Amazonas";"Almeirim";"-";"2016";4808
"Social";"Mercado de Trabalho";"Vínculos Empregatícios Total no Emprego Formal";"Baixo Amazonas";"Almeirim";"-";"2017";4004
"Social";"Mercado de Trabalho";"Vínculos Empregatícios Total no Emprego Formal";"Baixo Amazonas";"Almeirim";"-";"2018";3916
"Social";"Mercado de Trabalho";"Vínculos Empregatícios Total no Emprego Formal";"Baixo Amazonas";"Almeirim";"-";"2019";3406
"Social";"Mercado de Trabalho";"Vínculos Empregatícios Total no Emprego Formal";"Baixo Amazonas";"Almeirim";"-";"2020";3589
"Social";"Mercado de Trabalho";"Vínculos Empregatícios Total no Emprego Formal";"Baixo Amazonas";"Almeirim";"-";"2021";4188
"Social";"Mercado de Trabalho";"Vínculos Empregatícios Total no Emprego Formal";"Baixo Amazonas";"Almeirim";"-";"2022";3955
"Social";"Mercado de Trabalho";"Vínculos Empregatícios Total no Emprego Formal";"Baixo Amazonas";"Almeirim";"-";"2023";1839
"Social";"Mercado de Trabalho";"Vínculos Empregatícios Total no Emprego Formal";"Xingu";"Altamira";"-";"2009";9246
"Social";"Mercado de Trabalho";"Vínculos Empregatícios Total no Emprego Formal";"Xingu";"Altamira";"-";"2010";10178
"Social";"Mercado de Trabalho";"Vínculos Empregatícios Total no Emprego Formal";"Xingu";"Altamira";"-";"2011";17293
"Social";"Mercado de Trabalho";"Vínculos Empregatícios Total no Emprego Formal";"Xingu";"Altamira";"-";"2012";27689
"Social";"Mercado de Trabalho";"Vínculos Empregatícios Total no Emprego Formal";"Xingu";"Altamira";"-";"2013";42512
"Social";"Mercado de Trabalho";"Vínculos Empregatícios Total no Emprego Formal";"Xingu";"Altamira";"-";"2014";47154
"Social";"Mercado de Trabalho";"Vínculos Empregatícios Total no Emprego Formal";"Xingu";"Altamira";"-";"2015";30910
"Social";"Mercado de Trabalho";"Vínculos Empregatícios Total no Emprego Formal";"Xingu";"Altamira";"-";"2016";18806
"Social";"Mercado de Trabalho";"Vínculos Empregatícios Total no Emprego Formal";"Xingu";"Altamira";"-";"2017";15589
"Social";"Mercado de Trabalho";"Vínculos Empregatícios Total no Emprego Formal";"Xingu";"Altamira";"-";"2018";16409
"Social";"Mercado de Trabalho";"Vínculos Empregatícios Total no Emprego Formal";"Xingu";"Altamira";"-";"2019";15345
"Social";"Mercado de Trabalho";"Vínculos Empregatícios Total no Emprego Formal";"Xingu";"Altamira";"-";"2020";13845
"Social";"Mercado de Trabalho";"Vínculos Empregatícios Total no Emprego Formal";"Xingu";"Altamira";"-";"2021";15211
"Social";"Mercado de Trabalho";"Vínculos Empregatícios Total no Emprego Formal";"Xingu";"Altamira";"-";"2022";16330
"Social";"Mercado de Trabalho";"Vínculos Empregatícios Total no Emprego Formal";"Xingu";"Altamira";"-";"2023";14164
"Social";"Mercado de Trabalho";"Vínculos Empregatícios Total no Emprego Formal";"Marajó";"Anajás";"-";"2009";53
"Social";"Mercado de Trabalho";"Vínculos Empregatícios Total no Emprego Formal";"Marajó";"Anajás";"-";"2010";878
"Social";"Mercado de Trabalho";"Vínculos Empregatícios Total no Emprego Formal";"Marajó";"Anajás";"-";"2011";1342
"Social";"Mercado de Trabalho";"Vínculos Empregatícios Total no Emprego Formal";"Marajó";"Anajás";"-";"2012";1324
"Social";"Mercado de Trabalho";"Vínculos Empregatícios Total no Emprego Formal";"Marajó";"Anajás";"-";"2013";1759
"Social";"Mercado de Trabalho";"Vínculos Empregatícios Total no Emprego Formal";"Marajó";"Anajás";"-";"2014";992
"Social";"Mercado de Trabalho";"Vínculos Empregatícios Total no Emprego Formal";"Marajó";"Anajás";"-";"2015";1224
"Social";"Mercado de Trabalho";"Vínculos Empregatícios Total no Emprego Formal";"Marajó";"Anajás";"-";"2016";137
"Social";"Mercado de Trabalho";"Vínculos Empregatícios Total no Emprego Formal";"Marajó";"Anajás";"-";"2017";1223
"Social";"Mercado de Trabalho";"Vínculos Empregatícios Total no Emprego Formal";"Marajó";"Anajás";"-";"2018";1291
"Social";"Mercado de Trabalho";"Vínculos Empregatícios Total no Emprego Formal";"Marajó";"Anajás";"-";"2019";1242
"Social";"Mercado de Trabalho";"Vínculos Empregatícios Total no Emprego Formal";"Marajó";"Anajás";"-";"2020";1125
"Social";"Mercado de Trabalho";"Vínculos Empregatícios Total no Emprego Formal";"Marajó";"Anajás";"-";"2021";1553
"Social";"Mercado de Trabalho";"Vínculos Empregatícios Total no Emprego Formal";"Marajó";"Anajás";"-";"2022";1227
"Social";"Mercado de Trabalho";"Vínculos Empregatícios Total no Emprego Formal";"Marajó";"Anajás";"-";"2023";173
"Social";"Mercado de Trabalho";"Vínculos Empregatícios Total no Emprego Formal";"Guajará";"Ananindeua";"-";"2009";51800
"Social";"Mercado de Trabalho";"Vínculos Empregatícios Total no Emprego Formal";"Guajará";"Ananindeua";"-";"2010";56418
"Social";"Mercado de Trabalho";"Vínculos Empregatícios Total no Emprego Formal";"Guajará";"Ananindeua";"-";"2011";60651
"Social";"Mercado de Trabalho";"Vínculos Empregatícios Total no Emprego Formal";"Guajará";"Ananindeua";"-";"2012";62144
"Social";"Mercado de Trabalho";"Vínculos Empregatícios Total no Emprego Formal";"Guajará";"Ananindeua";"-";"2013";62552
"Social";"Mercado de Trabalho";"Vínculos Empregatícios Total no Emprego Formal";"Guajará";"Ananindeua";"-";"2014";71548
"Social";"Mercado de Trabalho";"Vínculos Empregatícios Total no Emprego Formal";"Guajará";"Ananindeua";"-";"2015";66636
"Social";"Mercado de Trabalho";"Vínculos Empregatícios Total no Emprego Formal";"Guajará";"Ananindeua";"-";"2016";63549
"Social";"Mercado de Trabalho";"Vínculos Empregatícios Total no Emprego Formal";"Guajará";"Ananindeua";"-";"2017";64764
"Social";"Mercado de Trabalho";"Vínculos Empregatícios Total no Emprego Formal";"Guajará";"Ananindeua";"-";"2018";65320
"Social";"Mercado de Trabalho";"Vínculos Empregatícios Total no Emprego Formal";"Guajará";"Ananindeua";"-";"2019";66576
"Social";"Mercado de Trabalho";"Vínculos Empregatícios Total no Emprego Formal";"Guajará";"Ananindeua";"-";"2020";69403
"Social";"Mercado de Trabalho";"Vínculos Empregatícios Total no Emprego Formal";"Guajará";"Ananindeua";"-";"2021";70945
"Social";"Mercado de Trabalho";"Vínculos Empregatícios Total no Emprego Formal";"Guajará";"Ananindeua";"-";"2022";78164
"Social";"Mercado de Trabalho";"Vínculos Empregatícios Total no Emprego Formal";"Guajará";"Ananindeua";"-";"2023";69369
"Social";"Mercado de Trabalho";"Vínculos Empregatícios Total no Emprego Formal";"Xingu";"Anapu";"-";"2009";929
"Social";"Mercado de Trabalho";"Vínculos Empregatícios Total no Emprego Formal";"Xingu";"Anapu";"-";"2010";1025
"Social";"Mercado de Trabalho";"Vínculos Empregatícios Total no Emprego Formal";"Xingu";"Anapu";"-";"2011";1432
"Social";"Mercado de Trabalho";"Vínculos Empregatícios Total no Emprego Formal";"Xingu";"Anapu";"-";"2012";1818
"Social";"Mercado de Trabalho";"Vínculos Empregatícios Total no Emprego Formal";"Xingu";"Anapu";"-";"2013";1966
"Social";"Mercado de Trabalho";"Vínculos Empregatícios Total no Emprego Formal";"Xingu";"Anapu";"-";"2014";1660
"Social";"Mercado de Trabalho";"Vínculos Empregatícios Total no Emprego Formal";"Xingu";"Anapu";"-";"2015";1511
"Social";"Mercado de Trabalho";"Vínculos Empregatícios Total no Emprego Formal";"Xingu";"Anapu";"-";"2016";1574
"Social";"Mercado de Trabalho";"Vínculos Empregatícios Total no Emprego Formal";"Xingu";"Anapu";"-";"2017";1731
"Social";"Mercado de Trabalho";"Vínculos Empregatícios Total no Emprego Formal";"Xingu";"Anapu";"-";"2018";1500
"Social";"Mercado de Trabalho";"Vínculos Empregatícios Total no Emprego Formal";"Xingu";"Anapu";"-";"2019";1515
"Social";"Mercado de Trabalho";"Vínculos Empregatícios Total no Emprego Formal";"Xingu";"Anapu";"-";"2020";1430
"Social";"Mercado de Trabalho";"Vínculos Empregatícios Total no Emprego Formal";"Xingu";"Anapu";"-";"2021";1628
"Social";"Mercado de Trabalho";"Vínculos Empregatícios Total no Emprego Formal";"Xingu";"Anapu";"-";"2022";2572
"Social";"Mercado de Trabalho";"Vínculos Empregatícios Total no Emprego Formal";"Xingu";"Anapu";"-";"2023";1239
"Social";"Mercado de Trabalho";"Vínculos Empregatícios Total no Emprego Formal";"Rio Caeté";"Augusto Corrêa";"-";"2009";1500
"Social";"Mercado de Trabalho";"Vínculos Empregatícios Total no Emprego Formal";"Rio Caeté";"Augusto Corrêa";"-";"2010";115
"Social";"Mercado de Trabalho";"Vínculos Empregatícios Total no Emprego Formal";"Rio Caeté";"Augusto Corrêa";"-";"2011";1809
"Social";"Mercado de Trabalho";"Vínculos Empregatícios Total no Emprego Formal";"Rio Caeté";"Augusto Corrêa";"-";"2012";1670
"Social";"Mercado de Trabalho";"Vínculos Empregatícios Total no Emprego Formal";"Rio Caeté";"Augusto Corrêa";"-";"2013";2296
"Social";"Mercado de Trabalho";"Vínculos Empregatícios Total no Emprego Formal";"Rio Caeté";"Augusto Corrêa";"-";"2014";2120
"Social";"Mercado de Trabalho";"Vínculos Empregatícios Total no Emprego Formal";"Rio Caeté";"Augusto Corrêa";"-";"2015";2334
"Social";"Mercado de Trabalho";"Vínculos Empregatícios Total no Emprego Formal";"Rio Caeté";"Augusto Corrêa";"-";"2016";1488
"Social";"Mercado de Trabalho";"Vínculos Empregatícios Total no Emprego Formal";"Rio Caeté";"Augusto Corrêa";"-";"2017";1941
"Social";"Mercado de Trabalho";"Vínculos Empregatícios Total no Emprego Formal";"Rio Caeté";"Augusto Corrêa";"-";"2018";2554
"Social";"Mercado de Trabalho";"Vínculos Empregatícios Total no Emprego Formal";"Rio Caeté";"Augusto Corrêa";"-";"2019";2544
"Social";"Mercado de Trabalho";"Vínculos Empregatícios Total no Emprego Formal";"Rio Caeté";"Augusto Corrêa";"-";"2020";1462
"Social";"Mercado de Trabalho";"Vínculos Empregatícios Total no Emprego Formal";"Rio Caeté";"Augusto Corrêa";"-";"2021";2811
"Social";"Mercado de Trabalho";"Vínculos Empregatícios Total no Emprego Formal";"Rio Caeté";"Augusto Corrêa";"-";"2022";3047
"Social";"Mercado de Trabalho";"Vínculos Empregatícios Total no Emprego Formal";"Rio Caeté";"Augusto Corrêa";"-";"2023";284
"Social";"Mercado de Trabalho";"Vínculos Empregatícios Total no Emprego Formal";"Rio Capim";"Aurora do Pará";"-";"2009";1026
"Social";"Mercado de Trabalho";"Vínculos Empregatícios Total no Emprego Formal";"Rio Capim";"Aurora do Pará";"-";"2010";1134
"Social";"Mercado de Trabalho";"Vínculos Empregatícios Total no Emprego Formal";"Rio Capim";"Aurora do Pará";"-";"2011";1238
"Social";"Mercado de Trabalho";"Vínculos Empregatícios Total no Emprego Formal";"Rio Capim";"Aurora do Pará";"-";"2012";1200
"Social";"Mercado de Trabalho";"Vínculos Empregatícios Total no Emprego Formal";"Rio Capim";"Aurora do Pará";"-";"2013";1874
"Social";"Mercado de Trabalho";"Vínculos Empregatícios Total no Emprego Formal";"Rio Capim";"Aurora do Pará";"-";"2014";1848
"Social";"Mercado de Trabalho";"Vínculos Empregatícios Total no Emprego Formal";"Rio Capim";"Aurora do Pará";"-";"2015";1887
"Social";"Mercado de Trabalho";"Vínculos Empregatícios Total no Emprego Formal";"Rio Capim";"Aurora do Pará";"-";"2016";1859
"Social";"Mercado de Trabalho";"Vínculos Empregatícios Total no Emprego Formal";"Rio Capim";"Aurora do Pará";"-";"2017";1659
"Social";"Mercado de Trabalho";"Vínculos Empregatícios Total no Emprego Formal";"Rio Capim";"Aurora do Pará";"-";"2018";1608
"Social";"Mercado de Trabalho";"Vínculos Empregatícios Total no Emprego Formal";"Rio Capim";"Aurora do Pará";"-";"2019";1311
"Social";"Mercado de Trabalho";"Vínculos Empregatícios Total no Emprego Formal";"Rio Capim";"Aurora do Pará";"-";"2020";1229
"Social";"Mercado de Trabalho";"Vínculos Empregatícios Total no Emprego Formal";"Rio Capim";"Aurora do Pará";"-";"2021";1336
"Social";"Mercado de Trabalho";"Vínculos Empregatícios Total no Emprego Formal";"Rio Capim";"Aurora do Pará";"-";"2022";1596
"Social";"Mercado de Trabalho";"Vínculos Empregatícios Total no Emprego Formal";"Rio Capim";"Aurora do Pará";"-";"2023";408
"Social";"Mercado de Trabalho";"Vínculos Empregatícios Total no Emprego Formal";"Tapajós";"Aveiro";"-";"2009";918
"Social";"Mercado de Trabalho";"Vínculos Empregatícios Total no Emprego Formal";"Tapajós";"Aveiro";"-";"2010";840
"Social";"Mercado de Trabalho";"Vínculos Empregatícios Total no Emprego Formal";"Tapajós";"Aveiro";"-";"2011";800
"Social";"Mercado de Trabalho";"Vínculos Empregatícios Total no Emprego Formal";"Tapajós";"Aveiro";"-";"2012";959
"Social";"Mercado de Trabalho";"Vínculos Empregatícios Total no Emprego Formal";"Tapajós";"Aveiro";"-";"2013";762
"Social";"Mercado de Trabalho";"Vínculos Empregatícios Total no Emprego Formal";"Tapajós";"Aveiro";"-";"2014";772
"Social";"Mercado de Trabalho";"Vínculos Empregatícios Total no Emprego Formal";"Tapajós";"Aveiro";"-";"2015";749
"Social";"Mercado de Trabalho";"Vínculos Empregatícios Total no Emprego Formal";"Tapajós";"Aveiro";"-";"2016";702
"Social";"Mercado de Trabalho";"Vínculos Empregatícios Total no Emprego Formal";"Tapajós";"Aveiro";"-";"2017";345
"Social";"Mercado de Trabalho";"Vínculos Empregatícios Total no Emprego Formal";"Tapajós";"Aveiro";"-";"2018";733
"Social";"Mercado de Trabalho";"Vínculos Empregatícios Total no Emprego Formal";"Tapajós";"Aveiro";"-";"2019";734
"Social";"Mercado de Trabalho";"Vínculos Empregatícios Total no Emprego Formal";"Tapajós";"Aveiro";"-";"2020";653
"Social";"Mercado de Trabalho";"Vínculos Empregatícios Total no Emprego Formal";"Tapajós";"Aveiro";"-";"2021";743
"Social";"Mercado de Trabalho";"Vínculos Empregatícios Total no Emprego Formal";"Tapajós";"Aveiro";"-";"2022";723
"Social";"Mercado de Trabalho";"Vínculos Empregatícios Total no Emprego Formal";"Tapajós";"Aveiro";"-";"2023";131
"Social";"Mercado de Trabalho";"Vínculos Empregatícios Total no Emprego Formal";"Marajó";"Bagre";"-";"2009";272
"Social";"Mercado de Trabalho";"Vínculos Empregatícios Total no Emprego Formal";"Marajó";"Bagre";"-";"2010";302
"Social";"Mercado de Trabalho";"Vínculos Empregatícios Total no Emprego Formal";"Marajó";"Bagre";"-";"2011";320
"Social";"Mercado de Trabalho";"Vínculos Empregatícios Total no Emprego Formal";"Marajó";"Bagre";"-";"2012";358
"Social";"Mercado de Trabalho";"Vínculos Empregatícios Total no Emprego Formal";"Marajó";"Bagre";"-";"2013";409
"Social";"Mercado de Trabalho";"Vínculos Empregatícios Total no Emprego Formal";"Marajó";"Bagre";"-";"2014";493
"Social";"Mercado de Trabalho";"Vínculos Empregatícios Total no Emprego Formal";"Marajó";"Bagre";"-";"2015";543
"Social";"Mercado de Trabalho";"Vínculos Empregatícios Total no Emprego Formal";"Marajó";"Bagre";"-";"2016";613
"Social";"Mercado de Trabalho";"Vínculos Empregatícios Total no Emprego Formal";"Marajó";"Bagre";"-";"2017";622
"Social";"Mercado de Trabalho";"Vínculos Empregatícios Total no Emprego Formal";"Marajó";"Bagre";"-";"2018";678
"Social";"Mercado de Trabalho";"Vínculos Empregatícios Total no Emprego Formal";"Marajó";"Bagre";"-";"2019";697
"Social";"Mercado de Trabalho";"Vínculos Empregatícios Total no Emprego Formal";"Marajó";"Bagre";"-";"2020";757
"Social";"Mercado de Trabalho";"Vínculos Empregatícios Total no Emprego Formal";"Marajó";"Bagre";"-";"2021";783
"Social";"Mercado de Trabalho";"Vínculos Empregatícios Total no Emprego Formal";"Marajó";"Bagre";"-";"2022";858
"Social";"Mercado de Trabalho";"Vínculos Empregatícios Total no Emprego Formal";"Marajó";"Bagre";"-";"2023";108
"Social";"Mercado de Trabalho";"Vínculos Empregatícios Total no Emprego Formal";"Tocantins";"Baião";"-";"2009";1711
"Social";"Mercado de Trabalho";"Vínculos Empregatícios Total no Emprego Formal";"Tocantins";"Baião";"-";"2010";1669
"Social";"Mercado de Trabalho";"Vínculos Empregatícios Total no Emprego Formal";"Tocantins";"Baião";"-";"2011";1542
"Social";"Mercado de Trabalho";"Vínculos Empregatícios Total no Emprego Formal";"Tocantins";"Baião";"-";"2012";1856
"Social";"Mercado de Trabalho";"Vínculos Empregatícios Total no Emprego Formal";"Tocantins";"Baião";"-";"2013";2262
"Social";"Mercado de Trabalho";"Vínculos Empregatícios Total no Emprego Formal";"Tocantins";"Baião";"-";"2014";2173
"Social";"Mercado de Trabalho";"Vínculos Empregatícios Total no Emprego Formal";"Tocantins";"Baião";"-";"2015";2019
"Social";"Mercado de Trabalho";"Vínculos Empregatícios Total no Emprego Formal";"Tocantins";"Baião";"-";"2016";1602
"Social";"Mercado de Trabalho";"Vínculos Empregatícios Total no Emprego Formal";"Tocantins";"Baião";"-";"2017";1868
"Social";"Mercado de Trabalho";"Vínculos Empregatícios Total no Emprego Formal";"Tocantins";"Baião";"-";"2018";1685
"Social";"Mercado de Trabalho";"Vínculos Empregatícios Total no Emprego Formal";"Tocantins";"Baião";"-";"2019";1645
"Social";"Mercado de Trabalho";"Vínculos Empregatícios Total no Emprego Formal";"Tocantins";"Baião";"-";"2020";1523
"Social";"Mercado de Trabalho";"Vínculos Empregatícios Total no Emprego Formal";"Tocantins";"Baião";"-";"2021";1576
"Social";"Mercado de Trabalho";"Vínculos Empregatícios Total no Emprego Formal";"Tocantins";"Baião";"-";"2022";1655
"Social";"Mercado de Trabalho";"Vínculos Empregatícios Total no Emprego Formal";"Tocantins";"Baião";"-";"2023";284
"Social";"Mercado de Trabalho";"Vínculos Empregatícios Total no Emprego Formal";"Araguaia";"Bannach";"-";"2009";446
"Social";"Mercado de Trabalho";"Vínculos Empregatícios Total no Emprego Formal";"Araguaia";"Bannach";"-";"2010";452
"Social";"Mercado de Trabalho";"Vínculos Empregatícios Total no Emprego Formal";"Araguaia";"Bannach";"-";"2011";461
"Social";"Mercado de Trabalho";"Vínculos Empregatícios Total no Emprego Formal";"Araguaia";"Bannach";"-";"2012";491
"Social";"Mercado de Trabalho";"Vínculos Empregatícios Total no Emprego Formal";"Araguaia";"Bannach";"-";"2013";473
"Social";"Mercado de Trabalho";"Vínculos Empregatícios Total no Emprego Formal";"Araguaia";"Bannach";"-";"2014";505
"Social";"Mercado de Trabalho";"Vínculos Empregatícios Total no Emprego Formal";"Araguaia";"Bannach";"-";"2015";502
"Social";"Mercado de Trabalho";"Vínculos Empregatícios Total no Emprego Formal";"Araguaia";"Bannach";"-";"2016";554
"Social";"Mercado de Trabalho";"Vínculos Empregatícios Total no Emprego Formal";"Araguaia";"Bannach";"-";"2017";564
"Social";"Mercado de Trabalho";"Vínculos Empregatícios Total no Emprego Formal";"Araguaia";"Bannach";"-";"2018";547
"Social";"Mercado de Trabalho";"Vínculos Empregatícios Total no Emprego Formal";"Araguaia";"Bannach";"-";"2019";562
"Social";"Mercado de Trabalho";"Vínculos Empregatícios Total no Emprego Formal";"Araguaia";"Bannach";"-";"2020";477
"Social";"Mercado de Trabalho";"Vínculos Empregatícios Total no Emprego Formal";"Araguaia";"Bannach";"-";"2021";533
"Social";"Mercado de Trabalho";"Vínculos Empregatícios Total no Emprego Formal";"Araguaia";"Bannach";"-";"2022";610
"Social";"Mercado de Trabalho";"Vínculos Empregatícios Total no Emprego Formal";"Araguaia";"Bannach";"-";"2023";495
"Social";"Mercado de Trabalho";"Vínculos Empregatícios Total no Emprego Formal";"Tocantins";"Barcarena";"-";"2009";12225
"Social";"Mercado de Trabalho";"Vínculos Empregatícios Total no Emprego Formal";"Tocantins";"Barcarena";"-";"2010";17337
"Social";"Mercado de Trabalho";"Vínculos Empregatícios Total no Emprego Formal";"Tocantins";"Barcarena";"-";"2011";21426
"Social";"Mercado de Trabalho";"Vínculos Empregatícios Total no Emprego Formal";"Tocantins";"Barcarena";"-";"2012";19995
"Social";"Mercado de Trabalho";"Vínculos Empregatícios Total no Emprego Formal";"Tocantins";"Barcarena";"-";"2013";20577
"Social";"Mercado de Trabalho";"Vínculos Empregatícios Total no Emprego Formal";"Tocantins";"Barcarena";"-";"2014";20964
"Social";"Mercado de Trabalho";"Vínculos Empregatícios Total no Emprego Formal";"Tocantins";"Barcarena";"-";"2015";23437
"Social";"Mercado de Trabalho";"Vínculos Empregatícios Total no Emprego Formal";"Tocantins";"Barcarena";"-";"2016";21878
"Social";"Mercado de Trabalho";"Vínculos Empregatícios Total no Emprego Formal";"Tocantins";"Barcarena";"-";"2017";23108
"Social";"Mercado de Trabalho";"Vínculos Empregatícios Total no Emprego Formal";"Tocantins";"Barcarena";"-";"2018";27498
"Social";"Mercado de Trabalho";"Vínculos Empregatícios Total no Emprego Formal";"Tocantins";"Barcarena";"-";"2019";26539
"Social";"Mercado de Trabalho";"Vínculos Empregatícios Total no Emprego Formal";"Tocantins";"Barcarena";"-";"2020";27151
"Social";"Mercado de Trabalho";"Vínculos Empregatícios Total no Emprego Formal";"Tocantins";"Barcarena";"-";"2021";29412
"Social";"Mercado de Trabalho";"Vínculos Empregatícios Total no Emprego Formal";"Tocantins";"Barcarena";"-";"2022";32818
"Social";"Mercado de Trabalho";"Vínculos Empregatícios Total no Emprego Formal";"Tocantins";"Barcarena";"-";"2023";29962
"Social";"Mercado de Trabalho";"Vínculos Empregatícios Total no Emprego Formal";"Guajará";"Belém";"-";"2009";357645
"Social";"Mercado de Trabalho";"Vínculos Empregatícios Total no Emprego Formal";"Guajará";"Belém";"-";"2010";391168
"Social";"Mercado de Trabalho";"Vínculos Empregatícios Total no Emprego Formal";"Guajará";"Belém";"-";"2011";420023
"Social";"Mercado de Trabalho";"Vínculos Empregatícios Total no Emprego Formal";"Guajará";"Belém";"-";"2012";409942
"Social";"Mercado de Trabalho";"Vínculos Empregatícios Total no Emprego Formal";"Guajará";"Belém";"-";"2013";439501
"Social";"Mercado de Trabalho";"Vínculos Empregatícios Total no Emprego Formal";"Guajará";"Belém";"-";"2014";423896
"Social";"Mercado de Trabalho";"Vínculos Empregatícios Total no Emprego Formal";"Guajará";"Belém";"-";"2015";416999
"Social";"Mercado de Trabalho";"Vínculos Empregatícios Total no Emprego Formal";"Guajará";"Belém";"-";"2016";408053
"Social";"Mercado de Trabalho";"Vínculos Empregatícios Total no Emprego Formal";"Guajará";"Belém";"-";"2017";398223
"Social";"Mercado de Trabalho";"Vínculos Empregatícios Total no Emprego Formal";"Guajará";"Belém";"-";"2018";409277
"Social";"Mercado de Trabalho";"Vínculos Empregatícios Total no Emprego Formal";"Guajará";"Belém";"-";"2019";396699
"Social";"Mercado de Trabalho";"Vínculos Empregatícios Total no Emprego Formal";"Guajará";"Belém";"-";"2020";398714
"Social";"Mercado de Trabalho";"Vínculos Empregatícios Total no Emprego Formal";"Guajará";"Belém";"-";"2021";404718
"Social";"Mercado de Trabalho";"Vínculos Empregatícios Total no Emprego Formal";"Guajará";"Belém";"-";"2022";433899
"Social";"Mercado de Trabalho";"Vínculos Empregatícios Total no Emprego Formal";"Guajará";"Belém";"-";"2023";283236
"Social";"Mercado de Trabalho";"Vínculos Empregatícios Total no Emprego Formal";"Baixo Amazonas";"Belterra";"-";"2009";155
"Social";"Mercado de Trabalho";"Vínculos Empregatícios Total no Emprego Formal";"Baixo Amazonas";"Belterra";"-";"2010";941
"Social";"Mercado de Trabalho";"Vínculos Empregatícios Total no Emprego Formal";"Baixo Amazonas";"Belterra";"-";"2011";1183
"Social";"Mercado de Trabalho";"Vínculos Empregatícios Total no Emprego Formal";"Baixo Amazonas";"Belterra";"-";"2012";396
"Social";"Mercado de Trabalho";"Vínculos Empregatícios Total no Emprego Formal";"Baixo Amazonas";"Belterra";"-";"2013";1093
"Social";"Mercado de Trabalho";"Vínculos Empregatícios Total no Emprego Formal";"Baixo Amazonas";"Belterra";"-";"2014";1210
"Social";"Mercado de Trabalho";"Vínculos Empregatícios Total no Emprego Formal";"Baixo Amazonas";"Belterra";"-";"2015";1272
"Social";"Mercado de Trabalho";"Vínculos Empregatícios Total no Emprego Formal";"Baixo Amazonas";"Belterra";"-";"2016";1329
"Social";"Mercado de Trabalho";"Vínculos Empregatícios Total no Emprego Formal";"Baixo Amazonas";"Belterra";"-";"2017";1348
"Social";"Mercado de Trabalho";"Vínculos Empregatícios Total no Emprego Formal";"Baixo Amazonas";"Belterra";"-";"2018";1319
"Social";"Mercado de Trabalho";"Vínculos Empregatícios Total no Emprego Formal";"Baixo Amazonas";"Belterra";"-";"2019";1460
"Social";"Mercado de Trabalho";"Vínculos Empregatícios Total no Emprego Formal";"Baixo Amazonas";"Belterra";"-";"2020";1466
"Social";"Mercado de Trabalho";"Vínculos Empregatícios Total no Emprego Formal";"Baixo Amazonas";"Belterra";"-";"2021";1663
"Social";"Mercado de Trabalho";"Vínculos Empregatícios Total no Emprego Formal";"Baixo Amazonas";"Belterra";"-";"2022";1791
"Social";"Mercado de Trabalho";"Vínculos Empregatícios Total no Emprego Formal";"Baixo Amazonas";"Belterra";"-";"2023";826
"Social";"Mercado de Trabalho";"Vínculos Empregatícios Total no Emprego Formal";"Guajará";"Benevides";"-";"2009";4990
"Social";"Mercado de Trabalho";"Vínculos Empregatícios Total no Emprego Formal";"Guajará";"Benevides";"-";"2010";6263
"Social";"Mercado de Trabalho";"Vínculos Empregatícios Total no Emprego Formal";"Guajará";"Benevides";"-";"2011";6229
"Social";"Mercado de Trabalho";"Vínculos Empregatícios Total no Emprego Formal";"Guajará";"Benevides";"-";"2012";5781
"Social";"Mercado de Trabalho";"Vínculos Empregatícios Total no Emprego Formal";"Guajará";"Benevides";"-";"2013";8516
"Social";"Mercado de Trabalho";"Vínculos Empregatícios Total no Emprego Formal";"Guajará";"Benevides";"-";"2014";8742
"Social";"Mercado de Trabalho";"Vínculos Empregatícios Total no Emprego Formal";"Guajará";"Benevides";"-";"2015";9846
"Social";"Mercado de Trabalho";"Vínculos Empregatícios Total no Emprego Formal";"Guajará";"Benevides";"-";"2016";7749
"Social";"Mercado de Trabalho";"Vínculos Empregatícios Total no Emprego Formal";"Guajará";"Benevides";"-";"2017";9782
"Social";"Mercado de Trabalho";"Vínculos Empregatícios Total no Emprego Formal";"Guajará";"Benevides";"-";"2018";9980
"Social";"Mercado de Trabalho";"Vínculos Empregatícios Total no Emprego Formal";"Guajará";"Benevides";"-";"2019";9906
"Social";"Mercado de Trabalho";"Vínculos Empregatícios Total no Emprego Formal";"Guajará";"Benevides";"-";"2020";9387
"Social";"Mercado de Trabalho";"Vínculos Empregatícios Total no Emprego Formal";"Guajará";"Benevides";"-";"2021";12269
"Social";"Mercado de Trabalho";"Vínculos Empregatícios Total no Emprego Formal";"Guajará";"Benevides";"-";"2022";12164
"Social";"Mercado de Trabalho";"Vínculos Empregatícios Total no Emprego Formal";"Guajará";"Benevides";"-";"2023";12086
"Social";"Mercado de Trabalho";"Vínculos Empregatícios Total no Emprego Formal";"Carajás";"Bom Jesus do Tocantins";"-";"2009";1158
"Social";"Mercado de Trabalho";"Vínculos Empregatícios Total no Emprego Formal";"Carajás";"Bom Jesus do Tocantins";"-";"2010";1824
"Social";"Mercado de Trabalho";"Vínculos Empregatícios Total no Emprego Formal";"Carajás";"Bom Jesus do Tocantins";"-";"2011";1085
"Social";"Mercado de Trabalho";"Vínculos Empregatícios Total no Emprego Formal";"Carajás";"Bom Jesus do Tocantins";"-";"2012";967
"Social";"Mercado de Trabalho";"Vínculos Empregatícios Total no Emprego Formal";"Carajás";"Bom Jesus do Tocantins";"-";"2013";1138
"Social";"Mercado de Trabalho";"Vínculos Empregatícios Total no Emprego Formal";"Carajás";"Bom Jesus do Tocantins";"-";"2014";1151
"Social";"Mercado de Trabalho";"Vínculos Empregatícios Total no Emprego Formal";"Carajás";"Bom Jesus do Tocantins";"-";"2015";1232
"Social";"Mercado de Trabalho";"Vínculos Empregatícios Total no Emprego Formal";"Carajás";"Bom Jesus do Tocantins";"-";"2016";1185
"Social";"Mercado de Trabalho";"Vínculos Empregatícios Total no Emprego Formal";"Carajás";"Bom Jesus do Tocantins";"-";"2017";1196
"Social";"Mercado de Trabalho";"Vínculos Empregatícios Total no Emprego Formal";"Carajás";"Bom Jesus do Tocantins";"-";"2018";1275
"Social";"Mercado de Trabalho";"Vínculos Empregatícios Total no Emprego Formal";"Carajás";"Bom Jesus do Tocantins";"-";"2019";1191
"Social";"Mercado de Trabalho";"Vínculos Empregatícios Total no Emprego Formal";"Carajás";"Bom Jesus do Tocantins";"-";"2020";943
"Social";"Mercado de Trabalho";"Vínculos Empregatícios Total no Emprego Formal";"Carajás";"Bom Jesus do Tocantins";"-";"2021";813
"Social";"Mercado de Trabalho";"Vínculos Empregatícios Total no Emprego Formal";"Carajás";"Bom Jesus do Tocantins";"-";"2022";1311
"Social";"Mercado de Trabalho";"Vínculos Empregatícios Total no Emprego Formal";"Carajás";"Bom Jesus do Tocantins";"-";"2023";850
"Social";"Mercado de Trabalho";"Vínculos Empregatícios Total no Emprego Formal";"Rio Caeté";"Bonito";"-";"2009";779
"Social";"Mercado de Trabalho";"Vínculos Empregatícios Total no Emprego Formal";"Rio Caeté";"Bonito";"-";"2010";875
"Social";"Mercado de Trabalho";"Vínculos Empregatícios Total no Emprego Formal";"Rio Caeté";"Bonito";"-";"2011";1060
"Social";"Mercado de Trabalho";"Vínculos Empregatícios Total no Emprego Formal";"Rio Caeté";"Bonito";"-";"2012";1214
"Social";"Mercado de Trabalho";"Vínculos Empregatícios Total no Emprego Formal";"Rio Caeté";"Bonito";"-";"2013";1226
"Social";"Mercado de Trabalho";"Vínculos Empregatícios Total no Emprego Formal";"Rio Caeté";"Bonito";"-";"2014";1789
"Social";"Mercado de Trabalho";"Vínculos Empregatícios Total no Emprego Formal";"Rio Caeté";"Bonito";"-";"2015";1709
"Social";"Mercado de Trabalho";"Vínculos Empregatícios Total no Emprego Formal";"Rio Caeté";"Bonito";"-";"2016";1505
"Social";"Mercado de Trabalho";"Vínculos Empregatícios Total no Emprego Formal";"Rio Caeté";"Bonito";"-";"2017";1612
"Social";"Mercado de Trabalho";"Vínculos Empregatícios Total no Emprego Formal";"Rio Caeté";"Bonito";"-";"2018";1972
"Social";"Mercado de Trabalho";"Vínculos Empregatícios Total no Emprego Formal";"Rio Caeté";"Bonito";"-";"2019";1923
"Social";"Mercado de Trabalho";"Vínculos Empregatícios Total no Emprego Formal";"Rio Caeté";"Bonito";"-";"2020";2019
"Social";"Mercado de Trabalho";"Vínculos Empregatícios Total no Emprego Formal";"Rio Caeté";"Bonito";"-";"2021";2263
"Social";"Mercado de Trabalho";"Vínculos Empregatícios Total no Emprego Formal";"Rio Caeté";"Bonito";"-";"2022";2333
"Social";"Mercado de Trabalho";"Vínculos Empregatícios Total no Emprego Formal";"Rio Caeté";"Bonito";"-";"2023";1754
"Social";"Mercado de Trabalho";"Vínculos Empregatícios Total no Emprego Formal";"Rio Caeté";"Bragança";"-";"2009";4952
"Social";"Mercado de Trabalho";"Vínculos Empregatícios Total no Emprego Formal";"Rio Caeté";"Bragança";"-";"2010";5270
"Social";"Mercado de Trabalho";"Vínculos Empregatícios Total no Emprego Formal";"Rio Caeté";"Bragança";"-";"2011";5746
"Social";"Mercado de Trabalho";"Vínculos Empregatícios Total no Emprego Formal";"Rio Caeté";"Bragança";"-";"2012";6192
"Social";"Mercado de Trabalho";"Vínculos Empregatícios Total no Emprego Formal";"Rio Caeté";"Bragança";"-";"2013";7373
"Social";"Mercado de Trabalho";"Vínculos Empregatícios Total no Emprego Formal";"Rio Caeté";"Bragança";"-";"2014";9487
"Social";"Mercado de Trabalho";"Vínculos Empregatícios Total no Emprego Formal";"Rio Caeté";"Bragança";"-";"2015";7904
"Social";"Mercado de Trabalho";"Vínculos Empregatícios Total no Emprego Formal";"Rio Caeté";"Bragança";"-";"2016";7182
"Social";"Mercado de Trabalho";"Vínculos Empregatícios Total no Emprego Formal";"Rio Caeté";"Bragança";"-";"2017";7143
"Social";"Mercado de Trabalho";"Vínculos Empregatícios Total no Emprego Formal";"Rio Caeté";"Bragança";"-";"2018";7135
"Social";"Mercado de Trabalho";"Vínculos Empregatícios Total no Emprego Formal";"Rio Caeté";"Bragança";"-";"2019";7133
"Social";"Mercado de Trabalho";"Vínculos Empregatícios Total no Emprego Formal";"Rio Caeté";"Bragança";"-";"2020";6703
"Social";"Mercado de Trabalho";"Vínculos Empregatícios Total no Emprego Formal";"Rio Caeté";"Bragança";"-";"2021";7690
"Social";"Mercado de Trabalho";"Vínculos Empregatícios Total no Emprego Formal";"Rio Caeté";"Bragança";"-";"2022";6072
"Social";"Mercado de Trabalho";"Vínculos Empregatícios Total no Emprego Formal";"Rio Caeté";"Bragança";"-";"2023";6563
"Social";"Mercado de Trabalho";"Vínculos Empregatícios Total no Emprego Formal";"Xingu";"Brasil Novo";"-";"2009";718
"Social";"Mercado de Trabalho";"Vínculos Empregatícios Total no Emprego Formal";"Xingu";"Brasil Novo";"-";"2010";691
"Social";"Mercado de Trabalho";"Vínculos Empregatícios Total no Emprego Formal";"Xingu";"Brasil Novo";"-";"2011";891
"Social";"Mercado de Trabalho";"Vínculos Empregatícios Total no Emprego Formal";"Xingu";"Brasil Novo";"-";"2012";754
"Social";"Mercado de Trabalho";"Vínculos Empregatícios Total no Emprego Formal";"Xingu";"Brasil Novo";"-";"2013";1061
"Social";"Mercado de Trabalho";"Vínculos Empregatícios Total no Emprego Formal";"Xingu";"Brasil Novo";"-";"2014";1036
"Social";"Mercado de Trabalho";"Vínculos Empregatícios Total no Emprego Formal";"Xingu";"Brasil Novo";"-";"2015";1087
"Social";"Mercado de Trabalho";"Vínculos Empregatícios Total no Emprego Formal";"Xingu";"Brasil Novo";"-";"2016";1098
"Social";"Mercado de Trabalho";"Vínculos Empregatícios Total no Emprego Formal";"Xingu";"Brasil Novo";"-";"2017";1027
"Social";"Mercado de Trabalho";"Vínculos Empregatícios Total no Emprego Formal";"Xingu";"Brasil Novo";"-";"2018";1346
"Social";"Mercado de Trabalho";"Vínculos Empregatícios Total no Emprego Formal";"Xingu";"Brasil Novo";"-";"2019";1225
"Social";"Mercado de Trabalho";"Vínculos Empregatícios Total no Emprego Formal";"Xingu";"Brasil Novo";"-";"2020";1094
"Social";"Mercado de Trabalho";"Vínculos Empregatícios Total no Emprego Formal";"Xingu";"Brasil Novo";"-";"2021";1575
"Social";"Mercado de Trabalho";"Vínculos Empregatícios Total no Emprego Formal";"Xingu";"Brasil Novo";"-";"2022";1253
"Social";"Mercado de Trabalho";"Vínculos Empregatícios Total no Emprego Formal";"Xingu";"Brasil Novo";"-";"2023";804
"Social";"Mercado de Trabalho";"Vínculos Empregatícios Total no Emprego Formal";"Carajás";"Brejo Grande do Araguaia";"-";"2009";484
"Social";"Mercado de Trabalho";"Vínculos Empregatícios Total no Emprego Formal";"Carajás";"Brejo Grande do Araguaia";"-";"2010";496
"Social";"Mercado de Trabalho";"Vínculos Empregatícios Total no Emprego Formal";"Carajás";"Brejo Grande do Araguaia";"-";"2011";550
"Social";"Mercado de Trabalho";"Vínculos Empregatícios Total no Emprego Formal";"Carajás";"Brejo Grande do Araguaia";"-";"2012";564
"Social";"Mercado de Trabalho";"Vínculos Empregatícios Total no Emprego Formal";"Carajás";"Brejo Grande do Araguaia";"-";"2013";737
"Social";"Mercado de Trabalho";"Vínculos Empregatícios Total no Emprego Formal";"Carajás";"Brejo Grande do Araguaia";"-";"2014";720
"Social";"Mercado de Trabalho";"Vínculos Empregatícios Total no Emprego Formal";"Carajás";"Brejo Grande do Araguaia";"-";"2015";688
"Social";"Mercado de Trabalho";"Vínculos Empregatícios Total no Emprego Formal";"Carajás";"Brejo Grande do Araguaia";"-";"2016";703
"Social";"Mercado de Trabalho";"Vínculos Empregatícios Total no Emprego Formal";"Carajás";"Brejo Grande do Araguaia";"-";"2017";666
"Social";"Mercado de Trabalho";"Vínculos Empregatícios Total no Emprego Formal";"Carajás";"Brejo Grande do Araguaia";"-";"2018";762
"Social";"Mercado de Trabalho";"Vínculos Empregatícios Total no Emprego Formal";"Carajás";"Brejo Grande do Araguaia";"-";"2019";650
"Social";"Mercado de Trabalho";"Vínculos Empregatícios Total no Emprego Formal";"Carajás";"Brejo Grande do Araguaia";"-";"2020";617
"Social";"Mercado de Trabalho";"Vínculos Empregatícios Total no Emprego Formal";"Carajás";"Brejo Grande do Araguaia";"-";"2021";827
"Social";"Mercado de Trabalho";"Vínculos Empregatícios Total no Emprego Formal";"Carajás";"Brejo Grande do Araguaia";"-";"2022";971
"Social";"Mercado de Trabalho";"Vínculos Empregatícios Total no Emprego Formal";"Carajás";"Brejo Grande do Araguaia";"-";"2023";322
"Social";"Mercado de Trabalho";"Vínculos Empregatícios Total no Emprego Formal";"Lago de Tucuruí";"Breu Branco";"-";"2009";2840
"Social";"Mercado de Trabalho";"Vínculos Empregatícios Total no Emprego Formal";"Lago de Tucuruí";"Breu Branco";"-";"2010";2896
"Social";"Mercado de Trabalho";"Vínculos Empregatícios Total no Emprego Formal";"Lago de Tucuruí";"Breu Branco";"-";"2011";3085
"Social";"Mercado de Trabalho";"Vínculos Empregatícios Total no Emprego Formal";"Lago de Tucuruí";"Breu Branco";"-";"2012";3424
"Social";"Mercado de Trabalho";"Vínculos Empregatícios Total no Emprego Formal";"Lago de Tucuruí";"Breu Branco";"-";"2013";3472
"Social";"Mercado de Trabalho";"Vínculos Empregatícios Total no Emprego Formal";"Lago de Tucuruí";"Breu Branco";"-";"2014";3606
"Social";"Mercado de Trabalho";"Vínculos Empregatícios Total no Emprego Formal";"Lago de Tucuruí";"Breu Branco";"-";"2015";3831
"Social";"Mercado de Trabalho";"Vínculos Empregatícios Total no Emprego Formal";"Lago de Tucuruí";"Breu Branco";"-";"2016";3362
"Social";"Mercado de Trabalho";"Vínculos Empregatícios Total no Emprego Formal";"Lago de Tucuruí";"Breu Branco";"-";"2017";3498
"Social";"Mercado de Trabalho";"Vínculos Empregatícios Total no Emprego Formal";"Lago de Tucuruí";"Breu Branco";"-";"2018";3571
"Social";"Mercado de Trabalho";"Vínculos Empregatícios Total no Emprego Formal";"Lago de Tucuruí";"Breu Branco";"-";"2019";3427
"Social";"Mercado de Trabalho";"Vínculos Empregatícios Total no Emprego Formal";"Lago de Tucuruí";"Breu Branco";"-";"2020";3748
"Social";"Mercado de Trabalho";"Vínculos Empregatícios Total no Emprego Formal";"Lago de Tucuruí";"Breu Branco";"-";"2021";4081
"Social";"Mercado de Trabalho";"Vínculos Empregatícios Total no Emprego Formal";"Lago de Tucuruí";"Breu Branco";"-";"2022";3804
"Social";"Mercado de Trabalho";"Vínculos Empregatícios Total no Emprego Formal";"Lago de Tucuruí";"Breu Branco";"-";"2023";2078
"Social";"Mercado de Trabalho";"Vínculos Empregatícios Total no Emprego Formal";"Marajó";"Breves";"-";"2009";5471
"Social";"Mercado de Trabalho";"Vínculos Empregatícios Total no Emprego Formal";"Marajó";"Breves";"-";"2010";5606
"Social";"Mercado de Trabalho";"Vínculos Empregatícios Total no Emprego Formal";"Marajó";"Breves";"-";"2011";5552
"Social";"Mercado de Trabalho";"Vínculos Empregatícios Total no Emprego Formal";"Marajó";"Breves";"-";"2012";6208
"Social";"Mercado de Trabalho";"Vínculos Empregatícios Total no Emprego Formal";"Marajó";"Breves";"-";"2013";7050
"Social";"Mercado de Trabalho";"Vínculos Empregatícios Total no Emprego Formal";"Marajó";"Breves";"-";"2014";5514
"Social";"Mercado de Trabalho";"Vínculos Empregatícios Total no Emprego Formal";"Marajó";"Breves";"-";"2015";6223
"Social";"Mercado de Trabalho";"Vínculos Empregatícios Total no Emprego Formal";"Marajó";"Breves";"-";"2016";2510
"Social";"Mercado de Trabalho";"Vínculos Empregatícios Total no Emprego Formal";"Marajó";"Breves";"-";"2017";6558
"Social";"Mercado de Trabalho";"Vínculos Empregatícios Total no Emprego Formal";"Marajó";"Breves";"-";"2018";7354
"Social";"Mercado de Trabalho";"Vínculos Empregatícios Total no Emprego Formal";"Marajó";"Breves";"-";"2019";6970
"Social";"Mercado de Trabalho";"Vínculos Empregatícios Total no Emprego Formal";"Marajó";"Breves";"-";"2020";5063
"Social";"Mercado de Trabalho";"Vínculos Empregatícios Total no Emprego Formal";"Marajó";"Breves";"-";"2021";6214
"Social";"Mercado de Trabalho";"Vínculos Empregatícios Total no Emprego Formal";"Marajó";"Breves";"-";"2022";8833
"Social";"Mercado de Trabalho";"Vínculos Empregatícios Total no Emprego Formal";"Marajó";"Breves";"-";"2023";2749
"Social";"Mercado de Trabalho";"Vínculos Empregatícios Total no Emprego Formal";"Rio Capim";"Bujaru";"-";"2009";1274
"Social";"Mercado de Trabalho";"Vínculos Empregatícios Total no Emprego Formal";"Rio Capim";"Bujaru";"-";"2010";300
"Social";"Mercado de Trabalho";"Vínculos Empregatícios Total no Emprego Formal";"Rio Capim";"Bujaru";"-";"2011";1732
"Social";"Mercado de Trabalho";"Vínculos Empregatícios Total no Emprego Formal";"Rio Capim";"Bujaru";"-";"2012";1908
"Social";"Mercado de Trabalho";"Vínculos Empregatícios Total no Emprego Formal";"Rio Capim";"Bujaru";"-";"2013";1797
"Social";"Mercado de Trabalho";"Vínculos Empregatícios Total no Emprego Formal";"Rio Capim";"Bujaru";"-";"2014";1691
"Social";"Mercado de Trabalho";"Vínculos Empregatícios Total no Emprego Formal";"Rio Capim";"Bujaru";"-";"2015";1728
"Social";"Mercado de Trabalho";"Vínculos Empregatícios Total no Emprego Formal";"Rio Capim";"Bujaru";"-";"2016";1308
"Social";"Mercado de Trabalho";"Vínculos Empregatícios Total no Emprego Formal";"Rio Capim";"Bujaru";"-";"2017";1376
"Social";"Mercado de Trabalho";"Vínculos Empregatícios Total no Emprego Formal";"Rio Capim";"Bujaru";"-";"2018";1295
"Social";"Mercado de Trabalho";"Vínculos Empregatícios Total no Emprego Formal";"Rio Capim";"Bujaru";"-";"2019";1312
"Social";"Mercado de Trabalho";"Vínculos Empregatícios Total no Emprego Formal";"Rio Capim";"Bujaru";"-";"2020";941
"Social";"Mercado de Trabalho";"Vínculos Empregatícios Total no Emprego Formal";"Rio Capim";"Bujaru";"-";"2021";1618
"Social";"Mercado de Trabalho";"Vínculos Empregatícios Total no Emprego Formal";"Rio Capim";"Bujaru";"-";"2022";1272
"Social";"Mercado de Trabalho";"Vínculos Empregatícios Total no Emprego Formal";"Rio Capim";"Bujaru";"-";"2023";341
"Social";"Mercado de Trabalho";"Vínculos Empregatícios Total no Emprego Formal";"Marajó";"Cachoeira do Arari";"-";"2009";768
"Social";"Mercado de Trabalho";"Vínculos Empregatícios Total no Emprego Formal";"Marajó";"Cachoeira do Arari";"-";"2010";795
"Social";"Mercado de Trabalho";"Vínculos Empregatícios Total no Emprego Formal";"Marajó";"Cachoeira do Arari";"-";"2011";888
"Social";"Mercado de Trabalho";"Vínculos Empregatícios Total no Emprego Formal";"Marajó";"Cachoeira do Arari";"-";"2012";887
"Social";"Mercado de Trabalho";"Vínculos Empregatícios Total no Emprego Formal";"Marajó";"Cachoeira do Arari";"-";"2013";873
"Social";"Mercado de Trabalho";"Vínculos Empregatícios Total no Emprego Formal";"Marajó";"Cachoeira do Arari";"-";"2014";948
"Social";"Mercado de Trabalho";"Vínculos Empregatícios Total no Emprego Formal";"Marajó";"Cachoeira do Arari";"-";"2015";878
"Social";"Mercado de Trabalho";"Vínculos Empregatícios Total no Emprego Formal";"Marajó";"Cachoeira do Arari";"-";"2016";809
"Social";"Mercado de Trabalho";"Vínculos Empregatícios Total no Emprego Formal";"Marajó";"Cachoeira do Arari";"-";"2017";970
"Social";"Mercado de Trabalho";"Vínculos Empregatícios Total no Emprego Formal";"Marajó";"Cachoeira do Arari";"-";"2018";811
"Social";"Mercado de Trabalho";"Vínculos Empregatícios Total no Emprego Formal";"Marajó";"Cachoeira do Arari";"-";"2019";1090
"Social";"Mercado de Trabalho";"Vínculos Empregatícios Total no Emprego Formal";"Marajó";"Cachoeira do Arari";"-";"2020";994
"Social";"Mercado de Trabalho";"Vínculos Empregatícios Total no Emprego Formal";"Marajó";"Cachoeira do Arari";"-";"2021";1034
"Social";"Mercado de Trabalho";"Vínculos Empregatícios Total no Emprego Formal";"Marajó";"Cachoeira do Arari";"-";"2022";992
"Social";"Mercado de Trabalho";"Vínculos Empregatícios Total no Emprego Formal";"Marajó";"Cachoeira do Arari";"-";"2023";268
"Social";"Mercado de Trabalho";"Vínculos Empregatícios Total no Emprego Formal";"Rio Caeté";"Cachoeira do Piriá";"-";"2009";28
"Social";"Mercado de Trabalho";"Vínculos Empregatícios Total no Emprego Formal";"Rio Caeté";"Cachoeira do Piriá";"-";"2010";50
"Social";"Mercado de Trabalho";"Vínculos Empregatícios Total no Emprego Formal";"Rio Caeté";"Cachoeira do Piriá";"-";"2011";32
"Social";"Mercado de Trabalho";"Vínculos Empregatícios Total no Emprego Formal";"Rio Caeté";"Cachoeira do Piriá";"-";"2012";63
"Social";"Mercado de Trabalho";"Vínculos Empregatícios Total no Emprego Formal";"Rio Caeté";"Cachoeira do Piriá";"-";"2013";75
"Social";"Mercado de Trabalho";"Vínculos Empregatícios Total no Emprego Formal";"Rio Caeté";"Cachoeira do Piriá";"-";"2014";522
"Social";"Mercado de Trabalho";"Vínculos Empregatícios Total no Emprego Formal";"Rio Caeté";"Cachoeira do Piriá";"-";"2015";594
"Social";"Mercado de Trabalho";"Vínculos Empregatícios Total no Emprego Formal";"Rio Caeté";"Cachoeira do Piriá";"-";"2016";729
"Social";"Mercado de Trabalho";"Vínculos Empregatícios Total no Emprego Formal";"Rio Caeté";"Cachoeira do Piriá";"-";"2017";654
"Social";"Mercado de Trabalho";"Vínculos Empregatícios Total no Emprego Formal";"Rio Caeté";"Cachoeira do Piriá";"-";"2018";768
"Social";"Mercado de Trabalho";"Vínculos Empregatícios Total no Emprego Formal";"Rio Caeté";"Cachoeira do Piriá";"-";"2019";728
"Social";"Mercado de Trabalho";"Vínculos Empregatícios Total no Emprego Formal";"Rio Caeté";"Cachoeira do Piriá";"-";"2020";692
"Social";"Mercado de Trabalho";"Vínculos Empregatícios Total no Emprego Formal";"Rio Caeté";"Cachoeira do Piriá";"-";"2021";1111
"Social";"Mercado de Trabalho";"Vínculos Empregatícios Total no Emprego Formal";"Rio Caeté";"Cachoeira do Piriá";"-";"2022";887
"Social";"Mercado de Trabalho";"Vínculos Empregatícios Total no Emprego Formal";"Rio Caeté";"Cachoeira do Piriá";"-";"2023";110
"Social";"Mercado de Trabalho";"Vínculos Empregatícios Total no Emprego Formal";"Tocantins";"Cametá";"-";"2009";4621
"Social";"Mercado de Trabalho";"Vínculos Empregatícios Total no Emprego Formal";"Tocantins";"Cametá";"-";"2010";5198
"Social";"Mercado de Trabalho";"Vínculos Empregatícios Total no Emprego Formal";"Tocantins";"Cametá";"-";"2011";5265
"Social";"Mercado de Trabalho";"Vínculos Empregatícios Total no Emprego Formal";"Tocantins";"Cametá";"-";"2012";5208
"Social";"Mercado de Trabalho";"Vínculos Empregatícios Total no Emprego Formal";"Tocantins";"Cametá";"-";"2013";6664
"Social";"Mercado de Trabalho";"Vínculos Empregatícios Total no Emprego Formal";"Tocantins";"Cametá";"-";"2014";6888
"Social";"Mercado de Trabalho";"Vínculos Empregatícios Total no Emprego Formal";"Tocantins";"Cametá";"-";"2015";6582
"Social";"Mercado de Trabalho";"Vínculos Empregatícios Total no Emprego Formal";"Tocantins";"Cametá";"-";"2016";6183
"Social";"Mercado de Trabalho";"Vínculos Empregatícios Total no Emprego Formal";"Tocantins";"Cametá";"-";"2017";6656
"Social";"Mercado de Trabalho";"Vínculos Empregatícios Total no Emprego Formal";"Tocantins";"Cametá";"-";"2018";6179
"Social";"Mercado de Trabalho";"Vínculos Empregatícios Total no Emprego Formal";"Tocantins";"Cametá";"-";"2019";5946
"Social";"Mercado de Trabalho";"Vínculos Empregatícios Total no Emprego Formal";"Tocantins";"Cametá";"-";"2020";5863
"Social";"Mercado de Trabalho";"Vínculos Empregatícios Total no Emprego Formal";"Tocantins";"Cametá";"-";"2021";6225
"Social";"Mercado de Trabalho";"Vínculos Empregatícios Total no Emprego Formal";"Tocantins";"Cametá";"-";"2022";7884
"Social";"Mercado de Trabalho";"Vínculos Empregatícios Total no Emprego Formal";"Tocantins";"Cametá";"-";"2023";2142
"Social";"Mercado de Trabalho";"Vínculos Empregatícios Total no Emprego Formal";"Carajás";"Canaã dos Carajás";"-";"2009";4799
"Social";"Mercado de Trabalho";"Vínculos Empregatícios Total no Emprego Formal";"Carajás";"Canaã dos Carajás";"-";"2010";4972
"Social";"Mercado de Trabalho";"Vínculos Empregatícios Total no Emprego Formal";"Carajás";"Canaã dos Carajás";"-";"2011";6448
"Social";"Mercado de Trabalho";"Vínculos Empregatícios Total no Emprego Formal";"Carajás";"Canaã dos Carajás";"-";"2012";7874
"Social";"Mercado de Trabalho";"Vínculos Empregatícios Total no Emprego Formal";"Carajás";"Canaã dos Carajás";"-";"2013";13028
"Social";"Mercado de Trabalho";"Vínculos Empregatícios Total no Emprego Formal";"Carajás";"Canaã dos Carajás";"-";"2014";16110
"Social";"Mercado de Trabalho";"Vínculos Empregatícios Total no Emprego Formal";"Carajás";"Canaã dos Carajás";"-";"2015";21337
"Social";"Mercado de Trabalho";"Vínculos Empregatícios Total no Emprego Formal";"Carajás";"Canaã dos Carajás";"-";"2016";14890
"Social";"Mercado de Trabalho";"Vínculos Empregatícios Total no Emprego Formal";"Carajás";"Canaã dos Carajás";"-";"2017";11373
"Social";"Mercado de Trabalho";"Vínculos Empregatícios Total no Emprego Formal";"Carajás";"Canaã dos Carajás";"-";"2018";11926
"Social";"Mercado de Trabalho";"Vínculos Empregatícios Total no Emprego Formal";"Carajás";"Canaã dos Carajás";"-";"2019";13650
"Social";"Mercado de Trabalho";"Vínculos Empregatícios Total no Emprego Formal";"Carajás";"Canaã dos Carajás";"-";"2020";18585
"Social";"Mercado de Trabalho";"Vínculos Empregatícios Total no Emprego Formal";"Carajás";"Canaã dos Carajás";"-";"2021";22629
"Social";"Mercado de Trabalho";"Vínculos Empregatícios Total no Emprego Formal";"Carajás";"Canaã dos Carajás";"-";"2022";23764
"Social";"Mercado de Trabalho";"Vínculos Empregatícios Total no Emprego Formal";"Carajás";"Canaã dos Carajás";"-";"2023";27975
"Social";"Mercado de Trabalho";"Vínculos Empregatícios Total no Emprego Formal";"Rio Caeté";"Capanema";"-";"2009";4731
"Social";"Mercado de Trabalho";"Vínculos Empregatícios Total no Emprego Formal";"Rio Caeté";"Capanema";"-";"2010";5462
"Social";"Mercado de Trabalho";"Vínculos Empregatícios Total no Emprego Formal";"Rio Caeté";"Capanema";"-";"2011";5589
"Social";"Mercado de Trabalho";"Vínculos Empregatícios Total no Emprego Formal";"Rio Caeté";"Capanema";"-";"2012";6468
"Social";"Mercado de Trabalho";"Vínculos Empregatícios Total no Emprego Formal";"Rio Caeté";"Capanema";"-";"2013";7032
"Social";"Mercado de Trabalho";"Vínculos Empregatícios Total no Emprego Formal";"Rio Caeté";"Capanema";"-";"2014";7464
"Social";"Mercado de Trabalho";"Vínculos Empregatícios Total no Emprego Formal";"Rio Caeté";"Capanema";"-";"2015";7771
"Social";"Mercado de Trabalho";"Vínculos Empregatícios Total no Emprego Formal";"Rio Caeté";"Capanema";"-";"2016";6362
"Social";"Mercado de Trabalho";"Vínculos Empregatícios Total no Emprego Formal";"Rio Caeté";"Capanema";"-";"2017";7455
"Social";"Mercado de Trabalho";"Vínculos Empregatícios Total no Emprego Formal";"Rio Caeté";"Capanema";"-";"2018";7417
"Social";"Mercado de Trabalho";"Vínculos Empregatícios Total no Emprego Formal";"Rio Caeté";"Capanema";"-";"2019";7701
"Social";"Mercado de Trabalho";"Vínculos Empregatícios Total no Emprego Formal";"Rio Caeté";"Capanema";"-";"2020";8110
"Social";"Mercado de Trabalho";"Vínculos Empregatícios Total no Emprego Formal";"Rio Caeté";"Capanema";"-";"2021";9345
"Social";"Mercado de Trabalho";"Vínculos Empregatícios Total no Emprego Formal";"Rio Caeté";"Capanema";"-";"2022";9996
"Social";"Mercado de Trabalho";"Vínculos Empregatícios Total no Emprego Formal";"Rio Caeté";"Capanema";"-";"2023";8159
"Social";"Mercado de Trabalho";"Vínculos Empregatícios Total no Emprego Formal";"Rio Capim";"Capitão Poço";"-";"2009";2616
"Social";"Mercado de Trabalho";"Vínculos Empregatícios Total no Emprego Formal";"Rio Capim";"Capitão Poço";"-";"2010";2714
"Social";"Mercado de Trabalho";"Vínculos Empregatícios Total no Emprego Formal";"Rio Capim";"Capitão Poço";"-";"2011";2695
"Social";"Mercado de Trabalho";"Vínculos Empregatícios Total no Emprego Formal";"Rio Capim";"Capitão Poço";"-";"2012";2852
"Social";"Mercado de Trabalho";"Vínculos Empregatícios Total no Emprego Formal";"Rio Capim";"Capitão Poço";"-";"2013";2986
"Social";"Mercado de Trabalho";"Vínculos Empregatícios Total no Emprego Formal";"Rio Capim";"Capitão Poço";"-";"2014";3104
"Social";"Mercado de Trabalho";"Vínculos Empregatícios Total no Emprego Formal";"Rio Capim";"Capitão Poço";"-";"2015";3238
"Social";"Mercado de Trabalho";"Vínculos Empregatícios Total no Emprego Formal";"Rio Capim";"Capitão Poço";"-";"2016";1461
"Social";"Mercado de Trabalho";"Vínculos Empregatícios Total no Emprego Formal";"Rio Capim";"Capitão Poço";"-";"2017";2358
"Social";"Mercado de Trabalho";"Vínculos Empregatícios Total no Emprego Formal";"Rio Capim";"Capitão Poço";"-";"2018";2158
"Social";"Mercado de Trabalho";"Vínculos Empregatícios Total no Emprego Formal";"Rio Capim";"Capitão Poço";"-";"2019";3338
"Social";"Mercado de Trabalho";"Vínculos Empregatícios Total no Emprego Formal";"Rio Capim";"Capitão Poço";"-";"2020";2714
"Social";"Mercado de Trabalho";"Vínculos Empregatícios Total no Emprego Formal";"Rio Capim";"Capitão Poço";"-";"2021";3708
"Social";"Mercado de Trabalho";"Vínculos Empregatícios Total no Emprego Formal";"Rio Capim";"Capitão Poço";"-";"2022";3353
"Social";"Mercado de Trabalho";"Vínculos Empregatícios Total no Emprego Formal";"Rio Capim";"Capitão Poço";"-";"2023";2783
"Social";"Mercado de Trabalho";"Vínculos Empregatícios Total no Emprego Formal";"Guamá";"Castanhal";"-";"2009";25891
"Social";"Mercado de Trabalho";"Vínculos Empregatícios Total no Emprego Formal";"Guamá";"Castanhal";"-";"2010";28783
"Social";"Mercado de Trabalho";"Vínculos Empregatícios Total no Emprego Formal";"Guamá";"Castanhal";"-";"2011";29999
"Social";"Mercado de Trabalho";"Vínculos Empregatícios Total no Emprego Formal";"Guamá";"Castanhal";"-";"2012";31496
"Social";"Mercado de Trabalho";"Vínculos Empregatícios Total no Emprego Formal";"Guamá";"Castanhal";"-";"2013";31693
"Social";"Mercado de Trabalho";"Vínculos Empregatícios Total no Emprego Formal";"Guamá";"Castanhal";"-";"2014";33113
"Social";"Mercado de Trabalho";"Vínculos Empregatícios Total no Emprego Formal";"Guamá";"Castanhal";"-";"2015";27509
"Social";"Mercado de Trabalho";"Vínculos Empregatícios Total no Emprego Formal";"Guamá";"Castanhal";"-";"2016";31463
"Social";"Mercado de Trabalho";"Vínculos Empregatícios Total no Emprego Formal";"Guamá";"Castanhal";"-";"2017";30135
"Social";"Mercado de Trabalho";"Vínculos Empregatícios Total no Emprego Formal";"Guamá";"Castanhal";"-";"2018";31292
"Social";"Mercado de Trabalho";"Vínculos Empregatícios Total no Emprego Formal";"Guamá";"Castanhal";"-";"2019";30931
"Social";"Mercado de Trabalho";"Vínculos Empregatícios Total no Emprego Formal";"Guamá";"Castanhal";"-";"2020";31552
"Social";"Mercado de Trabalho";"Vínculos Empregatícios Total no Emprego Formal";"Guamá";"Castanhal";"-";"2021";34802
"Social";"Mercado de Trabalho";"Vínculos Empregatícios Total no Emprego Formal";"Guamá";"Castanhal";"-";"2022";37170
"Social";"Mercado de Trabalho";"Vínculos Empregatícios Total no Emprego Formal";"Guamá";"Castanhal";"-";"2023";34311
"Social";"Mercado de Trabalho";"Vínculos Empregatícios Total no Emprego Formal";"Marajó";"Chaves";"-";"2009";233
"Social";"Mercado de Trabalho";"Vínculos Empregatícios Total no Emprego Formal";"Marajó";"Chaves";"-";"2010";658
"Social";"Mercado de Trabalho";"Vínculos Empregatícios Total no Emprego Formal";"Marajó";"Chaves";"-";"2011";741
"Social";"Mercado de Trabalho";"Vínculos Empregatícios Total no Emprego Formal";"Marajó";"Chaves";"-";"2012";1329
"Social";"Mercado de Trabalho";"Vínculos Empregatícios Total no Emprego Formal";"Marajó";"Chaves";"-";"2013";819
"Social";"Mercado de Trabalho";"Vínculos Empregatícios Total no Emprego Formal";"Marajó";"Chaves";"-";"2014";856
"Social";"Mercado de Trabalho";"Vínculos Empregatícios Total no Emprego Formal";"Marajó";"Chaves";"-";"2015";872
"Social";"Mercado de Trabalho";"Vínculos Empregatícios Total no Emprego Formal";"Marajó";"Chaves";"-";"2016";1374
"Social";"Mercado de Trabalho";"Vínculos Empregatícios Total no Emprego Formal";"Marajó";"Chaves";"-";"2017";791
"Social";"Mercado de Trabalho";"Vínculos Empregatícios Total no Emprego Formal";"Marajó";"Chaves";"-";"2018";1069
"Social";"Mercado de Trabalho";"Vínculos Empregatícios Total no Emprego Formal";"Marajó";"Chaves";"-";"2019";916
"Social";"Mercado de Trabalho";"Vínculos Empregatícios Total no Emprego Formal";"Marajó";"Chaves";"-";"2020";968
"Social";"Mercado de Trabalho";"Vínculos Empregatícios Total no Emprego Formal";"Marajó";"Chaves";"-";"2021";1011
"Social";"Mercado de Trabalho";"Vínculos Empregatícios Total no Emprego Formal";"Marajó";"Chaves";"-";"2022";1159
"Social";"Mercado de Trabalho";"Vínculos Empregatícios Total no Emprego Formal";"Marajó";"Chaves";"-";"2023";330
"Social";"Mercado de Trabalho";"Vínculos Empregatícios Total no Emprego Formal";"Guamá";"Colares";"-";"2009";299
"Social";"Mercado de Trabalho";"Vínculos Empregatícios Total no Emprego Formal";"Guamá";"Colares";"-";"2010";320
"Social";"Mercado de Trabalho";"Vínculos Empregatícios Total no Emprego Formal";"Guamá";"Colares";"-";"2011";323
"Social";"Mercado de Trabalho";"Vínculos Empregatícios Total no Emprego Formal";"Guamá";"Colares";"-";"2012";269
"Social";"Mercado de Trabalho";"Vínculos Empregatícios Total no Emprego Formal";"Guamá";"Colares";"-";"2013";410
"Social";"Mercado de Trabalho";"Vínculos Empregatícios Total no Emprego Formal";"Guamá";"Colares";"-";"2014";552
"Social";"Mercado de Trabalho";"Vínculos Empregatícios Total no Emprego Formal";"Guamá";"Colares";"-";"2015";527
"Social";"Mercado de Trabalho";"Vínculos Empregatícios Total no Emprego Formal";"Guamá";"Colares";"-";"2016";416
"Social";"Mercado de Trabalho";"Vínculos Empregatícios Total no Emprego Formal";"Guamá";"Colares";"-";"2017";582
"Social";"Mercado de Trabalho";"Vínculos Empregatícios Total no Emprego Formal";"Guamá";"Colares";"-";"2018";584
"Social";"Mercado de Trabalho";"Vínculos Empregatícios Total no Emprego Formal";"Guamá";"Colares";"-";"2019";532
"Social";"Mercado de Trabalho";"Vínculos Empregatícios Total no Emprego Formal";"Guamá";"Colares";"-";"2020";624
"Social";"Mercado de Trabalho";"Vínculos Empregatícios Total no Emprego Formal";"Guamá";"Colares";"-";"2021";451
"Social";"Mercado de Trabalho";"Vínculos Empregatícios Total no Emprego Formal";"Guamá";"Colares";"-";"2022";583
"Social";"Mercado de Trabalho";"Vínculos Empregatícios Total no Emprego Formal";"Guamá";"Colares";"-";"2023";98
"Social";"Mercado de Trabalho";"Vínculos Empregatícios Total no Emprego Formal";"Araguaia";"Conceição do Araguaia";"-";"2009";3540
"Social";"Mercado de Trabalho";"Vínculos Empregatícios Total no Emprego Formal";"Araguaia";"Conceição do Araguaia";"-";"2010";2885
"Social";"Mercado de Trabalho";"Vínculos Empregatícios Total no Emprego Formal";"Araguaia";"Conceição do Araguaia";"-";"2011";2843
"Social";"Mercado de Trabalho";"Vínculos Empregatícios Total no Emprego Formal";"Araguaia";"Conceição do Araguaia";"-";"2012";4463
"Social";"Mercado de Trabalho";"Vínculos Empregatícios Total no Emprego Formal";"Araguaia";"Conceição do Araguaia";"-";"2013";3103
"Social";"Mercado de Trabalho";"Vínculos Empregatícios Total no Emprego Formal";"Araguaia";"Conceição do Araguaia";"-";"2014";4004
"Social";"Mercado de Trabalho";"Vínculos Empregatícios Total no Emprego Formal";"Araguaia";"Conceição do Araguaia";"-";"2015";3466
"Social";"Mercado de Trabalho";"Vínculos Empregatícios Total no Emprego Formal";"Araguaia";"Conceição do Araguaia";"-";"2016";3428
"Social";"Mercado de Trabalho";"Vínculos Empregatícios Total no Emprego Formal";"Araguaia";"Conceição do Araguaia";"-";"2017";4115
"Social";"Mercado de Trabalho";"Vínculos Empregatícios Total no Emprego Formal";"Araguaia";"Conceição do Araguaia";"-";"2018";3783
"Social";"Mercado de Trabalho";"Vínculos Empregatícios Total no Emprego Formal";"Araguaia";"Conceição do Araguaia";"-";"2019";3722
"Social";"Mercado de Trabalho";"Vínculos Empregatícios Total no Emprego Formal";"Araguaia";"Conceição do Araguaia";"-";"2020";3374
"Social";"Mercado de Trabalho";"Vínculos Empregatícios Total no Emprego Formal";"Araguaia";"Conceição do Araguaia";"-";"2021";3883
"Social";"Mercado de Trabalho";"Vínculos Empregatícios Total no Emprego Formal";"Araguaia";"Conceição do Araguaia";"-";"2022";6503
"Social";"Mercado de Trabalho";"Vínculos Empregatícios Total no Emprego Formal";"Araguaia";"Conceição do Araguaia";"-";"2023";4050
"Social";"Mercado de Trabalho";"Vínculos Empregatícios Total no Emprego Formal";"Rio Capim";"Concórdia do Pará";"-";"2009";1632
"Social";"Mercado de Trabalho";"Vínculos Empregatícios Total no Emprego Formal";"Rio Capim";"Concórdia do Pará";"-";"2010";2113
"Social";"Mercado de Trabalho";"Vínculos Empregatícios Total no Emprego Formal";"Rio Capim";"Concórdia do Pará";"-";"2011";2455
"Social";"Mercado de Trabalho";"Vínculos Empregatícios Total no Emprego Formal";"Rio Capim";"Concórdia do Pará";"-";"2012";2475
"Social";"Mercado de Trabalho";"Vínculos Empregatícios Total no Emprego Formal";"Rio Capim";"Concórdia do Pará";"-";"2013";2151
"Social";"Mercado de Trabalho";"Vínculos Empregatícios Total no Emprego Formal";"Rio Capim";"Concórdia do Pará";"-";"2014";3412
"Social";"Mercado de Trabalho";"Vínculos Empregatícios Total no Emprego Formal";"Rio Capim";"Concórdia do Pará";"-";"2015";3049
"Social";"Mercado de Trabalho";"Vínculos Empregatícios Total no Emprego Formal";"Rio Capim";"Concórdia do Pará";"-";"2016";2649
"Social";"Mercado de Trabalho";"Vínculos Empregatícios Total no Emprego Formal";"Rio Capim";"Concórdia do Pará";"-";"2017";2883
"Social";"Mercado de Trabalho";"Vínculos Empregatícios Total no Emprego Formal";"Rio Capim";"Concórdia do Pará";"-";"2018";2814
"Social";"Mercado de Trabalho";"Vínculos Empregatícios Total no Emprego Formal";"Rio Capim";"Concórdia do Pará";"-";"2019";2730
"Social";"Mercado de Trabalho";"Vínculos Empregatícios Total no Emprego Formal";"Rio Capim";"Concórdia do Pará";"-";"2020";1717
"Social";"Mercado de Trabalho";"Vínculos Empregatícios Total no Emprego Formal";"Rio Capim";"Concórdia do Pará";"-";"2021";2960
"Social";"Mercado de Trabalho";"Vínculos Empregatícios Total no Emprego Formal";"Rio Capim";"Concórdia do Pará";"-";"2022";2434
"Social";"Mercado de Trabalho";"Vínculos Empregatícios Total no Emprego Formal";"Rio Capim";"Concórdia do Pará";"-";"2023";2745
"Social";"Mercado de Trabalho";"Vínculos Empregatícios Total no Emprego Formal";"Araguaia";"Cumaru do Norte";"-";"2009";1738
"Social";"Mercado de Trabalho";"Vínculos Empregatícios Total no Emprego Formal";"Araguaia";"Cumaru do Norte";"-";"2010";1823
"Social";"Mercado de Trabalho";"Vínculos Empregatícios Total no Emprego Formal";"Araguaia";"Cumaru do Norte";"-";"2011";1836
"Social";"Mercado de Trabalho";"Vínculos Empregatícios Total no Emprego Formal";"Araguaia";"Cumaru do Norte";"-";"2012";1857
"Social";"Mercado de Trabalho";"Vínculos Empregatícios Total no Emprego Formal";"Araguaia";"Cumaru do Norte";"-";"2013";2063
"Social";"Mercado de Trabalho";"Vínculos Empregatícios Total no Emprego Formal";"Araguaia";"Cumaru do Norte";"-";"2014";1720
"Social";"Mercado de Trabalho";"Vínculos Empregatícios Total no Emprego Formal";"Araguaia";"Cumaru do Norte";"-";"2015";1712
"Social";"Mercado de Trabalho";"Vínculos Empregatícios Total no Emprego Formal";"Araguaia";"Cumaru do Norte";"-";"2016";1562
"Social";"Mercado de Trabalho";"Vínculos Empregatícios Total no Emprego Formal";"Araguaia";"Cumaru do Norte";"-";"2017";1555
"Social";"Mercado de Trabalho";"Vínculos Empregatícios Total no Emprego Formal";"Araguaia";"Cumaru do Norte";"-";"2018";1789
"Social";"Mercado de Trabalho";"Vínculos Empregatícios Total no Emprego Formal";"Araguaia";"Cumaru do Norte";"-";"2019";1820
"Social";"Mercado de Trabalho";"Vínculos Empregatícios Total no Emprego Formal";"Araguaia";"Cumaru do Norte";"-";"2020";1527
"Social";"Mercado de Trabalho";"Vínculos Empregatícios Total no Emprego Formal";"Araguaia";"Cumaru do Norte";"-";"2021";1684
"Social";"Mercado de Trabalho";"Vínculos Empregatícios Total no Emprego Formal";"Araguaia";"Cumaru do Norte";"-";"2022";2084
"Social";"Mercado de Trabalho";"Vínculos Empregatícios Total no Emprego Formal";"Araguaia";"Cumaru do Norte";"-";"2023";1582
"Social";"Mercado de Trabalho";"Vínculos Empregatícios Total no Emprego Formal";"Carajás";"Curionópolis";"-";"2009";1035
"Social";"Mercado de Trabalho";"Vínculos Empregatícios Total no Emprego Formal";"Carajás";"Curionópolis";"-";"2010";1138
"Social";"Mercado de Trabalho";"Vínculos Empregatícios Total no Emprego Formal";"Carajás";"Curionópolis";"-";"2011";2333
"Social";"Mercado de Trabalho";"Vínculos Empregatícios Total no Emprego Formal";"Carajás";"Curionópolis";"-";"2012";2884
"Social";"Mercado de Trabalho";"Vínculos Empregatícios Total no Emprego Formal";"Carajás";"Curionópolis";"-";"2013";2316
"Social";"Mercado de Trabalho";"Vínculos Empregatícios Total no Emprego Formal";"Carajás";"Curionópolis";"-";"2014";2795
"Social";"Mercado de Trabalho";"Vínculos Empregatícios Total no Emprego Formal";"Carajás";"Curionópolis";"-";"2015";1738
"Social";"Mercado de Trabalho";"Vínculos Empregatícios Total no Emprego Formal";"Carajás";"Curionópolis";"-";"2016";1367
"Social";"Mercado de Trabalho";"Vínculos Empregatícios Total no Emprego Formal";"Carajás";"Curionópolis";"-";"2017";2552
"Social";"Mercado de Trabalho";"Vínculos Empregatícios Total no Emprego Formal";"Carajás";"Curionópolis";"-";"2018";2465
"Social";"Mercado de Trabalho";"Vínculos Empregatícios Total no Emprego Formal";"Carajás";"Curionópolis";"-";"2019";2038
"Social";"Mercado de Trabalho";"Vínculos Empregatícios Total no Emprego Formal";"Carajás";"Curionópolis";"-";"2020";1996
"Social";"Mercado de Trabalho";"Vínculos Empregatícios Total no Emprego Formal";"Carajás";"Curionópolis";"-";"2021";3256
"Social";"Mercado de Trabalho";"Vínculos Empregatícios Total no Emprego Formal";"Carajás";"Curionópolis";"-";"2022";4662
"Social";"Mercado de Trabalho";"Vínculos Empregatícios Total no Emprego Formal";"Carajás";"Curionópolis";"-";"2023";2495
"Social";"Mercado de Trabalho";"Vínculos Empregatícios Total no Emprego Formal";"Marajó";"Curralinho";"-";"2009";831
"Social";"Mercado de Trabalho";"Vínculos Empregatícios Total no Emprego Formal";"Marajó";"Curralinho";"-";"2010";810
"Social";"Mercado de Trabalho";"Vínculos Empregatícios Total no Emprego Formal";"Marajó";"Curralinho";"-";"2011";875
"Social";"Mercado de Trabalho";"Vínculos Empregatícios Total no Emprego Formal";"Marajó";"Curralinho";"-";"2012";881
"Social";"Mercado de Trabalho";"Vínculos Empregatícios Total no Emprego Formal";"Marajó";"Curralinho";"-";"2013";54
"Social";"Mercado de Trabalho";"Vínculos Empregatícios Total no Emprego Formal";"Marajó";"Curralinho";"-";"2014";927
"Social";"Mercado de Trabalho";"Vínculos Empregatícios Total no Emprego Formal";"Marajó";"Curralinho";"-";"2015";1071
"Social";"Mercado de Trabalho";"Vínculos Empregatícios Total no Emprego Formal";"Marajó";"Curralinho";"-";"2016";1313
"Social";"Mercado de Trabalho";"Vínculos Empregatícios Total no Emprego Formal";"Marajó";"Curralinho";"-";"2017";1636
"Social";"Mercado de Trabalho";"Vínculos Empregatícios Total no Emprego Formal";"Marajó";"Curralinho";"-";"2018";1840
"Social";"Mercado de Trabalho";"Vínculos Empregatícios Total no Emprego Formal";"Marajó";"Curralinho";"-";"2019";1837
"Social";"Mercado de Trabalho";"Vínculos Empregatícios Total no Emprego Formal";"Marajó";"Curralinho";"-";"2020";1246
"Social";"Mercado de Trabalho";"Vínculos Empregatícios Total no Emprego Formal";"Marajó";"Curralinho";"-";"2021";1659
"Social";"Mercado de Trabalho";"Vínculos Empregatícios Total no Emprego Formal";"Marajó";"Curralinho";"-";"2022";1221
"Social";"Mercado de Trabalho";"Vínculos Empregatícios Total no Emprego Formal";"Marajó";"Curralinho";"-";"2023";49
"Social";"Mercado de Trabalho";"Vínculos Empregatícios Total no Emprego Formal";"Baixo Amazonas";"Curuá";"-";"2009";534
"Social";"Mercado de Trabalho";"Vínculos Empregatícios Total no Emprego Formal";"Baixo Amazonas";"Curuá";"-";"2010";866
"Social";"Mercado de Trabalho";"Vínculos Empregatícios Total no Emprego Formal";"Baixo Amazonas";"Curuá";"-";"2011";1183
"Social";"Mercado de Trabalho";"Vínculos Empregatícios Total no Emprego Formal";"Baixo Amazonas";"Curuá";"-";"2012";543
"Social";"Mercado de Trabalho";"Vínculos Empregatícios Total no Emprego Formal";"Baixo Amazonas";"Curuá";"-";"2013";685
"Social";"Mercado de Trabalho";"Vínculos Empregatícios Total no Emprego Formal";"Baixo Amazonas";"Curuá";"-";"2014";1016
"Social";"Mercado de Trabalho";"Vínculos Empregatícios Total no Emprego Formal";"Baixo Amazonas";"Curuá";"-";"2015";1033
"Social";"Mercado de Trabalho";"Vínculos Empregatícios Total no Emprego Formal";"Baixo Amazonas";"Curuá";"-";"2016";890
"Social";"Mercado de Trabalho";"Vínculos Empregatícios Total no Emprego Formal";"Baixo Amazonas";"Curuá";"-";"2017";870
"Social";"Mercado de Trabalho";"Vínculos Empregatícios Total no Emprego Formal";"Baixo Amazonas";"Curuá";"-";"2018";853
"Social";"Mercado de Trabalho";"Vínculos Empregatícios Total no Emprego Formal";"Baixo Amazonas";"Curuá";"-";"2019";936
"Social";"Mercado de Trabalho";"Vínculos Empregatícios Total no Emprego Formal";"Baixo Amazonas";"Curuá";"-";"2020";789
"Social";"Mercado de Trabalho";"Vínculos Empregatícios Total no Emprego Formal";"Baixo Amazonas";"Curuá";"-";"2021";1016
"Social";"Mercado de Trabalho";"Vínculos Empregatícios Total no Emprego Formal";"Baixo Amazonas";"Curuá";"-";"2022";1111
"Social";"Mercado de Trabalho";"Vínculos Empregatícios Total no Emprego Formal";"Baixo Amazonas";"Curuá";"-";"2023";54
"Social";"Mercado de Trabalho";"Vínculos Empregatícios Total no Emprego Formal";"Guamá";"Curuçá";"-";"2009";1162
"Social";"Mercado de Trabalho";"Vínculos Empregatícios Total no Emprego Formal";"Guamá";"Curuçá";"-";"2010";1259
"Social";"Mercado de Trabalho";"Vínculos Empregatícios Total no Emprego Formal";"Guamá";"Curuçá";"-";"2011";1753
"Social";"Mercado de Trabalho";"Vínculos Empregatícios Total no Emprego Formal";"Guamá";"Curuçá";"-";"2012";2177
"Social";"Mercado de Trabalho";"Vínculos Empregatícios Total no Emprego Formal";"Guamá";"Curuçá";"-";"2013";1570
"Social";"Mercado de Trabalho";"Vínculos Empregatícios Total no Emprego Formal";"Guamá";"Curuçá";"-";"2014";1562
"Social";"Mercado de Trabalho";"Vínculos Empregatícios Total no Emprego Formal";"Guamá";"Curuçá";"-";"2015";1042
"Social";"Mercado de Trabalho";"Vínculos Empregatícios Total no Emprego Formal";"Guamá";"Curuçá";"-";"2016";1254
"Social";"Mercado de Trabalho";"Vínculos Empregatícios Total no Emprego Formal";"Guamá";"Curuçá";"-";"2017";1666
"Social";"Mercado de Trabalho";"Vínculos Empregatícios Total no Emprego Formal";"Guamá";"Curuçá";"-";"2018";1782
"Social";"Mercado de Trabalho";"Vínculos Empregatícios Total no Emprego Formal";"Guamá";"Curuçá";"-";"2019";2060
"Social";"Mercado de Trabalho";"Vínculos Empregatícios Total no Emprego Formal";"Guamá";"Curuçá";"-";"2020";1499
"Social";"Mercado de Trabalho";"Vínculos Empregatícios Total no Emprego Formal";"Guamá";"Curuçá";"-";"2021";2084
"Social";"Mercado de Trabalho";"Vínculos Empregatícios Total no Emprego Formal";"Guamá";"Curuçá";"-";"2022";2049
"Social";"Mercado de Trabalho";"Vínculos Empregatícios Total no Emprego Formal";"Guamá";"Curuçá";"-";"2023";660
"Social";"Mercado de Trabalho";"Vínculos Empregatícios Total no Emprego Formal";"Rio Capim";"Dom Eliseu";"-";"2009";4879
"Social";"Mercado de Trabalho";"Vínculos Empregatícios Total no Emprego Formal";"Rio Capim";"Dom Eliseu";"-";"2010";5392
"Social";"Mercado de Trabalho";"Vínculos Empregatícios Total no Emprego Formal";"Rio Capim";"Dom Eliseu";"-";"2011";5095
"Social";"Mercado de Trabalho";"Vínculos Empregatícios Total no Emprego Formal";"Rio Capim";"Dom Eliseu";"-";"2012";5384
"Social";"Mercado de Trabalho";"Vínculos Empregatícios Total no Emprego Formal";"Rio Capim";"Dom Eliseu";"-";"2013";5374
"Social";"Mercado de Trabalho";"Vínculos Empregatícios Total no Emprego Formal";"Rio Capim";"Dom Eliseu";"-";"2014";5519
"Social";"Mercado de Trabalho";"Vínculos Empregatícios Total no Emprego Formal";"Rio Capim";"Dom Eliseu";"-";"2015";5304
"Social";"Mercado de Trabalho";"Vínculos Empregatícios Total no Emprego Formal";"Rio Capim";"Dom Eliseu";"-";"2016";5133
"Social";"Mercado de Trabalho";"Vínculos Empregatícios Total no Emprego Formal";"Rio Capim";"Dom Eliseu";"-";"2017";4955
"Social";"Mercado de Trabalho";"Vínculos Empregatícios Total no Emprego Formal";"Rio Capim";"Dom Eliseu";"-";"2018";4715
"Social";"Mercado de Trabalho";"Vínculos Empregatícios Total no Emprego Formal";"Rio Capim";"Dom Eliseu";"-";"2019";4255
"Social";"Mercado de Trabalho";"Vínculos Empregatícios Total no Emprego Formal";"Rio Capim";"Dom Eliseu";"-";"2020";3926
"Social";"Mercado de Trabalho";"Vínculos Empregatícios Total no Emprego Formal";"Rio Capim";"Dom Eliseu";"-";"2021";5152
"Social";"Mercado de Trabalho";"Vínculos Empregatícios Total no Emprego Formal";"Rio Capim";"Dom Eliseu";"-";"2022";5430
"Social";"Mercado de Trabalho";"Vínculos Empregatícios Total no Emprego Formal";"Rio Capim";"Dom Eliseu";"-";"2023";4156
"Social";"Mercado de Trabalho";"Vínculos Empregatícios Total no Emprego Formal";"Carajás";"Eldorado do Carajás";"-";"2009";927
"Social";"Mercado de Trabalho";"Vínculos Empregatícios Total no Emprego Formal";"Carajás";"Eldorado do Carajás";"-";"2010";2181
"Social";"Mercado de Trabalho";"Vínculos Empregatícios Total no Emprego Formal";"Carajás";"Eldorado do Carajás";"-";"2011";2361
"Social";"Mercado de Trabalho";"Vínculos Empregatícios Total no Emprego Formal";"Carajás";"Eldorado do Carajás";"-";"2012";769
"Social";"Mercado de Trabalho";"Vínculos Empregatícios Total no Emprego Formal";"Carajás";"Eldorado do Carajás";"-";"2013";2729
"Social";"Mercado de Trabalho";"Vínculos Empregatícios Total no Emprego Formal";"Carajás";"Eldorado do Carajás";"-";"2014";2566
"Social";"Mercado de Trabalho";"Vínculos Empregatícios Total no Emprego Formal";"Carajás";"Eldorado do Carajás";"-";"2015";2020
"Social";"Mercado de Trabalho";"Vínculos Empregatícios Total no Emprego Formal";"Carajás";"Eldorado do Carajás";"-";"2016";2169
"Social";"Mercado de Trabalho";"Vínculos Empregatícios Total no Emprego Formal";"Carajás";"Eldorado do Carajás";"-";"2017";1756
"Social";"Mercado de Trabalho";"Vínculos Empregatícios Total no Emprego Formal";"Carajás";"Eldorado do Carajás";"-";"2018";1876
"Social";"Mercado de Trabalho";"Vínculos Empregatícios Total no Emprego Formal";"Carajás";"Eldorado do Carajás";"-";"2019";2057
"Social";"Mercado de Trabalho";"Vínculos Empregatícios Total no Emprego Formal";"Carajás";"Eldorado do Carajás";"-";"2020";2527
"Social";"Mercado de Trabalho";"Vínculos Empregatícios Total no Emprego Formal";"Carajás";"Eldorado do Carajás";"-";"2021";2237
"Social";"Mercado de Trabalho";"Vínculos Empregatícios Total no Emprego Formal";"Carajás";"Eldorado do Carajás";"-";"2022";2336
"Social";"Mercado de Trabalho";"Vínculos Empregatícios Total no Emprego Formal";"Carajás";"Eldorado do Carajás";"-";"2023";1297
"Social";"Mercado de Trabalho";"Vínculos Empregatícios Total no Emprego Formal";"Baixo Amazonas";"Faro";"-";"2009";364
"Social";"Mercado de Trabalho";"Vínculos Empregatícios Total no Emprego Formal";"Baixo Amazonas";"Faro";"-";"2010";580
"Social";"Mercado de Trabalho";"Vínculos Empregatícios Total no Emprego Formal";"Baixo Amazonas";"Faro";"-";"2011";586
"Social";"Mercado de Trabalho";"Vínculos Empregatícios Total no Emprego Formal";"Baixo Amazonas";"Faro";"-";"2012";537
"Social";"Mercado de Trabalho";"Vínculos Empregatícios Total no Emprego Formal";"Baixo Amazonas";"Faro";"-";"2013";614
"Social";"Mercado de Trabalho";"Vínculos Empregatícios Total no Emprego Formal";"Baixo Amazonas";"Faro";"-";"2014";619
"Social";"Mercado de Trabalho";"Vínculos Empregatícios Total no Emprego Formal";"Baixo Amazonas";"Faro";"-";"2015";596
"Social";"Mercado de Trabalho";"Vínculos Empregatícios Total no Emprego Formal";"Baixo Amazonas";"Faro";"-";"2016";542
"Social";"Mercado de Trabalho";"Vínculos Empregatícios Total no Emprego Formal";"Baixo Amazonas";"Faro";"-";"2017";571
"Social";"Mercado de Trabalho";"Vínculos Empregatícios Total no Emprego Formal";"Baixo Amazonas";"Faro";"-";"2018";570
"Social";"Mercado de Trabalho";"Vínculos Empregatícios Total no Emprego Formal";"Baixo Amazonas";"Faro";"-";"2019";475
"Social";"Mercado de Trabalho";"Vínculos Empregatícios Total no Emprego Formal";"Baixo Amazonas";"Faro";"-";"2020";533
"Social";"Mercado de Trabalho";"Vínculos Empregatícios Total no Emprego Formal";"Baixo Amazonas";"Faro";"-";"2021";594
"Social";"Mercado de Trabalho";"Vínculos Empregatícios Total no Emprego Formal";"Baixo Amazonas";"Faro";"-";"2022";618
"Social";"Mercado de Trabalho";"Vínculos Empregatícios Total no Emprego Formal";"Baixo Amazonas";"Faro";"-";"2023";87
"Social";"Mercado de Trabalho";"Vínculos Empregatícios Total no Emprego Formal";"Araguaia";"Floresta do Araguaia";"-";"2009";1292
"Social";"Mercado de Trabalho";"Vínculos Empregatícios Total no Emprego Formal";"Araguaia";"Floresta do Araguaia";"-";"2010";1307
"Social";"Mercado de Trabalho";"Vínculos Empregatícios Total no Emprego Formal";"Araguaia";"Floresta do Araguaia";"-";"2011";1437
"Social";"Mercado de Trabalho";"Vínculos Empregatícios Total no Emprego Formal";"Araguaia";"Floresta do Araguaia";"-";"2012";1469
"Social";"Mercado de Trabalho";"Vínculos Empregatícios Total no Emprego Formal";"Araguaia";"Floresta do Araguaia";"-";"2013";1478
"Social";"Mercado de Trabalho";"Vínculos Empregatícios Total no Emprego Formal";"Araguaia";"Floresta do Araguaia";"-";"2014";1397
"Social";"Mercado de Trabalho";"Vínculos Empregatícios Total no Emprego Formal";"Araguaia";"Floresta do Araguaia";"-";"2015";1136
"Social";"Mercado de Trabalho";"Vínculos Empregatícios Total no Emprego Formal";"Araguaia";"Floresta do Araguaia";"-";"2016";1036
"Social";"Mercado de Trabalho";"Vínculos Empregatícios Total no Emprego Formal";"Araguaia";"Floresta do Araguaia";"-";"2017";1055
"Social";"Mercado de Trabalho";"Vínculos Empregatícios Total no Emprego Formal";"Araguaia";"Floresta do Araguaia";"-";"2018";1164
"Social";"Mercado de Trabalho";"Vínculos Empregatícios Total no Emprego Formal";"Araguaia";"Floresta do Araguaia";"-";"2019";1406
"Social";"Mercado de Trabalho";"Vínculos Empregatícios Total no Emprego Formal";"Araguaia";"Floresta do Araguaia";"-";"2020";1136
"Social";"Mercado de Trabalho";"Vínculos Empregatícios Total no Emprego Formal";"Araguaia";"Floresta do Araguaia";"-";"2021";1432
"Social";"Mercado de Trabalho";"Vínculos Empregatícios Total no Emprego Formal";"Araguaia";"Floresta do Araguaia";"-";"2022";1784
"Social";"Mercado de Trabalho";"Vínculos Empregatícios Total no Emprego Formal";"Araguaia";"Floresta do Araguaia";"-";"2023";818
"Social";"Mercado de Trabalho";"Vínculos Empregatícios Total no Emprego Formal";"Rio Capim";"Garrafão do Norte";"-";"2009";780
"Social";"Mercado de Trabalho";"Vínculos Empregatícios Total no Emprego Formal";"Rio Capim";"Garrafão do Norte";"-";"2010";919
"Social";"Mercado de Trabalho";"Vínculos Empregatícios Total no Emprego Formal";"Rio Capim";"Garrafão do Norte";"-";"2011";1003
"Social";"Mercado de Trabalho";"Vínculos Empregatícios Total no Emprego Formal";"Rio Capim";"Garrafão do Norte";"-";"2012";1397
"Social";"Mercado de Trabalho";"Vínculos Empregatícios Total no Emprego Formal";"Rio Capim";"Garrafão do Norte";"-";"2013";2274
"Social";"Mercado de Trabalho";"Vínculos Empregatícios Total no Emprego Formal";"Rio Capim";"Garrafão do Norte";"-";"2014";1995
"Social";"Mercado de Trabalho";"Vínculos Empregatícios Total no Emprego Formal";"Rio Capim";"Garrafão do Norte";"-";"2015";1165
"Social";"Mercado de Trabalho";"Vínculos Empregatícios Total no Emprego Formal";"Rio Capim";"Garrafão do Norte";"-";"2016";1739
"Social";"Mercado de Trabalho";"Vínculos Empregatícios Total no Emprego Formal";"Rio Capim";"Garrafão do Norte";"-";"2017";1234
"Social";"Mercado de Trabalho";"Vínculos Empregatícios Total no Emprego Formal";"Rio Capim";"Garrafão do Norte";"-";"2018";1325
"Social";"Mercado de Trabalho";"Vínculos Empregatícios Total no Emprego Formal";"Rio Capim";"Garrafão do Norte";"-";"2019";1696
"Social";"Mercado de Trabalho";"Vínculos Empregatícios Total no Emprego Formal";"Rio Capim";"Garrafão do Norte";"-";"2020";1193
"Social";"Mercado de Trabalho";"Vínculos Empregatícios Total no Emprego Formal";"Rio Capim";"Garrafão do Norte";"-";"2021";2138
"Social";"Mercado de Trabalho";"Vínculos Empregatícios Total no Emprego Formal";"Rio Capim";"Garrafão do Norte";"-";"2022";2446
"Social";"Mercado de Trabalho";"Vínculos Empregatícios Total no Emprego Formal";"Rio Capim";"Garrafão do Norte";"-";"2023";1046
"Social";"Mercado de Trabalho";"Vínculos Empregatícios Total no Emprego Formal";"Lago de Tucuruí";"Goianésia do Pará";"-";"2009";2726
"Social";"Mercado de Trabalho";"Vínculos Empregatícios Total no Emprego Formal";"Lago de Tucuruí";"Goianésia do Pará";"-";"2010";3110
"Social";"Mercado de Trabalho";"Vínculos Empregatícios Total no Emprego Formal";"Lago de Tucuruí";"Goianésia do Pará";"-";"2011";3088
"Social";"Mercado de Trabalho";"Vínculos Empregatícios Total no Emprego Formal";"Lago de Tucuruí";"Goianésia do Pará";"-";"2012";2547
"Social";"Mercado de Trabalho";"Vínculos Empregatícios Total no Emprego Formal";"Lago de Tucuruí";"Goianésia do Pará";"-";"2013";2788
"Social";"Mercado de Trabalho";"Vínculos Empregatícios Total no Emprego Formal";"Lago de Tucuruí";"Goianésia do Pará";"-";"2014";3366
"Social";"Mercado de Trabalho";"Vínculos Empregatícios Total no Emprego Formal";"Lago de Tucuruí";"Goianésia do Pará";"-";"2015";3110
"Social";"Mercado de Trabalho";"Vínculos Empregatícios Total no Emprego Formal";"Lago de Tucuruí";"Goianésia do Pará";"-";"2016";2760
"Social";"Mercado de Trabalho";"Vínculos Empregatícios Total no Emprego Formal";"Lago de Tucuruí";"Goianésia do Pará";"-";"2017";3058
"Social";"Mercado de Trabalho";"Vínculos Empregatícios Total no Emprego Formal";"Lago de Tucuruí";"Goianésia do Pará";"-";"2018";2641
"Social";"Mercado de Trabalho";"Vínculos Empregatícios Total no Emprego Formal";"Lago de Tucuruí";"Goianésia do Pará";"-";"2019";2713
"Social";"Mercado de Trabalho";"Vínculos Empregatícios Total no Emprego Formal";"Lago de Tucuruí";"Goianésia do Pará";"-";"2020";3008
"Social";"Mercado de Trabalho";"Vínculos Empregatícios Total no Emprego Formal";"Lago de Tucuruí";"Goianésia do Pará";"-";"2021";3260
"Social";"Mercado de Trabalho";"Vínculos Empregatícios Total no Emprego Formal";"Lago de Tucuruí";"Goianésia do Pará";"-";"2022";2656
"Social";"Mercado de Trabalho";"Vínculos Empregatícios Total no Emprego Formal";"Lago de Tucuruí";"Goianésia do Pará";"-";"2023";1675
"Social";"Mercado de Trabalho";"Vínculos Empregatícios Total no Emprego Formal";"Marajó";"Gurupá";"-";"2009";1543
"Social";"Mercado de Trabalho";"Vínculos Empregatícios Total no Emprego Formal";"Marajó";"Gurupá";"-";"2010";1511
"Social";"Mercado de Trabalho";"Vínculos Empregatícios Total no Emprego Formal";"Marajó";"Gurupá";"-";"2011";1737
"Social";"Mercado de Trabalho";"Vínculos Empregatícios Total no Emprego Formal";"Marajó";"Gurupá";"-";"2012";1865
"Social";"Mercado de Trabalho";"Vínculos Empregatícios Total no Emprego Formal";"Marajó";"Gurupá";"-";"2013";1589
"Social";"Mercado de Trabalho";"Vínculos Empregatícios Total no Emprego Formal";"Marajó";"Gurupá";"-";"2014";2001
"Social";"Mercado de Trabalho";"Vínculos Empregatícios Total no Emprego Formal";"Marajó";"Gurupá";"-";"2015";1649
"Social";"Mercado de Trabalho";"Vínculos Empregatícios Total no Emprego Formal";"Marajó";"Gurupá";"-";"2016";1529
"Social";"Mercado de Trabalho";"Vínculos Empregatícios Total no Emprego Formal";"Marajó";"Gurupá";"-";"2017";1648
"Social";"Mercado de Trabalho";"Vínculos Empregatícios Total no Emprego Formal";"Marajó";"Gurupá";"-";"2018";1761
"Social";"Mercado de Trabalho";"Vínculos Empregatícios Total no Emprego Formal";"Marajó";"Gurupá";"-";"2019";1836
"Social";"Mercado de Trabalho";"Vínculos Empregatícios Total no Emprego Formal";"Marajó";"Gurupá";"-";"2020";1553
"Social";"Mercado de Trabalho";"Vínculos Empregatícios Total no Emprego Formal";"Marajó";"Gurupá";"-";"2021";2620
"Social";"Mercado de Trabalho";"Vínculos Empregatícios Total no Emprego Formal";"Marajó";"Gurupá";"-";"2022";2835
"Social";"Mercado de Trabalho";"Vínculos Empregatícios Total no Emprego Formal";"Marajó";"Gurupá";"-";"2023";113
"Social";"Mercado de Trabalho";"Vínculos Empregatícios Total no Emprego Formal";"Guamá";"Igarapé-Açu";"-";"2009";1977
"Social";"Mercado de Trabalho";"Vínculos Empregatícios Total no Emprego Formal";"Guamá";"Igarapé-Açu";"-";"2010";2780
"Social";"Mercado de Trabalho";"Vínculos Empregatícios Total no Emprego Formal";"Guamá";"Igarapé-Açu";"-";"2011";2428
"Social";"Mercado de Trabalho";"Vínculos Empregatícios Total no Emprego Formal";"Guamá";"Igarapé-Açu";"-";"2012";1933
"Social";"Mercado de Trabalho";"Vínculos Empregatícios Total no Emprego Formal";"Guamá";"Igarapé-Açu";"-";"2013";2622
"Social";"Mercado de Trabalho";"Vínculos Empregatícios Total no Emprego Formal";"Guamá";"Igarapé-Açu";"-";"2014";2576
"Social";"Mercado de Trabalho";"Vínculos Empregatícios Total no Emprego Formal";"Guamá";"Igarapé-Açu";"-";"2015";2660
"Social";"Mercado de Trabalho";"Vínculos Empregatícios Total no Emprego Formal";"Guamá";"Igarapé-Açu";"-";"2016";2441
"Social";"Mercado de Trabalho";"Vínculos Empregatícios Total no Emprego Formal";"Guamá";"Igarapé-Açu";"-";"2017";2330
"Social";"Mercado de Trabalho";"Vínculos Empregatícios Total no Emprego Formal";"Guamá";"Igarapé-Açu";"-";"2018";2350
"Social";"Mercado de Trabalho";"Vínculos Empregatícios Total no Emprego Formal";"Guamá";"Igarapé-Açu";"-";"2019";2369
"Social";"Mercado de Trabalho";"Vínculos Empregatícios Total no Emprego Formal";"Guamá";"Igarapé-Açu";"-";"2020";2187
"Social";"Mercado de Trabalho";"Vínculos Empregatícios Total no Emprego Formal";"Guamá";"Igarapé-Açu";"-";"2021";2282
"Social";"Mercado de Trabalho";"Vínculos Empregatícios Total no Emprego Formal";"Guamá";"Igarapé-Açu";"-";"2022";3094
"Social";"Mercado de Trabalho";"Vínculos Empregatícios Total no Emprego Formal";"Guamá";"Igarapé-Açu";"-";"2023";1902
"Social";"Mercado de Trabalho";"Vínculos Empregatícios Total no Emprego Formal";"Tocantins";"Igarapé-Miri";"-";"2009";3510
"Social";"Mercado de Trabalho";"Vínculos Empregatícios Total no Emprego Formal";"Tocantins";"Igarapé-Miri";"-";"2010";3300
"Social";"Mercado de Trabalho";"Vínculos Empregatícios Total no Emprego Formal";"Tocantins";"Igarapé-Miri";"-";"2011";3239
"Social";"Mercado de Trabalho";"Vínculos Empregatícios Total no Emprego Formal";"Tocantins";"Igarapé-Miri";"-";"2012";3120
"Social";"Mercado de Trabalho";"Vínculos Empregatícios Total no Emprego Formal";"Tocantins";"Igarapé-Miri";"-";"2013";3795
"Social";"Mercado de Trabalho";"Vínculos Empregatícios Total no Emprego Formal";"Tocantins";"Igarapé-Miri";"-";"2014";3617
"Social";"Mercado de Trabalho";"Vínculos Empregatícios Total no Emprego Formal";"Tocantins";"Igarapé-Miri";"-";"2015";3724
"Social";"Mercado de Trabalho";"Vínculos Empregatícios Total no Emprego Formal";"Tocantins";"Igarapé-Miri";"-";"2016";3489
"Social";"Mercado de Trabalho";"Vínculos Empregatícios Total no Emprego Formal";"Tocantins";"Igarapé-Miri";"-";"2017";3817
"Social";"Mercado de Trabalho";"Vínculos Empregatícios Total no Emprego Formal";"Tocantins";"Igarapé-Miri";"-";"2018";3682
"Social";"Mercado de Trabalho";"Vínculos Empregatícios Total no Emprego Formal";"Tocantins";"Igarapé-Miri";"-";"2019";3191
"Social";"Mercado de Trabalho";"Vínculos Empregatícios Total no Emprego Formal";"Tocantins";"Igarapé-Miri";"-";"2020";3116
"Social";"Mercado de Trabalho";"Vínculos Empregatícios Total no Emprego Formal";"Tocantins";"Igarapé-Miri";"-";"2021";954
"Social";"Mercado de Trabalho";"Vínculos Empregatícios Total no Emprego Formal";"Tocantins";"Igarapé-Miri";"-";"2022";3074
"Social";"Mercado de Trabalho";"Vínculos Empregatícios Total no Emprego Formal";"Tocantins";"Igarapé-Miri";"-";"2023";1140
"Social";"Mercado de Trabalho";"Vínculos Empregatícios Total no Emprego Formal";"Guamá";"Inhangapi";"-";"2009";649
"Social";"Mercado de Trabalho";"Vínculos Empregatícios Total no Emprego Formal";"Guamá";"Inhangapi";"-";"2010";685
"Social";"Mercado de Trabalho";"Vínculos Empregatícios Total no Emprego Formal";"Guamá";"Inhangapi";"-";"2011";908
"Social";"Mercado de Trabalho";"Vínculos Empregatícios Total no Emprego Formal";"Guamá";"Inhangapi";"-";"2012";687
"Social";"Mercado de Trabalho";"Vínculos Empregatícios Total no Emprego Formal";"Guamá";"Inhangapi";"-";"2013";994
"Social";"Mercado de Trabalho";"Vínculos Empregatícios Total no Emprego Formal";"Guamá";"Inhangapi";"-";"2014";966
"Social";"Mercado de Trabalho";"Vínculos Empregatícios Total no Emprego Formal";"Guamá";"Inhangapi";"-";"2015";959
"Social";"Mercado de Trabalho";"Vínculos Empregatícios Total no Emprego Formal";"Guamá";"Inhangapi";"-";"2016";849
"Social";"Mercado de Trabalho";"Vínculos Empregatícios Total no Emprego Formal";"Guamá";"Inhangapi";"-";"2017";931
"Social";"Mercado de Trabalho";"Vínculos Empregatícios Total no Emprego Formal";"Guamá";"Inhangapi";"-";"2018";936
"Social";"Mercado de Trabalho";"Vínculos Empregatícios Total no Emprego Formal";"Guamá";"Inhangapi";"-";"2019";1009
"Social";"Mercado de Trabalho";"Vínculos Empregatícios Total no Emprego Formal";"Guamá";"Inhangapi";"-";"2020";1002
"Social";"Mercado de Trabalho";"Vínculos Empregatícios Total no Emprego Formal";"Guamá";"Inhangapi";"-";"2021";1025
"Social";"Mercado de Trabalho";"Vínculos Empregatícios Total no Emprego Formal";"Guamá";"Inhangapi";"-";"2022";1032
"Social";"Mercado de Trabalho";"Vínculos Empregatícios Total no Emprego Formal";"Guamá";"Inhangapi";"-";"2023";508
"Social";"Mercado de Trabalho";"Vínculos Empregatícios Total no Emprego Formal";"Rio Capim";"Ipixuna do Pará";"-";"2009";2120
"Social";"Mercado de Trabalho";"Vínculos Empregatícios Total no Emprego Formal";"Rio Capim";"Ipixuna do Pará";"-";"2010";1494
"Social";"Mercado de Trabalho";"Vínculos Empregatícios Total no Emprego Formal";"Rio Capim";"Ipixuna do Pará";"-";"2011";2525
"Social";"Mercado de Trabalho";"Vínculos Empregatícios Total no Emprego Formal";"Rio Capim";"Ipixuna do Pará";"-";"2012";2386
"Social";"Mercado de Trabalho";"Vínculos Empregatícios Total no Emprego Formal";"Rio Capim";"Ipixuna do Pará";"-";"2013";2963
"Social";"Mercado de Trabalho";"Vínculos Empregatícios Total no Emprego Formal";"Rio Capim";"Ipixuna do Pará";"-";"2014";2682
"Social";"Mercado de Trabalho";"Vínculos Empregatícios Total no Emprego Formal";"Rio Capim";"Ipixuna do Pará";"-";"2015";2726
"Social";"Mercado de Trabalho";"Vínculos Empregatícios Total no Emprego Formal";"Rio Capim";"Ipixuna do Pará";"-";"2016";2059
"Social";"Mercado de Trabalho";"Vínculos Empregatícios Total no Emprego Formal";"Rio Capim";"Ipixuna do Pará";"-";"2017";2276
"Social";"Mercado de Trabalho";"Vínculos Empregatícios Total no Emprego Formal";"Rio Capim";"Ipixuna do Pará";"-";"2018";2505
"Social";"Mercado de Trabalho";"Vínculos Empregatícios Total no Emprego Formal";"Rio Capim";"Ipixuna do Pará";"-";"2019";4028
"Social";"Mercado de Trabalho";"Vínculos Empregatícios Total no Emprego Formal";"Rio Capim";"Ipixuna do Pará";"-";"2020";2730
"Social";"Mercado de Trabalho";"Vínculos Empregatícios Total no Emprego Formal";"Rio Capim";"Ipixuna do Pará";"-";"2021";2862
"Social";"Mercado de Trabalho";"Vínculos Empregatícios Total no Emprego Formal";"Rio Capim";"Ipixuna do Pará";"-";"2022";4612
"Social";"Mercado de Trabalho";"Vínculos Empregatícios Total no Emprego Formal";"Rio Capim";"Ipixuna do Pará";"-";"2023";1585
"Social";"Mercado de Trabalho";"Vínculos Empregatícios Total no Emprego Formal";"Rio Capim";"Irituia";"-";"2009";1320
"Social";"Mercado de Trabalho";"Vínculos Empregatícios Total no Emprego Formal";"Rio Capim";"Irituia";"-";"2010";1328
"Social";"Mercado de Trabalho";"Vínculos Empregatícios Total no Emprego Formal";"Rio Capim";"Irituia";"-";"2011";1332
"Social";"Mercado de Trabalho";"Vínculos Empregatícios Total no Emprego Formal";"Rio Capim";"Irituia";"-";"2012";1360
"Social";"Mercado de Trabalho";"Vínculos Empregatícios Total no Emprego Formal";"Rio Capim";"Irituia";"-";"2013";1430
"Social";"Mercado de Trabalho";"Vínculos Empregatícios Total no Emprego Formal";"Rio Capim";"Irituia";"-";"2014";1826
"Social";"Mercado de Trabalho";"Vínculos Empregatícios Total no Emprego Formal";"Rio Capim";"Irituia";"-";"2015";1824
"Social";"Mercado de Trabalho";"Vínculos Empregatícios Total no Emprego Formal";"Rio Capim";"Irituia";"-";"2016";1726
"Social";"Mercado de Trabalho";"Vínculos Empregatícios Total no Emprego Formal";"Rio Capim";"Irituia";"-";"2017";1138
"Social";"Mercado de Trabalho";"Vínculos Empregatícios Total no Emprego Formal";"Rio Capim";"Irituia";"-";"2018";1768
"Social";"Mercado de Trabalho";"Vínculos Empregatícios Total no Emprego Formal";"Rio Capim";"Irituia";"-";"2019";1718
"Social";"Mercado de Trabalho";"Vínculos Empregatícios Total no Emprego Formal";"Rio Capim";"Irituia";"-";"2020";1322
"Social";"Mercado de Trabalho";"Vínculos Empregatícios Total no Emprego Formal";"Rio Capim";"Irituia";"-";"2021";1644
"Social";"Mercado de Trabalho";"Vínculos Empregatícios Total no Emprego Formal";"Rio Capim";"Irituia";"-";"2022";548
"Social";"Mercado de Trabalho";"Vínculos Empregatícios Total no Emprego Formal";"Rio Capim";"Irituia";"-";"2023";578
"Social";"Mercado de Trabalho";"Vínculos Empregatícios Total no Emprego Formal";"Tapajós";"Itaituba";"-";"2009";6977
"Social";"Mercado de Trabalho";"Vínculos Empregatícios Total no Emprego Formal";"Tapajós";"Itaituba";"-";"2010";8357
"Social";"Mercado de Trabalho";"Vínculos Empregatícios Total no Emprego Formal";"Tapajós";"Itaituba";"-";"2011";7636
"Social";"Mercado de Trabalho";"Vínculos Empregatícios Total no Emprego Formal";"Tapajós";"Itaituba";"-";"2012";8883
"Social";"Mercado de Trabalho";"Vínculos Empregatícios Total no Emprego Formal";"Tapajós";"Itaituba";"-";"2013";9791
"Social";"Mercado de Trabalho";"Vínculos Empregatícios Total no Emprego Formal";"Tapajós";"Itaituba";"-";"2014";10038
"Social";"Mercado de Trabalho";"Vínculos Empregatícios Total no Emprego Formal";"Tapajós";"Itaituba";"-";"2015";10814
"Social";"Mercado de Trabalho";"Vínculos Empregatícios Total no Emprego Formal";"Tapajós";"Itaituba";"-";"2016";11206
"Social";"Mercado de Trabalho";"Vínculos Empregatícios Total no Emprego Formal";"Tapajós";"Itaituba";"-";"2017";11226
"Social";"Mercado de Trabalho";"Vínculos Empregatícios Total no Emprego Formal";"Tapajós";"Itaituba";"-";"2018";11057
"Social";"Mercado de Trabalho";"Vínculos Empregatícios Total no Emprego Formal";"Tapajós";"Itaituba";"-";"2019";11469
"Social";"Mercado de Trabalho";"Vínculos Empregatícios Total no Emprego Formal";"Tapajós";"Itaituba";"-";"2020";12916
"Social";"Mercado de Trabalho";"Vínculos Empregatícios Total no Emprego Formal";"Tapajós";"Itaituba";"-";"2021";15234
"Social";"Mercado de Trabalho";"Vínculos Empregatícios Total no Emprego Formal";"Tapajós";"Itaituba";"-";"2022";17776
"Social";"Mercado de Trabalho";"Vínculos Empregatícios Total no Emprego Formal";"Tapajós";"Itaituba";"-";"2023";15033
"Social";"Mercado de Trabalho";"Vínculos Empregatícios Total no Emprego Formal";"Lago de Tucuruí";"Itupiranga";"-";"2009";2485
"Social";"Mercado de Trabalho";"Vínculos Empregatícios Total no Emprego Formal";"Lago de Tucuruí";"Itupiranga";"-";"2010";2361
"Social";"Mercado de Trabalho";"Vínculos Empregatícios Total no Emprego Formal";"Lago de Tucuruí";"Itupiranga";"-";"2011";2603
"Social";"Mercado de Trabalho";"Vínculos Empregatícios Total no Emprego Formal";"Lago de Tucuruí";"Itupiranga";"-";"2012";2769
"Social";"Mercado de Trabalho";"Vínculos Empregatícios Total no Emprego Formal";"Lago de Tucuruí";"Itupiranga";"-";"2013";3080
"Social";"Mercado de Trabalho";"Vínculos Empregatícios Total no Emprego Formal";"Lago de Tucuruí";"Itupiranga";"-";"2014";3309
"Social";"Mercado de Trabalho";"Vínculos Empregatícios Total no Emprego Formal";"Lago de Tucuruí";"Itupiranga";"-";"2015";2768
"Social";"Mercado de Trabalho";"Vínculos Empregatícios Total no Emprego Formal";"Lago de Tucuruí";"Itupiranga";"-";"2016";2756
"Social";"Mercado de Trabalho";"Vínculos Empregatícios Total no Emprego Formal";"Lago de Tucuruí";"Itupiranga";"-";"2017";3110
"Social";"Mercado de Trabalho";"Vínculos Empregatícios Total no Emprego Formal";"Lago de Tucuruí";"Itupiranga";"-";"2018";2699
"Social";"Mercado de Trabalho";"Vínculos Empregatícios Total no Emprego Formal";"Lago de Tucuruí";"Itupiranga";"-";"2019";2925
"Social";"Mercado de Trabalho";"Vínculos Empregatícios Total no Emprego Formal";"Lago de Tucuruí";"Itupiranga";"-";"2020";2706
"Social";"Mercado de Trabalho";"Vínculos Empregatícios Total no Emprego Formal";"Lago de Tucuruí";"Itupiranga";"-";"2021";2583
"Social";"Mercado de Trabalho";"Vínculos Empregatícios Total no Emprego Formal";"Lago de Tucuruí";"Itupiranga";"-";"2022";2905
"Social";"Mercado de Trabalho";"Vínculos Empregatícios Total no Emprego Formal";"Lago de Tucuruí";"Itupiranga";"-";"2023";1621
"Social";"Mercado de Trabalho";"Vínculos Empregatícios Total no Emprego Formal";"Tapajós";"Jacareacanga";"-";"2009";560
"Social";"Mercado de Trabalho";"Vínculos Empregatícios Total no Emprego Formal";"Tapajós";"Jacareacanga";"-";"2010";620
"Social";"Mercado de Trabalho";"Vínculos Empregatícios Total no Emprego Formal";"Tapajós";"Jacareacanga";"-";"2011";699
"Social";"Mercado de Trabalho";"Vínculos Empregatícios Total no Emprego Formal";"Tapajós";"Jacareacanga";"-";"2012";511
"Social";"Mercado de Trabalho";"Vínculos Empregatícios Total no Emprego Formal";"Tapajós";"Jacareacanga";"-";"2013";769
"Social";"Mercado de Trabalho";"Vínculos Empregatícios Total no Emprego Formal";"Tapajós";"Jacareacanga";"-";"2014";793
"Social";"Mercado de Trabalho";"Vínculos Empregatícios Total no Emprego Formal";"Tapajós";"Jacareacanga";"-";"2015";761
"Social";"Mercado de Trabalho";"Vínculos Empregatícios Total no Emprego Formal";"Tapajós";"Jacareacanga";"-";"2016";666
"Social";"Mercado de Trabalho";"Vínculos Empregatícios Total no Emprego Formal";"Tapajós";"Jacareacanga";"-";"2017";1350
"Social";"Mercado de Trabalho";"Vínculos Empregatícios Total no Emprego Formal";"Tapajós";"Jacareacanga";"-";"2018";748
"Social";"Mercado de Trabalho";"Vínculos Empregatícios Total no Emprego Formal";"Tapajós";"Jacareacanga";"-";"2019";757
"Social";"Mercado de Trabalho";"Vínculos Empregatícios Total no Emprego Formal";"Tapajós";"Jacareacanga";"-";"2020";652
"Social";"Mercado de Trabalho";"Vínculos Empregatícios Total no Emprego Formal";"Tapajós";"Jacareacanga";"-";"2021";793
"Social";"Mercado de Trabalho";"Vínculos Empregatícios Total no Emprego Formal";"Tapajós";"Jacareacanga";"-";"2022";843
"Social";"Mercado de Trabalho";"Vínculos Empregatícios Total no Emprego Formal";"Tapajós";"Jacareacanga";"-";"2023";462
"Social";"Mercado de Trabalho";"Vínculos Empregatícios Total no Emprego Formal";"Lago de Tucuruí";"Jacundá";"-";"2009";4112
"Social";"Mercado de Trabalho";"Vínculos Empregatícios Total no Emprego Formal";"Lago de Tucuruí";"Jacundá";"-";"2010";4553
"Social";"Mercado de Trabalho";"Vínculos Empregatícios Total no Emprego Formal";"Lago de Tucuruí";"Jacundá";"-";"2011";4496
"Social";"Mercado de Trabalho";"Vínculos Empregatícios Total no Emprego Formal";"Lago de Tucuruí";"Jacundá";"-";"2012";4153
"Social";"Mercado de Trabalho";"Vínculos Empregatícios Total no Emprego Formal";"Lago de Tucuruí";"Jacundá";"-";"2013";4434
"Social";"Mercado de Trabalho";"Vínculos Empregatícios Total no Emprego Formal";"Lago de Tucuruí";"Jacundá";"-";"2014";4854
"Social";"Mercado de Trabalho";"Vínculos Empregatícios Total no Emprego Formal";"Lago de Tucuruí";"Jacundá";"-";"2015";4560
"Social";"Mercado de Trabalho";"Vínculos Empregatícios Total no Emprego Formal";"Lago de Tucuruí";"Jacundá";"-";"2016";3294
"Social";"Mercado de Trabalho";"Vínculos Empregatícios Total no Emprego Formal";"Lago de Tucuruí";"Jacundá";"-";"2017";3509
"Social";"Mercado de Trabalho";"Vínculos Empregatícios Total no Emprego Formal";"Lago de Tucuruí";"Jacundá";"-";"2018";3854
"Social";"Mercado de Trabalho";"Vínculos Empregatícios Total no Emprego Formal";"Lago de Tucuruí";"Jacundá";"-";"2019";3630
"Social";"Mercado de Trabalho";"Vínculos Empregatícios Total no Emprego Formal";"Lago de Tucuruí";"Jacundá";"-";"2020";3689
"Social";"Mercado de Trabalho";"Vínculos Empregatícios Total no Emprego Formal";"Lago de Tucuruí";"Jacundá";"-";"2021";3339
"Social";"Mercado de Trabalho";"Vínculos Empregatícios Total no Emprego Formal";"Lago de Tucuruí";"Jacundá";"-";"2022";4710
"Social";"Mercado de Trabalho";"Vínculos Empregatícios Total no Emprego Formal";"Lago de Tucuruí";"Jacundá";"-";"2023";2280
"Social";"Mercado de Trabalho";"Vínculos Empregatícios Total no Emprego Formal";"Baixo Amazonas";"Juruti";"-";"2009";4616
"Social";"Mercado de Trabalho";"Vínculos Empregatícios Total no Emprego Formal";"Baixo Amazonas";"Juruti";"-";"2010";4948
"Social";"Mercado de Trabalho";"Vínculos Empregatícios Total no Emprego Formal";"Baixo Amazonas";"Juruti";"-";"2011";5171
"Social";"Mercado de Trabalho";"Vínculos Empregatícios Total no Emprego Formal";"Baixo Amazonas";"Juruti";"-";"2012";5194
"Social";"Mercado de Trabalho";"Vínculos Empregatícios Total no Emprego Formal";"Baixo Amazonas";"Juruti";"-";"2013";4881
"Social";"Mercado de Trabalho";"Vínculos Empregatícios Total no Emprego Formal";"Baixo Amazonas";"Juruti";"-";"2014";4161
"Social";"Mercado de Trabalho";"Vínculos Empregatícios Total no Emprego Formal";"Baixo Amazonas";"Juruti";"-";"2015";4370
"Social";"Mercado de Trabalho";"Vínculos Empregatícios Total no Emprego Formal";"Baixo Amazonas";"Juruti";"-";"2016";4284
"Social";"Mercado de Trabalho";"Vínculos Empregatícios Total no Emprego Formal";"Baixo Amazonas";"Juruti";"-";"2017";4872
"Social";"Mercado de Trabalho";"Vínculos Empregatícios Total no Emprego Formal";"Baixo Amazonas";"Juruti";"-";"2018";6676
"Social";"Mercado de Trabalho";"Vínculos Empregatícios Total no Emprego Formal";"Baixo Amazonas";"Juruti";"-";"2019";4462
"Social";"Mercado de Trabalho";"Vínculos Empregatícios Total no Emprego Formal";"Baixo Amazonas";"Juruti";"-";"2020";4381
"Social";"Mercado de Trabalho";"Vínculos Empregatícios Total no Emprego Formal";"Baixo Amazonas";"Juruti";"-";"2021";5203
"Social";"Mercado de Trabalho";"Vínculos Empregatícios Total no Emprego Formal";"Baixo Amazonas";"Juruti";"-";"2022";8180
"Social";"Mercado de Trabalho";"Vínculos Empregatícios Total no Emprego Formal";"Baixo Amazonas";"Juruti";"-";"2023";3425
"Social";"Mercado de Trabalho";"Vínculos Empregatícios Total no Emprego Formal";"Tocantins";"Limoeiro do Ajuru";"-";"2009";868
"Social";"Mercado de Trabalho";"Vínculos Empregatícios Total no Emprego Formal";"Tocantins";"Limoeiro do Ajuru";"-";"2010";944
"Social";"Mercado de Trabalho";"Vínculos Empregatícios Total no Emprego Formal";"Tocantins";"Limoeiro do Ajuru";"-";"2011";948
"Social";"Mercado de Trabalho";"Vínculos Empregatícios Total no Emprego Formal";"Tocantins";"Limoeiro do Ajuru";"-";"2012";1012
"Social";"Mercado de Trabalho";"Vínculos Empregatícios Total no Emprego Formal";"Tocantins";"Limoeiro do Ajuru";"-";"2013";1168
"Social";"Mercado de Trabalho";"Vínculos Empregatícios Total no Emprego Formal";"Tocantins";"Limoeiro do Ajuru";"-";"2014";1097
"Social";"Mercado de Trabalho";"Vínculos Empregatícios Total no Emprego Formal";"Tocantins";"Limoeiro do Ajuru";"-";"2015";1092
"Social";"Mercado de Trabalho";"Vínculos Empregatícios Total no Emprego Formal";"Tocantins";"Limoeiro do Ajuru";"-";"2016";32
"Social";"Mercado de Trabalho";"Vínculos Empregatícios Total no Emprego Formal";"Tocantins";"Limoeiro do Ajuru";"-";"2017";1071
"Social";"Mercado de Trabalho";"Vínculos Empregatícios Total no Emprego Formal";"Tocantins";"Limoeiro do Ajuru";"-";"2018";1025
"Social";"Mercado de Trabalho";"Vínculos Empregatícios Total no Emprego Formal";"Tocantins";"Limoeiro do Ajuru";"-";"2019";1132
"Social";"Mercado de Trabalho";"Vínculos Empregatícios Total no Emprego Formal";"Tocantins";"Limoeiro do Ajuru";"-";"2020";1027
"Social";"Mercado de Trabalho";"Vínculos Empregatícios Total no Emprego Formal";"Tocantins";"Limoeiro do Ajuru";"-";"2021";1446
"Social";"Mercado de Trabalho";"Vínculos Empregatícios Total no Emprego Formal";"Tocantins";"Limoeiro do Ajuru";"-";"2022";133
"Social";"Mercado de Trabalho";"Vínculos Empregatícios Total no Emprego Formal";"Tocantins";"Limoeiro do Ajuru";"-";"2023";145
"Social";"Mercado de Trabalho";"Vínculos Empregatícios Total no Emprego Formal";"Rio Capim";"Mãe do Rio";"-";"2009";2016
"Social";"Mercado de Trabalho";"Vínculos Empregatícios Total no Emprego Formal";"Rio Capim";"Mãe do Rio";"-";"2010";2243
"Social";"Mercado de Trabalho";"Vínculos Empregatícios Total no Emprego Formal";"Rio Capim";"Mãe do Rio";"-";"2011";2261
"Social";"Mercado de Trabalho";"Vínculos Empregatícios Total no Emprego Formal";"Rio Capim";"Mãe do Rio";"-";"2012";1845
"Social";"Mercado de Trabalho";"Vínculos Empregatícios Total no Emprego Formal";"Rio Capim";"Mãe do Rio";"-";"2013";1428
"Social";"Mercado de Trabalho";"Vínculos Empregatícios Total no Emprego Formal";"Rio Capim";"Mãe do Rio";"-";"2014";1615
"Social";"Mercado de Trabalho";"Vínculos Empregatícios Total no Emprego Formal";"Rio Capim";"Mãe do Rio";"-";"2015";2275
"Social";"Mercado de Trabalho";"Vínculos Empregatícios Total no Emprego Formal";"Rio Capim";"Mãe do Rio";"-";"2016";2060
"Social";"Mercado de Trabalho";"Vínculos Empregatícios Total no Emprego Formal";"Rio Capim";"Mãe do Rio";"-";"2017";2877
"Social";"Mercado de Trabalho";"Vínculos Empregatícios Total no Emprego Formal";"Rio Capim";"Mãe do Rio";"-";"2018";2558
"Social";"Mercado de Trabalho";"Vínculos Empregatícios Total no Emprego Formal";"Rio Capim";"Mãe do Rio";"-";"2019";2521
"Social";"Mercado de Trabalho";"Vínculos Empregatícios Total no Emprego Formal";"Rio Capim";"Mãe do Rio";"-";"2020";2041
"Social";"Mercado de Trabalho";"Vínculos Empregatícios Total no Emprego Formal";"Rio Capim";"Mãe do Rio";"-";"2021";2372
"Social";"Mercado de Trabalho";"Vínculos Empregatícios Total no Emprego Formal";"Rio Capim";"Mãe do Rio";"-";"2022";2591
"Social";"Mercado de Trabalho";"Vínculos Empregatícios Total no Emprego Formal";"Rio Capim";"Mãe do Rio";"-";"2023";1664
"Social";"Mercado de Trabalho";"Vínculos Empregatícios Total no Emprego Formal";"Guamá";"Magalhães Barata";"-";"2009";232
"Social";"Mercado de Trabalho";"Vínculos Empregatícios Total no Emprego Formal";"Guamá";"Magalhães Barata";"-";"2010";221
"Social";"Mercado de Trabalho";"Vínculos Empregatícios Total no Emprego Formal";"Guamá";"Magalhães Barata";"-";"2011";294
"Social";"Mercado de Trabalho";"Vínculos Empregatícios Total no Emprego Formal";"Guamá";"Magalhães Barata";"-";"2012";191
"Social";"Mercado de Trabalho";"Vínculos Empregatícios Total no Emprego Formal";"Guamá";"Magalhães Barata";"-";"2013";351
"Social";"Mercado de Trabalho";"Vínculos Empregatícios Total no Emprego Formal";"Guamá";"Magalhães Barata";"-";"2014";341
"Social";"Mercado de Trabalho";"Vínculos Empregatícios Total no Emprego Formal";"Guamá";"Magalhães Barata";"-";"2015";331
"Social";"Mercado de Trabalho";"Vínculos Empregatícios Total no Emprego Formal";"Guamá";"Magalhães Barata";"-";"2016";1291
"Social";"Mercado de Trabalho";"Vínculos Empregatícios Total no Emprego Formal";"Guamá";"Magalhães Barata";"-";"2017";293
"Social";"Mercado de Trabalho";"Vínculos Empregatícios Total no Emprego Formal";"Guamá";"Magalhães Barata";"-";"2018";587
"Social";"Mercado de Trabalho";"Vínculos Empregatícios Total no Emprego Formal";"Guamá";"Magalhães Barata";"-";"2019";569
"Social";"Mercado de Trabalho";"Vínculos Empregatícios Total no Emprego Formal";"Guamá";"Magalhães Barata";"-";"2020";184
"Social";"Mercado de Trabalho";"Vínculos Empregatícios Total no Emprego Formal";"Guamá";"Magalhães Barata";"-";"2021";280
"Social";"Mercado de Trabalho";"Vínculos Empregatícios Total no Emprego Formal";"Guamá";"Magalhães Barata";"-";"2022";286
"Social";"Mercado de Trabalho";"Vínculos Empregatícios Total no Emprego Formal";"Guamá";"Magalhães Barata";"-";"2023";47
"Social";"Mercado de Trabalho";"Vínculos Empregatícios Total no Emprego Formal";"Carajás";"Marabá";"-";"2009";37331
"Social";"Mercado de Trabalho";"Vínculos Empregatícios Total no Emprego Formal";"Carajás";"Marabá";"-";"2010";41745
"Social";"Mercado de Trabalho";"Vínculos Empregatícios Total no Emprego Formal";"Carajás";"Marabá";"-";"2011";44419
"Social";"Mercado de Trabalho";"Vínculos Empregatícios Total no Emprego Formal";"Carajás";"Marabá";"-";"2012";44232
"Social";"Mercado de Trabalho";"Vínculos Empregatícios Total no Emprego Formal";"Carajás";"Marabá";"-";"2013";50460
"Social";"Mercado de Trabalho";"Vínculos Empregatícios Total no Emprego Formal";"Carajás";"Marabá";"-";"2014";48097
"Social";"Mercado de Trabalho";"Vínculos Empregatícios Total no Emprego Formal";"Carajás";"Marabá";"-";"2015";47121
"Social";"Mercado de Trabalho";"Vínculos Empregatícios Total no Emprego Formal";"Carajás";"Marabá";"-";"2016";42443
"Social";"Mercado de Trabalho";"Vínculos Empregatícios Total no Emprego Formal";"Carajás";"Marabá";"-";"2017";45976
"Social";"Mercado de Trabalho";"Vínculos Empregatícios Total no Emprego Formal";"Carajás";"Marabá";"-";"2018";46807
"Social";"Mercado de Trabalho";"Vínculos Empregatícios Total no Emprego Formal";"Carajás";"Marabá";"-";"2019";49662
"Social";"Mercado de Trabalho";"Vínculos Empregatícios Total no Emprego Formal";"Carajás";"Marabá";"-";"2020";50595
"Social";"Mercado de Trabalho";"Vínculos Empregatícios Total no Emprego Formal";"Carajás";"Marabá";"-";"2021";55026
"Social";"Mercado de Trabalho";"Vínculos Empregatícios Total no Emprego Formal";"Carajás";"Marabá";"-";"2022";59530
"Social";"Mercado de Trabalho";"Vínculos Empregatícios Total no Emprego Formal";"Carajás";"Marabá";"-";"2023";51521
"Social";"Mercado de Trabalho";"Vínculos Empregatícios Total no Emprego Formal";"Guamá";"Maracanã";"-";"2009";1379
"Social";"Mercado de Trabalho";"Vínculos Empregatícios Total no Emprego Formal";"Guamá";"Maracanã";"-";"2010";1816
"Social";"Mercado de Trabalho";"Vínculos Empregatícios Total no Emprego Formal";"Guamá";"Maracanã";"-";"2011";1770
"Social";"Mercado de Trabalho";"Vínculos Empregatícios Total no Emprego Formal";"Guamá";"Maracanã";"-";"2012";1457
"Social";"Mercado de Trabalho";"Vínculos Empregatícios Total no Emprego Formal";"Guamá";"Maracanã";"-";"2013";2088
"Social";"Mercado de Trabalho";"Vínculos Empregatícios Total no Emprego Formal";"Guamá";"Maracanã";"-";"2014";2017
"Social";"Mercado de Trabalho";"Vínculos Empregatícios Total no Emprego Formal";"Guamá";"Maracanã";"-";"2015";1908
"Social";"Mercado de Trabalho";"Vínculos Empregatícios Total no Emprego Formal";"Guamá";"Maracanã";"-";"2016";1947
"Social";"Mercado de Trabalho";"Vínculos Empregatícios Total no Emprego Formal";"Guamá";"Maracanã";"-";"2017";1945
"Social";"Mercado de Trabalho";"Vínculos Empregatícios Total no Emprego Formal";"Guamá";"Maracanã";"-";"2018";1993
"Social";"Mercado de Trabalho";"Vínculos Empregatícios Total no Emprego Formal";"Guamá";"Maracanã";"-";"2019";1378
"Social";"Mercado de Trabalho";"Vínculos Empregatícios Total no Emprego Formal";"Guamá";"Maracanã";"-";"2020";1541
"Social";"Mercado de Trabalho";"Vínculos Empregatícios Total no Emprego Formal";"Guamá";"Maracanã";"-";"2021";1773
"Social";"Mercado de Trabalho";"Vínculos Empregatícios Total no Emprego Formal";"Guamá";"Maracanã";"-";"2022";2931
"Social";"Mercado de Trabalho";"Vínculos Empregatícios Total no Emprego Formal";"Guamá";"Maracanã";"-";"2023";429
"Social";"Mercado de Trabalho";"Vínculos Empregatícios Total no Emprego Formal";"Guamá";"Marapanim";"-";"2009";929
"Social";"Mercado de Trabalho";"Vínculos Empregatícios Total no Emprego Formal";"Guamá";"Marapanim";"-";"2010";1035
"Social";"Mercado de Trabalho";"Vínculos Empregatícios Total no Emprego Formal";"Guamá";"Marapanim";"-";"2011";1014
"Social";"Mercado de Trabalho";"Vínculos Empregatícios Total no Emprego Formal";"Guamá";"Marapanim";"-";"2012";991
"Social";"Mercado de Trabalho";"Vínculos Empregatícios Total no Emprego Formal";"Guamá";"Marapanim";"-";"2013";239
"Social";"Mercado de Trabalho";"Vínculos Empregatícios Total no Emprego Formal";"Guamá";"Marapanim";"-";"2014";1254
"Social";"Mercado de Trabalho";"Vínculos Empregatícios Total no Emprego Formal";"Guamá";"Marapanim";"-";"2015";256
"Social";"Mercado de Trabalho";"Vínculos Empregatícios Total no Emprego Formal";"Guamá";"Marapanim";"-";"2016";1533
"Social";"Mercado de Trabalho";"Vínculos Empregatícios Total no Emprego Formal";"Guamá";"Marapanim";"-";"2017";1452
"Social";"Mercado de Trabalho";"Vínculos Empregatícios Total no Emprego Formal";"Guamá";"Marapanim";"-";"2018";1539
"Social";"Mercado de Trabalho";"Vínculos Empregatícios Total no Emprego Formal";"Guamá";"Marapanim";"-";"2019";1481
"Social";"Mercado de Trabalho";"Vínculos Empregatícios Total no Emprego Formal";"Guamá";"Marapanim";"-";"2020";972
"Social";"Mercado de Trabalho";"Vínculos Empregatícios Total no Emprego Formal";"Guamá";"Marapanim";"-";"2021";1687
"Social";"Mercado de Trabalho";"Vínculos Empregatícios Total no Emprego Formal";"Guamá";"Marapanim";"-";"2022";1923
"Social";"Mercado de Trabalho";"Vínculos Empregatícios Total no Emprego Formal";"Guamá";"Marapanim";"-";"2023";332
"Social";"Mercado de Trabalho";"Vínculos Empregatícios Total no Emprego Formal";"Guajará";"Marituba";"-";"2009";12480
"Social";"Mercado de Trabalho";"Vínculos Empregatícios Total no Emprego Formal";"Guajará";"Marituba";"-";"2010";13300
"Social";"Mercado de Trabalho";"Vínculos Empregatícios Total no Emprego Formal";"Guajará";"Marituba";"-";"2011";14969
"Social";"Mercado de Trabalho";"Vínculos Empregatícios Total no Emprego Formal";"Guajará";"Marituba";"-";"2012";15373
"Social";"Mercado de Trabalho";"Vínculos Empregatícios Total no Emprego Formal";"Guajará";"Marituba";"-";"2013";11476
"Social";"Mercado de Trabalho";"Vínculos Empregatícios Total no Emprego Formal";"Guajará";"Marituba";"-";"2014";16172
"Social";"Mercado de Trabalho";"Vínculos Empregatícios Total no Emprego Formal";"Guajará";"Marituba";"-";"2015";18491
"Social";"Mercado de Trabalho";"Vínculos Empregatícios Total no Emprego Formal";"Guajará";"Marituba";"-";"2016";15825
"Social";"Mercado de Trabalho";"Vínculos Empregatícios Total no Emprego Formal";"Guajará";"Marituba";"-";"2017";16840
"Social";"Mercado de Trabalho";"Vínculos Empregatícios Total no Emprego Formal";"Guajará";"Marituba";"-";"2018";13754
"Social";"Mercado de Trabalho";"Vínculos Empregatícios Total no Emprego Formal";"Guajará";"Marituba";"-";"2019";15373
"Social";"Mercado de Trabalho";"Vínculos Empregatícios Total no Emprego Formal";"Guajará";"Marituba";"-";"2020";11781
"Social";"Mercado de Trabalho";"Vínculos Empregatícios Total no Emprego Formal";"Guajará";"Marituba";"-";"2021";13059
"Social";"Mercado de Trabalho";"Vínculos Empregatícios Total no Emprego Formal";"Guajará";"Marituba";"-";"2022";15081
"Social";"Mercado de Trabalho";"Vínculos Empregatícios Total no Emprego Formal";"Guajará";"Marituba";"-";"2023";13392
"Social";"Mercado de Trabalho";"Vínculos Empregatícios Total no Emprego Formal";"Xingu";"Medicilândia";"-";"2009";1020
"Social";"Mercado de Trabalho";"Vínculos Empregatícios Total no Emprego Formal";"Xingu";"Medicilândia";"-";"2010";1181
"Social";"Mercado de Trabalho";"Vínculos Empregatícios Total no Emprego Formal";"Xingu";"Medicilândia";"-";"2011";1311
"Social";"Mercado de Trabalho";"Vínculos Empregatícios Total no Emprego Formal";"Xingu";"Medicilândia";"-";"2012";1097
"Social";"Mercado de Trabalho";"Vínculos Empregatícios Total no Emprego Formal";"Xingu";"Medicilândia";"-";"2013";1300
"Social";"Mercado de Trabalho";"Vínculos Empregatícios Total no Emprego Formal";"Xingu";"Medicilândia";"-";"2014";1461
"Social";"Mercado de Trabalho";"Vínculos Empregatícios Total no Emprego Formal";"Xingu";"Medicilândia";"-";"2015";1575
"Social";"Mercado de Trabalho";"Vínculos Empregatícios Total no Emprego Formal";"Xingu";"Medicilândia";"-";"2016";1473
"Social";"Mercado de Trabalho";"Vínculos Empregatícios Total no Emprego Formal";"Xingu";"Medicilândia";"-";"2017";1131
"Social";"Mercado de Trabalho";"Vínculos Empregatícios Total no Emprego Formal";"Xingu";"Medicilândia";"-";"2018";1341
"Social";"Mercado de Trabalho";"Vínculos Empregatícios Total no Emprego Formal";"Xingu";"Medicilândia";"-";"2019";1251
"Social";"Mercado de Trabalho";"Vínculos Empregatícios Total no Emprego Formal";"Xingu";"Medicilândia";"-";"2020";1268
"Social";"Mercado de Trabalho";"Vínculos Empregatícios Total no Emprego Formal";"Xingu";"Medicilândia";"-";"2021";1359
"Social";"Mercado de Trabalho";"Vínculos Empregatícios Total no Emprego Formal";"Xingu";"Medicilândia";"-";"2022";1424
"Social";"Mercado de Trabalho";"Vínculos Empregatícios Total no Emprego Formal";"Xingu";"Medicilândia";"-";"2023";785
"Social";"Mercado de Trabalho";"Vínculos Empregatícios Total no Emprego Formal";"Marajó";"Melgaço";"-";"2009";812
"Social";"Mercado de Trabalho";"Vínculos Empregatícios Total no Emprego Formal";"Marajó";"Melgaço";"-";"2010";884
"Social";"Mercado de Trabalho";"Vínculos Empregatícios Total no Emprego Formal";"Marajó";"Melgaço";"-";"2011";1020
"Social";"Mercado de Trabalho";"Vínculos Empregatícios Total no Emprego Formal";"Marajó";"Melgaço";"-";"2012";932
"Social";"Mercado de Trabalho";"Vínculos Empregatícios Total no Emprego Formal";"Marajó";"Melgaço";"-";"2013";976
"Social";"Mercado de Trabalho";"Vínculos Empregatícios Total no Emprego Formal";"Marajó";"Melgaço";"-";"2014";948
"Social";"Mercado de Trabalho";"Vínculos Empregatícios Total no Emprego Formal";"Marajó";"Melgaço";"-";"2015";947
"Social";"Mercado de Trabalho";"Vínculos Empregatícios Total no Emprego Formal";"Marajó";"Melgaço";"-";"2016";888
"Social";"Mercado de Trabalho";"Vínculos Empregatícios Total no Emprego Formal";"Marajó";"Melgaço";"-";"2017";1000
"Social";"Mercado de Trabalho";"Vínculos Empregatícios Total no Emprego Formal";"Marajó";"Melgaço";"-";"2018";985
"Social";"Mercado de Trabalho";"Vínculos Empregatícios Total no Emprego Formal";"Marajó";"Melgaço";"-";"2019";942
"Social";"Mercado de Trabalho";"Vínculos Empregatícios Total no Emprego Formal";"Marajó";"Melgaço";"-";"2020";941
"Social";"Mercado de Trabalho";"Vínculos Empregatícios Total no Emprego Formal";"Marajó";"Melgaço";"-";"2021";951
"Social";"Mercado de Trabalho";"Vínculos Empregatícios Total no Emprego Formal";"Marajó";"Melgaço";"-";"2022";1020
"Social";"Mercado de Trabalho";"Vínculos Empregatícios Total no Emprego Formal";"Marajó";"Melgaço";"-";"2023";139
"Social";"Mercado de Trabalho";"Vínculos Empregatícios Total no Emprego Formal";"Tocantins";"Mocajuba";"-";"2009";966
"Social";"Mercado de Trabalho";"Vínculos Empregatícios Total no Emprego Formal";"Tocantins";"Mocajuba";"-";"2010";131
"Social";"Mercado de Trabalho";"Vínculos Empregatícios Total no Emprego Formal";"Tocantins";"Mocajuba";"-";"2011";1102
"Social";"Mercado de Trabalho";"Vínculos Empregatícios Total no Emprego Formal";"Tocantins";"Mocajuba";"-";"2012";1167
"Social";"Mercado de Trabalho";"Vínculos Empregatícios Total no Emprego Formal";"Tocantins";"Mocajuba";"-";"2013";163
"Social";"Mercado de Trabalho";"Vínculos Empregatícios Total no Emprego Formal";"Tocantins";"Mocajuba";"-";"2014";1224
"Social";"Mercado de Trabalho";"Vínculos Empregatícios Total no Emprego Formal";"Tocantins";"Mocajuba";"-";"2015";1127
"Social";"Mercado de Trabalho";"Vínculos Empregatícios Total no Emprego Formal";"Tocantins";"Mocajuba";"-";"2016";198
"Social";"Mercado de Trabalho";"Vínculos Empregatícios Total no Emprego Formal";"Tocantins";"Mocajuba";"-";"2017";1674
"Social";"Mercado de Trabalho";"Vínculos Empregatícios Total no Emprego Formal";"Tocantins";"Mocajuba";"-";"2018";1843
"Social";"Mercado de Trabalho";"Vínculos Empregatícios Total no Emprego Formal";"Tocantins";"Mocajuba";"-";"2019";2001
"Social";"Mercado de Trabalho";"Vínculos Empregatícios Total no Emprego Formal";"Tocantins";"Mocajuba";"-";"2020";1617
"Social";"Mercado de Trabalho";"Vínculos Empregatícios Total no Emprego Formal";"Tocantins";"Mocajuba";"-";"2021";1872
"Social";"Mercado de Trabalho";"Vínculos Empregatícios Total no Emprego Formal";"Tocantins";"Mocajuba";"-";"2022";2076
"Social";"Mercado de Trabalho";"Vínculos Empregatícios Total no Emprego Formal";"Tocantins";"Mocajuba";"-";"2023";585
"Social";"Mercado de Trabalho";"Vínculos Empregatícios Total no Emprego Formal";"Tocantins";"Moju";"-";"2009";6385
"Social";"Mercado de Trabalho";"Vínculos Empregatícios Total no Emprego Formal";"Tocantins";"Moju";"-";"2010";6832
"Social";"Mercado de Trabalho";"Vínculos Empregatícios Total no Emprego Formal";"Tocantins";"Moju";"-";"2011";6839
"Social";"Mercado de Trabalho";"Vínculos Empregatícios Total no Emprego Formal";"Tocantins";"Moju";"-";"2012";6768
"Social";"Mercado de Trabalho";"Vínculos Empregatícios Total no Emprego Formal";"Tocantins";"Moju";"-";"2013";6058
"Social";"Mercado de Trabalho";"Vínculos Empregatícios Total no Emprego Formal";"Tocantins";"Moju";"-";"2014";9320
"Social";"Mercado de Trabalho";"Vínculos Empregatícios Total no Emprego Formal";"Tocantins";"Moju";"-";"2015";9212
"Social";"Mercado de Trabalho";"Vínculos Empregatícios Total no Emprego Formal";"Tocantins";"Moju";"-";"2016";7380
"Social";"Mercado de Trabalho";"Vínculos Empregatícios Total no Emprego Formal";"Tocantins";"Moju";"-";"2017";8369
"Social";"Mercado de Trabalho";"Vínculos Empregatícios Total no Emprego Formal";"Tocantins";"Moju";"-";"2018";7781
"Social";"Mercado de Trabalho";"Vínculos Empregatícios Total no Emprego Formal";"Tocantins";"Moju";"-";"2019";7541
"Social";"Mercado de Trabalho";"Vínculos Empregatícios Total no Emprego Formal";"Tocantins";"Moju";"-";"2020";8569
"Social";"Mercado de Trabalho";"Vínculos Empregatícios Total no Emprego Formal";"Tocantins";"Moju";"-";"2021";10678
"Social";"Mercado de Trabalho";"Vínculos Empregatícios Total no Emprego Formal";"Tocantins";"Moju";"-";"2022";11187
"Social";"Mercado de Trabalho";"Vínculos Empregatícios Total no Emprego Formal";"Tocantins";"Moju";"-";"2023";6807
"Social";"Mercado de Trabalho";"Vínculos Empregatícios Total no Emprego Formal";"Baixo Amazonas";"Mojuí dos campos";"-";"2009";0
"Social";"Mercado de Trabalho";"Vínculos Empregatícios Total no Emprego Formal";"Baixo Amazonas";"Mojuí dos campos";"-";"2010";0
"Social";"Mercado de Trabalho";"Vínculos Empregatícios Total no Emprego Formal";"Baixo Amazonas";"Mojuí dos campos";"-";"2011";0
"Social";"Mercado de Trabalho";"Vínculos Empregatícios Total no Emprego Formal";"Baixo Amazonas";"Mojuí dos campos";"-";"2012";0
"Social";"Mercado de Trabalho";"Vínculos Empregatícios Total no Emprego Formal";"Baixo Amazonas";"Mojuí dos campos";"-";"2013";25
"Social";"Mercado de Trabalho";"Vínculos Empregatícios Total no Emprego Formal";"Baixo Amazonas";"Mojuí dos campos";"-";"2014";64
"Social";"Mercado de Trabalho";"Vínculos Empregatícios Total no Emprego Formal";"Baixo Amazonas";"Mojuí dos campos";"-";"2015";69
"Social";"Mercado de Trabalho";"Vínculos Empregatícios Total no Emprego Formal";"Baixo Amazonas";"Mojuí dos campos";"-";"2016";66
"Social";"Mercado de Trabalho";"Vínculos Empregatícios Total no Emprego Formal";"Baixo Amazonas";"Mojuí dos campos";"-";"2017";569
"Social";"Mercado de Trabalho";"Vínculos Empregatícios Total no Emprego Formal";"Baixo Amazonas";"Mojuí dos campos";"-";"2018";567
"Social";"Mercado de Trabalho";"Vínculos Empregatícios Total no Emprego Formal";"Baixo Amazonas";"Mojuí dos campos";"-";"2019";680
"Social";"Mercado de Trabalho";"Vínculos Empregatícios Total no Emprego Formal";"Baixo Amazonas";"Mojuí dos campos";"-";"2020";643
"Social";"Mercado de Trabalho";"Vínculos Empregatícios Total no Emprego Formal";"Baixo Amazonas";"Mojuí dos campos";"-";"2021";1068
"Social";"Mercado de Trabalho";"Vínculos Empregatícios Total no Emprego Formal";"Baixo Amazonas";"Mojuí dos campos";"-";"2022";1323
"Social";"Mercado de Trabalho";"Vínculos Empregatícios Total no Emprego Formal";"Baixo Amazonas";"Mojuí dos campos";"-";"2023";521
"Social";"Mercado de Trabalho";"Vínculos Empregatícios Total no Emprego Formal";"Baixo Amazonas";"Monte Alegre";"-";"2009";2664
"Social";"Mercado de Trabalho";"Vínculos Empregatícios Total no Emprego Formal";"Baixo Amazonas";"Monte Alegre";"-";"2010";2682
"Social";"Mercado de Trabalho";"Vínculos Empregatícios Total no Emprego Formal";"Baixo Amazonas";"Monte Alegre";"-";"2011";2951
"Social";"Mercado de Trabalho";"Vínculos Empregatícios Total no Emprego Formal";"Baixo Amazonas";"Monte Alegre";"-";"2012";2934
"Social";"Mercado de Trabalho";"Vínculos Empregatícios Total no Emprego Formal";"Baixo Amazonas";"Monte Alegre";"-";"2013";3125
"Social";"Mercado de Trabalho";"Vínculos Empregatícios Total no Emprego Formal";"Baixo Amazonas";"Monte Alegre";"-";"2014";3110
"Social";"Mercado de Trabalho";"Vínculos Empregatícios Total no Emprego Formal";"Baixo Amazonas";"Monte Alegre";"-";"2015";2499
"Social";"Mercado de Trabalho";"Vínculos Empregatícios Total no Emprego Formal";"Baixo Amazonas";"Monte Alegre";"-";"2016";3064
"Social";"Mercado de Trabalho";"Vínculos Empregatícios Total no Emprego Formal";"Baixo Amazonas";"Monte Alegre";"-";"2017";3056
"Social";"Mercado de Trabalho";"Vínculos Empregatícios Total no Emprego Formal";"Baixo Amazonas";"Monte Alegre";"-";"2018";3195
"Social";"Mercado de Trabalho";"Vínculos Empregatícios Total no Emprego Formal";"Baixo Amazonas";"Monte Alegre";"-";"2019";3235
"Social";"Mercado de Trabalho";"Vínculos Empregatícios Total no Emprego Formal";"Baixo Amazonas";"Monte Alegre";"-";"2020";3049
"Social";"Mercado de Trabalho";"Vínculos Empregatícios Total no Emprego Formal";"Baixo Amazonas";"Monte Alegre";"-";"2021";3231
"Social";"Mercado de Trabalho";"Vínculos Empregatícios Total no Emprego Formal";"Baixo Amazonas";"Monte Alegre";"-";"2022";3875
"Social";"Mercado de Trabalho";"Vínculos Empregatícios Total no Emprego Formal";"Baixo Amazonas";"Monte Alegre";"-";"2023";1174
"Social";"Mercado de Trabalho";"Vínculos Empregatícios Total no Emprego Formal";"Marajó";"Muaná";"-";"2009";854
"Social";"Mercado de Trabalho";"Vínculos Empregatícios Total no Emprego Formal";"Marajó";"Muaná";"-";"2010";946
"Social";"Mercado de Trabalho";"Vínculos Empregatícios Total no Emprego Formal";"Marajó";"Muaná";"-";"2011";1056
"Social";"Mercado de Trabalho";"Vínculos Empregatícios Total no Emprego Formal";"Marajó";"Muaná";"-";"2012";1107
"Social";"Mercado de Trabalho";"Vínculos Empregatícios Total no Emprego Formal";"Marajó";"Muaná";"-";"2013";1064
"Social";"Mercado de Trabalho";"Vínculos Empregatícios Total no Emprego Formal";"Marajó";"Muaná";"-";"2014";1117
"Social";"Mercado de Trabalho";"Vínculos Empregatícios Total no Emprego Formal";"Marajó";"Muaná";"-";"2015";1060
"Social";"Mercado de Trabalho";"Vínculos Empregatícios Total no Emprego Formal";"Marajó";"Muaná";"-";"2016";1069
"Social";"Mercado de Trabalho";"Vínculos Empregatícios Total no Emprego Formal";"Marajó";"Muaná";"-";"2017";987
"Social";"Mercado de Trabalho";"Vínculos Empregatícios Total no Emprego Formal";"Marajó";"Muaná";"-";"2018";1009
"Social";"Mercado de Trabalho";"Vínculos Empregatícios Total no Emprego Formal";"Marajó";"Muaná";"-";"2019";1009
"Social";"Mercado de Trabalho";"Vínculos Empregatícios Total no Emprego Formal";"Marajó";"Muaná";"-";"2020";1044
"Social";"Mercado de Trabalho";"Vínculos Empregatícios Total no Emprego Formal";"Marajó";"Muaná";"-";"2021";953
"Social";"Mercado de Trabalho";"Vínculos Empregatícios Total no Emprego Formal";"Marajó";"Muaná";"-";"2022";1013
"Social";"Mercado de Trabalho";"Vínculos Empregatícios Total no Emprego Formal";"Marajó";"Muaná";"-";"2023";156
"Social";"Mercado de Trabalho";"Vínculos Empregatícios Total no Emprego Formal";"Rio Capim";"Nova Esperança do Piriá";"-";"2009";394
"Social";"Mercado de Trabalho";"Vínculos Empregatícios Total no Emprego Formal";"Rio Capim";"Nova Esperança do Piriá";"-";"2010";1266
"Social";"Mercado de Trabalho";"Vínculos Empregatícios Total no Emprego Formal";"Rio Capim";"Nova Esperança do Piriá";"-";"2011";1291
"Social";"Mercado de Trabalho";"Vínculos Empregatícios Total no Emprego Formal";"Rio Capim";"Nova Esperança do Piriá";"-";"2012";106
"Social";"Mercado de Trabalho";"Vínculos Empregatícios Total no Emprego Formal";"Rio Capim";"Nova Esperança do Piriá";"-";"2013";837
"Social";"Mercado de Trabalho";"Vínculos Empregatícios Total no Emprego Formal";"Rio Capim";"Nova Esperança do Piriá";"-";"2014";781
"Social";"Mercado de Trabalho";"Vínculos Empregatícios Total no Emprego Formal";"Rio Capim";"Nova Esperança do Piriá";"-";"2015";495
"Social";"Mercado de Trabalho";"Vínculos Empregatícios Total no Emprego Formal";"Rio Capim";"Nova Esperança do Piriá";"-";"2016";774
"Social";"Mercado de Trabalho";"Vínculos Empregatícios Total no Emprego Formal";"Rio Capim";"Nova Esperança do Piriá";"-";"2017";837
"Social";"Mercado de Trabalho";"Vínculos Empregatícios Total no Emprego Formal";"Rio Capim";"Nova Esperança do Piriá";"-";"2018";876
"Social";"Mercado de Trabalho";"Vínculos Empregatícios Total no Emprego Formal";"Rio Capim";"Nova Esperança do Piriá";"-";"2019";887
"Social";"Mercado de Trabalho";"Vínculos Empregatícios Total no Emprego Formal";"Rio Capim";"Nova Esperança do Piriá";"-";"2020";812
"Social";"Mercado de Trabalho";"Vínculos Empregatícios Total no Emprego Formal";"Rio Capim";"Nova Esperança do Piriá";"-";"2021";875
"Social";"Mercado de Trabalho";"Vínculos Empregatícios Total no Emprego Formal";"Rio Capim";"Nova Esperança do Piriá";"-";"2022";895
"Social";"Mercado de Trabalho";"Vínculos Empregatícios Total no Emprego Formal";"Rio Capim";"Nova Esperança do Piriá";"-";"2023";269
"Social";"Mercado de Trabalho";"Vínculos Empregatícios Total no Emprego Formal";"Lago de Tucuruí";"Nova Ipixuna";"-";"2009";679
"Social";"Mercado de Trabalho";"Vínculos Empregatícios Total no Emprego Formal";"Lago de Tucuruí";"Nova Ipixuna";"-";"2010";812
"Social";"Mercado de Trabalho";"Vínculos Empregatícios Total no Emprego Formal";"Lago de Tucuruí";"Nova Ipixuna";"-";"2011";808
"Social";"Mercado de Trabalho";"Vínculos Empregatícios Total no Emprego Formal";"Lago de Tucuruí";"Nova Ipixuna";"-";"2012";838
"Social";"Mercado de Trabalho";"Vínculos Empregatícios Total no Emprego Formal";"Lago de Tucuruí";"Nova Ipixuna";"-";"2013";1082
"Social";"Mercado de Trabalho";"Vínculos Empregatícios Total no Emprego Formal";"Lago de Tucuruí";"Nova Ipixuna";"-";"2014";851
"Social";"Mercado de Trabalho";"Vínculos Empregatícios Total no Emprego Formal";"Lago de Tucuruí";"Nova Ipixuna";"-";"2015";909
"Social";"Mercado de Trabalho";"Vínculos Empregatícios Total no Emprego Formal";"Lago de Tucuruí";"Nova Ipixuna";"-";"2016";839
"Social";"Mercado de Trabalho";"Vínculos Empregatícios Total no Emprego Formal";"Lago de Tucuruí";"Nova Ipixuna";"-";"2017";899
"Social";"Mercado de Trabalho";"Vínculos Empregatícios Total no Emprego Formal";"Lago de Tucuruí";"Nova Ipixuna";"-";"2018";1046
"Social";"Mercado de Trabalho";"Vínculos Empregatícios Total no Emprego Formal";"Lago de Tucuruí";"Nova Ipixuna";"-";"2019";831
"Social";"Mercado de Trabalho";"Vínculos Empregatícios Total no Emprego Formal";"Lago de Tucuruí";"Nova Ipixuna";"-";"2020";783
"Social";"Mercado de Trabalho";"Vínculos Empregatícios Total no Emprego Formal";"Lago de Tucuruí";"Nova Ipixuna";"-";"2021";1082
"Social";"Mercado de Trabalho";"Vínculos Empregatícios Total no Emprego Formal";"Lago de Tucuruí";"Nova Ipixuna";"-";"2022";1067
"Social";"Mercado de Trabalho";"Vínculos Empregatícios Total no Emprego Formal";"Lago de Tucuruí";"Nova Ipixuna";"-";"2023";485
"Social";"Mercado de Trabalho";"Vínculos Empregatícios Total no Emprego Formal";"Rio Caeté";"Nova Timboteua";"-";"2009";763
"Social";"Mercado de Trabalho";"Vínculos Empregatícios Total no Emprego Formal";"Rio Caeté";"Nova Timboteua";"-";"2010";797
"Social";"Mercado de Trabalho";"Vínculos Empregatícios Total no Emprego Formal";"Rio Caeté";"Nova Timboteua";"-";"2011";676
"Social";"Mercado de Trabalho";"Vínculos Empregatícios Total no Emprego Formal";"Rio Caeté";"Nova Timboteua";"-";"2012";855
"Social";"Mercado de Trabalho";"Vínculos Empregatícios Total no Emprego Formal";"Rio Caeté";"Nova Timboteua";"-";"2013";842
"Social";"Mercado de Trabalho";"Vínculos Empregatícios Total no Emprego Formal";"Rio Caeté";"Nova Timboteua";"-";"2014";894
"Social";"Mercado de Trabalho";"Vínculos Empregatícios Total no Emprego Formal";"Rio Caeté";"Nova Timboteua";"-";"2015";949
"Social";"Mercado de Trabalho";"Vínculos Empregatícios Total no Emprego Formal";"Rio Caeté";"Nova Timboteua";"-";"2016";849
"Social";"Mercado de Trabalho";"Vínculos Empregatícios Total no Emprego Formal";"Rio Caeté";"Nova Timboteua";"-";"2017";872
"Social";"Mercado de Trabalho";"Vínculos Empregatícios Total no Emprego Formal";"Rio Caeté";"Nova Timboteua";"-";"2018";884
"Social";"Mercado de Trabalho";"Vínculos Empregatícios Total no Emprego Formal";"Rio Caeté";"Nova Timboteua";"-";"2019";945
"Social";"Mercado de Trabalho";"Vínculos Empregatícios Total no Emprego Formal";"Rio Caeté";"Nova Timboteua";"-";"2020";951
"Social";"Mercado de Trabalho";"Vínculos Empregatícios Total no Emprego Formal";"Rio Caeté";"Nova Timboteua";"-";"2021";1027
"Social";"Mercado de Trabalho";"Vínculos Empregatícios Total no Emprego Formal";"Rio Caeté";"Nova Timboteua";"-";"2022";1224
"Social";"Mercado de Trabalho";"Vínculos Empregatícios Total no Emprego Formal";"Rio Caeté";"Nova Timboteua";"-";"2023";473
"Social";"Mercado de Trabalho";"Vínculos Empregatícios Total no Emprego Formal";"Tapajós";"Novo Progresso";"-";"2009";1955
"Social";"Mercado de Trabalho";"Vínculos Empregatícios Total no Emprego Formal";"Tapajós";"Novo Progresso";"-";"2010";2275
"Social";"Mercado de Trabalho";"Vínculos Empregatícios Total no Emprego Formal";"Tapajós";"Novo Progresso";"-";"2011";2582
"Social";"Mercado de Trabalho";"Vínculos Empregatícios Total no Emprego Formal";"Tapajós";"Novo Progresso";"-";"2012";2818
"Social";"Mercado de Trabalho";"Vínculos Empregatícios Total no Emprego Formal";"Tapajós";"Novo Progresso";"-";"2013";3471
"Social";"Mercado de Trabalho";"Vínculos Empregatícios Total no Emprego Formal";"Tapajós";"Novo Progresso";"-";"2014";3246
"Social";"Mercado de Trabalho";"Vínculos Empregatícios Total no Emprego Formal";"Tapajós";"Novo Progresso";"-";"2015";3993
"Social";"Mercado de Trabalho";"Vínculos Empregatícios Total no Emprego Formal";"Tapajós";"Novo Progresso";"-";"2016";3536
"Social";"Mercado de Trabalho";"Vínculos Empregatícios Total no Emprego Formal";"Tapajós";"Novo Progresso";"-";"2017";3626
"Social";"Mercado de Trabalho";"Vínculos Empregatícios Total no Emprego Formal";"Tapajós";"Novo Progresso";"-";"2018";3913
"Social";"Mercado de Trabalho";"Vínculos Empregatícios Total no Emprego Formal";"Tapajós";"Novo Progresso";"-";"2019";3940
"Social";"Mercado de Trabalho";"Vínculos Empregatícios Total no Emprego Formal";"Tapajós";"Novo Progresso";"-";"2020";3878
"Social";"Mercado de Trabalho";"Vínculos Empregatícios Total no Emprego Formal";"Tapajós";"Novo Progresso";"-";"2021";3751
"Social";"Mercado de Trabalho";"Vínculos Empregatícios Total no Emprego Formal";"Tapajós";"Novo Progresso";"-";"2022";5059
"Social";"Mercado de Trabalho";"Vínculos Empregatícios Total no Emprego Formal";"Tapajós";"Novo Progresso";"-";"2023";4018
"Social";"Mercado de Trabalho";"Vínculos Empregatícios Total no Emprego Formal";"Lago de Tucuruí";"Novo Repartimento";"-";"2009";3807
"Social";"Mercado de Trabalho";"Vínculos Empregatícios Total no Emprego Formal";"Lago de Tucuruí";"Novo Repartimento";"-";"2010";3530
"Social";"Mercado de Trabalho";"Vínculos Empregatícios Total no Emprego Formal";"Lago de Tucuruí";"Novo Repartimento";"-";"2011";4704
"Social";"Mercado de Trabalho";"Vínculos Empregatícios Total no Emprego Formal";"Lago de Tucuruí";"Novo Repartimento";"-";"2012";5572
"Social";"Mercado de Trabalho";"Vínculos Empregatícios Total no Emprego Formal";"Lago de Tucuruí";"Novo Repartimento";"-";"2013";5646
"Social";"Mercado de Trabalho";"Vínculos Empregatícios Total no Emprego Formal";"Lago de Tucuruí";"Novo Repartimento";"-";"2014";2025
"Social";"Mercado de Trabalho";"Vínculos Empregatícios Total no Emprego Formal";"Lago de Tucuruí";"Novo Repartimento";"-";"2015";4771
"Social";"Mercado de Trabalho";"Vínculos Empregatícios Total no Emprego Formal";"Lago de Tucuruí";"Novo Repartimento";"-";"2016";4459
"Social";"Mercado de Trabalho";"Vínculos Empregatícios Total no Emprego Formal";"Lago de Tucuruí";"Novo Repartimento";"-";"2017";4242
"Social";"Mercado de Trabalho";"Vínculos Empregatícios Total no Emprego Formal";"Lago de Tucuruí";"Novo Repartimento";"-";"2018";4569
"Social";"Mercado de Trabalho";"Vínculos Empregatícios Total no Emprego Formal";"Lago de Tucuruí";"Novo Repartimento";"-";"2019";4318
"Social";"Mercado de Trabalho";"Vínculos Empregatícios Total no Emprego Formal";"Lago de Tucuruí";"Novo Repartimento";"-";"2020";4157
"Social";"Mercado de Trabalho";"Vínculos Empregatícios Total no Emprego Formal";"Lago de Tucuruí";"Novo Repartimento";"-";"2021";4423
"Social";"Mercado de Trabalho";"Vínculos Empregatícios Total no Emprego Formal";"Lago de Tucuruí";"Novo Repartimento";"-";"2022";4568
"Social";"Mercado de Trabalho";"Vínculos Empregatícios Total no Emprego Formal";"Lago de Tucuruí";"Novo Repartimento";"-";"2023";2416
"Social";"Mercado de Trabalho";"Vínculos Empregatícios Total no Emprego Formal";"Baixo Amazonas";"Óbidos";"-";"2009";2650
"Social";"Mercado de Trabalho";"Vínculos Empregatícios Total no Emprego Formal";"Baixo Amazonas";"Óbidos";"-";"2010";2767
"Social";"Mercado de Trabalho";"Vínculos Empregatícios Total no Emprego Formal";"Baixo Amazonas";"Óbidos";"-";"2011";2862
"Social";"Mercado de Trabalho";"Vínculos Empregatícios Total no Emprego Formal";"Baixo Amazonas";"Óbidos";"-";"2012";2933
"Social";"Mercado de Trabalho";"Vínculos Empregatícios Total no Emprego Formal";"Baixo Amazonas";"Óbidos";"-";"2013";3315
"Social";"Mercado de Trabalho";"Vínculos Empregatícios Total no Emprego Formal";"Baixo Amazonas";"Óbidos";"-";"2014";3324
"Social";"Mercado de Trabalho";"Vínculos Empregatícios Total no Emprego Formal";"Baixo Amazonas";"Óbidos";"-";"2015";3478
"Social";"Mercado de Trabalho";"Vínculos Empregatícios Total no Emprego Formal";"Baixo Amazonas";"Óbidos";"-";"2016";3071
"Social";"Mercado de Trabalho";"Vínculos Empregatícios Total no Emprego Formal";"Baixo Amazonas";"Óbidos";"-";"2017";3751
"Social";"Mercado de Trabalho";"Vínculos Empregatícios Total no Emprego Formal";"Baixo Amazonas";"Óbidos";"-";"2018";2972
"Social";"Mercado de Trabalho";"Vínculos Empregatícios Total no Emprego Formal";"Baixo Amazonas";"Óbidos";"-";"2019";2894
"Social";"Mercado de Trabalho";"Vínculos Empregatícios Total no Emprego Formal";"Baixo Amazonas";"Óbidos";"-";"2020";2976
"Social";"Mercado de Trabalho";"Vínculos Empregatícios Total no Emprego Formal";"Baixo Amazonas";"Óbidos";"-";"2021";3764
"Social";"Mercado de Trabalho";"Vínculos Empregatícios Total no Emprego Formal";"Baixo Amazonas";"Óbidos";"-";"2022";5489
"Social";"Mercado de Trabalho";"Vínculos Empregatícios Total no Emprego Formal";"Baixo Amazonas";"Óbidos";"-";"2023";1524
"Social";"Mercado de Trabalho";"Vínculos Empregatícios Total no Emprego Formal";"Marajó";"Oeiras do Pará";"-";"2009";1155
"Social";"Mercado de Trabalho";"Vínculos Empregatícios Total no Emprego Formal";"Marajó";"Oeiras do Pará";"-";"2010";1174
"Social";"Mercado de Trabalho";"Vínculos Empregatícios Total no Emprego Formal";"Marajó";"Oeiras do Pará";"-";"2011";1220
"Social";"Mercado de Trabalho";"Vínculos Empregatícios Total no Emprego Formal";"Marajó";"Oeiras do Pará";"-";"2012";1068
"Social";"Mercado de Trabalho";"Vínculos Empregatícios Total no Emprego Formal";"Marajó";"Oeiras do Pará";"-";"2013";1206
"Social";"Mercado de Trabalho";"Vínculos Empregatícios Total no Emprego Formal";"Marajó";"Oeiras do Pará";"-";"2014";377
"Social";"Mercado de Trabalho";"Vínculos Empregatícios Total no Emprego Formal";"Marajó";"Oeiras do Pará";"-";"2015";1573
"Social";"Mercado de Trabalho";"Vínculos Empregatícios Total no Emprego Formal";"Marajó";"Oeiras do Pará";"-";"2016";56
"Social";"Mercado de Trabalho";"Vínculos Empregatícios Total no Emprego Formal";"Marajó";"Oeiras do Pará";"-";"2017";1145
"Social";"Mercado de Trabalho";"Vínculos Empregatícios Total no Emprego Formal";"Marajó";"Oeiras do Pará";"-";"2018";1109
"Social";"Mercado de Trabalho";"Vínculos Empregatícios Total no Emprego Formal";"Marajó";"Oeiras do Pará";"-";"2019";1100
"Social";"Mercado de Trabalho";"Vínculos Empregatícios Total no Emprego Formal";"Marajó";"Oeiras do Pará";"-";"2020";1065
"Social";"Mercado de Trabalho";"Vínculos Empregatícios Total no Emprego Formal";"Marajó";"Oeiras do Pará";"-";"2021";1075
"Social";"Mercado de Trabalho";"Vínculos Empregatícios Total no Emprego Formal";"Marajó";"Oeiras do Pará";"-";"2022";1087
"Social";"Mercado de Trabalho";"Vínculos Empregatícios Total no Emprego Formal";"Marajó";"Oeiras do Pará";"-";"2023";92
"Social";"Mercado de Trabalho";"Vínculos Empregatícios Total no Emprego Formal";"Baixo Amazonas";"Oriximiná";"-";"2009";6721
"Social";"Mercado de Trabalho";"Vínculos Empregatícios Total no Emprego Formal";"Baixo Amazonas";"Oriximiná";"-";"2010";7139
"Social";"Mercado de Trabalho";"Vínculos Empregatícios Total no Emprego Formal";"Baixo Amazonas";"Oriximiná";"-";"2011";7341
"Social";"Mercado de Trabalho";"Vínculos Empregatícios Total no Emprego Formal";"Baixo Amazonas";"Oriximiná";"-";"2012";7472
"Social";"Mercado de Trabalho";"Vínculos Empregatícios Total no Emprego Formal";"Baixo Amazonas";"Oriximiná";"-";"2013";7551
"Social";"Mercado de Trabalho";"Vínculos Empregatícios Total no Emprego Formal";"Baixo Amazonas";"Oriximiná";"-";"2014";7651
"Social";"Mercado de Trabalho";"Vínculos Empregatícios Total no Emprego Formal";"Baixo Amazonas";"Oriximiná";"-";"2015";7874
"Social";"Mercado de Trabalho";"Vínculos Empregatícios Total no Emprego Formal";"Baixo Amazonas";"Oriximiná";"-";"2016";7257
"Social";"Mercado de Trabalho";"Vínculos Empregatícios Total no Emprego Formal";"Baixo Amazonas";"Oriximiná";"-";"2017";7191
"Social";"Mercado de Trabalho";"Vínculos Empregatícios Total no Emprego Formal";"Baixo Amazonas";"Oriximiná";"-";"2018";6293
"Social";"Mercado de Trabalho";"Vínculos Empregatícios Total no Emprego Formal";"Baixo Amazonas";"Oriximiná";"-";"2019";6220
"Social";"Mercado de Trabalho";"Vínculos Empregatícios Total no Emprego Formal";"Baixo Amazonas";"Oriximiná";"-";"2020";6193
"Social";"Mercado de Trabalho";"Vínculos Empregatícios Total no Emprego Formal";"Baixo Amazonas";"Oriximiná";"-";"2021";4751
"Social";"Mercado de Trabalho";"Vínculos Empregatícios Total no Emprego Formal";"Baixo Amazonas";"Oriximiná";"-";"2022";9182
"Social";"Mercado de Trabalho";"Vínculos Empregatícios Total no Emprego Formal";"Baixo Amazonas";"Oriximiná";"-";"2023";7194
"Social";"Mercado de Trabalho";"Vínculos Empregatícios Total no Emprego Formal";"Rio Capim";"Ourém";"-";"2009";665
"Social";"Mercado de Trabalho";"Vínculos Empregatícios Total no Emprego Formal";"Rio Capim";"Ourém";"-";"2010";714
"Social";"Mercado de Trabalho";"Vínculos Empregatícios Total no Emprego Formal";"Rio Capim";"Ourém";"-";"2011";805
"Social";"Mercado de Trabalho";"Vínculos Empregatícios Total no Emprego Formal";"Rio Capim";"Ourém";"-";"2012";775
"Social";"Mercado de Trabalho";"Vínculos Empregatícios Total no Emprego Formal";"Rio Capim";"Ourém";"-";"2013";850
"Social";"Mercado de Trabalho";"Vínculos Empregatícios Total no Emprego Formal";"Rio Capim";"Ourém";"-";"2014";764
"Social";"Mercado de Trabalho";"Vínculos Empregatícios Total no Emprego Formal";"Rio Capim";"Ourém";"-";"2015";567
"Social";"Mercado de Trabalho";"Vínculos Empregatícios Total no Emprego Formal";"Rio Capim";"Ourém";"-";"2016";557
"Social";"Mercado de Trabalho";"Vínculos Empregatícios Total no Emprego Formal";"Rio Capim";"Ourém";"-";"2017";520
"Social";"Mercado de Trabalho";"Vínculos Empregatícios Total no Emprego Formal";"Rio Capim";"Ourém";"-";"2018";885
"Social";"Mercado de Trabalho";"Vínculos Empregatícios Total no Emprego Formal";"Rio Capim";"Ourém";"-";"2019";196
"Social";"Mercado de Trabalho";"Vínculos Empregatícios Total no Emprego Formal";"Rio Capim";"Ourém";"-";"2020";783
"Social";"Mercado de Trabalho";"Vínculos Empregatícios Total no Emprego Formal";"Rio Capim";"Ourém";"-";"2021";877
"Social";"Mercado de Trabalho";"Vínculos Empregatícios Total no Emprego Formal";"Rio Capim";"Ourém";"-";"2022";1050
"Social";"Mercado de Trabalho";"Vínculos Empregatícios Total no Emprego Formal";"Rio Capim";"Ourém";"-";"2023";342
"Social";"Mercado de Trabalho";"Vínculos Empregatícios Total no Emprego Formal";"Araguaia";"Ourilândia do Norte";"-";"2009";3901
"Social";"Mercado de Trabalho";"Vínculos Empregatícios Total no Emprego Formal";"Araguaia";"Ourilândia do Norte";"-";"2010";5522
"Social";"Mercado de Trabalho";"Vínculos Empregatícios Total no Emprego Formal";"Araguaia";"Ourilândia do Norte";"-";"2011";5377
"Social";"Mercado de Trabalho";"Vínculos Empregatícios Total no Emprego Formal";"Araguaia";"Ourilândia do Norte";"-";"2012";4116
"Social";"Mercado de Trabalho";"Vínculos Empregatícios Total no Emprego Formal";"Araguaia";"Ourilândia do Norte";"-";"2013";4438
"Social";"Mercado de Trabalho";"Vínculos Empregatícios Total no Emprego Formal";"Araguaia";"Ourilândia do Norte";"-";"2014";3585
"Social";"Mercado de Trabalho";"Vínculos Empregatícios Total no Emprego Formal";"Araguaia";"Ourilândia do Norte";"-";"2015";3550
"Social";"Mercado de Trabalho";"Vínculos Empregatícios Total no Emprego Formal";"Araguaia";"Ourilândia do Norte";"-";"2016";3166
"Social";"Mercado de Trabalho";"Vínculos Empregatícios Total no Emprego Formal";"Araguaia";"Ourilândia do Norte";"-";"2017";2729
"Social";"Mercado de Trabalho";"Vínculos Empregatícios Total no Emprego Formal";"Araguaia";"Ourilândia do Norte";"-";"2018";2646
"Social";"Mercado de Trabalho";"Vínculos Empregatícios Total no Emprego Formal";"Araguaia";"Ourilândia do Norte";"-";"2019";3222
"Social";"Mercado de Trabalho";"Vínculos Empregatícios Total no Emprego Formal";"Araguaia";"Ourilândia do Norte";"-";"2020";3436
"Social";"Mercado de Trabalho";"Vínculos Empregatícios Total no Emprego Formal";"Araguaia";"Ourilândia do Norte";"-";"2021";3549
"Social";"Mercado de Trabalho";"Vínculos Empregatícios Total no Emprego Formal";"Araguaia";"Ourilândia do Norte";"-";"2022";3957
"Social";"Mercado de Trabalho";"Vínculos Empregatícios Total no Emprego Formal";"Araguaia";"Ourilândia do Norte";"-";"2023";4124
"Social";"Mercado de Trabalho";"Vínculos Empregatícios Total no Emprego Formal";"Xingu";"Pacajá";"-";"2009";1614
"Social";"Mercado de Trabalho";"Vínculos Empregatícios Total no Emprego Formal";"Xingu";"Pacajá";"-";"2010";1650
"Social";"Mercado de Trabalho";"Vínculos Empregatícios Total no Emprego Formal";"Xingu";"Pacajá";"-";"2011";1886
"Social";"Mercado de Trabalho";"Vínculos Empregatícios Total no Emprego Formal";"Xingu";"Pacajá";"-";"2012";2016
"Social";"Mercado de Trabalho";"Vínculos Empregatícios Total no Emprego Formal";"Xingu";"Pacajá";"-";"2013";2100
"Social";"Mercado de Trabalho";"Vínculos Empregatícios Total no Emprego Formal";"Xingu";"Pacajá";"-";"2014";2082
"Social";"Mercado de Trabalho";"Vínculos Empregatícios Total no Emprego Formal";"Xingu";"Pacajá";"-";"2015";2084
"Social";"Mercado de Trabalho";"Vínculos Empregatícios Total no Emprego Formal";"Xingu";"Pacajá";"-";"2016";2120
"Social";"Mercado de Trabalho";"Vínculos Empregatícios Total no Emprego Formal";"Xingu";"Pacajá";"-";"2017";3274
"Social";"Mercado de Trabalho";"Vínculos Empregatícios Total no Emprego Formal";"Xingu";"Pacajá";"-";"2018";3441
"Social";"Mercado de Trabalho";"Vínculos Empregatícios Total no Emprego Formal";"Xingu";"Pacajá";"-";"2019";2540
"Social";"Mercado de Trabalho";"Vínculos Empregatícios Total no Emprego Formal";"Xingu";"Pacajá";"-";"2020";3968
"Social";"Mercado de Trabalho";"Vínculos Empregatícios Total no Emprego Formal";"Xingu";"Pacajá";"-";"2021";2942
"Social";"Mercado de Trabalho";"Vínculos Empregatícios Total no Emprego Formal";"Xingu";"Pacajá";"-";"2022";2662
"Social";"Mercado de Trabalho";"Vínculos Empregatícios Total no Emprego Formal";"Xingu";"Pacajá";"-";"2023";1510
"Social";"Mercado de Trabalho";"Vínculos Empregatícios Total no Emprego Formal";"Carajás";"Palestina do Pará";"-";"2009";321
"Social";"Mercado de Trabalho";"Vínculos Empregatícios Total no Emprego Formal";"Carajás";"Palestina do Pará";"-";"2010";371
"Social";"Mercado de Trabalho";"Vínculos Empregatícios Total no Emprego Formal";"Carajás";"Palestina do Pará";"-";"2011";388
"Social";"Mercado de Trabalho";"Vínculos Empregatícios Total no Emprego Formal";"Carajás";"Palestina do Pará";"-";"2012";386
"Social";"Mercado de Trabalho";"Vínculos Empregatícios Total no Emprego Formal";"Carajás";"Palestina do Pará";"-";"2013";134
"Social";"Mercado de Trabalho";"Vínculos Empregatícios Total no Emprego Formal";"Carajás";"Palestina do Pará";"-";"2014";338
"Social";"Mercado de Trabalho";"Vínculos Empregatícios Total no Emprego Formal";"Carajás";"Palestina do Pará";"-";"2015";392
"Social";"Mercado de Trabalho";"Vínculos Empregatícios Total no Emprego Formal";"Carajás";"Palestina do Pará";"-";"2016";452
"Social";"Mercado de Trabalho";"Vínculos Empregatícios Total no Emprego Formal";"Carajás";"Palestina do Pará";"-";"2017";447
"Social";"Mercado de Trabalho";"Vínculos Empregatícios Total no Emprego Formal";"Carajás";"Palestina do Pará";"-";"2018";451
"Social";"Mercado de Trabalho";"Vínculos Empregatícios Total no Emprego Formal";"Carajás";"Palestina do Pará";"-";"2019";493
"Social";"Mercado de Trabalho";"Vínculos Empregatícios Total no Emprego Formal";"Carajás";"Palestina do Pará";"-";"2020";482
"Social";"Mercado de Trabalho";"Vínculos Empregatícios Total no Emprego Formal";"Carajás";"Palestina do Pará";"-";"2021";478
"Social";"Mercado de Trabalho";"Vínculos Empregatícios Total no Emprego Formal";"Carajás";"Palestina do Pará";"-";"2022";509
"Social";"Mercado de Trabalho";"Vínculos Empregatícios Total no Emprego Formal";"Carajás";"Palestina do Pará";"-";"2023";240
"Social";"Mercado de Trabalho";"Vínculos Empregatícios Total no Emprego Formal";"Rio Capim";"Paragominas";"-";"2009";14347
"Social";"Mercado de Trabalho";"Vínculos Empregatícios Total no Emprego Formal";"Rio Capim";"Paragominas";"-";"2010";17833
"Social";"Mercado de Trabalho";"Vínculos Empregatícios Total no Emprego Formal";"Rio Capim";"Paragominas";"-";"2011";19086
"Social";"Mercado de Trabalho";"Vínculos Empregatícios Total no Emprego Formal";"Rio Capim";"Paragominas";"-";"2012";19231
"Social";"Mercado de Trabalho";"Vínculos Empregatícios Total no Emprego Formal";"Rio Capim";"Paragominas";"-";"2013";17595
"Social";"Mercado de Trabalho";"Vínculos Empregatícios Total no Emprego Formal";"Rio Capim";"Paragominas";"-";"2014";18752
"Social";"Mercado de Trabalho";"Vínculos Empregatícios Total no Emprego Formal";"Rio Capim";"Paragominas";"-";"2015";18482
"Social";"Mercado de Trabalho";"Vínculos Empregatícios Total no Emprego Formal";"Rio Capim";"Paragominas";"-";"2016";17675
"Social";"Mercado de Trabalho";"Vínculos Empregatícios Total no Emprego Formal";"Rio Capim";"Paragominas";"-";"2017";19712
"Social";"Mercado de Trabalho";"Vínculos Empregatícios Total no Emprego Formal";"Rio Capim";"Paragominas";"-";"2018";18284
"Social";"Mercado de Trabalho";"Vínculos Empregatícios Total no Emprego Formal";"Rio Capim";"Paragominas";"-";"2019";18537
"Social";"Mercado de Trabalho";"Vínculos Empregatícios Total no Emprego Formal";"Rio Capim";"Paragominas";"-";"2020";18321
"Social";"Mercado de Trabalho";"Vínculos Empregatícios Total no Emprego Formal";"Rio Capim";"Paragominas";"-";"2021";20298
"Social";"Mercado de Trabalho";"Vínculos Empregatícios Total no Emprego Formal";"Rio Capim";"Paragominas";"-";"2022";23548
"Social";"Mercado de Trabalho";"Vínculos Empregatícios Total no Emprego Formal";"Rio Capim";"Paragominas";"-";"2023";22203
"Social";"Mercado de Trabalho";"Vínculos Empregatícios Total no Emprego Formal";"Carajás";"Parauapebas";"-";"2009";34994
"Social";"Mercado de Trabalho";"Vínculos Empregatícios Total no Emprego Formal";"Carajás";"Parauapebas";"-";"2010";38030
"Social";"Mercado de Trabalho";"Vínculos Empregatícios Total no Emprego Formal";"Carajás";"Parauapebas";"-";"2011";44590
"Social";"Mercado de Trabalho";"Vínculos Empregatícios Total no Emprego Formal";"Carajás";"Parauapebas";"-";"2012";48453
"Social";"Mercado de Trabalho";"Vínculos Empregatícios Total no Emprego Formal";"Carajás";"Parauapebas";"-";"2013";49797
"Social";"Mercado de Trabalho";"Vínculos Empregatícios Total no Emprego Formal";"Carajás";"Parauapebas";"-";"2014";47756
"Social";"Mercado de Trabalho";"Vínculos Empregatícios Total no Emprego Formal";"Carajás";"Parauapebas";"-";"2015";48991
"Social";"Mercado de Trabalho";"Vínculos Empregatícios Total no Emprego Formal";"Carajás";"Parauapebas";"-";"2016";47353
"Social";"Mercado de Trabalho";"Vínculos Empregatícios Total no Emprego Formal";"Carajás";"Parauapebas";"-";"2017";42945
"Social";"Mercado de Trabalho";"Vínculos Empregatícios Total no Emprego Formal";"Carajás";"Parauapebas";"-";"2018";43702
"Social";"Mercado de Trabalho";"Vínculos Empregatícios Total no Emprego Formal";"Carajás";"Parauapebas";"-";"2019";51681
"Social";"Mercado de Trabalho";"Vínculos Empregatícios Total no Emprego Formal";"Carajás";"Parauapebas";"-";"2020";59872
"Social";"Mercado de Trabalho";"Vínculos Empregatícios Total no Emprego Formal";"Carajás";"Parauapebas";"-";"2021";71477
"Social";"Mercado de Trabalho";"Vínculos Empregatícios Total no Emprego Formal";"Carajás";"Parauapebas";"-";"2022";70956
"Social";"Mercado de Trabalho";"Vínculos Empregatícios Total no Emprego Formal";"Carajás";"Parauapebas";"-";"2023";69143
"Social";"Mercado de Trabalho";"Vínculos Empregatícios Total no Emprego Formal";"Araguaia";"Pau D'Arco";"-";"2009";642
"Social";"Mercado de Trabalho";"Vínculos Empregatícios Total no Emprego Formal";"Araguaia";"Pau D'Arco";"-";"2010";702
"Social";"Mercado de Trabalho";"Vínculos Empregatícios Total no Emprego Formal";"Araguaia";"Pau D'Arco";"-";"2011";682
"Social";"Mercado de Trabalho";"Vínculos Empregatícios Total no Emprego Formal";"Araguaia";"Pau D'Arco";"-";"2012";596
"Social";"Mercado de Trabalho";"Vínculos Empregatícios Total no Emprego Formal";"Araguaia";"Pau D'Arco";"-";"2013";626
"Social";"Mercado de Trabalho";"Vínculos Empregatícios Total no Emprego Formal";"Araguaia";"Pau D'Arco";"-";"2014";580
"Social";"Mercado de Trabalho";"Vínculos Empregatícios Total no Emprego Formal";"Araguaia";"Pau D'Arco";"-";"2015";704
"Social";"Mercado de Trabalho";"Vínculos Empregatícios Total no Emprego Formal";"Araguaia";"Pau D'Arco";"-";"2016";553
"Social";"Mercado de Trabalho";"Vínculos Empregatícios Total no Emprego Formal";"Araguaia";"Pau D'Arco";"-";"2017";594
"Social";"Mercado de Trabalho";"Vínculos Empregatícios Total no Emprego Formal";"Araguaia";"Pau D'Arco";"-";"2018";579
"Social";"Mercado de Trabalho";"Vínculos Empregatícios Total no Emprego Formal";"Araguaia";"Pau D'Arco";"-";"2019";634
"Social";"Mercado de Trabalho";"Vínculos Empregatícios Total no Emprego Formal";"Araguaia";"Pau D'Arco";"-";"2020";612
"Social";"Mercado de Trabalho";"Vínculos Empregatícios Total no Emprego Formal";"Araguaia";"Pau D'Arco";"-";"2021";787
"Social";"Mercado de Trabalho";"Vínculos Empregatícios Total no Emprego Formal";"Araguaia";"Pau D'Arco";"-";"2022";716
"Social";"Mercado de Trabalho";"Vínculos Empregatícios Total no Emprego Formal";"Araguaia";"Pau D'Arco";"-";"2023";435
"Social";"Mercado de Trabalho";"Vínculos Empregatícios Total no Emprego Formal";"Rio Caeté";"Peixe-Boi";"-";"2009";410
"Social";"Mercado de Trabalho";"Vínculos Empregatícios Total no Emprego Formal";"Rio Caeté";"Peixe-Boi";"-";"2010";416
"Social";"Mercado de Trabalho";"Vínculos Empregatícios Total no Emprego Formal";"Rio Caeté";"Peixe-Boi";"-";"2011";486
"Social";"Mercado de Trabalho";"Vínculos Empregatícios Total no Emprego Formal";"Rio Caeté";"Peixe-Boi";"-";"2012";461
"Social";"Mercado de Trabalho";"Vínculos Empregatícios Total no Emprego Formal";"Rio Caeté";"Peixe-Boi";"-";"2013";465
"Social";"Mercado de Trabalho";"Vínculos Empregatícios Total no Emprego Formal";"Rio Caeté";"Peixe-Boi";"-";"2014";401
"Social";"Mercado de Trabalho";"Vínculos Empregatícios Total no Emprego Formal";"Rio Caeté";"Peixe-Boi";"-";"2015";501
"Social";"Mercado de Trabalho";"Vínculos Empregatícios Total no Emprego Formal";"Rio Caeté";"Peixe-Boi";"-";"2016";513
"Social";"Mercado de Trabalho";"Vínculos Empregatícios Total no Emprego Formal";"Rio Caeté";"Peixe-Boi";"-";"2017";496
"Social";"Mercado de Trabalho";"Vínculos Empregatícios Total no Emprego Formal";"Rio Caeté";"Peixe-Boi";"-";"2018";380
"Social";"Mercado de Trabalho";"Vínculos Empregatícios Total no Emprego Formal";"Rio Caeté";"Peixe-Boi";"-";"2019";300
"Social";"Mercado de Trabalho";"Vínculos Empregatícios Total no Emprego Formal";"Rio Caeté";"Peixe-Boi";"-";"2020";296
"Social";"Mercado de Trabalho";"Vínculos Empregatícios Total no Emprego Formal";"Rio Caeté";"Peixe-Boi";"-";"2021";327
"Social";"Mercado de Trabalho";"Vínculos Empregatícios Total no Emprego Formal";"Rio Caeté";"Peixe-Boi";"-";"2022";614
"Social";"Mercado de Trabalho";"Vínculos Empregatícios Total no Emprego Formal";"Rio Caeté";"Peixe-Boi";"-";"2023";317
"Social";"Mercado de Trabalho";"Vínculos Empregatícios Total no Emprego Formal";"Carajás";"Piçarra";"-";"2009";1114
"Social";"Mercado de Trabalho";"Vínculos Empregatícios Total no Emprego Formal";"Carajás";"Piçarra";"-";"2010";1243
"Social";"Mercado de Trabalho";"Vínculos Empregatícios Total no Emprego Formal";"Carajás";"Piçarra";"-";"2011";1183
"Social";"Mercado de Trabalho";"Vínculos Empregatícios Total no Emprego Formal";"Carajás";"Piçarra";"-";"2012";995
"Social";"Mercado de Trabalho";"Vínculos Empregatícios Total no Emprego Formal";"Carajás";"Piçarra";"-";"2013";1307
"Social";"Mercado de Trabalho";"Vínculos Empregatícios Total no Emprego Formal";"Carajás";"Piçarra";"-";"2014";1395
"Social";"Mercado de Trabalho";"Vínculos Empregatícios Total no Emprego Formal";"Carajás";"Piçarra";"-";"2015";1326
"Social";"Mercado de Trabalho";"Vínculos Empregatícios Total no Emprego Formal";"Carajás";"Piçarra";"-";"2016";1022
"Social";"Mercado de Trabalho";"Vínculos Empregatícios Total no Emprego Formal";"Carajás";"Piçarra";"-";"2017";1172
"Social";"Mercado de Trabalho";"Vínculos Empregatícios Total no Emprego Formal";"Carajás";"Piçarra";"-";"2018";1147
"Social";"Mercado de Trabalho";"Vínculos Empregatícios Total no Emprego Formal";"Carajás";"Piçarra";"-";"2019";1330
"Social";"Mercado de Trabalho";"Vínculos Empregatícios Total no Emprego Formal";"Carajás";"Piçarra";"-";"2020";1173
"Social";"Mercado de Trabalho";"Vínculos Empregatícios Total no Emprego Formal";"Carajás";"Piçarra";"-";"2021";1268
"Social";"Mercado de Trabalho";"Vínculos Empregatícios Total no Emprego Formal";"Carajás";"Piçarra";"-";"2022";1718
"Social";"Mercado de Trabalho";"Vínculos Empregatícios Total no Emprego Formal";"Carajás";"Piçarra";"-";"2023";842
"Social";"Mercado de Trabalho";"Vínculos Empregatícios Total no Emprego Formal";"Xingu";"Placas";"-";"2009";1061
"Social";"Mercado de Trabalho";"Vínculos Empregatícios Total no Emprego Formal";"Xingu";"Placas";"-";"2010";965
"Social";"Mercado de Trabalho";"Vínculos Empregatícios Total no Emprego Formal";"Xingu";"Placas";"-";"2011";935
"Social";"Mercado de Trabalho";"Vínculos Empregatícios Total no Emprego Formal";"Xingu";"Placas";"-";"2012";767
"Social";"Mercado de Trabalho";"Vínculos Empregatícios Total no Emprego Formal";"Xingu";"Placas";"-";"2013";878
"Social";"Mercado de Trabalho";"Vínculos Empregatícios Total no Emprego Formal";"Xingu";"Placas";"-";"2014";1155
"Social";"Mercado de Trabalho";"Vínculos Empregatícios Total no Emprego Formal";"Xingu";"Placas";"-";"2015";1050
"Social";"Mercado de Trabalho";"Vínculos Empregatícios Total no Emprego Formal";"Xingu";"Placas";"-";"2016";884
"Social";"Mercado de Trabalho";"Vínculos Empregatícios Total no Emprego Formal";"Xingu";"Placas";"-";"2017";783
"Social";"Mercado de Trabalho";"Vínculos Empregatícios Total no Emprego Formal";"Xingu";"Placas";"-";"2018";842
"Social";"Mercado de Trabalho";"Vínculos Empregatícios Total no Emprego Formal";"Xingu";"Placas";"-";"2019";946
"Social";"Mercado de Trabalho";"Vínculos Empregatícios Total no Emprego Formal";"Xingu";"Placas";"-";"2020";1169
"Social";"Mercado de Trabalho";"Vínculos Empregatícios Total no Emprego Formal";"Xingu";"Placas";"-";"2021";1432
"Social";"Mercado de Trabalho";"Vínculos Empregatícios Total no Emprego Formal";"Xingu";"Placas";"-";"2022";760
"Social";"Mercado de Trabalho";"Vínculos Empregatícios Total no Emprego Formal";"Xingu";"Placas";"-";"2023";289
"Social";"Mercado de Trabalho";"Vínculos Empregatícios Total no Emprego Formal";"Marajó";"Ponta de Pedras";"-";"2009";1054
"Social";"Mercado de Trabalho";"Vínculos Empregatícios Total no Emprego Formal";"Marajó";"Ponta de Pedras";"-";"2010";1038
"Social";"Mercado de Trabalho";"Vínculos Empregatícios Total no Emprego Formal";"Marajó";"Ponta de Pedras";"-";"2011";1251
"Social";"Mercado de Trabalho";"Vínculos Empregatícios Total no Emprego Formal";"Marajó";"Ponta de Pedras";"-";"2012";1179
"Social";"Mercado de Trabalho";"Vínculos Empregatícios Total no Emprego Formal";"Marajó";"Ponta de Pedras";"-";"2013";1134
"Social";"Mercado de Trabalho";"Vínculos Empregatícios Total no Emprego Formal";"Marajó";"Ponta de Pedras";"-";"2014";1405
"Social";"Mercado de Trabalho";"Vínculos Empregatícios Total no Emprego Formal";"Marajó";"Ponta de Pedras";"-";"2015";1498
"Social";"Mercado de Trabalho";"Vínculos Empregatícios Total no Emprego Formal";"Marajó";"Ponta de Pedras";"-";"2016";1299
"Social";"Mercado de Trabalho";"Vínculos Empregatícios Total no Emprego Formal";"Marajó";"Ponta de Pedras";"-";"2017";1109
"Social";"Mercado de Trabalho";"Vínculos Empregatícios Total no Emprego Formal";"Marajó";"Ponta de Pedras";"-";"2018";1322
"Social";"Mercado de Trabalho";"Vínculos Empregatícios Total no Emprego Formal";"Marajó";"Ponta de Pedras";"-";"2019";1206
"Social";"Mercado de Trabalho";"Vínculos Empregatícios Total no Emprego Formal";"Marajó";"Ponta de Pedras";"-";"2020";980
"Social";"Mercado de Trabalho";"Vínculos Empregatícios Total no Emprego Formal";"Marajó";"Ponta de Pedras";"-";"2021";1830
"Social";"Mercado de Trabalho";"Vínculos Empregatícios Total no Emprego Formal";"Marajó";"Ponta de Pedras";"-";"2022";1960
"Social";"Mercado de Trabalho";"Vínculos Empregatícios Total no Emprego Formal";"Marajó";"Ponta de Pedras";"-";"2023";238
"Social";"Mercado de Trabalho";"Vínculos Empregatícios Total no Emprego Formal";"Marajó";"Portel";"-";"2009";2634
"Social";"Mercado de Trabalho";"Vínculos Empregatícios Total no Emprego Formal";"Marajó";"Portel";"-";"2010";2411
"Social";"Mercado de Trabalho";"Vínculos Empregatícios Total no Emprego Formal";"Marajó";"Portel";"-";"2011";2310
"Social";"Mercado de Trabalho";"Vínculos Empregatícios Total no Emprego Formal";"Marajó";"Portel";"-";"2012";2068
"Social";"Mercado de Trabalho";"Vínculos Empregatícios Total no Emprego Formal";"Marajó";"Portel";"-";"2013";1257
"Social";"Mercado de Trabalho";"Vínculos Empregatícios Total no Emprego Formal";"Marajó";"Portel";"-";"2014";2658
"Social";"Mercado de Trabalho";"Vínculos Empregatícios Total no Emprego Formal";"Marajó";"Portel";"-";"2015";3621
"Social";"Mercado de Trabalho";"Vínculos Empregatícios Total no Emprego Formal";"Marajó";"Portel";"-";"2016";2611
"Social";"Mercado de Trabalho";"Vínculos Empregatícios Total no Emprego Formal";"Marajó";"Portel";"-";"2017";3979
"Social";"Mercado de Trabalho";"Vínculos Empregatícios Total no Emprego Formal";"Marajó";"Portel";"-";"2018";3860
"Social";"Mercado de Trabalho";"Vínculos Empregatícios Total no Emprego Formal";"Marajó";"Portel";"-";"2019";4187
"Social";"Mercado de Trabalho";"Vínculos Empregatícios Total no Emprego Formal";"Marajó";"Portel";"-";"2020";2851
"Social";"Mercado de Trabalho";"Vínculos Empregatícios Total no Emprego Formal";"Marajó";"Portel";"-";"2021";3376
"Social";"Mercado de Trabalho";"Vínculos Empregatícios Total no Emprego Formal";"Marajó";"Portel";"-";"2022";3985
"Social";"Mercado de Trabalho";"Vínculos Empregatícios Total no Emprego Formal";"Marajó";"Portel";"-";"2023";1185
"Social";"Mercado de Trabalho";"Vínculos Empregatícios Total no Emprego Formal";"Xingu";"Porto de Moz";"-";"2009";1257
"Social";"Mercado de Trabalho";"Vínculos Empregatícios Total no Emprego Formal";"Xingu";"Porto de Moz";"-";"2010";1115
"Social";"Mercado de Trabalho";"Vínculos Empregatícios Total no Emprego Formal";"Xingu";"Porto de Moz";"-";"2011";1744
"Social";"Mercado de Trabalho";"Vínculos Empregatícios Total no Emprego Formal";"Xingu";"Porto de Moz";"-";"2012";97
"Social";"Mercado de Trabalho";"Vínculos Empregatícios Total no Emprego Formal";"Xingu";"Porto de Moz";"-";"2013";1986
"Social";"Mercado de Trabalho";"Vínculos Empregatícios Total no Emprego Formal";"Xingu";"Porto de Moz";"-";"2014";1467
"Social";"Mercado de Trabalho";"Vínculos Empregatícios Total no Emprego Formal";"Xingu";"Porto de Moz";"-";"2015";1531
"Social";"Mercado de Trabalho";"Vínculos Empregatícios Total no Emprego Formal";"Xingu";"Porto de Moz";"-";"2016";1342
"Social";"Mercado de Trabalho";"Vínculos Empregatícios Total no Emprego Formal";"Xingu";"Porto de Moz";"-";"2017";1718
"Social";"Mercado de Trabalho";"Vínculos Empregatícios Total no Emprego Formal";"Xingu";"Porto de Moz";"-";"2018";2074
"Social";"Mercado de Trabalho";"Vínculos Empregatícios Total no Emprego Formal";"Xingu";"Porto de Moz";"-";"2019";1693
"Social";"Mercado de Trabalho";"Vínculos Empregatícios Total no Emprego Formal";"Xingu";"Porto de Moz";"-";"2020";1782
"Social";"Mercado de Trabalho";"Vínculos Empregatícios Total no Emprego Formal";"Xingu";"Porto de Moz";"-";"2021";2497
"Social";"Mercado de Trabalho";"Vínculos Empregatícios Total no Emprego Formal";"Xingu";"Porto de Moz";"-";"2022";1896
"Social";"Mercado de Trabalho";"Vínculos Empregatícios Total no Emprego Formal";"Xingu";"Porto de Moz";"-";"2023";241
"Social";"Mercado de Trabalho";"Vínculos Empregatícios Total no Emprego Formal";"Baixo Amazonas";"Prainha";"-";"2009";1171
"Social";"Mercado de Trabalho";"Vínculos Empregatícios Total no Emprego Formal";"Baixo Amazonas";"Prainha";"-";"2010";991
"Social";"Mercado de Trabalho";"Vínculos Empregatícios Total no Emprego Formal";"Baixo Amazonas";"Prainha";"-";"2011";1508
"Social";"Mercado de Trabalho";"Vínculos Empregatícios Total no Emprego Formal";"Baixo Amazonas";"Prainha";"-";"2012";1262
"Social";"Mercado de Trabalho";"Vínculos Empregatícios Total no Emprego Formal";"Baixo Amazonas";"Prainha";"-";"2013";1455
"Social";"Mercado de Trabalho";"Vínculos Empregatícios Total no Emprego Formal";"Baixo Amazonas";"Prainha";"-";"2014";1365
"Social";"Mercado de Trabalho";"Vínculos Empregatícios Total no Emprego Formal";"Baixo Amazonas";"Prainha";"-";"2015";1368
"Social";"Mercado de Trabalho";"Vínculos Empregatícios Total no Emprego Formal";"Baixo Amazonas";"Prainha";"-";"2016";1176
"Social";"Mercado de Trabalho";"Vínculos Empregatícios Total no Emprego Formal";"Baixo Amazonas";"Prainha";"-";"2017";1850
"Social";"Mercado de Trabalho";"Vínculos Empregatícios Total no Emprego Formal";"Baixo Amazonas";"Prainha";"-";"2018";1483
"Social";"Mercado de Trabalho";"Vínculos Empregatícios Total no Emprego Formal";"Baixo Amazonas";"Prainha";"-";"2019";1386
"Social";"Mercado de Trabalho";"Vínculos Empregatícios Total no Emprego Formal";"Baixo Amazonas";"Prainha";"-";"2020";1210
"Social";"Mercado de Trabalho";"Vínculos Empregatícios Total no Emprego Formal";"Baixo Amazonas";"Prainha";"-";"2021";1689
"Social";"Mercado de Trabalho";"Vínculos Empregatícios Total no Emprego Formal";"Baixo Amazonas";"Prainha";"-";"2022";1632
"Social";"Mercado de Trabalho";"Vínculos Empregatícios Total no Emprego Formal";"Baixo Amazonas";"Prainha";"-";"2023";262
"Social";"Mercado de Trabalho";"Vínculos Empregatícios Total no Emprego Formal";"Rio Caeté";"Primavera";"-";"2009";357
"Social";"Mercado de Trabalho";"Vínculos Empregatícios Total no Emprego Formal";"Rio Caeté";"Primavera";"-";"2010";466
"Social";"Mercado de Trabalho";"Vínculos Empregatícios Total no Emprego Formal";"Rio Caeté";"Primavera";"-";"2011";396
"Social";"Mercado de Trabalho";"Vínculos Empregatícios Total no Emprego Formal";"Rio Caeté";"Primavera";"-";"2012";484
"Social";"Mercado de Trabalho";"Vínculos Empregatícios Total no Emprego Formal";"Rio Caeté";"Primavera";"-";"2013";533
"Social";"Mercado de Trabalho";"Vínculos Empregatícios Total no Emprego Formal";"Rio Caeté";"Primavera";"-";"2014";578
"Social";"Mercado de Trabalho";"Vínculos Empregatícios Total no Emprego Formal";"Rio Caeté";"Primavera";"-";"2015";750
"Social";"Mercado de Trabalho";"Vínculos Empregatícios Total no Emprego Formal";"Rio Caeté";"Primavera";"-";"2016";692
"Social";"Mercado de Trabalho";"Vínculos Empregatícios Total no Emprego Formal";"Rio Caeté";"Primavera";"-";"2017";647
"Social";"Mercado de Trabalho";"Vínculos Empregatícios Total no Emprego Formal";"Rio Caeté";"Primavera";"-";"2018";656
"Social";"Mercado de Trabalho";"Vínculos Empregatícios Total no Emprego Formal";"Rio Caeté";"Primavera";"-";"2019";705
"Social";"Mercado de Trabalho";"Vínculos Empregatícios Total no Emprego Formal";"Rio Caeté";"Primavera";"-";"2020";589
"Social";"Mercado de Trabalho";"Vínculos Empregatícios Total no Emprego Formal";"Rio Caeté";"Primavera";"-";"2021";650
"Social";"Mercado de Trabalho";"Vínculos Empregatícios Total no Emprego Formal";"Rio Caeté";"Primavera";"-";"2022";711
"Social";"Mercado de Trabalho";"Vínculos Empregatícios Total no Emprego Formal";"Rio Caeté";"Primavera";"-";"2023";364
"Social";"Mercado de Trabalho";"Vínculos Empregatícios Total no Emprego Formal";"Rio Caeté";"Quatipuru";"-";"2009";698
"Social";"Mercado de Trabalho";"Vínculos Empregatícios Total no Emprego Formal";"Rio Caeté";"Quatipuru";"-";"2010";603
"Social";"Mercado de Trabalho";"Vínculos Empregatícios Total no Emprego Formal";"Rio Caeté";"Quatipuru";"-";"2011";766
"Social";"Mercado de Trabalho";"Vínculos Empregatícios Total no Emprego Formal";"Rio Caeté";"Quatipuru";"-";"2012";647
"Social";"Mercado de Trabalho";"Vínculos Empregatícios Total no Emprego Formal";"Rio Caeté";"Quatipuru";"-";"2013";680
"Social";"Mercado de Trabalho";"Vínculos Empregatícios Total no Emprego Formal";"Rio Caeté";"Quatipuru";"-";"2014";700
"Social";"Mercado de Trabalho";"Vínculos Empregatícios Total no Emprego Formal";"Rio Caeté";"Quatipuru";"-";"2015";700
"Social";"Mercado de Trabalho";"Vínculos Empregatícios Total no Emprego Formal";"Rio Caeté";"Quatipuru";"-";"2016";696
"Social";"Mercado de Trabalho";"Vínculos Empregatícios Total no Emprego Formal";"Rio Caeté";"Quatipuru";"-";"2017";582
"Social";"Mercado de Trabalho";"Vínculos Empregatícios Total no Emprego Formal";"Rio Caeté";"Quatipuru";"-";"2018";534
"Social";"Mercado de Trabalho";"Vínculos Empregatícios Total no Emprego Formal";"Rio Caeté";"Quatipuru";"-";"2019";466
"Social";"Mercado de Trabalho";"Vínculos Empregatícios Total no Emprego Formal";"Rio Caeté";"Quatipuru";"-";"2020";576
"Social";"Mercado de Trabalho";"Vínculos Empregatícios Total no Emprego Formal";"Rio Caeté";"Quatipuru";"-";"2021";622
"Social";"Mercado de Trabalho";"Vínculos Empregatícios Total no Emprego Formal";"Rio Caeté";"Quatipuru";"-";"2022";429
"Social";"Mercado de Trabalho";"Vínculos Empregatícios Total no Emprego Formal";"Rio Caeté";"Quatipuru";"-";"2023";53
"Social";"Mercado de Trabalho";"Vínculos Empregatícios Total no Emprego Formal";"Araguaia";"Redenção";"-";"2009";9889
"Social";"Mercado de Trabalho";"Vínculos Empregatícios Total no Emprego Formal";"Araguaia";"Redenção";"-";"2010";10644
"Social";"Mercado de Trabalho";"Vínculos Empregatícios Total no Emprego Formal";"Araguaia";"Redenção";"-";"2011";11094
"Social";"Mercado de Trabalho";"Vínculos Empregatícios Total no Emprego Formal";"Araguaia";"Redenção";"-";"2012";12155
"Social";"Mercado de Trabalho";"Vínculos Empregatícios Total no Emprego Formal";"Araguaia";"Redenção";"-";"2013";13576
"Social";"Mercado de Trabalho";"Vínculos Empregatícios Total no Emprego Formal";"Araguaia";"Redenção";"-";"2014";14401
"Social";"Mercado de Trabalho";"Vínculos Empregatícios Total no Emprego Formal";"Araguaia";"Redenção";"-";"2015";12753
"Social";"Mercado de Trabalho";"Vínculos Empregatícios Total no Emprego Formal";"Araguaia";"Redenção";"-";"2016";12821
"Social";"Mercado de Trabalho";"Vínculos Empregatícios Total no Emprego Formal";"Araguaia";"Redenção";"-";"2017";12719
"Social";"Mercado de Trabalho";"Vínculos Empregatícios Total no Emprego Formal";"Araguaia";"Redenção";"-";"2018";12422
"Social";"Mercado de Trabalho";"Vínculos Empregatícios Total no Emprego Formal";"Araguaia";"Redenção";"-";"2019";12584
"Social";"Mercado de Trabalho";"Vínculos Empregatícios Total no Emprego Formal";"Araguaia";"Redenção";"-";"2020";13144
"Social";"Mercado de Trabalho";"Vínculos Empregatícios Total no Emprego Formal";"Araguaia";"Redenção";"-";"2021";13455
"Social";"Mercado de Trabalho";"Vínculos Empregatícios Total no Emprego Formal";"Araguaia";"Redenção";"-";"2022";16455
"Social";"Mercado de Trabalho";"Vínculos Empregatícios Total no Emprego Formal";"Araguaia";"Redenção";"-";"2023";15230
"Social";"Mercado de Trabalho";"Vínculos Empregatícios Total no Emprego Formal";"Araguaia";"Rio Maria";"-";"2009";2041
"Social";"Mercado de Trabalho";"Vínculos Empregatícios Total no Emprego Formal";"Araguaia";"Rio Maria";"-";"2010";2086
"Social";"Mercado de Trabalho";"Vínculos Empregatícios Total no Emprego Formal";"Araguaia";"Rio Maria";"-";"2011";2270
"Social";"Mercado de Trabalho";"Vínculos Empregatícios Total no Emprego Formal";"Araguaia";"Rio Maria";"-";"2012";2418
"Social";"Mercado de Trabalho";"Vínculos Empregatícios Total no Emprego Formal";"Araguaia";"Rio Maria";"-";"2013";2489
"Social";"Mercado de Trabalho";"Vínculos Empregatícios Total no Emprego Formal";"Araguaia";"Rio Maria";"-";"2014";2637
"Social";"Mercado de Trabalho";"Vínculos Empregatícios Total no Emprego Formal";"Araguaia";"Rio Maria";"-";"2015";2705
"Social";"Mercado de Trabalho";"Vínculos Empregatícios Total no Emprego Formal";"Araguaia";"Rio Maria";"-";"2016";2491
"Social";"Mercado de Trabalho";"Vínculos Empregatícios Total no Emprego Formal";"Araguaia";"Rio Maria";"-";"2017";2742
"Social";"Mercado de Trabalho";"Vínculos Empregatícios Total no Emprego Formal";"Araguaia";"Rio Maria";"-";"2018";2722
"Social";"Mercado de Trabalho";"Vínculos Empregatícios Total no Emprego Formal";"Araguaia";"Rio Maria";"-";"2019";2822
"Social";"Mercado de Trabalho";"Vínculos Empregatícios Total no Emprego Formal";"Araguaia";"Rio Maria";"-";"2020";2712
"Social";"Mercado de Trabalho";"Vínculos Empregatícios Total no Emprego Formal";"Araguaia";"Rio Maria";"-";"2021";3098
"Social";"Mercado de Trabalho";"Vínculos Empregatícios Total no Emprego Formal";"Araguaia";"Rio Maria";"-";"2022";3426
"Social";"Mercado de Trabalho";"Vínculos Empregatícios Total no Emprego Formal";"Araguaia";"Rio Maria";"-";"2023";2898
"Social";"Mercado de Trabalho";"Vínculos Empregatícios Total no Emprego Formal";"Rio Capim";"Rondon do Pará";"-";"2009";4367
"Social";"Mercado de Trabalho";"Vínculos Empregatícios Total no Emprego Formal";"Rio Capim";"Rondon do Pará";"-";"2010";4684
"Social";"Mercado de Trabalho";"Vínculos Empregatícios Total no Emprego Formal";"Rio Capim";"Rondon do Pará";"-";"2011";4603
"Social";"Mercado de Trabalho";"Vínculos Empregatícios Total no Emprego Formal";"Rio Capim";"Rondon do Pará";"-";"2012";4477
"Social";"Mercado de Trabalho";"Vínculos Empregatícios Total no Emprego Formal";"Rio Capim";"Rondon do Pará";"-";"2013";4472
"Social";"Mercado de Trabalho";"Vínculos Empregatícios Total no Emprego Formal";"Rio Capim";"Rondon do Pará";"-";"2014";4599
"Social";"Mercado de Trabalho";"Vínculos Empregatícios Total no Emprego Formal";"Rio Capim";"Rondon do Pará";"-";"2015";4580
"Social";"Mercado de Trabalho";"Vínculos Empregatícios Total no Emprego Formal";"Rio Capim";"Rondon do Pará";"-";"2016";4341
"Social";"Mercado de Trabalho";"Vínculos Empregatícios Total no Emprego Formal";"Rio Capim";"Rondon do Pará";"-";"2017";4105
"Social";"Mercado de Trabalho";"Vínculos Empregatícios Total no Emprego Formal";"Rio Capim";"Rondon do Pará";"-";"2018";3805
"Social";"Mercado de Trabalho";"Vínculos Empregatícios Total no Emprego Formal";"Rio Capim";"Rondon do Pará";"-";"2019";3936
"Social";"Mercado de Trabalho";"Vínculos Empregatícios Total no Emprego Formal";"Rio Capim";"Rondon do Pará";"-";"2020";2704
"Social";"Mercado de Trabalho";"Vínculos Empregatícios Total no Emprego Formal";"Rio Capim";"Rondon do Pará";"-";"2021";3592
"Social";"Mercado de Trabalho";"Vínculos Empregatícios Total no Emprego Formal";"Rio Capim";"Rondon do Pará";"-";"2022";4433
"Social";"Mercado de Trabalho";"Vínculos Empregatícios Total no Emprego Formal";"Rio Capim";"Rondon do Pará";"-";"2023";3382
"Social";"Mercado de Trabalho";"Vínculos Empregatícios Total no Emprego Formal";"Tapajós";"Rurópolis";"-";"2009";1456
"Social";"Mercado de Trabalho";"Vínculos Empregatícios Total no Emprego Formal";"Tapajós";"Rurópolis";"-";"2010";1608
"Social";"Mercado de Trabalho";"Vínculos Empregatícios Total no Emprego Formal";"Tapajós";"Rurópolis";"-";"2011";1786
"Social";"Mercado de Trabalho";"Vínculos Empregatícios Total no Emprego Formal";"Tapajós";"Rurópolis";"-";"2012";1478
"Social";"Mercado de Trabalho";"Vínculos Empregatícios Total no Emprego Formal";"Tapajós";"Rurópolis";"-";"2013";1626
"Social";"Mercado de Trabalho";"Vínculos Empregatícios Total no Emprego Formal";"Tapajós";"Rurópolis";"-";"2014";2067
"Social";"Mercado de Trabalho";"Vínculos Empregatícios Total no Emprego Formal";"Tapajós";"Rurópolis";"-";"2015";2023
"Social";"Mercado de Trabalho";"Vínculos Empregatícios Total no Emprego Formal";"Tapajós";"Rurópolis";"-";"2016";1709
"Social";"Mercado de Trabalho";"Vínculos Empregatícios Total no Emprego Formal";"Tapajós";"Rurópolis";"-";"2017";1729
"Social";"Mercado de Trabalho";"Vínculos Empregatícios Total no Emprego Formal";"Tapajós";"Rurópolis";"-";"2018";1858
"Social";"Mercado de Trabalho";"Vínculos Empregatícios Total no Emprego Formal";"Tapajós";"Rurópolis";"-";"2019";1804
"Social";"Mercado de Trabalho";"Vínculos Empregatícios Total no Emprego Formal";"Tapajós";"Rurópolis";"-";"2020";2160
"Social";"Mercado de Trabalho";"Vínculos Empregatícios Total no Emprego Formal";"Tapajós";"Rurópolis";"-";"2021";2248
"Social";"Mercado de Trabalho";"Vínculos Empregatícios Total no Emprego Formal";"Tapajós";"Rurópolis";"-";"2022";2318
"Social";"Mercado de Trabalho";"Vínculos Empregatícios Total no Emprego Formal";"Tapajós";"Rurópolis";"-";"2023";1103
"Social";"Mercado de Trabalho";"Vínculos Empregatícios Total no Emprego Formal";"Rio Caeté";"Salinópolis";"-";"2009";2306
"Social";"Mercado de Trabalho";"Vínculos Empregatícios Total no Emprego Formal";"Rio Caeté";"Salinópolis";"-";"2010";2364
"Social";"Mercado de Trabalho";"Vínculos Empregatícios Total no Emprego Formal";"Rio Caeté";"Salinópolis";"-";"2011";2685
"Social";"Mercado de Trabalho";"Vínculos Empregatícios Total no Emprego Formal";"Rio Caeté";"Salinópolis";"-";"2012";2493
"Social";"Mercado de Trabalho";"Vínculos Empregatícios Total no Emprego Formal";"Rio Caeté";"Salinópolis";"-";"2013";2788
"Social";"Mercado de Trabalho";"Vínculos Empregatícios Total no Emprego Formal";"Rio Caeté";"Salinópolis";"-";"2014";2853
"Social";"Mercado de Trabalho";"Vínculos Empregatícios Total no Emprego Formal";"Rio Caeté";"Salinópolis";"-";"2015";2959
"Social";"Mercado de Trabalho";"Vínculos Empregatícios Total no Emprego Formal";"Rio Caeté";"Salinópolis";"-";"2016";3490
"Social";"Mercado de Trabalho";"Vínculos Empregatícios Total no Emprego Formal";"Rio Caeté";"Salinópolis";"-";"2017";3590
"Social";"Mercado de Trabalho";"Vínculos Empregatícios Total no Emprego Formal";"Rio Caeté";"Salinópolis";"-";"2018";3861
"Social";"Mercado de Trabalho";"Vínculos Empregatícios Total no Emprego Formal";"Rio Caeté";"Salinópolis";"-";"2019";3712
"Social";"Mercado de Trabalho";"Vínculos Empregatícios Total no Emprego Formal";"Rio Caeté";"Salinópolis";"-";"2020";3859
"Social";"Mercado de Trabalho";"Vínculos Empregatícios Total no Emprego Formal";"Rio Caeté";"Salinópolis";"-";"2021";4304
"Social";"Mercado de Trabalho";"Vínculos Empregatícios Total no Emprego Formal";"Rio Caeté";"Salinópolis";"-";"2022";4740
"Social";"Mercado de Trabalho";"Vínculos Empregatícios Total no Emprego Formal";"Rio Caeté";"Salinópolis";"-";"2023";4607
"Social";"Mercado de Trabalho";"Vínculos Empregatícios Total no Emprego Formal";"Marajó";"Salvaterra";"-";"2009";799
"Social";"Mercado de Trabalho";"Vínculos Empregatícios Total no Emprego Formal";"Marajó";"Salvaterra";"-";"2010";1033
"Social";"Mercado de Trabalho";"Vínculos Empregatícios Total no Emprego Formal";"Marajó";"Salvaterra";"-";"2011";900
"Social";"Mercado de Trabalho";"Vínculos Empregatícios Total no Emprego Formal";"Marajó";"Salvaterra";"-";"2012";1413
"Social";"Mercado de Trabalho";"Vínculos Empregatícios Total no Emprego Formal";"Marajó";"Salvaterra";"-";"2013";1409
"Social";"Mercado de Trabalho";"Vínculos Empregatícios Total no Emprego Formal";"Marajó";"Salvaterra";"-";"2014";1486
"Social";"Mercado de Trabalho";"Vínculos Empregatícios Total no Emprego Formal";"Marajó";"Salvaterra";"-";"2015";821
"Social";"Mercado de Trabalho";"Vínculos Empregatícios Total no Emprego Formal";"Marajó";"Salvaterra";"-";"2016";1191
"Social";"Mercado de Trabalho";"Vínculos Empregatícios Total no Emprego Formal";"Marajó";"Salvaterra";"-";"2017";1081
"Social";"Mercado de Trabalho";"Vínculos Empregatícios Total no Emprego Formal";"Marajó";"Salvaterra";"-";"2018";1076
"Social";"Mercado de Trabalho";"Vínculos Empregatícios Total no Emprego Formal";"Marajó";"Salvaterra";"-";"2019";1197
"Social";"Mercado de Trabalho";"Vínculos Empregatícios Total no Emprego Formal";"Marajó";"Salvaterra";"-";"2020";590
"Social";"Mercado de Trabalho";"Vínculos Empregatícios Total no Emprego Formal";"Marajó";"Salvaterra";"-";"2021";1308
"Social";"Mercado de Trabalho";"Vínculos Empregatícios Total no Emprego Formal";"Marajó";"Salvaterra";"-";"2022";1538
"Social";"Mercado de Trabalho";"Vínculos Empregatícios Total no Emprego Formal";"Marajó";"Salvaterra";"-";"2023";396
"Social";"Mercado de Trabalho";"Vínculos Empregatícios Total no Emprego Formal";"Guajará";"Santa Bárbara do Pará";"-";"2009";1320
"Social";"Mercado de Trabalho";"Vínculos Empregatícios Total no Emprego Formal";"Guajará";"Santa Bárbara do Pará";"-";"2010";1305
"Social";"Mercado de Trabalho";"Vínculos Empregatícios Total no Emprego Formal";"Guajará";"Santa Bárbara do Pará";"-";"2011";1516
"Social";"Mercado de Trabalho";"Vínculos Empregatícios Total no Emprego Formal";"Guajará";"Santa Bárbara do Pará";"-";"2012";1650
"Social";"Mercado de Trabalho";"Vínculos Empregatícios Total no Emprego Formal";"Guajará";"Santa Bárbara do Pará";"-";"2013";1319
"Social";"Mercado de Trabalho";"Vínculos Empregatícios Total no Emprego Formal";"Guajará";"Santa Bárbara do Pará";"-";"2014";1442
"Social";"Mercado de Trabalho";"Vínculos Empregatícios Total no Emprego Formal";"Guajará";"Santa Bárbara do Pará";"-";"2015";1684
"Social";"Mercado de Trabalho";"Vínculos Empregatícios Total no Emprego Formal";"Guajará";"Santa Bárbara do Pará";"-";"2016";1652
"Social";"Mercado de Trabalho";"Vínculos Empregatícios Total no Emprego Formal";"Guajará";"Santa Bárbara do Pará";"-";"2017";2374
"Social";"Mercado de Trabalho";"Vínculos Empregatícios Total no Emprego Formal";"Guajará";"Santa Bárbara do Pará";"-";"2018";2885
"Social";"Mercado de Trabalho";"Vínculos Empregatícios Total no Emprego Formal";"Guajará";"Santa Bárbara do Pará";"-";"2019";2638
"Social";"Mercado de Trabalho";"Vínculos Empregatícios Total no Emprego Formal";"Guajará";"Santa Bárbara do Pará";"-";"2020";2176
"Social";"Mercado de Trabalho";"Vínculos Empregatícios Total no Emprego Formal";"Guajará";"Santa Bárbara do Pará";"-";"2021";2276
"Social";"Mercado de Trabalho";"Vínculos Empregatícios Total no Emprego Formal";"Guajará";"Santa Bárbara do Pará";"-";"2022";2372
"Social";"Mercado de Trabalho";"Vínculos Empregatícios Total no Emprego Formal";"Guajará";"Santa Bárbara do Pará";"-";"2023";1182
"Social";"Mercado de Trabalho";"Vínculos Empregatícios Total no Emprego Formal";"Marajó";"Santa Cruz do Arari";"-";"2009";24
"Social";"Mercado de Trabalho";"Vínculos Empregatícios Total no Emprego Formal";"Marajó";"Santa Cruz do Arari";"-";"2010";262
"Social";"Mercado de Trabalho";"Vínculos Empregatícios Total no Emprego Formal";"Marajó";"Santa Cruz do Arari";"-";"2011";298
"Social";"Mercado de Trabalho";"Vínculos Empregatícios Total no Emprego Formal";"Marajó";"Santa Cruz do Arari";"-";"2012";283
"Social";"Mercado de Trabalho";"Vínculos Empregatícios Total no Emprego Formal";"Marajó";"Santa Cruz do Arari";"-";"2013";381
"Social";"Mercado de Trabalho";"Vínculos Empregatícios Total no Emprego Formal";"Marajó";"Santa Cruz do Arari";"-";"2014";425
"Social";"Mercado de Trabalho";"Vínculos Empregatícios Total no Emprego Formal";"Marajó";"Santa Cruz do Arari";"-";"2015";357
"Social";"Mercado de Trabalho";"Vínculos Empregatícios Total no Emprego Formal";"Marajó";"Santa Cruz do Arari";"-";"2016";309
"Social";"Mercado de Trabalho";"Vínculos Empregatícios Total no Emprego Formal";"Marajó";"Santa Cruz do Arari";"-";"2017";322
"Social";"Mercado de Trabalho";"Vínculos Empregatícios Total no Emprego Formal";"Marajó";"Santa Cruz do Arari";"-";"2018";216
"Social";"Mercado de Trabalho";"Vínculos Empregatícios Total no Emprego Formal";"Marajó";"Santa Cruz do Arari";"-";"2019";315
"Social";"Mercado de Trabalho";"Vínculos Empregatícios Total no Emprego Formal";"Marajó";"Santa Cruz do Arari";"-";"2020";302
"Social";"Mercado de Trabalho";"Vínculos Empregatícios Total no Emprego Formal";"Marajó";"Santa Cruz do Arari";"-";"2021";342
"Social";"Mercado de Trabalho";"Vínculos Empregatícios Total no Emprego Formal";"Marajó";"Santa Cruz do Arari";"-";"2022";444
"Social";"Mercado de Trabalho";"Vínculos Empregatícios Total no Emprego Formal";"Marajó";"Santa Cruz do Arari";"-";"2023";60
"Social";"Mercado de Trabalho";"Vínculos Empregatícios Total no Emprego Formal";"Guamá";"Santa Izabel do Pará";"-";"2009";6099
"Social";"Mercado de Trabalho";"Vínculos Empregatícios Total no Emprego Formal";"Guamá";"Santa Izabel do Pará";"-";"2010";6986
"Social";"Mercado de Trabalho";"Vínculos Empregatícios Total no Emprego Formal";"Guamá";"Santa Izabel do Pará";"-";"2011";7580
"Social";"Mercado de Trabalho";"Vínculos Empregatícios Total no Emprego Formal";"Guamá";"Santa Izabel do Pará";"-";"2012";8224
"Social";"Mercado de Trabalho";"Vínculos Empregatícios Total no Emprego Formal";"Guamá";"Santa Izabel do Pará";"-";"2013";8178
"Social";"Mercado de Trabalho";"Vínculos Empregatícios Total no Emprego Formal";"Guamá";"Santa Izabel do Pará";"-";"2014";6391
"Social";"Mercado de Trabalho";"Vínculos Empregatícios Total no Emprego Formal";"Guamá";"Santa Izabel do Pará";"-";"2015";7005
"Social";"Mercado de Trabalho";"Vínculos Empregatícios Total no Emprego Formal";"Guamá";"Santa Izabel do Pará";"-";"2016";7091
"Social";"Mercado de Trabalho";"Vínculos Empregatícios Total no Emprego Formal";"Guamá";"Santa Izabel do Pará";"-";"2017";7676
"Social";"Mercado de Trabalho";"Vínculos Empregatícios Total no Emprego Formal";"Guamá";"Santa Izabel do Pará";"-";"2018";7203
"Social";"Mercado de Trabalho";"Vínculos Empregatícios Total no Emprego Formal";"Guamá";"Santa Izabel do Pará";"-";"2019";9212
"Social";"Mercado de Trabalho";"Vínculos Empregatícios Total no Emprego Formal";"Guamá";"Santa Izabel do Pará";"-";"2020";8119
"Social";"Mercado de Trabalho";"Vínculos Empregatícios Total no Emprego Formal";"Guamá";"Santa Izabel do Pará";"-";"2021";9179
"Social";"Mercado de Trabalho";"Vínculos Empregatícios Total no Emprego Formal";"Guamá";"Santa Izabel do Pará";"-";"2022";10789
"Social";"Mercado de Trabalho";"Vínculos Empregatícios Total no Emprego Formal";"Guamá";"Santa Izabel do Pará";"-";"2023";9979
"Social";"Mercado de Trabalho";"Vínculos Empregatícios Total no Emprego Formal";"Rio Caeté";"Santa Luzia do Pará";"-";"2009";972
"Social";"Mercado de Trabalho";"Vínculos Empregatícios Total no Emprego Formal";"Rio Caeté";"Santa Luzia do Pará";"-";"2010";1044
"Social";"Mercado de Trabalho";"Vínculos Empregatícios Total no Emprego Formal";"Rio Caeté";"Santa Luzia do Pará";"-";"2011";1097
"Social";"Mercado de Trabalho";"Vínculos Empregatícios Total no Emprego Formal";"Rio Caeté";"Santa Luzia do Pará";"-";"2012";971
"Social";"Mercado de Trabalho";"Vínculos Empregatícios Total no Emprego Formal";"Rio Caeté";"Santa Luzia do Pará";"-";"2013";920
"Social";"Mercado de Trabalho";"Vínculos Empregatícios Total no Emprego Formal";"Rio Caeté";"Santa Luzia do Pará";"-";"2014";987
"Social";"Mercado de Trabalho";"Vínculos Empregatícios Total no Emprego Formal";"Rio Caeté";"Santa Luzia do Pará";"-";"2015";844
"Social";"Mercado de Trabalho";"Vínculos Empregatícios Total no Emprego Formal";"Rio Caeté";"Santa Luzia do Pará";"-";"2016";817
"Social";"Mercado de Trabalho";"Vínculos Empregatícios Total no Emprego Formal";"Rio Caeté";"Santa Luzia do Pará";"-";"2017";1025
"Social";"Mercado de Trabalho";"Vínculos Empregatícios Total no Emprego Formal";"Rio Caeté";"Santa Luzia do Pará";"-";"2018";1201
"Social";"Mercado de Trabalho";"Vínculos Empregatícios Total no Emprego Formal";"Rio Caeté";"Santa Luzia do Pará";"-";"2019";1023
"Social";"Mercado de Trabalho";"Vínculos Empregatícios Total no Emprego Formal";"Rio Caeté";"Santa Luzia do Pará";"-";"2020";623
"Social";"Mercado de Trabalho";"Vínculos Empregatícios Total no Emprego Formal";"Rio Caeté";"Santa Luzia do Pará";"-";"2021";1098
"Social";"Mercado de Trabalho";"Vínculos Empregatícios Total no Emprego Formal";"Rio Caeté";"Santa Luzia do Pará";"-";"2022";1116
"Social";"Mercado de Trabalho";"Vínculos Empregatícios Total no Emprego Formal";"Rio Caeté";"Santa Luzia do Pará";"-";"2023";279
"Social";"Mercado de Trabalho";"Vínculos Empregatícios Total no Emprego Formal";"Araguaia";"Santa Maria das Barreiras";"-";"2009";1911
"Social";"Mercado de Trabalho";"Vínculos Empregatícios Total no Emprego Formal";"Araguaia";"Santa Maria das Barreiras";"-";"2010";1438
"Social";"Mercado de Trabalho";"Vínculos Empregatícios Total no Emprego Formal";"Araguaia";"Santa Maria das Barreiras";"-";"2011";1968
"Social";"Mercado de Trabalho";"Vínculos Empregatícios Total no Emprego Formal";"Araguaia";"Santa Maria das Barreiras";"-";"2012";2073
"Social";"Mercado de Trabalho";"Vínculos Empregatícios Total no Emprego Formal";"Araguaia";"Santa Maria das Barreiras";"-";"2013";2086
"Social";"Mercado de Trabalho";"Vínculos Empregatícios Total no Emprego Formal";"Araguaia";"Santa Maria das Barreiras";"-";"2014";1947
"Social";"Mercado de Trabalho";"Vínculos Empregatícios Total no Emprego Formal";"Araguaia";"Santa Maria das Barreiras";"-";"2015";2067
"Social";"Mercado de Trabalho";"Vínculos Empregatícios Total no Emprego Formal";"Araguaia";"Santa Maria das Barreiras";"-";"2016";1870
"Social";"Mercado de Trabalho";"Vínculos Empregatícios Total no Emprego Formal";"Araguaia";"Santa Maria das Barreiras";"-";"2017";1890
"Social";"Mercado de Trabalho";"Vínculos Empregatícios Total no Emprego Formal";"Araguaia";"Santa Maria das Barreiras";"-";"2018";1723
"Social";"Mercado de Trabalho";"Vínculos Empregatícios Total no Emprego Formal";"Araguaia";"Santa Maria das Barreiras";"-";"2019";1654
"Social";"Mercado de Trabalho";"Vínculos Empregatícios Total no Emprego Formal";"Araguaia";"Santa Maria das Barreiras";"-";"2020";1610
"Social";"Mercado de Trabalho";"Vínculos Empregatícios Total no Emprego Formal";"Araguaia";"Santa Maria das Barreiras";"-";"2021";2046
"Social";"Mercado de Trabalho";"Vínculos Empregatícios Total no Emprego Formal";"Araguaia";"Santa Maria das Barreiras";"-";"2022";2413
"Social";"Mercado de Trabalho";"Vínculos Empregatícios Total no Emprego Formal";"Araguaia";"Santa Maria das Barreiras";"-";"2023";2030
"Social";"Mercado de Trabalho";"Vínculos Empregatícios Total no Emprego Formal";"Guamá";"Santa Maria do Pará";"-";"2009";1107
"Social";"Mercado de Trabalho";"Vínculos Empregatícios Total no Emprego Formal";"Guamá";"Santa Maria do Pará";"-";"2010";1195
"Social";"Mercado de Trabalho";"Vínculos Empregatícios Total no Emprego Formal";"Guamá";"Santa Maria do Pará";"-";"2011";1418
"Social";"Mercado de Trabalho";"Vínculos Empregatícios Total no Emprego Formal";"Guamá";"Santa Maria do Pará";"-";"2012";1478
"Social";"Mercado de Trabalho";"Vínculos Empregatícios Total no Emprego Formal";"Guamá";"Santa Maria do Pará";"-";"2013";1639
"Social";"Mercado de Trabalho";"Vínculos Empregatícios Total no Emprego Formal";"Guamá";"Santa Maria do Pará";"-";"2014";1893
"Social";"Mercado de Trabalho";"Vínculos Empregatícios Total no Emprego Formal";"Guamá";"Santa Maria do Pará";"-";"2015";1996
"Social";"Mercado de Trabalho";"Vínculos Empregatícios Total no Emprego Formal";"Guamá";"Santa Maria do Pará";"-";"2016";1914
"Social";"Mercado de Trabalho";"Vínculos Empregatícios Total no Emprego Formal";"Guamá";"Santa Maria do Pará";"-";"2017";1740
"Social";"Mercado de Trabalho";"Vínculos Empregatícios Total no Emprego Formal";"Guamá";"Santa Maria do Pará";"-";"2018";2076
"Social";"Mercado de Trabalho";"Vínculos Empregatícios Total no Emprego Formal";"Guamá";"Santa Maria do Pará";"-";"2019";2071
"Social";"Mercado de Trabalho";"Vínculos Empregatícios Total no Emprego Formal";"Guamá";"Santa Maria do Pará";"-";"2020";1580
"Social";"Mercado de Trabalho";"Vínculos Empregatícios Total no Emprego Formal";"Guamá";"Santa Maria do Pará";"-";"2021";2141
"Social";"Mercado de Trabalho";"Vínculos Empregatícios Total no Emprego Formal";"Guamá";"Santa Maria do Pará";"-";"2022";2221
"Social";"Mercado de Trabalho";"Vínculos Empregatícios Total no Emprego Formal";"Guamá";"Santa Maria do Pará";"-";"2023";1417
"Social";"Mercado de Trabalho";"Vínculos Empregatícios Total no Emprego Formal";"Araguaia";"Santana do Araguaia";"-";"2009";4204
"Social";"Mercado de Trabalho";"Vínculos Empregatícios Total no Emprego Formal";"Araguaia";"Santana do Araguaia";"-";"2010";4056
"Social";"Mercado de Trabalho";"Vínculos Empregatícios Total no Emprego Formal";"Araguaia";"Santana do Araguaia";"-";"2011";4042
"Social";"Mercado de Trabalho";"Vínculos Empregatícios Total no Emprego Formal";"Araguaia";"Santana do Araguaia";"-";"2012";4010
"Social";"Mercado de Trabalho";"Vínculos Empregatícios Total no Emprego Formal";"Araguaia";"Santana do Araguaia";"-";"2013";4176
"Social";"Mercado de Trabalho";"Vínculos Empregatícios Total no Emprego Formal";"Araguaia";"Santana do Araguaia";"-";"2014";4156
"Social";"Mercado de Trabalho";"Vínculos Empregatícios Total no Emprego Formal";"Araguaia";"Santana do Araguaia";"-";"2015";4271
"Social";"Mercado de Trabalho";"Vínculos Empregatícios Total no Emprego Formal";"Araguaia";"Santana do Araguaia";"-";"2016";4163
"Social";"Mercado de Trabalho";"Vínculos Empregatícios Total no Emprego Formal";"Araguaia";"Santana do Araguaia";"-";"2017";4349
"Social";"Mercado de Trabalho";"Vínculos Empregatícios Total no Emprego Formal";"Araguaia";"Santana do Araguaia";"-";"2018";4660
"Social";"Mercado de Trabalho";"Vínculos Empregatícios Total no Emprego Formal";"Araguaia";"Santana do Araguaia";"-";"2019";5001
"Social";"Mercado de Trabalho";"Vínculos Empregatícios Total no Emprego Formal";"Araguaia";"Santana do Araguaia";"-";"2020";4514
"Social";"Mercado de Trabalho";"Vínculos Empregatícios Total no Emprego Formal";"Araguaia";"Santana do Araguaia";"-";"2021";5014
"Social";"Mercado de Trabalho";"Vínculos Empregatícios Total no Emprego Formal";"Araguaia";"Santana do Araguaia";"-";"2022";6325
"Social";"Mercado de Trabalho";"Vínculos Empregatícios Total no Emprego Formal";"Araguaia";"Santana do Araguaia";"-";"2023";4655
"Social";"Mercado de Trabalho";"Vínculos Empregatícios Total no Emprego Formal";"Baixo Amazonas";"Santarém";"-";"2009";31219
"Social";"Mercado de Trabalho";"Vínculos Empregatícios Total no Emprego Formal";"Baixo Amazonas";"Santarém";"-";"2010";33400
"Social";"Mercado de Trabalho";"Vínculos Empregatícios Total no Emprego Formal";"Baixo Amazonas";"Santarém";"-";"2011";36244
"Social";"Mercado de Trabalho";"Vínculos Empregatícios Total no Emprego Formal";"Baixo Amazonas";"Santarém";"-";"2012";39019
"Social";"Mercado de Trabalho";"Vínculos Empregatícios Total no Emprego Formal";"Baixo Amazonas";"Santarém";"-";"2013";41482
"Social";"Mercado de Trabalho";"Vínculos Empregatícios Total no Emprego Formal";"Baixo Amazonas";"Santarém";"-";"2014";43350
"Social";"Mercado de Trabalho";"Vínculos Empregatícios Total no Emprego Formal";"Baixo Amazonas";"Santarém";"-";"2015";43683
"Social";"Mercado de Trabalho";"Vínculos Empregatícios Total no Emprego Formal";"Baixo Amazonas";"Santarém";"-";"2016";42311
"Social";"Mercado de Trabalho";"Vínculos Empregatícios Total no Emprego Formal";"Baixo Amazonas";"Santarém";"-";"2017";42185
"Social";"Mercado de Trabalho";"Vínculos Empregatícios Total no Emprego Formal";"Baixo Amazonas";"Santarém";"-";"2018";42534
"Social";"Mercado de Trabalho";"Vínculos Empregatícios Total no Emprego Formal";"Baixo Amazonas";"Santarém";"-";"2019";39913
"Social";"Mercado de Trabalho";"Vínculos Empregatícios Total no Emprego Formal";"Baixo Amazonas";"Santarém";"-";"2020";42701
"Social";"Mercado de Trabalho";"Vínculos Empregatícios Total no Emprego Formal";"Baixo Amazonas";"Santarém";"-";"2021";43918
"Social";"Mercado de Trabalho";"Vínculos Empregatícios Total no Emprego Formal";"Baixo Amazonas";"Santarém";"-";"2022";48729
"Social";"Mercado de Trabalho";"Vínculos Empregatícios Total no Emprego Formal";"Baixo Amazonas";"Santarém";"-";"2023";39816
"Social";"Mercado de Trabalho";"Vínculos Empregatícios Total no Emprego Formal";"Rio Caeté";"Santarém Novo";"-";"2009";373
"Social";"Mercado de Trabalho";"Vínculos Empregatícios Total no Emprego Formal";"Rio Caeté";"Santarém Novo";"-";"2010";463
"Social";"Mercado de Trabalho";"Vínculos Empregatícios Total no Emprego Formal";"Rio Caeté";"Santarém Novo";"-";"2011";479
"Social";"Mercado de Trabalho";"Vínculos Empregatícios Total no Emprego Formal";"Rio Caeté";"Santarém Novo";"-";"2012";610
"Social";"Mercado de Trabalho";"Vínculos Empregatícios Total no Emprego Formal";"Rio Caeté";"Santarém Novo";"-";"2013";545
"Social";"Mercado de Trabalho";"Vínculos Empregatícios Total no Emprego Formal";"Rio Caeté";"Santarém Novo";"-";"2014";536
"Social";"Mercado de Trabalho";"Vínculos Empregatícios Total no Emprego Formal";"Rio Caeté";"Santarém Novo";"-";"2015";551
"Social";"Mercado de Trabalho";"Vínculos Empregatícios Total no Emprego Formal";"Rio Caeté";"Santarém Novo";"-";"2016";606
"Social";"Mercado de Trabalho";"Vínculos Empregatícios Total no Emprego Formal";"Rio Caeté";"Santarém Novo";"-";"2017";428
"Social";"Mercado de Trabalho";"Vínculos Empregatícios Total no Emprego Formal";"Rio Caeté";"Santarém Novo";"-";"2018";296
"Social";"Mercado de Trabalho";"Vínculos Empregatícios Total no Emprego Formal";"Rio Caeté";"Santarém Novo";"-";"2019";544
"Social";"Mercado de Trabalho";"Vínculos Empregatícios Total no Emprego Formal";"Rio Caeté";"Santarém Novo";"-";"2020";247
"Social";"Mercado de Trabalho";"Vínculos Empregatícios Total no Emprego Formal";"Rio Caeté";"Santarém Novo";"-";"2021";264
"Social";"Mercado de Trabalho";"Vínculos Empregatícios Total no Emprego Formal";"Rio Caeté";"Santarém Novo";"-";"2022";595
"Social";"Mercado de Trabalho";"Vínculos Empregatícios Total no Emprego Formal";"Rio Caeté";"Santarém Novo";"-";"2023";40
"Social";"Mercado de Trabalho";"Vínculos Empregatícios Total no Emprego Formal";"Guamá";"Santo Antônio do Tauá";"-";"2009";1742
"Social";"Mercado de Trabalho";"Vínculos Empregatícios Total no Emprego Formal";"Guamá";"Santo Antônio do Tauá";"-";"2010";1825
"Social";"Mercado de Trabalho";"Vínculos Empregatícios Total no Emprego Formal";"Guamá";"Santo Antônio do Tauá";"-";"2011";2028
"Social";"Mercado de Trabalho";"Vínculos Empregatícios Total no Emprego Formal";"Guamá";"Santo Antônio do Tauá";"-";"2012";1964
"Social";"Mercado de Trabalho";"Vínculos Empregatícios Total no Emprego Formal";"Guamá";"Santo Antônio do Tauá";"-";"2013";2804
"Social";"Mercado de Trabalho";"Vínculos Empregatícios Total no Emprego Formal";"Guamá";"Santo Antônio do Tauá";"-";"2014";2069
"Social";"Mercado de Trabalho";"Vínculos Empregatícios Total no Emprego Formal";"Guamá";"Santo Antônio do Tauá";"-";"2015";2470
"Social";"Mercado de Trabalho";"Vínculos Empregatícios Total no Emprego Formal";"Guamá";"Santo Antônio do Tauá";"-";"2016";2419
"Social";"Mercado de Trabalho";"Vínculos Empregatícios Total no Emprego Formal";"Guamá";"Santo Antônio do Tauá";"-";"2017";2251
"Social";"Mercado de Trabalho";"Vínculos Empregatícios Total no Emprego Formal";"Guamá";"Santo Antônio do Tauá";"-";"2018";2386
"Social";"Mercado de Trabalho";"Vínculos Empregatícios Total no Emprego Formal";"Guamá";"Santo Antônio do Tauá";"-";"2019";2358
"Social";"Mercado de Trabalho";"Vínculos Empregatícios Total no Emprego Formal";"Guamá";"Santo Antônio do Tauá";"-";"2020";2453
"Social";"Mercado de Trabalho";"Vínculos Empregatícios Total no Emprego Formal";"Guamá";"Santo Antônio do Tauá";"-";"2021";2828
"Social";"Mercado de Trabalho";"Vínculos Empregatícios Total no Emprego Formal";"Guamá";"Santo Antônio do Tauá";"-";"2022";2914
"Social";"Mercado de Trabalho";"Vínculos Empregatícios Total no Emprego Formal";"Guamá";"Santo Antônio do Tauá";"-";"2023";1879
"Social";"Mercado de Trabalho";"Vínculos Empregatícios Total no Emprego Formal";"Guamá";"São Caetano de Odivelas";"-";"2009";464
"Social";"Mercado de Trabalho";"Vínculos Empregatícios Total no Emprego Formal";"Guamá";"São Caetano de Odivelas";"-";"2010";695
"Social";"Mercado de Trabalho";"Vínculos Empregatícios Total no Emprego Formal";"Guamá";"São Caetano de Odivelas";"-";"2011";890
"Social";"Mercado de Trabalho";"Vínculos Empregatícios Total no Emprego Formal";"Guamá";"São Caetano de Odivelas";"-";"2012";856
"Social";"Mercado de Trabalho";"Vínculos Empregatícios Total no Emprego Formal";"Guamá";"São Caetano de Odivelas";"-";"2013";1025
"Social";"Mercado de Trabalho";"Vínculos Empregatícios Total no Emprego Formal";"Guamá";"São Caetano de Odivelas";"-";"2014";890
"Social";"Mercado de Trabalho";"Vínculos Empregatícios Total no Emprego Formal";"Guamá";"São Caetano de Odivelas";"-";"2015";816
"Social";"Mercado de Trabalho";"Vínculos Empregatícios Total no Emprego Formal";"Guamá";"São Caetano de Odivelas";"-";"2016";158
"Social";"Mercado de Trabalho";"Vínculos Empregatícios Total no Emprego Formal";"Guamá";"São Caetano de Odivelas";"-";"2017";739
"Social";"Mercado de Trabalho";"Vínculos Empregatícios Total no Emprego Formal";"Guamá";"São Caetano de Odivelas";"-";"2018";783
"Social";"Mercado de Trabalho";"Vínculos Empregatícios Total no Emprego Formal";"Guamá";"São Caetano de Odivelas";"-";"2019";867
"Social";"Mercado de Trabalho";"Vínculos Empregatícios Total no Emprego Formal";"Guamá";"São Caetano de Odivelas";"-";"2020";675
"Social";"Mercado de Trabalho";"Vínculos Empregatícios Total no Emprego Formal";"Guamá";"São Caetano de Odivelas";"-";"2021";960
"Social";"Mercado de Trabalho";"Vínculos Empregatícios Total no Emprego Formal";"Guamá";"São Caetano de Odivelas";"-";"2022";1334
"Social";"Mercado de Trabalho";"Vínculos Empregatícios Total no Emprego Formal";"Guamá";"São Caetano de Odivelas";"-";"2023";337
"Social";"Mercado de Trabalho";"Vínculos Empregatícios Total no Emprego Formal";"Carajás";"São Domingos do Araguaia";"-";"2009";1252
"Social";"Mercado de Trabalho";"Vínculos Empregatícios Total no Emprego Formal";"Carajás";"São Domingos do Araguaia";"-";"2010";1372
"Social";"Mercado de Trabalho";"Vínculos Empregatícios Total no Emprego Formal";"Carajás";"São Domingos do Araguaia";"-";"2011";1403
"Social";"Mercado de Trabalho";"Vínculos Empregatícios Total no Emprego Formal";"Carajás";"São Domingos do Araguaia";"-";"2012";1297
"Social";"Mercado de Trabalho";"Vínculos Empregatícios Total no Emprego Formal";"Carajás";"São Domingos do Araguaia";"-";"2013";1557
"Social";"Mercado de Trabalho";"Vínculos Empregatícios Total no Emprego Formal";"Carajás";"São Domingos do Araguaia";"-";"2014";1558
"Social";"Mercado de Trabalho";"Vínculos Empregatícios Total no Emprego Formal";"Carajás";"São Domingos do Araguaia";"-";"2015";1593
"Social";"Mercado de Trabalho";"Vínculos Empregatícios Total no Emprego Formal";"Carajás";"São Domingos do Araguaia";"-";"2016";1726
"Social";"Mercado de Trabalho";"Vínculos Empregatícios Total no Emprego Formal";"Carajás";"São Domingos do Araguaia";"-";"2017";1811
"Social";"Mercado de Trabalho";"Vínculos Empregatícios Total no Emprego Formal";"Carajás";"São Domingos do Araguaia";"-";"2018";1726
"Social";"Mercado de Trabalho";"Vínculos Empregatícios Total no Emprego Formal";"Carajás";"São Domingos do Araguaia";"-";"2019";1703
"Social";"Mercado de Trabalho";"Vínculos Empregatícios Total no Emprego Formal";"Carajás";"São Domingos do Araguaia";"-";"2020";1764
"Social";"Mercado de Trabalho";"Vínculos Empregatícios Total no Emprego Formal";"Carajás";"São Domingos do Araguaia";"-";"2021";1945
"Social";"Mercado de Trabalho";"Vínculos Empregatícios Total no Emprego Formal";"Carajás";"São Domingos do Araguaia";"-";"2022";2222
"Social";"Mercado de Trabalho";"Vínculos Empregatícios Total no Emprego Formal";"Carajás";"São Domingos do Araguaia";"-";"2023";1061
"Social";"Mercado de Trabalho";"Vínculos Empregatícios Total no Emprego Formal";"Guamá";"São Domingos do Capim";"-";"2009";1219
"Social";"Mercado de Trabalho";"Vínculos Empregatícios Total no Emprego Formal";"Guamá";"São Domingos do Capim";"-";"2010";1250
"Social";"Mercado de Trabalho";"Vínculos Empregatícios Total no Emprego Formal";"Guamá";"São Domingos do Capim";"-";"2011";1254
"Social";"Mercado de Trabalho";"Vínculos Empregatícios Total no Emprego Formal";"Guamá";"São Domingos do Capim";"-";"2012";1197
"Social";"Mercado de Trabalho";"Vínculos Empregatícios Total no Emprego Formal";"Guamá";"São Domingos do Capim";"-";"2013";1740
"Social";"Mercado de Trabalho";"Vínculos Empregatícios Total no Emprego Formal";"Guamá";"São Domingos do Capim";"-";"2014";1745
"Social";"Mercado de Trabalho";"Vínculos Empregatícios Total no Emprego Formal";"Guamá";"São Domingos do Capim";"-";"2015";1831
"Social";"Mercado de Trabalho";"Vínculos Empregatícios Total no Emprego Formal";"Guamá";"São Domingos do Capim";"-";"2016";1944
"Social";"Mercado de Trabalho";"Vínculos Empregatícios Total no Emprego Formal";"Guamá";"São Domingos do Capim";"-";"2017";1920
"Social";"Mercado de Trabalho";"Vínculos Empregatícios Total no Emprego Formal";"Guamá";"São Domingos do Capim";"-";"2018";2085
"Social";"Mercado de Trabalho";"Vínculos Empregatícios Total no Emprego Formal";"Guamá";"São Domingos do Capim";"-";"2019";2038
"Social";"Mercado de Trabalho";"Vínculos Empregatícios Total no Emprego Formal";"Guamá";"São Domingos do Capim";"-";"2020";1285
"Social";"Mercado de Trabalho";"Vínculos Empregatícios Total no Emprego Formal";"Guamá";"São Domingos do Capim";"-";"2021";1699
"Social";"Mercado de Trabalho";"Vínculos Empregatícios Total no Emprego Formal";"Guamá";"São Domingos do Capim";"-";"2022";1688
"Social";"Mercado de Trabalho";"Vínculos Empregatícios Total no Emprego Formal";"Guamá";"São Domingos do Capim";"-";"2023";395
"Social";"Mercado de Trabalho";"Vínculos Empregatícios Total no Emprego Formal";"Araguaia";"São Félix do Xingu";"-";"2009";3766
"Social";"Mercado de Trabalho";"Vínculos Empregatícios Total no Emprego Formal";"Araguaia";"São Félix do Xingu";"-";"2010";4664
"Social";"Mercado de Trabalho";"Vínculos Empregatícios Total no Emprego Formal";"Araguaia";"São Félix do Xingu";"-";"2011";5386
"Social";"Mercado de Trabalho";"Vínculos Empregatícios Total no Emprego Formal";"Araguaia";"São Félix do Xingu";"-";"2012";5000
"Social";"Mercado de Trabalho";"Vínculos Empregatícios Total no Emprego Formal";"Araguaia";"São Félix do Xingu";"-";"2013";5058
"Social";"Mercado de Trabalho";"Vínculos Empregatícios Total no Emprego Formal";"Araguaia";"São Félix do Xingu";"-";"2014";5142
"Social";"Mercado de Trabalho";"Vínculos Empregatícios Total no Emprego Formal";"Araguaia";"São Félix do Xingu";"-";"2015";5633
"Social";"Mercado de Trabalho";"Vínculos Empregatícios Total no Emprego Formal";"Araguaia";"São Félix do Xingu";"-";"2016";5371
"Social";"Mercado de Trabalho";"Vínculos Empregatícios Total no Emprego Formal";"Araguaia";"São Félix do Xingu";"-";"2017";5534
"Social";"Mercado de Trabalho";"Vínculos Empregatícios Total no Emprego Formal";"Araguaia";"São Félix do Xingu";"-";"2018";5621
"Social";"Mercado de Trabalho";"Vínculos Empregatícios Total no Emprego Formal";"Araguaia";"São Félix do Xingu";"-";"2019";5571
"Social";"Mercado de Trabalho";"Vínculos Empregatícios Total no Emprego Formal";"Araguaia";"São Félix do Xingu";"-";"2020";5671
"Social";"Mercado de Trabalho";"Vínculos Empregatícios Total no Emprego Formal";"Araguaia";"São Félix do Xingu";"-";"2021";5907
"Social";"Mercado de Trabalho";"Vínculos Empregatícios Total no Emprego Formal";"Araguaia";"São Félix do Xingu";"-";"2022";6767
"Social";"Mercado de Trabalho";"Vínculos Empregatícios Total no Emprego Formal";"Araguaia";"São Félix do Xingu";"-";"2023";5166
"Social";"Mercado de Trabalho";"Vínculos Empregatícios Total no Emprego Formal";"Guamá";"São Francisco do Pará";"-";"2009";808
"Social";"Mercado de Trabalho";"Vínculos Empregatícios Total no Emprego Formal";"Guamá";"São Francisco do Pará";"-";"2010";790
"Social";"Mercado de Trabalho";"Vínculos Empregatícios Total no Emprego Formal";"Guamá";"São Francisco do Pará";"-";"2011";965
"Social";"Mercado de Trabalho";"Vínculos Empregatícios Total no Emprego Formal";"Guamá";"São Francisco do Pará";"-";"2012";1003
"Social";"Mercado de Trabalho";"Vínculos Empregatícios Total no Emprego Formal";"Guamá";"São Francisco do Pará";"-";"2013";1103
"Social";"Mercado de Trabalho";"Vínculos Empregatícios Total no Emprego Formal";"Guamá";"São Francisco do Pará";"-";"2014";1103
"Social";"Mercado de Trabalho";"Vínculos Empregatícios Total no Emprego Formal";"Guamá";"São Francisco do Pará";"-";"2015";1139
"Social";"Mercado de Trabalho";"Vínculos Empregatícios Total no Emprego Formal";"Guamá";"São Francisco do Pará";"-";"2016";1043
"Social";"Mercado de Trabalho";"Vínculos Empregatícios Total no Emprego Formal";"Guamá";"São Francisco do Pará";"-";"2017";864
"Social";"Mercado de Trabalho";"Vínculos Empregatícios Total no Emprego Formal";"Guamá";"São Francisco do Pará";"-";"2018";1191
"Social";"Mercado de Trabalho";"Vínculos Empregatícios Total no Emprego Formal";"Guamá";"São Francisco do Pará";"-";"2019";844
"Social";"Mercado de Trabalho";"Vínculos Empregatícios Total no Emprego Formal";"Guamá";"São Francisco do Pará";"-";"2020";771
"Social";"Mercado de Trabalho";"Vínculos Empregatícios Total no Emprego Formal";"Guamá";"São Francisco do Pará";"-";"2021";1213
"Social";"Mercado de Trabalho";"Vínculos Empregatícios Total no Emprego Formal";"Guamá";"São Francisco do Pará";"-";"2022";1473
"Social";"Mercado de Trabalho";"Vínculos Empregatícios Total no Emprego Formal";"Guamá";"São Francisco do Pará";"-";"2023";567
"Social";"Mercado de Trabalho";"Vínculos Empregatícios Total no Emprego Formal";"Carajás";"São Geraldo do Araguaia";"-";"2009";2080
"Social";"Mercado de Trabalho";"Vínculos Empregatícios Total no Emprego Formal";"Carajás";"São Geraldo do Araguaia";"-";"2010";2041
"Social";"Mercado de Trabalho";"Vínculos Empregatícios Total no Emprego Formal";"Carajás";"São Geraldo do Araguaia";"-";"2011";2033
"Social";"Mercado de Trabalho";"Vínculos Empregatícios Total no Emprego Formal";"Carajás";"São Geraldo do Araguaia";"-";"2012";2083
"Social";"Mercado de Trabalho";"Vínculos Empregatícios Total no Emprego Formal";"Carajás";"São Geraldo do Araguaia";"-";"2013";2314
"Social";"Mercado de Trabalho";"Vínculos Empregatícios Total no Emprego Formal";"Carajás";"São Geraldo do Araguaia";"-";"2014";2317
"Social";"Mercado de Trabalho";"Vínculos Empregatícios Total no Emprego Formal";"Carajás";"São Geraldo do Araguaia";"-";"2015";2483
"Social";"Mercado de Trabalho";"Vínculos Empregatícios Total no Emprego Formal";"Carajás";"São Geraldo do Araguaia";"-";"2016";2595
"Social";"Mercado de Trabalho";"Vínculos Empregatícios Total no Emprego Formal";"Carajás";"São Geraldo do Araguaia";"-";"2017";3074
"Social";"Mercado de Trabalho";"Vínculos Empregatícios Total no Emprego Formal";"Carajás";"São Geraldo do Araguaia";"-";"2018";2949
"Social";"Mercado de Trabalho";"Vínculos Empregatícios Total no Emprego Formal";"Carajás";"São Geraldo do Araguaia";"-";"2019";2894
"Social";"Mercado de Trabalho";"Vínculos Empregatícios Total no Emprego Formal";"Carajás";"São Geraldo do Araguaia";"-";"2020";2905
"Social";"Mercado de Trabalho";"Vínculos Empregatícios Total no Emprego Formal";"Carajás";"São Geraldo do Araguaia";"-";"2021";3576
"Social";"Mercado de Trabalho";"Vínculos Empregatícios Total no Emprego Formal";"Carajás";"São Geraldo do Araguaia";"-";"2022";3495
"Social";"Mercado de Trabalho";"Vínculos Empregatícios Total no Emprego Formal";"Carajás";"São Geraldo do Araguaia";"-";"2023";2542
"Social";"Mercado de Trabalho";"Vínculos Empregatícios Total no Emprego Formal";"Guamá";"São João da Ponta";"-";"2009";11
"Social";"Mercado de Trabalho";"Vínculos Empregatícios Total no Emprego Formal";"Guamá";"São João da Ponta";"-";"2010";309
"Social";"Mercado de Trabalho";"Vínculos Empregatícios Total no Emprego Formal";"Guamá";"São João da Ponta";"-";"2011";331
"Social";"Mercado de Trabalho";"Vínculos Empregatícios Total no Emprego Formal";"Guamá";"São João da Ponta";"-";"2012";348
"Social";"Mercado de Trabalho";"Vínculos Empregatícios Total no Emprego Formal";"Guamá";"São João da Ponta";"-";"2013";349
"Social";"Mercado de Trabalho";"Vínculos Empregatícios Total no Emprego Formal";"Guamá";"São João da Ponta";"-";"2014";323
"Social";"Mercado de Trabalho";"Vínculos Empregatícios Total no Emprego Formal";"Guamá";"São João da Ponta";"-";"2015";274
"Social";"Mercado de Trabalho";"Vínculos Empregatícios Total no Emprego Formal";"Guamá";"São João da Ponta";"-";"2016";313
"Social";"Mercado de Trabalho";"Vínculos Empregatícios Total no Emprego Formal";"Guamá";"São João da Ponta";"-";"2017";278
"Social";"Mercado de Trabalho";"Vínculos Empregatícios Total no Emprego Formal";"Guamá";"São João da Ponta";"-";"2018";309
"Social";"Mercado de Trabalho";"Vínculos Empregatícios Total no Emprego Formal";"Guamá";"São João da Ponta";"-";"2019";336
"Social";"Mercado de Trabalho";"Vínculos Empregatícios Total no Emprego Formal";"Guamá";"São João da Ponta";"-";"2020";342
"Social";"Mercado de Trabalho";"Vínculos Empregatícios Total no Emprego Formal";"Guamá";"São João da Ponta";"-";"2021";374
"Social";"Mercado de Trabalho";"Vínculos Empregatícios Total no Emprego Formal";"Guamá";"São João da Ponta";"-";"2022";338
"Social";"Mercado de Trabalho";"Vínculos Empregatícios Total no Emprego Formal";"Guamá";"São João da Ponta";"-";"2023";47
"Social";"Mercado de Trabalho";"Vínculos Empregatícios Total no Emprego Formal";"Rio Caeté";"São João de Pirabas";"-";"2009";811
"Social";"Mercado de Trabalho";"Vínculos Empregatícios Total no Emprego Formal";"Rio Caeté";"São João de Pirabas";"-";"2010";746
"Social";"Mercado de Trabalho";"Vínculos Empregatícios Total no Emprego Formal";"Rio Caeté";"São João de Pirabas";"-";"2011";1124
"Social";"Mercado de Trabalho";"Vínculos Empregatícios Total no Emprego Formal";"Rio Caeté";"São João de Pirabas";"-";"2012";1209
"Social";"Mercado de Trabalho";"Vínculos Empregatícios Total no Emprego Formal";"Rio Caeté";"São João de Pirabas";"-";"2013";1154
"Social";"Mercado de Trabalho";"Vínculos Empregatícios Total no Emprego Formal";"Rio Caeté";"São João de Pirabas";"-";"2014";2101
"Social";"Mercado de Trabalho";"Vínculos Empregatícios Total no Emprego Formal";"Rio Caeté";"São João de Pirabas";"-";"2015";1244
"Social";"Mercado de Trabalho";"Vínculos Empregatícios Total no Emprego Formal";"Rio Caeté";"São João de Pirabas";"-";"2016";1130
"Social";"Mercado de Trabalho";"Vínculos Empregatícios Total no Emprego Formal";"Rio Caeté";"São João de Pirabas";"-";"2017";1248
"Social";"Mercado de Trabalho";"Vínculos Empregatícios Total no Emprego Formal";"Rio Caeté";"São João de Pirabas";"-";"2018";1316
"Social";"Mercado de Trabalho";"Vínculos Empregatícios Total no Emprego Formal";"Rio Caeté";"São João de Pirabas";"-";"2019";1311
"Social";"Mercado de Trabalho";"Vínculos Empregatícios Total no Emprego Formal";"Rio Caeté";"São João de Pirabas";"-";"2020";1086
"Social";"Mercado de Trabalho";"Vínculos Empregatícios Total no Emprego Formal";"Rio Caeté";"São João de Pirabas";"-";"2021";1476
"Social";"Mercado de Trabalho";"Vínculos Empregatícios Total no Emprego Formal";"Rio Caeté";"São João de Pirabas";"-";"2022";1749
"Social";"Mercado de Trabalho";"Vínculos Empregatícios Total no Emprego Formal";"Rio Caeté";"São João de Pirabas";"-";"2023";269
"Social";"Mercado de Trabalho";"Vínculos Empregatícios Total no Emprego Formal";"Carajás";"São João do Araguaia";"-";"2009";400
"Social";"Mercado de Trabalho";"Vínculos Empregatícios Total no Emprego Formal";"Carajás";"São João do Araguaia";"-";"2010";463
"Social";"Mercado de Trabalho";"Vínculos Empregatícios Total no Emprego Formal";"Carajás";"São João do Araguaia";"-";"2011";542
"Social";"Mercado de Trabalho";"Vínculos Empregatícios Total no Emprego Formal";"Carajás";"São João do Araguaia";"-";"2012";603
"Social";"Mercado de Trabalho";"Vínculos Empregatícios Total no Emprego Formal";"Carajás";"São João do Araguaia";"-";"2013";684
"Social";"Mercado de Trabalho";"Vínculos Empregatícios Total no Emprego Formal";"Carajás";"São João do Araguaia";"-";"2014";691
"Social";"Mercado de Trabalho";"Vínculos Empregatícios Total no Emprego Formal";"Carajás";"São João do Araguaia";"-";"2015";656
"Social";"Mercado de Trabalho";"Vínculos Empregatícios Total no Emprego Formal";"Carajás";"São João do Araguaia";"-";"2016";877
"Social";"Mercado de Trabalho";"Vínculos Empregatícios Total no Emprego Formal";"Carajás";"São João do Araguaia";"-";"2017";663
"Social";"Mercado de Trabalho";"Vínculos Empregatícios Total no Emprego Formal";"Carajás";"São João do Araguaia";"-";"2018";682
"Social";"Mercado de Trabalho";"Vínculos Empregatícios Total no Emprego Formal";"Carajás";"São João do Araguaia";"-";"2019";741
"Social";"Mercado de Trabalho";"Vínculos Empregatícios Total no Emprego Formal";"Carajás";"São João do Araguaia";"-";"2020";687
"Social";"Mercado de Trabalho";"Vínculos Empregatícios Total no Emprego Formal";"Carajás";"São João do Araguaia";"-";"2021";302
"Social";"Mercado de Trabalho";"Vínculos Empregatícios Total no Emprego Formal";"Carajás";"São João do Araguaia";"-";"2022";901
"Social";"Mercado de Trabalho";"Vínculos Empregatícios Total no Emprego Formal";"Carajás";"São João do Araguaia";"-";"2023";391
"Social";"Mercado de Trabalho";"Vínculos Empregatícios Total no Emprego Formal";"Guamá";"São Miguel do Guamá";"-";"2009";4701
"Social";"Mercado de Trabalho";"Vínculos Empregatícios Total no Emprego Formal";"Guamá";"São Miguel do Guamá";"-";"2010";3712
"Social";"Mercado de Trabalho";"Vínculos Empregatícios Total no Emprego Formal";"Guamá";"São Miguel do Guamá";"-";"2011";4987
"Social";"Mercado de Trabalho";"Vínculos Empregatícios Total no Emprego Formal";"Guamá";"São Miguel do Guamá";"-";"2012";5036
"Social";"Mercado de Trabalho";"Vínculos Empregatícios Total no Emprego Formal";"Guamá";"São Miguel do Guamá";"-";"2013";3973
"Social";"Mercado de Trabalho";"Vínculos Empregatícios Total no Emprego Formal";"Guamá";"São Miguel do Guamá";"-";"2014";5980
"Social";"Mercado de Trabalho";"Vínculos Empregatícios Total no Emprego Formal";"Guamá";"São Miguel do Guamá";"-";"2015";5875
"Social";"Mercado de Trabalho";"Vínculos Empregatícios Total no Emprego Formal";"Guamá";"São Miguel do Guamá";"-";"2016";4796
"Social";"Mercado de Trabalho";"Vínculos Empregatícios Total no Emprego Formal";"Guamá";"São Miguel do Guamá";"-";"2017";4841
"Social";"Mercado de Trabalho";"Vínculos Empregatícios Total no Emprego Formal";"Guamá";"São Miguel do Guamá";"-";"2018";5314
"Social";"Mercado de Trabalho";"Vínculos Empregatícios Total no Emprego Formal";"Guamá";"São Miguel do Guamá";"-";"2019";4668
"Social";"Mercado de Trabalho";"Vínculos Empregatícios Total no Emprego Formal";"Guamá";"São Miguel do Guamá";"-";"2020";5101
"Social";"Mercado de Trabalho";"Vínculos Empregatícios Total no Emprego Formal";"Guamá";"São Miguel do Guamá";"-";"2021";6692
"Social";"Mercado de Trabalho";"Vínculos Empregatícios Total no Emprego Formal";"Guamá";"São Miguel do Guamá";"-";"2022";6546
"Social";"Mercado de Trabalho";"Vínculos Empregatícios Total no Emprego Formal";"Guamá";"São Miguel do Guamá";"-";"2023";4600
"Social";"Mercado de Trabalho";"Vínculos Empregatícios Total no Emprego Formal";"Marajó";"São Sebastião da Boa Vista";"-";"2009";913
"Social";"Mercado de Trabalho";"Vínculos Empregatícios Total no Emprego Formal";"Marajó";"São Sebastião da Boa Vista";"-";"2010";903
"Social";"Mercado de Trabalho";"Vínculos Empregatícios Total no Emprego Formal";"Marajó";"São Sebastião da Boa Vista";"-";"2011";57
"Social";"Mercado de Trabalho";"Vínculos Empregatícios Total no Emprego Formal";"Marajó";"São Sebastião da Boa Vista";"-";"2012";1376
"Social";"Mercado de Trabalho";"Vínculos Empregatícios Total no Emprego Formal";"Marajó";"São Sebastião da Boa Vista";"-";"2013";1419
"Social";"Mercado de Trabalho";"Vínculos Empregatícios Total no Emprego Formal";"Marajó";"São Sebastião da Boa Vista";"-";"2014";943
"Social";"Mercado de Trabalho";"Vínculos Empregatícios Total no Emprego Formal";"Marajó";"São Sebastião da Boa Vista";"-";"2015";925
"Social";"Mercado de Trabalho";"Vínculos Empregatícios Total no Emprego Formal";"Marajó";"São Sebastião da Boa Vista";"-";"2016";796
"Social";"Mercado de Trabalho";"Vínculos Empregatícios Total no Emprego Formal";"Marajó";"São Sebastião da Boa Vista";"-";"2017";1012
"Social";"Mercado de Trabalho";"Vínculos Empregatícios Total no Emprego Formal";"Marajó";"São Sebastião da Boa Vista";"-";"2018";974
"Social";"Mercado de Trabalho";"Vínculos Empregatícios Total no Emprego Formal";"Marajó";"São Sebastião da Boa Vista";"-";"2019";969
"Social";"Mercado de Trabalho";"Vínculos Empregatícios Total no Emprego Formal";"Marajó";"São Sebastião da Boa Vista";"-";"2020";882
"Social";"Mercado de Trabalho";"Vínculos Empregatícios Total no Emprego Formal";"Marajó";"São Sebastião da Boa Vista";"-";"2021";952
"Social";"Mercado de Trabalho";"Vínculos Empregatícios Total no Emprego Formal";"Marajó";"São Sebastião da Boa Vista";"-";"2022";991
"Social";"Mercado de Trabalho";"Vínculos Empregatícios Total no Emprego Formal";"Marajó";"São Sebastião da Boa Vista";"-";"2023";43
"Social";"Mercado de Trabalho";"Vínculos Empregatícios Total no Emprego Formal";"Araguaia";"Sapucaia";"-";"2009";845
"Social";"Mercado de Trabalho";"Vínculos Empregatícios Total no Emprego Formal";"Araguaia";"Sapucaia";"-";"2010";694
"Social";"Mercado de Trabalho";"Vínculos Empregatícios Total no Emprego Formal";"Araguaia";"Sapucaia";"-";"2011";799
"Social";"Mercado de Trabalho";"Vínculos Empregatícios Total no Emprego Formal";"Araguaia";"Sapucaia";"-";"2012";683
"Social";"Mercado de Trabalho";"Vínculos Empregatícios Total no Emprego Formal";"Araguaia";"Sapucaia";"-";"2013";921
"Social";"Mercado de Trabalho";"Vínculos Empregatícios Total no Emprego Formal";"Araguaia";"Sapucaia";"-";"2014";881
"Social";"Mercado de Trabalho";"Vínculos Empregatícios Total no Emprego Formal";"Araguaia";"Sapucaia";"-";"2015";1113
"Social";"Mercado de Trabalho";"Vínculos Empregatícios Total no Emprego Formal";"Araguaia";"Sapucaia";"-";"2016";1138
"Social";"Mercado de Trabalho";"Vínculos Empregatícios Total no Emprego Formal";"Araguaia";"Sapucaia";"-";"2017";1144
"Social";"Mercado de Trabalho";"Vínculos Empregatícios Total no Emprego Formal";"Araguaia";"Sapucaia";"-";"2018";1172
"Social";"Mercado de Trabalho";"Vínculos Empregatícios Total no Emprego Formal";"Araguaia";"Sapucaia";"-";"2019";1362
"Social";"Mercado de Trabalho";"Vínculos Empregatícios Total no Emprego Formal";"Araguaia";"Sapucaia";"-";"2020";1210
"Social";"Mercado de Trabalho";"Vínculos Empregatícios Total no Emprego Formal";"Araguaia";"Sapucaia";"-";"2021";1340
"Social";"Mercado de Trabalho";"Vínculos Empregatícios Total no Emprego Formal";"Araguaia";"Sapucaia";"-";"2022";1484
"Social";"Mercado de Trabalho";"Vínculos Empregatícios Total no Emprego Formal";"Araguaia";"Sapucaia";"-";"2023";882
"Social";"Mercado de Trabalho";"Vínculos Empregatícios Total no Emprego Formal";"Xingu";"Senador José Porfírio";"-";"2009";553
"Social";"Mercado de Trabalho";"Vínculos Empregatícios Total no Emprego Formal";"Xingu";"Senador José Porfírio";"-";"2010";593
"Social";"Mercado de Trabalho";"Vínculos Empregatícios Total no Emprego Formal";"Xingu";"Senador José Porfírio";"-";"2011";648
"Social";"Mercado de Trabalho";"Vínculos Empregatícios Total no Emprego Formal";"Xingu";"Senador José Porfírio";"-";"2012";674
"Social";"Mercado de Trabalho";"Vínculos Empregatícios Total no Emprego Formal";"Xingu";"Senador José Porfírio";"-";"2013";683
"Social";"Mercado de Trabalho";"Vínculos Empregatícios Total no Emprego Formal";"Xingu";"Senador José Porfírio";"-";"2014";767
"Social";"Mercado de Trabalho";"Vínculos Empregatícios Total no Emprego Formal";"Xingu";"Senador José Porfírio";"-";"2015";721
"Social";"Mercado de Trabalho";"Vínculos Empregatícios Total no Emprego Formal";"Xingu";"Senador José Porfírio";"-";"2016";639
"Social";"Mercado de Trabalho";"Vínculos Empregatícios Total no Emprego Formal";"Xingu";"Senador José Porfírio";"-";"2017";667
"Social";"Mercado de Trabalho";"Vínculos Empregatícios Total no Emprego Formal";"Xingu";"Senador José Porfírio";"-";"2018";693
"Social";"Mercado de Trabalho";"Vínculos Empregatícios Total no Emprego Formal";"Xingu";"Senador José Porfírio";"-";"2019";636
"Social";"Mercado de Trabalho";"Vínculos Empregatícios Total no Emprego Formal";"Xingu";"Senador José Porfírio";"-";"2020";552
"Social";"Mercado de Trabalho";"Vínculos Empregatícios Total no Emprego Formal";"Xingu";"Senador José Porfírio";"-";"2021";932
"Social";"Mercado de Trabalho";"Vínculos Empregatícios Total no Emprego Formal";"Xingu";"Senador José Porfírio";"-";"2022";664
"Social";"Mercado de Trabalho";"Vínculos Empregatícios Total no Emprego Formal";"Xingu";"Senador José Porfírio";"-";"2023";180
"Social";"Mercado de Trabalho";"Vínculos Empregatícios Total no Emprego Formal";"Marajó";"Soure";"-";"2009";1031
"Social";"Mercado de Trabalho";"Vínculos Empregatícios Total no Emprego Formal";"Marajó";"Soure";"-";"2010";1127
"Social";"Mercado de Trabalho";"Vínculos Empregatícios Total no Emprego Formal";"Marajó";"Soure";"-";"2011";1198
"Social";"Mercado de Trabalho";"Vínculos Empregatícios Total no Emprego Formal";"Marajó";"Soure";"-";"2012";1188
"Social";"Mercado de Trabalho";"Vínculos Empregatícios Total no Emprego Formal";"Marajó";"Soure";"-";"2013";1218
"Social";"Mercado de Trabalho";"Vínculos Empregatícios Total no Emprego Formal";"Marajó";"Soure";"-";"2014";1277
"Social";"Mercado de Trabalho";"Vínculos Empregatícios Total no Emprego Formal";"Marajó";"Soure";"-";"2015";1276
"Social";"Mercado de Trabalho";"Vínculos Empregatícios Total no Emprego Formal";"Marajó";"Soure";"-";"2016";1256
"Social";"Mercado de Trabalho";"Vínculos Empregatícios Total no Emprego Formal";"Marajó";"Soure";"-";"2017";1305
"Social";"Mercado de Trabalho";"Vínculos Empregatícios Total no Emprego Formal";"Marajó";"Soure";"-";"2018";1403
"Social";"Mercado de Trabalho";"Vínculos Empregatícios Total no Emprego Formal";"Marajó";"Soure";"-";"2019";1334
"Social";"Mercado de Trabalho";"Vínculos Empregatícios Total no Emprego Formal";"Marajó";"Soure";"-";"2020";1318
"Social";"Mercado de Trabalho";"Vínculos Empregatícios Total no Emprego Formal";"Marajó";"Soure";"-";"2021";1387
"Social";"Mercado de Trabalho";"Vínculos Empregatícios Total no Emprego Formal";"Marajó";"Soure";"-";"2022";1618
"Social";"Mercado de Trabalho";"Vínculos Empregatícios Total no Emprego Formal";"Marajó";"Soure";"-";"2023";678
"Social";"Mercado de Trabalho";"Vínculos Empregatícios Total no Emprego Formal";"Tocantins";"Tailândia";"-";"2009";8121
"Social";"Mercado de Trabalho";"Vínculos Empregatícios Total no Emprego Formal";"Tocantins";"Tailândia";"-";"2010";8780
"Social";"Mercado de Trabalho";"Vínculos Empregatícios Total no Emprego Formal";"Tocantins";"Tailândia";"-";"2011";10130
"Social";"Mercado de Trabalho";"Vínculos Empregatícios Total no Emprego Formal";"Tocantins";"Tailândia";"-";"2012";11036
"Social";"Mercado de Trabalho";"Vínculos Empregatícios Total no Emprego Formal";"Tocantins";"Tailândia";"-";"2013";11198
"Social";"Mercado de Trabalho";"Vínculos Empregatícios Total no Emprego Formal";"Tocantins";"Tailândia";"-";"2014";11926
"Social";"Mercado de Trabalho";"Vínculos Empregatícios Total no Emprego Formal";"Tocantins";"Tailândia";"-";"2015";10795
"Social";"Mercado de Trabalho";"Vínculos Empregatícios Total no Emprego Formal";"Tocantins";"Tailândia";"-";"2016";9732
"Social";"Mercado de Trabalho";"Vínculos Empregatícios Total no Emprego Formal";"Tocantins";"Tailândia";"-";"2017";10801
"Social";"Mercado de Trabalho";"Vínculos Empregatícios Total no Emprego Formal";"Tocantins";"Tailândia";"-";"2018";11346
"Social";"Mercado de Trabalho";"Vínculos Empregatícios Total no Emprego Formal";"Tocantins";"Tailândia";"-";"2019";10290
"Social";"Mercado de Trabalho";"Vínculos Empregatícios Total no Emprego Formal";"Tocantins";"Tailândia";"-";"2020";11045
"Social";"Mercado de Trabalho";"Vínculos Empregatícios Total no Emprego Formal";"Tocantins";"Tailândia";"-";"2021";13209
"Social";"Mercado de Trabalho";"Vínculos Empregatícios Total no Emprego Formal";"Tocantins";"Tailândia";"-";"2022";13578
"Social";"Mercado de Trabalho";"Vínculos Empregatícios Total no Emprego Formal";"Tocantins";"Tailândia";"-";"2023";12341
"Social";"Mercado de Trabalho";"Vínculos Empregatícios Total no Emprego Formal";"Guamá";"Terra Alta";"-";"2009";600
"Social";"Mercado de Trabalho";"Vínculos Empregatícios Total no Emprego Formal";"Guamá";"Terra Alta";"-";"2010";613
"Social";"Mercado de Trabalho";"Vínculos Empregatícios Total no Emprego Formal";"Guamá";"Terra Alta";"-";"2011";682
"Social";"Mercado de Trabalho";"Vínculos Empregatícios Total no Emprego Formal";"Guamá";"Terra Alta";"-";"2012";380
"Social";"Mercado de Trabalho";"Vínculos Empregatícios Total no Emprego Formal";"Guamá";"Terra Alta";"-";"2013";541
"Social";"Mercado de Trabalho";"Vínculos Empregatícios Total no Emprego Formal";"Guamá";"Terra Alta";"-";"2014";497
"Social";"Mercado de Trabalho";"Vínculos Empregatícios Total no Emprego Formal";"Guamá";"Terra Alta";"-";"2015";454
"Social";"Mercado de Trabalho";"Vínculos Empregatícios Total no Emprego Formal";"Guamá";"Terra Alta";"-";"2016";519
"Social";"Mercado de Trabalho";"Vínculos Empregatícios Total no Emprego Formal";"Guamá";"Terra Alta";"-";"2017";476
"Social";"Mercado de Trabalho";"Vínculos Empregatícios Total no Emprego Formal";"Guamá";"Terra Alta";"-";"2018";532
"Social";"Mercado de Trabalho";"Vínculos Empregatícios Total no Emprego Formal";"Guamá";"Terra Alta";"-";"2019";607
"Social";"Mercado de Trabalho";"Vínculos Empregatícios Total no Emprego Formal";"Guamá";"Terra Alta";"-";"2020";366
"Social";"Mercado de Trabalho";"Vínculos Empregatícios Total no Emprego Formal";"Guamá";"Terra Alta";"-";"2021";686
"Social";"Mercado de Trabalho";"Vínculos Empregatícios Total no Emprego Formal";"Guamá";"Terra Alta";"-";"2022";678
"Social";"Mercado de Trabalho";"Vínculos Empregatícios Total no Emprego Formal";"Guamá";"Terra Alta";"-";"2023";255
"Social";"Mercado de Trabalho";"Vínculos Empregatícios Total no Emprego Formal";"Baixo Amazonas";"Terra Santa";"-";"2009";892
"Social";"Mercado de Trabalho";"Vínculos Empregatícios Total no Emprego Formal";"Baixo Amazonas";"Terra Santa";"-";"2010";905
"Social";"Mercado de Trabalho";"Vínculos Empregatícios Total no Emprego Formal";"Baixo Amazonas";"Terra Santa";"-";"2011";990
"Social";"Mercado de Trabalho";"Vínculos Empregatícios Total no Emprego Formal";"Baixo Amazonas";"Terra Santa";"-";"2012";1153
"Social";"Mercado de Trabalho";"Vínculos Empregatícios Total no Emprego Formal";"Baixo Amazonas";"Terra Santa";"-";"2013";1007
"Social";"Mercado de Trabalho";"Vínculos Empregatícios Total no Emprego Formal";"Baixo Amazonas";"Terra Santa";"-";"2014";930
"Social";"Mercado de Trabalho";"Vínculos Empregatícios Total no Emprego Formal";"Baixo Amazonas";"Terra Santa";"-";"2015";1122
"Social";"Mercado de Trabalho";"Vínculos Empregatícios Total no Emprego Formal";"Baixo Amazonas";"Terra Santa";"-";"2016";872
"Social";"Mercado de Trabalho";"Vínculos Empregatícios Total no Emprego Formal";"Baixo Amazonas";"Terra Santa";"-";"2017";1356
"Social";"Mercado de Trabalho";"Vínculos Empregatícios Total no Emprego Formal";"Baixo Amazonas";"Terra Santa";"-";"2018";1103
"Social";"Mercado de Trabalho";"Vínculos Empregatícios Total no Emprego Formal";"Baixo Amazonas";"Terra Santa";"-";"2019";1443
"Social";"Mercado de Trabalho";"Vínculos Empregatícios Total no Emprego Formal";"Baixo Amazonas";"Terra Santa";"-";"2020";1305
"Social";"Mercado de Trabalho";"Vínculos Empregatícios Total no Emprego Formal";"Baixo Amazonas";"Terra Santa";"-";"2021";1319
"Social";"Mercado de Trabalho";"Vínculos Empregatícios Total no Emprego Formal";"Baixo Amazonas";"Terra Santa";"-";"2022";1616
"Social";"Mercado de Trabalho";"Vínculos Empregatícios Total no Emprego Formal";"Baixo Amazonas";"Terra Santa";"-";"2023";626
"Social";"Mercado de Trabalho";"Vínculos Empregatícios Total no Emprego Formal";"Rio Capim";"Tomé-Açu";"-";"2009";5711
"Social";"Mercado de Trabalho";"Vínculos Empregatícios Total no Emprego Formal";"Rio Capim";"Tomé-Açu";"-";"2010";6612
"Social";"Mercado de Trabalho";"Vínculos Empregatícios Total no Emprego Formal";"Rio Capim";"Tomé-Açu";"-";"2011";6938
"Social";"Mercado de Trabalho";"Vínculos Empregatícios Total no Emprego Formal";"Rio Capim";"Tomé-Açu";"-";"2012";7211
"Social";"Mercado de Trabalho";"Vínculos Empregatícios Total no Emprego Formal";"Rio Capim";"Tomé-Açu";"-";"2013";6507
"Social";"Mercado de Trabalho";"Vínculos Empregatícios Total no Emprego Formal";"Rio Capim";"Tomé-Açu";"-";"2014";7351
"Social";"Mercado de Trabalho";"Vínculos Empregatícios Total no Emprego Formal";"Rio Capim";"Tomé-Açu";"-";"2015";7536
"Social";"Mercado de Trabalho";"Vínculos Empregatícios Total no Emprego Formal";"Rio Capim";"Tomé-Açu";"-";"2016";8659
"Social";"Mercado de Trabalho";"Vínculos Empregatícios Total no Emprego Formal";"Rio Capim";"Tomé-Açu";"-";"2017";8808
"Social";"Mercado de Trabalho";"Vínculos Empregatícios Total no Emprego Formal";"Rio Capim";"Tomé-Açu";"-";"2018";6815
"Social";"Mercado de Trabalho";"Vínculos Empregatícios Total no Emprego Formal";"Rio Capim";"Tomé-Açu";"-";"2019";6726
"Social";"Mercado de Trabalho";"Vínculos Empregatícios Total no Emprego Formal";"Rio Capim";"Tomé-Açu";"-";"2020";7706
"Social";"Mercado de Trabalho";"Vínculos Empregatícios Total no Emprego Formal";"Rio Capim";"Tomé-Açu";"-";"2021";8666
"Social";"Mercado de Trabalho";"Vínculos Empregatícios Total no Emprego Formal";"Rio Capim";"Tomé-Açu";"-";"2022";9444
"Social";"Mercado de Trabalho";"Vínculos Empregatícios Total no Emprego Formal";"Rio Capim";"Tomé-Açu";"-";"2023";9394
"Social";"Mercado de Trabalho";"Vínculos Empregatícios Total no Emprego Formal";"Rio Caeté";"Tracuateua";"-";"2009";1174
"Social";"Mercado de Trabalho";"Vínculos Empregatícios Total no Emprego Formal";"Rio Caeté";"Tracuateua";"-";"2010";1169
"Social";"Mercado de Trabalho";"Vínculos Empregatícios Total no Emprego Formal";"Rio Caeté";"Tracuateua";"-";"2011";1354
"Social";"Mercado de Trabalho";"Vínculos Empregatícios Total no Emprego Formal";"Rio Caeté";"Tracuateua";"-";"2012";1056
"Social";"Mercado de Trabalho";"Vínculos Empregatícios Total no Emprego Formal";"Rio Caeté";"Tracuateua";"-";"2013";1453
"Social";"Mercado de Trabalho";"Vínculos Empregatícios Total no Emprego Formal";"Rio Caeté";"Tracuateua";"-";"2014";1526
"Social";"Mercado de Trabalho";"Vínculos Empregatícios Total no Emprego Formal";"Rio Caeté";"Tracuateua";"-";"2015";1636
"Social";"Mercado de Trabalho";"Vínculos Empregatícios Total no Emprego Formal";"Rio Caeté";"Tracuateua";"-";"2016";726
"Social";"Mercado de Trabalho";"Vínculos Empregatícios Total no Emprego Formal";"Rio Caeté";"Tracuateua";"-";"2017";1502
"Social";"Mercado de Trabalho";"Vínculos Empregatícios Total no Emprego Formal";"Rio Caeté";"Tracuateua";"-";"2018";1446
"Social";"Mercado de Trabalho";"Vínculos Empregatícios Total no Emprego Formal";"Rio Caeté";"Tracuateua";"-";"2019";1439
"Social";"Mercado de Trabalho";"Vínculos Empregatícios Total no Emprego Formal";"Rio Caeté";"Tracuateua";"-";"2020";559
"Social";"Mercado de Trabalho";"Vínculos Empregatícios Total no Emprego Formal";"Rio Caeté";"Tracuateua";"-";"2021";1457
"Social";"Mercado de Trabalho";"Vínculos Empregatícios Total no Emprego Formal";"Rio Caeté";"Tracuateua";"-";"2022";1873
"Social";"Mercado de Trabalho";"Vínculos Empregatícios Total no Emprego Formal";"Rio Caeté";"Tracuateua";"-";"2023";428
"Social";"Mercado de Trabalho";"Vínculos Empregatícios Total no Emprego Formal";"Tapajós";"Trairão";"-";"2009";509
"Social";"Mercado de Trabalho";"Vínculos Empregatícios Total no Emprego Formal";"Tapajós";"Trairão";"-";"2010";446
"Social";"Mercado de Trabalho";"Vínculos Empregatícios Total no Emprego Formal";"Tapajós";"Trairão";"-";"2011";596
"Social";"Mercado de Trabalho";"Vínculos Empregatícios Total no Emprego Formal";"Tapajós";"Trairão";"-";"2012";650
"Social";"Mercado de Trabalho";"Vínculos Empregatícios Total no Emprego Formal";"Tapajós";"Trairão";"-";"2013";735
"Social";"Mercado de Trabalho";"Vínculos Empregatícios Total no Emprego Formal";"Tapajós";"Trairão";"-";"2014";775
"Social";"Mercado de Trabalho";"Vínculos Empregatícios Total no Emprego Formal";"Tapajós";"Trairão";"-";"2015";907
"Social";"Mercado de Trabalho";"Vínculos Empregatícios Total no Emprego Formal";"Tapajós";"Trairão";"-";"2016";756
"Social";"Mercado de Trabalho";"Vínculos Empregatícios Total no Emprego Formal";"Tapajós";"Trairão";"-";"2017";959
"Social";"Mercado de Trabalho";"Vínculos Empregatícios Total no Emprego Formal";"Tapajós";"Trairão";"-";"2018";1022
"Social";"Mercado de Trabalho";"Vínculos Empregatícios Total no Emprego Formal";"Tapajós";"Trairão";"-";"2019";973
"Social";"Mercado de Trabalho";"Vínculos Empregatícios Total no Emprego Formal";"Tapajós";"Trairão";"-";"2020";952
"Social";"Mercado de Trabalho";"Vínculos Empregatícios Total no Emprego Formal";"Tapajós";"Trairão";"-";"2021";890
"Social";"Mercado de Trabalho";"Vínculos Empregatícios Total no Emprego Formal";"Tapajós";"Trairão";"-";"2022";1187
"Social";"Mercado de Trabalho";"Vínculos Empregatícios Total no Emprego Formal";"Tapajós";"Trairão";"-";"2023";581
"Social";"Mercado de Trabalho";"Vínculos Empregatícios Total no Emprego Formal";"Araguaia";"Tucumã";"-";"2009";3057
"Social";"Mercado de Trabalho";"Vínculos Empregatícios Total no Emprego Formal";"Araguaia";"Tucumã";"-";"2010";3047
"Social";"Mercado de Trabalho";"Vínculos Empregatícios Total no Emprego Formal";"Araguaia";"Tucumã";"-";"2011";3788
"Social";"Mercado de Trabalho";"Vínculos Empregatícios Total no Emprego Formal";"Araguaia";"Tucumã";"-";"2012";4308
"Social";"Mercado de Trabalho";"Vínculos Empregatícios Total no Emprego Formal";"Araguaia";"Tucumã";"-";"2013";4387
"Social";"Mercado de Trabalho";"Vínculos Empregatícios Total no Emprego Formal";"Araguaia";"Tucumã";"-";"2014";4494
"Social";"Mercado de Trabalho";"Vínculos Empregatícios Total no Emprego Formal";"Araguaia";"Tucumã";"-";"2015";5080
"Social";"Mercado de Trabalho";"Vínculos Empregatícios Total no Emprego Formal";"Araguaia";"Tucumã";"-";"2016";3621
"Social";"Mercado de Trabalho";"Vínculos Empregatícios Total no Emprego Formal";"Araguaia";"Tucumã";"-";"2017";4431
"Social";"Mercado de Trabalho";"Vínculos Empregatícios Total no Emprego Formal";"Araguaia";"Tucumã";"-";"2018";4400
"Social";"Mercado de Trabalho";"Vínculos Empregatícios Total no Emprego Formal";"Araguaia";"Tucumã";"-";"2019";4158
"Social";"Mercado de Trabalho";"Vínculos Empregatícios Total no Emprego Formal";"Araguaia";"Tucumã";"-";"2020";4104
"Social";"Mercado de Trabalho";"Vínculos Empregatícios Total no Emprego Formal";"Araguaia";"Tucumã";"-";"2021";4755
"Social";"Mercado de Trabalho";"Vínculos Empregatícios Total no Emprego Formal";"Araguaia";"Tucumã";"-";"2022";5552
"Social";"Mercado de Trabalho";"Vínculos Empregatícios Total no Emprego Formal";"Araguaia";"Tucumã";"-";"2023";5895
"Social";"Mercado de Trabalho";"Vínculos Empregatícios Total no Emprego Formal";"Lago de Tucuruí";"Tucuruí";"-";"2009";12782
"Social";"Mercado de Trabalho";"Vínculos Empregatícios Total no Emprego Formal";"Lago de Tucuruí";"Tucuruí";"-";"2010";12163
"Social";"Mercado de Trabalho";"Vínculos Empregatícios Total no Emprego Formal";"Lago de Tucuruí";"Tucuruí";"-";"2011";12644
"Social";"Mercado de Trabalho";"Vínculos Empregatícios Total no Emprego Formal";"Lago de Tucuruí";"Tucuruí";"-";"2012";13246
"Social";"Mercado de Trabalho";"Vínculos Empregatícios Total no Emprego Formal";"Lago de Tucuruí";"Tucuruí";"-";"2013";13285
"Social";"Mercado de Trabalho";"Vínculos Empregatícios Total no Emprego Formal";"Lago de Tucuruí";"Tucuruí";"-";"2014";12977
"Social";"Mercado de Trabalho";"Vínculos Empregatícios Total no Emprego Formal";"Lago de Tucuruí";"Tucuruí";"-";"2015";12715
"Social";"Mercado de Trabalho";"Vínculos Empregatícios Total no Emprego Formal";"Lago de Tucuruí";"Tucuruí";"-";"2016";12101
"Social";"Mercado de Trabalho";"Vínculos Empregatícios Total no Emprego Formal";"Lago de Tucuruí";"Tucuruí";"-";"2017";11993
"Social";"Mercado de Trabalho";"Vínculos Empregatícios Total no Emprego Formal";"Lago de Tucuruí";"Tucuruí";"-";"2018";10567
"Social";"Mercado de Trabalho";"Vínculos Empregatícios Total no Emprego Formal";"Lago de Tucuruí";"Tucuruí";"-";"2019";13285
"Social";"Mercado de Trabalho";"Vínculos Empregatícios Total no Emprego Formal";"Lago de Tucuruí";"Tucuruí";"-";"2020";11369
"Social";"Mercado de Trabalho";"Vínculos Empregatícios Total no Emprego Formal";"Lago de Tucuruí";"Tucuruí";"-";"2021";9282
"Social";"Mercado de Trabalho";"Vínculos Empregatícios Total no Emprego Formal";"Lago de Tucuruí";"Tucuruí";"-";"2022";11201
"Social";"Mercado de Trabalho";"Vínculos Empregatícios Total no Emprego Formal";"Lago de Tucuruí";"Tucuruí";"-";"2023";6724
"Social";"Mercado de Trabalho";"Vínculos Empregatícios Total no Emprego Formal";"Rio Capim";"Ulianópolis";"-";"2009";3580
"Social";"Mercado de Trabalho";"Vínculos Empregatícios Total no Emprego Formal";"Rio Capim";"Ulianópolis";"-";"2010";3860
"Social";"Mercado de Trabalho";"Vínculos Empregatícios Total no Emprego Formal";"Rio Capim";"Ulianópolis";"-";"2011";4071
"Social";"Mercado de Trabalho";"Vínculos Empregatícios Total no Emprego Formal";"Rio Capim";"Ulianópolis";"-";"2012";3276
"Social";"Mercado de Trabalho";"Vínculos Empregatícios Total no Emprego Formal";"Rio Capim";"Ulianópolis";"-";"2013";4187
"Social";"Mercado de Trabalho";"Vínculos Empregatícios Total no Emprego Formal";"Rio Capim";"Ulianópolis";"-";"2014";3913
"Social";"Mercado de Trabalho";"Vínculos Empregatícios Total no Emprego Formal";"Rio Capim";"Ulianópolis";"-";"2015";4651
"Social";"Mercado de Trabalho";"Vínculos Empregatícios Total no Emprego Formal";"Rio Capim";"Ulianópolis";"-";"2016";4068
"Social";"Mercado de Trabalho";"Vínculos Empregatícios Total no Emprego Formal";"Rio Capim";"Ulianópolis";"-";"2017";4262
"Social";"Mercado de Trabalho";"Vínculos Empregatícios Total no Emprego Formal";"Rio Capim";"Ulianópolis";"-";"2018";4423
"Social";"Mercado de Trabalho";"Vínculos Empregatícios Total no Emprego Formal";"Rio Capim";"Ulianópolis";"-";"2019";4070
"Social";"Mercado de Trabalho";"Vínculos Empregatícios Total no Emprego Formal";"Rio Capim";"Ulianópolis";"-";"2020";3809
"Social";"Mercado de Trabalho";"Vínculos Empregatícios Total no Emprego Formal";"Rio Capim";"Ulianópolis";"-";"2021";4408
"Social";"Mercado de Trabalho";"Vínculos Empregatícios Total no Emprego Formal";"Rio Capim";"Ulianópolis";"-";"2022";4867
"Social";"Mercado de Trabalho";"Vínculos Empregatícios Total no Emprego Formal";"Rio Capim";"Ulianópolis";"-";"2023";4154
"Social";"Mercado de Trabalho";"Vínculos Empregatícios Total no Emprego Formal";"Xingu";"Uruará";"-";"2009";2932
"Social";"Mercado de Trabalho";"Vínculos Empregatícios Total no Emprego Formal";"Xingu";"Uruará";"-";"2010";2941
"Social";"Mercado de Trabalho";"Vínculos Empregatícios Total no Emprego Formal";"Xingu";"Uruará";"-";"2011";3564
"Social";"Mercado de Trabalho";"Vínculos Empregatícios Total no Emprego Formal";"Xingu";"Uruará";"-";"2012";3536
"Social";"Mercado de Trabalho";"Vínculos Empregatícios Total no Emprego Formal";"Xingu";"Uruará";"-";"2013";3110
"Social";"Mercado de Trabalho";"Vínculos Empregatícios Total no Emprego Formal";"Xingu";"Uruará";"-";"2014";3847
"Social";"Mercado de Trabalho";"Vínculos Empregatícios Total no Emprego Formal";"Xingu";"Uruará";"-";"2015";3746
"Social";"Mercado de Trabalho";"Vínculos Empregatícios Total no Emprego Formal";"Xingu";"Uruará";"-";"2016";3182
"Social";"Mercado de Trabalho";"Vínculos Empregatícios Total no Emprego Formal";"Xingu";"Uruará";"-";"2017";2530
"Social";"Mercado de Trabalho";"Vínculos Empregatícios Total no Emprego Formal";"Xingu";"Uruará";"-";"2018";2669
"Social";"Mercado de Trabalho";"Vínculos Empregatícios Total no Emprego Formal";"Xingu";"Uruará";"-";"2019";2832
"Social";"Mercado de Trabalho";"Vínculos Empregatícios Total no Emprego Formal";"Xingu";"Uruará";"-";"2020";2261
"Social";"Mercado de Trabalho";"Vínculos Empregatícios Total no Emprego Formal";"Xingu";"Uruará";"-";"2021";2438
"Social";"Mercado de Trabalho";"Vínculos Empregatícios Total no Emprego Formal";"Xingu";"Uruará";"-";"2022";3567
"Social";"Mercado de Trabalho";"Vínculos Empregatícios Total no Emprego Formal";"Xingu";"Uruará";"-";"2023";2006
"Social";"Mercado de Trabalho";"Vínculos Empregatícios Total no Emprego Formal";"Guamá";"Vigia";"-";"2009";2361
"Social";"Mercado de Trabalho";"Vínculos Empregatícios Total no Emprego Formal";"Guamá";"Vigia";"-";"2010";2724
"Social";"Mercado de Trabalho";"Vínculos Empregatícios Total no Emprego Formal";"Guamá";"Vigia";"-";"2011";3086
"Social";"Mercado de Trabalho";"Vínculos Empregatícios Total no Emprego Formal";"Guamá";"Vigia";"-";"2012";2919
"Social";"Mercado de Trabalho";"Vínculos Empregatícios Total no Emprego Formal";"Guamá";"Vigia";"-";"2013";2370
"Social";"Mercado de Trabalho";"Vínculos Empregatícios Total no Emprego Formal";"Guamá";"Vigia";"-";"2014";2940
"Social";"Mercado de Trabalho";"Vínculos Empregatícios Total no Emprego Formal";"Guamá";"Vigia";"-";"2015";2559
"Social";"Mercado de Trabalho";"Vínculos Empregatícios Total no Emprego Formal";"Guamá";"Vigia";"-";"2016";2754
"Social";"Mercado de Trabalho";"Vínculos Empregatícios Total no Emprego Formal";"Guamá";"Vigia";"-";"2017";2667
"Social";"Mercado de Trabalho";"Vínculos Empregatícios Total no Emprego Formal";"Guamá";"Vigia";"-";"2018";2601
"Social";"Mercado de Trabalho";"Vínculos Empregatícios Total no Emprego Formal";"Guamá";"Vigia";"-";"2019";2488
"Social";"Mercado de Trabalho";"Vínculos Empregatícios Total no Emprego Formal";"Guamá";"Vigia";"-";"2020";2435
"Social";"Mercado de Trabalho";"Vínculos Empregatícios Total no Emprego Formal";"Guamá";"Vigia";"-";"2021";2478
"Social";"Mercado de Trabalho";"Vínculos Empregatícios Total no Emprego Formal";"Guamá";"Vigia";"-";"2022";2535
"Social";"Mercado de Trabalho";"Vínculos Empregatícios Total no Emprego Formal";"Guamá";"Vigia";"-";"2023";1267
"Social";"Mercado de Trabalho";"Vínculos Empregatícios Total no Emprego Formal";"Rio Caeté";"Viseu";"-";"2009";2972
"Social";"Mercado de Trabalho";"Vínculos Empregatícios Total no Emprego Formal";"Rio Caeté";"Viseu";"-";"2010";2337
"Social";"Mercado de Trabalho";"Vínculos Empregatícios Total no Emprego Formal";"Rio Caeté";"Viseu";"-";"2011";3264
"Social";"Mercado de Trabalho";"Vínculos Empregatícios Total no Emprego Formal";"Rio Caeté";"Viseu";"-";"2012";2298
"Social";"Mercado de Trabalho";"Vínculos Empregatícios Total no Emprego Formal";"Rio Caeté";"Viseu";"-";"2013";2221
"Social";"Mercado de Trabalho";"Vínculos Empregatícios Total no Emprego Formal";"Rio Caeté";"Viseu";"-";"2014";2402
"Social";"Mercado de Trabalho";"Vínculos Empregatícios Total no Emprego Formal";"Rio Caeté";"Viseu";"-";"2015";2381
"Social";"Mercado de Trabalho";"Vínculos Empregatícios Total no Emprego Formal";"Rio Caeté";"Viseu";"-";"2016";2130
"Social";"Mercado de Trabalho";"Vínculos Empregatícios Total no Emprego Formal";"Rio Caeté";"Viseu";"-";"2017";1859
"Social";"Mercado de Trabalho";"Vínculos Empregatícios Total no Emprego Formal";"Rio Caeté";"Viseu";"-";"2018";1887
"Social";"Mercado de Trabalho";"Vínculos Empregatícios Total no Emprego Formal";"Rio Caeté";"Viseu";"-";"2019";2307
"Social";"Mercado de Trabalho";"Vínculos Empregatícios Total no Emprego Formal";"Rio Caeté";"Viseu";"-";"2020";1781
"Social";"Mercado de Trabalho";"Vínculos Empregatícios Total no Emprego Formal";"Rio Caeté";"Viseu";"-";"2021";1865
"Social";"Mercado de Trabalho";"Vínculos Empregatícios Total no Emprego Formal";"Rio Caeté";"Viseu";"-";"2022";1908
"Social";"Mercado de Trabalho";"Vínculos Empregatícios Total no Emprego Formal";"Rio Caeté";"Viseu";"-";"2023";363
"Social";"Mercado de Trabalho";"Vínculos Empregatícios Total no Emprego Formal";"Xingu";"Vitória do Xingu";"-";"2009";160
"Social";"Mercado de Trabalho";"Vínculos Empregatícios Total no Emprego Formal";"Xingu";"Vitória do Xingu";"-";"2010";500
"Social";"Mercado de Trabalho";"Vínculos Empregatícios Total no Emprego Formal";"Xingu";"Vitória do Xingu";"-";"2011";714
"Social";"Mercado de Trabalho";"Vínculos Empregatícios Total no Emprego Formal";"Xingu";"Vitória do Xingu";"-";"2012";583
"Social";"Mercado de Trabalho";"Vínculos Empregatícios Total no Emprego Formal";"Xingu";"Vitória do Xingu";"-";"2013";1553
"Social";"Mercado de Trabalho";"Vínculos Empregatícios Total no Emprego Formal";"Xingu";"Vitória do Xingu";"-";"2014";3071
"Social";"Mercado de Trabalho";"Vínculos Empregatícios Total no Emprego Formal";"Xingu";"Vitória do Xingu";"-";"2015";5506
"Social";"Mercado de Trabalho";"Vínculos Empregatícios Total no Emprego Formal";"Xingu";"Vitória do Xingu";"-";"2016";3451
"Social";"Mercado de Trabalho";"Vínculos Empregatícios Total no Emprego Formal";"Xingu";"Vitória do Xingu";"-";"2017";2803
"Social";"Mercado de Trabalho";"Vínculos Empregatícios Total no Emprego Formal";"Xingu";"Vitória do Xingu";"-";"2018";2869
"Social";"Mercado de Trabalho";"Vínculos Empregatícios Total no Emprego Formal";"Xingu";"Vitória do Xingu";"-";"2019";1173
"Social";"Mercado de Trabalho";"Vínculos Empregatícios Total no Emprego Formal";"Xingu";"Vitória do Xingu";"-";"2020";1046
"Social";"Mercado de Trabalho";"Vínculos Empregatícios Total no Emprego Formal";"Xingu";"Vitória do Xingu";"-";"2021";1011
"Social";"Mercado de Trabalho";"Vínculos Empregatícios Total no Emprego Formal";"Xingu";"Vitória do Xingu";"-";"2022";1105
"Social";"Mercado de Trabalho";"Vínculos Empregatícios Total no Emprego Formal";"Xingu";"Vitória do Xingu";"-";"2023";682
"Social";"Mercado de Trabalho";"Vínculos Empregatícios Total no Emprego Formal";"Araguaia";"Xinguara";"-";"2009";6133
"Social";"Mercado de Trabalho";"Vínculos Empregatícios Total no Emprego Formal";"Araguaia";"Xinguara";"-";"2010";6160
"Social";"Mercado de Trabalho";"Vínculos Empregatícios Total no Emprego Formal";"Araguaia";"Xinguara";"-";"2011";6424
"Social";"Mercado de Trabalho";"Vínculos Empregatícios Total no Emprego Formal";"Araguaia";"Xinguara";"-";"2012";7210
"Social";"Mercado de Trabalho";"Vínculos Empregatícios Total no Emprego Formal";"Araguaia";"Xinguara";"-";"2013";7007
"Social";"Mercado de Trabalho";"Vínculos Empregatícios Total no Emprego Formal";"Araguaia";"Xinguara";"-";"2014";7452
"Social";"Mercado de Trabalho";"Vínculos Empregatícios Total no Emprego Formal";"Araguaia";"Xinguara";"-";"2015";7615
"Social";"Mercado de Trabalho";"Vínculos Empregatícios Total no Emprego Formal";"Araguaia";"Xinguara";"-";"2016";7488
"Social";"Mercado de Trabalho";"Vínculos Empregatícios Total no Emprego Formal";"Araguaia";"Xinguara";"-";"2017";7886
"Social";"Mercado de Trabalho";"Vínculos Empregatícios Total no Emprego Formal";"Araguaia";"Xinguara";"-";"2018";8300
"Social";"Mercado de Trabalho";"Vínculos Empregatícios Total no Emprego Formal";"Araguaia";"Xinguara";"-";"2019";8606
"Social";"Mercado de Trabalho";"Vínculos Empregatícios Total no Emprego Formal";"Araguaia";"Xinguara";"-";"2020";8575
"Social";"Mercado de Trabalho";"Vínculos Empregatícios Total no Emprego Formal";"Araguaia";"Xinguara";"-";"2021";9202
"Social";"Mercado de Trabalho";"Vínculos Empregatícios Total no Emprego Formal";"Araguaia";"Xinguara";"-";"2022";10232
"Social";"Mercado de Trabalho";"Vínculos Empregatícios Total no Emprego Formal";"Araguaia";"Xinguara";"-";"2023";9277
