"tematica";"subtema";"indicador";"ri";"localidade";"categoria";"ano";"valor"
"Economia";"Balança Comercial";"Saldo da Balança Comercial";"Pará";"Pará";"-";"2009";7519538950
"Economia";"Balança Comercial";"Saldo da Balança Comercial";"Pará";"Pará";"-";"2010";12472289810
"Economia";"Balança Comercial";"Saldo da Balança Comercial";"Pará";"Pará";"-";"2011";16893612145
"Economia";"Balança Comercial";"Saldo da Balança Comercial";"Pará";"Pará";"-";"2012";13395357332
"Economia";"Balança Comercial";"Saldo da Balança Comercial";"Pará";"Pará";"-";"2013";14740892779
"Economia";"Balança Comercial";"Saldo da Balança Comercial";"Pará";"Pará";"-";"2014";13292838478
"Economia";"Balança Comercial";"Saldo da Balança Comercial";"Pará";"Pará";"-";"2015";9247676526
"Economia";"Balança Comercial";"Saldo da Balança Comercial";"Pará";"Pará";"-";"2016";9282257414
"Economia";"Balança Comercial";"Saldo da Balança Comercial";"Pará";"Pará";"-";"2017";13355235337
"Economia";"Balança Comercial";"Saldo da Balança Comercial";"Pará";"Pará";"-";"2018";14379086927
"Economia";"Balança Comercial";"Saldo da Balança Comercial";"Pará";"Pará";"-";"2019";16615696181
"Economia";"Balança Comercial";"Saldo da Balança Comercial";"Pará";"Pará";"-";"2020";19412148164
"Economia";"Balança Comercial";"Saldo da Balança Comercial";"Pará";"Pará";"-";"2021";27982893542
"Economia";"Balança Comercial";"Saldo da Balança Comercial";"Pará";"Pará";"-";"2022";18775894222
"Economia";"Balança Comercial";"Saldo da Balança Comercial";"Pará";"Pará";"-";"2023";20372120492
"Economia";"Balança Comercial";"Saldo da Balança Comercial";"Pará";"Pará";"-";"2024";20949729814
"Economia";"Balança Comercial";"Saldo da Balança Comercial";"Tocantins";"Abaetetuba";"-";"2009";154863951
"Economia";"Balança Comercial";"Saldo da Balança Comercial";"Tocantins";"Abaetetuba";"-";"2010";243591265
"Economia";"Balança Comercial";"Saldo da Balança Comercial";"Tocantins";"Abaetetuba";"-";"2011";107966762
"Economia";"Balança Comercial";"Saldo da Balança Comercial";"Tocantins";"Abaetetuba";"-";"2012";174530201
"Economia";"Balança Comercial";"Saldo da Balança Comercial";"Tocantins";"Abaetetuba";"-";"2013";188848189
"Economia";"Balança Comercial";"Saldo da Balança Comercial";"Tocantins";"Abaetetuba";"-";"2014";243829170
"Economia";"Balança Comercial";"Saldo da Balança Comercial";"Tocantins";"Abaetetuba";"-";"2015";122520551
"Economia";"Balança Comercial";"Saldo da Balança Comercial";"Tocantins";"Abaetetuba";"-";"2016";63472934
"Economia";"Balança Comercial";"Saldo da Balança Comercial";"Tocantins";"Abaetetuba";"-";"2017";99008088
"Economia";"Balança Comercial";"Saldo da Balança Comercial";"Tocantins";"Abaetetuba";"-";"2018";103861798
"Economia";"Balança Comercial";"Saldo da Balança Comercial";"Tocantins";"Abaetetuba";"-";"2019";70267049
"Economia";"Balança Comercial";"Saldo da Balança Comercial";"Tocantins";"Abaetetuba";"-";"2020";45824870
"Economia";"Balança Comercial";"Saldo da Balança Comercial";"Tocantins";"Abaetetuba";"-";"2021";26565863
"Economia";"Balança Comercial";"Saldo da Balança Comercial";"Tocantins";"Abaetetuba";"-";"2022";48397268
"Economia";"Balança Comercial";"Saldo da Balança Comercial";"Tocantins";"Abaetetuba";"-";"2023";59125558
"Economia";"Balança Comercial";"Saldo da Balança Comercial";"Tocantins";"Abaetetuba";"-";"2024";157394808
"Economia";"Balança Comercial";"Saldo da Balança Comercial";"Rio Capim";"Abel Figueiredo";"-";"2009";0
"Economia";"Balança Comercial";"Saldo da Balança Comercial";"Rio Capim";"Abel Figueiredo";"-";"2010";0
"Economia";"Balança Comercial";"Saldo da Balança Comercial";"Rio Capim";"Abel Figueiredo";"-";"2011";107603
"Economia";"Balança Comercial";"Saldo da Balança Comercial";"Rio Capim";"Abel Figueiredo";"-";"2012";384226
"Economia";"Balança Comercial";"Saldo da Balança Comercial";"Rio Capim";"Abel Figueiredo";"-";"2013";106234
"Economia";"Balança Comercial";"Saldo da Balança Comercial";"Rio Capim";"Abel Figueiredo";"-";"2014";37706
"Economia";"Balança Comercial";"Saldo da Balança Comercial";"Rio Capim";"Abel Figueiredo";"-";"2015";19829
"Economia";"Balança Comercial";"Saldo da Balança Comercial";"Rio Capim";"Abel Figueiredo";"-";"2016";114307
"Economia";"Balança Comercial";"Saldo da Balança Comercial";"Rio Capim";"Abel Figueiredo";"-";"2017";96314
"Economia";"Balança Comercial";"Saldo da Balança Comercial";"Rio Capim";"Abel Figueiredo";"-";"2018";1608955
"Economia";"Balança Comercial";"Saldo da Balança Comercial";"Rio Capim";"Abel Figueiredo";"-";"2019";1177934
"Economia";"Balança Comercial";"Saldo da Balança Comercial";"Rio Capim";"Abel Figueiredo";"-";"2020";604511
"Economia";"Balança Comercial";"Saldo da Balança Comercial";"Rio Capim";"Abel Figueiredo";"-";"2021";1279674
"Economia";"Balança Comercial";"Saldo da Balança Comercial";"Rio Capim";"Abel Figueiredo";"-";"2022";1535705
"Economia";"Balança Comercial";"Saldo da Balança Comercial";"Rio Capim";"Abel Figueiredo";"-";"2023";225087
"Economia";"Balança Comercial";"Saldo da Balança Comercial";"Rio Capim";"Abel Figueiredo";"-";"2024";122702
"Economia";"Balança Comercial";"Saldo da Balança Comercial";"Tocantins";"Acará";"-";"2009";472048
"Economia";"Balança Comercial";"Saldo da Balança Comercial";"Tocantins";"Acará";"-";"2010";451181
"Economia";"Balança Comercial";"Saldo da Balança Comercial";"Tocantins";"Acará";"-";"2011";309303
"Economia";"Balança Comercial";"Saldo da Balança Comercial";"Tocantins";"Acará";"-";"2012";210598
"Economia";"Balança Comercial";"Saldo da Balança Comercial";"Tocantins";"Acará";"-";"2013";0
"Economia";"Balança Comercial";"Saldo da Balança Comercial";"Tocantins";"Acará";"-";"2014";0
"Economia";"Balança Comercial";"Saldo da Balança Comercial";"Tocantins";"Acará";"-";"2015";-453040
"Economia";"Balança Comercial";"Saldo da Balança Comercial";"Tocantins";"Acará";"-";"2016";62269
"Economia";"Balança Comercial";"Saldo da Balança Comercial";"Tocantins";"Acará";"-";"2017";0
"Economia";"Balança Comercial";"Saldo da Balança Comercial";"Tocantins";"Acará";"-";"2018";0
"Economia";"Balança Comercial";"Saldo da Balança Comercial";"Tocantins";"Acará";"-";"2019";0
"Economia";"Balança Comercial";"Saldo da Balança Comercial";"Tocantins";"Acará";"-";"2020";-876383
"Economia";"Balança Comercial";"Saldo da Balança Comercial";"Tocantins";"Acará";"-";"2021";-7906
"Economia";"Balança Comercial";"Saldo da Balança Comercial";"Tocantins";"Acará";"-";"2022";-1014871
"Economia";"Balança Comercial";"Saldo da Balança Comercial";"Tocantins";"Acará";"-";"2023";-3666380
"Economia";"Balança Comercial";"Saldo da Balança Comercial";"Tocantins";"Acará";"-";"2024";619
"Economia";"Balança Comercial";"Saldo da Balança Comercial";"Marajó";"Afuá";"-";"2009";3023163
"Economia";"Balança Comercial";"Saldo da Balança Comercial";"Marajó";"Afuá";"-";"2010";5553632
"Economia";"Balança Comercial";"Saldo da Balança Comercial";"Marajó";"Afuá";"-";"2011";8379335
"Economia";"Balança Comercial";"Saldo da Balança Comercial";"Marajó";"Afuá";"-";"2012";15508099
"Economia";"Balança Comercial";"Saldo da Balança Comercial";"Marajó";"Afuá";"-";"2013";27577246
"Economia";"Balança Comercial";"Saldo da Balança Comercial";"Marajó";"Afuá";"-";"2014";0
"Economia";"Balança Comercial";"Saldo da Balança Comercial";"Marajó";"Afuá";"-";"2015";0
"Economia";"Balança Comercial";"Saldo da Balança Comercial";"Marajó";"Afuá";"-";"2016";0
"Economia";"Balança Comercial";"Saldo da Balança Comercial";"Marajó";"Afuá";"-";"2017";0
"Economia";"Balança Comercial";"Saldo da Balança Comercial";"Marajó";"Afuá";"-";"2018";0
"Economia";"Balança Comercial";"Saldo da Balança Comercial";"Marajó";"Afuá";"-";"2019";0
"Economia";"Balança Comercial";"Saldo da Balança Comercial";"Marajó";"Afuá";"-";"2020";2297522
"Economia";"Balança Comercial";"Saldo da Balança Comercial";"Marajó";"Afuá";"-";"2021";3563822
"Economia";"Balança Comercial";"Saldo da Balança Comercial";"Marajó";"Afuá";"-";"2022";3793369
"Economia";"Balança Comercial";"Saldo da Balança Comercial";"Marajó";"Afuá";"-";"2023";1409392
"Economia";"Balança Comercial";"Saldo da Balança Comercial";"Marajó";"Afuá";"-";"2024";3497919
"Economia";"Balança Comercial";"Saldo da Balança Comercial";"Araguaia";"Água Azul do Norte";"-";"2009";0
"Economia";"Balança Comercial";"Saldo da Balança Comercial";"Araguaia";"Água Azul do Norte";"-";"2010";0
"Economia";"Balança Comercial";"Saldo da Balança Comercial";"Araguaia";"Água Azul do Norte";"-";"2011";0
"Economia";"Balança Comercial";"Saldo da Balança Comercial";"Araguaia";"Água Azul do Norte";"-";"2012";0
"Economia";"Balança Comercial";"Saldo da Balança Comercial";"Araguaia";"Água Azul do Norte";"-";"2013";0
"Economia";"Balança Comercial";"Saldo da Balança Comercial";"Araguaia";"Água Azul do Norte";"-";"2014";34554186
"Economia";"Balança Comercial";"Saldo da Balança Comercial";"Araguaia";"Água Azul do Norte";"-";"2015";30776146
"Economia";"Balança Comercial";"Saldo da Balança Comercial";"Araguaia";"Água Azul do Norte";"-";"2016";36994029
"Economia";"Balança Comercial";"Saldo da Balança Comercial";"Araguaia";"Água Azul do Norte";"-";"2017";48753982
"Economia";"Balança Comercial";"Saldo da Balança Comercial";"Araguaia";"Água Azul do Norte";"-";"2018";17886848
"Economia";"Balança Comercial";"Saldo da Balança Comercial";"Araguaia";"Água Azul do Norte";"-";"2019";44673301
"Economia";"Balança Comercial";"Saldo da Balança Comercial";"Araguaia";"Água Azul do Norte";"-";"2020";74111914
"Economia";"Balança Comercial";"Saldo da Balança Comercial";"Araguaia";"Água Azul do Norte";"-";"2021";61027810
"Economia";"Balança Comercial";"Saldo da Balança Comercial";"Araguaia";"Água Azul do Norte";"-";"2022";160326846
"Economia";"Balança Comercial";"Saldo da Balança Comercial";"Araguaia";"Água Azul do Norte";"-";"2023";139165027
"Economia";"Balança Comercial";"Saldo da Balança Comercial";"Araguaia";"Água Azul do Norte";"-";"2024";172624968
"Economia";"Balança Comercial";"Saldo da Balança Comercial";"Baixo Amazonas";"Alenquer";"-";"2009";0
"Economia";"Balança Comercial";"Saldo da Balança Comercial";"Baixo Amazonas";"Alenquer";"-";"2010";0
"Economia";"Balança Comercial";"Saldo da Balança Comercial";"Baixo Amazonas";"Alenquer";"-";"2011";0
"Economia";"Balança Comercial";"Saldo da Balança Comercial";"Baixo Amazonas";"Alenquer";"-";"2012";0
"Economia";"Balança Comercial";"Saldo da Balança Comercial";"Baixo Amazonas";"Alenquer";"-";"2013";0
"Economia";"Balança Comercial";"Saldo da Balança Comercial";"Baixo Amazonas";"Alenquer";"-";"2014";0
"Economia";"Balança Comercial";"Saldo da Balança Comercial";"Baixo Amazonas";"Alenquer";"-";"2015";0
"Economia";"Balança Comercial";"Saldo da Balança Comercial";"Baixo Amazonas";"Alenquer";"-";"2016";0
"Economia";"Balança Comercial";"Saldo da Balança Comercial";"Baixo Amazonas";"Alenquer";"-";"2017";0
"Economia";"Balança Comercial";"Saldo da Balança Comercial";"Baixo Amazonas";"Alenquer";"-";"2018";0
"Economia";"Balança Comercial";"Saldo da Balança Comercial";"Baixo Amazonas";"Alenquer";"-";"2019";0
"Economia";"Balança Comercial";"Saldo da Balança Comercial";"Baixo Amazonas";"Alenquer";"-";"2020";0
"Economia";"Balança Comercial";"Saldo da Balança Comercial";"Baixo Amazonas";"Alenquer";"-";"2021";0
"Economia";"Balança Comercial";"Saldo da Balança Comercial";"Baixo Amazonas";"Alenquer";"-";"2022";0
"Economia";"Balança Comercial";"Saldo da Balança Comercial";"Baixo Amazonas";"Alenquer";"-";"2023";0
"Economia";"Balança Comercial";"Saldo da Balança Comercial";"Baixo Amazonas";"Alenquer";"-";"2024";0
"Economia";"Balança Comercial";"Saldo da Balança Comercial";"Baixo Amazonas";"Almeirim";"-";"2009";132807097
"Economia";"Balança Comercial";"Saldo da Balança Comercial";"Baixo Amazonas";"Almeirim";"-";"2010";279344677
"Economia";"Balança Comercial";"Saldo da Balança Comercial";"Baixo Amazonas";"Almeirim";"-";"2011";165049654
"Economia";"Balança Comercial";"Saldo da Balança Comercial";"Baixo Amazonas";"Almeirim";"-";"2012";181615012
"Economia";"Balança Comercial";"Saldo da Balança Comercial";"Baixo Amazonas";"Almeirim";"-";"2013";152470989
"Economia";"Balança Comercial";"Saldo da Balança Comercial";"Baixo Amazonas";"Almeirim";"-";"2014";76712064
"Economia";"Balança Comercial";"Saldo da Balança Comercial";"Baixo Amazonas";"Almeirim";"-";"2015";105139199
"Economia";"Balança Comercial";"Saldo da Balança Comercial";"Baixo Amazonas";"Almeirim";"-";"2016";161900288
"Economia";"Balança Comercial";"Saldo da Balança Comercial";"Baixo Amazonas";"Almeirim";"-";"2017";179264532
"Economia";"Balança Comercial";"Saldo da Balança Comercial";"Baixo Amazonas";"Almeirim";"-";"2018";185428291
"Economia";"Balança Comercial";"Saldo da Balança Comercial";"Baixo Amazonas";"Almeirim";"-";"2019";104807657
"Economia";"Balança Comercial";"Saldo da Balança Comercial";"Baixo Amazonas";"Almeirim";"-";"2020";104666135
"Economia";"Balança Comercial";"Saldo da Balança Comercial";"Baixo Amazonas";"Almeirim";"-";"2021";106500999
"Economia";"Balança Comercial";"Saldo da Balança Comercial";"Baixo Amazonas";"Almeirim";"-";"2022";48247874
"Economia";"Balança Comercial";"Saldo da Balança Comercial";"Baixo Amazonas";"Almeirim";"-";"2023";9729843
"Economia";"Balança Comercial";"Saldo da Balança Comercial";"Baixo Amazonas";"Almeirim";"-";"2024";18254712
"Economia";"Balança Comercial";"Saldo da Balança Comercial";"Xingu";"Altamira";"-";"2009";681298
"Economia";"Balança Comercial";"Saldo da Balança Comercial";"Xingu";"Altamira";"-";"2010";1428966
"Economia";"Balança Comercial";"Saldo da Balança Comercial";"Xingu";"Altamira";"-";"2011";37110
"Economia";"Balança Comercial";"Saldo da Balança Comercial";"Xingu";"Altamira";"-";"2012";-24138105
"Economia";"Balança Comercial";"Saldo da Balança Comercial";"Xingu";"Altamira";"-";"2013";-4612793
"Economia";"Balança Comercial";"Saldo da Balança Comercial";"Xingu";"Altamira";"-";"2014";-1355014
"Economia";"Balança Comercial";"Saldo da Balança Comercial";"Xingu";"Altamira";"-";"2015";-45515
"Economia";"Balança Comercial";"Saldo da Balança Comercial";"Xingu";"Altamira";"-";"2016";7404362
"Economia";"Balança Comercial";"Saldo da Balança Comercial";"Xingu";"Altamira";"-";"2017";27079341
"Economia";"Balança Comercial";"Saldo da Balança Comercial";"Xingu";"Altamira";"-";"2018";11633252
"Economia";"Balança Comercial";"Saldo da Balança Comercial";"Xingu";"Altamira";"-";"2019";731444
"Economia";"Balança Comercial";"Saldo da Balança Comercial";"Xingu";"Altamira";"-";"2020";970218
"Economia";"Balança Comercial";"Saldo da Balança Comercial";"Xingu";"Altamira";"-";"2021";2771
"Economia";"Balança Comercial";"Saldo da Balança Comercial";"Xingu";"Altamira";"-";"2022";-1154417
"Economia";"Balança Comercial";"Saldo da Balança Comercial";"Xingu";"Altamira";"-";"2023";1991919
"Economia";"Balança Comercial";"Saldo da Balança Comercial";"Xingu";"Altamira";"-";"2024";-515176
"Economia";"Balança Comercial";"Saldo da Balança Comercial";"Marajó";"Anajás";"-";"2009";0
"Economia";"Balança Comercial";"Saldo da Balança Comercial";"Marajó";"Anajás";"-";"2010";0
"Economia";"Balança Comercial";"Saldo da Balança Comercial";"Marajó";"Anajás";"-";"2011";0
"Economia";"Balança Comercial";"Saldo da Balança Comercial";"Marajó";"Anajás";"-";"2012";728300
"Economia";"Balança Comercial";"Saldo da Balança Comercial";"Marajó";"Anajás";"-";"2013";1415938
"Economia";"Balança Comercial";"Saldo da Balança Comercial";"Marajó";"Anajás";"-";"2014";1123985
"Economia";"Balança Comercial";"Saldo da Balança Comercial";"Marajó";"Anajás";"-";"2015";857800
"Economia";"Balança Comercial";"Saldo da Balança Comercial";"Marajó";"Anajás";"-";"2016";1044747
"Economia";"Balança Comercial";"Saldo da Balança Comercial";"Marajó";"Anajás";"-";"2017";276930
"Economia";"Balança Comercial";"Saldo da Balança Comercial";"Marajó";"Anajás";"-";"2018";0
"Economia";"Balança Comercial";"Saldo da Balança Comercial";"Marajó";"Anajás";"-";"2019";0
"Economia";"Balança Comercial";"Saldo da Balança Comercial";"Marajó";"Anajás";"-";"2020";0
"Economia";"Balança Comercial";"Saldo da Balança Comercial";"Marajó";"Anajás";"-";"2021";0
"Economia";"Balança Comercial";"Saldo da Balança Comercial";"Marajó";"Anajás";"-";"2022";0
"Economia";"Balança Comercial";"Saldo da Balança Comercial";"Marajó";"Anajás";"-";"2023";0
"Economia";"Balança Comercial";"Saldo da Balança Comercial";"Marajó";"Anajás";"-";"2024";0
"Economia";"Balança Comercial";"Saldo da Balança Comercial";"Guajará";"Ananindeua";"-";"2009";230396585
"Economia";"Balança Comercial";"Saldo da Balança Comercial";"Guajará";"Ananindeua";"-";"2010";303008807
"Economia";"Balança Comercial";"Saldo da Balança Comercial";"Guajará";"Ananindeua";"-";"2011";250514097
"Economia";"Balança Comercial";"Saldo da Balança Comercial";"Guajará";"Ananindeua";"-";"2012";235818284
"Economia";"Balança Comercial";"Saldo da Balança Comercial";"Guajará";"Ananindeua";"-";"2013";276222942
"Economia";"Balança Comercial";"Saldo da Balança Comercial";"Guajará";"Ananindeua";"-";"2014";209951841
"Economia";"Balança Comercial";"Saldo da Balança Comercial";"Guajará";"Ananindeua";"-";"2015";65738860
"Economia";"Balança Comercial";"Saldo da Balança Comercial";"Guajará";"Ananindeua";"-";"2016";49989106
"Economia";"Balança Comercial";"Saldo da Balança Comercial";"Guajará";"Ananindeua";"-";"2017";89227497
"Economia";"Balança Comercial";"Saldo da Balança Comercial";"Guajará";"Ananindeua";"-";"2018";158548805
"Economia";"Balança Comercial";"Saldo da Balança Comercial";"Guajará";"Ananindeua";"-";"2019";101904541
"Economia";"Balança Comercial";"Saldo da Balança Comercial";"Guajará";"Ananindeua";"-";"2020";71559420
"Economia";"Balança Comercial";"Saldo da Balança Comercial";"Guajará";"Ananindeua";"-";"2021";49434343
"Economia";"Balança Comercial";"Saldo da Balança Comercial";"Guajará";"Ananindeua";"-";"2022";79853365
"Economia";"Balança Comercial";"Saldo da Balança Comercial";"Guajará";"Ananindeua";"-";"2023";79513864
"Economia";"Balança Comercial";"Saldo da Balança Comercial";"Guajará";"Ananindeua";"-";"2024";151562832
"Economia";"Balança Comercial";"Saldo da Balança Comercial";"Xingu";"Anapu";"-";"2009";0
"Economia";"Balança Comercial";"Saldo da Balança Comercial";"Xingu";"Anapu";"-";"2010";67389
"Economia";"Balança Comercial";"Saldo da Balança Comercial";"Xingu";"Anapu";"-";"2011";1765400
"Economia";"Balança Comercial";"Saldo da Balança Comercial";"Xingu";"Anapu";"-";"2012";3250301
"Economia";"Balança Comercial";"Saldo da Balança Comercial";"Xingu";"Anapu";"-";"2013";3932828
"Economia";"Balança Comercial";"Saldo da Balança Comercial";"Xingu";"Anapu";"-";"2014";3998310
"Economia";"Balança Comercial";"Saldo da Balança Comercial";"Xingu";"Anapu";"-";"2015";2184087
"Economia";"Balança Comercial";"Saldo da Balança Comercial";"Xingu";"Anapu";"-";"2016";1487915
"Economia";"Balança Comercial";"Saldo da Balança Comercial";"Xingu";"Anapu";"-";"2017";2385687
"Economia";"Balança Comercial";"Saldo da Balança Comercial";"Xingu";"Anapu";"-";"2018";599779
"Economia";"Balança Comercial";"Saldo da Balança Comercial";"Xingu";"Anapu";"-";"2019";964733
"Economia";"Balança Comercial";"Saldo da Balança Comercial";"Xingu";"Anapu";"-";"2020";898120
"Economia";"Balança Comercial";"Saldo da Balança Comercial";"Xingu";"Anapu";"-";"2021";-3600
"Economia";"Balança Comercial";"Saldo da Balança Comercial";"Xingu";"Anapu";"-";"2022";0
"Economia";"Balança Comercial";"Saldo da Balança Comercial";"Xingu";"Anapu";"-";"2023";322822
"Economia";"Balança Comercial";"Saldo da Balança Comercial";"Xingu";"Anapu";"-";"2024";245222
"Economia";"Balança Comercial";"Saldo da Balança Comercial";"Rio Caeté";"Augusto Corrêa";"-";"2009";0
"Economia";"Balança Comercial";"Saldo da Balança Comercial";"Rio Caeté";"Augusto Corrêa";"-";"2010";0
"Economia";"Balança Comercial";"Saldo da Balança Comercial";"Rio Caeté";"Augusto Corrêa";"-";"2011";437715
"Economia";"Balança Comercial";"Saldo da Balança Comercial";"Rio Caeté";"Augusto Corrêa";"-";"2012";168961
"Economia";"Balança Comercial";"Saldo da Balança Comercial";"Rio Caeté";"Augusto Corrêa";"-";"2013";0
"Economia";"Balança Comercial";"Saldo da Balança Comercial";"Rio Caeté";"Augusto Corrêa";"-";"2014";0
"Economia";"Balança Comercial";"Saldo da Balança Comercial";"Rio Caeté";"Augusto Corrêa";"-";"2015";0
"Economia";"Balança Comercial";"Saldo da Balança Comercial";"Rio Caeté";"Augusto Corrêa";"-";"2016";0
"Economia";"Balança Comercial";"Saldo da Balança Comercial";"Rio Caeté";"Augusto Corrêa";"-";"2017";0
"Economia";"Balança Comercial";"Saldo da Balança Comercial";"Rio Caeté";"Augusto Corrêa";"-";"2018";0
"Economia";"Balança Comercial";"Saldo da Balança Comercial";"Rio Caeté";"Augusto Corrêa";"-";"2019";4102637
"Economia";"Balança Comercial";"Saldo da Balança Comercial";"Rio Caeté";"Augusto Corrêa";"-";"2020";4444739
"Economia";"Balança Comercial";"Saldo da Balança Comercial";"Rio Caeté";"Augusto Corrêa";"-";"2021";-1053
"Economia";"Balança Comercial";"Saldo da Balança Comercial";"Rio Caeté";"Augusto Corrêa";"-";"2022";9650657
"Economia";"Balança Comercial";"Saldo da Balança Comercial";"Rio Caeté";"Augusto Corrêa";"-";"2023";13142049
"Economia";"Balança Comercial";"Saldo da Balança Comercial";"Rio Caeté";"Augusto Corrêa";"-";"2024";17562314
"Economia";"Balança Comercial";"Saldo da Balança Comercial";"Rio Capim";"Aurora do Pará";"-";"2009";0
"Economia";"Balança Comercial";"Saldo da Balança Comercial";"Rio Capim";"Aurora do Pará";"-";"2010";0
"Economia";"Balança Comercial";"Saldo da Balança Comercial";"Rio Capim";"Aurora do Pará";"-";"2011";0
"Economia";"Balança Comercial";"Saldo da Balança Comercial";"Rio Capim";"Aurora do Pará";"-";"2012";0
"Economia";"Balança Comercial";"Saldo da Balança Comercial";"Rio Capim";"Aurora do Pará";"-";"2013";0
"Economia";"Balança Comercial";"Saldo da Balança Comercial";"Rio Capim";"Aurora do Pará";"-";"2014";0
"Economia";"Balança Comercial";"Saldo da Balança Comercial";"Rio Capim";"Aurora do Pará";"-";"2015";0
"Economia";"Balança Comercial";"Saldo da Balança Comercial";"Rio Capim";"Aurora do Pará";"-";"2016";0
"Economia";"Balança Comercial";"Saldo da Balança Comercial";"Rio Capim";"Aurora do Pará";"-";"2017";63302
"Economia";"Balança Comercial";"Saldo da Balança Comercial";"Rio Capim";"Aurora do Pará";"-";"2018";282791
"Economia";"Balança Comercial";"Saldo da Balança Comercial";"Rio Capim";"Aurora do Pará";"-";"2019";0
"Economia";"Balança Comercial";"Saldo da Balança Comercial";"Rio Capim";"Aurora do Pará";"-";"2020";0
"Economia";"Balança Comercial";"Saldo da Balança Comercial";"Rio Capim";"Aurora do Pará";"-";"2021";0
"Economia";"Balança Comercial";"Saldo da Balança Comercial";"Rio Capim";"Aurora do Pará";"-";"2022";0
"Economia";"Balança Comercial";"Saldo da Balança Comercial";"Rio Capim";"Aurora do Pará";"-";"2023";0
"Economia";"Balança Comercial";"Saldo da Balança Comercial";"Rio Capim";"Aurora do Pará";"-";"2024";0
"Economia";"Balança Comercial";"Saldo da Balança Comercial";"Tapajós";"Aveiro";"-";"2009";0
"Economia";"Balança Comercial";"Saldo da Balança Comercial";"Tapajós";"Aveiro";"-";"2010";0
"Economia";"Balança Comercial";"Saldo da Balança Comercial";"Tapajós";"Aveiro";"-";"2011";0
"Economia";"Balança Comercial";"Saldo da Balança Comercial";"Tapajós";"Aveiro";"-";"2012";0
"Economia";"Balança Comercial";"Saldo da Balança Comercial";"Tapajós";"Aveiro";"-";"2013";0
"Economia";"Balança Comercial";"Saldo da Balança Comercial";"Tapajós";"Aveiro";"-";"2014";0
"Economia";"Balança Comercial";"Saldo da Balança Comercial";"Tapajós";"Aveiro";"-";"2015";0
"Economia";"Balança Comercial";"Saldo da Balança Comercial";"Tapajós";"Aveiro";"-";"2016";0
"Economia";"Balança Comercial";"Saldo da Balança Comercial";"Tapajós";"Aveiro";"-";"2017";0
"Economia";"Balança Comercial";"Saldo da Balança Comercial";"Tapajós";"Aveiro";"-";"2018";0
"Economia";"Balança Comercial";"Saldo da Balança Comercial";"Tapajós";"Aveiro";"-";"2019";0
"Economia";"Balança Comercial";"Saldo da Balança Comercial";"Tapajós";"Aveiro";"-";"2020";0
"Economia";"Balança Comercial";"Saldo da Balança Comercial";"Tapajós";"Aveiro";"-";"2021";0
"Economia";"Balança Comercial";"Saldo da Balança Comercial";"Tapajós";"Aveiro";"-";"2022";0
"Economia";"Balança Comercial";"Saldo da Balança Comercial";"Tapajós";"Aveiro";"-";"2023";0
"Economia";"Balança Comercial";"Saldo da Balança Comercial";"Tapajós";"Aveiro";"-";"2024";0
"Economia";"Balança Comercial";"Saldo da Balança Comercial";"Marajó";"Bagre";"-";"2009";0
"Economia";"Balança Comercial";"Saldo da Balança Comercial";"Marajó";"Bagre";"-";"2010";0
"Economia";"Balança Comercial";"Saldo da Balança Comercial";"Marajó";"Bagre";"-";"2011";0
"Economia";"Balança Comercial";"Saldo da Balança Comercial";"Marajó";"Bagre";"-";"2012";0
"Economia";"Balança Comercial";"Saldo da Balança Comercial";"Marajó";"Bagre";"-";"2013";0
"Economia";"Balança Comercial";"Saldo da Balança Comercial";"Marajó";"Bagre";"-";"2014";0
"Economia";"Balança Comercial";"Saldo da Balança Comercial";"Marajó";"Bagre";"-";"2015";0
"Economia";"Balança Comercial";"Saldo da Balança Comercial";"Marajó";"Bagre";"-";"2016";0
"Economia";"Balança Comercial";"Saldo da Balança Comercial";"Marajó";"Bagre";"-";"2017";0
"Economia";"Balança Comercial";"Saldo da Balança Comercial";"Marajó";"Bagre";"-";"2018";0
"Economia";"Balança Comercial";"Saldo da Balança Comercial";"Marajó";"Bagre";"-";"2019";0
"Economia";"Balança Comercial";"Saldo da Balança Comercial";"Marajó";"Bagre";"-";"2020";0
"Economia";"Balança Comercial";"Saldo da Balança Comercial";"Marajó";"Bagre";"-";"2021";0
"Economia";"Balança Comercial";"Saldo da Balança Comercial";"Marajó";"Bagre";"-";"2022";0
"Economia";"Balança Comercial";"Saldo da Balança Comercial";"Marajó";"Bagre";"-";"2023";0
"Economia";"Balança Comercial";"Saldo da Balança Comercial";"Marajó";"Bagre";"-";"2024";0
"Economia";"Balança Comercial";"Saldo da Balança Comercial";"Tocantins";"Baião";"-";"2009";0
"Economia";"Balança Comercial";"Saldo da Balança Comercial";"Tocantins";"Baião";"-";"2010";0
"Economia";"Balança Comercial";"Saldo da Balança Comercial";"Tocantins";"Baião";"-";"2011";0
"Economia";"Balança Comercial";"Saldo da Balança Comercial";"Tocantins";"Baião";"-";"2012";0
"Economia";"Balança Comercial";"Saldo da Balança Comercial";"Tocantins";"Baião";"-";"2013";0
"Economia";"Balança Comercial";"Saldo da Balança Comercial";"Tocantins";"Baião";"-";"2014";0
"Economia";"Balança Comercial";"Saldo da Balança Comercial";"Tocantins";"Baião";"-";"2015";0
"Economia";"Balança Comercial";"Saldo da Balança Comercial";"Tocantins";"Baião";"-";"2016";0
"Economia";"Balança Comercial";"Saldo da Balança Comercial";"Tocantins";"Baião";"-";"2017";0
"Economia";"Balança Comercial";"Saldo da Balança Comercial";"Tocantins";"Baião";"-";"2018";0
"Economia";"Balança Comercial";"Saldo da Balança Comercial";"Tocantins";"Baião";"-";"2019";0
"Economia";"Balança Comercial";"Saldo da Balança Comercial";"Tocantins";"Baião";"-";"2020";0
"Economia";"Balança Comercial";"Saldo da Balança Comercial";"Tocantins";"Baião";"-";"2021";0
"Economia";"Balança Comercial";"Saldo da Balança Comercial";"Tocantins";"Baião";"-";"2022";0
"Economia";"Balança Comercial";"Saldo da Balança Comercial";"Tocantins";"Baião";"-";"2023";0
"Economia";"Balança Comercial";"Saldo da Balança Comercial";"Tocantins";"Baião";"-";"2024";0
"Economia";"Balança Comercial";"Saldo da Balança Comercial";"Araguaia";"Bannach";"-";"2009";0
"Economia";"Balança Comercial";"Saldo da Balança Comercial";"Araguaia";"Bannach";"-";"2010";0
"Economia";"Balança Comercial";"Saldo da Balança Comercial";"Araguaia";"Bannach";"-";"2011";0
"Economia";"Balança Comercial";"Saldo da Balança Comercial";"Araguaia";"Bannach";"-";"2012";0
"Economia";"Balança Comercial";"Saldo da Balança Comercial";"Araguaia";"Bannach";"-";"2013";0
"Economia";"Balança Comercial";"Saldo da Balança Comercial";"Araguaia";"Bannach";"-";"2014";0
"Economia";"Balança Comercial";"Saldo da Balança Comercial";"Araguaia";"Bannach";"-";"2015";0
"Economia";"Balança Comercial";"Saldo da Balança Comercial";"Araguaia";"Bannach";"-";"2016";0
"Economia";"Balança Comercial";"Saldo da Balança Comercial";"Araguaia";"Bannach";"-";"2017";0
"Economia";"Balança Comercial";"Saldo da Balança Comercial";"Araguaia";"Bannach";"-";"2018";-69268
"Economia";"Balança Comercial";"Saldo da Balança Comercial";"Araguaia";"Bannach";"-";"2019";0
"Economia";"Balança Comercial";"Saldo da Balança Comercial";"Araguaia";"Bannach";"-";"2020";0
"Economia";"Balança Comercial";"Saldo da Balança Comercial";"Araguaia";"Bannach";"-";"2021";0
"Economia";"Balança Comercial";"Saldo da Balança Comercial";"Araguaia";"Bannach";"-";"2022";0
"Economia";"Balança Comercial";"Saldo da Balança Comercial";"Araguaia";"Bannach";"-";"2023";0
"Economia";"Balança Comercial";"Saldo da Balança Comercial";"Araguaia";"Bannach";"-";"2024";0
"Economia";"Balança Comercial";"Saldo da Balança Comercial";"Tocantins";"Barcarena";"-";"2009";1742037183
"Economia";"Balança Comercial";"Saldo da Balança Comercial";"Tocantins";"Barcarena";"-";"2010";2125792249
"Economia";"Balança Comercial";"Saldo da Balança Comercial";"Tocantins";"Barcarena";"-";"2011";2163116711
"Economia";"Balança Comercial";"Saldo da Balança Comercial";"Tocantins";"Barcarena";"-";"2012";1743554060
"Economia";"Balança Comercial";"Saldo da Balança Comercial";"Tocantins";"Barcarena";"-";"2013";1435373786
"Economia";"Balança Comercial";"Saldo da Balança Comercial";"Tocantins";"Barcarena";"-";"2014";1876941059
"Economia";"Balança Comercial";"Saldo da Balança Comercial";"Tocantins";"Barcarena";"-";"2015";1881194001
"Economia";"Balança Comercial";"Saldo da Balança Comercial";"Tocantins";"Barcarena";"-";"2016";1559365176
"Economia";"Balança Comercial";"Saldo da Balança Comercial";"Tocantins";"Barcarena";"-";"2017";1411199532
"Economia";"Balança Comercial";"Saldo da Balança Comercial";"Tocantins";"Barcarena";"-";"2018";836676874
"Economia";"Balança Comercial";"Saldo da Balança Comercial";"Tocantins";"Barcarena";"-";"2019";1277325826
"Economia";"Balança Comercial";"Saldo da Balança Comercial";"Tocantins";"Barcarena";"-";"2020";1377896137
"Economia";"Balança Comercial";"Saldo da Balança Comercial";"Tocantins";"Barcarena";"-";"2021";1699297094
"Economia";"Balança Comercial";"Saldo da Balança Comercial";"Tocantins";"Barcarena";"-";"2022";1353751495
"Economia";"Balança Comercial";"Saldo da Balança Comercial";"Tocantins";"Barcarena";"-";"2023";1784827711
"Economia";"Balança Comercial";"Saldo da Balança Comercial";"Tocantins";"Barcarena";"-";"2024";2330790657
"Economia";"Balança Comercial";"Saldo da Balança Comercial";"Guajará";"Belém";"-";"2009";281108282
"Economia";"Balança Comercial";"Saldo da Balança Comercial";"Guajará";"Belém";"-";"2010";367588306
"Economia";"Balança Comercial";"Saldo da Balança Comercial";"Guajará";"Belém";"-";"2011";288047170
"Economia";"Balança Comercial";"Saldo da Balança Comercial";"Guajará";"Belém";"-";"2012";247826995
"Economia";"Balança Comercial";"Saldo da Balança Comercial";"Guajará";"Belém";"-";"2013";216089077
"Economia";"Balança Comercial";"Saldo da Balança Comercial";"Guajará";"Belém";"-";"2014";281123227
"Economia";"Balança Comercial";"Saldo da Balança Comercial";"Guajará";"Belém";"-";"2015";159563778
"Economia";"Balança Comercial";"Saldo da Balança Comercial";"Guajará";"Belém";"-";"2016";58361936
"Economia";"Balança Comercial";"Saldo da Balança Comercial";"Guajará";"Belém";"-";"2017";24690148
"Economia";"Balança Comercial";"Saldo da Balança Comercial";"Guajará";"Belém";"-";"2018";45158796
"Economia";"Balança Comercial";"Saldo da Balança Comercial";"Guajará";"Belém";"-";"2019";-77942117
"Economia";"Balança Comercial";"Saldo da Balança Comercial";"Guajará";"Belém";"-";"2020";-108505460
"Economia";"Balança Comercial";"Saldo da Balança Comercial";"Guajará";"Belém";"-";"2021";-102633726
"Economia";"Balança Comercial";"Saldo da Balança Comercial";"Guajará";"Belém";"-";"2022";-302206523
"Economia";"Balança Comercial";"Saldo da Balança Comercial";"Guajará";"Belém";"-";"2023";-15311369
"Economia";"Balança Comercial";"Saldo da Balança Comercial";"Guajará";"Belém";"-";"2024";-124768869
"Economia";"Balança Comercial";"Saldo da Balança Comercial";"Baixo Amazonas";"Belterra";"-";"2009";9691
"Economia";"Balança Comercial";"Saldo da Balança Comercial";"Baixo Amazonas";"Belterra";"-";"2010";0
"Economia";"Balança Comercial";"Saldo da Balança Comercial";"Baixo Amazonas";"Belterra";"-";"2011";0
"Economia";"Balança Comercial";"Saldo da Balança Comercial";"Baixo Amazonas";"Belterra";"-";"2012";259
"Economia";"Balança Comercial";"Saldo da Balança Comercial";"Baixo Amazonas";"Belterra";"-";"2013";0
"Economia";"Balança Comercial";"Saldo da Balança Comercial";"Baixo Amazonas";"Belterra";"-";"2014";0
"Economia";"Balança Comercial";"Saldo da Balança Comercial";"Baixo Amazonas";"Belterra";"-";"2015";0
"Economia";"Balança Comercial";"Saldo da Balança Comercial";"Baixo Amazonas";"Belterra";"-";"2016";0
"Economia";"Balança Comercial";"Saldo da Balança Comercial";"Baixo Amazonas";"Belterra";"-";"2017";0
"Economia";"Balança Comercial";"Saldo da Balança Comercial";"Baixo Amazonas";"Belterra";"-";"2018";0
"Economia";"Balança Comercial";"Saldo da Balança Comercial";"Baixo Amazonas";"Belterra";"-";"2019";0
"Economia";"Balança Comercial";"Saldo da Balança Comercial";"Baixo Amazonas";"Belterra";"-";"2020";0
"Economia";"Balança Comercial";"Saldo da Balança Comercial";"Baixo Amazonas";"Belterra";"-";"2021";0
"Economia";"Balança Comercial";"Saldo da Balança Comercial";"Baixo Amazonas";"Belterra";"-";"2022";28053
"Economia";"Balança Comercial";"Saldo da Balança Comercial";"Baixo Amazonas";"Belterra";"-";"2023";28143
"Economia";"Balança Comercial";"Saldo da Balança Comercial";"Baixo Amazonas";"Belterra";"-";"2024";0
"Economia";"Balança Comercial";"Saldo da Balança Comercial";"Guajará";"Benevides";"-";"2009";-5220938
"Economia";"Balança Comercial";"Saldo da Balança Comercial";"Guajará";"Benevides";"-";"2010";-10618765
"Economia";"Balança Comercial";"Saldo da Balança Comercial";"Guajará";"Benevides";"-";"2011";-10409049
"Economia";"Balança Comercial";"Saldo da Balança Comercial";"Guajará";"Benevides";"-";"2012";-25076157
"Economia";"Balança Comercial";"Saldo da Balança Comercial";"Guajará";"Benevides";"-";"2013";-22174516
"Economia";"Balança Comercial";"Saldo da Balança Comercial";"Guajará";"Benevides";"-";"2014";-3042911
"Economia";"Balança Comercial";"Saldo da Balança Comercial";"Guajará";"Benevides";"-";"2015";-2670369
"Economia";"Balança Comercial";"Saldo da Balança Comercial";"Guajará";"Benevides";"-";"2016";5060934
"Economia";"Balança Comercial";"Saldo da Balança Comercial";"Guajará";"Benevides";"-";"2017";-529108
"Economia";"Balança Comercial";"Saldo da Balança Comercial";"Guajará";"Benevides";"-";"2018";7135304
"Economia";"Balança Comercial";"Saldo da Balança Comercial";"Guajará";"Benevides";"-";"2019";1558219
"Economia";"Balança Comercial";"Saldo da Balança Comercial";"Guajará";"Benevides";"-";"2020";5298121
"Economia";"Balança Comercial";"Saldo da Balança Comercial";"Guajará";"Benevides";"-";"2021";-1176578
"Economia";"Balança Comercial";"Saldo da Balança Comercial";"Guajará";"Benevides";"-";"2022";-14559754
"Economia";"Balança Comercial";"Saldo da Balança Comercial";"Guajará";"Benevides";"-";"2023";2629217
"Economia";"Balança Comercial";"Saldo da Balança Comercial";"Guajará";"Benevides";"-";"2024";-9909406
"Economia";"Balança Comercial";"Saldo da Balança Comercial";"Carajás";"Bom Jesus do Tocantins";"-";"2009";0
"Economia";"Balança Comercial";"Saldo da Balança Comercial";"Carajás";"Bom Jesus do Tocantins";"-";"2010";0
"Economia";"Balança Comercial";"Saldo da Balança Comercial";"Carajás";"Bom Jesus do Tocantins";"-";"2011";0
"Economia";"Balança Comercial";"Saldo da Balança Comercial";"Carajás";"Bom Jesus do Tocantins";"-";"2012";0
"Economia";"Balança Comercial";"Saldo da Balança Comercial";"Carajás";"Bom Jesus do Tocantins";"-";"2013";0
"Economia";"Balança Comercial";"Saldo da Balança Comercial";"Carajás";"Bom Jesus do Tocantins";"-";"2014";0
"Economia";"Balança Comercial";"Saldo da Balança Comercial";"Carajás";"Bom Jesus do Tocantins";"-";"2015";0
"Economia";"Balança Comercial";"Saldo da Balança Comercial";"Carajás";"Bom Jesus do Tocantins";"-";"2016";0
"Economia";"Balança Comercial";"Saldo da Balança Comercial";"Carajás";"Bom Jesus do Tocantins";"-";"2017";0
"Economia";"Balança Comercial";"Saldo da Balança Comercial";"Carajás";"Bom Jesus do Tocantins";"-";"2018";0
"Economia";"Balança Comercial";"Saldo da Balança Comercial";"Carajás";"Bom Jesus do Tocantins";"-";"2019";0
"Economia";"Balança Comercial";"Saldo da Balança Comercial";"Carajás";"Bom Jesus do Tocantins";"-";"2020";0
"Economia";"Balança Comercial";"Saldo da Balança Comercial";"Carajás";"Bom Jesus do Tocantins";"-";"2021";0
"Economia";"Balança Comercial";"Saldo da Balança Comercial";"Carajás";"Bom Jesus do Tocantins";"-";"2022";968
"Economia";"Balança Comercial";"Saldo da Balança Comercial";"Carajás";"Bom Jesus do Tocantins";"-";"2023";-12886
"Economia";"Balança Comercial";"Saldo da Balança Comercial";"Carajás";"Bom Jesus do Tocantins";"-";"2024";0
"Economia";"Balança Comercial";"Saldo da Balança Comercial";"Rio Caeté";"Bonito";"-";"2009";-280675
"Economia";"Balança Comercial";"Saldo da Balança Comercial";"Rio Caeté";"Bonito";"-";"2010";-364927
"Economia";"Balança Comercial";"Saldo da Balança Comercial";"Rio Caeté";"Bonito";"-";"2011";-367666
"Economia";"Balança Comercial";"Saldo da Balança Comercial";"Rio Caeté";"Bonito";"-";"2012";0
"Economia";"Balança Comercial";"Saldo da Balança Comercial";"Rio Caeté";"Bonito";"-";"2013";0
"Economia";"Balança Comercial";"Saldo da Balança Comercial";"Rio Caeté";"Bonito";"-";"2014";0
"Economia";"Balança Comercial";"Saldo da Balança Comercial";"Rio Caeté";"Bonito";"-";"2015";0
"Economia";"Balança Comercial";"Saldo da Balança Comercial";"Rio Caeté";"Bonito";"-";"2016";0
"Economia";"Balança Comercial";"Saldo da Balança Comercial";"Rio Caeté";"Bonito";"-";"2017";0
"Economia";"Balança Comercial";"Saldo da Balança Comercial";"Rio Caeté";"Bonito";"-";"2018";15
"Economia";"Balança Comercial";"Saldo da Balança Comercial";"Rio Caeté";"Bonito";"-";"2019";0
"Economia";"Balança Comercial";"Saldo da Balança Comercial";"Rio Caeté";"Bonito";"-";"2020";0
"Economia";"Balança Comercial";"Saldo da Balança Comercial";"Rio Caeté";"Bonito";"-";"2021";-624723
"Economia";"Balança Comercial";"Saldo da Balança Comercial";"Rio Caeté";"Bonito";"-";"2022";-977435
"Economia";"Balança Comercial";"Saldo da Balança Comercial";"Rio Caeté";"Bonito";"-";"2023";-310584
"Economia";"Balança Comercial";"Saldo da Balança Comercial";"Rio Caeté";"Bonito";"-";"2024";0
"Economia";"Balança Comercial";"Saldo da Balança Comercial";"Rio Caeté";"Bragança";"-";"2009";5102458
"Economia";"Balança Comercial";"Saldo da Balança Comercial";"Rio Caeté";"Bragança";"-";"2010";5206559
"Economia";"Balança Comercial";"Saldo da Balança Comercial";"Rio Caeté";"Bragança";"-";"2011";8756125
"Economia";"Balança Comercial";"Saldo da Balança Comercial";"Rio Caeté";"Bragança";"-";"2012";12025141
"Economia";"Balança Comercial";"Saldo da Balança Comercial";"Rio Caeté";"Bragança";"-";"2013";13563525
"Economia";"Balança Comercial";"Saldo da Balança Comercial";"Rio Caeté";"Bragança";"-";"2014";13484720
"Economia";"Balança Comercial";"Saldo da Balança Comercial";"Rio Caeté";"Bragança";"-";"2015";13456712
"Economia";"Balança Comercial";"Saldo da Balança Comercial";"Rio Caeté";"Bragança";"-";"2016";15965742
"Economia";"Balança Comercial";"Saldo da Balança Comercial";"Rio Caeté";"Bragança";"-";"2017";17835552
"Economia";"Balança Comercial";"Saldo da Balança Comercial";"Rio Caeté";"Bragança";"-";"2018";21019786
"Economia";"Balança Comercial";"Saldo da Balança Comercial";"Rio Caeté";"Bragança";"-";"2019";15538535
"Economia";"Balança Comercial";"Saldo da Balança Comercial";"Rio Caeté";"Bragança";"-";"2020";14062688
"Economia";"Balança Comercial";"Saldo da Balança Comercial";"Rio Caeté";"Bragança";"-";"2021";15314493
"Economia";"Balança Comercial";"Saldo da Balança Comercial";"Rio Caeté";"Bragança";"-";"2022";13227940
"Economia";"Balança Comercial";"Saldo da Balança Comercial";"Rio Caeté";"Bragança";"-";"2023";7804355
"Economia";"Balança Comercial";"Saldo da Balança Comercial";"Rio Caeté";"Bragança";"-";"2024";8687000
"Economia";"Balança Comercial";"Saldo da Balança Comercial";"Xingu";"Brasil Novo";"-";"2009";0
"Economia";"Balança Comercial";"Saldo da Balança Comercial";"Xingu";"Brasil Novo";"-";"2010";0
"Economia";"Balança Comercial";"Saldo da Balança Comercial";"Xingu";"Brasil Novo";"-";"2011";0
"Economia";"Balança Comercial";"Saldo da Balança Comercial";"Xingu";"Brasil Novo";"-";"2012";0
"Economia";"Balança Comercial";"Saldo da Balança Comercial";"Xingu";"Brasil Novo";"-";"2013";0
"Economia";"Balança Comercial";"Saldo da Balança Comercial";"Xingu";"Brasil Novo";"-";"2014";0
"Economia";"Balança Comercial";"Saldo da Balança Comercial";"Xingu";"Brasil Novo";"-";"2015";0
"Economia";"Balança Comercial";"Saldo da Balança Comercial";"Xingu";"Brasil Novo";"-";"2016";0
"Economia";"Balança Comercial";"Saldo da Balança Comercial";"Xingu";"Brasil Novo";"-";"2017";0
"Economia";"Balança Comercial";"Saldo da Balança Comercial";"Xingu";"Brasil Novo";"-";"2018";0
"Economia";"Balança Comercial";"Saldo da Balança Comercial";"Xingu";"Brasil Novo";"-";"2019";0
"Economia";"Balança Comercial";"Saldo da Balança Comercial";"Xingu";"Brasil Novo";"-";"2020";0
"Economia";"Balança Comercial";"Saldo da Balança Comercial";"Xingu";"Brasil Novo";"-";"2021";0
"Economia";"Balança Comercial";"Saldo da Balança Comercial";"Xingu";"Brasil Novo";"-";"2022";0
"Economia";"Balança Comercial";"Saldo da Balança Comercial";"Xingu";"Brasil Novo";"-";"2023";-5406
"Economia";"Balança Comercial";"Saldo da Balança Comercial";"Xingu";"Brasil Novo";"-";"2024";0
"Economia";"Balança Comercial";"Saldo da Balança Comercial";"Carajás";"Brejo Grande do Araguaia";"-";"2009";0
"Economia";"Balança Comercial";"Saldo da Balança Comercial";"Carajás";"Brejo Grande do Araguaia";"-";"2010";0
"Economia";"Balança Comercial";"Saldo da Balança Comercial";"Carajás";"Brejo Grande do Araguaia";"-";"2011";0
"Economia";"Balança Comercial";"Saldo da Balança Comercial";"Carajás";"Brejo Grande do Araguaia";"-";"2012";0
"Economia";"Balança Comercial";"Saldo da Balança Comercial";"Carajás";"Brejo Grande do Araguaia";"-";"2013";0
"Economia";"Balança Comercial";"Saldo da Balança Comercial";"Carajás";"Brejo Grande do Araguaia";"-";"2014";0
"Economia";"Balança Comercial";"Saldo da Balança Comercial";"Carajás";"Brejo Grande do Araguaia";"-";"2015";0
"Economia";"Balança Comercial";"Saldo da Balança Comercial";"Carajás";"Brejo Grande do Araguaia";"-";"2016";0
"Economia";"Balança Comercial";"Saldo da Balança Comercial";"Carajás";"Brejo Grande do Araguaia";"-";"2017";0
"Economia";"Balança Comercial";"Saldo da Balança Comercial";"Carajás";"Brejo Grande do Araguaia";"-";"2018";0
"Economia";"Balança Comercial";"Saldo da Balança Comercial";"Carajás";"Brejo Grande do Araguaia";"-";"2019";0
"Economia";"Balança Comercial";"Saldo da Balança Comercial";"Carajás";"Brejo Grande do Araguaia";"-";"2020";0
"Economia";"Balança Comercial";"Saldo da Balança Comercial";"Carajás";"Brejo Grande do Araguaia";"-";"2021";0
"Economia";"Balança Comercial";"Saldo da Balança Comercial";"Carajás";"Brejo Grande do Araguaia";"-";"2022";0
"Economia";"Balança Comercial";"Saldo da Balança Comercial";"Carajás";"Brejo Grande do Araguaia";"-";"2023";0
"Economia";"Balança Comercial";"Saldo da Balança Comercial";"Carajás";"Brejo Grande do Araguaia";"-";"2024";0
"Economia";"Balança Comercial";"Saldo da Balança Comercial";"Lago de Tucuruí";"Breu Branco";"-";"2009";59629649
"Economia";"Balança Comercial";"Saldo da Balança Comercial";"Lago de Tucuruí";"Breu Branco";"-";"2010";79032121
"Economia";"Balança Comercial";"Saldo da Balança Comercial";"Lago de Tucuruí";"Breu Branco";"-";"2011";119122745
"Economia";"Balança Comercial";"Saldo da Balança Comercial";"Lago de Tucuruí";"Breu Branco";"-";"2012";113896635
"Economia";"Balança Comercial";"Saldo da Balança Comercial";"Lago de Tucuruí";"Breu Branco";"-";"2013";96129898
"Economia";"Balança Comercial";"Saldo da Balança Comercial";"Lago de Tucuruí";"Breu Branco";"-";"2014";98285080
"Economia";"Balança Comercial";"Saldo da Balança Comercial";"Lago de Tucuruí";"Breu Branco";"-";"2015";93388083
"Economia";"Balança Comercial";"Saldo da Balança Comercial";"Lago de Tucuruí";"Breu Branco";"-";"2016";83860721
"Economia";"Balança Comercial";"Saldo da Balança Comercial";"Lago de Tucuruí";"Breu Branco";"-";"2017";76861853
"Economia";"Balança Comercial";"Saldo da Balança Comercial";"Lago de Tucuruí";"Breu Branco";"-";"2018";85552052
"Economia";"Balança Comercial";"Saldo da Balança Comercial";"Lago de Tucuruí";"Breu Branco";"-";"2019";92960553
"Economia";"Balança Comercial";"Saldo da Balança Comercial";"Lago de Tucuruí";"Breu Branco";"-";"2020";67539287
"Economia";"Balança Comercial";"Saldo da Balança Comercial";"Lago de Tucuruí";"Breu Branco";"-";"2021";82676560
"Economia";"Balança Comercial";"Saldo da Balança Comercial";"Lago de Tucuruí";"Breu Branco";"-";"2022";168167347
"Economia";"Balança Comercial";"Saldo da Balança Comercial";"Lago de Tucuruí";"Breu Branco";"-";"2023";81158486
"Economia";"Balança Comercial";"Saldo da Balança Comercial";"Lago de Tucuruí";"Breu Branco";"-";"2024";56000531
"Economia";"Balança Comercial";"Saldo da Balança Comercial";"Marajó";"Breves";"-";"2009";11286068
"Economia";"Balança Comercial";"Saldo da Balança Comercial";"Marajó";"Breves";"-";"2010";8939042
"Economia";"Balança Comercial";"Saldo da Balança Comercial";"Marajó";"Breves";"-";"2011";6183940
"Economia";"Balança Comercial";"Saldo da Balança Comercial";"Marajó";"Breves";"-";"2012";3970021
"Economia";"Balança Comercial";"Saldo da Balança Comercial";"Marajó";"Breves";"-";"2013";2128970
"Economia";"Balança Comercial";"Saldo da Balança Comercial";"Marajó";"Breves";"-";"2014";2303043
"Economia";"Balança Comercial";"Saldo da Balança Comercial";"Marajó";"Breves";"-";"2015";1735542
"Economia";"Balança Comercial";"Saldo da Balança Comercial";"Marajó";"Breves";"-";"2016";2133939
"Economia";"Balança Comercial";"Saldo da Balança Comercial";"Marajó";"Breves";"-";"2017";540888
"Economia";"Balança Comercial";"Saldo da Balança Comercial";"Marajó";"Breves";"-";"2018";720316
"Economia";"Balança Comercial";"Saldo da Balança Comercial";"Marajó";"Breves";"-";"2019";607449
"Economia";"Balança Comercial";"Saldo da Balança Comercial";"Marajó";"Breves";"-";"2020";-84656
"Economia";"Balança Comercial";"Saldo da Balança Comercial";"Marajó";"Breves";"-";"2021";-45825
"Economia";"Balança Comercial";"Saldo da Balança Comercial";"Marajó";"Breves";"-";"2022";258032
"Economia";"Balança Comercial";"Saldo da Balança Comercial";"Marajó";"Breves";"-";"2023";45924
"Economia";"Balança Comercial";"Saldo da Balança Comercial";"Marajó";"Breves";"-";"2024";250222
"Economia";"Balança Comercial";"Saldo da Balança Comercial";"Rio Capim";"Bujaru";"-";"2009";0
"Economia";"Balança Comercial";"Saldo da Balança Comercial";"Rio Capim";"Bujaru";"-";"2010";0
"Economia";"Balança Comercial";"Saldo da Balança Comercial";"Rio Capim";"Bujaru";"-";"2011";0
"Economia";"Balança Comercial";"Saldo da Balança Comercial";"Rio Capim";"Bujaru";"-";"2012";0
"Economia";"Balança Comercial";"Saldo da Balança Comercial";"Rio Capim";"Bujaru";"-";"2013";-25000
"Economia";"Balança Comercial";"Saldo da Balança Comercial";"Rio Capim";"Bujaru";"-";"2014";0
"Economia";"Balança Comercial";"Saldo da Balança Comercial";"Rio Capim";"Bujaru";"-";"2015";18913
"Economia";"Balança Comercial";"Saldo da Balança Comercial";"Rio Capim";"Bujaru";"-";"2016";48907
"Economia";"Balança Comercial";"Saldo da Balança Comercial";"Rio Capim";"Bujaru";"-";"2017";0
"Economia";"Balança Comercial";"Saldo da Balança Comercial";"Rio Capim";"Bujaru";"-";"2018";0
"Economia";"Balança Comercial";"Saldo da Balança Comercial";"Rio Capim";"Bujaru";"-";"2019";24058
"Economia";"Balança Comercial";"Saldo da Balança Comercial";"Rio Capim";"Bujaru";"-";"2020";54342
"Economia";"Balança Comercial";"Saldo da Balança Comercial";"Rio Capim";"Bujaru";"-";"2021";208296
"Economia";"Balança Comercial";"Saldo da Balança Comercial";"Rio Capim";"Bujaru";"-";"2022";0
"Economia";"Balança Comercial";"Saldo da Balança Comercial";"Rio Capim";"Bujaru";"-";"2023";0
"Economia";"Balança Comercial";"Saldo da Balança Comercial";"Rio Capim";"Bujaru";"-";"2024";0
"Economia";"Balança Comercial";"Saldo da Balança Comercial";"Marajó";"Cachoeira do Arari";"-";"2009";0
"Economia";"Balança Comercial";"Saldo da Balança Comercial";"Marajó";"Cachoeira do Arari";"-";"2010";0
"Economia";"Balança Comercial";"Saldo da Balança Comercial";"Marajó";"Cachoeira do Arari";"-";"2011";0
"Economia";"Balança Comercial";"Saldo da Balança Comercial";"Marajó";"Cachoeira do Arari";"-";"2012";0
"Economia";"Balança Comercial";"Saldo da Balança Comercial";"Marajó";"Cachoeira do Arari";"-";"2013";0
"Economia";"Balança Comercial";"Saldo da Balança Comercial";"Marajó";"Cachoeira do Arari";"-";"2014";0
"Economia";"Balança Comercial";"Saldo da Balança Comercial";"Marajó";"Cachoeira do Arari";"-";"2015";0
"Economia";"Balança Comercial";"Saldo da Balança Comercial";"Marajó";"Cachoeira do Arari";"-";"2016";0
"Economia";"Balança Comercial";"Saldo da Balança Comercial";"Marajó";"Cachoeira do Arari";"-";"2017";0
"Economia";"Balança Comercial";"Saldo da Balança Comercial";"Marajó";"Cachoeira do Arari";"-";"2018";0
"Economia";"Balança Comercial";"Saldo da Balança Comercial";"Marajó";"Cachoeira do Arari";"-";"2019";0
"Economia";"Balança Comercial";"Saldo da Balança Comercial";"Marajó";"Cachoeira do Arari";"-";"2020";0
"Economia";"Balança Comercial";"Saldo da Balança Comercial";"Marajó";"Cachoeira do Arari";"-";"2021";0
"Economia";"Balança Comercial";"Saldo da Balança Comercial";"Marajó";"Cachoeira do Arari";"-";"2022";0
"Economia";"Balança Comercial";"Saldo da Balança Comercial";"Marajó";"Cachoeira do Arari";"-";"2023";0
"Economia";"Balança Comercial";"Saldo da Balança Comercial";"Marajó";"Cachoeira do Arari";"-";"2024";0
"Economia";"Balança Comercial";"Saldo da Balança Comercial";"Rio Caeté";"Cachoeira do Piriá";"-";"2009";0
"Economia";"Balança Comercial";"Saldo da Balança Comercial";"Rio Caeté";"Cachoeira do Piriá";"-";"2010";0
"Economia";"Balança Comercial";"Saldo da Balança Comercial";"Rio Caeté";"Cachoeira do Piriá";"-";"2011";0
"Economia";"Balança Comercial";"Saldo da Balança Comercial";"Rio Caeté";"Cachoeira do Piriá";"-";"2012";0
"Economia";"Balança Comercial";"Saldo da Balança Comercial";"Rio Caeté";"Cachoeira do Piriá";"-";"2013";0
"Economia";"Balança Comercial";"Saldo da Balança Comercial";"Rio Caeté";"Cachoeira do Piriá";"-";"2014";0
"Economia";"Balança Comercial";"Saldo da Balança Comercial";"Rio Caeté";"Cachoeira do Piriá";"-";"2015";0
"Economia";"Balança Comercial";"Saldo da Balança Comercial";"Rio Caeté";"Cachoeira do Piriá";"-";"2016";0
"Economia";"Balança Comercial";"Saldo da Balança Comercial";"Rio Caeté";"Cachoeira do Piriá";"-";"2017";0
"Economia";"Balança Comercial";"Saldo da Balança Comercial";"Rio Caeté";"Cachoeira do Piriá";"-";"2018";0
"Economia";"Balança Comercial";"Saldo da Balança Comercial";"Rio Caeté";"Cachoeira do Piriá";"-";"2019";0
"Economia";"Balança Comercial";"Saldo da Balança Comercial";"Rio Caeté";"Cachoeira do Piriá";"-";"2020";0
"Economia";"Balança Comercial";"Saldo da Balança Comercial";"Rio Caeté";"Cachoeira do Piriá";"-";"2021";0
"Economia";"Balança Comercial";"Saldo da Balança Comercial";"Rio Caeté";"Cachoeira do Piriá";"-";"2022";0
"Economia";"Balança Comercial";"Saldo da Balança Comercial";"Rio Caeté";"Cachoeira do Piriá";"-";"2023";0
"Economia";"Balança Comercial";"Saldo da Balança Comercial";"Rio Caeté";"Cachoeira do Piriá";"-";"2024";0
"Economia";"Balança Comercial";"Saldo da Balança Comercial";"Tocantins";"Cametá";"-";"2009";-18948
"Economia";"Balança Comercial";"Saldo da Balança Comercial";"Tocantins";"Cametá";"-";"2010";-14269
"Economia";"Balança Comercial";"Saldo da Balança Comercial";"Tocantins";"Cametá";"-";"2011";-22454
"Economia";"Balança Comercial";"Saldo da Balança Comercial";"Tocantins";"Cametá";"-";"2012";264760
"Economia";"Balança Comercial";"Saldo da Balança Comercial";"Tocantins";"Cametá";"-";"2013";166550
"Economia";"Balança Comercial";"Saldo da Balança Comercial";"Tocantins";"Cametá";"-";"2014";-35090
"Economia";"Balança Comercial";"Saldo da Balança Comercial";"Tocantins";"Cametá";"-";"2015";351
"Economia";"Balança Comercial";"Saldo da Balança Comercial";"Tocantins";"Cametá";"-";"2016";0
"Economia";"Balança Comercial";"Saldo da Balança Comercial";"Tocantins";"Cametá";"-";"2017";212745
"Economia";"Balança Comercial";"Saldo da Balança Comercial";"Tocantins";"Cametá";"-";"2018";313718
"Economia";"Balança Comercial";"Saldo da Balança Comercial";"Tocantins";"Cametá";"-";"2019";165287
"Economia";"Balança Comercial";"Saldo da Balança Comercial";"Tocantins";"Cametá";"-";"2020";25482
"Economia";"Balança Comercial";"Saldo da Balança Comercial";"Tocantins";"Cametá";"-";"2021";131106
"Economia";"Balança Comercial";"Saldo da Balança Comercial";"Tocantins";"Cametá";"-";"2022";61286
"Economia";"Balança Comercial";"Saldo da Balança Comercial";"Tocantins";"Cametá";"-";"2023";42890
"Economia";"Balança Comercial";"Saldo da Balança Comercial";"Tocantins";"Cametá";"-";"2024";0
"Economia";"Balança Comercial";"Saldo da Balança Comercial";"Carajás";"Canaã dos Carajás";"-";"2009";436463818
"Economia";"Balança Comercial";"Saldo da Balança Comercial";"Carajás";"Canaã dos Carajás";"-";"2010";666410154
"Economia";"Balança Comercial";"Saldo da Balança Comercial";"Carajás";"Canaã dos Carajás";"-";"2011";798178438
"Economia";"Balança Comercial";"Saldo da Balança Comercial";"Carajás";"Canaã dos Carajás";"-";"2012";776329169
"Economia";"Balança Comercial";"Saldo da Balança Comercial";"Carajás";"Canaã dos Carajás";"-";"2013";696191334
"Economia";"Balança Comercial";"Saldo da Balança Comercial";"Carajás";"Canaã dos Carajás";"-";"2014";598204032
"Economia";"Balança Comercial";"Saldo da Balança Comercial";"Carajás";"Canaã dos Carajás";"-";"2015";557867676
"Economia";"Balança Comercial";"Saldo da Balança Comercial";"Carajás";"Canaã dos Carajás";"-";"2016";62108080
"Economia";"Balança Comercial";"Saldo da Balança Comercial";"Carajás";"Canaã dos Carajás";"-";"2017";1362556156
"Economia";"Balança Comercial";"Saldo da Balança Comercial";"Carajás";"Canaã dos Carajás";"-";"2018";3363449105
"Economia";"Balança Comercial";"Saldo da Balança Comercial";"Carajás";"Canaã dos Carajás";"-";"2019";4852880701
"Economia";"Balança Comercial";"Saldo da Balança Comercial";"Carajás";"Canaã dos Carajás";"-";"2020";6669431763
"Economia";"Balança Comercial";"Saldo da Balança Comercial";"Carajás";"Canaã dos Carajás";"-";"2021";9702218676
"Economia";"Balança Comercial";"Saldo da Balança Comercial";"Carajás";"Canaã dos Carajás";"-";"2022";5662619439
"Economia";"Balança Comercial";"Saldo da Balança Comercial";"Carajás";"Canaã dos Carajás";"-";"2023";6311254496
"Economia";"Balança Comercial";"Saldo da Balança Comercial";"Carajás";"Canaã dos Carajás";"-";"2024";6603889051
"Economia";"Balança Comercial";"Saldo da Balança Comercial";"Rio Caeté";"Capanema";"-";"2009";-3990935
"Economia";"Balança Comercial";"Saldo da Balança Comercial";"Rio Caeté";"Capanema";"-";"2010";-6623840
"Economia";"Balança Comercial";"Saldo da Balança Comercial";"Rio Caeté";"Capanema";"-";"2011";-11062456
"Economia";"Balança Comercial";"Saldo da Balança Comercial";"Rio Caeté";"Capanema";"-";"2012";-4186254
"Economia";"Balança Comercial";"Saldo da Balança Comercial";"Rio Caeté";"Capanema";"-";"2013";-3572970
"Economia";"Balança Comercial";"Saldo da Balança Comercial";"Rio Caeté";"Capanema";"-";"2014";-4697090
"Economia";"Balança Comercial";"Saldo da Balança Comercial";"Rio Caeté";"Capanema";"-";"2015";-2008090
"Economia";"Balança Comercial";"Saldo da Balança Comercial";"Rio Caeté";"Capanema";"-";"2016";-3994152
"Economia";"Balança Comercial";"Saldo da Balança Comercial";"Rio Caeté";"Capanema";"-";"2017";-167
"Economia";"Balança Comercial";"Saldo da Balança Comercial";"Rio Caeté";"Capanema";"-";"2018";482
"Economia";"Balança Comercial";"Saldo da Balança Comercial";"Rio Caeté";"Capanema";"-";"2019";70518
"Economia";"Balança Comercial";"Saldo da Balança Comercial";"Rio Caeté";"Capanema";"-";"2020";45038
"Economia";"Balança Comercial";"Saldo da Balança Comercial";"Rio Caeté";"Capanema";"-";"2021";70543
"Economia";"Balança Comercial";"Saldo da Balança Comercial";"Rio Caeté";"Capanema";"-";"2022";42150
"Economia";"Balança Comercial";"Saldo da Balança Comercial";"Rio Caeté";"Capanema";"-";"2023";-9030
"Economia";"Balança Comercial";"Saldo da Balança Comercial";"Rio Caeté";"Capanema";"-";"2024";152410
"Economia";"Balança Comercial";"Saldo da Balança Comercial";"Rio Capim";"Capitão Poço";"-";"2009";0
"Economia";"Balança Comercial";"Saldo da Balança Comercial";"Rio Capim";"Capitão Poço";"-";"2010";0
"Economia";"Balança Comercial";"Saldo da Balança Comercial";"Rio Capim";"Capitão Poço";"-";"2011";0
"Economia";"Balança Comercial";"Saldo da Balança Comercial";"Rio Capim";"Capitão Poço";"-";"2012";0
"Economia";"Balança Comercial";"Saldo da Balança Comercial";"Rio Capim";"Capitão Poço";"-";"2013";0
"Economia";"Balança Comercial";"Saldo da Balança Comercial";"Rio Capim";"Capitão Poço";"-";"2014";0
"Economia";"Balança Comercial";"Saldo da Balança Comercial";"Rio Capim";"Capitão Poço";"-";"2015";0
"Economia";"Balança Comercial";"Saldo da Balança Comercial";"Rio Capim";"Capitão Poço";"-";"2016";925173
"Economia";"Balança Comercial";"Saldo da Balança Comercial";"Rio Capim";"Capitão Poço";"-";"2017";405538
"Economia";"Balança Comercial";"Saldo da Balança Comercial";"Rio Capim";"Capitão Poço";"-";"2018";2507936
"Economia";"Balança Comercial";"Saldo da Balança Comercial";"Rio Capim";"Capitão Poço";"-";"2019";1463867
"Economia";"Balança Comercial";"Saldo da Balança Comercial";"Rio Capim";"Capitão Poço";"-";"2020";5130944
"Economia";"Balança Comercial";"Saldo da Balança Comercial";"Rio Capim";"Capitão Poço";"-";"2021";5520982
"Economia";"Balança Comercial";"Saldo da Balança Comercial";"Rio Capim";"Capitão Poço";"-";"2022";7284855
"Economia";"Balança Comercial";"Saldo da Balança Comercial";"Rio Capim";"Capitão Poço";"-";"2023";18796480
"Economia";"Balança Comercial";"Saldo da Balança Comercial";"Rio Capim";"Capitão Poço";"-";"2024";11521123
"Economia";"Balança Comercial";"Saldo da Balança Comercial";"Guamá";"Castanhal";"-";"2009";60799319
"Economia";"Balança Comercial";"Saldo da Balança Comercial";"Guamá";"Castanhal";"-";"2010";75409432
"Economia";"Balança Comercial";"Saldo da Balança Comercial";"Guamá";"Castanhal";"-";"2011";127668854
"Economia";"Balança Comercial";"Saldo da Balança Comercial";"Guamá";"Castanhal";"-";"2012";125724793
"Economia";"Balança Comercial";"Saldo da Balança Comercial";"Guamá";"Castanhal";"-";"2013";157561143
"Economia";"Balança Comercial";"Saldo da Balança Comercial";"Guamá";"Castanhal";"-";"2014";218007051
"Economia";"Balança Comercial";"Saldo da Balança Comercial";"Guamá";"Castanhal";"-";"2015";251748349
"Economia";"Balança Comercial";"Saldo da Balança Comercial";"Guamá";"Castanhal";"-";"2016";183506129
"Economia";"Balança Comercial";"Saldo da Balança Comercial";"Guamá";"Castanhal";"-";"2017";180690835
"Economia";"Balança Comercial";"Saldo da Balança Comercial";"Guamá";"Castanhal";"-";"2018";130794706
"Economia";"Balança Comercial";"Saldo da Balança Comercial";"Guamá";"Castanhal";"-";"2019";121393313
"Economia";"Balança Comercial";"Saldo da Balança Comercial";"Guamá";"Castanhal";"-";"2020";151378819
"Economia";"Balança Comercial";"Saldo da Balança Comercial";"Guamá";"Castanhal";"-";"2021";200423371
"Economia";"Balança Comercial";"Saldo da Balança Comercial";"Guamá";"Castanhal";"-";"2022";268012275
"Economia";"Balança Comercial";"Saldo da Balança Comercial";"Guamá";"Castanhal";"-";"2023";158629819
"Economia";"Balança Comercial";"Saldo da Balança Comercial";"Guamá";"Castanhal";"-";"2024";235525210
"Economia";"Balança Comercial";"Saldo da Balança Comercial";"Marajó";"Chaves";"-";"2009";332122
"Economia";"Balança Comercial";"Saldo da Balança Comercial";"Marajó";"Chaves";"-";"2010";429394
"Economia";"Balança Comercial";"Saldo da Balança Comercial";"Marajó";"Chaves";"-";"2011";285525
"Economia";"Balança Comercial";"Saldo da Balança Comercial";"Marajó";"Chaves";"-";"2012";145600
"Economia";"Balança Comercial";"Saldo da Balança Comercial";"Marajó";"Chaves";"-";"2013";142750
"Economia";"Balança Comercial";"Saldo da Balança Comercial";"Marajó";"Chaves";"-";"2014";147950
"Economia";"Balança Comercial";"Saldo da Balança Comercial";"Marajó";"Chaves";"-";"2015";175500
"Economia";"Balança Comercial";"Saldo da Balança Comercial";"Marajó";"Chaves";"-";"2016";82800
"Economia";"Balança Comercial";"Saldo da Balança Comercial";"Marajó";"Chaves";"-";"2017";0
"Economia";"Balança Comercial";"Saldo da Balança Comercial";"Marajó";"Chaves";"-";"2018";85120
"Economia";"Balança Comercial";"Saldo da Balança Comercial";"Marajó";"Chaves";"-";"2019";0
"Economia";"Balança Comercial";"Saldo da Balança Comercial";"Marajó";"Chaves";"-";"2020";0
"Economia";"Balança Comercial";"Saldo da Balança Comercial";"Marajó";"Chaves";"-";"2021";0
"Economia";"Balança Comercial";"Saldo da Balança Comercial";"Marajó";"Chaves";"-";"2022";0
"Economia";"Balança Comercial";"Saldo da Balança Comercial";"Marajó";"Chaves";"-";"2023";0
"Economia";"Balança Comercial";"Saldo da Balança Comercial";"Marajó";"Chaves";"-";"2024";0
"Economia";"Balança Comercial";"Saldo da Balança Comercial";"Guamá";"Colares";"-";"2009";0
"Economia";"Balança Comercial";"Saldo da Balança Comercial";"Guamá";"Colares";"-";"2010";0
"Economia";"Balança Comercial";"Saldo da Balança Comercial";"Guamá";"Colares";"-";"2011";0
"Economia";"Balança Comercial";"Saldo da Balança Comercial";"Guamá";"Colares";"-";"2012";0
"Economia";"Balança Comercial";"Saldo da Balança Comercial";"Guamá";"Colares";"-";"2013";0
"Economia";"Balança Comercial";"Saldo da Balança Comercial";"Guamá";"Colares";"-";"2014";0
"Economia";"Balança Comercial";"Saldo da Balança Comercial";"Guamá";"Colares";"-";"2015";0
"Economia";"Balança Comercial";"Saldo da Balança Comercial";"Guamá";"Colares";"-";"2016";0
"Economia";"Balança Comercial";"Saldo da Balança Comercial";"Guamá";"Colares";"-";"2017";0
"Economia";"Balança Comercial";"Saldo da Balança Comercial";"Guamá";"Colares";"-";"2018";0
"Economia";"Balança Comercial";"Saldo da Balança Comercial";"Guamá";"Colares";"-";"2019";0
"Economia";"Balança Comercial";"Saldo da Balança Comercial";"Guamá";"Colares";"-";"2020";0
"Economia";"Balança Comercial";"Saldo da Balança Comercial";"Guamá";"Colares";"-";"2021";0
"Economia";"Balança Comercial";"Saldo da Balança Comercial";"Guamá";"Colares";"-";"2022";0
"Economia";"Balança Comercial";"Saldo da Balança Comercial";"Guamá";"Colares";"-";"2023";0
"Economia";"Balança Comercial";"Saldo da Balança Comercial";"Guamá";"Colares";"-";"2024";0
"Economia";"Balança Comercial";"Saldo da Balança Comercial";"Araguaia";"Conceição do Araguaia";"-";"2009";-14488
"Economia";"Balança Comercial";"Saldo da Balança Comercial";"Araguaia";"Conceição do Araguaia";"-";"2010";-225
"Economia";"Balança Comercial";"Saldo da Balança Comercial";"Araguaia";"Conceição do Araguaia";"-";"2011";9848870
"Economia";"Balança Comercial";"Saldo da Balança Comercial";"Araguaia";"Conceição do Araguaia";"-";"2012";13576202
"Economia";"Balança Comercial";"Saldo da Balança Comercial";"Araguaia";"Conceição do Araguaia";"-";"2013";14631442
"Economia";"Balança Comercial";"Saldo da Balança Comercial";"Araguaia";"Conceição do Araguaia";"-";"2014";55540415
"Economia";"Balança Comercial";"Saldo da Balança Comercial";"Araguaia";"Conceição do Araguaia";"-";"2015";17913138
"Economia";"Balança Comercial";"Saldo da Balança Comercial";"Araguaia";"Conceição do Araguaia";"-";"2016";30177528
"Economia";"Balança Comercial";"Saldo da Balança Comercial";"Araguaia";"Conceição do Araguaia";"-";"2017";0
"Economia";"Balança Comercial";"Saldo da Balança Comercial";"Araguaia";"Conceição do Araguaia";"-";"2018";0
"Economia";"Balança Comercial";"Saldo da Balança Comercial";"Araguaia";"Conceição do Araguaia";"-";"2019";0
"Economia";"Balança Comercial";"Saldo da Balança Comercial";"Araguaia";"Conceição do Araguaia";"-";"2020";0
"Economia";"Balança Comercial";"Saldo da Balança Comercial";"Araguaia";"Conceição do Araguaia";"-";"2021";0
"Economia";"Balança Comercial";"Saldo da Balança Comercial";"Araguaia";"Conceição do Araguaia";"-";"2022";-39467282
"Economia";"Balança Comercial";"Saldo da Balança Comercial";"Araguaia";"Conceição do Araguaia";"-";"2023";-3985734
"Economia";"Balança Comercial";"Saldo da Balança Comercial";"Araguaia";"Conceição do Araguaia";"-";"2024";8775802
"Economia";"Balança Comercial";"Saldo da Balança Comercial";"Rio Capim";"Concórdia do Pará";"-";"2009";0
"Economia";"Balança Comercial";"Saldo da Balança Comercial";"Rio Capim";"Concórdia do Pará";"-";"2010";0
"Economia";"Balança Comercial";"Saldo da Balança Comercial";"Rio Capim";"Concórdia do Pará";"-";"2011";0
"Economia";"Balança Comercial";"Saldo da Balança Comercial";"Rio Capim";"Concórdia do Pará";"-";"2012";0
"Economia";"Balança Comercial";"Saldo da Balança Comercial";"Rio Capim";"Concórdia do Pará";"-";"2013";0
"Economia";"Balança Comercial";"Saldo da Balança Comercial";"Rio Capim";"Concórdia do Pará";"-";"2014";0
"Economia";"Balança Comercial";"Saldo da Balança Comercial";"Rio Capim";"Concórdia do Pará";"-";"2015";0
"Economia";"Balança Comercial";"Saldo da Balança Comercial";"Rio Capim";"Concórdia do Pará";"-";"2016";0
"Economia";"Balança Comercial";"Saldo da Balança Comercial";"Rio Capim";"Concórdia do Pará";"-";"2017";0
"Economia";"Balança Comercial";"Saldo da Balança Comercial";"Rio Capim";"Concórdia do Pará";"-";"2018";0
"Economia";"Balança Comercial";"Saldo da Balança Comercial";"Rio Capim";"Concórdia do Pará";"-";"2019";0
"Economia";"Balança Comercial";"Saldo da Balança Comercial";"Rio Capim";"Concórdia do Pará";"-";"2020";0
"Economia";"Balança Comercial";"Saldo da Balança Comercial";"Rio Capim";"Concórdia do Pará";"-";"2021";1901
"Economia";"Balança Comercial";"Saldo da Balança Comercial";"Rio Capim";"Concórdia do Pará";"-";"2022";0
"Economia";"Balança Comercial";"Saldo da Balança Comercial";"Rio Capim";"Concórdia do Pará";"-";"2023";0
"Economia";"Balança Comercial";"Saldo da Balança Comercial";"Rio Capim";"Concórdia do Pará";"-";"2024";0
"Economia";"Balança Comercial";"Saldo da Balança Comercial";"Araguaia";"Cumaru do Norte";"-";"2009";0
"Economia";"Balança Comercial";"Saldo da Balança Comercial";"Araguaia";"Cumaru do Norte";"-";"2010";0
"Economia";"Balança Comercial";"Saldo da Balança Comercial";"Araguaia";"Cumaru do Norte";"-";"2011";0
"Economia";"Balança Comercial";"Saldo da Balança Comercial";"Araguaia";"Cumaru do Norte";"-";"2012";0
"Economia";"Balança Comercial";"Saldo da Balança Comercial";"Araguaia";"Cumaru do Norte";"-";"2013";0
"Economia";"Balança Comercial";"Saldo da Balança Comercial";"Araguaia";"Cumaru do Norte";"-";"2014";0
"Economia";"Balança Comercial";"Saldo da Balança Comercial";"Araguaia";"Cumaru do Norte";"-";"2015";0
"Economia";"Balança Comercial";"Saldo da Balança Comercial";"Araguaia";"Cumaru do Norte";"-";"2016";0
"Economia";"Balança Comercial";"Saldo da Balança Comercial";"Araguaia";"Cumaru do Norte";"-";"2017";11302
"Economia";"Balança Comercial";"Saldo da Balança Comercial";"Araguaia";"Cumaru do Norte";"-";"2018";3484993
"Economia";"Balança Comercial";"Saldo da Balança Comercial";"Araguaia";"Cumaru do Norte";"-";"2019";0
"Economia";"Balança Comercial";"Saldo da Balança Comercial";"Araguaia";"Cumaru do Norte";"-";"2020";0
"Economia";"Balança Comercial";"Saldo da Balança Comercial";"Araguaia";"Cumaru do Norte";"-";"2021";0
"Economia";"Balança Comercial";"Saldo da Balança Comercial";"Araguaia";"Cumaru do Norte";"-";"2022";0
"Economia";"Balança Comercial";"Saldo da Balança Comercial";"Araguaia";"Cumaru do Norte";"-";"2023";45063
"Economia";"Balança Comercial";"Saldo da Balança Comercial";"Araguaia";"Cumaru do Norte";"-";"2024";0
"Economia";"Balança Comercial";"Saldo da Balança Comercial";"Carajás";"Curionópolis";"-";"2009";86800
"Economia";"Balança Comercial";"Saldo da Balança Comercial";"Carajás";"Curionópolis";"-";"2010";0
"Economia";"Balança Comercial";"Saldo da Balança Comercial";"Carajás";"Curionópolis";"-";"2011";-8811813
"Economia";"Balança Comercial";"Saldo da Balança Comercial";"Carajás";"Curionópolis";"-";"2012";-14358820
"Economia";"Balança Comercial";"Saldo da Balança Comercial";"Carajás";"Curionópolis";"-";"2013";-10964787
"Economia";"Balança Comercial";"Saldo da Balança Comercial";"Carajás";"Curionópolis";"-";"2014";671813
"Economia";"Balança Comercial";"Saldo da Balança Comercial";"Carajás";"Curionópolis";"-";"2015";53212054
"Economia";"Balança Comercial";"Saldo da Balança Comercial";"Carajás";"Curionópolis";"-";"2016";192585480
"Economia";"Balança Comercial";"Saldo da Balança Comercial";"Carajás";"Curionópolis";"-";"2017";277918126
"Economia";"Balança Comercial";"Saldo da Balança Comercial";"Carajás";"Curionópolis";"-";"2018";268527949
"Economia";"Balança Comercial";"Saldo da Balança Comercial";"Carajás";"Curionópolis";"-";"2019";202214222
"Economia";"Balança Comercial";"Saldo da Balança Comercial";"Carajás";"Curionópolis";"-";"2020";50643031
"Economia";"Balança Comercial";"Saldo da Balança Comercial";"Carajás";"Curionópolis";"-";"2021";478696257
"Economia";"Balança Comercial";"Saldo da Balança Comercial";"Carajás";"Curionópolis";"-";"2022";408392251
"Economia";"Balança Comercial";"Saldo da Balança Comercial";"Carajás";"Curionópolis";"-";"2023";401176345
"Economia";"Balança Comercial";"Saldo da Balança Comercial";"Carajás";"Curionópolis";"-";"2024";478212451
"Economia";"Balança Comercial";"Saldo da Balança Comercial";"Marajó";"Curralinho";"-";"2009";0
"Economia";"Balança Comercial";"Saldo da Balança Comercial";"Marajó";"Curralinho";"-";"2010";0
"Economia";"Balança Comercial";"Saldo da Balança Comercial";"Marajó";"Curralinho";"-";"2011";0
"Economia";"Balança Comercial";"Saldo da Balança Comercial";"Marajó";"Curralinho";"-";"2012";0
"Economia";"Balança Comercial";"Saldo da Balança Comercial";"Marajó";"Curralinho";"-";"2013";0
"Economia";"Balança Comercial";"Saldo da Balança Comercial";"Marajó";"Curralinho";"-";"2014";0
"Economia";"Balança Comercial";"Saldo da Balança Comercial";"Marajó";"Curralinho";"-";"2015";0
"Economia";"Balança Comercial";"Saldo da Balança Comercial";"Marajó";"Curralinho";"-";"2016";0
"Economia";"Balança Comercial";"Saldo da Balança Comercial";"Marajó";"Curralinho";"-";"2017";0
"Economia";"Balança Comercial";"Saldo da Balança Comercial";"Marajó";"Curralinho";"-";"2018";0
"Economia";"Balança Comercial";"Saldo da Balança Comercial";"Marajó";"Curralinho";"-";"2019";0
"Economia";"Balança Comercial";"Saldo da Balança Comercial";"Marajó";"Curralinho";"-";"2020";0
"Economia";"Balança Comercial";"Saldo da Balança Comercial";"Marajó";"Curralinho";"-";"2021";0
"Economia";"Balança Comercial";"Saldo da Balança Comercial";"Marajó";"Curralinho";"-";"2022";112870
"Economia";"Balança Comercial";"Saldo da Balança Comercial";"Marajó";"Curralinho";"-";"2023";0
"Economia";"Balança Comercial";"Saldo da Balança Comercial";"Marajó";"Curralinho";"-";"2024";0
"Economia";"Balança Comercial";"Saldo da Balança Comercial";"Baixo Amazonas";"Curuá";"-";"2009";0
"Economia";"Balança Comercial";"Saldo da Balança Comercial";"Baixo Amazonas";"Curuá";"-";"2010";0
"Economia";"Balança Comercial";"Saldo da Balança Comercial";"Baixo Amazonas";"Curuá";"-";"2011";0
"Economia";"Balança Comercial";"Saldo da Balança Comercial";"Baixo Amazonas";"Curuá";"-";"2012";0
"Economia";"Balança Comercial";"Saldo da Balança Comercial";"Baixo Amazonas";"Curuá";"-";"2013";0
"Economia";"Balança Comercial";"Saldo da Balança Comercial";"Baixo Amazonas";"Curuá";"-";"2014";0
"Economia";"Balança Comercial";"Saldo da Balança Comercial";"Baixo Amazonas";"Curuá";"-";"2015";0
"Economia";"Balança Comercial";"Saldo da Balança Comercial";"Baixo Amazonas";"Curuá";"-";"2016";0
"Economia";"Balança Comercial";"Saldo da Balança Comercial";"Baixo Amazonas";"Curuá";"-";"2017";0
"Economia";"Balança Comercial";"Saldo da Balança Comercial";"Baixo Amazonas";"Curuá";"-";"2018";0
"Economia";"Balança Comercial";"Saldo da Balança Comercial";"Baixo Amazonas";"Curuá";"-";"2019";0
"Economia";"Balança Comercial";"Saldo da Balança Comercial";"Baixo Amazonas";"Curuá";"-";"2020";0
"Economia";"Balança Comercial";"Saldo da Balança Comercial";"Baixo Amazonas";"Curuá";"-";"2021";0
"Economia";"Balança Comercial";"Saldo da Balança Comercial";"Baixo Amazonas";"Curuá";"-";"2022";0
"Economia";"Balança Comercial";"Saldo da Balança Comercial";"Baixo Amazonas";"Curuá";"-";"2023";0
"Economia";"Balança Comercial";"Saldo da Balança Comercial";"Baixo Amazonas";"Curuá";"-";"2024";0
"Economia";"Balança Comercial";"Saldo da Balança Comercial";"Guamá";"Curuçá";"-";"2009";0
"Economia";"Balança Comercial";"Saldo da Balança Comercial";"Guamá";"Curuçá";"-";"2010";0
"Economia";"Balança Comercial";"Saldo da Balança Comercial";"Guamá";"Curuçá";"-";"2011";0
"Economia";"Balança Comercial";"Saldo da Balança Comercial";"Guamá";"Curuçá";"-";"2012";0
"Economia";"Balança Comercial";"Saldo da Balança Comercial";"Guamá";"Curuçá";"-";"2013";0
"Economia";"Balança Comercial";"Saldo da Balança Comercial";"Guamá";"Curuçá";"-";"2014";0
"Economia";"Balança Comercial";"Saldo da Balança Comercial";"Guamá";"Curuçá";"-";"2015";112639
"Economia";"Balança Comercial";"Saldo da Balança Comercial";"Guamá";"Curuçá";"-";"2016";122449
"Economia";"Balança Comercial";"Saldo da Balança Comercial";"Guamá";"Curuçá";"-";"2017";157009
"Economia";"Balança Comercial";"Saldo da Balança Comercial";"Guamá";"Curuçá";"-";"2018";1396821
"Economia";"Balança Comercial";"Saldo da Balança Comercial";"Guamá";"Curuçá";"-";"2019";729905
"Economia";"Balança Comercial";"Saldo da Balança Comercial";"Guamá";"Curuçá";"-";"2020";643452
"Economia";"Balança Comercial";"Saldo da Balança Comercial";"Guamá";"Curuçá";"-";"2021";2293436
"Economia";"Balança Comercial";"Saldo da Balança Comercial";"Guamá";"Curuçá";"-";"2022";3919495
"Economia";"Balança Comercial";"Saldo da Balança Comercial";"Guamá";"Curuçá";"-";"2023";1927491
"Economia";"Balança Comercial";"Saldo da Balança Comercial";"Guamá";"Curuçá";"-";"2024";0
"Economia";"Balança Comercial";"Saldo da Balança Comercial";"Rio Capim";"Dom Eliseu";"-";"2009";8884185
"Economia";"Balança Comercial";"Saldo da Balança Comercial";"Rio Capim";"Dom Eliseu";"-";"2010";12242720
"Economia";"Balança Comercial";"Saldo da Balança Comercial";"Rio Capim";"Dom Eliseu";"-";"2011";26671598
"Economia";"Balança Comercial";"Saldo da Balança Comercial";"Rio Capim";"Dom Eliseu";"-";"2012";39691567
"Economia";"Balança Comercial";"Saldo da Balança Comercial";"Rio Capim";"Dom Eliseu";"-";"2013";953517
"Economia";"Balança Comercial";"Saldo da Balança Comercial";"Rio Capim";"Dom Eliseu";"-";"2014";1107603
"Economia";"Balança Comercial";"Saldo da Balança Comercial";"Rio Capim";"Dom Eliseu";"-";"2015";2377898
"Economia";"Balança Comercial";"Saldo da Balança Comercial";"Rio Capim";"Dom Eliseu";"-";"2016";9549307
"Economia";"Balança Comercial";"Saldo da Balança Comercial";"Rio Capim";"Dom Eliseu";"-";"2017";24349479
"Economia";"Balança Comercial";"Saldo da Balança Comercial";"Rio Capim";"Dom Eliseu";"-";"2018";9430565
"Economia";"Balança Comercial";"Saldo da Balança Comercial";"Rio Capim";"Dom Eliseu";"-";"2019";9933414
"Economia";"Balança Comercial";"Saldo da Balança Comercial";"Rio Capim";"Dom Eliseu";"-";"2020";8034457
"Economia";"Balança Comercial";"Saldo da Balança Comercial";"Rio Capim";"Dom Eliseu";"-";"2021";10401395
"Economia";"Balança Comercial";"Saldo da Balança Comercial";"Rio Capim";"Dom Eliseu";"-";"2022";1721694
"Economia";"Balança Comercial";"Saldo da Balança Comercial";"Rio Capim";"Dom Eliseu";"-";"2023";2433608
"Economia";"Balança Comercial";"Saldo da Balança Comercial";"Rio Capim";"Dom Eliseu";"-";"2024";9418972
"Economia";"Balança Comercial";"Saldo da Balança Comercial";"Carajás";"Eldorado do Carajás";"-";"2009";0
"Economia";"Balança Comercial";"Saldo da Balança Comercial";"Carajás";"Eldorado do Carajás";"-";"2010";0
"Economia";"Balança Comercial";"Saldo da Balança Comercial";"Carajás";"Eldorado do Carajás";"-";"2011";0
"Economia";"Balança Comercial";"Saldo da Balança Comercial";"Carajás";"Eldorado do Carajás";"-";"2012";507939
"Economia";"Balança Comercial";"Saldo da Balança Comercial";"Carajás";"Eldorado do Carajás";"-";"2013";0
"Economia";"Balança Comercial";"Saldo da Balança Comercial";"Carajás";"Eldorado do Carajás";"-";"2014";0
"Economia";"Balança Comercial";"Saldo da Balança Comercial";"Carajás";"Eldorado do Carajás";"-";"2015";0
"Economia";"Balança Comercial";"Saldo da Balança Comercial";"Carajás";"Eldorado do Carajás";"-";"2016";0
"Economia";"Balança Comercial";"Saldo da Balança Comercial";"Carajás";"Eldorado do Carajás";"-";"2017";0
"Economia";"Balança Comercial";"Saldo da Balança Comercial";"Carajás";"Eldorado do Carajás";"-";"2018";658000
"Economia";"Balança Comercial";"Saldo da Balança Comercial";"Carajás";"Eldorado do Carajás";"-";"2019";0
"Economia";"Balança Comercial";"Saldo da Balança Comercial";"Carajás";"Eldorado do Carajás";"-";"2020";49703
"Economia";"Balança Comercial";"Saldo da Balança Comercial";"Carajás";"Eldorado do Carajás";"-";"2021";0
"Economia";"Balança Comercial";"Saldo da Balança Comercial";"Carajás";"Eldorado do Carajás";"-";"2022";-1381
"Economia";"Balança Comercial";"Saldo da Balança Comercial";"Carajás";"Eldorado do Carajás";"-";"2023";196420
"Economia";"Balança Comercial";"Saldo da Balança Comercial";"Carajás";"Eldorado do Carajás";"-";"2024";0
"Economia";"Balança Comercial";"Saldo da Balança Comercial";"Baixo Amazonas";"Faro";"-";"2009";0
"Economia";"Balança Comercial";"Saldo da Balança Comercial";"Baixo Amazonas";"Faro";"-";"2010";0
"Economia";"Balança Comercial";"Saldo da Balança Comercial";"Baixo Amazonas";"Faro";"-";"2011";0
"Economia";"Balança Comercial";"Saldo da Balança Comercial";"Baixo Amazonas";"Faro";"-";"2012";0
"Economia";"Balança Comercial";"Saldo da Balança Comercial";"Baixo Amazonas";"Faro";"-";"2013";0
"Economia";"Balança Comercial";"Saldo da Balança Comercial";"Baixo Amazonas";"Faro";"-";"2014";0
"Economia";"Balança Comercial";"Saldo da Balança Comercial";"Baixo Amazonas";"Faro";"-";"2015";0
"Economia";"Balança Comercial";"Saldo da Balança Comercial";"Baixo Amazonas";"Faro";"-";"2016";0
"Economia";"Balança Comercial";"Saldo da Balança Comercial";"Baixo Amazonas";"Faro";"-";"2017";0
"Economia";"Balança Comercial";"Saldo da Balança Comercial";"Baixo Amazonas";"Faro";"-";"2018";0
"Economia";"Balança Comercial";"Saldo da Balança Comercial";"Baixo Amazonas";"Faro";"-";"2019";0
"Economia";"Balança Comercial";"Saldo da Balança Comercial";"Baixo Amazonas";"Faro";"-";"2020";0
"Economia";"Balança Comercial";"Saldo da Balança Comercial";"Baixo Amazonas";"Faro";"-";"2021";0
"Economia";"Balança Comercial";"Saldo da Balança Comercial";"Baixo Amazonas";"Faro";"-";"2022";0
"Economia";"Balança Comercial";"Saldo da Balança Comercial";"Baixo Amazonas";"Faro";"-";"2023";0
"Economia";"Balança Comercial";"Saldo da Balança Comercial";"Baixo Amazonas";"Faro";"-";"2024";0
"Economia";"Balança Comercial";"Saldo da Balança Comercial";"Araguaia";"Floresta do Araguaia";"-";"2009";27622160
"Economia";"Balança Comercial";"Saldo da Balança Comercial";"Araguaia";"Floresta do Araguaia";"-";"2010";50834600
"Economia";"Balança Comercial";"Saldo da Balança Comercial";"Araguaia";"Floresta do Araguaia";"-";"2011";85419009
"Economia";"Balança Comercial";"Saldo da Balança Comercial";"Araguaia";"Floresta do Araguaia";"-";"2012";73898070
"Economia";"Balança Comercial";"Saldo da Balança Comercial";"Araguaia";"Floresta do Araguaia";"-";"2013";43462757
"Economia";"Balança Comercial";"Saldo da Balança Comercial";"Araguaia";"Floresta do Araguaia";"-";"2014";37844638
"Economia";"Balança Comercial";"Saldo da Balança Comercial";"Araguaia";"Floresta do Araguaia";"-";"2015";22981448
"Economia";"Balança Comercial";"Saldo da Balança Comercial";"Araguaia";"Floresta do Araguaia";"-";"2016";11362035
"Economia";"Balança Comercial";"Saldo da Balança Comercial";"Araguaia";"Floresta do Araguaia";"-";"2017";2941062
"Economia";"Balança Comercial";"Saldo da Balança Comercial";"Araguaia";"Floresta do Araguaia";"-";"2018";2128538
"Economia";"Balança Comercial";"Saldo da Balança Comercial";"Araguaia";"Floresta do Araguaia";"-";"2019";1521722
"Economia";"Balança Comercial";"Saldo da Balança Comercial";"Araguaia";"Floresta do Araguaia";"-";"2020";2415782
"Economia";"Balança Comercial";"Saldo da Balança Comercial";"Araguaia";"Floresta do Araguaia";"-";"2021";3075988
"Economia";"Balança Comercial";"Saldo da Balança Comercial";"Araguaia";"Floresta do Araguaia";"-";"2022";3815340
"Economia";"Balança Comercial";"Saldo da Balança Comercial";"Araguaia";"Floresta do Araguaia";"-";"2023";605136
"Economia";"Balança Comercial";"Saldo da Balança Comercial";"Araguaia";"Floresta do Araguaia";"-";"2024";59806
"Economia";"Balança Comercial";"Saldo da Balança Comercial";"Rio Capim";"Garrafão do Norte";"-";"2009";0
"Economia";"Balança Comercial";"Saldo da Balança Comercial";"Rio Capim";"Garrafão do Norte";"-";"2010";0
"Economia";"Balança Comercial";"Saldo da Balança Comercial";"Rio Capim";"Garrafão do Norte";"-";"2011";0
"Economia";"Balança Comercial";"Saldo da Balança Comercial";"Rio Capim";"Garrafão do Norte";"-";"2012";0
"Economia";"Balança Comercial";"Saldo da Balança Comercial";"Rio Capim";"Garrafão do Norte";"-";"2013";0
"Economia";"Balança Comercial";"Saldo da Balança Comercial";"Rio Capim";"Garrafão do Norte";"-";"2014";0
"Economia";"Balança Comercial";"Saldo da Balança Comercial";"Rio Capim";"Garrafão do Norte";"-";"2015";0
"Economia";"Balança Comercial";"Saldo da Balança Comercial";"Rio Capim";"Garrafão do Norte";"-";"2016";0
"Economia";"Balança Comercial";"Saldo da Balança Comercial";"Rio Capim";"Garrafão do Norte";"-";"2017";0
"Economia";"Balança Comercial";"Saldo da Balança Comercial";"Rio Capim";"Garrafão do Norte";"-";"2018";0
"Economia";"Balança Comercial";"Saldo da Balança Comercial";"Rio Capim";"Garrafão do Norte";"-";"2019";0
"Economia";"Balança Comercial";"Saldo da Balança Comercial";"Rio Capim";"Garrafão do Norte";"-";"2020";0
"Economia";"Balança Comercial";"Saldo da Balança Comercial";"Rio Capim";"Garrafão do Norte";"-";"2021";0
"Economia";"Balança Comercial";"Saldo da Balança Comercial";"Rio Capim";"Garrafão do Norte";"-";"2022";0
"Economia";"Balança Comercial";"Saldo da Balança Comercial";"Rio Capim";"Garrafão do Norte";"-";"2023";-48715
"Economia";"Balança Comercial";"Saldo da Balança Comercial";"Rio Capim";"Garrafão do Norte";"-";"2024";0
"Economia";"Balança Comercial";"Saldo da Balança Comercial";"Lago de Tucuruí";"Goianésia do Pará";"-";"2009";0
"Economia";"Balança Comercial";"Saldo da Balança Comercial";"Lago de Tucuruí";"Goianésia do Pará";"-";"2010";0
"Economia";"Balança Comercial";"Saldo da Balança Comercial";"Lago de Tucuruí";"Goianésia do Pará";"-";"2011";0
"Economia";"Balança Comercial";"Saldo da Balança Comercial";"Lago de Tucuruí";"Goianésia do Pará";"-";"2012";0
"Economia";"Balança Comercial";"Saldo da Balança Comercial";"Lago de Tucuruí";"Goianésia do Pará";"-";"2013";0
"Economia";"Balança Comercial";"Saldo da Balança Comercial";"Lago de Tucuruí";"Goianésia do Pará";"-";"2014";0
"Economia";"Balança Comercial";"Saldo da Balança Comercial";"Lago de Tucuruí";"Goianésia do Pará";"-";"2015";0
"Economia";"Balança Comercial";"Saldo da Balança Comercial";"Lago de Tucuruí";"Goianésia do Pará";"-";"2016";0
"Economia";"Balança Comercial";"Saldo da Balança Comercial";"Lago de Tucuruí";"Goianésia do Pará";"-";"2017";0
"Economia";"Balança Comercial";"Saldo da Balança Comercial";"Lago de Tucuruí";"Goianésia do Pará";"-";"2018";0
"Economia";"Balança Comercial";"Saldo da Balança Comercial";"Lago de Tucuruí";"Goianésia do Pará";"-";"2019";0
"Economia";"Balança Comercial";"Saldo da Balança Comercial";"Lago de Tucuruí";"Goianésia do Pará";"-";"2020";0
"Economia";"Balança Comercial";"Saldo da Balança Comercial";"Lago de Tucuruí";"Goianésia do Pará";"-";"2021";0
"Economia";"Balança Comercial";"Saldo da Balança Comercial";"Lago de Tucuruí";"Goianésia do Pará";"-";"2022";0
"Economia";"Balança Comercial";"Saldo da Balança Comercial";"Lago de Tucuruí";"Goianésia do Pará";"-";"2023";0
"Economia";"Balança Comercial";"Saldo da Balança Comercial";"Lago de Tucuruí";"Goianésia do Pará";"-";"2024";0
"Economia";"Balança Comercial";"Saldo da Balança Comercial";"Marajó";"Gurupá";"-";"2009";0
"Economia";"Balança Comercial";"Saldo da Balança Comercial";"Marajó";"Gurupá";"-";"2010";0
"Economia";"Balança Comercial";"Saldo da Balança Comercial";"Marajó";"Gurupá";"-";"2011";0
"Economia";"Balança Comercial";"Saldo da Balança Comercial";"Marajó";"Gurupá";"-";"2012";0
"Economia";"Balança Comercial";"Saldo da Balança Comercial";"Marajó";"Gurupá";"-";"2013";0
"Economia";"Balança Comercial";"Saldo da Balança Comercial";"Marajó";"Gurupá";"-";"2014";0
"Economia";"Balança Comercial";"Saldo da Balança Comercial";"Marajó";"Gurupá";"-";"2015";0
"Economia";"Balança Comercial";"Saldo da Balança Comercial";"Marajó";"Gurupá";"-";"2016";0
"Economia";"Balança Comercial";"Saldo da Balança Comercial";"Marajó";"Gurupá";"-";"2017";0
"Economia";"Balança Comercial";"Saldo da Balança Comercial";"Marajó";"Gurupá";"-";"2018";0
"Economia";"Balança Comercial";"Saldo da Balança Comercial";"Marajó";"Gurupá";"-";"2019";0
"Economia";"Balança Comercial";"Saldo da Balança Comercial";"Marajó";"Gurupá";"-";"2020";0
"Economia";"Balança Comercial";"Saldo da Balança Comercial";"Marajó";"Gurupá";"-";"2021";0
"Economia";"Balança Comercial";"Saldo da Balança Comercial";"Marajó";"Gurupá";"-";"2022";0
"Economia";"Balança Comercial";"Saldo da Balança Comercial";"Marajó";"Gurupá";"-";"2023";0
"Economia";"Balança Comercial";"Saldo da Balança Comercial";"Marajó";"Gurupá";"-";"2024";0
"Economia";"Balança Comercial";"Saldo da Balança Comercial";"Guamá";"Igarapé-Açu";"-";"2009";0
"Economia";"Balança Comercial";"Saldo da Balança Comercial";"Guamá";"Igarapé-Açu";"-";"2010";-48085
"Economia";"Balança Comercial";"Saldo da Balança Comercial";"Guamá";"Igarapé-Açu";"-";"2011";0
"Economia";"Balança Comercial";"Saldo da Balança Comercial";"Guamá";"Igarapé-Açu";"-";"2012";0
"Economia";"Balança Comercial";"Saldo da Balança Comercial";"Guamá";"Igarapé-Açu";"-";"2013";0
"Economia";"Balança Comercial";"Saldo da Balança Comercial";"Guamá";"Igarapé-Açu";"-";"2014";0
"Economia";"Balança Comercial";"Saldo da Balança Comercial";"Guamá";"Igarapé-Açu";"-";"2015";0
"Economia";"Balança Comercial";"Saldo da Balança Comercial";"Guamá";"Igarapé-Açu";"-";"2016";0
"Economia";"Balança Comercial";"Saldo da Balança Comercial";"Guamá";"Igarapé-Açu";"-";"2017";0
"Economia";"Balança Comercial";"Saldo da Balança Comercial";"Guamá";"Igarapé-Açu";"-";"2018";0
"Economia";"Balança Comercial";"Saldo da Balança Comercial";"Guamá";"Igarapé-Açu";"-";"2019";0
"Economia";"Balança Comercial";"Saldo da Balança Comercial";"Guamá";"Igarapé-Açu";"-";"2020";0
"Economia";"Balança Comercial";"Saldo da Balança Comercial";"Guamá";"Igarapé-Açu";"-";"2021";0
"Economia";"Balança Comercial";"Saldo da Balança Comercial";"Guamá";"Igarapé-Açu";"-";"2022";-2124450
"Economia";"Balança Comercial";"Saldo da Balança Comercial";"Guamá";"Igarapé-Açu";"-";"2023";0
"Economia";"Balança Comercial";"Saldo da Balança Comercial";"Guamá";"Igarapé-Açu";"-";"2024";0
"Economia";"Balança Comercial";"Saldo da Balança Comercial";"Tocantins";"Igarapé-Miri";"-";"2009";0
"Economia";"Balança Comercial";"Saldo da Balança Comercial";"Tocantins";"Igarapé-Miri";"-";"2010";0
"Economia";"Balança Comercial";"Saldo da Balança Comercial";"Tocantins";"Igarapé-Miri";"-";"2011";0
"Economia";"Balança Comercial";"Saldo da Balança Comercial";"Tocantins";"Igarapé-Miri";"-";"2012";0
"Economia";"Balança Comercial";"Saldo da Balança Comercial";"Tocantins";"Igarapé-Miri";"-";"2013";0
"Economia";"Balança Comercial";"Saldo da Balança Comercial";"Tocantins";"Igarapé-Miri";"-";"2014";25204
"Economia";"Balança Comercial";"Saldo da Balança Comercial";"Tocantins";"Igarapé-Miri";"-";"2015";0
"Economia";"Balança Comercial";"Saldo da Balança Comercial";"Tocantins";"Igarapé-Miri";"-";"2016";27382
"Economia";"Balança Comercial";"Saldo da Balança Comercial";"Tocantins";"Igarapé-Miri";"-";"2017";91629
"Economia";"Balança Comercial";"Saldo da Balança Comercial";"Tocantins";"Igarapé-Miri";"-";"2018";39297
"Economia";"Balança Comercial";"Saldo da Balança Comercial";"Tocantins";"Igarapé-Miri";"-";"2019";47185
"Economia";"Balança Comercial";"Saldo da Balança Comercial";"Tocantins";"Igarapé-Miri";"-";"2020";170634
"Economia";"Balança Comercial";"Saldo da Balança Comercial";"Tocantins";"Igarapé-Miri";"-";"2021";82532
"Economia";"Balança Comercial";"Saldo da Balança Comercial";"Tocantins";"Igarapé-Miri";"-";"2022";496691
"Economia";"Balança Comercial";"Saldo da Balança Comercial";"Tocantins";"Igarapé-Miri";"-";"2023";5921105
"Economia";"Balança Comercial";"Saldo da Balança Comercial";"Tocantins";"Igarapé-Miri";"-";"2024";5886138
"Economia";"Balança Comercial";"Saldo da Balança Comercial";"Guamá";"Inhangapi";"-";"2009";0
"Economia";"Balança Comercial";"Saldo da Balança Comercial";"Guamá";"Inhangapi";"-";"2010";0
"Economia";"Balança Comercial";"Saldo da Balança Comercial";"Guamá";"Inhangapi";"-";"2011";0
"Economia";"Balança Comercial";"Saldo da Balança Comercial";"Guamá";"Inhangapi";"-";"2012";0
"Economia";"Balança Comercial";"Saldo da Balança Comercial";"Guamá";"Inhangapi";"-";"2013";0
"Economia";"Balança Comercial";"Saldo da Balança Comercial";"Guamá";"Inhangapi";"-";"2014";0
"Economia";"Balança Comercial";"Saldo da Balança Comercial";"Guamá";"Inhangapi";"-";"2015";76027
"Economia";"Balança Comercial";"Saldo da Balança Comercial";"Guamá";"Inhangapi";"-";"2016";850986
"Economia";"Balança Comercial";"Saldo da Balança Comercial";"Guamá";"Inhangapi";"-";"2017";3153750
"Economia";"Balança Comercial";"Saldo da Balança Comercial";"Guamá";"Inhangapi";"-";"2018";2996964
"Economia";"Balança Comercial";"Saldo da Balança Comercial";"Guamá";"Inhangapi";"-";"2019";3756550
"Economia";"Balança Comercial";"Saldo da Balança Comercial";"Guamá";"Inhangapi";"-";"2020";3482173
"Economia";"Balança Comercial";"Saldo da Balança Comercial";"Guamá";"Inhangapi";"-";"2021";3885493
"Economia";"Balança Comercial";"Saldo da Balança Comercial";"Guamá";"Inhangapi";"-";"2022";4238088
"Economia";"Balança Comercial";"Saldo da Balança Comercial";"Guamá";"Inhangapi";"-";"2023";3915222
"Economia";"Balança Comercial";"Saldo da Balança Comercial";"Guamá";"Inhangapi";"-";"2024";3511384
"Economia";"Balança Comercial";"Saldo da Balança Comercial";"Rio Capim";"Ipixuna do Pará";"-";"2009";-2160179
"Economia";"Balança Comercial";"Saldo da Balança Comercial";"Rio Capim";"Ipixuna do Pará";"-";"2010";-2154339
"Economia";"Balança Comercial";"Saldo da Balança Comercial";"Rio Capim";"Ipixuna do Pará";"-";"2011";-1806555
"Economia";"Balança Comercial";"Saldo da Balança Comercial";"Rio Capim";"Ipixuna do Pará";"-";"2012";-1019615
"Economia";"Balança Comercial";"Saldo da Balança Comercial";"Rio Capim";"Ipixuna do Pará";"-";"2013";-502082
"Economia";"Balança Comercial";"Saldo da Balança Comercial";"Rio Capim";"Ipixuna do Pará";"-";"2014";-869364
"Economia";"Balança Comercial";"Saldo da Balança Comercial";"Rio Capim";"Ipixuna do Pará";"-";"2015";-213379
"Economia";"Balança Comercial";"Saldo da Balança Comercial";"Rio Capim";"Ipixuna do Pará";"-";"2016";-571812
"Economia";"Balança Comercial";"Saldo da Balança Comercial";"Rio Capim";"Ipixuna do Pará";"-";"2017";-269515
"Economia";"Balança Comercial";"Saldo da Balança Comercial";"Rio Capim";"Ipixuna do Pará";"-";"2018";-1244527
"Economia";"Balança Comercial";"Saldo da Balança Comercial";"Rio Capim";"Ipixuna do Pará";"-";"2019";-1296540
"Economia";"Balança Comercial";"Saldo da Balança Comercial";"Rio Capim";"Ipixuna do Pará";"-";"2020";-1086185
"Economia";"Balança Comercial";"Saldo da Balança Comercial";"Rio Capim";"Ipixuna do Pará";"-";"2021";-721143
"Economia";"Balança Comercial";"Saldo da Balança Comercial";"Rio Capim";"Ipixuna do Pará";"-";"2022";-423061
"Economia";"Balança Comercial";"Saldo da Balança Comercial";"Rio Capim";"Ipixuna do Pará";"-";"2023";0
"Economia";"Balança Comercial";"Saldo da Balança Comercial";"Rio Capim";"Ipixuna do Pará";"-";"2024";0
"Economia";"Balança Comercial";"Saldo da Balança Comercial";"Rio Capim";"Irituia";"-";"2009";0
"Economia";"Balança Comercial";"Saldo da Balança Comercial";"Rio Capim";"Irituia";"-";"2010";0
"Economia";"Balança Comercial";"Saldo da Balança Comercial";"Rio Capim";"Irituia";"-";"2011";0
"Economia";"Balança Comercial";"Saldo da Balança Comercial";"Rio Capim";"Irituia";"-";"2012";0
"Economia";"Balança Comercial";"Saldo da Balança Comercial";"Rio Capim";"Irituia";"-";"2013";0
"Economia";"Balança Comercial";"Saldo da Balança Comercial";"Rio Capim";"Irituia";"-";"2014";0
"Economia";"Balança Comercial";"Saldo da Balança Comercial";"Rio Capim";"Irituia";"-";"2015";0
"Economia";"Balança Comercial";"Saldo da Balança Comercial";"Rio Capim";"Irituia";"-";"2016";0
"Economia";"Balança Comercial";"Saldo da Balança Comercial";"Rio Capim";"Irituia";"-";"2017";0
"Economia";"Balança Comercial";"Saldo da Balança Comercial";"Rio Capim";"Irituia";"-";"2018";0
"Economia";"Balança Comercial";"Saldo da Balança Comercial";"Rio Capim";"Irituia";"-";"2019";0
"Economia";"Balança Comercial";"Saldo da Balança Comercial";"Rio Capim";"Irituia";"-";"2020";0
"Economia";"Balança Comercial";"Saldo da Balança Comercial";"Rio Capim";"Irituia";"-";"2021";0
"Economia";"Balança Comercial";"Saldo da Balança Comercial";"Rio Capim";"Irituia";"-";"2022";0
"Economia";"Balança Comercial";"Saldo da Balança Comercial";"Rio Capim";"Irituia";"-";"2023";0
"Economia";"Balança Comercial";"Saldo da Balança Comercial";"Rio Capim";"Irituia";"-";"2024";0
"Economia";"Balança Comercial";"Saldo da Balança Comercial";"Tapajós";"Itaituba";"-";"2009";5494742
"Economia";"Balança Comercial";"Saldo da Balança Comercial";"Tapajós";"Itaituba";"-";"2010";16424593
"Economia";"Balança Comercial";"Saldo da Balança Comercial";"Tapajós";"Itaituba";"-";"2011";29931510
"Economia";"Balança Comercial";"Saldo da Balança Comercial";"Tapajós";"Itaituba";"-";"2012";10547792
"Economia";"Balança Comercial";"Saldo da Balança Comercial";"Tapajós";"Itaituba";"-";"2013";13470298
"Economia";"Balança Comercial";"Saldo da Balança Comercial";"Tapajós";"Itaituba";"-";"2014";44465882
"Economia";"Balança Comercial";"Saldo da Balança Comercial";"Tapajós";"Itaituba";"-";"2015";46163447
"Economia";"Balança Comercial";"Saldo da Balança Comercial";"Tapajós";"Itaituba";"-";"2016";26880670
"Economia";"Balança Comercial";"Saldo da Balança Comercial";"Tapajós";"Itaituba";"-";"2017";25079474
"Economia";"Balança Comercial";"Saldo da Balança Comercial";"Tapajós";"Itaituba";"-";"2018";13474353
"Economia";"Balança Comercial";"Saldo da Balança Comercial";"Tapajós";"Itaituba";"-";"2019";42861826
"Economia";"Balança Comercial";"Saldo da Balança Comercial";"Tapajós";"Itaituba";"-";"2020";239235022
"Economia";"Balança Comercial";"Saldo da Balança Comercial";"Tapajós";"Itaituba";"-";"2021";138797056
"Economia";"Balança Comercial";"Saldo da Balança Comercial";"Tapajós";"Itaituba";"-";"2022";126968774
"Economia";"Balança Comercial";"Saldo da Balança Comercial";"Tapajós";"Itaituba";"-";"2023";153454609
"Economia";"Balança Comercial";"Saldo da Balança Comercial";"Tapajós";"Itaituba";"-";"2024";200354671
"Economia";"Balança Comercial";"Saldo da Balança Comercial";"Lago de Tucuruí";"Itupiranga";"-";"2009";120934
"Economia";"Balança Comercial";"Saldo da Balança Comercial";"Lago de Tucuruí";"Itupiranga";"-";"2010";9764
"Economia";"Balança Comercial";"Saldo da Balança Comercial";"Lago de Tucuruí";"Itupiranga";"-";"2011";0
"Economia";"Balança Comercial";"Saldo da Balança Comercial";"Lago de Tucuruí";"Itupiranga";"-";"2012";0
"Economia";"Balança Comercial";"Saldo da Balança Comercial";"Lago de Tucuruí";"Itupiranga";"-";"2013";0
"Economia";"Balança Comercial";"Saldo da Balança Comercial";"Lago de Tucuruí";"Itupiranga";"-";"2014";0
"Economia";"Balança Comercial";"Saldo da Balança Comercial";"Lago de Tucuruí";"Itupiranga";"-";"2015";645447
"Economia";"Balança Comercial";"Saldo da Balança Comercial";"Lago de Tucuruí";"Itupiranga";"-";"2016";0
"Economia";"Balança Comercial";"Saldo da Balança Comercial";"Lago de Tucuruí";"Itupiranga";"-";"2017";0
"Economia";"Balança Comercial";"Saldo da Balança Comercial";"Lago de Tucuruí";"Itupiranga";"-";"2018";0
"Economia";"Balança Comercial";"Saldo da Balança Comercial";"Lago de Tucuruí";"Itupiranga";"-";"2019";0
"Economia";"Balança Comercial";"Saldo da Balança Comercial";"Lago de Tucuruí";"Itupiranga";"-";"2020";0
"Economia";"Balança Comercial";"Saldo da Balança Comercial";"Lago de Tucuruí";"Itupiranga";"-";"2021";0
"Economia";"Balança Comercial";"Saldo da Balança Comercial";"Lago de Tucuruí";"Itupiranga";"-";"2022";0
"Economia";"Balança Comercial";"Saldo da Balança Comercial";"Lago de Tucuruí";"Itupiranga";"-";"2023";0
"Economia";"Balança Comercial";"Saldo da Balança Comercial";"Lago de Tucuruí";"Itupiranga";"-";"2024";0
"Economia";"Balança Comercial";"Saldo da Balança Comercial";"Tapajós";"Jacareacanga";"-";"2009";0
"Economia";"Balança Comercial";"Saldo da Balança Comercial";"Tapajós";"Jacareacanga";"-";"2010";0
"Economia";"Balança Comercial";"Saldo da Balança Comercial";"Tapajós";"Jacareacanga";"-";"2011";0
"Economia";"Balança Comercial";"Saldo da Balança Comercial";"Tapajós";"Jacareacanga";"-";"2012";0
"Economia";"Balança Comercial";"Saldo da Balança Comercial";"Tapajós";"Jacareacanga";"-";"2013";0
"Economia";"Balança Comercial";"Saldo da Balança Comercial";"Tapajós";"Jacareacanga";"-";"2014";0
"Economia";"Balança Comercial";"Saldo da Balança Comercial";"Tapajós";"Jacareacanga";"-";"2015";0
"Economia";"Balança Comercial";"Saldo da Balança Comercial";"Tapajós";"Jacareacanga";"-";"2016";0
"Economia";"Balança Comercial";"Saldo da Balança Comercial";"Tapajós";"Jacareacanga";"-";"2017";0
"Economia";"Balança Comercial";"Saldo da Balança Comercial";"Tapajós";"Jacareacanga";"-";"2018";0
"Economia";"Balança Comercial";"Saldo da Balança Comercial";"Tapajós";"Jacareacanga";"-";"2019";0
"Economia";"Balança Comercial";"Saldo da Balança Comercial";"Tapajós";"Jacareacanga";"-";"2020";-48246
"Economia";"Balança Comercial";"Saldo da Balança Comercial";"Tapajós";"Jacareacanga";"-";"2021";-42650
"Economia";"Balança Comercial";"Saldo da Balança Comercial";"Tapajós";"Jacareacanga";"-";"2022";-149603
"Economia";"Balança Comercial";"Saldo da Balança Comercial";"Tapajós";"Jacareacanga";"-";"2023";-59014
"Economia";"Balança Comercial";"Saldo da Balança Comercial";"Tapajós";"Jacareacanga";"-";"2024";0
"Economia";"Balança Comercial";"Saldo da Balança Comercial";"Lago de Tucuruí";"Jacundá";"-";"2009";0
"Economia";"Balança Comercial";"Saldo da Balança Comercial";"Lago de Tucuruí";"Jacundá";"-";"2010";0
"Economia";"Balança Comercial";"Saldo da Balança Comercial";"Lago de Tucuruí";"Jacundá";"-";"2011";0
"Economia";"Balança Comercial";"Saldo da Balança Comercial";"Lago de Tucuruí";"Jacundá";"-";"2012";0
"Economia";"Balança Comercial";"Saldo da Balança Comercial";"Lago de Tucuruí";"Jacundá";"-";"2013";0
"Economia";"Balança Comercial";"Saldo da Balança Comercial";"Lago de Tucuruí";"Jacundá";"-";"2014";0
"Economia";"Balança Comercial";"Saldo da Balança Comercial";"Lago de Tucuruí";"Jacundá";"-";"2015";6808
"Economia";"Balança Comercial";"Saldo da Balança Comercial";"Lago de Tucuruí";"Jacundá";"-";"2016";0
"Economia";"Balança Comercial";"Saldo da Balança Comercial";"Lago de Tucuruí";"Jacundá";"-";"2017";0
"Economia";"Balança Comercial";"Saldo da Balança Comercial";"Lago de Tucuruí";"Jacundá";"-";"2018";-12857
"Economia";"Balança Comercial";"Saldo da Balança Comercial";"Lago de Tucuruí";"Jacundá";"-";"2019";-1557
"Economia";"Balança Comercial";"Saldo da Balança Comercial";"Lago de Tucuruí";"Jacundá";"-";"2020";0
"Economia";"Balança Comercial";"Saldo da Balança Comercial";"Lago de Tucuruí";"Jacundá";"-";"2021";0
"Economia";"Balança Comercial";"Saldo da Balança Comercial";"Lago de Tucuruí";"Jacundá";"-";"2022";1300
"Economia";"Balança Comercial";"Saldo da Balança Comercial";"Lago de Tucuruí";"Jacundá";"-";"2023";0
"Economia";"Balança Comercial";"Saldo da Balança Comercial";"Lago de Tucuruí";"Jacundá";"-";"2024";0
"Economia";"Balança Comercial";"Saldo da Balança Comercial";"Baixo Amazonas";"Juruti";"-";"2009";-200053
"Economia";"Balança Comercial";"Saldo da Balança Comercial";"Baixo Amazonas";"Juruti";"-";"2010";-305743
"Economia";"Balança Comercial";"Saldo da Balança Comercial";"Baixo Amazonas";"Juruti";"-";"2011";-13054686
"Economia";"Balança Comercial";"Saldo da Balança Comercial";"Baixo Amazonas";"Juruti";"-";"2012";-114875
"Economia";"Balança Comercial";"Saldo da Balança Comercial";"Baixo Amazonas";"Juruti";"-";"2013";4784633
"Economia";"Balança Comercial";"Saldo da Balança Comercial";"Baixo Amazonas";"Juruti";"-";"2014";-605
"Economia";"Balança Comercial";"Saldo da Balança Comercial";"Baixo Amazonas";"Juruti";"-";"2015";-296013
"Economia";"Balança Comercial";"Saldo da Balança Comercial";"Baixo Amazonas";"Juruti";"-";"2016";27722851
"Economia";"Balança Comercial";"Saldo da Balança Comercial";"Baixo Amazonas";"Juruti";"-";"2017";41907189
"Economia";"Balança Comercial";"Saldo da Balança Comercial";"Baixo Amazonas";"Juruti";"-";"2018";32137105
"Economia";"Balança Comercial";"Saldo da Balança Comercial";"Baixo Amazonas";"Juruti";"-";"2019";22961287
"Economia";"Balança Comercial";"Saldo da Balança Comercial";"Baixo Amazonas";"Juruti";"-";"2020";10885647
"Economia";"Balança Comercial";"Saldo da Balança Comercial";"Baixo Amazonas";"Juruti";"-";"2021";23853032
"Economia";"Balança Comercial";"Saldo da Balança Comercial";"Baixo Amazonas";"Juruti";"-";"2022";-3170441
"Economia";"Balança Comercial";"Saldo da Balança Comercial";"Baixo Amazonas";"Juruti";"-";"2023";10221562
"Economia";"Balança Comercial";"Saldo da Balança Comercial";"Baixo Amazonas";"Juruti";"-";"2024";7029127
"Economia";"Balança Comercial";"Saldo da Balança Comercial";"Tocantins";"Limoeiro do Ajuru";"-";"2009";0
"Economia";"Balança Comercial";"Saldo da Balança Comercial";"Tocantins";"Limoeiro do Ajuru";"-";"2010";0
"Economia";"Balança Comercial";"Saldo da Balança Comercial";"Tocantins";"Limoeiro do Ajuru";"-";"2011";0
"Economia";"Balança Comercial";"Saldo da Balança Comercial";"Tocantins";"Limoeiro do Ajuru";"-";"2012";-14831
"Economia";"Balança Comercial";"Saldo da Balança Comercial";"Tocantins";"Limoeiro do Ajuru";"-";"2013";0
"Economia";"Balança Comercial";"Saldo da Balança Comercial";"Tocantins";"Limoeiro do Ajuru";"-";"2014";0
"Economia";"Balança Comercial";"Saldo da Balança Comercial";"Tocantins";"Limoeiro do Ajuru";"-";"2015";0
"Economia";"Balança Comercial";"Saldo da Balança Comercial";"Tocantins";"Limoeiro do Ajuru";"-";"2016";0
"Economia";"Balança Comercial";"Saldo da Balança Comercial";"Tocantins";"Limoeiro do Ajuru";"-";"2017";0
"Economia";"Balança Comercial";"Saldo da Balança Comercial";"Tocantins";"Limoeiro do Ajuru";"-";"2018";0
"Economia";"Balança Comercial";"Saldo da Balança Comercial";"Tocantins";"Limoeiro do Ajuru";"-";"2019";0
"Economia";"Balança Comercial";"Saldo da Balança Comercial";"Tocantins";"Limoeiro do Ajuru";"-";"2020";0
"Economia";"Balança Comercial";"Saldo da Balança Comercial";"Tocantins";"Limoeiro do Ajuru";"-";"2021";0
"Economia";"Balança Comercial";"Saldo da Balança Comercial";"Tocantins";"Limoeiro do Ajuru";"-";"2022";0
"Economia";"Balança Comercial";"Saldo da Balança Comercial";"Tocantins";"Limoeiro do Ajuru";"-";"2023";0
"Economia";"Balança Comercial";"Saldo da Balança Comercial";"Tocantins";"Limoeiro do Ajuru";"-";"2024";0
"Economia";"Balança Comercial";"Saldo da Balança Comercial";"Rio Capim";"Mãe do Rio";"-";"2009";0
"Economia";"Balança Comercial";"Saldo da Balança Comercial";"Rio Capim";"Mãe do Rio";"-";"2010";0
"Economia";"Balança Comercial";"Saldo da Balança Comercial";"Rio Capim";"Mãe do Rio";"-";"2011";0
"Economia";"Balança Comercial";"Saldo da Balança Comercial";"Rio Capim";"Mãe do Rio";"-";"2012";0
"Economia";"Balança Comercial";"Saldo da Balança Comercial";"Rio Capim";"Mãe do Rio";"-";"2013";0
"Economia";"Balança Comercial";"Saldo da Balança Comercial";"Rio Capim";"Mãe do Rio";"-";"2014";0
"Economia";"Balança Comercial";"Saldo da Balança Comercial";"Rio Capim";"Mãe do Rio";"-";"2015";0
"Economia";"Balança Comercial";"Saldo da Balança Comercial";"Rio Capim";"Mãe do Rio";"-";"2016";0
"Economia";"Balança Comercial";"Saldo da Balança Comercial";"Rio Capim";"Mãe do Rio";"-";"2017";0
"Economia";"Balança Comercial";"Saldo da Balança Comercial";"Rio Capim";"Mãe do Rio";"-";"2018";0
"Economia";"Balança Comercial";"Saldo da Balança Comercial";"Rio Capim";"Mãe do Rio";"-";"2019";0
"Economia";"Balança Comercial";"Saldo da Balança Comercial";"Rio Capim";"Mãe do Rio";"-";"2020";0
"Economia";"Balança Comercial";"Saldo da Balança Comercial";"Rio Capim";"Mãe do Rio";"-";"2021";0
"Economia";"Balança Comercial";"Saldo da Balança Comercial";"Rio Capim";"Mãe do Rio";"-";"2022";0
"Economia";"Balança Comercial";"Saldo da Balança Comercial";"Rio Capim";"Mãe do Rio";"-";"2023";0
"Economia";"Balança Comercial";"Saldo da Balança Comercial";"Rio Capim";"Mãe do Rio";"-";"2024";1673
"Economia";"Balança Comercial";"Saldo da Balança Comercial";"Guamá";"Magalhães Barata";"-";"2009";0
"Economia";"Balança Comercial";"Saldo da Balança Comercial";"Guamá";"Magalhães Barata";"-";"2010";0
"Economia";"Balança Comercial";"Saldo da Balança Comercial";"Guamá";"Magalhães Barata";"-";"2011";0
"Economia";"Balança Comercial";"Saldo da Balança Comercial";"Guamá";"Magalhães Barata";"-";"2012";0
"Economia";"Balança Comercial";"Saldo da Balança Comercial";"Guamá";"Magalhães Barata";"-";"2013";0
"Economia";"Balança Comercial";"Saldo da Balança Comercial";"Guamá";"Magalhães Barata";"-";"2014";0
"Economia";"Balança Comercial";"Saldo da Balança Comercial";"Guamá";"Magalhães Barata";"-";"2015";0
"Economia";"Balança Comercial";"Saldo da Balança Comercial";"Guamá";"Magalhães Barata";"-";"2016";0
"Economia";"Balança Comercial";"Saldo da Balança Comercial";"Guamá";"Magalhães Barata";"-";"2017";0
"Economia";"Balança Comercial";"Saldo da Balança Comercial";"Guamá";"Magalhães Barata";"-";"2018";0
"Economia";"Balança Comercial";"Saldo da Balança Comercial";"Guamá";"Magalhães Barata";"-";"2019";0
"Economia";"Balança Comercial";"Saldo da Balança Comercial";"Guamá";"Magalhães Barata";"-";"2020";0
"Economia";"Balança Comercial";"Saldo da Balança Comercial";"Guamá";"Magalhães Barata";"-";"2021";0
"Economia";"Balança Comercial";"Saldo da Balança Comercial";"Guamá";"Magalhães Barata";"-";"2022";0
"Economia";"Balança Comercial";"Saldo da Balança Comercial";"Guamá";"Magalhães Barata";"-";"2023";0
"Economia";"Balança Comercial";"Saldo da Balança Comercial";"Guamá";"Magalhães Barata";"-";"2024";0
"Economia";"Balança Comercial";"Saldo da Balança Comercial";"Carajás";"Marabá";"-";"2009";438029346
"Economia";"Balança Comercial";"Saldo da Balança Comercial";"Carajás";"Marabá";"-";"2010";337127723
"Economia";"Balança Comercial";"Saldo da Balança Comercial";"Carajás";"Marabá";"-";"2011";495679328
"Economia";"Balança Comercial";"Saldo da Balança Comercial";"Carajás";"Marabá";"-";"2012";361465539
"Economia";"Balança Comercial";"Saldo da Balança Comercial";"Carajás";"Marabá";"-";"2013";805891013
"Economia";"Balança Comercial";"Saldo da Balança Comercial";"Carajás";"Marabá";"-";"2014";751320201
"Economia";"Balança Comercial";"Saldo da Balança Comercial";"Carajás";"Marabá";"-";"2015";936497957
"Economia";"Balança Comercial";"Saldo da Balança Comercial";"Carajás";"Marabá";"-";"2016";1045990351
"Economia";"Balança Comercial";"Saldo da Balança Comercial";"Carajás";"Marabá";"-";"2017";1465374789
"Economia";"Balança Comercial";"Saldo da Balança Comercial";"Carajás";"Marabá";"-";"2018";1482964620
"Economia";"Balança Comercial";"Saldo da Balança Comercial";"Carajás";"Marabá";"-";"2019";1555661840
"Economia";"Balança Comercial";"Saldo da Balança Comercial";"Carajás";"Marabá";"-";"2020";1501919522
"Economia";"Balança Comercial";"Saldo da Balança Comercial";"Carajás";"Marabá";"-";"2021";1797169091
"Economia";"Balança Comercial";"Saldo da Balança Comercial";"Carajás";"Marabá";"-";"2022";1468044849
"Economia";"Balança Comercial";"Saldo da Balança Comercial";"Carajás";"Marabá";"-";"2023";1972308641
"Economia";"Balança Comercial";"Saldo da Balança Comercial";"Carajás";"Marabá";"-";"2024";2436489332
"Economia";"Balança Comercial";"Saldo da Balança Comercial";"Guamá";"Maracanã";"-";"2009";0
"Economia";"Balança Comercial";"Saldo da Balança Comercial";"Guamá";"Maracanã";"-";"2010";0
"Economia";"Balança Comercial";"Saldo da Balança Comercial";"Guamá";"Maracanã";"-";"2011";0
"Economia";"Balança Comercial";"Saldo da Balança Comercial";"Guamá";"Maracanã";"-";"2012";0
"Economia";"Balança Comercial";"Saldo da Balança Comercial";"Guamá";"Maracanã";"-";"2013";0
"Economia";"Balança Comercial";"Saldo da Balança Comercial";"Guamá";"Maracanã";"-";"2014";0
"Economia";"Balança Comercial";"Saldo da Balança Comercial";"Guamá";"Maracanã";"-";"2015";0
"Economia";"Balança Comercial";"Saldo da Balança Comercial";"Guamá";"Maracanã";"-";"2016";0
"Economia";"Balança Comercial";"Saldo da Balança Comercial";"Guamá";"Maracanã";"-";"2017";0
"Economia";"Balança Comercial";"Saldo da Balança Comercial";"Guamá";"Maracanã";"-";"2018";0
"Economia";"Balança Comercial";"Saldo da Balança Comercial";"Guamá";"Maracanã";"-";"2019";0
"Economia";"Balança Comercial";"Saldo da Balança Comercial";"Guamá";"Maracanã";"-";"2020";0
"Economia";"Balança Comercial";"Saldo da Balança Comercial";"Guamá";"Maracanã";"-";"2021";0
"Economia";"Balança Comercial";"Saldo da Balança Comercial";"Guamá";"Maracanã";"-";"2022";0
"Economia";"Balança Comercial";"Saldo da Balança Comercial";"Guamá";"Maracanã";"-";"2023";0
"Economia";"Balança Comercial";"Saldo da Balança Comercial";"Guamá";"Maracanã";"-";"2024";0
"Economia";"Balança Comercial";"Saldo da Balança Comercial";"Guamá";"Marapanim";"-";"2009";0
"Economia";"Balança Comercial";"Saldo da Balança Comercial";"Guamá";"Marapanim";"-";"2010";0
"Economia";"Balança Comercial";"Saldo da Balança Comercial";"Guamá";"Marapanim";"-";"2011";0
"Economia";"Balança Comercial";"Saldo da Balança Comercial";"Guamá";"Marapanim";"-";"2012";0
"Economia";"Balança Comercial";"Saldo da Balança Comercial";"Guamá";"Marapanim";"-";"2013";0
"Economia";"Balança Comercial";"Saldo da Balança Comercial";"Guamá";"Marapanim";"-";"2014";0
"Economia";"Balança Comercial";"Saldo da Balança Comercial";"Guamá";"Marapanim";"-";"2015";0
"Economia";"Balança Comercial";"Saldo da Balança Comercial";"Guamá";"Marapanim";"-";"2016";0
"Economia";"Balança Comercial";"Saldo da Balança Comercial";"Guamá";"Marapanim";"-";"2017";0
"Economia";"Balança Comercial";"Saldo da Balança Comercial";"Guamá";"Marapanim";"-";"2018";0
"Economia";"Balança Comercial";"Saldo da Balança Comercial";"Guamá";"Marapanim";"-";"2019";0
"Economia";"Balança Comercial";"Saldo da Balança Comercial";"Guamá";"Marapanim";"-";"2020";0
"Economia";"Balança Comercial";"Saldo da Balança Comercial";"Guamá";"Marapanim";"-";"2021";0
"Economia";"Balança Comercial";"Saldo da Balança Comercial";"Guamá";"Marapanim";"-";"2022";0
"Economia";"Balança Comercial";"Saldo da Balança Comercial";"Guamá";"Marapanim";"-";"2023";0
"Economia";"Balança Comercial";"Saldo da Balança Comercial";"Guamá";"Marapanim";"-";"2024";0
"Economia";"Balança Comercial";"Saldo da Balança Comercial";"Guajará";"Marituba";"-";"2009";30602162
"Economia";"Balança Comercial";"Saldo da Balança Comercial";"Guajará";"Marituba";"-";"2010";17955304
"Economia";"Balança Comercial";"Saldo da Balança Comercial";"Guajará";"Marituba";"-";"2011";7305358
"Economia";"Balança Comercial";"Saldo da Balança Comercial";"Guajará";"Marituba";"-";"2012";18816765
"Economia";"Balança Comercial";"Saldo da Balança Comercial";"Guajará";"Marituba";"-";"2013";5805663
"Economia";"Balança Comercial";"Saldo da Balança Comercial";"Guajará";"Marituba";"-";"2014";26425682
"Economia";"Balança Comercial";"Saldo da Balança Comercial";"Guajará";"Marituba";"-";"2015";17296105
"Economia";"Balança Comercial";"Saldo da Balança Comercial";"Guajará";"Marituba";"-";"2016";8111665
"Economia";"Balança Comercial";"Saldo da Balança Comercial";"Guajará";"Marituba";"-";"2017";10504999
"Economia";"Balança Comercial";"Saldo da Balança Comercial";"Guajará";"Marituba";"-";"2018";7641034
"Economia";"Balança Comercial";"Saldo da Balança Comercial";"Guajará";"Marituba";"-";"2019";8803733
"Economia";"Balança Comercial";"Saldo da Balança Comercial";"Guajará";"Marituba";"-";"2020";12148663
"Economia";"Balança Comercial";"Saldo da Balança Comercial";"Guajará";"Marituba";"-";"2021";7408610
"Economia";"Balança Comercial";"Saldo da Balança Comercial";"Guajará";"Marituba";"-";"2022";13969251
"Economia";"Balança Comercial";"Saldo da Balança Comercial";"Guajará";"Marituba";"-";"2023";6406678
"Economia";"Balança Comercial";"Saldo da Balança Comercial";"Guajará";"Marituba";"-";"2024";2731783
"Economia";"Balança Comercial";"Saldo da Balança Comercial";"Xingu";"Medicilândia";"-";"2009";1675027
"Economia";"Balança Comercial";"Saldo da Balança Comercial";"Xingu";"Medicilândia";"-";"2010";2510040
"Economia";"Balança Comercial";"Saldo da Balança Comercial";"Xingu";"Medicilândia";"-";"2011";2549343
"Economia";"Balança Comercial";"Saldo da Balança Comercial";"Xingu";"Medicilândia";"-";"2012";1884468
"Economia";"Balança Comercial";"Saldo da Balança Comercial";"Xingu";"Medicilândia";"-";"2013";1336808
"Economia";"Balança Comercial";"Saldo da Balança Comercial";"Xingu";"Medicilândia";"-";"2014";278568
"Economia";"Balança Comercial";"Saldo da Balança Comercial";"Xingu";"Medicilândia";"-";"2015";0
"Economia";"Balança Comercial";"Saldo da Balança Comercial";"Xingu";"Medicilândia";"-";"2016";2638
"Economia";"Balança Comercial";"Saldo da Balança Comercial";"Xingu";"Medicilândia";"-";"2017";0
"Economia";"Balança Comercial";"Saldo da Balança Comercial";"Xingu";"Medicilândia";"-";"2018";176373
"Economia";"Balança Comercial";"Saldo da Balança Comercial";"Xingu";"Medicilândia";"-";"2019";-76304
"Economia";"Balança Comercial";"Saldo da Balança Comercial";"Xingu";"Medicilândia";"-";"2020";0
"Economia";"Balança Comercial";"Saldo da Balança Comercial";"Xingu";"Medicilândia";"-";"2021";0
"Economia";"Balança Comercial";"Saldo da Balança Comercial";"Xingu";"Medicilândia";"-";"2022";0
"Economia";"Balança Comercial";"Saldo da Balança Comercial";"Xingu";"Medicilândia";"-";"2023";175000
"Economia";"Balança Comercial";"Saldo da Balança Comercial";"Xingu";"Medicilândia";"-";"2024";242920
"Economia";"Balança Comercial";"Saldo da Balança Comercial";"Marajó";"Melgaço";"-";"2009";0
"Economia";"Balança Comercial";"Saldo da Balança Comercial";"Marajó";"Melgaço";"-";"2010";0
"Economia";"Balança Comercial";"Saldo da Balança Comercial";"Marajó";"Melgaço";"-";"2011";0
"Economia";"Balança Comercial";"Saldo da Balança Comercial";"Marajó";"Melgaço";"-";"2012";0
"Economia";"Balança Comercial";"Saldo da Balança Comercial";"Marajó";"Melgaço";"-";"2013";0
"Economia";"Balança Comercial";"Saldo da Balança Comercial";"Marajó";"Melgaço";"-";"2014";0
"Economia";"Balança Comercial";"Saldo da Balança Comercial";"Marajó";"Melgaço";"-";"2015";0
"Economia";"Balança Comercial";"Saldo da Balança Comercial";"Marajó";"Melgaço";"-";"2016";0
"Economia";"Balança Comercial";"Saldo da Balança Comercial";"Marajó";"Melgaço";"-";"2017";0
"Economia";"Balança Comercial";"Saldo da Balança Comercial";"Marajó";"Melgaço";"-";"2018";0
"Economia";"Balança Comercial";"Saldo da Balança Comercial";"Marajó";"Melgaço";"-";"2019";0
"Economia";"Balança Comercial";"Saldo da Balança Comercial";"Marajó";"Melgaço";"-";"2020";0
"Economia";"Balança Comercial";"Saldo da Balança Comercial";"Marajó";"Melgaço";"-";"2021";0
"Economia";"Balança Comercial";"Saldo da Balança Comercial";"Marajó";"Melgaço";"-";"2022";0
"Economia";"Balança Comercial";"Saldo da Balança Comercial";"Marajó";"Melgaço";"-";"2023";0
"Economia";"Balança Comercial";"Saldo da Balança Comercial";"Marajó";"Melgaço";"-";"2024";0
"Economia";"Balança Comercial";"Saldo da Balança Comercial";"Tocantins";"Mocajuba";"-";"2009";0
"Economia";"Balança Comercial";"Saldo da Balança Comercial";"Tocantins";"Mocajuba";"-";"2010";0
"Economia";"Balança Comercial";"Saldo da Balança Comercial";"Tocantins";"Mocajuba";"-";"2011";0
"Economia";"Balança Comercial";"Saldo da Balança Comercial";"Tocantins";"Mocajuba";"-";"2012";0
"Economia";"Balança Comercial";"Saldo da Balança Comercial";"Tocantins";"Mocajuba";"-";"2013";0
"Economia";"Balança Comercial";"Saldo da Balança Comercial";"Tocantins";"Mocajuba";"-";"2014";0
"Economia";"Balança Comercial";"Saldo da Balança Comercial";"Tocantins";"Mocajuba";"-";"2015";0
"Economia";"Balança Comercial";"Saldo da Balança Comercial";"Tocantins";"Mocajuba";"-";"2016";0
"Economia";"Balança Comercial";"Saldo da Balança Comercial";"Tocantins";"Mocajuba";"-";"2017";0
"Economia";"Balança Comercial";"Saldo da Balança Comercial";"Tocantins";"Mocajuba";"-";"2018";0
"Economia";"Balança Comercial";"Saldo da Balança Comercial";"Tocantins";"Mocajuba";"-";"2019";108121
"Economia";"Balança Comercial";"Saldo da Balança Comercial";"Tocantins";"Mocajuba";"-";"2020";189758
"Economia";"Balança Comercial";"Saldo da Balança Comercial";"Tocantins";"Mocajuba";"-";"2021";112684
"Economia";"Balança Comercial";"Saldo da Balança Comercial";"Tocantins";"Mocajuba";"-";"2022";5679702
"Economia";"Balança Comercial";"Saldo da Balança Comercial";"Tocantins";"Mocajuba";"-";"2023";2679334
"Economia";"Balança Comercial";"Saldo da Balança Comercial";"Tocantins";"Mocajuba";"-";"2024";3193140
"Economia";"Balança Comercial";"Saldo da Balança Comercial";"Tocantins";"Moju";"-";"2009";34968
"Economia";"Balança Comercial";"Saldo da Balança Comercial";"Tocantins";"Moju";"-";"2010";110286
"Economia";"Balança Comercial";"Saldo da Balança Comercial";"Tocantins";"Moju";"-";"2011";39703167
"Economia";"Balança Comercial";"Saldo da Balança Comercial";"Tocantins";"Moju";"-";"2012";154013286
"Economia";"Balança Comercial";"Saldo da Balança Comercial";"Tocantins";"Moju";"-";"2013";195765734
"Economia";"Balança Comercial";"Saldo da Balança Comercial";"Tocantins";"Moju";"-";"2014";151360414
"Economia";"Balança Comercial";"Saldo da Balança Comercial";"Tocantins";"Moju";"-";"2015";53828709
"Economia";"Balança Comercial";"Saldo da Balança Comercial";"Tocantins";"Moju";"-";"2016";42621296
"Economia";"Balança Comercial";"Saldo da Balança Comercial";"Tocantins";"Moju";"-";"2017";74391010
"Economia";"Balança Comercial";"Saldo da Balança Comercial";"Tocantins";"Moju";"-";"2018";69239952
"Economia";"Balança Comercial";"Saldo da Balança Comercial";"Tocantins";"Moju";"-";"2019";101012032
"Economia";"Balança Comercial";"Saldo da Balança Comercial";"Tocantins";"Moju";"-";"2020";55172207
"Economia";"Balança Comercial";"Saldo da Balança Comercial";"Tocantins";"Moju";"-";"2021";20999822
"Economia";"Balança Comercial";"Saldo da Balança Comercial";"Tocantins";"Moju";"-";"2022";41159931
"Economia";"Balança Comercial";"Saldo da Balança Comercial";"Tocantins";"Moju";"-";"2023";101937328
"Economia";"Balança Comercial";"Saldo da Balança Comercial";"Tocantins";"Moju";"-";"2024";119222014
"Economia";"Balança Comercial";"Saldo da Balança Comercial";"Baixo Amazonas";"Mojuí dos campos";"-";"2009";0
"Economia";"Balança Comercial";"Saldo da Balança Comercial";"Baixo Amazonas";"Mojuí dos campos";"-";"2010";0
"Economia";"Balança Comercial";"Saldo da Balança Comercial";"Baixo Amazonas";"Mojuí dos campos";"-";"2011";0
"Economia";"Balança Comercial";"Saldo da Balança Comercial";"Baixo Amazonas";"Mojuí dos campos";"-";"2012";0
"Economia";"Balança Comercial";"Saldo da Balança Comercial";"Baixo Amazonas";"Mojuí dos campos";"-";"2013";0
"Economia";"Balança Comercial";"Saldo da Balança Comercial";"Baixo Amazonas";"Mojuí dos campos";"-";"2014";0
"Economia";"Balança Comercial";"Saldo da Balança Comercial";"Baixo Amazonas";"Mojuí dos campos";"-";"2015";0
"Economia";"Balança Comercial";"Saldo da Balança Comercial";"Baixo Amazonas";"Mojuí dos campos";"-";"2016";0
"Economia";"Balança Comercial";"Saldo da Balança Comercial";"Baixo Amazonas";"Mojuí dos campos";"-";"2017";0
"Economia";"Balança Comercial";"Saldo da Balança Comercial";"Baixo Amazonas";"Mojuí dos campos";"-";"2018";0
"Economia";"Balança Comercial";"Saldo da Balança Comercial";"Baixo Amazonas";"Mojuí dos campos";"-";"2019";18220
"Economia";"Balança Comercial";"Saldo da Balança Comercial";"Baixo Amazonas";"Mojuí dos campos";"-";"2020";266740
"Economia";"Balança Comercial";"Saldo da Balança Comercial";"Baixo Amazonas";"Mojuí dos campos";"-";"2021";2197963
"Economia";"Balança Comercial";"Saldo da Balança Comercial";"Baixo Amazonas";"Mojuí dos campos";"-";"2022";2748994
"Economia";"Balança Comercial";"Saldo da Balança Comercial";"Baixo Amazonas";"Mojuí dos campos";"-";"2023";5400769
"Economia";"Balança Comercial";"Saldo da Balança Comercial";"Baixo Amazonas";"Mojuí dos campos";"-";"2024";12119828
"Economia";"Balança Comercial";"Saldo da Balança Comercial";"Baixo Amazonas";"Monte Alegre";"-";"2009";0
"Economia";"Balança Comercial";"Saldo da Balança Comercial";"Baixo Amazonas";"Monte Alegre";"-";"2010";0
"Economia";"Balança Comercial";"Saldo da Balança Comercial";"Baixo Amazonas";"Monte Alegre";"-";"2011";0
"Economia";"Balança Comercial";"Saldo da Balança Comercial";"Baixo Amazonas";"Monte Alegre";"-";"2012";0
"Economia";"Balança Comercial";"Saldo da Balança Comercial";"Baixo Amazonas";"Monte Alegre";"-";"2013";0
"Economia";"Balança Comercial";"Saldo da Balança Comercial";"Baixo Amazonas";"Monte Alegre";"-";"2014";0
"Economia";"Balança Comercial";"Saldo da Balança Comercial";"Baixo Amazonas";"Monte Alegre";"-";"2015";0
"Economia";"Balança Comercial";"Saldo da Balança Comercial";"Baixo Amazonas";"Monte Alegre";"-";"2016";0
"Economia";"Balança Comercial";"Saldo da Balança Comercial";"Baixo Amazonas";"Monte Alegre";"-";"2017";0
"Economia";"Balança Comercial";"Saldo da Balança Comercial";"Baixo Amazonas";"Monte Alegre";"-";"2018";0
"Economia";"Balança Comercial";"Saldo da Balança Comercial";"Baixo Amazonas";"Monte Alegre";"-";"2019";0
"Economia";"Balança Comercial";"Saldo da Balança Comercial";"Baixo Amazonas";"Monte Alegre";"-";"2020";0
"Economia";"Balança Comercial";"Saldo da Balança Comercial";"Baixo Amazonas";"Monte Alegre";"-";"2021";0
"Economia";"Balança Comercial";"Saldo da Balança Comercial";"Baixo Amazonas";"Monte Alegre";"-";"2022";0
"Economia";"Balança Comercial";"Saldo da Balança Comercial";"Baixo Amazonas";"Monte Alegre";"-";"2023";0
"Economia";"Balança Comercial";"Saldo da Balança Comercial";"Baixo Amazonas";"Monte Alegre";"-";"2024";-2885
"Economia";"Balança Comercial";"Saldo da Balança Comercial";"Marajó";"Muaná";"-";"2009";0
"Economia";"Balança Comercial";"Saldo da Balança Comercial";"Marajó";"Muaná";"-";"2010";0
"Economia";"Balança Comercial";"Saldo da Balança Comercial";"Marajó";"Muaná";"-";"2011";0
"Economia";"Balança Comercial";"Saldo da Balança Comercial";"Marajó";"Muaná";"-";"2012";0
"Economia";"Balança Comercial";"Saldo da Balança Comercial";"Marajó";"Muaná";"-";"2013";0
"Economia";"Balança Comercial";"Saldo da Balança Comercial";"Marajó";"Muaná";"-";"2014";0
"Economia";"Balança Comercial";"Saldo da Balança Comercial";"Marajó";"Muaná";"-";"2015";0
"Economia";"Balança Comercial";"Saldo da Balança Comercial";"Marajó";"Muaná";"-";"2016";47330
"Economia";"Balança Comercial";"Saldo da Balança Comercial";"Marajó";"Muaná";"-";"2017";173960
"Economia";"Balança Comercial";"Saldo da Balança Comercial";"Marajó";"Muaná";"-";"2018";283765
"Economia";"Balança Comercial";"Saldo da Balança Comercial";"Marajó";"Muaná";"-";"2019";167483
"Economia";"Balança Comercial";"Saldo da Balança Comercial";"Marajó";"Muaná";"-";"2020";43524
"Economia";"Balança Comercial";"Saldo da Balança Comercial";"Marajó";"Muaná";"-";"2021";67579
"Economia";"Balança Comercial";"Saldo da Balança Comercial";"Marajó";"Muaná";"-";"2022";62640
"Economia";"Balança Comercial";"Saldo da Balança Comercial";"Marajó";"Muaná";"-";"2023";0
"Economia";"Balança Comercial";"Saldo da Balança Comercial";"Marajó";"Muaná";"-";"2024";118
"Economia";"Balança Comercial";"Saldo da Balança Comercial";"Rio Capim";"Nova Esperança do Piriá";"-";"2009";0
"Economia";"Balança Comercial";"Saldo da Balança Comercial";"Rio Capim";"Nova Esperança do Piriá";"-";"2010";0
"Economia";"Balança Comercial";"Saldo da Balança Comercial";"Rio Capim";"Nova Esperança do Piriá";"-";"2011";0
"Economia";"Balança Comercial";"Saldo da Balança Comercial";"Rio Capim";"Nova Esperança do Piriá";"-";"2012";0
"Economia";"Balança Comercial";"Saldo da Balança Comercial";"Rio Capim";"Nova Esperança do Piriá";"-";"2013";0
"Economia";"Balança Comercial";"Saldo da Balança Comercial";"Rio Capim";"Nova Esperança do Piriá";"-";"2014";0
"Economia";"Balança Comercial";"Saldo da Balança Comercial";"Rio Capim";"Nova Esperança do Piriá";"-";"2015";0
"Economia";"Balança Comercial";"Saldo da Balança Comercial";"Rio Capim";"Nova Esperança do Piriá";"-";"2016";0
"Economia";"Balança Comercial";"Saldo da Balança Comercial";"Rio Capim";"Nova Esperança do Piriá";"-";"2017";0
"Economia";"Balança Comercial";"Saldo da Balança Comercial";"Rio Capim";"Nova Esperança do Piriá";"-";"2018";0
"Economia";"Balança Comercial";"Saldo da Balança Comercial";"Rio Capim";"Nova Esperança do Piriá";"-";"2019";0
"Economia";"Balança Comercial";"Saldo da Balança Comercial";"Rio Capim";"Nova Esperança do Piriá";"-";"2020";0
"Economia";"Balança Comercial";"Saldo da Balança Comercial";"Rio Capim";"Nova Esperança do Piriá";"-";"2021";0
"Economia";"Balança Comercial";"Saldo da Balança Comercial";"Rio Capim";"Nova Esperança do Piriá";"-";"2022";0
"Economia";"Balança Comercial";"Saldo da Balança Comercial";"Rio Capim";"Nova Esperança do Piriá";"-";"2023";0
"Economia";"Balança Comercial";"Saldo da Balança Comercial";"Rio Capim";"Nova Esperança do Piriá";"-";"2024";0
"Economia";"Balança Comercial";"Saldo da Balança Comercial";"Lago de Tucuruí";"Nova Ipixuna";"-";"2009";0
"Economia";"Balança Comercial";"Saldo da Balança Comercial";"Lago de Tucuruí";"Nova Ipixuna";"-";"2010";0
"Economia";"Balança Comercial";"Saldo da Balança Comercial";"Lago de Tucuruí";"Nova Ipixuna";"-";"2011";0
"Economia";"Balança Comercial";"Saldo da Balança Comercial";"Lago de Tucuruí";"Nova Ipixuna";"-";"2012";0
"Economia";"Balança Comercial";"Saldo da Balança Comercial";"Lago de Tucuruí";"Nova Ipixuna";"-";"2013";0
"Economia";"Balança Comercial";"Saldo da Balança Comercial";"Lago de Tucuruí";"Nova Ipixuna";"-";"2014";0
"Economia";"Balança Comercial";"Saldo da Balança Comercial";"Lago de Tucuruí";"Nova Ipixuna";"-";"2015";0
"Economia";"Balança Comercial";"Saldo da Balança Comercial";"Lago de Tucuruí";"Nova Ipixuna";"-";"2016";0
"Economia";"Balança Comercial";"Saldo da Balança Comercial";"Lago de Tucuruí";"Nova Ipixuna";"-";"2017";0
"Economia";"Balança Comercial";"Saldo da Balança Comercial";"Lago de Tucuruí";"Nova Ipixuna";"-";"2018";0
"Economia";"Balança Comercial";"Saldo da Balança Comercial";"Lago de Tucuruí";"Nova Ipixuna";"-";"2019";0
"Economia";"Balança Comercial";"Saldo da Balança Comercial";"Lago de Tucuruí";"Nova Ipixuna";"-";"2020";0
"Economia";"Balança Comercial";"Saldo da Balança Comercial";"Lago de Tucuruí";"Nova Ipixuna";"-";"2021";0
"Economia";"Balança Comercial";"Saldo da Balança Comercial";"Lago de Tucuruí";"Nova Ipixuna";"-";"2022";0
"Economia";"Balança Comercial";"Saldo da Balança Comercial";"Lago de Tucuruí";"Nova Ipixuna";"-";"2023";0
"Economia";"Balança Comercial";"Saldo da Balança Comercial";"Lago de Tucuruí";"Nova Ipixuna";"-";"2024";0
"Economia";"Balança Comercial";"Saldo da Balança Comercial";"Rio Caeté";"Nova Timboteua";"-";"2009";0
"Economia";"Balança Comercial";"Saldo da Balança Comercial";"Rio Caeté";"Nova Timboteua";"-";"2010";0
"Economia";"Balança Comercial";"Saldo da Balança Comercial";"Rio Caeté";"Nova Timboteua";"-";"2011";0
"Economia";"Balança Comercial";"Saldo da Balança Comercial";"Rio Caeté";"Nova Timboteua";"-";"2012";0
"Economia";"Balança Comercial";"Saldo da Balança Comercial";"Rio Caeté";"Nova Timboteua";"-";"2013";0
"Economia";"Balança Comercial";"Saldo da Balança Comercial";"Rio Caeté";"Nova Timboteua";"-";"2014";0
"Economia";"Balança Comercial";"Saldo da Balança Comercial";"Rio Caeté";"Nova Timboteua";"-";"2015";0
"Economia";"Balança Comercial";"Saldo da Balança Comercial";"Rio Caeté";"Nova Timboteua";"-";"2016";0
"Economia";"Balança Comercial";"Saldo da Balança Comercial";"Rio Caeté";"Nova Timboteua";"-";"2017";0
"Economia";"Balança Comercial";"Saldo da Balança Comercial";"Rio Caeté";"Nova Timboteua";"-";"2018";0
"Economia";"Balança Comercial";"Saldo da Balança Comercial";"Rio Caeté";"Nova Timboteua";"-";"2019";0
"Economia";"Balança Comercial";"Saldo da Balança Comercial";"Rio Caeté";"Nova Timboteua";"-";"2020";0
"Economia";"Balança Comercial";"Saldo da Balança Comercial";"Rio Caeté";"Nova Timboteua";"-";"2021";0
"Economia";"Balança Comercial";"Saldo da Balança Comercial";"Rio Caeté";"Nova Timboteua";"-";"2022";0
"Economia";"Balança Comercial";"Saldo da Balança Comercial";"Rio Caeté";"Nova Timboteua";"-";"2023";0
"Economia";"Balança Comercial";"Saldo da Balança Comercial";"Rio Caeté";"Nova Timboteua";"-";"2024";0
"Economia";"Balança Comercial";"Saldo da Balança Comercial";"Tapajós";"Novo Progresso";"-";"2009";2492385
"Economia";"Balança Comercial";"Saldo da Balança Comercial";"Tapajós";"Novo Progresso";"-";"2010";2968540
"Economia";"Balança Comercial";"Saldo da Balança Comercial";"Tapajós";"Novo Progresso";"-";"2011";5733774
"Economia";"Balança Comercial";"Saldo da Balança Comercial";"Tapajós";"Novo Progresso";"-";"2012";3503186
"Economia";"Balança Comercial";"Saldo da Balança Comercial";"Tapajós";"Novo Progresso";"-";"2013";3543850
"Economia";"Balança Comercial";"Saldo da Balança Comercial";"Tapajós";"Novo Progresso";"-";"2014";503070
"Economia";"Balança Comercial";"Saldo da Balança Comercial";"Tapajós";"Novo Progresso";"-";"2015";489103
"Economia";"Balança Comercial";"Saldo da Balança Comercial";"Tapajós";"Novo Progresso";"-";"2016";2448154
"Economia";"Balança Comercial";"Saldo da Balança Comercial";"Tapajós";"Novo Progresso";"-";"2017";4390813
"Economia";"Balança Comercial";"Saldo da Balança Comercial";"Tapajós";"Novo Progresso";"-";"2018";3699655
"Economia";"Balança Comercial";"Saldo da Balança Comercial";"Tapajós";"Novo Progresso";"-";"2019";3310721
"Economia";"Balança Comercial";"Saldo da Balança Comercial";"Tapajós";"Novo Progresso";"-";"2020";2100622
"Economia";"Balança Comercial";"Saldo da Balança Comercial";"Tapajós";"Novo Progresso";"-";"2021";2406535
"Economia";"Balança Comercial";"Saldo da Balança Comercial";"Tapajós";"Novo Progresso";"-";"2022";2468745
"Economia";"Balança Comercial";"Saldo da Balança Comercial";"Tapajós";"Novo Progresso";"-";"2023";1596018
"Economia";"Balança Comercial";"Saldo da Balança Comercial";"Tapajós";"Novo Progresso";"-";"2024";15649043
"Economia";"Balança Comercial";"Saldo da Balança Comercial";"Lago de Tucuruí";"Novo Repartimento";"-";"2009";0
"Economia";"Balança Comercial";"Saldo da Balança Comercial";"Lago de Tucuruí";"Novo Repartimento";"-";"2010";0
"Economia";"Balança Comercial";"Saldo da Balança Comercial";"Lago de Tucuruí";"Novo Repartimento";"-";"2011";0
"Economia";"Balança Comercial";"Saldo da Balança Comercial";"Lago de Tucuruí";"Novo Repartimento";"-";"2012";0
"Economia";"Balança Comercial";"Saldo da Balança Comercial";"Lago de Tucuruí";"Novo Repartimento";"-";"2013";0
"Economia";"Balança Comercial";"Saldo da Balança Comercial";"Lago de Tucuruí";"Novo Repartimento";"-";"2014";0
"Economia";"Balança Comercial";"Saldo da Balança Comercial";"Lago de Tucuruí";"Novo Repartimento";"-";"2015";0
"Economia";"Balança Comercial";"Saldo da Balança Comercial";"Lago de Tucuruí";"Novo Repartimento";"-";"2016";0
"Economia";"Balança Comercial";"Saldo da Balança Comercial";"Lago de Tucuruí";"Novo Repartimento";"-";"2017";0
"Economia";"Balança Comercial";"Saldo da Balança Comercial";"Lago de Tucuruí";"Novo Repartimento";"-";"2018";0
"Economia";"Balança Comercial";"Saldo da Balança Comercial";"Lago de Tucuruí";"Novo Repartimento";"-";"2019";0
"Economia";"Balança Comercial";"Saldo da Balança Comercial";"Lago de Tucuruí";"Novo Repartimento";"-";"2020";0
"Economia";"Balança Comercial";"Saldo da Balança Comercial";"Lago de Tucuruí";"Novo Repartimento";"-";"2021";0
"Economia";"Balança Comercial";"Saldo da Balança Comercial";"Lago de Tucuruí";"Novo Repartimento";"-";"2022";0
"Economia";"Balança Comercial";"Saldo da Balança Comercial";"Lago de Tucuruí";"Novo Repartimento";"-";"2023";0
"Economia";"Balança Comercial";"Saldo da Balança Comercial";"Lago de Tucuruí";"Novo Repartimento";"-";"2024";0
"Economia";"Balança Comercial";"Saldo da Balança Comercial";"Baixo Amazonas";"Óbidos";"-";"2009";1046476
"Economia";"Balança Comercial";"Saldo da Balança Comercial";"Baixo Amazonas";"Óbidos";"-";"2010";801857
"Economia";"Balança Comercial";"Saldo da Balança Comercial";"Baixo Amazonas";"Óbidos";"-";"2011";1883596
"Economia";"Balança Comercial";"Saldo da Balança Comercial";"Baixo Amazonas";"Óbidos";"-";"2012";5687902
"Economia";"Balança Comercial";"Saldo da Balança Comercial";"Baixo Amazonas";"Óbidos";"-";"2013";3377684
"Economia";"Balança Comercial";"Saldo da Balança Comercial";"Baixo Amazonas";"Óbidos";"-";"2014";3228515
"Economia";"Balança Comercial";"Saldo da Balança Comercial";"Baixo Amazonas";"Óbidos";"-";"2015";9862975
"Economia";"Balança Comercial";"Saldo da Balança Comercial";"Baixo Amazonas";"Óbidos";"-";"2016";1572944
"Economia";"Balança Comercial";"Saldo da Balança Comercial";"Baixo Amazonas";"Óbidos";"-";"2017";1216372
"Economia";"Balança Comercial";"Saldo da Balança Comercial";"Baixo Amazonas";"Óbidos";"-";"2018";10964399
"Economia";"Balança Comercial";"Saldo da Balança Comercial";"Baixo Amazonas";"Óbidos";"-";"2019";6367293
"Economia";"Balança Comercial";"Saldo da Balança Comercial";"Baixo Amazonas";"Óbidos";"-";"2020";4088040
"Economia";"Balança Comercial";"Saldo da Balança Comercial";"Baixo Amazonas";"Óbidos";"-";"2021";6269901
"Economia";"Balança Comercial";"Saldo da Balança Comercial";"Baixo Amazonas";"Óbidos";"-";"2022";3544261
"Economia";"Balança Comercial";"Saldo da Balança Comercial";"Baixo Amazonas";"Óbidos";"-";"2023";5459912
"Economia";"Balança Comercial";"Saldo da Balança Comercial";"Baixo Amazonas";"Óbidos";"-";"2024";10391334
"Economia";"Balança Comercial";"Saldo da Balança Comercial";"Marajó";"Oeiras do Pará";"-";"2009";0
"Economia";"Balança Comercial";"Saldo da Balança Comercial";"Marajó";"Oeiras do Pará";"-";"2010";0
"Economia";"Balança Comercial";"Saldo da Balança Comercial";"Marajó";"Oeiras do Pará";"-";"2011";0
"Economia";"Balança Comercial";"Saldo da Balança Comercial";"Marajó";"Oeiras do Pará";"-";"2012";0
"Economia";"Balança Comercial";"Saldo da Balança Comercial";"Marajó";"Oeiras do Pará";"-";"2013";0
"Economia";"Balança Comercial";"Saldo da Balança Comercial";"Marajó";"Oeiras do Pará";"-";"2014";0
"Economia";"Balança Comercial";"Saldo da Balança Comercial";"Marajó";"Oeiras do Pará";"-";"2015";0
"Economia";"Balança Comercial";"Saldo da Balança Comercial";"Marajó";"Oeiras do Pará";"-";"2016";0
"Economia";"Balança Comercial";"Saldo da Balança Comercial";"Marajó";"Oeiras do Pará";"-";"2017";0
"Economia";"Balança Comercial";"Saldo da Balança Comercial";"Marajó";"Oeiras do Pará";"-";"2018";0
"Economia";"Balança Comercial";"Saldo da Balança Comercial";"Marajó";"Oeiras do Pará";"-";"2019";0
"Economia";"Balança Comercial";"Saldo da Balança Comercial";"Marajó";"Oeiras do Pará";"-";"2020";0
"Economia";"Balança Comercial";"Saldo da Balança Comercial";"Marajó";"Oeiras do Pará";"-";"2021";0
"Economia";"Balança Comercial";"Saldo da Balança Comercial";"Marajó";"Oeiras do Pará";"-";"2022";0
"Economia";"Balança Comercial";"Saldo da Balança Comercial";"Marajó";"Oeiras do Pará";"-";"2023";0
"Economia";"Balança Comercial";"Saldo da Balança Comercial";"Marajó";"Oeiras do Pará";"-";"2024";0
"Economia";"Balança Comercial";"Saldo da Balança Comercial";"Baixo Amazonas";"Oriximiná";"-";"2009";78799805
"Economia";"Balança Comercial";"Saldo da Balança Comercial";"Baixo Amazonas";"Oriximiná";"-";"2010";172155148
"Economia";"Balança Comercial";"Saldo da Balança Comercial";"Baixo Amazonas";"Oriximiná";"-";"2011";189636061
"Economia";"Balança Comercial";"Saldo da Balança Comercial";"Baixo Amazonas";"Oriximiná";"-";"2012";205086025
"Economia";"Balança Comercial";"Saldo da Balança Comercial";"Baixo Amazonas";"Oriximiná";"-";"2013";227994945
"Economia";"Balança Comercial";"Saldo da Balança Comercial";"Baixo Amazonas";"Oriximiná";"-";"2014";213704559
"Economia";"Balança Comercial";"Saldo da Balança Comercial";"Baixo Amazonas";"Oriximiná";"-";"2015";256831508
"Economia";"Balança Comercial";"Saldo da Balança Comercial";"Baixo Amazonas";"Oriximiná";"-";"2016";231094979
"Economia";"Balança Comercial";"Saldo da Balança Comercial";"Baixo Amazonas";"Oriximiná";"-";"2017";163540112
"Economia";"Balança Comercial";"Saldo da Balança Comercial";"Baixo Amazonas";"Oriximiná";"-";"2018";236016950
"Economia";"Balança Comercial";"Saldo da Balança Comercial";"Baixo Amazonas";"Oriximiná";"-";"2019";204025827
"Economia";"Balança Comercial";"Saldo da Balança Comercial";"Baixo Amazonas";"Oriximiná";"-";"2020";121122200
"Economia";"Balança Comercial";"Saldo da Balança Comercial";"Baixo Amazonas";"Oriximiná";"-";"2021";121425646
"Economia";"Balança Comercial";"Saldo da Balança Comercial";"Baixo Amazonas";"Oriximiná";"-";"2022";138171238
"Economia";"Balança Comercial";"Saldo da Balança Comercial";"Baixo Amazonas";"Oriximiná";"-";"2023";97986067
"Economia";"Balança Comercial";"Saldo da Balança Comercial";"Baixo Amazonas";"Oriximiná";"-";"2024";109514133
"Economia";"Balança Comercial";"Saldo da Balança Comercial";"Rio Capim";"Ourém";"-";"2009";0
"Economia";"Balança Comercial";"Saldo da Balança Comercial";"Rio Capim";"Ourém";"-";"2010";0
"Economia";"Balança Comercial";"Saldo da Balança Comercial";"Rio Capim";"Ourém";"-";"2011";0
"Economia";"Balança Comercial";"Saldo da Balança Comercial";"Rio Capim";"Ourém";"-";"2012";0
"Economia";"Balança Comercial";"Saldo da Balança Comercial";"Rio Capim";"Ourém";"-";"2013";0
"Economia";"Balança Comercial";"Saldo da Balança Comercial";"Rio Capim";"Ourém";"-";"2014";0
"Economia";"Balança Comercial";"Saldo da Balança Comercial";"Rio Capim";"Ourém";"-";"2015";0
"Economia";"Balança Comercial";"Saldo da Balança Comercial";"Rio Capim";"Ourém";"-";"2016";0
"Economia";"Balança Comercial";"Saldo da Balança Comercial";"Rio Capim";"Ourém";"-";"2017";0
"Economia";"Balança Comercial";"Saldo da Balança Comercial";"Rio Capim";"Ourém";"-";"2018";0
"Economia";"Balança Comercial";"Saldo da Balança Comercial";"Rio Capim";"Ourém";"-";"2019";0
"Economia";"Balança Comercial";"Saldo da Balança Comercial";"Rio Capim";"Ourém";"-";"2020";0
"Economia";"Balança Comercial";"Saldo da Balança Comercial";"Rio Capim";"Ourém";"-";"2021";0
"Economia";"Balança Comercial";"Saldo da Balança Comercial";"Rio Capim";"Ourém";"-";"2022";0
"Economia";"Balança Comercial";"Saldo da Balança Comercial";"Rio Capim";"Ourém";"-";"2023";0
"Economia";"Balança Comercial";"Saldo da Balança Comercial";"Rio Capim";"Ourém";"-";"2024";0
"Economia";"Balança Comercial";"Saldo da Balança Comercial";"Araguaia";"Ourilândia do Norte";"-";"2009";-23919862
"Economia";"Balança Comercial";"Saldo da Balança Comercial";"Araguaia";"Ourilândia do Norte";"-";"2010";-3955113
"Economia";"Balança Comercial";"Saldo da Balança Comercial";"Araguaia";"Ourilândia do Norte";"-";"2011";94396703
"Economia";"Balança Comercial";"Saldo da Balança Comercial";"Araguaia";"Ourilândia do Norte";"-";"2012";96495696
"Economia";"Balança Comercial";"Saldo da Balança Comercial";"Araguaia";"Ourilândia do Norte";"-";"2013";458772
"Economia";"Balança Comercial";"Saldo da Balança Comercial";"Araguaia";"Ourilândia do Norte";"-";"2014";322189607
"Economia";"Balança Comercial";"Saldo da Balança Comercial";"Araguaia";"Ourilândia do Norte";"-";"2015";257123191
"Economia";"Balança Comercial";"Saldo da Balança Comercial";"Araguaia";"Ourilândia do Norte";"-";"2016";194113028
"Economia";"Balança Comercial";"Saldo da Balança Comercial";"Araguaia";"Ourilândia do Norte";"-";"2017";210898693
"Economia";"Balança Comercial";"Saldo da Balança Comercial";"Araguaia";"Ourilândia do Norte";"-";"2018";235893816
"Economia";"Balança Comercial";"Saldo da Balança Comercial";"Araguaia";"Ourilândia do Norte";"-";"2019";116356702
"Economia";"Balança Comercial";"Saldo da Balança Comercial";"Araguaia";"Ourilândia do Norte";"-";"2020";154102623
"Economia";"Balança Comercial";"Saldo da Balança Comercial";"Araguaia";"Ourilândia do Norte";"-";"2021";254739111
"Economia";"Balança Comercial";"Saldo da Balança Comercial";"Araguaia";"Ourilândia do Norte";"-";"2022";496280789
"Economia";"Balança Comercial";"Saldo da Balança Comercial";"Araguaia";"Ourilândia do Norte";"-";"2023";379534643
"Economia";"Balança Comercial";"Saldo da Balança Comercial";"Araguaia";"Ourilândia do Norte";"-";"2024";118893574
"Economia";"Balança Comercial";"Saldo da Balança Comercial";"Xingu";"Pacajá";"-";"2009";1704880
"Economia";"Balança Comercial";"Saldo da Balança Comercial";"Xingu";"Pacajá";"-";"2010";6029248
"Economia";"Balança Comercial";"Saldo da Balança Comercial";"Xingu";"Pacajá";"-";"2011";5073936
"Economia";"Balança Comercial";"Saldo da Balança Comercial";"Xingu";"Pacajá";"-";"2012";3618339
"Economia";"Balança Comercial";"Saldo da Balança Comercial";"Xingu";"Pacajá";"-";"2013";3535760
"Economia";"Balança Comercial";"Saldo da Balança Comercial";"Xingu";"Pacajá";"-";"2014";4052415
"Economia";"Balança Comercial";"Saldo da Balança Comercial";"Xingu";"Pacajá";"-";"2015";3894349
"Economia";"Balança Comercial";"Saldo da Balança Comercial";"Xingu";"Pacajá";"-";"2016";0
"Economia";"Balança Comercial";"Saldo da Balança Comercial";"Xingu";"Pacajá";"-";"2017";0
"Economia";"Balança Comercial";"Saldo da Balança Comercial";"Xingu";"Pacajá";"-";"2018";0
"Economia";"Balança Comercial";"Saldo da Balança Comercial";"Xingu";"Pacajá";"-";"2019";0
"Economia";"Balança Comercial";"Saldo da Balança Comercial";"Xingu";"Pacajá";"-";"2020";0
"Economia";"Balança Comercial";"Saldo da Balança Comercial";"Xingu";"Pacajá";"-";"2021";15562
"Economia";"Balança Comercial";"Saldo da Balança Comercial";"Xingu";"Pacajá";"-";"2022";29542
"Economia";"Balança Comercial";"Saldo da Balança Comercial";"Xingu";"Pacajá";"-";"2023";60602
"Economia";"Balança Comercial";"Saldo da Balança Comercial";"Xingu";"Pacajá";"-";"2024";54039
"Economia";"Balança Comercial";"Saldo da Balança Comercial";"Carajás";"Palestina do Pará";"-";"2009";0
"Economia";"Balança Comercial";"Saldo da Balança Comercial";"Carajás";"Palestina do Pará";"-";"2010";0
"Economia";"Balança Comercial";"Saldo da Balança Comercial";"Carajás";"Palestina do Pará";"-";"2011";0
"Economia";"Balança Comercial";"Saldo da Balança Comercial";"Carajás";"Palestina do Pará";"-";"2012";0
"Economia";"Balança Comercial";"Saldo da Balança Comercial";"Carajás";"Palestina do Pará";"-";"2013";0
"Economia";"Balança Comercial";"Saldo da Balança Comercial";"Carajás";"Palestina do Pará";"-";"2014";0
"Economia";"Balança Comercial";"Saldo da Balança Comercial";"Carajás";"Palestina do Pará";"-";"2015";0
"Economia";"Balança Comercial";"Saldo da Balança Comercial";"Carajás";"Palestina do Pará";"-";"2016";0
"Economia";"Balança Comercial";"Saldo da Balança Comercial";"Carajás";"Palestina do Pará";"-";"2017";0
"Economia";"Balança Comercial";"Saldo da Balança Comercial";"Carajás";"Palestina do Pará";"-";"2018";0
"Economia";"Balança Comercial";"Saldo da Balança Comercial";"Carajás";"Palestina do Pará";"-";"2019";-280
"Economia";"Balança Comercial";"Saldo da Balança Comercial";"Carajás";"Palestina do Pará";"-";"2020";0
"Economia";"Balança Comercial";"Saldo da Balança Comercial";"Carajás";"Palestina do Pará";"-";"2021";-1389
"Economia";"Balança Comercial";"Saldo da Balança Comercial";"Carajás";"Palestina do Pará";"-";"2022";0
"Economia";"Balança Comercial";"Saldo da Balança Comercial";"Carajás";"Palestina do Pará";"-";"2023";0
"Economia";"Balança Comercial";"Saldo da Balança Comercial";"Carajás";"Palestina do Pará";"-";"2024";0
"Economia";"Balança Comercial";"Saldo da Balança Comercial";"Rio Capim";"Paragominas";"-";"2009";-8092298
"Economia";"Balança Comercial";"Saldo da Balança Comercial";"Rio Capim";"Paragominas";"-";"2010";-18679396
"Economia";"Balança Comercial";"Saldo da Balança Comercial";"Rio Capim";"Paragominas";"-";"2011";-44870449
"Economia";"Balança Comercial";"Saldo da Balança Comercial";"Rio Capim";"Paragominas";"-";"2012";-24995437
"Economia";"Balança Comercial";"Saldo da Balança Comercial";"Rio Capim";"Paragominas";"-";"2013";88693748
"Economia";"Balança Comercial";"Saldo da Balança Comercial";"Rio Capim";"Paragominas";"-";"2014";172483220
"Economia";"Balança Comercial";"Saldo da Balança Comercial";"Rio Capim";"Paragominas";"-";"2015";165284693
"Economia";"Balança Comercial";"Saldo da Balança Comercial";"Rio Capim";"Paragominas";"-";"2016";170464122
"Economia";"Balança Comercial";"Saldo da Balança Comercial";"Rio Capim";"Paragominas";"-";"2017";215578818
"Economia";"Balança Comercial";"Saldo da Balança Comercial";"Rio Capim";"Paragominas";"-";"2018";300328507
"Economia";"Balança Comercial";"Saldo da Balança Comercial";"Rio Capim";"Paragominas";"-";"2019";184107129
"Economia";"Balança Comercial";"Saldo da Balança Comercial";"Rio Capim";"Paragominas";"-";"2020";203144775
"Economia";"Balança Comercial";"Saldo da Balança Comercial";"Rio Capim";"Paragominas";"-";"2021";271027141
"Economia";"Balança Comercial";"Saldo da Balança Comercial";"Rio Capim";"Paragominas";"-";"2022";586594229
"Economia";"Balança Comercial";"Saldo da Balança Comercial";"Rio Capim";"Paragominas";"-";"2023";742950889
"Economia";"Balança Comercial";"Saldo da Balança Comercial";"Rio Capim";"Paragominas";"-";"2024";767248907
"Economia";"Balança Comercial";"Saldo da Balança Comercial";"Carajás";"Parauapebas";"-";"2009";3679945106
"Economia";"Balança Comercial";"Saldo da Balança Comercial";"Carajás";"Parauapebas";"-";"2010";7551528026
"Economia";"Balança Comercial";"Saldo da Balança Comercial";"Carajás";"Parauapebas";"-";"2011";11728076053
"Economia";"Balança Comercial";"Saldo da Balança Comercial";"Carajás";"Parauapebas";"-";"2012";8654531718
"Economia";"Balança Comercial";"Saldo da Balança Comercial";"Carajás";"Parauapebas";"-";"2013";9890968681
"Economia";"Balança Comercial";"Saldo da Balança Comercial";"Carajás";"Parauapebas";"-";"2014";7488350033
"Economia";"Balança Comercial";"Saldo da Balança Comercial";"Carajás";"Parauapebas";"-";"2015";3849748981
"Economia";"Balança Comercial";"Saldo da Balança Comercial";"Carajás";"Parauapebas";"-";"2016";4691199284
"Economia";"Balança Comercial";"Saldo da Balança Comercial";"Carajás";"Parauapebas";"-";"2017";6785592364
"Economia";"Balança Comercial";"Saldo da Balança Comercial";"Carajás";"Parauapebas";"-";"2018";6145320490
"Economia";"Balança Comercial";"Saldo da Balança Comercial";"Carajás";"Parauapebas";"-";"2019";6885839417
"Economia";"Balança Comercial";"Saldo da Balança Comercial";"Carajás";"Parauapebas";"-";"2020";7609818363
"Economia";"Balança Comercial";"Saldo da Balança Comercial";"Carajás";"Parauapebas";"-";"2021";12088199284
"Economia";"Balança Comercial";"Saldo da Balança Comercial";"Carajás";"Parauapebas";"-";"2022";6853786643
"Economia";"Balança Comercial";"Saldo da Balança Comercial";"Carajás";"Parauapebas";"-";"2023";6571642823
"Economia";"Balança Comercial";"Saldo da Balança Comercial";"Carajás";"Parauapebas";"-";"2024";6097392077
"Economia";"Balança Comercial";"Saldo da Balança Comercial";"Araguaia";"Pau D'Arco";"-";"2009";0
"Economia";"Balança Comercial";"Saldo da Balança Comercial";"Araguaia";"Pau D'Arco";"-";"2010";0
"Economia";"Balança Comercial";"Saldo da Balança Comercial";"Araguaia";"Pau D'Arco";"-";"2011";0
"Economia";"Balança Comercial";"Saldo da Balança Comercial";"Araguaia";"Pau D'Arco";"-";"2012";0
"Economia";"Balança Comercial";"Saldo da Balança Comercial";"Araguaia";"Pau D'Arco";"-";"2013";0
"Economia";"Balança Comercial";"Saldo da Balança Comercial";"Araguaia";"Pau D'Arco";"-";"2014";0
"Economia";"Balança Comercial";"Saldo da Balança Comercial";"Araguaia";"Pau D'Arco";"-";"2015";0
"Economia";"Balança Comercial";"Saldo da Balança Comercial";"Araguaia";"Pau D'Arco";"-";"2016";0
"Economia";"Balança Comercial";"Saldo da Balança Comercial";"Araguaia";"Pau D'Arco";"-";"2017";0
"Economia";"Balança Comercial";"Saldo da Balança Comercial";"Araguaia";"Pau D'Arco";"-";"2018";0
"Economia";"Balança Comercial";"Saldo da Balança Comercial";"Araguaia";"Pau D'Arco";"-";"2019";102536
"Economia";"Balança Comercial";"Saldo da Balança Comercial";"Araguaia";"Pau D'Arco";"-";"2020";62397
"Economia";"Balança Comercial";"Saldo da Balança Comercial";"Araguaia";"Pau D'Arco";"-";"2021";0
"Economia";"Balança Comercial";"Saldo da Balança Comercial";"Araguaia";"Pau D'Arco";"-";"2022";0
"Economia";"Balança Comercial";"Saldo da Balança Comercial";"Araguaia";"Pau D'Arco";"-";"2023";0
"Economia";"Balança Comercial";"Saldo da Balança Comercial";"Araguaia";"Pau D'Arco";"-";"2024";0
"Economia";"Balança Comercial";"Saldo da Balança Comercial";"Rio Caeté";"Peixe-Boi";"-";"2009";9373217
"Economia";"Balança Comercial";"Saldo da Balança Comercial";"Rio Caeté";"Peixe-Boi";"-";"2010";3044267
"Economia";"Balança Comercial";"Saldo da Balança Comercial";"Rio Caeté";"Peixe-Boi";"-";"2011";0
"Economia";"Balança Comercial";"Saldo da Balança Comercial";"Rio Caeté";"Peixe-Boi";"-";"2012";0
"Economia";"Balança Comercial";"Saldo da Balança Comercial";"Rio Caeté";"Peixe-Boi";"-";"2013";0
"Economia";"Balança Comercial";"Saldo da Balança Comercial";"Rio Caeté";"Peixe-Boi";"-";"2014";0
"Economia";"Balança Comercial";"Saldo da Balança Comercial";"Rio Caeté";"Peixe-Boi";"-";"2015";0
"Economia";"Balança Comercial";"Saldo da Balança Comercial";"Rio Caeté";"Peixe-Boi";"-";"2016";0
"Economia";"Balança Comercial";"Saldo da Balança Comercial";"Rio Caeté";"Peixe-Boi";"-";"2017";0
"Economia";"Balança Comercial";"Saldo da Balança Comercial";"Rio Caeté";"Peixe-Boi";"-";"2018";0
"Economia";"Balança Comercial";"Saldo da Balança Comercial";"Rio Caeté";"Peixe-Boi";"-";"2019";0
"Economia";"Balança Comercial";"Saldo da Balança Comercial";"Rio Caeté";"Peixe-Boi";"-";"2020";0
"Economia";"Balança Comercial";"Saldo da Balança Comercial";"Rio Caeté";"Peixe-Boi";"-";"2021";0
"Economia";"Balança Comercial";"Saldo da Balança Comercial";"Rio Caeté";"Peixe-Boi";"-";"2022";0
"Economia";"Balança Comercial";"Saldo da Balança Comercial";"Rio Caeté";"Peixe-Boi";"-";"2023";0
"Economia";"Balança Comercial";"Saldo da Balança Comercial";"Rio Caeté";"Peixe-Boi";"-";"2024";0
"Economia";"Balança Comercial";"Saldo da Balança Comercial";"Carajás";"Piçarra";"-";"2009";0
"Economia";"Balança Comercial";"Saldo da Balança Comercial";"Carajás";"Piçarra";"-";"2010";0
"Economia";"Balança Comercial";"Saldo da Balança Comercial";"Carajás";"Piçarra";"-";"2011";0
"Economia";"Balança Comercial";"Saldo da Balança Comercial";"Carajás";"Piçarra";"-";"2012";0
"Economia";"Balança Comercial";"Saldo da Balança Comercial";"Carajás";"Piçarra";"-";"2013";0
"Economia";"Balança Comercial";"Saldo da Balança Comercial";"Carajás";"Piçarra";"-";"2014";0
"Economia";"Balança Comercial";"Saldo da Balança Comercial";"Carajás";"Piçarra";"-";"2015";0
"Economia";"Balança Comercial";"Saldo da Balança Comercial";"Carajás";"Piçarra";"-";"2016";0
"Economia";"Balança Comercial";"Saldo da Balança Comercial";"Carajás";"Piçarra";"-";"2017";0
"Economia";"Balança Comercial";"Saldo da Balança Comercial";"Carajás";"Piçarra";"-";"2018";0
"Economia";"Balança Comercial";"Saldo da Balança Comercial";"Carajás";"Piçarra";"-";"2019";218920
"Economia";"Balança Comercial";"Saldo da Balança Comercial";"Carajás";"Piçarra";"-";"2020";181571
"Economia";"Balança Comercial";"Saldo da Balança Comercial";"Carajás";"Piçarra";"-";"2021";153156
"Economia";"Balança Comercial";"Saldo da Balança Comercial";"Carajás";"Piçarra";"-";"2022";151250
"Economia";"Balança Comercial";"Saldo da Balança Comercial";"Carajás";"Piçarra";"-";"2023";114234
"Economia";"Balança Comercial";"Saldo da Balança Comercial";"Carajás";"Piçarra";"-";"2024";117903
"Economia";"Balança Comercial";"Saldo da Balança Comercial";"Xingu";"Placas";"-";"2009";0
"Economia";"Balança Comercial";"Saldo da Balança Comercial";"Xingu";"Placas";"-";"2010";0
"Economia";"Balança Comercial";"Saldo da Balança Comercial";"Xingu";"Placas";"-";"2011";0
"Economia";"Balança Comercial";"Saldo da Balança Comercial";"Xingu";"Placas";"-";"2012";0
"Economia";"Balança Comercial";"Saldo da Balança Comercial";"Xingu";"Placas";"-";"2013";0
"Economia";"Balança Comercial";"Saldo da Balança Comercial";"Xingu";"Placas";"-";"2014";0
"Economia";"Balança Comercial";"Saldo da Balança Comercial";"Xingu";"Placas";"-";"2015";0
"Economia";"Balança Comercial";"Saldo da Balança Comercial";"Xingu";"Placas";"-";"2016";0
"Economia";"Balança Comercial";"Saldo da Balança Comercial";"Xingu";"Placas";"-";"2017";0
"Economia";"Balança Comercial";"Saldo da Balança Comercial";"Xingu";"Placas";"-";"2018";0
"Economia";"Balança Comercial";"Saldo da Balança Comercial";"Xingu";"Placas";"-";"2019";0
"Economia";"Balança Comercial";"Saldo da Balança Comercial";"Xingu";"Placas";"-";"2020";0
"Economia";"Balança Comercial";"Saldo da Balança Comercial";"Xingu";"Placas";"-";"2021";0
"Economia";"Balança Comercial";"Saldo da Balança Comercial";"Xingu";"Placas";"-";"2022";0
"Economia";"Balança Comercial";"Saldo da Balança Comercial";"Xingu";"Placas";"-";"2023";47640
"Economia";"Balança Comercial";"Saldo da Balança Comercial";"Xingu";"Placas";"-";"2024";43498
"Economia";"Balança Comercial";"Saldo da Balança Comercial";"Marajó";"Ponta de Pedras";"-";"2009";0
"Economia";"Balança Comercial";"Saldo da Balança Comercial";"Marajó";"Ponta de Pedras";"-";"2010";0
"Economia";"Balança Comercial";"Saldo da Balança Comercial";"Marajó";"Ponta de Pedras";"-";"2011";0
"Economia";"Balança Comercial";"Saldo da Balança Comercial";"Marajó";"Ponta de Pedras";"-";"2012";0
"Economia";"Balança Comercial";"Saldo da Balança Comercial";"Marajó";"Ponta de Pedras";"-";"2013";0
"Economia";"Balança Comercial";"Saldo da Balança Comercial";"Marajó";"Ponta de Pedras";"-";"2014";0
"Economia";"Balança Comercial";"Saldo da Balança Comercial";"Marajó";"Ponta de Pedras";"-";"2015";0
"Economia";"Balança Comercial";"Saldo da Balança Comercial";"Marajó";"Ponta de Pedras";"-";"2016";0
"Economia";"Balança Comercial";"Saldo da Balança Comercial";"Marajó";"Ponta de Pedras";"-";"2017";0
"Economia";"Balança Comercial";"Saldo da Balança Comercial";"Marajó";"Ponta de Pedras";"-";"2018";0
"Economia";"Balança Comercial";"Saldo da Balança Comercial";"Marajó";"Ponta de Pedras";"-";"2019";0
"Economia";"Balança Comercial";"Saldo da Balança Comercial";"Marajó";"Ponta de Pedras";"-";"2020";0
"Economia";"Balança Comercial";"Saldo da Balança Comercial";"Marajó";"Ponta de Pedras";"-";"2021";0
"Economia";"Balança Comercial";"Saldo da Balança Comercial";"Marajó";"Ponta de Pedras";"-";"2022";0
"Economia";"Balança Comercial";"Saldo da Balança Comercial";"Marajó";"Ponta de Pedras";"-";"2023";0
"Economia";"Balança Comercial";"Saldo da Balança Comercial";"Marajó";"Ponta de Pedras";"-";"2024";0
"Economia";"Balança Comercial";"Saldo da Balança Comercial";"Marajó";"Portel";"-";"2009";10774158
"Economia";"Balança Comercial";"Saldo da Balança Comercial";"Marajó";"Portel";"-";"2010";7793333
"Economia";"Balança Comercial";"Saldo da Balança Comercial";"Marajó";"Portel";"-";"2011";4367429
"Economia";"Balança Comercial";"Saldo da Balança Comercial";"Marajó";"Portel";"-";"2012";1349460
"Economia";"Balança Comercial";"Saldo da Balança Comercial";"Marajó";"Portel";"-";"2013";384371
"Economia";"Balança Comercial";"Saldo da Balança Comercial";"Marajó";"Portel";"-";"2014";0
"Economia";"Balança Comercial";"Saldo da Balança Comercial";"Marajó";"Portel";"-";"2015";0
"Economia";"Balança Comercial";"Saldo da Balança Comercial";"Marajó";"Portel";"-";"2016";0
"Economia";"Balança Comercial";"Saldo da Balança Comercial";"Marajó";"Portel";"-";"2017";0
"Economia";"Balança Comercial";"Saldo da Balança Comercial";"Marajó";"Portel";"-";"2018";1
"Economia";"Balança Comercial";"Saldo da Balança Comercial";"Marajó";"Portel";"-";"2019";0
"Economia";"Balança Comercial";"Saldo da Balança Comercial";"Marajó";"Portel";"-";"2020";0
"Economia";"Balança Comercial";"Saldo da Balança Comercial";"Marajó";"Portel";"-";"2021";0
"Economia";"Balança Comercial";"Saldo da Balança Comercial";"Marajó";"Portel";"-";"2022";0
"Economia";"Balança Comercial";"Saldo da Balança Comercial";"Marajó";"Portel";"-";"2023";0
"Economia";"Balança Comercial";"Saldo da Balança Comercial";"Marajó";"Portel";"-";"2024";74580
"Economia";"Balança Comercial";"Saldo da Balança Comercial";"Xingu";"Porto de Moz";"-";"2009";361270
"Economia";"Balança Comercial";"Saldo da Balança Comercial";"Xingu";"Porto de Moz";"-";"2010";2730968
"Economia";"Balança Comercial";"Saldo da Balança Comercial";"Xingu";"Porto de Moz";"-";"2011";1907448
"Economia";"Balança Comercial";"Saldo da Balança Comercial";"Xingu";"Porto de Moz";"-";"2012";1093513
"Economia";"Balança Comercial";"Saldo da Balança Comercial";"Xingu";"Porto de Moz";"-";"2013";0
"Economia";"Balança Comercial";"Saldo da Balança Comercial";"Xingu";"Porto de Moz";"-";"2014";0
"Economia";"Balança Comercial";"Saldo da Balança Comercial";"Xingu";"Porto de Moz";"-";"2015";0
"Economia";"Balança Comercial";"Saldo da Balança Comercial";"Xingu";"Porto de Moz";"-";"2016";0
"Economia";"Balança Comercial";"Saldo da Balança Comercial";"Xingu";"Porto de Moz";"-";"2017";0
"Economia";"Balança Comercial";"Saldo da Balança Comercial";"Xingu";"Porto de Moz";"-";"2018";0
"Economia";"Balança Comercial";"Saldo da Balança Comercial";"Xingu";"Porto de Moz";"-";"2019";0
"Economia";"Balança Comercial";"Saldo da Balança Comercial";"Xingu";"Porto de Moz";"-";"2020";0
"Economia";"Balança Comercial";"Saldo da Balança Comercial";"Xingu";"Porto de Moz";"-";"2021";0
"Economia";"Balança Comercial";"Saldo da Balança Comercial";"Xingu";"Porto de Moz";"-";"2022";0
"Economia";"Balança Comercial";"Saldo da Balança Comercial";"Xingu";"Porto de Moz";"-";"2023";0
"Economia";"Balança Comercial";"Saldo da Balança Comercial";"Xingu";"Porto de Moz";"-";"2024";0
"Economia";"Balança Comercial";"Saldo da Balança Comercial";"Baixo Amazonas";"Prainha";"-";"2009";3934968
"Economia";"Balança Comercial";"Saldo da Balança Comercial";"Baixo Amazonas";"Prainha";"-";"2010";6898601
"Economia";"Balança Comercial";"Saldo da Balança Comercial";"Baixo Amazonas";"Prainha";"-";"2011";4290961
"Economia";"Balança Comercial";"Saldo da Balança Comercial";"Baixo Amazonas";"Prainha";"-";"2012";1249451
"Economia";"Balança Comercial";"Saldo da Balança Comercial";"Baixo Amazonas";"Prainha";"-";"2013";3624639
"Economia";"Balança Comercial";"Saldo da Balança Comercial";"Baixo Amazonas";"Prainha";"-";"2014";2952201
"Economia";"Balança Comercial";"Saldo da Balança Comercial";"Baixo Amazonas";"Prainha";"-";"2015";2648675
"Economia";"Balança Comercial";"Saldo da Balança Comercial";"Baixo Amazonas";"Prainha";"-";"2016";2676755
"Economia";"Balança Comercial";"Saldo da Balança Comercial";"Baixo Amazonas";"Prainha";"-";"2017";2085979
"Economia";"Balança Comercial";"Saldo da Balança Comercial";"Baixo Amazonas";"Prainha";"-";"2018";1888085
"Economia";"Balança Comercial";"Saldo da Balança Comercial";"Baixo Amazonas";"Prainha";"-";"2019";1841768
"Economia";"Balança Comercial";"Saldo da Balança Comercial";"Baixo Amazonas";"Prainha";"-";"2020";2102919
"Economia";"Balança Comercial";"Saldo da Balança Comercial";"Baixo Amazonas";"Prainha";"-";"2021";1196000
"Economia";"Balança Comercial";"Saldo da Balança Comercial";"Baixo Amazonas";"Prainha";"-";"2022";2751286
"Economia";"Balança Comercial";"Saldo da Balança Comercial";"Baixo Amazonas";"Prainha";"-";"2023";1463617
"Economia";"Balança Comercial";"Saldo da Balança Comercial";"Baixo Amazonas";"Prainha";"-";"2024";634899
"Economia";"Balança Comercial";"Saldo da Balança Comercial";"Rio Caeté";"Primavera";"-";"2009";0
"Economia";"Balança Comercial";"Saldo da Balança Comercial";"Rio Caeté";"Primavera";"-";"2010";0
"Economia";"Balança Comercial";"Saldo da Balança Comercial";"Rio Caeté";"Primavera";"-";"2011";0
"Economia";"Balança Comercial";"Saldo da Balança Comercial";"Rio Caeté";"Primavera";"-";"2012";0
"Economia";"Balança Comercial";"Saldo da Balança Comercial";"Rio Caeté";"Primavera";"-";"2013";-20845508
"Economia";"Balança Comercial";"Saldo da Balança Comercial";"Rio Caeté";"Primavera";"-";"2014";-1290376
"Economia";"Balança Comercial";"Saldo da Balança Comercial";"Rio Caeté";"Primavera";"-";"2015";-8741499
"Economia";"Balança Comercial";"Saldo da Balança Comercial";"Rio Caeté";"Primavera";"-";"2016";-38416
"Economia";"Balança Comercial";"Saldo da Balança Comercial";"Rio Caeté";"Primavera";"-";"2017";-144872
"Economia";"Balança Comercial";"Saldo da Balança Comercial";"Rio Caeté";"Primavera";"-";"2018";-6382415
"Economia";"Balança Comercial";"Saldo da Balança Comercial";"Rio Caeté";"Primavera";"-";"2019";-7523038
"Economia";"Balança Comercial";"Saldo da Balança Comercial";"Rio Caeté";"Primavera";"-";"2020";-2275984
"Economia";"Balança Comercial";"Saldo da Balança Comercial";"Rio Caeté";"Primavera";"-";"2021";-5726938
"Economia";"Balança Comercial";"Saldo da Balança Comercial";"Rio Caeté";"Primavera";"-";"2022";-6070534
"Economia";"Balança Comercial";"Saldo da Balança Comercial";"Rio Caeté";"Primavera";"-";"2023";-8707437
"Economia";"Balança Comercial";"Saldo da Balança Comercial";"Rio Caeté";"Primavera";"-";"2024";0
"Economia";"Balança Comercial";"Saldo da Balança Comercial";"Rio Caeté";"Quatipuru";"-";"2009";0
"Economia";"Balança Comercial";"Saldo da Balança Comercial";"Rio Caeté";"Quatipuru";"-";"2010";0
"Economia";"Balança Comercial";"Saldo da Balança Comercial";"Rio Caeté";"Quatipuru";"-";"2011";0
"Economia";"Balança Comercial";"Saldo da Balança Comercial";"Rio Caeté";"Quatipuru";"-";"2012";0
"Economia";"Balança Comercial";"Saldo da Balança Comercial";"Rio Caeté";"Quatipuru";"-";"2013";0
"Economia";"Balança Comercial";"Saldo da Balança Comercial";"Rio Caeté";"Quatipuru";"-";"2014";0
"Economia";"Balança Comercial";"Saldo da Balança Comercial";"Rio Caeté";"Quatipuru";"-";"2015";0
"Economia";"Balança Comercial";"Saldo da Balança Comercial";"Rio Caeté";"Quatipuru";"-";"2016";0
"Economia";"Balança Comercial";"Saldo da Balança Comercial";"Rio Caeté";"Quatipuru";"-";"2017";0
"Economia";"Balança Comercial";"Saldo da Balança Comercial";"Rio Caeté";"Quatipuru";"-";"2018";0
"Economia";"Balança Comercial";"Saldo da Balança Comercial";"Rio Caeté";"Quatipuru";"-";"2019";0
"Economia";"Balança Comercial";"Saldo da Balança Comercial";"Rio Caeté";"Quatipuru";"-";"2020";0
"Economia";"Balança Comercial";"Saldo da Balança Comercial";"Rio Caeté";"Quatipuru";"-";"2021";0
"Economia";"Balança Comercial";"Saldo da Balança Comercial";"Rio Caeté";"Quatipuru";"-";"2022";0
"Economia";"Balança Comercial";"Saldo da Balança Comercial";"Rio Caeté";"Quatipuru";"-";"2023";0
"Economia";"Balança Comercial";"Saldo da Balança Comercial";"Rio Caeté";"Quatipuru";"-";"2024";0
"Economia";"Balança Comercial";"Saldo da Balança Comercial";"Araguaia";"Redenção";"-";"2009";5971909
"Economia";"Balança Comercial";"Saldo da Balança Comercial";"Araguaia";"Redenção";"-";"2010";5058903
"Economia";"Balança Comercial";"Saldo da Balança Comercial";"Araguaia";"Redenção";"-";"2011";8985602
"Economia";"Balança Comercial";"Saldo da Balança Comercial";"Araguaia";"Redenção";"-";"2012";7838990
"Economia";"Balança Comercial";"Saldo da Balança Comercial";"Araguaia";"Redenção";"-";"2013";11370430
"Economia";"Balança Comercial";"Saldo da Balança Comercial";"Araguaia";"Redenção";"-";"2014";13226630
"Economia";"Balança Comercial";"Saldo da Balança Comercial";"Araguaia";"Redenção";"-";"2015";8694212
"Economia";"Balança Comercial";"Saldo da Balança Comercial";"Araguaia";"Redenção";"-";"2016";19612916
"Economia";"Balança Comercial";"Saldo da Balança Comercial";"Araguaia";"Redenção";"-";"2017";45754932
"Economia";"Balança Comercial";"Saldo da Balança Comercial";"Araguaia";"Redenção";"-";"2018";23870383
"Economia";"Balança Comercial";"Saldo da Balança Comercial";"Araguaia";"Redenção";"-";"2019";35692568
"Economia";"Balança Comercial";"Saldo da Balança Comercial";"Araguaia";"Redenção";"-";"2020";53732641
"Economia";"Balança Comercial";"Saldo da Balança Comercial";"Araguaia";"Redenção";"-";"2021";113535933
"Economia";"Balança Comercial";"Saldo da Balança Comercial";"Araguaia";"Redenção";"-";"2022";174603445
"Economia";"Balança Comercial";"Saldo da Balança Comercial";"Araguaia";"Redenção";"-";"2023";286784938
"Economia";"Balança Comercial";"Saldo da Balança Comercial";"Araguaia";"Redenção";"-";"2024";789411424
"Economia";"Balança Comercial";"Saldo da Balança Comercial";"Araguaia";"Rio Maria";"-";"2009";6700289
"Economia";"Balança Comercial";"Saldo da Balança Comercial";"Araguaia";"Rio Maria";"-";"2010";4866258
"Economia";"Balança Comercial";"Saldo da Balança Comercial";"Araguaia";"Rio Maria";"-";"2011";8419514
"Economia";"Balança Comercial";"Saldo da Balança Comercial";"Araguaia";"Rio Maria";"-";"2012";7442526
"Economia";"Balança Comercial";"Saldo da Balança Comercial";"Araguaia";"Rio Maria";"-";"2013";9952551
"Economia";"Balança Comercial";"Saldo da Balança Comercial";"Araguaia";"Rio Maria";"-";"2014";11234483
"Economia";"Balança Comercial";"Saldo da Balança Comercial";"Araguaia";"Rio Maria";"-";"2015";7303956
"Economia";"Balança Comercial";"Saldo da Balança Comercial";"Araguaia";"Rio Maria";"-";"2016";8285103
"Economia";"Balança Comercial";"Saldo da Balança Comercial";"Araguaia";"Rio Maria";"-";"2017";8919805
"Economia";"Balança Comercial";"Saldo da Balança Comercial";"Araguaia";"Rio Maria";"-";"2018";8055909
"Economia";"Balança Comercial";"Saldo da Balança Comercial";"Araguaia";"Rio Maria";"-";"2019";15594274
"Economia";"Balança Comercial";"Saldo da Balança Comercial";"Araguaia";"Rio Maria";"-";"2020";44604352
"Economia";"Balança Comercial";"Saldo da Balança Comercial";"Araguaia";"Rio Maria";"-";"2021";46565827
"Economia";"Balança Comercial";"Saldo da Balança Comercial";"Araguaia";"Rio Maria";"-";"2022";142527754
"Economia";"Balança Comercial";"Saldo da Balança Comercial";"Araguaia";"Rio Maria";"-";"2023";107081534
"Economia";"Balança Comercial";"Saldo da Balança Comercial";"Araguaia";"Rio Maria";"-";"2024";103192276
"Economia";"Balança Comercial";"Saldo da Balança Comercial";"Rio Capim";"Rondon do Pará";"-";"2009";114166
"Economia";"Balança Comercial";"Saldo da Balança Comercial";"Rio Capim";"Rondon do Pará";"-";"2010";553678
"Economia";"Balança Comercial";"Saldo da Balança Comercial";"Rio Capim";"Rondon do Pará";"-";"2011";1192074
"Economia";"Balança Comercial";"Saldo da Balança Comercial";"Rio Capim";"Rondon do Pará";"-";"2012";485780
"Economia";"Balança Comercial";"Saldo da Balança Comercial";"Rio Capim";"Rondon do Pará";"-";"2013";212690
"Economia";"Balança Comercial";"Saldo da Balança Comercial";"Rio Capim";"Rondon do Pará";"-";"2014";17717
"Economia";"Balança Comercial";"Saldo da Balança Comercial";"Rio Capim";"Rondon do Pará";"-";"2015";0
"Economia";"Balança Comercial";"Saldo da Balança Comercial";"Rio Capim";"Rondon do Pará";"-";"2016";787403
"Economia";"Balança Comercial";"Saldo da Balança Comercial";"Rio Capim";"Rondon do Pará";"-";"2017";2612675
"Economia";"Balança Comercial";"Saldo da Balança Comercial";"Rio Capim";"Rondon do Pará";"-";"2018";3275556
"Economia";"Balança Comercial";"Saldo da Balança Comercial";"Rio Capim";"Rondon do Pará";"-";"2019";3821039
"Economia";"Balança Comercial";"Saldo da Balança Comercial";"Rio Capim";"Rondon do Pará";"-";"2020";4508965
"Economia";"Balança Comercial";"Saldo da Balança Comercial";"Rio Capim";"Rondon do Pará";"-";"2021";882887
"Economia";"Balança Comercial";"Saldo da Balança Comercial";"Rio Capim";"Rondon do Pará";"-";"2022";12230060
"Economia";"Balança Comercial";"Saldo da Balança Comercial";"Rio Capim";"Rondon do Pará";"-";"2023";15664308
"Economia";"Balança Comercial";"Saldo da Balança Comercial";"Rio Capim";"Rondon do Pará";"-";"2024";9937728
"Economia";"Balança Comercial";"Saldo da Balança Comercial";"Tapajós";"Rurópolis";"-";"2009";0
"Economia";"Balança Comercial";"Saldo da Balança Comercial";"Tapajós";"Rurópolis";"-";"2010";0
"Economia";"Balança Comercial";"Saldo da Balança Comercial";"Tapajós";"Rurópolis";"-";"2011";0
"Economia";"Balança Comercial";"Saldo da Balança Comercial";"Tapajós";"Rurópolis";"-";"2012";0
"Economia";"Balança Comercial";"Saldo da Balança Comercial";"Tapajós";"Rurópolis";"-";"2013";0
"Economia";"Balança Comercial";"Saldo da Balança Comercial";"Tapajós";"Rurópolis";"-";"2014";0
"Economia";"Balança Comercial";"Saldo da Balança Comercial";"Tapajós";"Rurópolis";"-";"2015";658832
"Economia";"Balança Comercial";"Saldo da Balança Comercial";"Tapajós";"Rurópolis";"-";"2016";326649
"Economia";"Balança Comercial";"Saldo da Balança Comercial";"Tapajós";"Rurópolis";"-";"2017";0
"Economia";"Balança Comercial";"Saldo da Balança Comercial";"Tapajós";"Rurópolis";"-";"2018";-113560
"Economia";"Balança Comercial";"Saldo da Balança Comercial";"Tapajós";"Rurópolis";"-";"2019";-149766
"Economia";"Balança Comercial";"Saldo da Balança Comercial";"Tapajós";"Rurópolis";"-";"2020";379463
"Economia";"Balança Comercial";"Saldo da Balança Comercial";"Tapajós";"Rurópolis";"-";"2021";-111728
"Economia";"Balança Comercial";"Saldo da Balança Comercial";"Tapajós";"Rurópolis";"-";"2022";-38949
"Economia";"Balança Comercial";"Saldo da Balança Comercial";"Tapajós";"Rurópolis";"-";"2023";-251
"Economia";"Balança Comercial";"Saldo da Balança Comercial";"Tapajós";"Rurópolis";"-";"2024";0
"Economia";"Balança Comercial";"Saldo da Balança Comercial";"Rio Caeté";"Salinópolis";"-";"2009";0
"Economia";"Balança Comercial";"Saldo da Balança Comercial";"Rio Caeté";"Salinópolis";"-";"2010";0
"Economia";"Balança Comercial";"Saldo da Balança Comercial";"Rio Caeté";"Salinópolis";"-";"2011";0
"Economia";"Balança Comercial";"Saldo da Balança Comercial";"Rio Caeté";"Salinópolis";"-";"2012";0
"Economia";"Balança Comercial";"Saldo da Balança Comercial";"Rio Caeté";"Salinópolis";"-";"2013";0
"Economia";"Balança Comercial";"Saldo da Balança Comercial";"Rio Caeté";"Salinópolis";"-";"2014";0
"Economia";"Balança Comercial";"Saldo da Balança Comercial";"Rio Caeté";"Salinópolis";"-";"2015";0
"Economia";"Balança Comercial";"Saldo da Balança Comercial";"Rio Caeté";"Salinópolis";"-";"2016";0
"Economia";"Balança Comercial";"Saldo da Balança Comercial";"Rio Caeté";"Salinópolis";"-";"2017";0
"Economia";"Balança Comercial";"Saldo da Balança Comercial";"Rio Caeté";"Salinópolis";"-";"2018";0
"Economia";"Balança Comercial";"Saldo da Balança Comercial";"Rio Caeté";"Salinópolis";"-";"2019";0
"Economia";"Balança Comercial";"Saldo da Balança Comercial";"Rio Caeté";"Salinópolis";"-";"2020";0
"Economia";"Balança Comercial";"Saldo da Balança Comercial";"Rio Caeté";"Salinópolis";"-";"2021";-4448
"Economia";"Balança Comercial";"Saldo da Balança Comercial";"Rio Caeté";"Salinópolis";"-";"2022";0
"Economia";"Balança Comercial";"Saldo da Balança Comercial";"Rio Caeté";"Salinópolis";"-";"2023";-1596
"Economia";"Balança Comercial";"Saldo da Balança Comercial";"Rio Caeté";"Salinópolis";"-";"2024";0
"Economia";"Balança Comercial";"Saldo da Balança Comercial";"Marajó";"Salvaterra";"-";"2009";1362667
"Economia";"Balança Comercial";"Saldo da Balança Comercial";"Marajó";"Salvaterra";"-";"2010";0
"Economia";"Balança Comercial";"Saldo da Balança Comercial";"Marajó";"Salvaterra";"-";"2011";0
"Economia";"Balança Comercial";"Saldo da Balança Comercial";"Marajó";"Salvaterra";"-";"2012";0
"Economia";"Balança Comercial";"Saldo da Balança Comercial";"Marajó";"Salvaterra";"-";"2013";721858
"Economia";"Balança Comercial";"Saldo da Balança Comercial";"Marajó";"Salvaterra";"-";"2014";0
"Economia";"Balança Comercial";"Saldo da Balança Comercial";"Marajó";"Salvaterra";"-";"2015";0
"Economia";"Balança Comercial";"Saldo da Balança Comercial";"Marajó";"Salvaterra";"-";"2016";-19553
"Economia";"Balança Comercial";"Saldo da Balança Comercial";"Marajó";"Salvaterra";"-";"2017";951
"Economia";"Balança Comercial";"Saldo da Balança Comercial";"Marajó";"Salvaterra";"-";"2018";0
"Economia";"Balança Comercial";"Saldo da Balança Comercial";"Marajó";"Salvaterra";"-";"2019";0
"Economia";"Balança Comercial";"Saldo da Balança Comercial";"Marajó";"Salvaterra";"-";"2020";62586
"Economia";"Balança Comercial";"Saldo da Balança Comercial";"Marajó";"Salvaterra";"-";"2021";12262
"Economia";"Balança Comercial";"Saldo da Balança Comercial";"Marajó";"Salvaterra";"-";"2022";65462
"Economia";"Balança Comercial";"Saldo da Balança Comercial";"Marajó";"Salvaterra";"-";"2023";0
"Economia";"Balança Comercial";"Saldo da Balança Comercial";"Marajó";"Salvaterra";"-";"2024";33306
"Economia";"Balança Comercial";"Saldo da Balança Comercial";"Guajará";"Santa Bárbara do Pará";"-";"2009";5893813
"Economia";"Balança Comercial";"Saldo da Balança Comercial";"Guajará";"Santa Bárbara do Pará";"-";"2010";2533135
"Economia";"Balança Comercial";"Saldo da Balança Comercial";"Guajará";"Santa Bárbara do Pará";"-";"2011";3483946
"Economia";"Balança Comercial";"Saldo da Balança Comercial";"Guajará";"Santa Bárbara do Pará";"-";"2012";3414091
"Economia";"Balança Comercial";"Saldo da Balança Comercial";"Guajará";"Santa Bárbara do Pará";"-";"2013";2148810
"Economia";"Balança Comercial";"Saldo da Balança Comercial";"Guajará";"Santa Bárbara do Pará";"-";"2014";8276850
"Economia";"Balança Comercial";"Saldo da Balança Comercial";"Guajará";"Santa Bárbara do Pará";"-";"2015";10258419
"Economia";"Balança Comercial";"Saldo da Balança Comercial";"Guajará";"Santa Bárbara do Pará";"-";"2016";10953666
"Economia";"Balança Comercial";"Saldo da Balança Comercial";"Guajará";"Santa Bárbara do Pará";"-";"2017";11156910
"Economia";"Balança Comercial";"Saldo da Balança Comercial";"Guajará";"Santa Bárbara do Pará";"-";"2018";17575192
"Economia";"Balança Comercial";"Saldo da Balança Comercial";"Guajará";"Santa Bárbara do Pará";"-";"2019";18968530
"Economia";"Balança Comercial";"Saldo da Balança Comercial";"Guajará";"Santa Bárbara do Pará";"-";"2020";19043873
"Economia";"Balança Comercial";"Saldo da Balança Comercial";"Guajará";"Santa Bárbara do Pará";"-";"2021";17773729
"Economia";"Balança Comercial";"Saldo da Balança Comercial";"Guajará";"Santa Bárbara do Pará";"-";"2022";28337787
"Economia";"Balança Comercial";"Saldo da Balança Comercial";"Guajará";"Santa Bárbara do Pará";"-";"2023";17992149
"Economia";"Balança Comercial";"Saldo da Balança Comercial";"Guajará";"Santa Bárbara do Pará";"-";"2024";21545778
"Economia";"Balança Comercial";"Saldo da Balança Comercial";"Marajó";"Santa Cruz do Arari";"-";"2009";0
"Economia";"Balança Comercial";"Saldo da Balança Comercial";"Marajó";"Santa Cruz do Arari";"-";"2010";0
"Economia";"Balança Comercial";"Saldo da Balança Comercial";"Marajó";"Santa Cruz do Arari";"-";"2011";0
"Economia";"Balança Comercial";"Saldo da Balança Comercial";"Marajó";"Santa Cruz do Arari";"-";"2012";0
"Economia";"Balança Comercial";"Saldo da Balança Comercial";"Marajó";"Santa Cruz do Arari";"-";"2013";0
"Economia";"Balança Comercial";"Saldo da Balança Comercial";"Marajó";"Santa Cruz do Arari";"-";"2014";0
"Economia";"Balança Comercial";"Saldo da Balança Comercial";"Marajó";"Santa Cruz do Arari";"-";"2015";0
"Economia";"Balança Comercial";"Saldo da Balança Comercial";"Marajó";"Santa Cruz do Arari";"-";"2016";0
"Economia";"Balança Comercial";"Saldo da Balança Comercial";"Marajó";"Santa Cruz do Arari";"-";"2017";0
"Economia";"Balança Comercial";"Saldo da Balança Comercial";"Marajó";"Santa Cruz do Arari";"-";"2018";0
"Economia";"Balança Comercial";"Saldo da Balança Comercial";"Marajó";"Santa Cruz do Arari";"-";"2019";0
"Economia";"Balança Comercial";"Saldo da Balança Comercial";"Marajó";"Santa Cruz do Arari";"-";"2020";0
"Economia";"Balança Comercial";"Saldo da Balança Comercial";"Marajó";"Santa Cruz do Arari";"-";"2021";0
"Economia";"Balança Comercial";"Saldo da Balança Comercial";"Marajó";"Santa Cruz do Arari";"-";"2022";0
"Economia";"Balança Comercial";"Saldo da Balança Comercial";"Marajó";"Santa Cruz do Arari";"-";"2023";0
"Economia";"Balança Comercial";"Saldo da Balança Comercial";"Marajó";"Santa Cruz do Arari";"-";"2024";0
"Economia";"Balança Comercial";"Saldo da Balança Comercial";"Guamá";"Santa Izabel do Pará";"-";"2009";5214520
"Economia";"Balança Comercial";"Saldo da Balança Comercial";"Guamá";"Santa Izabel do Pará";"-";"2010";2810198
"Economia";"Balança Comercial";"Saldo da Balança Comercial";"Guamá";"Santa Izabel do Pará";"-";"2011";6510594
"Economia";"Balança Comercial";"Saldo da Balança Comercial";"Guamá";"Santa Izabel do Pará";"-";"2012";-59631
"Economia";"Balança Comercial";"Saldo da Balança Comercial";"Guamá";"Santa Izabel do Pará";"-";"2013";8807298
"Economia";"Balança Comercial";"Saldo da Balança Comercial";"Guamá";"Santa Izabel do Pará";"-";"2014";5467902
"Economia";"Balança Comercial";"Saldo da Balança Comercial";"Guamá";"Santa Izabel do Pará";"-";"2015";3904384
"Economia";"Balança Comercial";"Saldo da Balança Comercial";"Guamá";"Santa Izabel do Pará";"-";"2016";3391898
"Economia";"Balança Comercial";"Saldo da Balança Comercial";"Guamá";"Santa Izabel do Pará";"-";"2017";2424337
"Economia";"Balança Comercial";"Saldo da Balança Comercial";"Guamá";"Santa Izabel do Pará";"-";"2018";1448655
"Economia";"Balança Comercial";"Saldo da Balança Comercial";"Guamá";"Santa Izabel do Pará";"-";"2019";1471591
"Economia";"Balança Comercial";"Saldo da Balança Comercial";"Guamá";"Santa Izabel do Pará";"-";"2020";750627
"Economia";"Balança Comercial";"Saldo da Balança Comercial";"Guamá";"Santa Izabel do Pará";"-";"2021";-672013
"Economia";"Balança Comercial";"Saldo da Balança Comercial";"Guamá";"Santa Izabel do Pará";"-";"2022";-440161
"Economia";"Balança Comercial";"Saldo da Balança Comercial";"Guamá";"Santa Izabel do Pará";"-";"2023";2787789
"Economia";"Balança Comercial";"Saldo da Balança Comercial";"Guamá";"Santa Izabel do Pará";"-";"2024";1321950
"Economia";"Balança Comercial";"Saldo da Balança Comercial";"Rio Caeté";"Santa Luzia do Pará";"-";"2009";0
"Economia";"Balança Comercial";"Saldo da Balança Comercial";"Rio Caeté";"Santa Luzia do Pará";"-";"2010";0
"Economia";"Balança Comercial";"Saldo da Balança Comercial";"Rio Caeté";"Santa Luzia do Pará";"-";"2011";0
"Economia";"Balança Comercial";"Saldo da Balança Comercial";"Rio Caeté";"Santa Luzia do Pará";"-";"2012";0
"Economia";"Balança Comercial";"Saldo da Balança Comercial";"Rio Caeté";"Santa Luzia do Pará";"-";"2013";0
"Economia";"Balança Comercial";"Saldo da Balança Comercial";"Rio Caeté";"Santa Luzia do Pará";"-";"2014";0
"Economia";"Balança Comercial";"Saldo da Balança Comercial";"Rio Caeté";"Santa Luzia do Pará";"-";"2015";0
"Economia";"Balança Comercial";"Saldo da Balança Comercial";"Rio Caeté";"Santa Luzia do Pará";"-";"2016";0
"Economia";"Balança Comercial";"Saldo da Balança Comercial";"Rio Caeté";"Santa Luzia do Pará";"-";"2017";0
"Economia";"Balança Comercial";"Saldo da Balança Comercial";"Rio Caeté";"Santa Luzia do Pará";"-";"2018";0
"Economia";"Balança Comercial";"Saldo da Balança Comercial";"Rio Caeté";"Santa Luzia do Pará";"-";"2019";0
"Economia";"Balança Comercial";"Saldo da Balança Comercial";"Rio Caeté";"Santa Luzia do Pará";"-";"2020";0
"Economia";"Balança Comercial";"Saldo da Balança Comercial";"Rio Caeté";"Santa Luzia do Pará";"-";"2021";0
"Economia";"Balança Comercial";"Saldo da Balança Comercial";"Rio Caeté";"Santa Luzia do Pará";"-";"2022";0
"Economia";"Balança Comercial";"Saldo da Balança Comercial";"Rio Caeté";"Santa Luzia do Pará";"-";"2023";0
"Economia";"Balança Comercial";"Saldo da Balança Comercial";"Rio Caeté";"Santa Luzia do Pará";"-";"2024";0
"Economia";"Balança Comercial";"Saldo da Balança Comercial";"Araguaia";"Santa Maria das Barreiras";"-";"2009";0
"Economia";"Balança Comercial";"Saldo da Balança Comercial";"Araguaia";"Santa Maria das Barreiras";"-";"2010";0
"Economia";"Balança Comercial";"Saldo da Balança Comercial";"Araguaia";"Santa Maria das Barreiras";"-";"2011";0
"Economia";"Balança Comercial";"Saldo da Balança Comercial";"Araguaia";"Santa Maria das Barreiras";"-";"2012";0
"Economia";"Balança Comercial";"Saldo da Balança Comercial";"Araguaia";"Santa Maria das Barreiras";"-";"2013";0
"Economia";"Balança Comercial";"Saldo da Balança Comercial";"Araguaia";"Santa Maria das Barreiras";"-";"2014";212982
"Economia";"Balança Comercial";"Saldo da Balança Comercial";"Araguaia";"Santa Maria das Barreiras";"-";"2015";473630
"Economia";"Balança Comercial";"Saldo da Balança Comercial";"Araguaia";"Santa Maria das Barreiras";"-";"2016";327909
"Economia";"Balança Comercial";"Saldo da Balança Comercial";"Araguaia";"Santa Maria das Barreiras";"-";"2017";1300588
"Economia";"Balança Comercial";"Saldo da Balança Comercial";"Araguaia";"Santa Maria das Barreiras";"-";"2018";338828
"Economia";"Balança Comercial";"Saldo da Balança Comercial";"Araguaia";"Santa Maria das Barreiras";"-";"2019";0
"Economia";"Balança Comercial";"Saldo da Balança Comercial";"Araguaia";"Santa Maria das Barreiras";"-";"2020";0
"Economia";"Balança Comercial";"Saldo da Balança Comercial";"Araguaia";"Santa Maria das Barreiras";"-";"2021";0
"Economia";"Balança Comercial";"Saldo da Balança Comercial";"Araguaia";"Santa Maria das Barreiras";"-";"2022";1566
"Economia";"Balança Comercial";"Saldo da Balança Comercial";"Araguaia";"Santa Maria das Barreiras";"-";"2023";0
"Economia";"Balança Comercial";"Saldo da Balança Comercial";"Araguaia";"Santa Maria das Barreiras";"-";"2024";-16171
"Economia";"Balança Comercial";"Saldo da Balança Comercial";"Guamá";"Santa Maria do Pará";"-";"2009";0
"Economia";"Balança Comercial";"Saldo da Balança Comercial";"Guamá";"Santa Maria do Pará";"-";"2010";0
"Economia";"Balança Comercial";"Saldo da Balança Comercial";"Guamá";"Santa Maria do Pará";"-";"2011";0
"Economia";"Balança Comercial";"Saldo da Balança Comercial";"Guamá";"Santa Maria do Pará";"-";"2012";12510
"Economia";"Balança Comercial";"Saldo da Balança Comercial";"Guamá";"Santa Maria do Pará";"-";"2013";0
"Economia";"Balança Comercial";"Saldo da Balança Comercial";"Guamá";"Santa Maria do Pará";"-";"2014";0
"Economia";"Balança Comercial";"Saldo da Balança Comercial";"Guamá";"Santa Maria do Pará";"-";"2015";0
"Economia";"Balança Comercial";"Saldo da Balança Comercial";"Guamá";"Santa Maria do Pará";"-";"2016";0
"Economia";"Balança Comercial";"Saldo da Balança Comercial";"Guamá";"Santa Maria do Pará";"-";"2017";21445
"Economia";"Balança Comercial";"Saldo da Balança Comercial";"Guamá";"Santa Maria do Pará";"-";"2018";0
"Economia";"Balança Comercial";"Saldo da Balança Comercial";"Guamá";"Santa Maria do Pará";"-";"2019";6753
"Economia";"Balança Comercial";"Saldo da Balança Comercial";"Guamá";"Santa Maria do Pará";"-";"2020";20746
"Economia";"Balança Comercial";"Saldo da Balança Comercial";"Guamá";"Santa Maria do Pará";"-";"2021";224
"Economia";"Balança Comercial";"Saldo da Balança Comercial";"Guamá";"Santa Maria do Pará";"-";"2022";6634
"Economia";"Balança Comercial";"Saldo da Balança Comercial";"Guamá";"Santa Maria do Pará";"-";"2023";8615
"Economia";"Balança Comercial";"Saldo da Balança Comercial";"Guamá";"Santa Maria do Pará";"-";"2024";-4148
"Economia";"Balança Comercial";"Saldo da Balança Comercial";"Araguaia";"Santana do Araguaia";"-";"2009";29752078
"Economia";"Balança Comercial";"Saldo da Balança Comercial";"Araguaia";"Santana do Araguaia";"-";"2010";19399200
"Economia";"Balança Comercial";"Saldo da Balança Comercial";"Araguaia";"Santana do Araguaia";"-";"2011";22591590
"Economia";"Balança Comercial";"Saldo da Balança Comercial";"Araguaia";"Santana do Araguaia";"-";"2012";7804173
"Economia";"Balança Comercial";"Saldo da Balança Comercial";"Araguaia";"Santana do Araguaia";"-";"2013";13293236
"Economia";"Balança Comercial";"Saldo da Balança Comercial";"Araguaia";"Santana do Araguaia";"-";"2014";26544404
"Economia";"Balança Comercial";"Saldo da Balança Comercial";"Araguaia";"Santana do Araguaia";"-";"2015";12090808
"Economia";"Balança Comercial";"Saldo da Balança Comercial";"Araguaia";"Santana do Araguaia";"-";"2016";57593898
"Economia";"Balança Comercial";"Saldo da Balança Comercial";"Araguaia";"Santana do Araguaia";"-";"2017";147548710
"Economia";"Balança Comercial";"Saldo da Balança Comercial";"Araguaia";"Santana do Araguaia";"-";"2018";406741849
"Economia";"Balança Comercial";"Saldo da Balança Comercial";"Araguaia";"Santana do Araguaia";"-";"2019";199269597
"Economia";"Balança Comercial";"Saldo da Balança Comercial";"Araguaia";"Santana do Araguaia";"-";"2020";148917923
"Economia";"Balança Comercial";"Saldo da Balança Comercial";"Araguaia";"Santana do Araguaia";"-";"2021";210889296
"Economia";"Balança Comercial";"Saldo da Balança Comercial";"Araguaia";"Santana do Araguaia";"-";"2022";439314565
"Economia";"Balança Comercial";"Saldo da Balança Comercial";"Araguaia";"Santana do Araguaia";"-";"2023";519776113
"Economia";"Balança Comercial";"Saldo da Balança Comercial";"Araguaia";"Santana do Araguaia";"-";"2024";32310314
"Economia";"Balança Comercial";"Saldo da Balança Comercial";"Baixo Amazonas";"Santarém";"-";"2009";65671734
"Economia";"Balança Comercial";"Saldo da Balança Comercial";"Baixo Amazonas";"Santarém";"-";"2010";80618040
"Economia";"Balança Comercial";"Saldo da Balança Comercial";"Baixo Amazonas";"Santarém";"-";"2011";82458016
"Economia";"Balança Comercial";"Saldo da Balança Comercial";"Baixo Amazonas";"Santarém";"-";"2012";86482378
"Economia";"Balança Comercial";"Saldo da Balança Comercial";"Baixo Amazonas";"Santarém";"-";"2013";99955229
"Economia";"Balança Comercial";"Saldo da Balança Comercial";"Baixo Amazonas";"Santarém";"-";"2014";107450049
"Economia";"Balança Comercial";"Saldo da Balança Comercial";"Baixo Amazonas";"Santarém";"-";"2015";85178952
"Economia";"Balança Comercial";"Saldo da Balança Comercial";"Baixo Amazonas";"Santarém";"-";"2016";67185087
"Economia";"Balança Comercial";"Saldo da Balança Comercial";"Baixo Amazonas";"Santarém";"-";"2017";94570845
"Economia";"Balança Comercial";"Saldo da Balança Comercial";"Baixo Amazonas";"Santarém";"-";"2018";83975385
"Economia";"Balança Comercial";"Saldo da Balança Comercial";"Baixo Amazonas";"Santarém";"-";"2019";120697623
"Economia";"Balança Comercial";"Saldo da Balança Comercial";"Baixo Amazonas";"Santarém";"-";"2020";110492834
"Economia";"Balança Comercial";"Saldo da Balança Comercial";"Baixo Amazonas";"Santarém";"-";"2021";187312813
"Economia";"Balança Comercial";"Saldo da Balança Comercial";"Baixo Amazonas";"Santarém";"-";"2022";164086879
"Economia";"Balança Comercial";"Saldo da Balança Comercial";"Baixo Amazonas";"Santarém";"-";"2023";380078145
"Economia";"Balança Comercial";"Saldo da Balança Comercial";"Baixo Amazonas";"Santarém";"-";"2024";171600699
"Economia";"Balança Comercial";"Saldo da Balança Comercial";"Rio Caeté";"Santarém Novo";"-";"2009";0
"Economia";"Balança Comercial";"Saldo da Balança Comercial";"Rio Caeté";"Santarém Novo";"-";"2010";0
"Economia";"Balança Comercial";"Saldo da Balança Comercial";"Rio Caeté";"Santarém Novo";"-";"2011";0
"Economia";"Balança Comercial";"Saldo da Balança Comercial";"Rio Caeté";"Santarém Novo";"-";"2012";0
"Economia";"Balança Comercial";"Saldo da Balança Comercial";"Rio Caeté";"Santarém Novo";"-";"2013";0
"Economia";"Balança Comercial";"Saldo da Balança Comercial";"Rio Caeté";"Santarém Novo";"-";"2014";0
"Economia";"Balança Comercial";"Saldo da Balança Comercial";"Rio Caeté";"Santarém Novo";"-";"2015";0
"Economia";"Balança Comercial";"Saldo da Balança Comercial";"Rio Caeté";"Santarém Novo";"-";"2016";0
"Economia";"Balança Comercial";"Saldo da Balança Comercial";"Rio Caeté";"Santarém Novo";"-";"2017";0
"Economia";"Balança Comercial";"Saldo da Balança Comercial";"Rio Caeté";"Santarém Novo";"-";"2018";0
"Economia";"Balança Comercial";"Saldo da Balança Comercial";"Rio Caeté";"Santarém Novo";"-";"2019";0
"Economia";"Balança Comercial";"Saldo da Balança Comercial";"Rio Caeté";"Santarém Novo";"-";"2020";0
"Economia";"Balança Comercial";"Saldo da Balança Comercial";"Rio Caeté";"Santarém Novo";"-";"2021";0
"Economia";"Balança Comercial";"Saldo da Balança Comercial";"Rio Caeté";"Santarém Novo";"-";"2022";0
"Economia";"Balança Comercial";"Saldo da Balança Comercial";"Rio Caeté";"Santarém Novo";"-";"2023";0
"Economia";"Balança Comercial";"Saldo da Balança Comercial";"Rio Caeté";"Santarém Novo";"-";"2024";0
"Economia";"Balança Comercial";"Saldo da Balança Comercial";"Guamá";"Santo Antônio do Tauá";"-";"2009";0
"Economia";"Balança Comercial";"Saldo da Balança Comercial";"Guamá";"Santo Antônio do Tauá";"-";"2010";0
"Economia";"Balança Comercial";"Saldo da Balança Comercial";"Guamá";"Santo Antônio do Tauá";"-";"2011";-144000
"Economia";"Balança Comercial";"Saldo da Balança Comercial";"Guamá";"Santo Antônio do Tauá";"-";"2012";-138885
"Economia";"Balança Comercial";"Saldo da Balança Comercial";"Guamá";"Santo Antônio do Tauá";"-";"2013";-66405
"Economia";"Balança Comercial";"Saldo da Balança Comercial";"Guamá";"Santo Antônio do Tauá";"-";"2014";0
"Economia";"Balança Comercial";"Saldo da Balança Comercial";"Guamá";"Santo Antônio do Tauá";"-";"2015";0
"Economia";"Balança Comercial";"Saldo da Balança Comercial";"Guamá";"Santo Antônio do Tauá";"-";"2016";-10195
"Economia";"Balança Comercial";"Saldo da Balança Comercial";"Guamá";"Santo Antônio do Tauá";"-";"2017";0
"Economia";"Balança Comercial";"Saldo da Balança Comercial";"Guamá";"Santo Antônio do Tauá";"-";"2018";0
"Economia";"Balança Comercial";"Saldo da Balança Comercial";"Guamá";"Santo Antônio do Tauá";"-";"2019";0
"Economia";"Balança Comercial";"Saldo da Balança Comercial";"Guamá";"Santo Antônio do Tauá";"-";"2020";0
"Economia";"Balança Comercial";"Saldo da Balança Comercial";"Guamá";"Santo Antônio do Tauá";"-";"2021";-29405
"Economia";"Balança Comercial";"Saldo da Balança Comercial";"Guamá";"Santo Antônio do Tauá";"-";"2022";331690
"Economia";"Balança Comercial";"Saldo da Balança Comercial";"Guamá";"Santo Antônio do Tauá";"-";"2023";2257050
"Economia";"Balança Comercial";"Saldo da Balança Comercial";"Guamá";"Santo Antônio do Tauá";"-";"2024";-432100
"Economia";"Balança Comercial";"Saldo da Balança Comercial";"Guamá";"São Caetano de Odivelas";"-";"2009";0
"Economia";"Balança Comercial";"Saldo da Balança Comercial";"Guamá";"São Caetano de Odivelas";"-";"2010";0
"Economia";"Balança Comercial";"Saldo da Balança Comercial";"Guamá";"São Caetano de Odivelas";"-";"2011";0
"Economia";"Balança Comercial";"Saldo da Balança Comercial";"Guamá";"São Caetano de Odivelas";"-";"2012";0
"Economia";"Balança Comercial";"Saldo da Balança Comercial";"Guamá";"São Caetano de Odivelas";"-";"2013";0
"Economia";"Balança Comercial";"Saldo da Balança Comercial";"Guamá";"São Caetano de Odivelas";"-";"2014";0
"Economia";"Balança Comercial";"Saldo da Balança Comercial";"Guamá";"São Caetano de Odivelas";"-";"2015";0
"Economia";"Balança Comercial";"Saldo da Balança Comercial";"Guamá";"São Caetano de Odivelas";"-";"2016";0
"Economia";"Balança Comercial";"Saldo da Balança Comercial";"Guamá";"São Caetano de Odivelas";"-";"2017";0
"Economia";"Balança Comercial";"Saldo da Balança Comercial";"Guamá";"São Caetano de Odivelas";"-";"2018";0
"Economia";"Balança Comercial";"Saldo da Balança Comercial";"Guamá";"São Caetano de Odivelas";"-";"2019";0
"Economia";"Balança Comercial";"Saldo da Balança Comercial";"Guamá";"São Caetano de Odivelas";"-";"2020";0
"Economia";"Balança Comercial";"Saldo da Balança Comercial";"Guamá";"São Caetano de Odivelas";"-";"2021";0
"Economia";"Balança Comercial";"Saldo da Balança Comercial";"Guamá";"São Caetano de Odivelas";"-";"2022";0
"Economia";"Balança Comercial";"Saldo da Balança Comercial";"Guamá";"São Caetano de Odivelas";"-";"2023";0
"Economia";"Balança Comercial";"Saldo da Balança Comercial";"Guamá";"São Caetano de Odivelas";"-";"2024";0
"Economia";"Balança Comercial";"Saldo da Balança Comercial";"Carajás";"São Domingos do Araguaia";"-";"2009";0
"Economia";"Balança Comercial";"Saldo da Balança Comercial";"Carajás";"São Domingos do Araguaia";"-";"2010";0
"Economia";"Balança Comercial";"Saldo da Balança Comercial";"Carajás";"São Domingos do Araguaia";"-";"2011";0
"Economia";"Balança Comercial";"Saldo da Balança Comercial";"Carajás";"São Domingos do Araguaia";"-";"2012";0
"Economia";"Balança Comercial";"Saldo da Balança Comercial";"Carajás";"São Domingos do Araguaia";"-";"2013";0
"Economia";"Balança Comercial";"Saldo da Balança Comercial";"Carajás";"São Domingos do Araguaia";"-";"2014";0
"Economia";"Balança Comercial";"Saldo da Balança Comercial";"Carajás";"São Domingos do Araguaia";"-";"2015";0
"Economia";"Balança Comercial";"Saldo da Balança Comercial";"Carajás";"São Domingos do Araguaia";"-";"2016";0
"Economia";"Balança Comercial";"Saldo da Balança Comercial";"Carajás";"São Domingos do Araguaia";"-";"2017";0
"Economia";"Balança Comercial";"Saldo da Balança Comercial";"Carajás";"São Domingos do Araguaia";"-";"2018";0
"Economia";"Balança Comercial";"Saldo da Balança Comercial";"Carajás";"São Domingos do Araguaia";"-";"2019";0
"Economia";"Balança Comercial";"Saldo da Balança Comercial";"Carajás";"São Domingos do Araguaia";"-";"2020";0
"Economia";"Balança Comercial";"Saldo da Balança Comercial";"Carajás";"São Domingos do Araguaia";"-";"2021";0
"Economia";"Balança Comercial";"Saldo da Balança Comercial";"Carajás";"São Domingos do Araguaia";"-";"2022";0
"Economia";"Balança Comercial";"Saldo da Balança Comercial";"Carajás";"São Domingos do Araguaia";"-";"2023";0
"Economia";"Balança Comercial";"Saldo da Balança Comercial";"Carajás";"São Domingos do Araguaia";"-";"2024";0
"Economia";"Balança Comercial";"Saldo da Balança Comercial";"Guamá";"São Domingos do Capim";"-";"2009";0
"Economia";"Balança Comercial";"Saldo da Balança Comercial";"Guamá";"São Domingos do Capim";"-";"2010";0
"Economia";"Balança Comercial";"Saldo da Balança Comercial";"Guamá";"São Domingos do Capim";"-";"2011";0
"Economia";"Balança Comercial";"Saldo da Balança Comercial";"Guamá";"São Domingos do Capim";"-";"2012";0
"Economia";"Balança Comercial";"Saldo da Balança Comercial";"Guamá";"São Domingos do Capim";"-";"2013";0
"Economia";"Balança Comercial";"Saldo da Balança Comercial";"Guamá";"São Domingos do Capim";"-";"2014";0
"Economia";"Balança Comercial";"Saldo da Balança Comercial";"Guamá";"São Domingos do Capim";"-";"2015";0
"Economia";"Balança Comercial";"Saldo da Balança Comercial";"Guamá";"São Domingos do Capim";"-";"2016";4625
"Economia";"Balança Comercial";"Saldo da Balança Comercial";"Guamá";"São Domingos do Capim";"-";"2017";58144
"Economia";"Balança Comercial";"Saldo da Balança Comercial";"Guamá";"São Domingos do Capim";"-";"2018";38627
"Economia";"Balança Comercial";"Saldo da Balança Comercial";"Guamá";"São Domingos do Capim";"-";"2019";161168
"Economia";"Balança Comercial";"Saldo da Balança Comercial";"Guamá";"São Domingos do Capim";"-";"2020";160321
"Economia";"Balança Comercial";"Saldo da Balança Comercial";"Guamá";"São Domingos do Capim";"-";"2021";142597
"Economia";"Balança Comercial";"Saldo da Balança Comercial";"Guamá";"São Domingos do Capim";"-";"2022";159593
"Economia";"Balança Comercial";"Saldo da Balança Comercial";"Guamá";"São Domingos do Capim";"-";"2023";180001
"Economia";"Balança Comercial";"Saldo da Balança Comercial";"Guamá";"São Domingos do Capim";"-";"2024";206288
"Economia";"Balança Comercial";"Saldo da Balança Comercial";"Araguaia";"São Félix do Xingu";"-";"2009";0
"Economia";"Balança Comercial";"Saldo da Balança Comercial";"Araguaia";"São Félix do Xingu";"-";"2010";0
"Economia";"Balança Comercial";"Saldo da Balança Comercial";"Araguaia";"São Félix do Xingu";"-";"2011";0
"Economia";"Balança Comercial";"Saldo da Balança Comercial";"Araguaia";"São Félix do Xingu";"-";"2012";1024023
"Economia";"Balança Comercial";"Saldo da Balança Comercial";"Araguaia";"São Félix do Xingu";"-";"2013";5257702
"Economia";"Balança Comercial";"Saldo da Balança Comercial";"Araguaia";"São Félix do Xingu";"-";"2014";4041898
"Economia";"Balança Comercial";"Saldo da Balança Comercial";"Araguaia";"São Félix do Xingu";"-";"2015";12397510
"Economia";"Balança Comercial";"Saldo da Balança Comercial";"Araguaia";"São Félix do Xingu";"-";"2016";15977345
"Economia";"Balança Comercial";"Saldo da Balança Comercial";"Araguaia";"São Félix do Xingu";"-";"2017";15567769
"Economia";"Balança Comercial";"Saldo da Balança Comercial";"Araguaia";"São Félix do Xingu";"-";"2018";9967266
"Economia";"Balança Comercial";"Saldo da Balança Comercial";"Araguaia";"São Félix do Xingu";"-";"2019";9905663
"Economia";"Balança Comercial";"Saldo da Balança Comercial";"Araguaia";"São Félix do Xingu";"-";"2020";13796365
"Economia";"Balança Comercial";"Saldo da Balança Comercial";"Araguaia";"São Félix do Xingu";"-";"2021";21862677
"Economia";"Balança Comercial";"Saldo da Balança Comercial";"Araguaia";"São Félix do Xingu";"-";"2022";21287979
"Economia";"Balança Comercial";"Saldo da Balança Comercial";"Araguaia";"São Félix do Xingu";"-";"2023";25420228
"Economia";"Balança Comercial";"Saldo da Balança Comercial";"Araguaia";"São Félix do Xingu";"-";"2024";36329134
"Economia";"Balança Comercial";"Saldo da Balança Comercial";"Guamá";"São Francisco do Pará";"-";"2009";0
"Economia";"Balança Comercial";"Saldo da Balança Comercial";"Guamá";"São Francisco do Pará";"-";"2010";0
"Economia";"Balança Comercial";"Saldo da Balança Comercial";"Guamá";"São Francisco do Pará";"-";"2011";0
"Economia";"Balança Comercial";"Saldo da Balança Comercial";"Guamá";"São Francisco do Pará";"-";"2012";0
"Economia";"Balança Comercial";"Saldo da Balança Comercial";"Guamá";"São Francisco do Pará";"-";"2013";0
"Economia";"Balança Comercial";"Saldo da Balança Comercial";"Guamá";"São Francisco do Pará";"-";"2014";0
"Economia";"Balança Comercial";"Saldo da Balança Comercial";"Guamá";"São Francisco do Pará";"-";"2015";0
"Economia";"Balança Comercial";"Saldo da Balança Comercial";"Guamá";"São Francisco do Pará";"-";"2016";0
"Economia";"Balança Comercial";"Saldo da Balança Comercial";"Guamá";"São Francisco do Pará";"-";"2017";0
"Economia";"Balança Comercial";"Saldo da Balança Comercial";"Guamá";"São Francisco do Pará";"-";"2018";0
"Economia";"Balança Comercial";"Saldo da Balança Comercial";"Guamá";"São Francisco do Pará";"-";"2019";0
"Economia";"Balança Comercial";"Saldo da Balança Comercial";"Guamá";"São Francisco do Pará";"-";"2020";0
"Economia";"Balança Comercial";"Saldo da Balança Comercial";"Guamá";"São Francisco do Pará";"-";"2021";0
"Economia";"Balança Comercial";"Saldo da Balança Comercial";"Guamá";"São Francisco do Pará";"-";"2022";0
"Economia";"Balança Comercial";"Saldo da Balança Comercial";"Guamá";"São Francisco do Pará";"-";"2023";0
"Economia";"Balança Comercial";"Saldo da Balança Comercial";"Guamá";"São Francisco do Pará";"-";"2024";0
"Economia";"Balança Comercial";"Saldo da Balança Comercial";"Carajás";"São Geraldo do Araguaia";"-";"2009";0
"Economia";"Balança Comercial";"Saldo da Balança Comercial";"Carajás";"São Geraldo do Araguaia";"-";"2010";0
"Economia";"Balança Comercial";"Saldo da Balança Comercial";"Carajás";"São Geraldo do Araguaia";"-";"2011";0
"Economia";"Balança Comercial";"Saldo da Balança Comercial";"Carajás";"São Geraldo do Araguaia";"-";"2012";0
"Economia";"Balança Comercial";"Saldo da Balança Comercial";"Carajás";"São Geraldo do Araguaia";"-";"2013";0
"Economia";"Balança Comercial";"Saldo da Balança Comercial";"Carajás";"São Geraldo do Araguaia";"-";"2014";0
"Economia";"Balança Comercial";"Saldo da Balança Comercial";"Carajás";"São Geraldo do Araguaia";"-";"2015";0
"Economia";"Balança Comercial";"Saldo da Balança Comercial";"Carajás";"São Geraldo do Araguaia";"-";"2016";3494263
"Economia";"Balança Comercial";"Saldo da Balança Comercial";"Carajás";"São Geraldo do Araguaia";"-";"2017";12531027
"Economia";"Balança Comercial";"Saldo da Balança Comercial";"Carajás";"São Geraldo do Araguaia";"-";"2018";11697722
"Economia";"Balança Comercial";"Saldo da Balança Comercial";"Carajás";"São Geraldo do Araguaia";"-";"2019";22149607
"Economia";"Balança Comercial";"Saldo da Balança Comercial";"Carajás";"São Geraldo do Araguaia";"-";"2020";81503447
"Economia";"Balança Comercial";"Saldo da Balança Comercial";"Carajás";"São Geraldo do Araguaia";"-";"2021";68235689
"Economia";"Balança Comercial";"Saldo da Balança Comercial";"Carajás";"São Geraldo do Araguaia";"-";"2022";49339907
"Economia";"Balança Comercial";"Saldo da Balança Comercial";"Carajás";"São Geraldo do Araguaia";"-";"2023";55145005
"Economia";"Balança Comercial";"Saldo da Balança Comercial";"Carajás";"São Geraldo do Araguaia";"-";"2024";110448586
"Economia";"Balança Comercial";"Saldo da Balança Comercial";"Guamá";"São João da Ponta";"-";"2009";0
"Economia";"Balança Comercial";"Saldo da Balança Comercial";"Guamá";"São João da Ponta";"-";"2010";0
"Economia";"Balança Comercial";"Saldo da Balança Comercial";"Guamá";"São João da Ponta";"-";"2011";0
"Economia";"Balança Comercial";"Saldo da Balança Comercial";"Guamá";"São João da Ponta";"-";"2012";0
"Economia";"Balança Comercial";"Saldo da Balança Comercial";"Guamá";"São João da Ponta";"-";"2013";0
"Economia";"Balança Comercial";"Saldo da Balança Comercial";"Guamá";"São João da Ponta";"-";"2014";0
"Economia";"Balança Comercial";"Saldo da Balança Comercial";"Guamá";"São João da Ponta";"-";"2015";0
"Economia";"Balança Comercial";"Saldo da Balança Comercial";"Guamá";"São João da Ponta";"-";"2016";0
"Economia";"Balança Comercial";"Saldo da Balança Comercial";"Guamá";"São João da Ponta";"-";"2017";0
"Economia";"Balança Comercial";"Saldo da Balança Comercial";"Guamá";"São João da Ponta";"-";"2018";0
"Economia";"Balança Comercial";"Saldo da Balança Comercial";"Guamá";"São João da Ponta";"-";"2019";0
"Economia";"Balança Comercial";"Saldo da Balança Comercial";"Guamá";"São João da Ponta";"-";"2020";0
"Economia";"Balança Comercial";"Saldo da Balança Comercial";"Guamá";"São João da Ponta";"-";"2021";0
"Economia";"Balança Comercial";"Saldo da Balança Comercial";"Guamá";"São João da Ponta";"-";"2022";0
"Economia";"Balança Comercial";"Saldo da Balança Comercial";"Guamá";"São João da Ponta";"-";"2023";0
"Economia";"Balança Comercial";"Saldo da Balança Comercial";"Guamá";"São João da Ponta";"-";"2024";0
"Economia";"Balança Comercial";"Saldo da Balança Comercial";"Rio Caeté";"São João de Pirabas";"-";"2009";0
"Economia";"Balança Comercial";"Saldo da Balança Comercial";"Rio Caeté";"São João de Pirabas";"-";"2010";882
"Economia";"Balança Comercial";"Saldo da Balança Comercial";"Rio Caeté";"São João de Pirabas";"-";"2011";0
"Economia";"Balança Comercial";"Saldo da Balança Comercial";"Rio Caeté";"São João de Pirabas";"-";"2012";0
"Economia";"Balança Comercial";"Saldo da Balança Comercial";"Rio Caeté";"São João de Pirabas";"-";"2013";0
"Economia";"Balança Comercial";"Saldo da Balança Comercial";"Rio Caeté";"São João de Pirabas";"-";"2014";0
"Economia";"Balança Comercial";"Saldo da Balança Comercial";"Rio Caeté";"São João de Pirabas";"-";"2015";0
"Economia";"Balança Comercial";"Saldo da Balança Comercial";"Rio Caeté";"São João de Pirabas";"-";"2016";0
"Economia";"Balança Comercial";"Saldo da Balança Comercial";"Rio Caeté";"São João de Pirabas";"-";"2017";0
"Economia";"Balança Comercial";"Saldo da Balança Comercial";"Rio Caeté";"São João de Pirabas";"-";"2018";0
"Economia";"Balança Comercial";"Saldo da Balança Comercial";"Rio Caeté";"São João de Pirabas";"-";"2019";0
"Economia";"Balança Comercial";"Saldo da Balança Comercial";"Rio Caeté";"São João de Pirabas";"-";"2020";0
"Economia";"Balança Comercial";"Saldo da Balança Comercial";"Rio Caeté";"São João de Pirabas";"-";"2021";0
"Economia";"Balança Comercial";"Saldo da Balança Comercial";"Rio Caeté";"São João de Pirabas";"-";"2022";0
"Economia";"Balança Comercial";"Saldo da Balança Comercial";"Rio Caeté";"São João de Pirabas";"-";"2023";0
"Economia";"Balança Comercial";"Saldo da Balança Comercial";"Rio Caeté";"São João de Pirabas";"-";"2024";0
"Economia";"Balança Comercial";"Saldo da Balança Comercial";"Carajás";"São João do Araguaia";"-";"2009";0
"Economia";"Balança Comercial";"Saldo da Balança Comercial";"Carajás";"São João do Araguaia";"-";"2010";0
"Economia";"Balança Comercial";"Saldo da Balança Comercial";"Carajás";"São João do Araguaia";"-";"2011";0
"Economia";"Balança Comercial";"Saldo da Balança Comercial";"Carajás";"São João do Araguaia";"-";"2012";0
"Economia";"Balança Comercial";"Saldo da Balança Comercial";"Carajás";"São João do Araguaia";"-";"2013";0
"Economia";"Balança Comercial";"Saldo da Balança Comercial";"Carajás";"São João do Araguaia";"-";"2014";0
"Economia";"Balança Comercial";"Saldo da Balança Comercial";"Carajás";"São João do Araguaia";"-";"2015";0
"Economia";"Balança Comercial";"Saldo da Balança Comercial";"Carajás";"São João do Araguaia";"-";"2016";0
"Economia";"Balança Comercial";"Saldo da Balança Comercial";"Carajás";"São João do Araguaia";"-";"2017";0
"Economia";"Balança Comercial";"Saldo da Balança Comercial";"Carajás";"São João do Araguaia";"-";"2018";0
"Economia";"Balança Comercial";"Saldo da Balança Comercial";"Carajás";"São João do Araguaia";"-";"2019";0
"Economia";"Balança Comercial";"Saldo da Balança Comercial";"Carajás";"São João do Araguaia";"-";"2020";0
"Economia";"Balança Comercial";"Saldo da Balança Comercial";"Carajás";"São João do Araguaia";"-";"2021";0
"Economia";"Balança Comercial";"Saldo da Balança Comercial";"Carajás";"São João do Araguaia";"-";"2022";0
"Economia";"Balança Comercial";"Saldo da Balança Comercial";"Carajás";"São João do Araguaia";"-";"2023";0
"Economia";"Balança Comercial";"Saldo da Balança Comercial";"Carajás";"São João do Araguaia";"-";"2024";0
"Economia";"Balança Comercial";"Saldo da Balança Comercial";"Guamá";"São Miguel do Guamá";"-";"2009";0
"Economia";"Balança Comercial";"Saldo da Balança Comercial";"Guamá";"São Miguel do Guamá";"-";"2010";0
"Economia";"Balança Comercial";"Saldo da Balança Comercial";"Guamá";"São Miguel do Guamá";"-";"2011";0
"Economia";"Balança Comercial";"Saldo da Balança Comercial";"Guamá";"São Miguel do Guamá";"-";"2012";569171
"Economia";"Balança Comercial";"Saldo da Balança Comercial";"Guamá";"São Miguel do Guamá";"-";"2013";0
"Economia";"Balança Comercial";"Saldo da Balança Comercial";"Guamá";"São Miguel do Guamá";"-";"2014";0
"Economia";"Balança Comercial";"Saldo da Balança Comercial";"Guamá";"São Miguel do Guamá";"-";"2015";0
"Economia";"Balança Comercial";"Saldo da Balança Comercial";"Guamá";"São Miguel do Guamá";"-";"2016";0
"Economia";"Balança Comercial";"Saldo da Balança Comercial";"Guamá";"São Miguel do Guamá";"-";"2017";0
"Economia";"Balança Comercial";"Saldo da Balança Comercial";"Guamá";"São Miguel do Guamá";"-";"2018";0
"Economia";"Balança Comercial";"Saldo da Balança Comercial";"Guamá";"São Miguel do Guamá";"-";"2019";0
"Economia";"Balança Comercial";"Saldo da Balança Comercial";"Guamá";"São Miguel do Guamá";"-";"2020";0
"Economia";"Balança Comercial";"Saldo da Balança Comercial";"Guamá";"São Miguel do Guamá";"-";"2021";0
"Economia";"Balança Comercial";"Saldo da Balança Comercial";"Guamá";"São Miguel do Guamá";"-";"2022";0
"Economia";"Balança Comercial";"Saldo da Balança Comercial";"Guamá";"São Miguel do Guamá";"-";"2023";-48000
"Economia";"Balança Comercial";"Saldo da Balança Comercial";"Guamá";"São Miguel do Guamá";"-";"2024";0
"Economia";"Balança Comercial";"Saldo da Balança Comercial";"Marajó";"São Sebastião da Boa Vista";"-";"2009";0
"Economia";"Balança Comercial";"Saldo da Balança Comercial";"Marajó";"São Sebastião da Boa Vista";"-";"2010";0
"Economia";"Balança Comercial";"Saldo da Balança Comercial";"Marajó";"São Sebastião da Boa Vista";"-";"2011";0
"Economia";"Balança Comercial";"Saldo da Balança Comercial";"Marajó";"São Sebastião da Boa Vista";"-";"2012";0
"Economia";"Balança Comercial";"Saldo da Balança Comercial";"Marajó";"São Sebastião da Boa Vista";"-";"2013";0
"Economia";"Balança Comercial";"Saldo da Balança Comercial";"Marajó";"São Sebastião da Boa Vista";"-";"2014";0
"Economia";"Balança Comercial";"Saldo da Balança Comercial";"Marajó";"São Sebastião da Boa Vista";"-";"2015";0
"Economia";"Balança Comercial";"Saldo da Balança Comercial";"Marajó";"São Sebastião da Boa Vista";"-";"2016";0
"Economia";"Balança Comercial";"Saldo da Balança Comercial";"Marajó";"São Sebastião da Boa Vista";"-";"2017";0
"Economia";"Balança Comercial";"Saldo da Balança Comercial";"Marajó";"São Sebastião da Boa Vista";"-";"2018";0
"Economia";"Balança Comercial";"Saldo da Balança Comercial";"Marajó";"São Sebastião da Boa Vista";"-";"2019";0
"Economia";"Balança Comercial";"Saldo da Balança Comercial";"Marajó";"São Sebastião da Boa Vista";"-";"2020";0
"Economia";"Balança Comercial";"Saldo da Balança Comercial";"Marajó";"São Sebastião da Boa Vista";"-";"2021";0
"Economia";"Balança Comercial";"Saldo da Balança Comercial";"Marajó";"São Sebastião da Boa Vista";"-";"2022";0
"Economia";"Balança Comercial";"Saldo da Balança Comercial";"Marajó";"São Sebastião da Boa Vista";"-";"2023";0
"Economia";"Balança Comercial";"Saldo da Balança Comercial";"Marajó";"São Sebastião da Boa Vista";"-";"2024";0
"Economia";"Balança Comercial";"Saldo da Balança Comercial";"Araguaia";"Sapucaia";"-";"2009";0
"Economia";"Balança Comercial";"Saldo da Balança Comercial";"Araguaia";"Sapucaia";"-";"2010";0
"Economia";"Balança Comercial";"Saldo da Balança Comercial";"Araguaia";"Sapucaia";"-";"2011";0
"Economia";"Balança Comercial";"Saldo da Balança Comercial";"Araguaia";"Sapucaia";"-";"2012";0
"Economia";"Balança Comercial";"Saldo da Balança Comercial";"Araguaia";"Sapucaia";"-";"2013";0
"Economia";"Balança Comercial";"Saldo da Balança Comercial";"Araguaia";"Sapucaia";"-";"2014";0
"Economia";"Balança Comercial";"Saldo da Balança Comercial";"Araguaia";"Sapucaia";"-";"2015";0
"Economia";"Balança Comercial";"Saldo da Balança Comercial";"Araguaia";"Sapucaia";"-";"2016";0
"Economia";"Balança Comercial";"Saldo da Balança Comercial";"Araguaia";"Sapucaia";"-";"2017";0
"Economia";"Balança Comercial";"Saldo da Balança Comercial";"Araguaia";"Sapucaia";"-";"2018";0
"Economia";"Balança Comercial";"Saldo da Balança Comercial";"Araguaia";"Sapucaia";"-";"2019";0
"Economia";"Balança Comercial";"Saldo da Balança Comercial";"Araguaia";"Sapucaia";"-";"2020";0
"Economia";"Balança Comercial";"Saldo da Balança Comercial";"Araguaia";"Sapucaia";"-";"2021";0
"Economia";"Balança Comercial";"Saldo da Balança Comercial";"Araguaia";"Sapucaia";"-";"2022";0
"Economia";"Balança Comercial";"Saldo da Balança Comercial";"Araguaia";"Sapucaia";"-";"2023";0
"Economia";"Balança Comercial";"Saldo da Balança Comercial";"Araguaia";"Sapucaia";"-";"2024";0
"Economia";"Balança Comercial";"Saldo da Balança Comercial";"Xingu";"Senador José Porfírio";"-";"2009";1935604
"Economia";"Balança Comercial";"Saldo da Balança Comercial";"Xingu";"Senador José Porfírio";"-";"2010";430368
"Economia";"Balança Comercial";"Saldo da Balança Comercial";"Xingu";"Senador José Porfírio";"-";"2011";0
"Economia";"Balança Comercial";"Saldo da Balança Comercial";"Xingu";"Senador José Porfírio";"-";"2012";0
"Economia";"Balança Comercial";"Saldo da Balança Comercial";"Xingu";"Senador José Porfírio";"-";"2013";480174
"Economia";"Balança Comercial";"Saldo da Balança Comercial";"Xingu";"Senador José Porfírio";"-";"2014";428234
"Economia";"Balança Comercial";"Saldo da Balança Comercial";"Xingu";"Senador José Porfírio";"-";"2015";160089
"Economia";"Balança Comercial";"Saldo da Balança Comercial";"Xingu";"Senador José Porfírio";"-";"2016";165477
"Economia";"Balança Comercial";"Saldo da Balança Comercial";"Xingu";"Senador José Porfírio";"-";"2017";335986
"Economia";"Balança Comercial";"Saldo da Balança Comercial";"Xingu";"Senador José Porfírio";"-";"2018";171851
"Economia";"Balança Comercial";"Saldo da Balança Comercial";"Xingu";"Senador José Porfírio";"-";"2019";123058
"Economia";"Balança Comercial";"Saldo da Balança Comercial";"Xingu";"Senador José Porfírio";"-";"2020";0
"Economia";"Balança Comercial";"Saldo da Balança Comercial";"Xingu";"Senador José Porfírio";"-";"2021";0
"Economia";"Balança Comercial";"Saldo da Balança Comercial";"Xingu";"Senador José Porfírio";"-";"2022";0
"Economia";"Balança Comercial";"Saldo da Balança Comercial";"Xingu";"Senador José Porfírio";"-";"2023";0
"Economia";"Balança Comercial";"Saldo da Balança Comercial";"Xingu";"Senador José Porfírio";"-";"2024";0
"Economia";"Balança Comercial";"Saldo da Balança Comercial";"Marajó";"Soure";"-";"2009";0
"Economia";"Balança Comercial";"Saldo da Balança Comercial";"Marajó";"Soure";"-";"2010";0
"Economia";"Balança Comercial";"Saldo da Balança Comercial";"Marajó";"Soure";"-";"2011";0
"Economia";"Balança Comercial";"Saldo da Balança Comercial";"Marajó";"Soure";"-";"2012";0
"Economia";"Balança Comercial";"Saldo da Balança Comercial";"Marajó";"Soure";"-";"2013";0
"Economia";"Balança Comercial";"Saldo da Balança Comercial";"Marajó";"Soure";"-";"2014";0
"Economia";"Balança Comercial";"Saldo da Balança Comercial";"Marajó";"Soure";"-";"2015";0
"Economia";"Balança Comercial";"Saldo da Balança Comercial";"Marajó";"Soure";"-";"2016";0
"Economia";"Balança Comercial";"Saldo da Balança Comercial";"Marajó";"Soure";"-";"2017";0
"Economia";"Balança Comercial";"Saldo da Balança Comercial";"Marajó";"Soure";"-";"2018";0
"Economia";"Balança Comercial";"Saldo da Balança Comercial";"Marajó";"Soure";"-";"2019";0
"Economia";"Balança Comercial";"Saldo da Balança Comercial";"Marajó";"Soure";"-";"2020";0
"Economia";"Balança Comercial";"Saldo da Balança Comercial";"Marajó";"Soure";"-";"2021";0
"Economia";"Balança Comercial";"Saldo da Balança Comercial";"Marajó";"Soure";"-";"2022";0
"Economia";"Balança Comercial";"Saldo da Balança Comercial";"Marajó";"Soure";"-";"2023";0
"Economia";"Balança Comercial";"Saldo da Balança Comercial";"Marajó";"Soure";"-";"2024";0
"Economia";"Balança Comercial";"Saldo da Balança Comercial";"Tocantins";"Tailândia";"-";"2009";2093586
"Economia";"Balança Comercial";"Saldo da Balança Comercial";"Tocantins";"Tailândia";"-";"2010";4727168
"Economia";"Balança Comercial";"Saldo da Balança Comercial";"Tocantins";"Tailândia";"-";"2011";6598237
"Economia";"Balança Comercial";"Saldo da Balança Comercial";"Tocantins";"Tailândia";"-";"2012";5491219
"Economia";"Balança Comercial";"Saldo da Balança Comercial";"Tocantins";"Tailândia";"-";"2013";3739741
"Economia";"Balança Comercial";"Saldo da Balança Comercial";"Tocantins";"Tailândia";"-";"2014";4577039
"Economia";"Balança Comercial";"Saldo da Balança Comercial";"Tocantins";"Tailândia";"-";"2015";3604644
"Economia";"Balança Comercial";"Saldo da Balança Comercial";"Tocantins";"Tailândia";"-";"2016";1309818
"Economia";"Balança Comercial";"Saldo da Balança Comercial";"Tocantins";"Tailândia";"-";"2017";16082109
"Economia";"Balança Comercial";"Saldo da Balança Comercial";"Tocantins";"Tailândia";"-";"2018";6971467
"Economia";"Balança Comercial";"Saldo da Balança Comercial";"Tocantins";"Tailândia";"-";"2019";7960689
"Economia";"Balança Comercial";"Saldo da Balança Comercial";"Tocantins";"Tailândia";"-";"2020";4820727
"Economia";"Balança Comercial";"Saldo da Balança Comercial";"Tocantins";"Tailândia";"-";"2021";-84907
"Economia";"Balança Comercial";"Saldo da Balança Comercial";"Tocantins";"Tailândia";"-";"2022";15256257
"Economia";"Balança Comercial";"Saldo da Balança Comercial";"Tocantins";"Tailândia";"-";"2023";21398566
"Economia";"Balança Comercial";"Saldo da Balança Comercial";"Tocantins";"Tailândia";"-";"2024";-856047
"Economia";"Balança Comercial";"Saldo da Balança Comercial";"Guamá";"Terra Alta";"-";"2009";0
"Economia";"Balança Comercial";"Saldo da Balança Comercial";"Guamá";"Terra Alta";"-";"2010";0
"Economia";"Balança Comercial";"Saldo da Balança Comercial";"Guamá";"Terra Alta";"-";"2011";0
"Economia";"Balança Comercial";"Saldo da Balança Comercial";"Guamá";"Terra Alta";"-";"2012";0
"Economia";"Balança Comercial";"Saldo da Balança Comercial";"Guamá";"Terra Alta";"-";"2013";0
"Economia";"Balança Comercial";"Saldo da Balança Comercial";"Guamá";"Terra Alta";"-";"2014";0
"Economia";"Balança Comercial";"Saldo da Balança Comercial";"Guamá";"Terra Alta";"-";"2015";0
"Economia";"Balança Comercial";"Saldo da Balança Comercial";"Guamá";"Terra Alta";"-";"2016";0
"Economia";"Balança Comercial";"Saldo da Balança Comercial";"Guamá";"Terra Alta";"-";"2017";0
"Economia";"Balança Comercial";"Saldo da Balança Comercial";"Guamá";"Terra Alta";"-";"2018";0
"Economia";"Balança Comercial";"Saldo da Balança Comercial";"Guamá";"Terra Alta";"-";"2019";0
"Economia";"Balança Comercial";"Saldo da Balança Comercial";"Guamá";"Terra Alta";"-";"2020";0
"Economia";"Balança Comercial";"Saldo da Balança Comercial";"Guamá";"Terra Alta";"-";"2021";0
"Economia";"Balança Comercial";"Saldo da Balança Comercial";"Guamá";"Terra Alta";"-";"2022";0
"Economia";"Balança Comercial";"Saldo da Balança Comercial";"Guamá";"Terra Alta";"-";"2023";0
"Economia";"Balança Comercial";"Saldo da Balança Comercial";"Guamá";"Terra Alta";"-";"2024";0
"Economia";"Balança Comercial";"Saldo da Balança Comercial";"Baixo Amazonas";"Terra Santa";"-";"2009";0
"Economia";"Balança Comercial";"Saldo da Balança Comercial";"Baixo Amazonas";"Terra Santa";"-";"2010";0
"Economia";"Balança Comercial";"Saldo da Balança Comercial";"Baixo Amazonas";"Terra Santa";"-";"2011";0
"Economia";"Balança Comercial";"Saldo da Balança Comercial";"Baixo Amazonas";"Terra Santa";"-";"2012";0
"Economia";"Balança Comercial";"Saldo da Balança Comercial";"Baixo Amazonas";"Terra Santa";"-";"2013";0
"Economia";"Balança Comercial";"Saldo da Balança Comercial";"Baixo Amazonas";"Terra Santa";"-";"2014";0
"Economia";"Balança Comercial";"Saldo da Balança Comercial";"Baixo Amazonas";"Terra Santa";"-";"2015";0
"Economia";"Balança Comercial";"Saldo da Balança Comercial";"Baixo Amazonas";"Terra Santa";"-";"2016";0
"Economia";"Balança Comercial";"Saldo da Balança Comercial";"Baixo Amazonas";"Terra Santa";"-";"2017";0
"Economia";"Balança Comercial";"Saldo da Balança Comercial";"Baixo Amazonas";"Terra Santa";"-";"2018";0
"Economia";"Balança Comercial";"Saldo da Balança Comercial";"Baixo Amazonas";"Terra Santa";"-";"2019";0
"Economia";"Balança Comercial";"Saldo da Balança Comercial";"Baixo Amazonas";"Terra Santa";"-";"2020";0
"Economia";"Balança Comercial";"Saldo da Balança Comercial";"Baixo Amazonas";"Terra Santa";"-";"2021";0
"Economia";"Balança Comercial";"Saldo da Balança Comercial";"Baixo Amazonas";"Terra Santa";"-";"2022";0
"Economia";"Balança Comercial";"Saldo da Balança Comercial";"Baixo Amazonas";"Terra Santa";"-";"2023";0
"Economia";"Balança Comercial";"Saldo da Balança Comercial";"Baixo Amazonas";"Terra Santa";"-";"2024";0
"Economia";"Balança Comercial";"Saldo da Balança Comercial";"Rio Capim";"Tomé-Açu";"-";"2009";2636263
"Economia";"Balança Comercial";"Saldo da Balança Comercial";"Rio Capim";"Tomé-Açu";"-";"2010";3890697
"Economia";"Balança Comercial";"Saldo da Balança Comercial";"Rio Capim";"Tomé-Açu";"-";"2011";5991704
"Economia";"Balança Comercial";"Saldo da Balança Comercial";"Rio Capim";"Tomé-Açu";"-";"2012";8763295
"Economia";"Balança Comercial";"Saldo da Balança Comercial";"Rio Capim";"Tomé-Açu";"-";"2013";12057721
"Economia";"Balança Comercial";"Saldo da Balança Comercial";"Rio Capim";"Tomé-Açu";"-";"2014";19077215
"Economia";"Balança Comercial";"Saldo da Balança Comercial";"Rio Capim";"Tomé-Açu";"-";"2015";15867239
"Economia";"Balança Comercial";"Saldo da Balança Comercial";"Rio Capim";"Tomé-Açu";"-";"2016";8400390
"Economia";"Balança Comercial";"Saldo da Balança Comercial";"Rio Capim";"Tomé-Açu";"-";"2017";5966299
"Economia";"Balança Comercial";"Saldo da Balança Comercial";"Rio Capim";"Tomé-Açu";"-";"2018";3854997
"Economia";"Balança Comercial";"Saldo da Balança Comercial";"Rio Capim";"Tomé-Açu";"-";"2019";4895094
"Economia";"Balança Comercial";"Saldo da Balança Comercial";"Rio Capim";"Tomé-Açu";"-";"2020";3857791
"Economia";"Balança Comercial";"Saldo da Balança Comercial";"Rio Capim";"Tomé-Açu";"-";"2021";4351903
"Economia";"Balança Comercial";"Saldo da Balança Comercial";"Rio Capim";"Tomé-Açu";"-";"2022";13659787
"Economia";"Balança Comercial";"Saldo da Balança Comercial";"Rio Capim";"Tomé-Açu";"-";"2023";3605268
"Economia";"Balança Comercial";"Saldo da Balança Comercial";"Rio Capim";"Tomé-Açu";"-";"2024";28248385
"Economia";"Balança Comercial";"Saldo da Balança Comercial";"Rio Caeté";"Tracuateua";"-";"2009";0
"Economia";"Balança Comercial";"Saldo da Balança Comercial";"Rio Caeté";"Tracuateua";"-";"2010";0
"Economia";"Balança Comercial";"Saldo da Balança Comercial";"Rio Caeté";"Tracuateua";"-";"2011";0
"Economia";"Balança Comercial";"Saldo da Balança Comercial";"Rio Caeté";"Tracuateua";"-";"2012";0
"Economia";"Balança Comercial";"Saldo da Balança Comercial";"Rio Caeté";"Tracuateua";"-";"2013";0
"Economia";"Balança Comercial";"Saldo da Balança Comercial";"Rio Caeté";"Tracuateua";"-";"2014";0
"Economia";"Balança Comercial";"Saldo da Balança Comercial";"Rio Caeté";"Tracuateua";"-";"2015";0
"Economia";"Balança Comercial";"Saldo da Balança Comercial";"Rio Caeté";"Tracuateua";"-";"2016";0
"Economia";"Balança Comercial";"Saldo da Balança Comercial";"Rio Caeté";"Tracuateua";"-";"2017";0
"Economia";"Balança Comercial";"Saldo da Balança Comercial";"Rio Caeté";"Tracuateua";"-";"2018";0
"Economia";"Balança Comercial";"Saldo da Balança Comercial";"Rio Caeté";"Tracuateua";"-";"2019";0
"Economia";"Balança Comercial";"Saldo da Balança Comercial";"Rio Caeté";"Tracuateua";"-";"2020";0
"Economia";"Balança Comercial";"Saldo da Balança Comercial";"Rio Caeté";"Tracuateua";"-";"2021";0
"Economia";"Balança Comercial";"Saldo da Balança Comercial";"Rio Caeté";"Tracuateua";"-";"2022";0
"Economia";"Balança Comercial";"Saldo da Balança Comercial";"Rio Caeté";"Tracuateua";"-";"2023";0
"Economia";"Balança Comercial";"Saldo da Balança Comercial";"Rio Caeté";"Tracuateua";"-";"2024";0
"Economia";"Balança Comercial";"Saldo da Balança Comercial";"Tapajós";"Trairão";"-";"2009";236492
"Economia";"Balança Comercial";"Saldo da Balança Comercial";"Tapajós";"Trairão";"-";"2010";951526
"Economia";"Balança Comercial";"Saldo da Balança Comercial";"Tapajós";"Trairão";"-";"2011";1016059
"Economia";"Balança Comercial";"Saldo da Balança Comercial";"Tapajós";"Trairão";"-";"2012";2059109
"Economia";"Balança Comercial";"Saldo da Balança Comercial";"Tapajós";"Trairão";"-";"2013";2540542
"Economia";"Balança Comercial";"Saldo da Balança Comercial";"Tapajós";"Trairão";"-";"2014";2014776
"Economia";"Balança Comercial";"Saldo da Balança Comercial";"Tapajós";"Trairão";"-";"2015";2777885
"Economia";"Balança Comercial";"Saldo da Balança Comercial";"Tapajós";"Trairão";"-";"2016";320183
"Economia";"Balança Comercial";"Saldo da Balança Comercial";"Tapajós";"Trairão";"-";"2017";573266
"Economia";"Balança Comercial";"Saldo da Balança Comercial";"Tapajós";"Trairão";"-";"2018";0
"Economia";"Balança Comercial";"Saldo da Balança Comercial";"Tapajós";"Trairão";"-";"2019";0
"Economia";"Balança Comercial";"Saldo da Balança Comercial";"Tapajós";"Trairão";"-";"2020";0
"Economia";"Balança Comercial";"Saldo da Balança Comercial";"Tapajós";"Trairão";"-";"2021";236743
"Economia";"Balança Comercial";"Saldo da Balança Comercial";"Tapajós";"Trairão";"-";"2022";0
"Economia";"Balança Comercial";"Saldo da Balança Comercial";"Tapajós";"Trairão";"-";"2023";0
"Economia";"Balança Comercial";"Saldo da Balança Comercial";"Tapajós";"Trairão";"-";"2024";0
"Economia";"Balança Comercial";"Saldo da Balança Comercial";"Araguaia";"Tucumã";"-";"2009";1684532
"Economia";"Balança Comercial";"Saldo da Balança Comercial";"Araguaia";"Tucumã";"-";"2010";3417423
"Economia";"Balança Comercial";"Saldo da Balança Comercial";"Araguaia";"Tucumã";"-";"2011";4224863
"Economia";"Balança Comercial";"Saldo da Balança Comercial";"Araguaia";"Tucumã";"-";"2012";2909812
"Economia";"Balança Comercial";"Saldo da Balança Comercial";"Araguaia";"Tucumã";"-";"2013";3305157
"Economia";"Balança Comercial";"Saldo da Balança Comercial";"Araguaia";"Tucumã";"-";"2014";4539321
"Economia";"Balança Comercial";"Saldo da Balança Comercial";"Araguaia";"Tucumã";"-";"2015";26659821
"Economia";"Balança Comercial";"Saldo da Balança Comercial";"Araguaia";"Tucumã";"-";"2016";31385112
"Economia";"Balança Comercial";"Saldo da Balança Comercial";"Araguaia";"Tucumã";"-";"2017";33367696
"Economia";"Balança Comercial";"Saldo da Balança Comercial";"Araguaia";"Tucumã";"-";"2018";48483944
"Economia";"Balança Comercial";"Saldo da Balança Comercial";"Araguaia";"Tucumã";"-";"2019";36223862
"Economia";"Balança Comercial";"Saldo da Balança Comercial";"Araguaia";"Tucumã";"-";"2020";15245867
"Economia";"Balança Comercial";"Saldo da Balança Comercial";"Araguaia";"Tucumã";"-";"2021";3096147
"Economia";"Balança Comercial";"Saldo da Balança Comercial";"Araguaia";"Tucumã";"-";"2022";-3152266
"Economia";"Balança Comercial";"Saldo da Balança Comercial";"Araguaia";"Tucumã";"-";"2023";156379
"Economia";"Balança Comercial";"Saldo da Balança Comercial";"Araguaia";"Tucumã";"-";"2024";-7796266
"Economia";"Balança Comercial";"Saldo da Balança Comercial";"Lago de Tucuruí";"Tucuruí";"-";"2009";153847
"Economia";"Balança Comercial";"Saldo da Balança Comercial";"Lago de Tucuruí";"Tucuruí";"-";"2010";20566
"Economia";"Balança Comercial";"Saldo da Balança Comercial";"Lago de Tucuruí";"Tucuruí";"-";"2011";54959
"Economia";"Balança Comercial";"Saldo da Balança Comercial";"Lago de Tucuruí";"Tucuruí";"-";"2012";530721
"Economia";"Balança Comercial";"Saldo da Balança Comercial";"Lago de Tucuruí";"Tucuruí";"-";"2013";0
"Economia";"Balança Comercial";"Saldo da Balança Comercial";"Lago de Tucuruí";"Tucuruí";"-";"2014";0
"Economia";"Balança Comercial";"Saldo da Balança Comercial";"Lago de Tucuruí";"Tucuruí";"-";"2015";0
"Economia";"Balança Comercial";"Saldo da Balança Comercial";"Lago de Tucuruí";"Tucuruí";"-";"2016";0
"Economia";"Balança Comercial";"Saldo da Balança Comercial";"Lago de Tucuruí";"Tucuruí";"-";"2017";0
"Economia";"Balança Comercial";"Saldo da Balança Comercial";"Lago de Tucuruí";"Tucuruí";"-";"2018";0
"Economia";"Balança Comercial";"Saldo da Balança Comercial";"Lago de Tucuruí";"Tucuruí";"-";"2019";-84083
"Economia";"Balança Comercial";"Saldo da Balança Comercial";"Lago de Tucuruí";"Tucuruí";"-";"2020";1064398
"Economia";"Balança Comercial";"Saldo da Balança Comercial";"Lago de Tucuruí";"Tucuruí";"-";"2021";531304
"Economia";"Balança Comercial";"Saldo da Balança Comercial";"Lago de Tucuruí";"Tucuruí";"-";"2022";29555
"Economia";"Balança Comercial";"Saldo da Balança Comercial";"Lago de Tucuruí";"Tucuruí";"-";"2023";33403
"Economia";"Balança Comercial";"Saldo da Balança Comercial";"Lago de Tucuruí";"Tucuruí";"-";"2024";-50700
"Economia";"Balança Comercial";"Saldo da Balança Comercial";"Rio Capim";"Ulianópolis";"-";"2009";0
"Economia";"Balança Comercial";"Saldo da Balança Comercial";"Rio Capim";"Ulianópolis";"-";"2010";28522
"Economia";"Balança Comercial";"Saldo da Balança Comercial";"Rio Capim";"Ulianópolis";"-";"2011";0
"Economia";"Balança Comercial";"Saldo da Balança Comercial";"Rio Capim";"Ulianópolis";"-";"2012";0
"Economia";"Balança Comercial";"Saldo da Balança Comercial";"Rio Capim";"Ulianópolis";"-";"2013";0
"Economia";"Balança Comercial";"Saldo da Balança Comercial";"Rio Capim";"Ulianópolis";"-";"2014";0
"Economia";"Balança Comercial";"Saldo da Balança Comercial";"Rio Capim";"Ulianópolis";"-";"2015";0
"Economia";"Balança Comercial";"Saldo da Balança Comercial";"Rio Capim";"Ulianópolis";"-";"2016";127547
"Economia";"Balança Comercial";"Saldo da Balança Comercial";"Rio Capim";"Ulianópolis";"-";"2017";687785
"Economia";"Balança Comercial";"Saldo da Balança Comercial";"Rio Capim";"Ulianópolis";"-";"2018";240280
"Economia";"Balança Comercial";"Saldo da Balança Comercial";"Rio Capim";"Ulianópolis";"-";"2019";515262
"Economia";"Balança Comercial";"Saldo da Balança Comercial";"Rio Capim";"Ulianópolis";"-";"2020";240673
"Economia";"Balança Comercial";"Saldo da Balança Comercial";"Rio Capim";"Ulianópolis";"-";"2021";385768
"Economia";"Balança Comercial";"Saldo da Balança Comercial";"Rio Capim";"Ulianópolis";"-";"2022";1160523
"Economia";"Balança Comercial";"Saldo da Balança Comercial";"Rio Capim";"Ulianópolis";"-";"2023";518831
"Economia";"Balança Comercial";"Saldo da Balança Comercial";"Rio Capim";"Ulianópolis";"-";"2024";0
"Economia";"Balança Comercial";"Saldo da Balança Comercial";"Xingu";"Uruará";"-";"2009";4354008
"Economia";"Balança Comercial";"Saldo da Balança Comercial";"Xingu";"Uruará";"-";"2010";4131476
"Economia";"Balança Comercial";"Saldo da Balança Comercial";"Xingu";"Uruará";"-";"2011";1337296
"Economia";"Balança Comercial";"Saldo da Balança Comercial";"Xingu";"Uruará";"-";"2012";1219992
"Economia";"Balança Comercial";"Saldo da Balança Comercial";"Xingu";"Uruará";"-";"2013";1642453
"Economia";"Balança Comercial";"Saldo da Balança Comercial";"Xingu";"Uruará";"-";"2014";0
"Economia";"Balança Comercial";"Saldo da Balança Comercial";"Xingu";"Uruará";"-";"2015";938826
"Economia";"Balança Comercial";"Saldo da Balança Comercial";"Xingu";"Uruará";"-";"2016";516474
"Economia";"Balança Comercial";"Saldo da Balança Comercial";"Xingu";"Uruará";"-";"2017";528994
"Economia";"Balança Comercial";"Saldo da Balança Comercial";"Xingu";"Uruará";"-";"2018";198707
"Economia";"Balança Comercial";"Saldo da Balança Comercial";"Xingu";"Uruará";"-";"2019";480522
"Economia";"Balança Comercial";"Saldo da Balança Comercial";"Xingu";"Uruará";"-";"2020";409983
"Economia";"Balança Comercial";"Saldo da Balança Comercial";"Xingu";"Uruará";"-";"2021";290347
"Economia";"Balança Comercial";"Saldo da Balança Comercial";"Xingu";"Uruará";"-";"2022";587568
"Economia";"Balança Comercial";"Saldo da Balança Comercial";"Xingu";"Uruará";"-";"2023";433656
"Economia";"Balança Comercial";"Saldo da Balança Comercial";"Xingu";"Uruará";"-";"2024";441249
"Economia";"Balança Comercial";"Saldo da Balança Comercial";"Guamá";"Vigia";"-";"2009";-2844
"Economia";"Balança Comercial";"Saldo da Balança Comercial";"Guamá";"Vigia";"-";"2010";-230390
"Economia";"Balança Comercial";"Saldo da Balança Comercial";"Guamá";"Vigia";"-";"2011";705154
"Economia";"Balança Comercial";"Saldo da Balança Comercial";"Guamá";"Vigia";"-";"2012";1117423
"Economia";"Balança Comercial";"Saldo da Balança Comercial";"Guamá";"Vigia";"-";"2013";955851
"Economia";"Balança Comercial";"Saldo da Balança Comercial";"Guamá";"Vigia";"-";"2014";1199124
"Economia";"Balança Comercial";"Saldo da Balança Comercial";"Guamá";"Vigia";"-";"2015";1171188
"Economia";"Balança Comercial";"Saldo da Balança Comercial";"Guamá";"Vigia";"-";"2016";2350122
"Economia";"Balança Comercial";"Saldo da Balança Comercial";"Guamá";"Vigia";"-";"2017";1479069
"Economia";"Balança Comercial";"Saldo da Balança Comercial";"Guamá";"Vigia";"-";"2018";852534
"Economia";"Balança Comercial";"Saldo da Balança Comercial";"Guamá";"Vigia";"-";"2019";824697
"Economia";"Balança Comercial";"Saldo da Balança Comercial";"Guamá";"Vigia";"-";"2020";651750
"Economia";"Balança Comercial";"Saldo da Balança Comercial";"Guamá";"Vigia";"-";"2021";281994
"Economia";"Balança Comercial";"Saldo da Balança Comercial";"Guamá";"Vigia";"-";"2022";369125
"Economia";"Balança Comercial";"Saldo da Balança Comercial";"Guamá";"Vigia";"-";"2023";535172
"Economia";"Balança Comercial";"Saldo da Balança Comercial";"Guamá";"Vigia";"-";"2024";952944
"Economia";"Balança Comercial";"Saldo da Balança Comercial";"Rio Caeté";"Viseu";"-";"2009";0
"Economia";"Balança Comercial";"Saldo da Balança Comercial";"Rio Caeté";"Viseu";"-";"2010";0
"Economia";"Balança Comercial";"Saldo da Balança Comercial";"Rio Caeté";"Viseu";"-";"2011";0
"Economia";"Balança Comercial";"Saldo da Balança Comercial";"Rio Caeté";"Viseu";"-";"2012";0
"Economia";"Balança Comercial";"Saldo da Balança Comercial";"Rio Caeté";"Viseu";"-";"2013";0
"Economia";"Balança Comercial";"Saldo da Balança Comercial";"Rio Caeté";"Viseu";"-";"2014";0
"Economia";"Balança Comercial";"Saldo da Balança Comercial";"Rio Caeté";"Viseu";"-";"2015";0
"Economia";"Balança Comercial";"Saldo da Balança Comercial";"Rio Caeté";"Viseu";"-";"2016";0
"Economia";"Balança Comercial";"Saldo da Balança Comercial";"Rio Caeté";"Viseu";"-";"2017";0
"Economia";"Balança Comercial";"Saldo da Balança Comercial";"Rio Caeté";"Viseu";"-";"2018";0
"Economia";"Balança Comercial";"Saldo da Balança Comercial";"Rio Caeté";"Viseu";"-";"2019";0
"Economia";"Balança Comercial";"Saldo da Balança Comercial";"Rio Caeté";"Viseu";"-";"2020";0
"Economia";"Balança Comercial";"Saldo da Balança Comercial";"Rio Caeté";"Viseu";"-";"2021";0
"Economia";"Balança Comercial";"Saldo da Balança Comercial";"Rio Caeté";"Viseu";"-";"2022";0
"Economia";"Balança Comercial";"Saldo da Balança Comercial";"Rio Caeté";"Viseu";"-";"2023";0
"Economia";"Balança Comercial";"Saldo da Balança Comercial";"Rio Caeté";"Viseu";"-";"2024";0
"Economia";"Balança Comercial";"Saldo da Balança Comercial";"Xingu";"Vitória do Xingu";"-";"2009";0
"Economia";"Balança Comercial";"Saldo da Balança Comercial";"Xingu";"Vitória do Xingu";"-";"2010";0
"Economia";"Balança Comercial";"Saldo da Balança Comercial";"Xingu";"Vitória do Xingu";"-";"2011";0
"Economia";"Balança Comercial";"Saldo da Balança Comercial";"Xingu";"Vitória do Xingu";"-";"2012";0
"Economia";"Balança Comercial";"Saldo da Balança Comercial";"Xingu";"Vitória do Xingu";"-";"2013";0
"Economia";"Balança Comercial";"Saldo da Balança Comercial";"Xingu";"Vitória do Xingu";"-";"2014";0
"Economia";"Balança Comercial";"Saldo da Balança Comercial";"Xingu";"Vitória do Xingu";"-";"2015";0
"Economia";"Balança Comercial";"Saldo da Balança Comercial";"Xingu";"Vitória do Xingu";"-";"2016";0
"Economia";"Balança Comercial";"Saldo da Balança Comercial";"Xingu";"Vitória do Xingu";"-";"2017";1160707
"Economia";"Balança Comercial";"Saldo da Balança Comercial";"Xingu";"Vitória do Xingu";"-";"2018";0
"Economia";"Balança Comercial";"Saldo da Balança Comercial";"Xingu";"Vitória do Xingu";"-";"2019";-122490
"Economia";"Balança Comercial";"Saldo da Balança Comercial";"Xingu";"Vitória do Xingu";"-";"2020";-19440
"Economia";"Balança Comercial";"Saldo da Balança Comercial";"Xingu";"Vitória do Xingu";"-";"2021";0
"Economia";"Balança Comercial";"Saldo da Balança Comercial";"Xingu";"Vitória do Xingu";"-";"2022";-374068
"Economia";"Balança Comercial";"Saldo da Balança Comercial";"Xingu";"Vitória do Xingu";"-";"2023";-89395
"Economia";"Balança Comercial";"Saldo da Balança Comercial";"Xingu";"Vitória do Xingu";"-";"2024";0
"Economia";"Balança Comercial";"Saldo da Balança Comercial";"Araguaia";"Xinguara";"-";"2009";9669341
"Economia";"Balança Comercial";"Saldo da Balança Comercial";"Araguaia";"Xinguara";"-";"2010";28428670
"Economia";"Balança Comercial";"Saldo da Balança Comercial";"Araguaia";"Xinguara";"-";"2011";52191034
"Economia";"Balança Comercial";"Saldo da Balança Comercial";"Araguaia";"Xinguara";"-";"2012";69326396
"Economia";"Balança Comercial";"Saldo da Balança Comercial";"Araguaia";"Xinguara";"-";"2013";90934315
"Economia";"Balança Comercial";"Saldo da Balança Comercial";"Araguaia";"Xinguara";"-";"2014";124298076
"Economia";"Balança Comercial";"Saldo da Balança Comercial";"Araguaia";"Xinguara";"-";"2015";86583507
"Economia";"Balança Comercial";"Saldo da Balança Comercial";"Araguaia";"Xinguara";"-";"2016";70864929
"Economia";"Balança Comercial";"Saldo da Balança Comercial";"Araguaia";"Xinguara";"-";"2017";123023101
"Economia";"Balança Comercial";"Saldo da Balança Comercial";"Araguaia";"Xinguara";"-";"2018";25943455
"Economia";"Balança Comercial";"Saldo da Balança Comercial";"Araguaia";"Xinguara";"-";"2019";-54019976
"Economia";"Balança Comercial";"Saldo da Balança Comercial";"Araguaia";"Xinguara";"-";"2020";66465509
"Economia";"Balança Comercial";"Saldo da Balança Comercial";"Araguaia";"Xinguara";"-";"2021";57039478
"Economia";"Balança Comercial";"Saldo da Balança Comercial";"Araguaia";"Xinguara";"-";"2022";59774770
"Economia";"Balança Comercial";"Saldo da Balança Comercial";"Araguaia";"Xinguara";"-";"2023";59289064
"Economia";"Balança Comercial";"Saldo da Balança Comercial";"Araguaia";"Xinguara";"-";"2024";93119258
