"tematica";"subtema";"indicador";"ri";"localidade";"categoria";"ano";"valor"
"Economia";"Pecuária";"Produção de Origem Animal Leite (Mil litros)";"Pará";"Pará";"-";"2008";599543
"Economia";"Pecuária";"Produção de Origem Animal Leite (Mil litros)";"Pará";"Pará";"-";"2009";596755
"Economia";"Pecuária";"Produção de Origem Animal Leite (Mil litros)";"Pará";"Pará";"-";"2010";563782
"Economia";"Pecuária";"Produção de Origem Animal Leite (Mil litros)";"Pará";"Pará";"-";"2011";590554
"Economia";"Pecuária";"Produção de Origem Animal Leite (Mil litros)";"Pará";"Pará";"-";"2012";560916
"Economia";"Pecuária";"Produção de Origem Animal Leite (Mil litros)";"Pará";"Pará";"-";"2013";539490
"Economia";"Pecuária";"Produção de Origem Animal Leite (Mil litros)";"Pará";"Pará";"-";"2014";554195
"Economia";"Pecuária";"Produção de Origem Animal Leite (Mil litros)";"Pará";"Pará";"-";"2015";567231
"Economia";"Pecuária";"Produção de Origem Animal Leite (Mil litros)";"Pará";"Pará";"-";"2016";577522
"Economia";"Pecuária";"Produção de Origem Animal Leite (Mil litros)";"Pará";"Pará";"-";"2017";612810
"Economia";"Pecuária";"Produção de Origem Animal Leite (Mil litros)";"Pará";"Pará";"-";"2018";623411
"Economia";"Pecuária";"Produção de Origem Animal Leite (Mil litros)";"Pará";"Pará";"-";"2019";606661
"Economia";"Pecuária";"Produção de Origem Animal Leite (Mil litros)";"Pará";"Pará";"-";"2020";599573
"Economia";"Pecuária";"Produção de Origem Animal Leite (Mil litros)";"Pará";"Pará";"-";"2021";558313
"Economia";"Pecuária";"Produção de Origem Animal Leite (Mil litros)";"Pará";"Pará";"-";"2022";578060
"Economia";"Pecuária";"Produção de Origem Animal Leite (Mil litros)";"Pará";"Pará";"-";"2023";580398
"Economia";"Pecuária";"Produção de Origem Animal Leite (Mil litros)";"Tocantins";"Abaetetuba";"-";"2008";172
"Economia";"Pecuária";"Produção de Origem Animal Leite (Mil litros)";"Tocantins";"Abaetetuba";"-";"2009";168
"Economia";"Pecuária";"Produção de Origem Animal Leite (Mil litros)";"Tocantins";"Abaetetuba";"-";"2010";108
"Economia";"Pecuária";"Produção de Origem Animal Leite (Mil litros)";"Tocantins";"Abaetetuba";"-";"2011";47
"Economia";"Pecuária";"Produção de Origem Animal Leite (Mil litros)";"Tocantins";"Abaetetuba";"-";"2012";0
"Economia";"Pecuária";"Produção de Origem Animal Leite (Mil litros)";"Tocantins";"Abaetetuba";"-";"2013";54
"Economia";"Pecuária";"Produção de Origem Animal Leite (Mil litros)";"Tocantins";"Abaetetuba";"-";"2014";50
"Economia";"Pecuária";"Produção de Origem Animal Leite (Mil litros)";"Tocantins";"Abaetetuba";"-";"2015";45
"Economia";"Pecuária";"Produção de Origem Animal Leite (Mil litros)";"Tocantins";"Abaetetuba";"-";"2016";36
"Economia";"Pecuária";"Produção de Origem Animal Leite (Mil litros)";"Tocantins";"Abaetetuba";"-";"2017";37
"Economia";"Pecuária";"Produção de Origem Animal Leite (Mil litros)";"Tocantins";"Abaetetuba";"-";"2018";43
"Economia";"Pecuária";"Produção de Origem Animal Leite (Mil litros)";"Tocantins";"Abaetetuba";"-";"2019";33
"Economia";"Pecuária";"Produção de Origem Animal Leite (Mil litros)";"Tocantins";"Abaetetuba";"-";"2020";29
"Economia";"Pecuária";"Produção de Origem Animal Leite (Mil litros)";"Tocantins";"Abaetetuba";"-";"2021";30
"Economia";"Pecuária";"Produção de Origem Animal Leite (Mil litros)";"Tocantins";"Abaetetuba";"-";"2022";28
"Economia";"Pecuária";"Produção de Origem Animal Leite (Mil litros)";"Tocantins";"Abaetetuba";"-";"2023";23
"Economia";"Pecuária";"Produção de Origem Animal Leite (Mil litros)";"Rio Capim";"Abel Figueiredo";"-";"2008";11103
"Economia";"Pecuária";"Produção de Origem Animal Leite (Mil litros)";"Rio Capim";"Abel Figueiredo";"-";"2009";9993
"Economia";"Pecuária";"Produção de Origem Animal Leite (Mil litros)";"Rio Capim";"Abel Figueiredo";"-";"2010";7339
"Economia";"Pecuária";"Produção de Origem Animal Leite (Mil litros)";"Rio Capim";"Abel Figueiredo";"-";"2011";7022
"Economia";"Pecuária";"Produção de Origem Animal Leite (Mil litros)";"Rio Capim";"Abel Figueiredo";"-";"2012";5200
"Economia";"Pecuária";"Produção de Origem Animal Leite (Mil litros)";"Rio Capim";"Abel Figueiredo";"-";"2013";3086
"Economia";"Pecuária";"Produção de Origem Animal Leite (Mil litros)";"Rio Capim";"Abel Figueiredo";"-";"2014";3255
"Economia";"Pecuária";"Produção de Origem Animal Leite (Mil litros)";"Rio Capim";"Abel Figueiredo";"-";"2015";3581
"Economia";"Pecuária";"Produção de Origem Animal Leite (Mil litros)";"Rio Capim";"Abel Figueiredo";"-";"2016";3699
"Economia";"Pecuária";"Produção de Origem Animal Leite (Mil litros)";"Rio Capim";"Abel Figueiredo";"-";"2017";3703
"Economia";"Pecuária";"Produção de Origem Animal Leite (Mil litros)";"Rio Capim";"Abel Figueiredo";"-";"2018";3894
"Economia";"Pecuária";"Produção de Origem Animal Leite (Mil litros)";"Rio Capim";"Abel Figueiredo";"-";"2019";3913
"Economia";"Pecuária";"Produção de Origem Animal Leite (Mil litros)";"Rio Capim";"Abel Figueiredo";"-";"2020";3897
"Economia";"Pecuária";"Produção de Origem Animal Leite (Mil litros)";"Rio Capim";"Abel Figueiredo";"-";"2021";3590
"Economia";"Pecuária";"Produção de Origem Animal Leite (Mil litros)";"Rio Capim";"Abel Figueiredo";"-";"2022";3640
"Economia";"Pecuária";"Produção de Origem Animal Leite (Mil litros)";"Rio Capim";"Abel Figueiredo";"-";"2023";3986
"Economia";"Pecuária";"Produção de Origem Animal Leite (Mil litros)";"Tocantins";"Acará";"-";"2008";810
"Economia";"Pecuária";"Produção de Origem Animal Leite (Mil litros)";"Tocantins";"Acará";"-";"2009";1640
"Economia";"Pecuária";"Produção de Origem Animal Leite (Mil litros)";"Tocantins";"Acará";"-";"2010";1310
"Economia";"Pecuária";"Produção de Origem Animal Leite (Mil litros)";"Tocantins";"Acará";"-";"2011";459
"Economia";"Pecuária";"Produção de Origem Animal Leite (Mil litros)";"Tocantins";"Acará";"-";"2012";269
"Economia";"Pecuária";"Produção de Origem Animal Leite (Mil litros)";"Tocantins";"Acará";"-";"2013";275
"Economia";"Pecuária";"Produção de Origem Animal Leite (Mil litros)";"Tocantins";"Acará";"-";"2014";276
"Economia";"Pecuária";"Produção de Origem Animal Leite (Mil litros)";"Tocantins";"Acará";"-";"2015";290
"Economia";"Pecuária";"Produção de Origem Animal Leite (Mil litros)";"Tocantins";"Acará";"-";"2016";282
"Economia";"Pecuária";"Produção de Origem Animal Leite (Mil litros)";"Tocantins";"Acará";"-";"2017";299
"Economia";"Pecuária";"Produção de Origem Animal Leite (Mil litros)";"Tocantins";"Acará";"-";"2018";376
"Economia";"Pecuária";"Produção de Origem Animal Leite (Mil litros)";"Tocantins";"Acará";"-";"2019";377
"Economia";"Pecuária";"Produção de Origem Animal Leite (Mil litros)";"Tocantins";"Acará";"-";"2020";342
"Economia";"Pecuária";"Produção de Origem Animal Leite (Mil litros)";"Tocantins";"Acará";"-";"2021";281
"Economia";"Pecuária";"Produção de Origem Animal Leite (Mil litros)";"Tocantins";"Acará";"-";"2022";280
"Economia";"Pecuária";"Produção de Origem Animal Leite (Mil litros)";"Tocantins";"Acará";"-";"2023";278
"Economia";"Pecuária";"Produção de Origem Animal Leite (Mil litros)";"Marajó";"Afuá";"-";"2008";162
"Economia";"Pecuária";"Produção de Origem Animal Leite (Mil litros)";"Marajó";"Afuá";"-";"2009";230
"Economia";"Pecuária";"Produção de Origem Animal Leite (Mil litros)";"Marajó";"Afuá";"-";"2010";241
"Economia";"Pecuária";"Produção de Origem Animal Leite (Mil litros)";"Marajó";"Afuá";"-";"2011";245
"Economia";"Pecuária";"Produção de Origem Animal Leite (Mil litros)";"Marajó";"Afuá";"-";"2012";212
"Economia";"Pecuária";"Produção de Origem Animal Leite (Mil litros)";"Marajó";"Afuá";"-";"2013";112
"Economia";"Pecuária";"Produção de Origem Animal Leite (Mil litros)";"Marajó";"Afuá";"-";"2014";201
"Economia";"Pecuária";"Produção de Origem Animal Leite (Mil litros)";"Marajó";"Afuá";"-";"2015";117
"Economia";"Pecuária";"Produção de Origem Animal Leite (Mil litros)";"Marajó";"Afuá";"-";"2016";109
"Economia";"Pecuária";"Produção de Origem Animal Leite (Mil litros)";"Marajó";"Afuá";"-";"2017";115
"Economia";"Pecuária";"Produção de Origem Animal Leite (Mil litros)";"Marajó";"Afuá";"-";"2018";125
"Economia";"Pecuária";"Produção de Origem Animal Leite (Mil litros)";"Marajó";"Afuá";"-";"2019";110
"Economia";"Pecuária";"Produção de Origem Animal Leite (Mil litros)";"Marajó";"Afuá";"-";"2020";119
"Economia";"Pecuária";"Produção de Origem Animal Leite (Mil litros)";"Marajó";"Afuá";"-";"2021";124
"Economia";"Pecuária";"Produção de Origem Animal Leite (Mil litros)";"Marajó";"Afuá";"-";"2022";112
"Economia";"Pecuária";"Produção de Origem Animal Leite (Mil litros)";"Marajó";"Afuá";"-";"2023";94
"Economia";"Pecuária";"Produção de Origem Animal Leite (Mil litros)";"Araguaia";"Água Azul do Norte";"-";"2008";31440
"Economia";"Pecuária";"Produção de Origem Animal Leite (Mil litros)";"Araguaia";"Água Azul do Norte";"-";"2009";32680
"Economia";"Pecuária";"Produção de Origem Animal Leite (Mil litros)";"Araguaia";"Água Azul do Norte";"-";"2010";23447
"Economia";"Pecuária";"Produção de Origem Animal Leite (Mil litros)";"Araguaia";"Água Azul do Norte";"-";"2011";27036
"Economia";"Pecuária";"Produção de Origem Animal Leite (Mil litros)";"Araguaia";"Água Azul do Norte";"-";"2012";27847
"Economia";"Pecuária";"Produção de Origem Animal Leite (Mil litros)";"Araguaia";"Água Azul do Norte";"-";"2013";28125
"Economia";"Pecuária";"Produção de Origem Animal Leite (Mil litros)";"Araguaia";"Água Azul do Norte";"-";"2014";28974
"Economia";"Pecuária";"Produção de Origem Animal Leite (Mil litros)";"Araguaia";"Água Azul do Norte";"-";"2015";30687
"Economia";"Pecuária";"Produção de Origem Animal Leite (Mil litros)";"Araguaia";"Água Azul do Norte";"-";"2016";37240
"Economia";"Pecuária";"Produção de Origem Animal Leite (Mil litros)";"Araguaia";"Água Azul do Norte";"-";"2017";38644
"Economia";"Pecuária";"Produção de Origem Animal Leite (Mil litros)";"Araguaia";"Água Azul do Norte";"-";"2018";39060
"Economia";"Pecuária";"Produção de Origem Animal Leite (Mil litros)";"Araguaia";"Água Azul do Norte";"-";"2019";39790
"Economia";"Pecuária";"Produção de Origem Animal Leite (Mil litros)";"Araguaia";"Água Azul do Norte";"-";"2020";32833
"Economia";"Pecuária";"Produção de Origem Animal Leite (Mil litros)";"Araguaia";"Água Azul do Norte";"-";"2021";22964
"Economia";"Pecuária";"Produção de Origem Animal Leite (Mil litros)";"Araguaia";"Água Azul do Norte";"-";"2022";19290
"Economia";"Pecuária";"Produção de Origem Animal Leite (Mil litros)";"Araguaia";"Água Azul do Norte";"-";"2023";22900
"Economia";"Pecuária";"Produção de Origem Animal Leite (Mil litros)";"Baixo Amazonas";"Alenquer";"-";"2008";1809
"Economia";"Pecuária";"Produção de Origem Animal Leite (Mil litros)";"Baixo Amazonas";"Alenquer";"-";"2009";1946
"Economia";"Pecuária";"Produção de Origem Animal Leite (Mil litros)";"Baixo Amazonas";"Alenquer";"-";"2010";1916
"Economia";"Pecuária";"Produção de Origem Animal Leite (Mil litros)";"Baixo Amazonas";"Alenquer";"-";"2011";7806
"Economia";"Pecuária";"Produção de Origem Animal Leite (Mil litros)";"Baixo Amazonas";"Alenquer";"-";"2012";5792
"Economia";"Pecuária";"Produção de Origem Animal Leite (Mil litros)";"Baixo Amazonas";"Alenquer";"-";"2013";5726
"Economia";"Pecuária";"Produção de Origem Animal Leite (Mil litros)";"Baixo Amazonas";"Alenquer";"-";"2014";5687
"Economia";"Pecuária";"Produção de Origem Animal Leite (Mil litros)";"Baixo Amazonas";"Alenquer";"-";"2015";5649
"Economia";"Pecuária";"Produção de Origem Animal Leite (Mil litros)";"Baixo Amazonas";"Alenquer";"-";"2016";5678
"Economia";"Pecuária";"Produção de Origem Animal Leite (Mil litros)";"Baixo Amazonas";"Alenquer";"-";"2017";5516
"Economia";"Pecuária";"Produção de Origem Animal Leite (Mil litros)";"Baixo Amazonas";"Alenquer";"-";"2018";6254
"Economia";"Pecuária";"Produção de Origem Animal Leite (Mil litros)";"Baixo Amazonas";"Alenquer";"-";"2019";6009
"Economia";"Pecuária";"Produção de Origem Animal Leite (Mil litros)";"Baixo Amazonas";"Alenquer";"-";"2020";6563
"Economia";"Pecuária";"Produção de Origem Animal Leite (Mil litros)";"Baixo Amazonas";"Alenquer";"-";"2021";6927
"Economia";"Pecuária";"Produção de Origem Animal Leite (Mil litros)";"Baixo Amazonas";"Alenquer";"-";"2022";6546
"Economia";"Pecuária";"Produção de Origem Animal Leite (Mil litros)";"Baixo Amazonas";"Alenquer";"-";"2023";7681
"Economia";"Pecuária";"Produção de Origem Animal Leite (Mil litros)";"Baixo Amazonas";"Almeirim";"-";"2008";1830
"Economia";"Pecuária";"Produção de Origem Animal Leite (Mil litros)";"Baixo Amazonas";"Almeirim";"-";"2009";1188
"Economia";"Pecuária";"Produção de Origem Animal Leite (Mil litros)";"Baixo Amazonas";"Almeirim";"-";"2010";1271
"Economia";"Pecuária";"Produção de Origem Animal Leite (Mil litros)";"Baixo Amazonas";"Almeirim";"-";"2011";1360
"Economia";"Pecuária";"Produção de Origem Animal Leite (Mil litros)";"Baixo Amazonas";"Almeirim";"-";"2012";1381
"Economia";"Pecuária";"Produção de Origem Animal Leite (Mil litros)";"Baixo Amazonas";"Almeirim";"-";"2013";1585
"Economia";"Pecuária";"Produção de Origem Animal Leite (Mil litros)";"Baixo Amazonas";"Almeirim";"-";"2014";2432
"Economia";"Pecuária";"Produção de Origem Animal Leite (Mil litros)";"Baixo Amazonas";"Almeirim";"-";"2015";2249
"Economia";"Pecuária";"Produção de Origem Animal Leite (Mil litros)";"Baixo Amazonas";"Almeirim";"-";"2016";2127
"Economia";"Pecuária";"Produção de Origem Animal Leite (Mil litros)";"Baixo Amazonas";"Almeirim";"-";"2017";2271
"Economia";"Pecuária";"Produção de Origem Animal Leite (Mil litros)";"Baixo Amazonas";"Almeirim";"-";"2018";2350
"Economia";"Pecuária";"Produção de Origem Animal Leite (Mil litros)";"Baixo Amazonas";"Almeirim";"-";"2019";2417
"Economia";"Pecuária";"Produção de Origem Animal Leite (Mil litros)";"Baixo Amazonas";"Almeirim";"-";"2020";2800
"Economia";"Pecuária";"Produção de Origem Animal Leite (Mil litros)";"Baixo Amazonas";"Almeirim";"-";"2021";1800
"Economia";"Pecuária";"Produção de Origem Animal Leite (Mil litros)";"Baixo Amazonas";"Almeirim";"-";"2022";1828
"Economia";"Pecuária";"Produção de Origem Animal Leite (Mil litros)";"Baixo Amazonas";"Almeirim";"-";"2023";1879
"Economia";"Pecuária";"Produção de Origem Animal Leite (Mil litros)";"Xingu";"Altamira";"-";"2008";3866
"Economia";"Pecuária";"Produção de Origem Animal Leite (Mil litros)";"Xingu";"Altamira";"-";"2009";2706
"Economia";"Pecuária";"Produção de Origem Animal Leite (Mil litros)";"Xingu";"Altamira";"-";"2010";3498
"Economia";"Pecuária";"Produção de Origem Animal Leite (Mil litros)";"Xingu";"Altamira";"-";"2011";4340
"Economia";"Pecuária";"Produção de Origem Animal Leite (Mil litros)";"Xingu";"Altamira";"-";"2012";4212
"Economia";"Pecuária";"Produção de Origem Animal Leite (Mil litros)";"Xingu";"Altamira";"-";"2013";5740
"Economia";"Pecuária";"Produção de Origem Animal Leite (Mil litros)";"Xingu";"Altamira";"-";"2014";5569
"Economia";"Pecuária";"Produção de Origem Animal Leite (Mil litros)";"Xingu";"Altamira";"-";"2015";5090
"Economia";"Pecuária";"Produção de Origem Animal Leite (Mil litros)";"Xingu";"Altamira";"-";"2016";4941
"Economia";"Pecuária";"Produção de Origem Animal Leite (Mil litros)";"Xingu";"Altamira";"-";"2017";5804
"Economia";"Pecuária";"Produção de Origem Animal Leite (Mil litros)";"Xingu";"Altamira";"-";"2018";7650
"Economia";"Pecuária";"Produção de Origem Animal Leite (Mil litros)";"Xingu";"Altamira";"-";"2019";8627
"Economia";"Pecuária";"Produção de Origem Animal Leite (Mil litros)";"Xingu";"Altamira";"-";"2020";9090
"Economia";"Pecuária";"Produção de Origem Animal Leite (Mil litros)";"Xingu";"Altamira";"-";"2021";12208
"Economia";"Pecuária";"Produção de Origem Animal Leite (Mil litros)";"Xingu";"Altamira";"-";"2022";18071
"Economia";"Pecuária";"Produção de Origem Animal Leite (Mil litros)";"Xingu";"Altamira";"-";"2023";15786
"Economia";"Pecuária";"Produção de Origem Animal Leite (Mil litros)";"Marajó";"Anajás";"-";"2008";72
"Economia";"Pecuária";"Produção de Origem Animal Leite (Mil litros)";"Marajó";"Anajás";"-";"2009";76
"Economia";"Pecuária";"Produção de Origem Animal Leite (Mil litros)";"Marajó";"Anajás";"-";"2010";77
"Economia";"Pecuária";"Produção de Origem Animal Leite (Mil litros)";"Marajó";"Anajás";"-";"2011";79
"Economia";"Pecuária";"Produção de Origem Animal Leite (Mil litros)";"Marajó";"Anajás";"-";"2012";82
"Economia";"Pecuária";"Produção de Origem Animal Leite (Mil litros)";"Marajó";"Anajás";"-";"2013";83
"Economia";"Pecuária";"Produção de Origem Animal Leite (Mil litros)";"Marajó";"Anajás";"-";"2014";85
"Economia";"Pecuária";"Produção de Origem Animal Leite (Mil litros)";"Marajó";"Anajás";"-";"2015";84
"Economia";"Pecuária";"Produção de Origem Animal Leite (Mil litros)";"Marajó";"Anajás";"-";"2016";58
"Economia";"Pecuária";"Produção de Origem Animal Leite (Mil litros)";"Marajó";"Anajás";"-";"2017";57
"Economia";"Pecuária";"Produção de Origem Animal Leite (Mil litros)";"Marajó";"Anajás";"-";"2018";58
"Economia";"Pecuária";"Produção de Origem Animal Leite (Mil litros)";"Marajó";"Anajás";"-";"2019";60
"Economia";"Pecuária";"Produção de Origem Animal Leite (Mil litros)";"Marajó";"Anajás";"-";"2020";56
"Economia";"Pecuária";"Produção de Origem Animal Leite (Mil litros)";"Marajó";"Anajás";"-";"2021";49
"Economia";"Pecuária";"Produção de Origem Animal Leite (Mil litros)";"Marajó";"Anajás";"-";"2022";43
"Economia";"Pecuária";"Produção de Origem Animal Leite (Mil litros)";"Marajó";"Anajás";"-";"2023";42
"Economia";"Pecuária";"Produção de Origem Animal Leite (Mil litros)";"Guajará";"Ananindeua";"-";"2008";6
"Economia";"Pecuária";"Produção de Origem Animal Leite (Mil litros)";"Guajará";"Ananindeua";"-";"2009";12
"Economia";"Pecuária";"Produção de Origem Animal Leite (Mil litros)";"Guajará";"Ananindeua";"-";"2010";12
"Economia";"Pecuária";"Produção de Origem Animal Leite (Mil litros)";"Guajará";"Ananindeua";"-";"2011";14
"Economia";"Pecuária";"Produção de Origem Animal Leite (Mil litros)";"Guajará";"Ananindeua";"-";"2012";9
"Economia";"Pecuária";"Produção de Origem Animal Leite (Mil litros)";"Guajará";"Ananindeua";"-";"2013";13
"Economia";"Pecuária";"Produção de Origem Animal Leite (Mil litros)";"Guajará";"Ananindeua";"-";"2014";0
"Economia";"Pecuária";"Produção de Origem Animal Leite (Mil litros)";"Guajará";"Ananindeua";"-";"2015";0
"Economia";"Pecuária";"Produção de Origem Animal Leite (Mil litros)";"Guajará";"Ananindeua";"-";"2016";0
"Economia";"Pecuária";"Produção de Origem Animal Leite (Mil litros)";"Guajará";"Ananindeua";"-";"2017";36
"Economia";"Pecuária";"Produção de Origem Animal Leite (Mil litros)";"Guajará";"Ananindeua";"-";"2018";37
"Economia";"Pecuária";"Produção de Origem Animal Leite (Mil litros)";"Guajará";"Ananindeua";"-";"2019";38
"Economia";"Pecuária";"Produção de Origem Animal Leite (Mil litros)";"Guajará";"Ananindeua";"-";"2020";18
"Economia";"Pecuária";"Produção de Origem Animal Leite (Mil litros)";"Guajará";"Ananindeua";"-";"2021";8
"Economia";"Pecuária";"Produção de Origem Animal Leite (Mil litros)";"Guajará";"Ananindeua";"-";"2022";4
"Economia";"Pecuária";"Produção de Origem Animal Leite (Mil litros)";"Guajará";"Ananindeua";"-";"2023";4
"Economia";"Pecuária";"Produção de Origem Animal Leite (Mil litros)";"Xingu";"Anapu";"-";"2008";1080
"Economia";"Pecuária";"Produção de Origem Animal Leite (Mil litros)";"Xingu";"Anapu";"-";"2009";1095
"Economia";"Pecuária";"Produção de Origem Animal Leite (Mil litros)";"Xingu";"Anapu";"-";"2010";1082
"Economia";"Pecuária";"Produção de Origem Animal Leite (Mil litros)";"Xingu";"Anapu";"-";"2011";1103
"Economia";"Pecuária";"Produção de Origem Animal Leite (Mil litros)";"Xingu";"Anapu";"-";"2012";2360
"Economia";"Pecuária";"Produção de Origem Animal Leite (Mil litros)";"Xingu";"Anapu";"-";"2013";2382
"Economia";"Pecuária";"Produção de Origem Animal Leite (Mil litros)";"Xingu";"Anapu";"-";"2014";2313
"Economia";"Pecuária";"Produção de Origem Animal Leite (Mil litros)";"Xingu";"Anapu";"-";"2015";2259
"Economia";"Pecuária";"Produção de Origem Animal Leite (Mil litros)";"Xingu";"Anapu";"-";"2016";1808
"Economia";"Pecuária";"Produção de Origem Animal Leite (Mil litros)";"Xingu";"Anapu";"-";"2017";3080
"Economia";"Pecuária";"Produção de Origem Animal Leite (Mil litros)";"Xingu";"Anapu";"-";"2018";3978
"Economia";"Pecuária";"Produção de Origem Animal Leite (Mil litros)";"Xingu";"Anapu";"-";"2019";4746
"Economia";"Pecuária";"Produção de Origem Animal Leite (Mil litros)";"Xingu";"Anapu";"-";"2020";6804
"Economia";"Pecuária";"Produção de Origem Animal Leite (Mil litros)";"Xingu";"Anapu";"-";"2021";7052
"Economia";"Pecuária";"Produção de Origem Animal Leite (Mil litros)";"Xingu";"Anapu";"-";"2022";8159
"Economia";"Pecuária";"Produção de Origem Animal Leite (Mil litros)";"Xingu";"Anapu";"-";"2023";7119
"Economia";"Pecuária";"Produção de Origem Animal Leite (Mil litros)";"Rio Caeté";"Augusto Corrêa";"-";"2008";36
"Economia";"Pecuária";"Produção de Origem Animal Leite (Mil litros)";"Rio Caeté";"Augusto Corrêa";"-";"2009";27
"Economia";"Pecuária";"Produção de Origem Animal Leite (Mil litros)";"Rio Caeté";"Augusto Corrêa";"-";"2010";23
"Economia";"Pecuária";"Produção de Origem Animal Leite (Mil litros)";"Rio Caeté";"Augusto Corrêa";"-";"2011";21
"Economia";"Pecuária";"Produção de Origem Animal Leite (Mil litros)";"Rio Caeté";"Augusto Corrêa";"-";"2012";23
"Economia";"Pecuária";"Produção de Origem Animal Leite (Mil litros)";"Rio Caeté";"Augusto Corrêa";"-";"2013";23
"Economia";"Pecuária";"Produção de Origem Animal Leite (Mil litros)";"Rio Caeté";"Augusto Corrêa";"-";"2014";22
"Economia";"Pecuária";"Produção de Origem Animal Leite (Mil litros)";"Rio Caeté";"Augusto Corrêa";"-";"2015";21
"Economia";"Pecuária";"Produção de Origem Animal Leite (Mil litros)";"Rio Caeté";"Augusto Corrêa";"-";"2016";23
"Economia";"Pecuária";"Produção de Origem Animal Leite (Mil litros)";"Rio Caeté";"Augusto Corrêa";"-";"2017";24
"Economia";"Pecuária";"Produção de Origem Animal Leite (Mil litros)";"Rio Caeté";"Augusto Corrêa";"-";"2018";23
"Economia";"Pecuária";"Produção de Origem Animal Leite (Mil litros)";"Rio Caeté";"Augusto Corrêa";"-";"2019";23
"Economia";"Pecuária";"Produção de Origem Animal Leite (Mil litros)";"Rio Caeté";"Augusto Corrêa";"-";"2020";21
"Economia";"Pecuária";"Produção de Origem Animal Leite (Mil litros)";"Rio Caeté";"Augusto Corrêa";"-";"2021";18
"Economia";"Pecuária";"Produção de Origem Animal Leite (Mil litros)";"Rio Caeté";"Augusto Corrêa";"-";"2022";13
"Economia";"Pecuária";"Produção de Origem Animal Leite (Mil litros)";"Rio Caeté";"Augusto Corrêa";"-";"2023";15
"Economia";"Pecuária";"Produção de Origem Animal Leite (Mil litros)";"Rio Capim";"Aurora do Pará";"-";"2008";3173
"Economia";"Pecuária";"Produção de Origem Animal Leite (Mil litros)";"Rio Capim";"Aurora do Pará";"-";"2009";2908
"Economia";"Pecuária";"Produção de Origem Animal Leite (Mil litros)";"Rio Capim";"Aurora do Pará";"-";"2010";3869
"Economia";"Pecuária";"Produção de Origem Animal Leite (Mil litros)";"Rio Capim";"Aurora do Pará";"-";"2011";4642
"Economia";"Pecuária";"Produção de Origem Animal Leite (Mil litros)";"Rio Capim";"Aurora do Pará";"-";"2012";4730
"Economia";"Pecuária";"Produção de Origem Animal Leite (Mil litros)";"Rio Capim";"Aurora do Pará";"-";"2013";4749
"Economia";"Pecuária";"Produção de Origem Animal Leite (Mil litros)";"Rio Capim";"Aurora do Pará";"-";"2014";4615
"Economia";"Pecuária";"Produção de Origem Animal Leite (Mil litros)";"Rio Capim";"Aurora do Pará";"-";"2015";4236
"Economia";"Pecuária";"Produção de Origem Animal Leite (Mil litros)";"Rio Capim";"Aurora do Pará";"-";"2016";4124
"Economia";"Pecuária";"Produção de Origem Animal Leite (Mil litros)";"Rio Capim";"Aurora do Pará";"-";"2017";4688
"Economia";"Pecuária";"Produção de Origem Animal Leite (Mil litros)";"Rio Capim";"Aurora do Pará";"-";"2018";1095
"Economia";"Pecuária";"Produção de Origem Animal Leite (Mil litros)";"Rio Capim";"Aurora do Pará";"-";"2019";1200
"Economia";"Pecuária";"Produção de Origem Animal Leite (Mil litros)";"Rio Capim";"Aurora do Pará";"-";"2020";1025
"Economia";"Pecuária";"Produção de Origem Animal Leite (Mil litros)";"Rio Capim";"Aurora do Pará";"-";"2021";950
"Economia";"Pecuária";"Produção de Origem Animal Leite (Mil litros)";"Rio Capim";"Aurora do Pará";"-";"2022";1100
"Economia";"Pecuária";"Produção de Origem Animal Leite (Mil litros)";"Rio Capim";"Aurora do Pará";"-";"2023";1025
"Economia";"Pecuária";"Produção de Origem Animal Leite (Mil litros)";"Tapajós";"Aveiro";"-";"2008";723
"Economia";"Pecuária";"Produção de Origem Animal Leite (Mil litros)";"Tapajós";"Aveiro";"-";"2009";701
"Economia";"Pecuária";"Produção de Origem Animal Leite (Mil litros)";"Tapajós";"Aveiro";"-";"2010";528
"Economia";"Pecuária";"Produção de Origem Animal Leite (Mil litros)";"Tapajós";"Aveiro";"-";"2011";118
"Economia";"Pecuária";"Produção de Origem Animal Leite (Mil litros)";"Tapajós";"Aveiro";"-";"2012";120
"Economia";"Pecuária";"Produção de Origem Animal Leite (Mil litros)";"Tapajós";"Aveiro";"-";"2013";139
"Economia";"Pecuária";"Produção de Origem Animal Leite (Mil litros)";"Tapajós";"Aveiro";"-";"2014";168
"Economia";"Pecuária";"Produção de Origem Animal Leite (Mil litros)";"Tapajós";"Aveiro";"-";"2015";182
"Economia";"Pecuária";"Produção de Origem Animal Leite (Mil litros)";"Tapajós";"Aveiro";"-";"2016";187
"Economia";"Pecuária";"Produção de Origem Animal Leite (Mil litros)";"Tapajós";"Aveiro";"-";"2017";202
"Economia";"Pecuária";"Produção de Origem Animal Leite (Mil litros)";"Tapajós";"Aveiro";"-";"2018";199
"Economia";"Pecuária";"Produção de Origem Animal Leite (Mil litros)";"Tapajós";"Aveiro";"-";"2019";208
"Economia";"Pecuária";"Produção de Origem Animal Leite (Mil litros)";"Tapajós";"Aveiro";"-";"2020";218
"Economia";"Pecuária";"Produção de Origem Animal Leite (Mil litros)";"Tapajós";"Aveiro";"-";"2021";253
"Economia";"Pecuária";"Produção de Origem Animal Leite (Mil litros)";"Tapajós";"Aveiro";"-";"2022";219
"Economia";"Pecuária";"Produção de Origem Animal Leite (Mil litros)";"Tapajós";"Aveiro";"-";"2023";251
"Economia";"Pecuária";"Produção de Origem Animal Leite (Mil litros)";"Marajó";"Bagre";"-";"2008";33
"Economia";"Pecuária";"Produção de Origem Animal Leite (Mil litros)";"Marajó";"Bagre";"-";"2009";36
"Economia";"Pecuária";"Produção de Origem Animal Leite (Mil litros)";"Marajó";"Bagre";"-";"2010";34
"Economia";"Pecuária";"Produção de Origem Animal Leite (Mil litros)";"Marajó";"Bagre";"-";"2011";35
"Economia";"Pecuária";"Produção de Origem Animal Leite (Mil litros)";"Marajó";"Bagre";"-";"2012";35
"Economia";"Pecuária";"Produção de Origem Animal Leite (Mil litros)";"Marajó";"Bagre";"-";"2013";36
"Economia";"Pecuária";"Produção de Origem Animal Leite (Mil litros)";"Marajó";"Bagre";"-";"2014";36
"Economia";"Pecuária";"Produção de Origem Animal Leite (Mil litros)";"Marajó";"Bagre";"-";"2015";37
"Economia";"Pecuária";"Produção de Origem Animal Leite (Mil litros)";"Marajó";"Bagre";"-";"2016";36
"Economia";"Pecuária";"Produção de Origem Animal Leite (Mil litros)";"Marajó";"Bagre";"-";"2017";37
"Economia";"Pecuária";"Produção de Origem Animal Leite (Mil litros)";"Marajó";"Bagre";"-";"2018";35
"Economia";"Pecuária";"Produção de Origem Animal Leite (Mil litros)";"Marajó";"Bagre";"-";"2019";36
"Economia";"Pecuária";"Produção de Origem Animal Leite (Mil litros)";"Marajó";"Bagre";"-";"2020";33
"Economia";"Pecuária";"Produção de Origem Animal Leite (Mil litros)";"Marajó";"Bagre";"-";"2021";30
"Economia";"Pecuária";"Produção de Origem Animal Leite (Mil litros)";"Marajó";"Bagre";"-";"2022";27
"Economia";"Pecuária";"Produção de Origem Animal Leite (Mil litros)";"Marajó";"Bagre";"-";"2023";22
"Economia";"Pecuária";"Produção de Origem Animal Leite (Mil litros)";"Tocantins";"Baião";"-";"2008";593
"Economia";"Pecuária";"Produção de Origem Animal Leite (Mil litros)";"Tocantins";"Baião";"-";"2009";623
"Economia";"Pecuária";"Produção de Origem Animal Leite (Mil litros)";"Tocantins";"Baião";"-";"2010";654
"Economia";"Pecuária";"Produção de Origem Animal Leite (Mil litros)";"Tocantins";"Baião";"-";"2011";687
"Economia";"Pecuária";"Produção de Origem Animal Leite (Mil litros)";"Tocantins";"Baião";"-";"2012";731
"Economia";"Pecuária";"Produção de Origem Animal Leite (Mil litros)";"Tocantins";"Baião";"-";"2013";750
"Economia";"Pecuária";"Produção de Origem Animal Leite (Mil litros)";"Tocantins";"Baião";"-";"2014";780
"Economia";"Pecuária";"Produção de Origem Animal Leite (Mil litros)";"Tocantins";"Baião";"-";"2015";800
"Economia";"Pecuária";"Produção de Origem Animal Leite (Mil litros)";"Tocantins";"Baião";"-";"2016";790
"Economia";"Pecuária";"Produção de Origem Animal Leite (Mil litros)";"Tocantins";"Baião";"-";"2017";800
"Economia";"Pecuária";"Produção de Origem Animal Leite (Mil litros)";"Tocantins";"Baião";"-";"2018";790
"Economia";"Pecuária";"Produção de Origem Animal Leite (Mil litros)";"Tocantins";"Baião";"-";"2019";800
"Economia";"Pecuária";"Produção de Origem Animal Leite (Mil litros)";"Tocantins";"Baião";"-";"2020";850
"Economia";"Pecuária";"Produção de Origem Animal Leite (Mil litros)";"Tocantins";"Baião";"-";"2021";860
"Economia";"Pecuária";"Produção de Origem Animal Leite (Mil litros)";"Tocantins";"Baião";"-";"2022";850
"Economia";"Pecuária";"Produção de Origem Animal Leite (Mil litros)";"Tocantins";"Baião";"-";"2023";860
"Economia";"Pecuária";"Produção de Origem Animal Leite (Mil litros)";"Araguaia";"Bannach";"-";"2008";7197
"Economia";"Pecuária";"Produção de Origem Animal Leite (Mil litros)";"Araguaia";"Bannach";"-";"2009";6281
"Economia";"Pecuária";"Produção de Origem Animal Leite (Mil litros)";"Araguaia";"Bannach";"-";"2010";7041
"Economia";"Pecuária";"Produção de Origem Animal Leite (Mil litros)";"Araguaia";"Bannach";"-";"2011";7370
"Economia";"Pecuária";"Produção de Origem Animal Leite (Mil litros)";"Araguaia";"Bannach";"-";"2012";7278
"Economia";"Pecuária";"Produção de Origem Animal Leite (Mil litros)";"Araguaia";"Bannach";"-";"2013";4872
"Economia";"Pecuária";"Produção de Origem Animal Leite (Mil litros)";"Araguaia";"Bannach";"-";"2014";5115
"Economia";"Pecuária";"Produção de Origem Animal Leite (Mil litros)";"Araguaia";"Bannach";"-";"2015";4908
"Economia";"Pecuária";"Produção de Origem Animal Leite (Mil litros)";"Araguaia";"Bannach";"-";"2016";5252
"Economia";"Pecuária";"Produção de Origem Animal Leite (Mil litros)";"Araguaia";"Bannach";"-";"2017";5648
"Economia";"Pecuária";"Produção de Origem Animal Leite (Mil litros)";"Araguaia";"Bannach";"-";"2018";5333
"Economia";"Pecuária";"Produção de Origem Animal Leite (Mil litros)";"Araguaia";"Bannach";"-";"2019";4481
"Economia";"Pecuária";"Produção de Origem Animal Leite (Mil litros)";"Araguaia";"Bannach";"-";"2020";2775
"Economia";"Pecuária";"Produção de Origem Animal Leite (Mil litros)";"Araguaia";"Bannach";"-";"2021";3191
"Economia";"Pecuária";"Produção de Origem Animal Leite (Mil litros)";"Araguaia";"Bannach";"-";"2022";3187
"Economia";"Pecuária";"Produção de Origem Animal Leite (Mil litros)";"Araguaia";"Bannach";"-";"2023";3805
"Economia";"Pecuária";"Produção de Origem Animal Leite (Mil litros)";"Tocantins";"Barcarena";"-";"2008";195
"Economia";"Pecuária";"Produção de Origem Animal Leite (Mil litros)";"Tocantins";"Barcarena";"-";"2009";97
"Economia";"Pecuária";"Produção de Origem Animal Leite (Mil litros)";"Tocantins";"Barcarena";"-";"2010";89
"Economia";"Pecuária";"Produção de Origem Animal Leite (Mil litros)";"Tocantins";"Barcarena";"-";"2011";90
"Economia";"Pecuária";"Produção de Origem Animal Leite (Mil litros)";"Tocantins";"Barcarena";"-";"2012";50
"Economia";"Pecuária";"Produção de Origem Animal Leite (Mil litros)";"Tocantins";"Barcarena";"-";"2013";47
"Economia";"Pecuária";"Produção de Origem Animal Leite (Mil litros)";"Tocantins";"Barcarena";"-";"2014";46
"Economia";"Pecuária";"Produção de Origem Animal Leite (Mil litros)";"Tocantins";"Barcarena";"-";"2015";39
"Economia";"Pecuária";"Produção de Origem Animal Leite (Mil litros)";"Tocantins";"Barcarena";"-";"2016";38
"Economia";"Pecuária";"Produção de Origem Animal Leite (Mil litros)";"Tocantins";"Barcarena";"-";"2017";126
"Economia";"Pecuária";"Produção de Origem Animal Leite (Mil litros)";"Tocantins";"Barcarena";"-";"2018";127
"Economia";"Pecuária";"Produção de Origem Animal Leite (Mil litros)";"Tocantins";"Barcarena";"-";"2019";126
"Economia";"Pecuária";"Produção de Origem Animal Leite (Mil litros)";"Tocantins";"Barcarena";"-";"2020";114
"Economia";"Pecuária";"Produção de Origem Animal Leite (Mil litros)";"Tocantins";"Barcarena";"-";"2021";113
"Economia";"Pecuária";"Produção de Origem Animal Leite (Mil litros)";"Tocantins";"Barcarena";"-";"2022";111
"Economia";"Pecuária";"Produção de Origem Animal Leite (Mil litros)";"Tocantins";"Barcarena";"-";"2023";106
"Economia";"Pecuária";"Produção de Origem Animal Leite (Mil litros)";"Guajará";"Belém";"-";"2008";6
"Economia";"Pecuária";"Produção de Origem Animal Leite (Mil litros)";"Guajará";"Belém";"-";"2009";14
"Economia";"Pecuária";"Produção de Origem Animal Leite (Mil litros)";"Guajará";"Belém";"-";"2010";16
"Economia";"Pecuária";"Produção de Origem Animal Leite (Mil litros)";"Guajará";"Belém";"-";"2011";20
"Economia";"Pecuária";"Produção de Origem Animal Leite (Mil litros)";"Guajará";"Belém";"-";"2012";20
"Economia";"Pecuária";"Produção de Origem Animal Leite (Mil litros)";"Guajará";"Belém";"-";"2013";16
"Economia";"Pecuária";"Produção de Origem Animal Leite (Mil litros)";"Guajará";"Belém";"-";"2014";16
"Economia";"Pecuária";"Produção de Origem Animal Leite (Mil litros)";"Guajará";"Belém";"-";"2015";34
"Economia";"Pecuária";"Produção de Origem Animal Leite (Mil litros)";"Guajará";"Belém";"-";"2016";33
"Economia";"Pecuária";"Produção de Origem Animal Leite (Mil litros)";"Guajará";"Belém";"-";"2017";38
"Economia";"Pecuária";"Produção de Origem Animal Leite (Mil litros)";"Guajará";"Belém";"-";"2018";40
"Economia";"Pecuária";"Produção de Origem Animal Leite (Mil litros)";"Guajará";"Belém";"-";"2019";40
"Economia";"Pecuária";"Produção de Origem Animal Leite (Mil litros)";"Guajará";"Belém";"-";"2020";42
"Economia";"Pecuária";"Produção de Origem Animal Leite (Mil litros)";"Guajará";"Belém";"-";"2021";40
"Economia";"Pecuária";"Produção de Origem Animal Leite (Mil litros)";"Guajará";"Belém";"-";"2022";35
"Economia";"Pecuária";"Produção de Origem Animal Leite (Mil litros)";"Guajará";"Belém";"-";"2023";33
"Economia";"Pecuária";"Produção de Origem Animal Leite (Mil litros)";"Baixo Amazonas";"Belterra";"-";"2008";440
"Economia";"Pecuária";"Produção de Origem Animal Leite (Mil litros)";"Baixo Amazonas";"Belterra";"-";"2009";477
"Economia";"Pecuária";"Produção de Origem Animal Leite (Mil litros)";"Baixo Amazonas";"Belterra";"-";"2010";386
"Economia";"Pecuária";"Produção de Origem Animal Leite (Mil litros)";"Baixo Amazonas";"Belterra";"-";"2011";386
"Economia";"Pecuária";"Produção de Origem Animal Leite (Mil litros)";"Baixo Amazonas";"Belterra";"-";"2012";355
"Economia";"Pecuária";"Produção de Origem Animal Leite (Mil litros)";"Baixo Amazonas";"Belterra";"-";"2013";377
"Economia";"Pecuária";"Produção de Origem Animal Leite (Mil litros)";"Baixo Amazonas";"Belterra";"-";"2014";385
"Economia";"Pecuária";"Produção de Origem Animal Leite (Mil litros)";"Baixo Amazonas";"Belterra";"-";"2015";377
"Economia";"Pecuária";"Produção de Origem Animal Leite (Mil litros)";"Baixo Amazonas";"Belterra";"-";"2016";335
"Economia";"Pecuária";"Produção de Origem Animal Leite (Mil litros)";"Baixo Amazonas";"Belterra";"-";"2017";345
"Economia";"Pecuária";"Produção de Origem Animal Leite (Mil litros)";"Baixo Amazonas";"Belterra";"-";"2018";382
"Economia";"Pecuária";"Produção de Origem Animal Leite (Mil litros)";"Baixo Amazonas";"Belterra";"-";"2019";367
"Economia";"Pecuária";"Produção de Origem Animal Leite (Mil litros)";"Baixo Amazonas";"Belterra";"-";"2020";394
"Economia";"Pecuária";"Produção de Origem Animal Leite (Mil litros)";"Baixo Amazonas";"Belterra";"-";"2021";365
"Economia";"Pecuária";"Produção de Origem Animal Leite (Mil litros)";"Baixo Amazonas";"Belterra";"-";"2022";382
"Economia";"Pecuária";"Produção de Origem Animal Leite (Mil litros)";"Baixo Amazonas";"Belterra";"-";"2023";345
"Economia";"Pecuária";"Produção de Origem Animal Leite (Mil litros)";"Guajará";"Benevides";"-";"2008";132
"Economia";"Pecuária";"Produção de Origem Animal Leite (Mil litros)";"Guajará";"Benevides";"-";"2009";173
"Economia";"Pecuária";"Produção de Origem Animal Leite (Mil litros)";"Guajará";"Benevides";"-";"2010";262
"Economia";"Pecuária";"Produção de Origem Animal Leite (Mil litros)";"Guajará";"Benevides";"-";"2011";237
"Economia";"Pecuária";"Produção de Origem Animal Leite (Mil litros)";"Guajará";"Benevides";"-";"2012";177
"Economia";"Pecuária";"Produção de Origem Animal Leite (Mil litros)";"Guajará";"Benevides";"-";"2013";217
"Economia";"Pecuária";"Produção de Origem Animal Leite (Mil litros)";"Guajará";"Benevides";"-";"2014";481
"Economia";"Pecuária";"Produção de Origem Animal Leite (Mil litros)";"Guajará";"Benevides";"-";"2015";470
"Economia";"Pecuária";"Produção de Origem Animal Leite (Mil litros)";"Guajará";"Benevides";"-";"2016";442
"Economia";"Pecuária";"Produção de Origem Animal Leite (Mil litros)";"Guajará";"Benevides";"-";"2017";133
"Economia";"Pecuária";"Produção de Origem Animal Leite (Mil litros)";"Guajará";"Benevides";"-";"2018";143
"Economia";"Pecuária";"Produção de Origem Animal Leite (Mil litros)";"Guajará";"Benevides";"-";"2019";145
"Economia";"Pecuária";"Produção de Origem Animal Leite (Mil litros)";"Guajará";"Benevides";"-";"2020";117
"Economia";"Pecuária";"Produção de Origem Animal Leite (Mil litros)";"Guajará";"Benevides";"-";"2021";18
"Economia";"Pecuária";"Produção de Origem Animal Leite (Mil litros)";"Guajará";"Benevides";"-";"2022";16
"Economia";"Pecuária";"Produção de Origem Animal Leite (Mil litros)";"Guajará";"Benevides";"-";"2023";16
"Economia";"Pecuária";"Produção de Origem Animal Leite (Mil litros)";"Carajás";"Bom Jesus do Tocantins";"-";"2008";11220
"Economia";"Pecuária";"Produção de Origem Animal Leite (Mil litros)";"Carajás";"Bom Jesus do Tocantins";"-";"2009";10547
"Economia";"Pecuária";"Produção de Origem Animal Leite (Mil litros)";"Carajás";"Bom Jesus do Tocantins";"-";"2010";12514
"Economia";"Pecuária";"Produção de Origem Animal Leite (Mil litros)";"Carajás";"Bom Jesus do Tocantins";"-";"2011";11287
"Economia";"Pecuária";"Produção de Origem Animal Leite (Mil litros)";"Carajás";"Bom Jesus do Tocantins";"-";"2012";6276
"Economia";"Pecuária";"Produção de Origem Animal Leite (Mil litros)";"Carajás";"Bom Jesus do Tocantins";"-";"2013";6349
"Economia";"Pecuária";"Produção de Origem Animal Leite (Mil litros)";"Carajás";"Bom Jesus do Tocantins";"-";"2014";6317
"Economia";"Pecuária";"Produção de Origem Animal Leite (Mil litros)";"Carajás";"Bom Jesus do Tocantins";"-";"2015";16897
"Economia";"Pecuária";"Produção de Origem Animal Leite (Mil litros)";"Carajás";"Bom Jesus do Tocantins";"-";"2016";17656
"Economia";"Pecuária";"Produção de Origem Animal Leite (Mil litros)";"Carajás";"Bom Jesus do Tocantins";"-";"2017";17847
"Economia";"Pecuária";"Produção de Origem Animal Leite (Mil litros)";"Carajás";"Bom Jesus do Tocantins";"-";"2018";18726
"Economia";"Pecuária";"Produção de Origem Animal Leite (Mil litros)";"Carajás";"Bom Jesus do Tocantins";"-";"2019";18980
"Economia";"Pecuária";"Produção de Origem Animal Leite (Mil litros)";"Carajás";"Bom Jesus do Tocantins";"-";"2020";21378
"Economia";"Pecuária";"Produção de Origem Animal Leite (Mil litros)";"Carajás";"Bom Jesus do Tocantins";"-";"2021";20703
"Economia";"Pecuária";"Produção de Origem Animal Leite (Mil litros)";"Carajás";"Bom Jesus do Tocantins";"-";"2022";21785
"Economia";"Pecuária";"Produção de Origem Animal Leite (Mil litros)";"Carajás";"Bom Jesus do Tocantins";"-";"2023";21352
"Economia";"Pecuária";"Produção de Origem Animal Leite (Mil litros)";"Rio Caeté";"Bonito";"-";"2008";165
"Economia";"Pecuária";"Produção de Origem Animal Leite (Mil litros)";"Rio Caeté";"Bonito";"-";"2009";167
"Economia";"Pecuária";"Produção de Origem Animal Leite (Mil litros)";"Rio Caeté";"Bonito";"-";"2010";152
"Economia";"Pecuária";"Produção de Origem Animal Leite (Mil litros)";"Rio Caeté";"Bonito";"-";"2011";155
"Economia";"Pecuária";"Produção de Origem Animal Leite (Mil litros)";"Rio Caeté";"Bonito";"-";"2012";141
"Economia";"Pecuária";"Produção de Origem Animal Leite (Mil litros)";"Rio Caeté";"Bonito";"-";"2013";136
"Economia";"Pecuária";"Produção de Origem Animal Leite (Mil litros)";"Rio Caeté";"Bonito";"-";"2014";132
"Economia";"Pecuária";"Produção de Origem Animal Leite (Mil litros)";"Rio Caeté";"Bonito";"-";"2015";136
"Economia";"Pecuária";"Produção de Origem Animal Leite (Mil litros)";"Rio Caeté";"Bonito";"-";"2016";10
"Economia";"Pecuária";"Produção de Origem Animal Leite (Mil litros)";"Rio Caeté";"Bonito";"-";"2017";140
"Economia";"Pecuária";"Produção de Origem Animal Leite (Mil litros)";"Rio Caeté";"Bonito";"-";"2018";120
"Economia";"Pecuária";"Produção de Origem Animal Leite (Mil litros)";"Rio Caeté";"Bonito";"-";"2019";90
"Economia";"Pecuária";"Produção de Origem Animal Leite (Mil litros)";"Rio Caeté";"Bonito";"-";"2020";92
"Economia";"Pecuária";"Produção de Origem Animal Leite (Mil litros)";"Rio Caeté";"Bonito";"-";"2021";105
"Economia";"Pecuária";"Produção de Origem Animal Leite (Mil litros)";"Rio Caeté";"Bonito";"-";"2022";109
"Economia";"Pecuária";"Produção de Origem Animal Leite (Mil litros)";"Rio Caeté";"Bonito";"-";"2023";119
"Economia";"Pecuária";"Produção de Origem Animal Leite (Mil litros)";"Rio Caeté";"Bragança";"-";"2008";194
"Economia";"Pecuária";"Produção de Origem Animal Leite (Mil litros)";"Rio Caeté";"Bragança";"-";"2009";184
"Economia";"Pecuária";"Produção de Origem Animal Leite (Mil litros)";"Rio Caeté";"Bragança";"-";"2010";166
"Economia";"Pecuária";"Produção de Origem Animal Leite (Mil litros)";"Rio Caeté";"Bragança";"-";"2011";163
"Economia";"Pecuária";"Produção de Origem Animal Leite (Mil litros)";"Rio Caeté";"Bragança";"-";"2012";172
"Economia";"Pecuária";"Produção de Origem Animal Leite (Mil litros)";"Rio Caeté";"Bragança";"-";"2013";186
"Economia";"Pecuária";"Produção de Origem Animal Leite (Mil litros)";"Rio Caeté";"Bragança";"-";"2014";178
"Economia";"Pecuária";"Produção de Origem Animal Leite (Mil litros)";"Rio Caeté";"Bragança";"-";"2015";179
"Economia";"Pecuária";"Produção de Origem Animal Leite (Mil litros)";"Rio Caeté";"Bragança";"-";"2016";207
"Economia";"Pecuária";"Produção de Origem Animal Leite (Mil litros)";"Rio Caeté";"Bragança";"-";"2017";226
"Economia";"Pecuária";"Produção de Origem Animal Leite (Mil litros)";"Rio Caeté";"Bragança";"-";"2018";222
"Economia";"Pecuária";"Produção de Origem Animal Leite (Mil litros)";"Rio Caeté";"Bragança";"-";"2019";187
"Economia";"Pecuária";"Produção de Origem Animal Leite (Mil litros)";"Rio Caeté";"Bragança";"-";"2020";159
"Economia";"Pecuária";"Produção de Origem Animal Leite (Mil litros)";"Rio Caeté";"Bragança";"-";"2021";103
"Economia";"Pecuária";"Produção de Origem Animal Leite (Mil litros)";"Rio Caeté";"Bragança";"-";"2022";77
"Economia";"Pecuária";"Produção de Origem Animal Leite (Mil litros)";"Rio Caeté";"Bragança";"-";"2023";68
"Economia";"Pecuária";"Produção de Origem Animal Leite (Mil litros)";"Xingu";"Brasil Novo";"-";"2008";4550
"Economia";"Pecuária";"Produção de Origem Animal Leite (Mil litros)";"Xingu";"Brasil Novo";"-";"2009";4347
"Economia";"Pecuária";"Produção de Origem Animal Leite (Mil litros)";"Xingu";"Brasil Novo";"-";"2010";3296
"Economia";"Pecuária";"Produção de Origem Animal Leite (Mil litros)";"Xingu";"Brasil Novo";"-";"2011";3308
"Economia";"Pecuária";"Produção de Origem Animal Leite (Mil litros)";"Xingu";"Brasil Novo";"-";"2012";2788
"Economia";"Pecuária";"Produção de Origem Animal Leite (Mil litros)";"Xingu";"Brasil Novo";"-";"2013";3018
"Economia";"Pecuária";"Produção de Origem Animal Leite (Mil litros)";"Xingu";"Brasil Novo";"-";"2014";4339
"Economia";"Pecuária";"Produção de Origem Animal Leite (Mil litros)";"Xingu";"Brasil Novo";"-";"2015";4149
"Economia";"Pecuária";"Produção de Origem Animal Leite (Mil litros)";"Xingu";"Brasil Novo";"-";"2016";4329
"Economia";"Pecuária";"Produção de Origem Animal Leite (Mil litros)";"Xingu";"Brasil Novo";"-";"2017";5350
"Economia";"Pecuária";"Produção de Origem Animal Leite (Mil litros)";"Xingu";"Brasil Novo";"-";"2018";6210
"Economia";"Pecuária";"Produção de Origem Animal Leite (Mil litros)";"Xingu";"Brasil Novo";"-";"2019";6455
"Economia";"Pecuária";"Produção de Origem Animal Leite (Mil litros)";"Xingu";"Brasil Novo";"-";"2020";7146
"Economia";"Pecuária";"Produção de Origem Animal Leite (Mil litros)";"Xingu";"Brasil Novo";"-";"2021";7812
"Economia";"Pecuária";"Produção de Origem Animal Leite (Mil litros)";"Xingu";"Brasil Novo";"-";"2022";8631
"Economia";"Pecuária";"Produção de Origem Animal Leite (Mil litros)";"Xingu";"Brasil Novo";"-";"2023";7682
"Economia";"Pecuária";"Produção de Origem Animal Leite (Mil litros)";"Carajás";"Brejo Grande do Araguaia";"-";"2008";5243
"Economia";"Pecuária";"Produção de Origem Animal Leite (Mil litros)";"Carajás";"Brejo Grande do Araguaia";"-";"2009";4650
"Economia";"Pecuária";"Produção de Origem Animal Leite (Mil litros)";"Carajás";"Brejo Grande do Araguaia";"-";"2010";4591
"Economia";"Pecuária";"Produção de Origem Animal Leite (Mil litros)";"Carajás";"Brejo Grande do Araguaia";"-";"2011";4370
"Economia";"Pecuária";"Produção de Origem Animal Leite (Mil litros)";"Carajás";"Brejo Grande do Araguaia";"-";"2012";3910
"Economia";"Pecuária";"Produção de Origem Animal Leite (Mil litros)";"Carajás";"Brejo Grande do Araguaia";"-";"2013";3800
"Economia";"Pecuária";"Produção de Origem Animal Leite (Mil litros)";"Carajás";"Brejo Grande do Araguaia";"-";"2014";4750
"Economia";"Pecuária";"Produção de Origem Animal Leite (Mil litros)";"Carajás";"Brejo Grande do Araguaia";"-";"2015";4800
"Economia";"Pecuária";"Produção de Origem Animal Leite (Mil litros)";"Carajás";"Brejo Grande do Araguaia";"-";"2016";4900
"Economia";"Pecuária";"Produção de Origem Animal Leite (Mil litros)";"Carajás";"Brejo Grande do Araguaia";"-";"2017";3886
"Economia";"Pecuária";"Produção de Origem Animal Leite (Mil litros)";"Carajás";"Brejo Grande do Araguaia";"-";"2018";3491
"Economia";"Pecuária";"Produção de Origem Animal Leite (Mil litros)";"Carajás";"Brejo Grande do Araguaia";"-";"2019";3830
"Economia";"Pecuária";"Produção de Origem Animal Leite (Mil litros)";"Carajás";"Brejo Grande do Araguaia";"-";"2020";4092
"Economia";"Pecuária";"Produção de Origem Animal Leite (Mil litros)";"Carajás";"Brejo Grande do Araguaia";"-";"2021";4455
"Economia";"Pecuária";"Produção de Origem Animal Leite (Mil litros)";"Carajás";"Brejo Grande do Araguaia";"-";"2022";4845
"Economia";"Pecuária";"Produção de Origem Animal Leite (Mil litros)";"Carajás";"Brejo Grande do Araguaia";"-";"2023";4954
"Economia";"Pecuária";"Produção de Origem Animal Leite (Mil litros)";"Lago de Tucuruí";"Breu Branco";"-";"2008";6255
"Economia";"Pecuária";"Produção de Origem Animal Leite (Mil litros)";"Lago de Tucuruí";"Breu Branco";"-";"2009";6568
"Economia";"Pecuária";"Produção de Origem Animal Leite (Mil litros)";"Lago de Tucuruí";"Breu Branco";"-";"2010";6896
"Economia";"Pecuária";"Produção de Origem Animal Leite (Mil litros)";"Lago de Tucuruí";"Breu Branco";"-";"2011";5240
"Economia";"Pecuária";"Produção de Origem Animal Leite (Mil litros)";"Lago de Tucuruí";"Breu Branco";"-";"2012";4350
"Economia";"Pecuária";"Produção de Origem Animal Leite (Mil litros)";"Lago de Tucuruí";"Breu Branco";"-";"2013";5222
"Economia";"Pecuária";"Produção de Origem Animal Leite (Mil litros)";"Lago de Tucuruí";"Breu Branco";"-";"2014";5000
"Economia";"Pecuária";"Produção de Origem Animal Leite (Mil litros)";"Lago de Tucuruí";"Breu Branco";"-";"2015";4500
"Economia";"Pecuária";"Produção de Origem Animal Leite (Mil litros)";"Lago de Tucuruí";"Breu Branco";"-";"2016";4000
"Economia";"Pecuária";"Produção de Origem Animal Leite (Mil litros)";"Lago de Tucuruí";"Breu Branco";"-";"2017";4300
"Economia";"Pecuária";"Produção de Origem Animal Leite (Mil litros)";"Lago de Tucuruí";"Breu Branco";"-";"2018";6278
"Economia";"Pecuária";"Produção de Origem Animal Leite (Mil litros)";"Lago de Tucuruí";"Breu Branco";"-";"2019";4437
"Economia";"Pecuária";"Produção de Origem Animal Leite (Mil litros)";"Lago de Tucuruí";"Breu Branco";"-";"2020";3838
"Economia";"Pecuária";"Produção de Origem Animal Leite (Mil litros)";"Lago de Tucuruí";"Breu Branco";"-";"2021";3534
"Economia";"Pecuária";"Produção de Origem Animal Leite (Mil litros)";"Lago de Tucuruí";"Breu Branco";"-";"2022";3948
"Economia";"Pecuária";"Produção de Origem Animal Leite (Mil litros)";"Lago de Tucuruí";"Breu Branco";"-";"2023";4178
"Economia";"Pecuária";"Produção de Origem Animal Leite (Mil litros)";"Marajó";"Breves";"-";"2008";44
"Economia";"Pecuária";"Produção de Origem Animal Leite (Mil litros)";"Marajó";"Breves";"-";"2009";44
"Economia";"Pecuária";"Produção de Origem Animal Leite (Mil litros)";"Marajó";"Breves";"-";"2010";45
"Economia";"Pecuária";"Produção de Origem Animal Leite (Mil litros)";"Marajó";"Breves";"-";"2011";48
"Economia";"Pecuária";"Produção de Origem Animal Leite (Mil litros)";"Marajó";"Breves";"-";"2012";49
"Economia";"Pecuária";"Produção de Origem Animal Leite (Mil litros)";"Marajó";"Breves";"-";"2013";51
"Economia";"Pecuária";"Produção de Origem Animal Leite (Mil litros)";"Marajó";"Breves";"-";"2014";51
"Economia";"Pecuária";"Produção de Origem Animal Leite (Mil litros)";"Marajó";"Breves";"-";"2015";54
"Economia";"Pecuária";"Produção de Origem Animal Leite (Mil litros)";"Marajó";"Breves";"-";"2016";52
"Economia";"Pecuária";"Produção de Origem Animal Leite (Mil litros)";"Marajó";"Breves";"-";"2017";53
"Economia";"Pecuária";"Produção de Origem Animal Leite (Mil litros)";"Marajó";"Breves";"-";"2018";51
"Economia";"Pecuária";"Produção de Origem Animal Leite (Mil litros)";"Marajó";"Breves";"-";"2019";59
"Economia";"Pecuária";"Produção de Origem Animal Leite (Mil litros)";"Marajó";"Breves";"-";"2020";55
"Economia";"Pecuária";"Produção de Origem Animal Leite (Mil litros)";"Marajó";"Breves";"-";"2021";39
"Economia";"Pecuária";"Produção de Origem Animal Leite (Mil litros)";"Marajó";"Breves";"-";"2022";34
"Economia";"Pecuária";"Produção de Origem Animal Leite (Mil litros)";"Marajó";"Breves";"-";"2023";31
"Economia";"Pecuária";"Produção de Origem Animal Leite (Mil litros)";"Rio Capim";"Bujaru";"-";"2008";272
"Economia";"Pecuária";"Produção de Origem Animal Leite (Mil litros)";"Rio Capim";"Bujaru";"-";"2009";423
"Economia";"Pecuária";"Produção de Origem Animal Leite (Mil litros)";"Rio Capim";"Bujaru";"-";"2010";620
"Economia";"Pecuária";"Produção de Origem Animal Leite (Mil litros)";"Rio Capim";"Bujaru";"-";"2011";160
"Economia";"Pecuária";"Produção de Origem Animal Leite (Mil litros)";"Rio Capim";"Bujaru";"-";"2012";398
"Economia";"Pecuária";"Produção de Origem Animal Leite (Mil litros)";"Rio Capim";"Bujaru";"-";"2013";402
"Economia";"Pecuária";"Produção de Origem Animal Leite (Mil litros)";"Rio Capim";"Bujaru";"-";"2014";450
"Economia";"Pecuária";"Produção de Origem Animal Leite (Mil litros)";"Rio Capim";"Bujaru";"-";"2015";493
"Economia";"Pecuária";"Produção de Origem Animal Leite (Mil litros)";"Rio Capim";"Bujaru";"-";"2016";471
"Economia";"Pecuária";"Produção de Origem Animal Leite (Mil litros)";"Rio Capim";"Bujaru";"-";"2017";135
"Economia";"Pecuária";"Produção de Origem Animal Leite (Mil litros)";"Rio Capim";"Bujaru";"-";"2018";137
"Economia";"Pecuária";"Produção de Origem Animal Leite (Mil litros)";"Rio Capim";"Bujaru";"-";"2019";138
"Economia";"Pecuária";"Produção de Origem Animal Leite (Mil litros)";"Rio Capim";"Bujaru";"-";"2020";129
"Economia";"Pecuária";"Produção de Origem Animal Leite (Mil litros)";"Rio Capim";"Bujaru";"-";"2021";41
"Economia";"Pecuária";"Produção de Origem Animal Leite (Mil litros)";"Rio Capim";"Bujaru";"-";"2022";43
"Economia";"Pecuária";"Produção de Origem Animal Leite (Mil litros)";"Rio Capim";"Bujaru";"-";"2023";45
"Economia";"Pecuária";"Produção de Origem Animal Leite (Mil litros)";"Marajó";"Cachoeira do Arari";"-";"2008";1583
"Economia";"Pecuária";"Produção de Origem Animal Leite (Mil litros)";"Marajó";"Cachoeira do Arari";"-";"2009";1591
"Economia";"Pecuária";"Produção de Origem Animal Leite (Mil litros)";"Marajó";"Cachoeira do Arari";"-";"2010";1599
"Economia";"Pecuária";"Produção de Origem Animal Leite (Mil litros)";"Marajó";"Cachoeira do Arari";"-";"2011";1764
"Economia";"Pecuária";"Produção de Origem Animal Leite (Mil litros)";"Marajó";"Cachoeira do Arari";"-";"2012";1333
"Economia";"Pecuária";"Produção de Origem Animal Leite (Mil litros)";"Marajó";"Cachoeira do Arari";"-";"2013";1926
"Economia";"Pecuária";"Produção de Origem Animal Leite (Mil litros)";"Marajó";"Cachoeira do Arari";"-";"2014";1574
"Economia";"Pecuária";"Produção de Origem Animal Leite (Mil litros)";"Marajó";"Cachoeira do Arari";"-";"2015";1481
"Economia";"Pecuária";"Produção de Origem Animal Leite (Mil litros)";"Marajó";"Cachoeira do Arari";"-";"2016";1435
"Economia";"Pecuária";"Produção de Origem Animal Leite (Mil litros)";"Marajó";"Cachoeira do Arari";"-";"2017";1650
"Economia";"Pecuária";"Produção de Origem Animal Leite (Mil litros)";"Marajó";"Cachoeira do Arari";"-";"2018";1385
"Economia";"Pecuária";"Produção de Origem Animal Leite (Mil litros)";"Marajó";"Cachoeira do Arari";"-";"2019";1368
"Economia";"Pecuária";"Produção de Origem Animal Leite (Mil litros)";"Marajó";"Cachoeira do Arari";"-";"2020";1380
"Economia";"Pecuária";"Produção de Origem Animal Leite (Mil litros)";"Marajó";"Cachoeira do Arari";"-";"2021";1300
"Economia";"Pecuária";"Produção de Origem Animal Leite (Mil litros)";"Marajó";"Cachoeira do Arari";"-";"2022";1050
"Economia";"Pecuária";"Produção de Origem Animal Leite (Mil litros)";"Marajó";"Cachoeira do Arari";"-";"2023";1200
"Economia";"Pecuária";"Produção de Origem Animal Leite (Mil litros)";"Rio Caeté";"Cachoeira do Piriá";"-";"2008";195
"Economia";"Pecuária";"Produção de Origem Animal Leite (Mil litros)";"Rio Caeté";"Cachoeira do Piriá";"-";"2009";91
"Economia";"Pecuária";"Produção de Origem Animal Leite (Mil litros)";"Rio Caeté";"Cachoeira do Piriá";"-";"2010";125
"Economia";"Pecuária";"Produção de Origem Animal Leite (Mil litros)";"Rio Caeté";"Cachoeira do Piriá";"-";"2011";137
"Economia";"Pecuária";"Produção de Origem Animal Leite (Mil litros)";"Rio Caeté";"Cachoeira do Piriá";"-";"2012";138
"Economia";"Pecuária";"Produção de Origem Animal Leite (Mil litros)";"Rio Caeté";"Cachoeira do Piriá";"-";"2013";138
"Economia";"Pecuária";"Produção de Origem Animal Leite (Mil litros)";"Rio Caeté";"Cachoeira do Piriá";"-";"2014";133
"Economia";"Pecuária";"Produção de Origem Animal Leite (Mil litros)";"Rio Caeté";"Cachoeira do Piriá";"-";"2015";155
"Economia";"Pecuária";"Produção de Origem Animal Leite (Mil litros)";"Rio Caeté";"Cachoeira do Piriá";"-";"2016";155
"Economia";"Pecuária";"Produção de Origem Animal Leite (Mil litros)";"Rio Caeté";"Cachoeira do Piriá";"-";"2017";159
"Economia";"Pecuária";"Produção de Origem Animal Leite (Mil litros)";"Rio Caeté";"Cachoeira do Piriá";"-";"2018";161
"Economia";"Pecuária";"Produção de Origem Animal Leite (Mil litros)";"Rio Caeté";"Cachoeira do Piriá";"-";"2019";135
"Economia";"Pecuária";"Produção de Origem Animal Leite (Mil litros)";"Rio Caeté";"Cachoeira do Piriá";"-";"2020";129
"Economia";"Pecuária";"Produção de Origem Animal Leite (Mil litros)";"Rio Caeté";"Cachoeira do Piriá";"-";"2021";84
"Economia";"Pecuária";"Produção de Origem Animal Leite (Mil litros)";"Rio Caeté";"Cachoeira do Piriá";"-";"2022";58
"Economia";"Pecuária";"Produção de Origem Animal Leite (Mil litros)";"Rio Caeté";"Cachoeira do Piriá";"-";"2023";55
"Economia";"Pecuária";"Produção de Origem Animal Leite (Mil litros)";"Tocantins";"Cametá";"-";"2008";52
"Economia";"Pecuária";"Produção de Origem Animal Leite (Mil litros)";"Tocantins";"Cametá";"-";"2009";55
"Economia";"Pecuária";"Produção de Origem Animal Leite (Mil litros)";"Tocantins";"Cametá";"-";"2010";57
"Economia";"Pecuária";"Produção de Origem Animal Leite (Mil litros)";"Tocantins";"Cametá";"-";"2011";60
"Economia";"Pecuária";"Produção de Origem Animal Leite (Mil litros)";"Tocantins";"Cametá";"-";"2012";61
"Economia";"Pecuária";"Produção de Origem Animal Leite (Mil litros)";"Tocantins";"Cametá";"-";"2013";61
"Economia";"Pecuária";"Produção de Origem Animal Leite (Mil litros)";"Tocantins";"Cametá";"-";"2014";62
"Economia";"Pecuária";"Produção de Origem Animal Leite (Mil litros)";"Tocantins";"Cametá";"-";"2015";64
"Economia";"Pecuária";"Produção de Origem Animal Leite (Mil litros)";"Tocantins";"Cametá";"-";"2016";60
"Economia";"Pecuária";"Produção de Origem Animal Leite (Mil litros)";"Tocantins";"Cametá";"-";"2017";61
"Economia";"Pecuária";"Produção de Origem Animal Leite (Mil litros)";"Tocantins";"Cametá";"-";"2018";60
"Economia";"Pecuária";"Produção de Origem Animal Leite (Mil litros)";"Tocantins";"Cametá";"-";"2019";61
"Economia";"Pecuária";"Produção de Origem Animal Leite (Mil litros)";"Tocantins";"Cametá";"-";"2020";61
"Economia";"Pecuária";"Produção de Origem Animal Leite (Mil litros)";"Tocantins";"Cametá";"-";"2021";61
"Economia";"Pecuária";"Produção de Origem Animal Leite (Mil litros)";"Tocantins";"Cametá";"-";"2022";61
"Economia";"Pecuária";"Produção de Origem Animal Leite (Mil litros)";"Tocantins";"Cametá";"-";"2023";62
"Economia";"Pecuária";"Produção de Origem Animal Leite (Mil litros)";"Carajás";"Canaã dos Carajás";"-";"2008";19872
"Economia";"Pecuária";"Produção de Origem Animal Leite (Mil litros)";"Carajás";"Canaã dos Carajás";"-";"2009";17280
"Economia";"Pecuária";"Produção de Origem Animal Leite (Mil litros)";"Carajás";"Canaã dos Carajás";"-";"2010";17472
"Economia";"Pecuária";"Produção de Origem Animal Leite (Mil litros)";"Carajás";"Canaã dos Carajás";"-";"2011";16800
"Economia";"Pecuária";"Produção de Origem Animal Leite (Mil litros)";"Carajás";"Canaã dos Carajás";"-";"2012";16516
"Economia";"Pecuária";"Produção de Origem Animal Leite (Mil litros)";"Carajás";"Canaã dos Carajás";"-";"2013";13680
"Economia";"Pecuária";"Produção de Origem Animal Leite (Mil litros)";"Carajás";"Canaã dos Carajás";"-";"2014";14440
"Economia";"Pecuária";"Produção de Origem Animal Leite (Mil litros)";"Carajás";"Canaã dos Carajás";"-";"2015";14740
"Economia";"Pecuária";"Produção de Origem Animal Leite (Mil litros)";"Carajás";"Canaã dos Carajás";"-";"2016";14850
"Economia";"Pecuária";"Produção de Origem Animal Leite (Mil litros)";"Carajás";"Canaã dos Carajás";"-";"2017";14250
"Economia";"Pecuária";"Produção de Origem Animal Leite (Mil litros)";"Carajás";"Canaã dos Carajás";"-";"2018";15846
"Economia";"Pecuária";"Produção de Origem Animal Leite (Mil litros)";"Carajás";"Canaã dos Carajás";"-";"2019";17370
"Economia";"Pecuária";"Produção de Origem Animal Leite (Mil litros)";"Carajás";"Canaã dos Carajás";"-";"2020";15268
"Economia";"Pecuária";"Produção de Origem Animal Leite (Mil litros)";"Carajás";"Canaã dos Carajás";"-";"2021";15565
"Economia";"Pecuária";"Produção de Origem Animal Leite (Mil litros)";"Carajás";"Canaã dos Carajás";"-";"2022";16090
"Economia";"Pecuária";"Produção de Origem Animal Leite (Mil litros)";"Carajás";"Canaã dos Carajás";"-";"2023";15947
"Economia";"Pecuária";"Produção de Origem Animal Leite (Mil litros)";"Rio Caeté";"Capanema";"-";"2008";619
"Economia";"Pecuária";"Produção de Origem Animal Leite (Mil litros)";"Rio Caeté";"Capanema";"-";"2009";578
"Economia";"Pecuária";"Produção de Origem Animal Leite (Mil litros)";"Rio Caeté";"Capanema";"-";"2010";514
"Economia";"Pecuária";"Produção de Origem Animal Leite (Mil litros)";"Rio Caeté";"Capanema";"-";"2011";519
"Economia";"Pecuária";"Produção de Origem Animal Leite (Mil litros)";"Rio Caeté";"Capanema";"-";"2012";540
"Economia";"Pecuária";"Produção de Origem Animal Leite (Mil litros)";"Rio Caeté";"Capanema";"-";"2013";516
"Economia";"Pecuária";"Produção de Origem Animal Leite (Mil litros)";"Rio Caeté";"Capanema";"-";"2014";589
"Economia";"Pecuária";"Produção de Origem Animal Leite (Mil litros)";"Rio Caeté";"Capanema";"-";"2015";624
"Economia";"Pecuária";"Produção de Origem Animal Leite (Mil litros)";"Rio Caeté";"Capanema";"-";"2016";310
"Economia";"Pecuária";"Produção de Origem Animal Leite (Mil litros)";"Rio Caeté";"Capanema";"-";"2017";320
"Economia";"Pecuária";"Produção de Origem Animal Leite (Mil litros)";"Rio Caeté";"Capanema";"-";"2018";260
"Economia";"Pecuária";"Produção de Origem Animal Leite (Mil litros)";"Rio Caeté";"Capanema";"-";"2019";250
"Economia";"Pecuária";"Produção de Origem Animal Leite (Mil litros)";"Rio Caeté";"Capanema";"-";"2020";248
"Economia";"Pecuária";"Produção de Origem Animal Leite (Mil litros)";"Rio Caeté";"Capanema";"-";"2021";268
"Economia";"Pecuária";"Produção de Origem Animal Leite (Mil litros)";"Rio Caeté";"Capanema";"-";"2022";295
"Economia";"Pecuária";"Produção de Origem Animal Leite (Mil litros)";"Rio Caeté";"Capanema";"-";"2023";304
"Economia";"Pecuária";"Produção de Origem Animal Leite (Mil litros)";"Rio Capim";"Capitão Poço";"-";"2008";791
"Economia";"Pecuária";"Produção de Origem Animal Leite (Mil litros)";"Rio Capim";"Capitão Poço";"-";"2009";723
"Economia";"Pecuária";"Produção de Origem Animal Leite (Mil litros)";"Rio Capim";"Capitão Poço";"-";"2010";436
"Economia";"Pecuária";"Produção de Origem Animal Leite (Mil litros)";"Rio Capim";"Capitão Poço";"-";"2011";440
"Economia";"Pecuária";"Produção de Origem Animal Leite (Mil litros)";"Rio Capim";"Capitão Poço";"-";"2012";471
"Economia";"Pecuária";"Produção de Origem Animal Leite (Mil litros)";"Rio Capim";"Capitão Poço";"-";"2013";474
"Economia";"Pecuária";"Produção de Origem Animal Leite (Mil litros)";"Rio Capim";"Capitão Poço";"-";"2014";581
"Economia";"Pecuária";"Produção de Origem Animal Leite (Mil litros)";"Rio Capim";"Capitão Poço";"-";"2015";1000
"Economia";"Pecuária";"Produção de Origem Animal Leite (Mil litros)";"Rio Capim";"Capitão Poço";"-";"2016";174
"Economia";"Pecuária";"Produção de Origem Animal Leite (Mil litros)";"Rio Capim";"Capitão Poço";"-";"2017";300
"Economia";"Pecuária";"Produção de Origem Animal Leite (Mil litros)";"Rio Capim";"Capitão Poço";"-";"2018";345
"Economia";"Pecuária";"Produção de Origem Animal Leite (Mil litros)";"Rio Capim";"Capitão Poço";"-";"2019";326
"Economia";"Pecuária";"Produção de Origem Animal Leite (Mil litros)";"Rio Capim";"Capitão Poço";"-";"2020";330
"Economia";"Pecuária";"Produção de Origem Animal Leite (Mil litros)";"Rio Capim";"Capitão Poço";"-";"2021";390
"Economia";"Pecuária";"Produção de Origem Animal Leite (Mil litros)";"Rio Capim";"Capitão Poço";"-";"2022";410
"Economia";"Pecuária";"Produção de Origem Animal Leite (Mil litros)";"Rio Capim";"Capitão Poço";"-";"2023";426
"Economia";"Pecuária";"Produção de Origem Animal Leite (Mil litros)";"Guamá";"Castanhal";"-";"2008";5002
"Economia";"Pecuária";"Produção de Origem Animal Leite (Mil litros)";"Guamá";"Castanhal";"-";"2009";6761
"Economia";"Pecuária";"Produção de Origem Animal Leite (Mil litros)";"Guamá";"Castanhal";"-";"2010";6701
"Economia";"Pecuária";"Produção de Origem Animal Leite (Mil litros)";"Guamá";"Castanhal";"-";"2011";6705
"Economia";"Pecuária";"Produção de Origem Animal Leite (Mil litros)";"Guamá";"Castanhal";"-";"2012";6156
"Economia";"Pecuária";"Produção de Origem Animal Leite (Mil litros)";"Guamá";"Castanhal";"-";"2013";6408
"Economia";"Pecuária";"Produção de Origem Animal Leite (Mil litros)";"Guamá";"Castanhal";"-";"2014";5256
"Economia";"Pecuária";"Produção de Origem Animal Leite (Mil litros)";"Guamá";"Castanhal";"-";"2015";5472
"Economia";"Pecuária";"Produção de Origem Animal Leite (Mil litros)";"Guamá";"Castanhal";"-";"2016";5661
"Economia";"Pecuária";"Produção de Origem Animal Leite (Mil litros)";"Guamá";"Castanhal";"-";"2017";1696
"Economia";"Pecuária";"Produção de Origem Animal Leite (Mil litros)";"Guamá";"Castanhal";"-";"2018";2162
"Economia";"Pecuária";"Produção de Origem Animal Leite (Mil litros)";"Guamá";"Castanhal";"-";"2019";2694
"Economia";"Pecuária";"Produção de Origem Animal Leite (Mil litros)";"Guamá";"Castanhal";"-";"2020";2430
"Economia";"Pecuária";"Produção de Origem Animal Leite (Mil litros)";"Guamá";"Castanhal";"-";"2021";2200
"Economia";"Pecuária";"Produção de Origem Animal Leite (Mil litros)";"Guamá";"Castanhal";"-";"2022";2603
"Economia";"Pecuária";"Produção de Origem Animal Leite (Mil litros)";"Guamá";"Castanhal";"-";"2023";3267
"Economia";"Pecuária";"Produção de Origem Animal Leite (Mil litros)";"Marajó";"Chaves";"-";"2008";2900
"Economia";"Pecuária";"Produção de Origem Animal Leite (Mil litros)";"Marajó";"Chaves";"-";"2009";3709
"Economia";"Pecuária";"Produção de Origem Animal Leite (Mil litros)";"Marajó";"Chaves";"-";"2010";3841
"Economia";"Pecuária";"Produção de Origem Animal Leite (Mil litros)";"Marajó";"Chaves";"-";"2011";3850
"Economia";"Pecuária";"Produção de Origem Animal Leite (Mil litros)";"Marajó";"Chaves";"-";"2012";3447
"Economia";"Pecuária";"Produção de Origem Animal Leite (Mil litros)";"Marajó";"Chaves";"-";"2013";2920
"Economia";"Pecuária";"Produção de Origem Animal Leite (Mil litros)";"Marajó";"Chaves";"-";"2014";3150
"Economia";"Pecuária";"Produção de Origem Animal Leite (Mil litros)";"Marajó";"Chaves";"-";"2015";3669
"Economia";"Pecuária";"Produção de Origem Animal Leite (Mil litros)";"Marajó";"Chaves";"-";"2016";3522
"Economia";"Pecuária";"Produção de Origem Animal Leite (Mil litros)";"Marajó";"Chaves";"-";"2017";3546
"Economia";"Pecuária";"Produção de Origem Animal Leite (Mil litros)";"Marajó";"Chaves";"-";"2018";3350
"Economia";"Pecuária";"Produção de Origem Animal Leite (Mil litros)";"Marajó";"Chaves";"-";"2019";2700
"Economia";"Pecuária";"Produção de Origem Animal Leite (Mil litros)";"Marajó";"Chaves";"-";"2020";2806
"Economia";"Pecuária";"Produção de Origem Animal Leite (Mil litros)";"Marajó";"Chaves";"-";"2021";3024
"Economia";"Pecuária";"Produção de Origem Animal Leite (Mil litros)";"Marajó";"Chaves";"-";"2022";2941
"Economia";"Pecuária";"Produção de Origem Animal Leite (Mil litros)";"Marajó";"Chaves";"-";"2023";3186
"Economia";"Pecuária";"Produção de Origem Animal Leite (Mil litros)";"Guamá";"Colares";"-";"2008";21
"Economia";"Pecuária";"Produção de Origem Animal Leite (Mil litros)";"Guamá";"Colares";"-";"2009";10
"Economia";"Pecuária";"Produção de Origem Animal Leite (Mil litros)";"Guamá";"Colares";"-";"2010";7
"Economia";"Pecuária";"Produção de Origem Animal Leite (Mil litros)";"Guamá";"Colares";"-";"2011";7
"Economia";"Pecuária";"Produção de Origem Animal Leite (Mil litros)";"Guamá";"Colares";"-";"2012";0
"Economia";"Pecuária";"Produção de Origem Animal Leite (Mil litros)";"Guamá";"Colares";"-";"2013";0
"Economia";"Pecuária";"Produção de Origem Animal Leite (Mil litros)";"Guamá";"Colares";"-";"2014";0
"Economia";"Pecuária";"Produção de Origem Animal Leite (Mil litros)";"Guamá";"Colares";"-";"2015";0
"Economia";"Pecuária";"Produção de Origem Animal Leite (Mil litros)";"Guamá";"Colares";"-";"2016";0
"Economia";"Pecuária";"Produção de Origem Animal Leite (Mil litros)";"Guamá";"Colares";"-";"2017";0
"Economia";"Pecuária";"Produção de Origem Animal Leite (Mil litros)";"Guamá";"Colares";"-";"2018";0
"Economia";"Pecuária";"Produção de Origem Animal Leite (Mil litros)";"Guamá";"Colares";"-";"2019";0
"Economia";"Pecuária";"Produção de Origem Animal Leite (Mil litros)";"Guamá";"Colares";"-";"2020";32
"Economia";"Pecuária";"Produção de Origem Animal Leite (Mil litros)";"Guamá";"Colares";"-";"2021";10
"Economia";"Pecuária";"Produção de Origem Animal Leite (Mil litros)";"Guamá";"Colares";"-";"2022";11
"Economia";"Pecuária";"Produção de Origem Animal Leite (Mil litros)";"Guamá";"Colares";"-";"2023";11
"Economia";"Pecuária";"Produção de Origem Animal Leite (Mil litros)";"Araguaia";"Conceição do Araguaia";"-";"2008";4648
"Economia";"Pecuária";"Produção de Origem Animal Leite (Mil litros)";"Araguaia";"Conceição do Araguaia";"-";"2009";4490
"Economia";"Pecuária";"Produção de Origem Animal Leite (Mil litros)";"Araguaia";"Conceição do Araguaia";"-";"2010";4506
"Economia";"Pecuária";"Produção de Origem Animal Leite (Mil litros)";"Araguaia";"Conceição do Araguaia";"-";"2011";4474
"Economia";"Pecuária";"Produção de Origem Animal Leite (Mil litros)";"Araguaia";"Conceição do Araguaia";"-";"2012";4611
"Economia";"Pecuária";"Produção de Origem Animal Leite (Mil litros)";"Araguaia";"Conceição do Araguaia";"-";"2013";4721
"Economia";"Pecuária";"Produção de Origem Animal Leite (Mil litros)";"Araguaia";"Conceição do Araguaia";"-";"2014";4799
"Economia";"Pecuária";"Produção de Origem Animal Leite (Mil litros)";"Araguaia";"Conceição do Araguaia";"-";"2015";9211
"Economia";"Pecuária";"Produção de Origem Animal Leite (Mil litros)";"Araguaia";"Conceição do Araguaia";"-";"2016";7687
"Economia";"Pecuária";"Produção de Origem Animal Leite (Mil litros)";"Araguaia";"Conceição do Araguaia";"-";"2017";7614
"Economia";"Pecuária";"Produção de Origem Animal Leite (Mil litros)";"Araguaia";"Conceição do Araguaia";"-";"2018";7192
"Economia";"Pecuária";"Produção de Origem Animal Leite (Mil litros)";"Araguaia";"Conceição do Araguaia";"-";"2019";6038
"Economia";"Pecuária";"Produção de Origem Animal Leite (Mil litros)";"Araguaia";"Conceição do Araguaia";"-";"2020";9125
"Economia";"Pecuária";"Produção de Origem Animal Leite (Mil litros)";"Araguaia";"Conceição do Araguaia";"-";"2021";7483
"Economia";"Pecuária";"Produção de Origem Animal Leite (Mil litros)";"Araguaia";"Conceição do Araguaia";"-";"2022";6510
"Economia";"Pecuária";"Produção de Origem Animal Leite (Mil litros)";"Araguaia";"Conceição do Araguaia";"-";"2023";7534
"Economia";"Pecuária";"Produção de Origem Animal Leite (Mil litros)";"Rio Capim";"Concórdia do Pará";"-";"2008";265
"Economia";"Pecuária";"Produção de Origem Animal Leite (Mil litros)";"Rio Capim";"Concórdia do Pará";"-";"2009";361
"Economia";"Pecuária";"Produção de Origem Animal Leite (Mil litros)";"Rio Capim";"Concórdia do Pará";"-";"2010";89
"Economia";"Pecuária";"Produção de Origem Animal Leite (Mil litros)";"Rio Capim";"Concórdia do Pará";"-";"2011";39
"Economia";"Pecuária";"Produção de Origem Animal Leite (Mil litros)";"Rio Capim";"Concórdia do Pará";"-";"2012";39
"Economia";"Pecuária";"Produção de Origem Animal Leite (Mil litros)";"Rio Capim";"Concórdia do Pará";"-";"2013";46
"Economia";"Pecuária";"Produção de Origem Animal Leite (Mil litros)";"Rio Capim";"Concórdia do Pará";"-";"2014";48
"Economia";"Pecuária";"Produção de Origem Animal Leite (Mil litros)";"Rio Capim";"Concórdia do Pará";"-";"2015";50
"Economia";"Pecuária";"Produção de Origem Animal Leite (Mil litros)";"Rio Capim";"Concórdia do Pará";"-";"2016";48
"Economia";"Pecuária";"Produção de Origem Animal Leite (Mil litros)";"Rio Capim";"Concórdia do Pará";"-";"2017";46
"Economia";"Pecuária";"Produção de Origem Animal Leite (Mil litros)";"Rio Capim";"Concórdia do Pará";"-";"2018";45
"Economia";"Pecuária";"Produção de Origem Animal Leite (Mil litros)";"Rio Capim";"Concórdia do Pará";"-";"2019";46
"Economia";"Pecuária";"Produção de Origem Animal Leite (Mil litros)";"Rio Capim";"Concórdia do Pará";"-";"2020";51
"Economia";"Pecuária";"Produção de Origem Animal Leite (Mil litros)";"Rio Capim";"Concórdia do Pará";"-";"2021";49
"Economia";"Pecuária";"Produção de Origem Animal Leite (Mil litros)";"Rio Capim";"Concórdia do Pará";"-";"2022";47
"Economia";"Pecuária";"Produção de Origem Animal Leite (Mil litros)";"Rio Capim";"Concórdia do Pará";"-";"2023";48
"Economia";"Pecuária";"Produção de Origem Animal Leite (Mil litros)";"Araguaia";"Cumaru do Norte";"-";"2008";15770
"Economia";"Pecuária";"Produção de Origem Animal Leite (Mil litros)";"Araguaia";"Cumaru do Norte";"-";"2009";14012
"Economia";"Pecuária";"Produção de Origem Animal Leite (Mil litros)";"Araguaia";"Cumaru do Norte";"-";"2010";13282
"Economia";"Pecuária";"Produção de Origem Animal Leite (Mil litros)";"Araguaia";"Cumaru do Norte";"-";"2011";13360
"Economia";"Pecuária";"Produção de Origem Animal Leite (Mil litros)";"Araguaia";"Cumaru do Norte";"-";"2012";13228
"Economia";"Pecuária";"Produção de Origem Animal Leite (Mil litros)";"Araguaia";"Cumaru do Norte";"-";"2013";13334
"Economia";"Pecuária";"Produção de Origem Animal Leite (Mil litros)";"Araguaia";"Cumaru do Norte";"-";"2014";13853
"Economia";"Pecuária";"Produção de Origem Animal Leite (Mil litros)";"Araguaia";"Cumaru do Norte";"-";"2015";8018
"Economia";"Pecuária";"Produção de Origem Animal Leite (Mil litros)";"Araguaia";"Cumaru do Norte";"-";"2016";8488
"Economia";"Pecuária";"Produção de Origem Animal Leite (Mil litros)";"Araguaia";"Cumaru do Norte";"-";"2017";9020
"Economia";"Pecuária";"Produção de Origem Animal Leite (Mil litros)";"Araguaia";"Cumaru do Norte";"-";"2018";9188
"Economia";"Pecuária";"Produção de Origem Animal Leite (Mil litros)";"Araguaia";"Cumaru do Norte";"-";"2019";10335
"Economia";"Pecuária";"Produção de Origem Animal Leite (Mil litros)";"Araguaia";"Cumaru do Norte";"-";"2020";11633
"Economia";"Pecuária";"Produção de Origem Animal Leite (Mil litros)";"Araguaia";"Cumaru do Norte";"-";"2021";6506
"Economia";"Pecuária";"Produção de Origem Animal Leite (Mil litros)";"Araguaia";"Cumaru do Norte";"-";"2022";6682
"Economia";"Pecuária";"Produção de Origem Animal Leite (Mil litros)";"Araguaia";"Cumaru do Norte";"-";"2023";13106
"Economia";"Pecuária";"Produção de Origem Animal Leite (Mil litros)";"Carajás";"Curionópolis";"-";"2008";8010
"Economia";"Pecuária";"Produção de Origem Animal Leite (Mil litros)";"Carajás";"Curionópolis";"-";"2009";8082
"Economia";"Pecuária";"Produção de Origem Animal Leite (Mil litros)";"Carajás";"Curionópolis";"-";"2010";8190
"Economia";"Pecuária";"Produção de Origem Animal Leite (Mil litros)";"Carajás";"Curionópolis";"-";"2011";9180
"Economia";"Pecuária";"Produção de Origem Animal Leite (Mil litros)";"Carajás";"Curionópolis";"-";"2012";7740
"Economia";"Pecuária";"Produção de Origem Animal Leite (Mil litros)";"Carajás";"Curionópolis";"-";"2013";8253
"Economia";"Pecuária";"Produção de Origem Animal Leite (Mil litros)";"Carajás";"Curionópolis";"-";"2014";8600
"Economia";"Pecuária";"Produção de Origem Animal Leite (Mil litros)";"Carajás";"Curionópolis";"-";"2015";8463
"Economia";"Pecuária";"Produção de Origem Animal Leite (Mil litros)";"Carajás";"Curionópolis";"-";"2016";9055
"Economia";"Pecuária";"Produção de Origem Animal Leite (Mil litros)";"Carajás";"Curionópolis";"-";"2017";8970
"Economia";"Pecuária";"Produção de Origem Animal Leite (Mil litros)";"Carajás";"Curionópolis";"-";"2018";9290
"Economia";"Pecuária";"Produção de Origem Animal Leite (Mil litros)";"Carajás";"Curionópolis";"-";"2019";10200
"Economia";"Pecuária";"Produção de Origem Animal Leite (Mil litros)";"Carajás";"Curionópolis";"-";"2020";10682
"Economia";"Pecuária";"Produção de Origem Animal Leite (Mil litros)";"Carajás";"Curionópolis";"-";"2021";12819
"Economia";"Pecuária";"Produção de Origem Animal Leite (Mil litros)";"Carajás";"Curionópolis";"-";"2022";13398
"Economia";"Pecuária";"Produção de Origem Animal Leite (Mil litros)";"Carajás";"Curionópolis";"-";"2023";15377
"Economia";"Pecuária";"Produção de Origem Animal Leite (Mil litros)";"Marajó";"Curralinho";"-";"2008";9
"Economia";"Pecuária";"Produção de Origem Animal Leite (Mil litros)";"Marajó";"Curralinho";"-";"2009";10
"Economia";"Pecuária";"Produção de Origem Animal Leite (Mil litros)";"Marajó";"Curralinho";"-";"2010";9
"Economia";"Pecuária";"Produção de Origem Animal Leite (Mil litros)";"Marajó";"Curralinho";"-";"2011";10
"Economia";"Pecuária";"Produção de Origem Animal Leite (Mil litros)";"Marajó";"Curralinho";"-";"2012";10
"Economia";"Pecuária";"Produção de Origem Animal Leite (Mil litros)";"Marajó";"Curralinho";"-";"2013";10
"Economia";"Pecuária";"Produção de Origem Animal Leite (Mil litros)";"Marajó";"Curralinho";"-";"2014";11
"Economia";"Pecuária";"Produção de Origem Animal Leite (Mil litros)";"Marajó";"Curralinho";"-";"2015";12
"Economia";"Pecuária";"Produção de Origem Animal Leite (Mil litros)";"Marajó";"Curralinho";"-";"2016";13
"Economia";"Pecuária";"Produção de Origem Animal Leite (Mil litros)";"Marajó";"Curralinho";"-";"2017";12
"Economia";"Pecuária";"Produção de Origem Animal Leite (Mil litros)";"Marajó";"Curralinho";"-";"2018";11
"Economia";"Pecuária";"Produção de Origem Animal Leite (Mil litros)";"Marajó";"Curralinho";"-";"2019";12
"Economia";"Pecuária";"Produção de Origem Animal Leite (Mil litros)";"Marajó";"Curralinho";"-";"2020";10
"Economia";"Pecuária";"Produção de Origem Animal Leite (Mil litros)";"Marajó";"Curralinho";"-";"2021";9
"Economia";"Pecuária";"Produção de Origem Animal Leite (Mil litros)";"Marajó";"Curralinho";"-";"2022";7
"Economia";"Pecuária";"Produção de Origem Animal Leite (Mil litros)";"Marajó";"Curralinho";"-";"2023";6
"Economia";"Pecuária";"Produção de Origem Animal Leite (Mil litros)";"Baixo Amazonas";"Curuá";"-";"2008";993
"Economia";"Pecuária";"Produção de Origem Animal Leite (Mil litros)";"Baixo Amazonas";"Curuá";"-";"2009";1264
"Economia";"Pecuária";"Produção de Origem Animal Leite (Mil litros)";"Baixo Amazonas";"Curuá";"-";"2010";2115
"Economia";"Pecuária";"Produção de Origem Animal Leite (Mil litros)";"Baixo Amazonas";"Curuá";"-";"2011";2279
"Economia";"Pecuária";"Produção de Origem Animal Leite (Mil litros)";"Baixo Amazonas";"Curuá";"-";"2012";3493
"Economia";"Pecuária";"Produção de Origem Animal Leite (Mil litros)";"Baixo Amazonas";"Curuá";"-";"2013";3500
"Economia";"Pecuária";"Produção de Origem Animal Leite (Mil litros)";"Baixo Amazonas";"Curuá";"-";"2014";4016
"Economia";"Pecuária";"Produção de Origem Animal Leite (Mil litros)";"Baixo Amazonas";"Curuá";"-";"2015";4859
"Economia";"Pecuária";"Produção de Origem Animal Leite (Mil litros)";"Baixo Amazonas";"Curuá";"-";"2016";4855
"Economia";"Pecuária";"Produção de Origem Animal Leite (Mil litros)";"Baixo Amazonas";"Curuá";"-";"2017";5584
"Economia";"Pecuária";"Produção de Origem Animal Leite (Mil litros)";"Baixo Amazonas";"Curuá";"-";"2018";4851
"Economia";"Pecuária";"Produção de Origem Animal Leite (Mil litros)";"Baixo Amazonas";"Curuá";"-";"2019";4559
"Economia";"Pecuária";"Produção de Origem Animal Leite (Mil litros)";"Baixo Amazonas";"Curuá";"-";"2020";5391
"Economia";"Pecuária";"Produção de Origem Animal Leite (Mil litros)";"Baixo Amazonas";"Curuá";"-";"2021";2738
"Economia";"Pecuária";"Produção de Origem Animal Leite (Mil litros)";"Baixo Amazonas";"Curuá";"-";"2022";6155
"Economia";"Pecuária";"Produção de Origem Animal Leite (Mil litros)";"Baixo Amazonas";"Curuá";"-";"2023";6101
"Economia";"Pecuária";"Produção de Origem Animal Leite (Mil litros)";"Guamá";"Curuçá";"-";"2008";81
"Economia";"Pecuária";"Produção de Origem Animal Leite (Mil litros)";"Guamá";"Curuçá";"-";"2009";76
"Economia";"Pecuária";"Produção de Origem Animal Leite (Mil litros)";"Guamá";"Curuçá";"-";"2010";69
"Economia";"Pecuária";"Produção de Origem Animal Leite (Mil litros)";"Guamá";"Curuçá";"-";"2011";62
"Economia";"Pecuária";"Produção de Origem Animal Leite (Mil litros)";"Guamá";"Curuçá";"-";"2012";14
"Economia";"Pecuária";"Produção de Origem Animal Leite (Mil litros)";"Guamá";"Curuçá";"-";"2013";20
"Economia";"Pecuária";"Produção de Origem Animal Leite (Mil litros)";"Guamá";"Curuçá";"-";"2014";17
"Economia";"Pecuária";"Produção de Origem Animal Leite (Mil litros)";"Guamá";"Curuçá";"-";"2015";15
"Economia";"Pecuária";"Produção de Origem Animal Leite (Mil litros)";"Guamá";"Curuçá";"-";"2016";14
"Economia";"Pecuária";"Produção de Origem Animal Leite (Mil litros)";"Guamá";"Curuçá";"-";"2017";12
"Economia";"Pecuária";"Produção de Origem Animal Leite (Mil litros)";"Guamá";"Curuçá";"-";"2018";15
"Economia";"Pecuária";"Produção de Origem Animal Leite (Mil litros)";"Guamá";"Curuçá";"-";"2019";17
"Economia";"Pecuária";"Produção de Origem Animal Leite (Mil litros)";"Guamá";"Curuçá";"-";"2020";15
"Economia";"Pecuária";"Produção de Origem Animal Leite (Mil litros)";"Guamá";"Curuçá";"-";"2021";13
"Economia";"Pecuária";"Produção de Origem Animal Leite (Mil litros)";"Guamá";"Curuçá";"-";"2022";15
"Economia";"Pecuária";"Produção de Origem Animal Leite (Mil litros)";"Guamá";"Curuçá";"-";"2023";18
"Economia";"Pecuária";"Produção de Origem Animal Leite (Mil litros)";"Rio Capim";"Dom Eliseu";"-";"2008";9069
"Economia";"Pecuária";"Produção de Origem Animal Leite (Mil litros)";"Rio Capim";"Dom Eliseu";"-";"2009";8742
"Economia";"Pecuária";"Produção de Origem Animal Leite (Mil litros)";"Rio Capim";"Dom Eliseu";"-";"2010";7170
"Economia";"Pecuária";"Produção de Origem Animal Leite (Mil litros)";"Rio Capim";"Dom Eliseu";"-";"2011";7056
"Economia";"Pecuária";"Produção de Origem Animal Leite (Mil litros)";"Rio Capim";"Dom Eliseu";"-";"2012";4260
"Economia";"Pecuária";"Produção de Origem Animal Leite (Mil litros)";"Rio Capim";"Dom Eliseu";"-";"2013";1066
"Economia";"Pecuária";"Produção de Origem Animal Leite (Mil litros)";"Rio Capim";"Dom Eliseu";"-";"2014";948
"Economia";"Pecuária";"Produção de Origem Animal Leite (Mil litros)";"Rio Capim";"Dom Eliseu";"-";"2015";1726
"Economia";"Pecuária";"Produção de Origem Animal Leite (Mil litros)";"Rio Capim";"Dom Eliseu";"-";"2016";1420
"Economia";"Pecuária";"Produção de Origem Animal Leite (Mil litros)";"Rio Capim";"Dom Eliseu";"-";"2017";1383
"Economia";"Pecuária";"Produção de Origem Animal Leite (Mil litros)";"Rio Capim";"Dom Eliseu";"-";"2018";2318
"Economia";"Pecuária";"Produção de Origem Animal Leite (Mil litros)";"Rio Capim";"Dom Eliseu";"-";"2019";2283
"Economia";"Pecuária";"Produção de Origem Animal Leite (Mil litros)";"Rio Capim";"Dom Eliseu";"-";"2020";2399
"Economia";"Pecuária";"Produção de Origem Animal Leite (Mil litros)";"Rio Capim";"Dom Eliseu";"-";"2021";762
"Economia";"Pecuária";"Produção de Origem Animal Leite (Mil litros)";"Rio Capim";"Dom Eliseu";"-";"2022";716
"Economia";"Pecuária";"Produção de Origem Animal Leite (Mil litros)";"Rio Capim";"Dom Eliseu";"-";"2023";586
"Economia";"Pecuária";"Produção de Origem Animal Leite (Mil litros)";"Carajás";"Eldorado do Carajás";"-";"2008";18080
"Economia";"Pecuária";"Produção de Origem Animal Leite (Mil litros)";"Carajás";"Eldorado do Carajás";"-";"2009";15960
"Economia";"Pecuária";"Produção de Origem Animal Leite (Mil litros)";"Carajás";"Eldorado do Carajás";"-";"2010";17480
"Economia";"Pecuária";"Produção de Origem Animal Leite (Mil litros)";"Carajás";"Eldorado do Carajás";"-";"2011";17556
"Economia";"Pecuária";"Produção de Origem Animal Leite (Mil litros)";"Carajás";"Eldorado do Carajás";"-";"2012";14500
"Economia";"Pecuária";"Produção de Origem Animal Leite (Mil litros)";"Carajás";"Eldorado do Carajás";"-";"2013";16526
"Economia";"Pecuária";"Produção de Origem Animal Leite (Mil litros)";"Carajás";"Eldorado do Carajás";"-";"2014";18164
"Economia";"Pecuária";"Produção de Origem Animal Leite (Mil litros)";"Carajás";"Eldorado do Carajás";"-";"2015";20250
"Economia";"Pecuária";"Produção de Origem Animal Leite (Mil litros)";"Carajás";"Eldorado do Carajás";"-";"2016";20800
"Economia";"Pecuária";"Produção de Origem Animal Leite (Mil litros)";"Carajás";"Eldorado do Carajás";"-";"2017";21500
"Economia";"Pecuária";"Produção de Origem Animal Leite (Mil litros)";"Carajás";"Eldorado do Carajás";"-";"2018";20280
"Economia";"Pecuária";"Produção de Origem Animal Leite (Mil litros)";"Carajás";"Eldorado do Carajás";"-";"2019";22200
"Economia";"Pecuária";"Produção de Origem Animal Leite (Mil litros)";"Carajás";"Eldorado do Carajás";"-";"2020";24286
"Economia";"Pecuária";"Produção de Origem Animal Leite (Mil litros)";"Carajás";"Eldorado do Carajás";"-";"2021";23700
"Economia";"Pecuária";"Produção de Origem Animal Leite (Mil litros)";"Carajás";"Eldorado do Carajás";"-";"2022";25152
"Economia";"Pecuária";"Produção de Origem Animal Leite (Mil litros)";"Carajás";"Eldorado do Carajás";"-";"2023";25218
"Economia";"Pecuária";"Produção de Origem Animal Leite (Mil litros)";"Baixo Amazonas";"Faro";"-";"2008";317
"Economia";"Pecuária";"Produção de Origem Animal Leite (Mil litros)";"Baixo Amazonas";"Faro";"-";"2009";278
"Economia";"Pecuária";"Produção de Origem Animal Leite (Mil litros)";"Baixo Amazonas";"Faro";"-";"2010";327
"Economia";"Pecuária";"Produção de Origem Animal Leite (Mil litros)";"Baixo Amazonas";"Faro";"-";"2011";59
"Economia";"Pecuária";"Produção de Origem Animal Leite (Mil litros)";"Baixo Amazonas";"Faro";"-";"2012";70
"Economia";"Pecuária";"Produção de Origem Animal Leite (Mil litros)";"Baixo Amazonas";"Faro";"-";"2013";729
"Economia";"Pecuária";"Produção de Origem Animal Leite (Mil litros)";"Baixo Amazonas";"Faro";"-";"2014";658
"Economia";"Pecuária";"Produção de Origem Animal Leite (Mil litros)";"Baixo Amazonas";"Faro";"-";"2015";703
"Economia";"Pecuária";"Produção de Origem Animal Leite (Mil litros)";"Baixo Amazonas";"Faro";"-";"2016";711
"Economia";"Pecuária";"Produção de Origem Animal Leite (Mil litros)";"Baixo Amazonas";"Faro";"-";"2017";759
"Economia";"Pecuária";"Produção de Origem Animal Leite (Mil litros)";"Baixo Amazonas";"Faro";"-";"2018";334
"Economia";"Pecuária";"Produção de Origem Animal Leite (Mil litros)";"Baixo Amazonas";"Faro";"-";"2019";397
"Economia";"Pecuária";"Produção de Origem Animal Leite (Mil litros)";"Baixo Amazonas";"Faro";"-";"2020";288
"Economia";"Pecuária";"Produção de Origem Animal Leite (Mil litros)";"Baixo Amazonas";"Faro";"-";"2021";139
"Economia";"Pecuária";"Produção de Origem Animal Leite (Mil litros)";"Baixo Amazonas";"Faro";"-";"2022";183
"Economia";"Pecuária";"Produção de Origem Animal Leite (Mil litros)";"Baixo Amazonas";"Faro";"-";"2023";383
"Economia";"Pecuária";"Produção de Origem Animal Leite (Mil litros)";"Araguaia";"Floresta do Araguaia";"-";"2008";8366
"Economia";"Pecuária";"Produção de Origem Animal Leite (Mil litros)";"Araguaia";"Floresta do Araguaia";"-";"2009";8296
"Economia";"Pecuária";"Produção de Origem Animal Leite (Mil litros)";"Araguaia";"Floresta do Araguaia";"-";"2010";8425
"Economia";"Pecuária";"Produção de Origem Animal Leite (Mil litros)";"Araguaia";"Floresta do Araguaia";"-";"2011";7934
"Economia";"Pecuária";"Produção de Origem Animal Leite (Mil litros)";"Araguaia";"Floresta do Araguaia";"-";"2012";7871
"Economia";"Pecuária";"Produção de Origem Animal Leite (Mil litros)";"Araguaia";"Floresta do Araguaia";"-";"2013";7377
"Economia";"Pecuária";"Produção de Origem Animal Leite (Mil litros)";"Araguaia";"Floresta do Araguaia";"-";"2014";9036
"Economia";"Pecuária";"Produção de Origem Animal Leite (Mil litros)";"Araguaia";"Floresta do Araguaia";"-";"2015";3193
"Economia";"Pecuária";"Produção de Origem Animal Leite (Mil litros)";"Araguaia";"Floresta do Araguaia";"-";"2016";2862
"Economia";"Pecuária";"Produção de Origem Animal Leite (Mil litros)";"Araguaia";"Floresta do Araguaia";"-";"2017";2493
"Economia";"Pecuária";"Produção de Origem Animal Leite (Mil litros)";"Araguaia";"Floresta do Araguaia";"-";"2018";2601
"Economia";"Pecuária";"Produção de Origem Animal Leite (Mil litros)";"Araguaia";"Floresta do Araguaia";"-";"2019";2503
"Economia";"Pecuária";"Produção de Origem Animal Leite (Mil litros)";"Araguaia";"Floresta do Araguaia";"-";"2020";2472
"Economia";"Pecuária";"Produção de Origem Animal Leite (Mil litros)";"Araguaia";"Floresta do Araguaia";"-";"2021";2147
"Economia";"Pecuária";"Produção de Origem Animal Leite (Mil litros)";"Araguaia";"Floresta do Araguaia";"-";"2022";2164
"Economia";"Pecuária";"Produção de Origem Animal Leite (Mil litros)";"Araguaia";"Floresta do Araguaia";"-";"2023";2489
"Economia";"Pecuária";"Produção de Origem Animal Leite (Mil litros)";"Rio Capim";"Garrafão do Norte";"-";"2008";378
"Economia";"Pecuária";"Produção de Origem Animal Leite (Mil litros)";"Rio Capim";"Garrafão do Norte";"-";"2009";355
"Economia";"Pecuária";"Produção de Origem Animal Leite (Mil litros)";"Rio Capim";"Garrafão do Norte";"-";"2010";203
"Economia";"Pecuária";"Produção de Origem Animal Leite (Mil litros)";"Rio Capim";"Garrafão do Norte";"-";"2011";206
"Economia";"Pecuária";"Produção de Origem Animal Leite (Mil litros)";"Rio Capim";"Garrafão do Norte";"-";"2012";204
"Economia";"Pecuária";"Produção de Origem Animal Leite (Mil litros)";"Rio Capim";"Garrafão do Norte";"-";"2013";205
"Economia";"Pecuária";"Produção de Origem Animal Leite (Mil litros)";"Rio Capim";"Garrafão do Norte";"-";"2014";221
"Economia";"Pecuária";"Produção de Origem Animal Leite (Mil litros)";"Rio Capim";"Garrafão do Norte";"-";"2015";299
"Economia";"Pecuária";"Produção de Origem Animal Leite (Mil litros)";"Rio Capim";"Garrafão do Norte";"-";"2016";250
"Economia";"Pecuária";"Produção de Origem Animal Leite (Mil litros)";"Rio Capim";"Garrafão do Norte";"-";"2017";252
"Economia";"Pecuária";"Produção de Origem Animal Leite (Mil litros)";"Rio Capim";"Garrafão do Norte";"-";"2018";220
"Economia";"Pecuária";"Produção de Origem Animal Leite (Mil litros)";"Rio Capim";"Garrafão do Norte";"-";"2019";237
"Economia";"Pecuária";"Produção de Origem Animal Leite (Mil litros)";"Rio Capim";"Garrafão do Norte";"-";"2020";240
"Economia";"Pecuária";"Produção de Origem Animal Leite (Mil litros)";"Rio Capim";"Garrafão do Norte";"-";"2021";272
"Economia";"Pecuária";"Produção de Origem Animal Leite (Mil litros)";"Rio Capim";"Garrafão do Norte";"-";"2022";287
"Economia";"Pecuária";"Produção de Origem Animal Leite (Mil litros)";"Rio Capim";"Garrafão do Norte";"-";"2023";281
"Economia";"Pecuária";"Produção de Origem Animal Leite (Mil litros)";"Lago de Tucuruí";"Goianésia do Pará";"-";"2008";12766
"Economia";"Pecuária";"Produção de Origem Animal Leite (Mil litros)";"Lago de Tucuruí";"Goianésia do Pará";"-";"2009";11524
"Economia";"Pecuária";"Produção de Origem Animal Leite (Mil litros)";"Lago de Tucuruí";"Goianésia do Pará";"-";"2010";8870
"Economia";"Pecuária";"Produção de Origem Animal Leite (Mil litros)";"Lago de Tucuruí";"Goianésia do Pará";"-";"2011";9313
"Economia";"Pecuária";"Produção de Origem Animal Leite (Mil litros)";"Lago de Tucuruí";"Goianésia do Pará";"-";"2012";5987
"Economia";"Pecuária";"Produção de Origem Animal Leite (Mil litros)";"Lago de Tucuruí";"Goianésia do Pará";"-";"2013";1371
"Economia";"Pecuária";"Produção de Origem Animal Leite (Mil litros)";"Lago de Tucuruí";"Goianésia do Pará";"-";"2014";1000
"Economia";"Pecuária";"Produção de Origem Animal Leite (Mil litros)";"Lago de Tucuruí";"Goianésia do Pará";"-";"2015";997
"Economia";"Pecuária";"Produção de Origem Animal Leite (Mil litros)";"Lago de Tucuruí";"Goianésia do Pará";"-";"2016";601
"Economia";"Pecuária";"Produção de Origem Animal Leite (Mil litros)";"Lago de Tucuruí";"Goianésia do Pará";"-";"2017";700
"Economia";"Pecuária";"Produção de Origem Animal Leite (Mil litros)";"Lago de Tucuruí";"Goianésia do Pará";"-";"2018";7300
"Economia";"Pecuária";"Produção de Origem Animal Leite (Mil litros)";"Lago de Tucuruí";"Goianésia do Pará";"-";"2019";15737
"Economia";"Pecuária";"Produção de Origem Animal Leite (Mil litros)";"Lago de Tucuruí";"Goianésia do Pará";"-";"2020";14069
"Economia";"Pecuária";"Produção de Origem Animal Leite (Mil litros)";"Lago de Tucuruí";"Goianésia do Pará";"-";"2021";5534
"Economia";"Pecuária";"Produção de Origem Animal Leite (Mil litros)";"Lago de Tucuruí";"Goianésia do Pará";"-";"2022";7343
"Economia";"Pecuária";"Produção de Origem Animal Leite (Mil litros)";"Lago de Tucuruí";"Goianésia do Pará";"-";"2023";7178
"Economia";"Pecuária";"Produção de Origem Animal Leite (Mil litros)";"Marajó";"Gurupá";"-";"2008";247
"Economia";"Pecuária";"Produção de Origem Animal Leite (Mil litros)";"Marajó";"Gurupá";"-";"2009";257
"Economia";"Pecuária";"Produção de Origem Animal Leite (Mil litros)";"Marajó";"Gurupá";"-";"2010";345
"Economia";"Pecuária";"Produção de Origem Animal Leite (Mil litros)";"Marajó";"Gurupá";"-";"2011";369
"Economia";"Pecuária";"Produção de Origem Animal Leite (Mil litros)";"Marajó";"Gurupá";"-";"2012";384
"Economia";"Pecuária";"Produção de Origem Animal Leite (Mil litros)";"Marajó";"Gurupá";"-";"2013";11
"Economia";"Pecuária";"Produção de Origem Animal Leite (Mil litros)";"Marajó";"Gurupá";"-";"2014";221
"Economia";"Pecuária";"Produção de Origem Animal Leite (Mil litros)";"Marajó";"Gurupá";"-";"2015";229
"Economia";"Pecuária";"Produção de Origem Animal Leite (Mil litros)";"Marajó";"Gurupá";"-";"2016";220
"Economia";"Pecuária";"Produção de Origem Animal Leite (Mil litros)";"Marajó";"Gurupá";"-";"2017";222
"Economia";"Pecuária";"Produção de Origem Animal Leite (Mil litros)";"Marajó";"Gurupá";"-";"2018";210
"Economia";"Pecuária";"Produção de Origem Animal Leite (Mil litros)";"Marajó";"Gurupá";"-";"2019";200
"Economia";"Pecuária";"Produção de Origem Animal Leite (Mil litros)";"Marajó";"Gurupá";"-";"2020";180
"Economia";"Pecuária";"Produção de Origem Animal Leite (Mil litros)";"Marajó";"Gurupá";"-";"2021";21
"Economia";"Pecuária";"Produção de Origem Animal Leite (Mil litros)";"Marajó";"Gurupá";"-";"2022";25
"Economia";"Pecuária";"Produção de Origem Animal Leite (Mil litros)";"Marajó";"Gurupá";"-";"2023";26
"Economia";"Pecuária";"Produção de Origem Animal Leite (Mil litros)";"Guamá";"Igarapé-Açu";"-";"2008";473
"Economia";"Pecuária";"Produção de Origem Animal Leite (Mil litros)";"Guamá";"Igarapé-Açu";"-";"2009";557
"Economia";"Pecuária";"Produção de Origem Animal Leite (Mil litros)";"Guamá";"Igarapé-Açu";"-";"2010";513
"Economia";"Pecuária";"Produção de Origem Animal Leite (Mil litros)";"Guamá";"Igarapé-Açu";"-";"2011";513
"Economia";"Pecuária";"Produção de Origem Animal Leite (Mil litros)";"Guamá";"Igarapé-Açu";"-";"2012";270
"Economia";"Pecuária";"Produção de Origem Animal Leite (Mil litros)";"Guamá";"Igarapé-Açu";"-";"2013";280
"Economia";"Pecuária";"Produção de Origem Animal Leite (Mil litros)";"Guamá";"Igarapé-Açu";"-";"2014";290
"Economia";"Pecuária";"Produção de Origem Animal Leite (Mil litros)";"Guamá";"Igarapé-Açu";"-";"2015";284
"Economia";"Pecuária";"Produção de Origem Animal Leite (Mil litros)";"Guamá";"Igarapé-Açu";"-";"2016";271
"Economia";"Pecuária";"Produção de Origem Animal Leite (Mil litros)";"Guamá";"Igarapé-Açu";"-";"2017";250
"Economia";"Pecuária";"Produção de Origem Animal Leite (Mil litros)";"Guamá";"Igarapé-Açu";"-";"2018";280
"Economia";"Pecuária";"Produção de Origem Animal Leite (Mil litros)";"Guamá";"Igarapé-Açu";"-";"2019";306
"Economia";"Pecuária";"Produção de Origem Animal Leite (Mil litros)";"Guamá";"Igarapé-Açu";"-";"2020";280
"Economia";"Pecuária";"Produção de Origem Animal Leite (Mil litros)";"Guamá";"Igarapé-Açu";"-";"2021";250
"Economia";"Pecuária";"Produção de Origem Animal Leite (Mil litros)";"Guamá";"Igarapé-Açu";"-";"2022";270
"Economia";"Pecuária";"Produção de Origem Animal Leite (Mil litros)";"Guamá";"Igarapé-Açu";"-";"2023";250
"Economia";"Pecuária";"Produção de Origem Animal Leite (Mil litros)";"Tocantins";"Igarapé-Miri";"-";"2008";72
"Economia";"Pecuária";"Produção de Origem Animal Leite (Mil litros)";"Tocantins";"Igarapé-Miri";"-";"2009";72
"Economia";"Pecuária";"Produção de Origem Animal Leite (Mil litros)";"Tocantins";"Igarapé-Miri";"-";"2010";72
"Economia";"Pecuária";"Produção de Origem Animal Leite (Mil litros)";"Tocantins";"Igarapé-Miri";"-";"2011";72
"Economia";"Pecuária";"Produção de Origem Animal Leite (Mil litros)";"Tocantins";"Igarapé-Miri";"-";"2012";43
"Economia";"Pecuária";"Produção de Origem Animal Leite (Mil litros)";"Tocantins";"Igarapé-Miri";"-";"2013";47
"Economia";"Pecuária";"Produção de Origem Animal Leite (Mil litros)";"Tocantins";"Igarapé-Miri";"-";"2014";43
"Economia";"Pecuária";"Produção de Origem Animal Leite (Mil litros)";"Tocantins";"Igarapé-Miri";"-";"2015";43
"Economia";"Pecuária";"Produção de Origem Animal Leite (Mil litros)";"Tocantins";"Igarapé-Miri";"-";"2016";43
"Economia";"Pecuária";"Produção de Origem Animal Leite (Mil litros)";"Tocantins";"Igarapé-Miri";"-";"2017";40
"Economia";"Pecuária";"Produção de Origem Animal Leite (Mil litros)";"Tocantins";"Igarapé-Miri";"-";"2018";39
"Economia";"Pecuária";"Produção de Origem Animal Leite (Mil litros)";"Tocantins";"Igarapé-Miri";"-";"2019";38
"Economia";"Pecuária";"Produção de Origem Animal Leite (Mil litros)";"Tocantins";"Igarapé-Miri";"-";"2020";32
"Economia";"Pecuária";"Produção de Origem Animal Leite (Mil litros)";"Tocantins";"Igarapé-Miri";"-";"2021";33
"Economia";"Pecuária";"Produção de Origem Animal Leite (Mil litros)";"Tocantins";"Igarapé-Miri";"-";"2022";33
"Economia";"Pecuária";"Produção de Origem Animal Leite (Mil litros)";"Tocantins";"Igarapé-Miri";"-";"2023";33
"Economia";"Pecuária";"Produção de Origem Animal Leite (Mil litros)";"Guamá";"Inhangapi";"-";"2008";1998
"Economia";"Pecuária";"Produção de Origem Animal Leite (Mil litros)";"Guamá";"Inhangapi";"-";"2009";911
"Economia";"Pecuária";"Produção de Origem Animal Leite (Mil litros)";"Guamá";"Inhangapi";"-";"2010";875
"Economia";"Pecuária";"Produção de Origem Animal Leite (Mil litros)";"Guamá";"Inhangapi";"-";"2011";875
"Economia";"Pecuária";"Produção de Origem Animal Leite (Mil litros)";"Guamá";"Inhangapi";"-";"2012";162
"Economia";"Pecuária";"Produção de Origem Animal Leite (Mil litros)";"Guamá";"Inhangapi";"-";"2013";173
"Economia";"Pecuária";"Produção de Origem Animal Leite (Mil litros)";"Guamá";"Inhangapi";"-";"2014";152
"Economia";"Pecuária";"Produção de Origem Animal Leite (Mil litros)";"Guamá";"Inhangapi";"-";"2015";162
"Economia";"Pecuária";"Produção de Origem Animal Leite (Mil litros)";"Guamá";"Inhangapi";"-";"2016";168
"Economia";"Pecuária";"Produção de Origem Animal Leite (Mil litros)";"Guamá";"Inhangapi";"-";"2017";36
"Economia";"Pecuária";"Produção de Origem Animal Leite (Mil litros)";"Guamá";"Inhangapi";"-";"2018";40
"Economia";"Pecuária";"Produção de Origem Animal Leite (Mil litros)";"Guamá";"Inhangapi";"-";"2019";80
"Economia";"Pecuária";"Produção de Origem Animal Leite (Mil litros)";"Guamá";"Inhangapi";"-";"2020";75
"Economia";"Pecuária";"Produção de Origem Animal Leite (Mil litros)";"Guamá";"Inhangapi";"-";"2021";70
"Economia";"Pecuária";"Produção de Origem Animal Leite (Mil litros)";"Guamá";"Inhangapi";"-";"2022";80
"Economia";"Pecuária";"Produção de Origem Animal Leite (Mil litros)";"Guamá";"Inhangapi";"-";"2023";75
"Economia";"Pecuária";"Produção de Origem Animal Leite (Mil litros)";"Rio Capim";"Ipixuna do Pará";"-";"2008";5425
"Economia";"Pecuária";"Produção de Origem Animal Leite (Mil litros)";"Rio Capim";"Ipixuna do Pará";"-";"2009";5727
"Economia";"Pecuária";"Produção de Origem Animal Leite (Mil litros)";"Rio Capim";"Ipixuna do Pará";"-";"2010";5650
"Economia";"Pecuária";"Produção de Origem Animal Leite (Mil litros)";"Rio Capim";"Ipixuna do Pará";"-";"2011";5842
"Economia";"Pecuária";"Produção de Origem Animal Leite (Mil litros)";"Rio Capim";"Ipixuna do Pará";"-";"2012";6144
"Economia";"Pecuária";"Produção de Origem Animal Leite (Mil litros)";"Rio Capim";"Ipixuna do Pará";"-";"2013";5674
"Economia";"Pecuária";"Produção de Origem Animal Leite (Mil litros)";"Rio Capim";"Ipixuna do Pará";"-";"2014";5674
"Economia";"Pecuária";"Produção de Origem Animal Leite (Mil litros)";"Rio Capim";"Ipixuna do Pará";"-";"2015";6024
"Economia";"Pecuária";"Produção de Origem Animal Leite (Mil litros)";"Rio Capim";"Ipixuna do Pará";"-";"2016";6123
"Economia";"Pecuária";"Produção de Origem Animal Leite (Mil litros)";"Rio Capim";"Ipixuna do Pará";"-";"2017";5845
"Economia";"Pecuária";"Produção de Origem Animal Leite (Mil litros)";"Rio Capim";"Ipixuna do Pará";"-";"2018";3650
"Economia";"Pecuária";"Produção de Origem Animal Leite (Mil litros)";"Rio Capim";"Ipixuna do Pará";"-";"2019";3292
"Economia";"Pecuária";"Produção de Origem Animal Leite (Mil litros)";"Rio Capim";"Ipixuna do Pará";"-";"2020";3469
"Economia";"Pecuária";"Produção de Origem Animal Leite (Mil litros)";"Rio Capim";"Ipixuna do Pará";"-";"2021";3881
"Economia";"Pecuária";"Produção de Origem Animal Leite (Mil litros)";"Rio Capim";"Ipixuna do Pará";"-";"2022";3864
"Economia";"Pecuária";"Produção de Origem Animal Leite (Mil litros)";"Rio Capim";"Ipixuna do Pará";"-";"2023";3237
"Economia";"Pecuária";"Produção de Origem Animal Leite (Mil litros)";"Rio Capim";"Irituia";"-";"2008";1292
"Economia";"Pecuária";"Produção de Origem Animal Leite (Mil litros)";"Rio Capim";"Irituia";"-";"2009";394
"Economia";"Pecuária";"Produção de Origem Animal Leite (Mil litros)";"Rio Capim";"Irituia";"-";"2010";317
"Economia";"Pecuária";"Produção de Origem Animal Leite (Mil litros)";"Rio Capim";"Irituia";"-";"2011";317
"Economia";"Pecuária";"Produção de Origem Animal Leite (Mil litros)";"Rio Capim";"Irituia";"-";"2012";1232
"Economia";"Pecuária";"Produção de Origem Animal Leite (Mil litros)";"Rio Capim";"Irituia";"-";"2013";7590
"Economia";"Pecuária";"Produção de Origem Animal Leite (Mil litros)";"Rio Capim";"Irituia";"-";"2014";1711
"Economia";"Pecuária";"Produção de Origem Animal Leite (Mil litros)";"Rio Capim";"Irituia";"-";"2015";1647
"Economia";"Pecuária";"Produção de Origem Animal Leite (Mil litros)";"Rio Capim";"Irituia";"-";"2016";1431
"Economia";"Pecuária";"Produção de Origem Animal Leite (Mil litros)";"Rio Capim";"Irituia";"-";"2017";1268
"Economia";"Pecuária";"Produção de Origem Animal Leite (Mil litros)";"Rio Capim";"Irituia";"-";"2018";1350
"Economia";"Pecuária";"Produção de Origem Animal Leite (Mil litros)";"Rio Capim";"Irituia";"-";"2019";1400
"Economia";"Pecuária";"Produção de Origem Animal Leite (Mil litros)";"Rio Capim";"Irituia";"-";"2020";1250
"Economia";"Pecuária";"Produção de Origem Animal Leite (Mil litros)";"Rio Capim";"Irituia";"-";"2021";1100
"Economia";"Pecuária";"Produção de Origem Animal Leite (Mil litros)";"Rio Capim";"Irituia";"-";"2022";1250
"Economia";"Pecuária";"Produção de Origem Animal Leite (Mil litros)";"Rio Capim";"Irituia";"-";"2023";1100
"Economia";"Pecuária";"Produção de Origem Animal Leite (Mil litros)";"Tapajós";"Itaituba";"-";"2008";10112
"Economia";"Pecuária";"Produção de Origem Animal Leite (Mil litros)";"Tapajós";"Itaituba";"-";"2009";11713
"Economia";"Pecuária";"Produção de Origem Animal Leite (Mil litros)";"Tapajós";"Itaituba";"-";"2010";9296
"Economia";"Pecuária";"Produção de Origem Animal Leite (Mil litros)";"Tapajós";"Itaituba";"-";"2011";9326
"Economia";"Pecuária";"Produção de Origem Animal Leite (Mil litros)";"Tapajós";"Itaituba";"-";"2012";15456
"Economia";"Pecuária";"Produção de Origem Animal Leite (Mil litros)";"Tapajós";"Itaituba";"-";"2013";16592
"Economia";"Pecuária";"Produção de Origem Animal Leite (Mil litros)";"Tapajós";"Itaituba";"-";"2014";17416
"Economia";"Pecuária";"Produção de Origem Animal Leite (Mil litros)";"Tapajós";"Itaituba";"-";"2015";16937
"Economia";"Pecuária";"Produção de Origem Animal Leite (Mil litros)";"Tapajós";"Itaituba";"-";"2016";16797
"Economia";"Pecuária";"Produção de Origem Animal Leite (Mil litros)";"Tapajós";"Itaituba";"-";"2017";18829
"Economia";"Pecuária";"Produção de Origem Animal Leite (Mil litros)";"Tapajós";"Itaituba";"-";"2018";17555
"Economia";"Pecuária";"Produção de Origem Animal Leite (Mil litros)";"Tapajós";"Itaituba";"-";"2019";16175
"Economia";"Pecuária";"Produção de Origem Animal Leite (Mil litros)";"Tapajós";"Itaituba";"-";"2020";16620
"Economia";"Pecuária";"Produção de Origem Animal Leite (Mil litros)";"Tapajós";"Itaituba";"-";"2021";17492
"Economia";"Pecuária";"Produção de Origem Animal Leite (Mil litros)";"Tapajós";"Itaituba";"-";"2022";13996
"Economia";"Pecuária";"Produção de Origem Animal Leite (Mil litros)";"Tapajós";"Itaituba";"-";"2023";13500
"Economia";"Pecuária";"Produção de Origem Animal Leite (Mil litros)";"Lago de Tucuruí";"Itupiranga";"-";"2008";6960
"Economia";"Pecuária";"Produção de Origem Animal Leite (Mil litros)";"Lago de Tucuruí";"Itupiranga";"-";"2009";7350
"Economia";"Pecuária";"Produção de Origem Animal Leite (Mil litros)";"Lago de Tucuruí";"Itupiranga";"-";"2010";8783
"Economia";"Pecuária";"Produção de Origem Animal Leite (Mil litros)";"Lago de Tucuruí";"Itupiranga";"-";"2011";9870
"Economia";"Pecuária";"Produção de Origem Animal Leite (Mil litros)";"Lago de Tucuruí";"Itupiranga";"-";"2012";8862
"Economia";"Pecuária";"Produção de Origem Animal Leite (Mil litros)";"Lago de Tucuruí";"Itupiranga";"-";"2013";9942
"Economia";"Pecuária";"Produção de Origem Animal Leite (Mil litros)";"Lago de Tucuruí";"Itupiranga";"-";"2014";11500
"Economia";"Pecuária";"Produção de Origem Animal Leite (Mil litros)";"Lago de Tucuruí";"Itupiranga";"-";"2015";12535
"Economia";"Pecuária";"Produção de Origem Animal Leite (Mil litros)";"Lago de Tucuruí";"Itupiranga";"-";"2016";12500
"Economia";"Pecuária";"Produção de Origem Animal Leite (Mil litros)";"Lago de Tucuruí";"Itupiranga";"-";"2017";12900
"Economia";"Pecuária";"Produção de Origem Animal Leite (Mil litros)";"Lago de Tucuruí";"Itupiranga";"-";"2018";15450
"Economia";"Pecuária";"Produção de Origem Animal Leite (Mil litros)";"Lago de Tucuruí";"Itupiranga";"-";"2019";16520
"Economia";"Pecuária";"Produção de Origem Animal Leite (Mil litros)";"Lago de Tucuruí";"Itupiranga";"-";"2020";18998
"Economia";"Pecuária";"Produção de Origem Animal Leite (Mil litros)";"Lago de Tucuruí";"Itupiranga";"-";"2021";19201
"Economia";"Pecuária";"Produção de Origem Animal Leite (Mil litros)";"Lago de Tucuruí";"Itupiranga";"-";"2022";22265
"Economia";"Pecuária";"Produção de Origem Animal Leite (Mil litros)";"Lago de Tucuruí";"Itupiranga";"-";"2023";22264
"Economia";"Pecuária";"Produção de Origem Animal Leite (Mil litros)";"Tapajós";"Jacareacanga";"-";"2008";709
"Economia";"Pecuária";"Produção de Origem Animal Leite (Mil litros)";"Tapajós";"Jacareacanga";"-";"2009";707
"Economia";"Pecuária";"Produção de Origem Animal Leite (Mil litros)";"Tapajós";"Jacareacanga";"-";"2010";234
"Economia";"Pecuária";"Produção de Origem Animal Leite (Mil litros)";"Tapajós";"Jacareacanga";"-";"2011";234
"Economia";"Pecuária";"Produção de Origem Animal Leite (Mil litros)";"Tapajós";"Jacareacanga";"-";"2012";281
"Economia";"Pecuária";"Produção de Origem Animal Leite (Mil litros)";"Tapajós";"Jacareacanga";"-";"2013";274
"Economia";"Pecuária";"Produção de Origem Animal Leite (Mil litros)";"Tapajós";"Jacareacanga";"-";"2014";327
"Economia";"Pecuária";"Produção de Origem Animal Leite (Mil litros)";"Tapajós";"Jacareacanga";"-";"2015";313
"Economia";"Pecuária";"Produção de Origem Animal Leite (Mil litros)";"Tapajós";"Jacareacanga";"-";"2016";308
"Economia";"Pecuária";"Produção de Origem Animal Leite (Mil litros)";"Tapajós";"Jacareacanga";"-";"2017";1694
"Economia";"Pecuária";"Produção de Origem Animal Leite (Mil litros)";"Tapajós";"Jacareacanga";"-";"2018";1709
"Economia";"Pecuária";"Produção de Origem Animal Leite (Mil litros)";"Tapajós";"Jacareacanga";"-";"2019";1697
"Economia";"Pecuária";"Produção de Origem Animal Leite (Mil litros)";"Tapajós";"Jacareacanga";"-";"2020";1709
"Economia";"Pecuária";"Produção de Origem Animal Leite (Mil litros)";"Tapajós";"Jacareacanga";"-";"2021";1727
"Economia";"Pecuária";"Produção de Origem Animal Leite (Mil litros)";"Tapajós";"Jacareacanga";"-";"2022";1500
"Economia";"Pecuária";"Produção de Origem Animal Leite (Mil litros)";"Tapajós";"Jacareacanga";"-";"2023";410
"Economia";"Pecuária";"Produção de Origem Animal Leite (Mil litros)";"Lago de Tucuruí";"Jacundá";"-";"2008";4080
"Economia";"Pecuária";"Produção de Origem Animal Leite (Mil litros)";"Lago de Tucuruí";"Jacundá";"-";"2009";4180
"Economia";"Pecuária";"Produção de Origem Animal Leite (Mil litros)";"Lago de Tucuruí";"Jacundá";"-";"2010";4389
"Economia";"Pecuária";"Produção de Origem Animal Leite (Mil litros)";"Lago de Tucuruí";"Jacundá";"-";"2011";4608
"Economia";"Pecuária";"Produção de Origem Animal Leite (Mil litros)";"Lago de Tucuruí";"Jacundá";"-";"2012";4265
"Economia";"Pecuária";"Produção de Origem Animal Leite (Mil litros)";"Lago de Tucuruí";"Jacundá";"-";"2013";2405
"Economia";"Pecuária";"Produção de Origem Animal Leite (Mil litros)";"Lago de Tucuruí";"Jacundá";"-";"2014";3762
"Economia";"Pecuária";"Produção de Origem Animal Leite (Mil litros)";"Lago de Tucuruí";"Jacundá";"-";"2015";2268
"Economia";"Pecuária";"Produção de Origem Animal Leite (Mil litros)";"Lago de Tucuruí";"Jacundá";"-";"2016";2784
"Economia";"Pecuária";"Produção de Origem Animal Leite (Mil litros)";"Lago de Tucuruí";"Jacundá";"-";"2017";2860
"Economia";"Pecuária";"Produção de Origem Animal Leite (Mil litros)";"Lago de Tucuruí";"Jacundá";"-";"2018";3650
"Economia";"Pecuária";"Produção de Origem Animal Leite (Mil litros)";"Lago de Tucuruí";"Jacundá";"-";"2019";7392
"Economia";"Pecuária";"Produção de Origem Animal Leite (Mil litros)";"Lago de Tucuruí";"Jacundá";"-";"2020";7390
"Economia";"Pecuária";"Produção de Origem Animal Leite (Mil litros)";"Lago de Tucuruí";"Jacundá";"-";"2021";7550
"Economia";"Pecuária";"Produção de Origem Animal Leite (Mil litros)";"Lago de Tucuruí";"Jacundá";"-";"2022";8800
"Economia";"Pecuária";"Produção de Origem Animal Leite (Mil litros)";"Lago de Tucuruí";"Jacundá";"-";"2023";8356
"Economia";"Pecuária";"Produção de Origem Animal Leite (Mil litros)";"Baixo Amazonas";"Juruti";"-";"2008";1285
"Economia";"Pecuária";"Produção de Origem Animal Leite (Mil litros)";"Baixo Amazonas";"Juruti";"-";"2009";1104
"Economia";"Pecuária";"Produção de Origem Animal Leite (Mil litros)";"Baixo Amazonas";"Juruti";"-";"2010";1928
"Economia";"Pecuária";"Produção de Origem Animal Leite (Mil litros)";"Baixo Amazonas";"Juruti";"-";"2011";1953
"Economia";"Pecuária";"Produção de Origem Animal Leite (Mil litros)";"Baixo Amazonas";"Juruti";"-";"2012";2878
"Economia";"Pecuária";"Produção de Origem Animal Leite (Mil litros)";"Baixo Amazonas";"Juruti";"-";"2013";1526
"Economia";"Pecuária";"Produção de Origem Animal Leite (Mil litros)";"Baixo Amazonas";"Juruti";"-";"2014";1400
"Economia";"Pecuária";"Produção de Origem Animal Leite (Mil litros)";"Baixo Amazonas";"Juruti";"-";"2015";1369
"Economia";"Pecuária";"Produção de Origem Animal Leite (Mil litros)";"Baixo Amazonas";"Juruti";"-";"2016";1547
"Economia";"Pecuária";"Produção de Origem Animal Leite (Mil litros)";"Baixo Amazonas";"Juruti";"-";"2017";1983
"Economia";"Pecuária";"Produção de Origem Animal Leite (Mil litros)";"Baixo Amazonas";"Juruti";"-";"2018";2267
"Economia";"Pecuária";"Produção de Origem Animal Leite (Mil litros)";"Baixo Amazonas";"Juruti";"-";"2019";2193
"Economia";"Pecuária";"Produção de Origem Animal Leite (Mil litros)";"Baixo Amazonas";"Juruti";"-";"2020";2376
"Economia";"Pecuária";"Produção de Origem Animal Leite (Mil litros)";"Baixo Amazonas";"Juruti";"-";"2021";1237
"Economia";"Pecuária";"Produção de Origem Animal Leite (Mil litros)";"Baixo Amazonas";"Juruti";"-";"2022";3539
"Economia";"Pecuária";"Produção de Origem Animal Leite (Mil litros)";"Baixo Amazonas";"Juruti";"-";"2023";3998
"Economia";"Pecuária";"Produção de Origem Animal Leite (Mil litros)";"Tocantins";"Limoeiro do Ajuru";"-";"2008";0
"Economia";"Pecuária";"Produção de Origem Animal Leite (Mil litros)";"Tocantins";"Limoeiro do Ajuru";"-";"2009";0
"Economia";"Pecuária";"Produção de Origem Animal Leite (Mil litros)";"Tocantins";"Limoeiro do Ajuru";"-";"2010";0
"Economia";"Pecuária";"Produção de Origem Animal Leite (Mil litros)";"Tocantins";"Limoeiro do Ajuru";"-";"2011";0
"Economia";"Pecuária";"Produção de Origem Animal Leite (Mil litros)";"Tocantins";"Limoeiro do Ajuru";"-";"2012";0
"Economia";"Pecuária";"Produção de Origem Animal Leite (Mil litros)";"Tocantins";"Limoeiro do Ajuru";"-";"2013";0
"Economia";"Pecuária";"Produção de Origem Animal Leite (Mil litros)";"Tocantins";"Limoeiro do Ajuru";"-";"2014";0
"Economia";"Pecuária";"Produção de Origem Animal Leite (Mil litros)";"Tocantins";"Limoeiro do Ajuru";"-";"2015";0
"Economia";"Pecuária";"Produção de Origem Animal Leite (Mil litros)";"Tocantins";"Limoeiro do Ajuru";"-";"2016";0
"Economia";"Pecuária";"Produção de Origem Animal Leite (Mil litros)";"Tocantins";"Limoeiro do Ajuru";"-";"2017";1
"Economia";"Pecuária";"Produção de Origem Animal Leite (Mil litros)";"Tocantins";"Limoeiro do Ajuru";"-";"2018";1
"Economia";"Pecuária";"Produção de Origem Animal Leite (Mil litros)";"Tocantins";"Limoeiro do Ajuru";"-";"2019";1
"Economia";"Pecuária";"Produção de Origem Animal Leite (Mil litros)";"Tocantins";"Limoeiro do Ajuru";"-";"2020";1
"Economia";"Pecuária";"Produção de Origem Animal Leite (Mil litros)";"Tocantins";"Limoeiro do Ajuru";"-";"2021";1
"Economia";"Pecuária";"Produção de Origem Animal Leite (Mil litros)";"Tocantins";"Limoeiro do Ajuru";"-";"2022";1
"Economia";"Pecuária";"Produção de Origem Animal Leite (Mil litros)";"Tocantins";"Limoeiro do Ajuru";"-";"2023";1
"Economia";"Pecuária";"Produção de Origem Animal Leite (Mil litros)";"Rio Capim";"Mãe do Rio";"-";"2008";4743
"Economia";"Pecuária";"Produção de Origem Animal Leite (Mil litros)";"Rio Capim";"Mãe do Rio";"-";"2009";5127
"Economia";"Pecuária";"Produção de Origem Animal Leite (Mil litros)";"Rio Capim";"Mãe do Rio";"-";"2010";3869
"Economia";"Pecuária";"Produção de Origem Animal Leite (Mil litros)";"Rio Capim";"Mãe do Rio";"-";"2011";3744
"Economia";"Pecuária";"Produção de Origem Animal Leite (Mil litros)";"Rio Capim";"Mãe do Rio";"-";"2012";4216
"Economia";"Pecuária";"Produção de Origem Animal Leite (Mil litros)";"Rio Capim";"Mãe do Rio";"-";"2013";4305
"Economia";"Pecuária";"Produção de Origem Animal Leite (Mil litros)";"Rio Capim";"Mãe do Rio";"-";"2014";4173
"Economia";"Pecuária";"Produção de Origem Animal Leite (Mil litros)";"Rio Capim";"Mãe do Rio";"-";"2015";3964
"Economia";"Pecuária";"Produção de Origem Animal Leite (Mil litros)";"Rio Capim";"Mãe do Rio";"-";"2016";3981
"Economia";"Pecuária";"Produção de Origem Animal Leite (Mil litros)";"Rio Capim";"Mãe do Rio";"-";"2017";4376
"Economia";"Pecuária";"Produção de Origem Animal Leite (Mil litros)";"Rio Capim";"Mãe do Rio";"-";"2018";1825
"Economia";"Pecuária";"Produção de Origem Animal Leite (Mil litros)";"Rio Capim";"Mãe do Rio";"-";"2019";2000
"Economia";"Pecuária";"Produção de Origem Animal Leite (Mil litros)";"Rio Capim";"Mãe do Rio";"-";"2020";1850
"Economia";"Pecuária";"Produção de Origem Animal Leite (Mil litros)";"Rio Capim";"Mãe do Rio";"-";"2021";1700
"Economia";"Pecuária";"Produção de Origem Animal Leite (Mil litros)";"Rio Capim";"Mãe do Rio";"-";"2022";2000
"Economia";"Pecuária";"Produção de Origem Animal Leite (Mil litros)";"Rio Capim";"Mãe do Rio";"-";"2023";1800
"Economia";"Pecuária";"Produção de Origem Animal Leite (Mil litros)";"Guamá";"Magalhães Barata";"-";"2008";24
"Economia";"Pecuária";"Produção de Origem Animal Leite (Mil litros)";"Guamá";"Magalhães Barata";"-";"2009";64
"Economia";"Pecuária";"Produção de Origem Animal Leite (Mil litros)";"Guamá";"Magalhães Barata";"-";"2010";40
"Economia";"Pecuária";"Produção de Origem Animal Leite (Mil litros)";"Guamá";"Magalhães Barata";"-";"2011";43
"Economia";"Pecuária";"Produção de Origem Animal Leite (Mil litros)";"Guamá";"Magalhães Barata";"-";"2012";5
"Economia";"Pecuária";"Produção de Origem Animal Leite (Mil litros)";"Guamá";"Magalhães Barata";"-";"2013";6
"Economia";"Pecuária";"Produção de Origem Animal Leite (Mil litros)";"Guamá";"Magalhães Barata";"-";"2014";6
"Economia";"Pecuária";"Produção de Origem Animal Leite (Mil litros)";"Guamá";"Magalhães Barata";"-";"2015";8
"Economia";"Pecuária";"Produção de Origem Animal Leite (Mil litros)";"Guamá";"Magalhães Barata";"-";"2016";7
"Economia";"Pecuária";"Produção de Origem Animal Leite (Mil litros)";"Guamá";"Magalhães Barata";"-";"2017";8
"Economia";"Pecuária";"Produção de Origem Animal Leite (Mil litros)";"Guamá";"Magalhães Barata";"-";"2018";10
"Economia";"Pecuária";"Produção de Origem Animal Leite (Mil litros)";"Guamá";"Magalhães Barata";"-";"2019";12
"Economia";"Pecuária";"Produção de Origem Animal Leite (Mil litros)";"Guamá";"Magalhães Barata";"-";"2020";11
"Economia";"Pecuária";"Produção de Origem Animal Leite (Mil litros)";"Guamá";"Magalhães Barata";"-";"2021";10
"Economia";"Pecuária";"Produção de Origem Animal Leite (Mil litros)";"Guamá";"Magalhães Barata";"-";"2022";13
"Economia";"Pecuária";"Produção de Origem Animal Leite (Mil litros)";"Guamá";"Magalhães Barata";"-";"2023";15
"Economia";"Pecuária";"Produção de Origem Animal Leite (Mil litros)";"Carajás";"Marabá";"-";"2008";10320
"Economia";"Pecuária";"Produção de Origem Animal Leite (Mil litros)";"Carajás";"Marabá";"-";"2009";10272
"Economia";"Pecuária";"Produção de Origem Animal Leite (Mil litros)";"Carajás";"Marabá";"-";"2010";12229
"Economia";"Pecuária";"Produção de Origem Animal Leite (Mil litros)";"Carajás";"Marabá";"-";"2011";15840
"Economia";"Pecuária";"Produção de Origem Animal Leite (Mil litros)";"Carajás";"Marabá";"-";"2012";12672
"Economia";"Pecuária";"Produção de Origem Animal Leite (Mil litros)";"Carajás";"Marabá";"-";"2013";15240
"Economia";"Pecuária";"Produção de Origem Animal Leite (Mil litros)";"Carajás";"Marabá";"-";"2014";17280
"Economia";"Pecuária";"Produção de Origem Animal Leite (Mil litros)";"Carajás";"Marabá";"-";"2015";18240
"Economia";"Pecuária";"Produção de Origem Animal Leite (Mil litros)";"Carajás";"Marabá";"-";"2016";18400
"Economia";"Pecuária";"Produção de Origem Animal Leite (Mil litros)";"Carajás";"Marabá";"-";"2017";18860
"Economia";"Pecuária";"Produção de Origem Animal Leite (Mil litros)";"Carajás";"Marabá";"-";"2018";20492
"Economia";"Pecuária";"Produção de Origem Animal Leite (Mil litros)";"Carajás";"Marabá";"-";"2019";22100
"Economia";"Pecuária";"Produção de Origem Animal Leite (Mil litros)";"Carajás";"Marabá";"-";"2020";24310
"Economia";"Pecuária";"Produção de Origem Animal Leite (Mil litros)";"Carajás";"Marabá";"-";"2021";27227
"Economia";"Pecuária";"Produção de Origem Animal Leite (Mil litros)";"Carajás";"Marabá";"-";"2022";23956
"Economia";"Pecuária";"Produção de Origem Animal Leite (Mil litros)";"Carajás";"Marabá";"-";"2023";24047
"Economia";"Pecuária";"Produção de Origem Animal Leite (Mil litros)";"Guamá";"Maracanã";"-";"2008";178
"Economia";"Pecuária";"Produção de Origem Animal Leite (Mil litros)";"Guamá";"Maracanã";"-";"2009";181
"Economia";"Pecuária";"Produção de Origem Animal Leite (Mil litros)";"Guamá";"Maracanã";"-";"2010";162
"Economia";"Pecuária";"Produção de Origem Animal Leite (Mil litros)";"Guamá";"Maracanã";"-";"2011";162
"Economia";"Pecuária";"Produção de Origem Animal Leite (Mil litros)";"Guamá";"Maracanã";"-";"2012";11
"Economia";"Pecuária";"Produção de Origem Animal Leite (Mil litros)";"Guamá";"Maracanã";"-";"2013";13
"Economia";"Pecuária";"Produção de Origem Animal Leite (Mil litros)";"Guamá";"Maracanã";"-";"2014";14
"Economia";"Pecuária";"Produção de Origem Animal Leite (Mil litros)";"Guamá";"Maracanã";"-";"2015";13
"Economia";"Pecuária";"Produção de Origem Animal Leite (Mil litros)";"Guamá";"Maracanã";"-";"2016";19
"Economia";"Pecuária";"Produção de Origem Animal Leite (Mil litros)";"Guamá";"Maracanã";"-";"2017";18
"Economia";"Pecuária";"Produção de Origem Animal Leite (Mil litros)";"Guamá";"Maracanã";"-";"2018";20
"Economia";"Pecuária";"Produção de Origem Animal Leite (Mil litros)";"Guamá";"Maracanã";"-";"2019";23
"Economia";"Pecuária";"Produção de Origem Animal Leite (Mil litros)";"Guamá";"Maracanã";"-";"2020";21
"Economia";"Pecuária";"Produção de Origem Animal Leite (Mil litros)";"Guamá";"Maracanã";"-";"2021";20
"Economia";"Pecuária";"Produção de Origem Animal Leite (Mil litros)";"Guamá";"Maracanã";"-";"2022";23
"Economia";"Pecuária";"Produção de Origem Animal Leite (Mil litros)";"Guamá";"Maracanã";"-";"2023";20
"Economia";"Pecuária";"Produção de Origem Animal Leite (Mil litros)";"Guamá";"Marapanim";"-";"2008";50
"Economia";"Pecuária";"Produção de Origem Animal Leite (Mil litros)";"Guamá";"Marapanim";"-";"2009";173
"Economia";"Pecuária";"Produção de Origem Animal Leite (Mil litros)";"Guamá";"Marapanim";"-";"2010";156
"Economia";"Pecuária";"Produção de Origem Animal Leite (Mil litros)";"Guamá";"Marapanim";"-";"2011";158
"Economia";"Pecuária";"Produção de Origem Animal Leite (Mil litros)";"Guamá";"Marapanim";"-";"2012";14
"Economia";"Pecuária";"Produção de Origem Animal Leite (Mil litros)";"Guamá";"Marapanim";"-";"2013";16
"Economia";"Pecuária";"Produção de Origem Animal Leite (Mil litros)";"Guamá";"Marapanim";"-";"2014";14
"Economia";"Pecuária";"Produção de Origem Animal Leite (Mil litros)";"Guamá";"Marapanim";"-";"2015";16
"Economia";"Pecuária";"Produção de Origem Animal Leite (Mil litros)";"Guamá";"Marapanim";"-";"2016";18
"Economia";"Pecuária";"Produção de Origem Animal Leite (Mil litros)";"Guamá";"Marapanim";"-";"2017";12
"Economia";"Pecuária";"Produção de Origem Animal Leite (Mil litros)";"Guamá";"Marapanim";"-";"2018";15
"Economia";"Pecuária";"Produção de Origem Animal Leite (Mil litros)";"Guamá";"Marapanim";"-";"2019";17
"Economia";"Pecuária";"Produção de Origem Animal Leite (Mil litros)";"Guamá";"Marapanim";"-";"2020";16
"Economia";"Pecuária";"Produção de Origem Animal Leite (Mil litros)";"Guamá";"Marapanim";"-";"2021";14
"Economia";"Pecuária";"Produção de Origem Animal Leite (Mil litros)";"Guamá";"Marapanim";"-";"2022";16
"Economia";"Pecuária";"Produção de Origem Animal Leite (Mil litros)";"Guamá";"Marapanim";"-";"2023";15
"Economia";"Pecuária";"Produção de Origem Animal Leite (Mil litros)";"Guajará";"Marituba";"-";"2008";5
"Economia";"Pecuária";"Produção de Origem Animal Leite (Mil litros)";"Guajará";"Marituba";"-";"2009";14
"Economia";"Pecuária";"Produção de Origem Animal Leite (Mil litros)";"Guajará";"Marituba";"-";"2010";15
"Economia";"Pecuária";"Produção de Origem Animal Leite (Mil litros)";"Guajará";"Marituba";"-";"2011";17
"Economia";"Pecuária";"Produção de Origem Animal Leite (Mil litros)";"Guajará";"Marituba";"-";"2012";19
"Economia";"Pecuária";"Produção de Origem Animal Leite (Mil litros)";"Guajará";"Marituba";"-";"2013";32
"Economia";"Pecuária";"Produção de Origem Animal Leite (Mil litros)";"Guajará";"Marituba";"-";"2014";26
"Economia";"Pecuária";"Produção de Origem Animal Leite (Mil litros)";"Guajará";"Marituba";"-";"2015";27
"Economia";"Pecuária";"Produção de Origem Animal Leite (Mil litros)";"Guajará";"Marituba";"-";"2016";28
"Economia";"Pecuária";"Produção de Origem Animal Leite (Mil litros)";"Guajará";"Marituba";"-";"2017";24
"Economia";"Pecuária";"Produção de Origem Animal Leite (Mil litros)";"Guajará";"Marituba";"-";"2018";22
"Economia";"Pecuária";"Produção de Origem Animal Leite (Mil litros)";"Guajará";"Marituba";"-";"2019";23
"Economia";"Pecuária";"Produção de Origem Animal Leite (Mil litros)";"Guajará";"Marituba";"-";"2020";18
"Economia";"Pecuária";"Produção de Origem Animal Leite (Mil litros)";"Guajará";"Marituba";"-";"2021";15
"Economia";"Pecuária";"Produção de Origem Animal Leite (Mil litros)";"Guajará";"Marituba";"-";"2022";11
"Economia";"Pecuária";"Produção de Origem Animal Leite (Mil litros)";"Guajará";"Marituba";"-";"2023";12
"Economia";"Pecuária";"Produção de Origem Animal Leite (Mil litros)";"Xingu";"Medicilândia";"-";"2008";1347
"Economia";"Pecuária";"Produção de Origem Animal Leite (Mil litros)";"Xingu";"Medicilândia";"-";"2009";1479
"Economia";"Pecuária";"Produção de Origem Animal Leite (Mil litros)";"Xingu";"Medicilândia";"-";"2010";1388
"Economia";"Pecuária";"Produção de Origem Animal Leite (Mil litros)";"Xingu";"Medicilândia";"-";"2011";1449
"Economia";"Pecuária";"Produção de Origem Animal Leite (Mil litros)";"Xingu";"Medicilândia";"-";"2012";1687
"Economia";"Pecuária";"Produção de Origem Animal Leite (Mil litros)";"Xingu";"Medicilândia";"-";"2013";1742
"Economia";"Pecuária";"Produção de Origem Animal Leite (Mil litros)";"Xingu";"Medicilândia";"-";"2014";1847
"Economia";"Pecuária";"Produção de Origem Animal Leite (Mil litros)";"Xingu";"Medicilândia";"-";"2015";1980
"Economia";"Pecuária";"Produção de Origem Animal Leite (Mil litros)";"Xingu";"Medicilândia";"-";"2016";1890
"Economia";"Pecuária";"Produção de Origem Animal Leite (Mil litros)";"Xingu";"Medicilândia";"-";"2017";2490
"Economia";"Pecuária";"Produção de Origem Animal Leite (Mil litros)";"Xingu";"Medicilândia";"-";"2018";2214
"Economia";"Pecuária";"Produção de Origem Animal Leite (Mil litros)";"Xingu";"Medicilândia";"-";"2019";2710
"Economia";"Pecuária";"Produção de Origem Animal Leite (Mil litros)";"Xingu";"Medicilândia";"-";"2020";2956
"Economia";"Pecuária";"Produção de Origem Animal Leite (Mil litros)";"Xingu";"Medicilândia";"-";"2021";2718
"Economia";"Pecuária";"Produção de Origem Animal Leite (Mil litros)";"Xingu";"Medicilândia";"-";"2022";3933
"Economia";"Pecuária";"Produção de Origem Animal Leite (Mil litros)";"Xingu";"Medicilândia";"-";"2023";3573
"Economia";"Pecuária";"Produção de Origem Animal Leite (Mil litros)";"Marajó";"Melgaço";"-";"2008";32
"Economia";"Pecuária";"Produção de Origem Animal Leite (Mil litros)";"Marajó";"Melgaço";"-";"2009";33
"Economia";"Pecuária";"Produção de Origem Animal Leite (Mil litros)";"Marajó";"Melgaço";"-";"2010";33
"Economia";"Pecuária";"Produção de Origem Animal Leite (Mil litros)";"Marajó";"Melgaço";"-";"2011";34
"Economia";"Pecuária";"Produção de Origem Animal Leite (Mil litros)";"Marajó";"Melgaço";"-";"2012";35
"Economia";"Pecuária";"Produção de Origem Animal Leite (Mil litros)";"Marajó";"Melgaço";"-";"2013";37
"Economia";"Pecuária";"Produção de Origem Animal Leite (Mil litros)";"Marajó";"Melgaço";"-";"2014";38
"Economia";"Pecuária";"Produção de Origem Animal Leite (Mil litros)";"Marajó";"Melgaço";"-";"2015";40
"Economia";"Pecuária";"Produção de Origem Animal Leite (Mil litros)";"Marajó";"Melgaço";"-";"2016";41
"Economia";"Pecuária";"Produção de Origem Animal Leite (Mil litros)";"Marajó";"Melgaço";"-";"2017";40
"Economia";"Pecuária";"Produção de Origem Animal Leite (Mil litros)";"Marajó";"Melgaço";"-";"2018";40
"Economia";"Pecuária";"Produção de Origem Animal Leite (Mil litros)";"Marajó";"Melgaço";"-";"2019";43
"Economia";"Pecuária";"Produção de Origem Animal Leite (Mil litros)";"Marajó";"Melgaço";"-";"2020";42
"Economia";"Pecuária";"Produção de Origem Animal Leite (Mil litros)";"Marajó";"Melgaço";"-";"2021";43
"Economia";"Pecuária";"Produção de Origem Animal Leite (Mil litros)";"Marajó";"Melgaço";"-";"2022";35
"Economia";"Pecuária";"Produção de Origem Animal Leite (Mil litros)";"Marajó";"Melgaço";"-";"2023";38
"Economia";"Pecuária";"Produção de Origem Animal Leite (Mil litros)";"Tocantins";"Mocajuba";"-";"2008";70
"Economia";"Pecuária";"Produção de Origem Animal Leite (Mil litros)";"Tocantins";"Mocajuba";"-";"2009";73
"Economia";"Pecuária";"Produção de Origem Animal Leite (Mil litros)";"Tocantins";"Mocajuba";"-";"2010";77
"Economia";"Pecuária";"Produção de Origem Animal Leite (Mil litros)";"Tocantins";"Mocajuba";"-";"2011";81
"Economia";"Pecuária";"Produção de Origem Animal Leite (Mil litros)";"Tocantins";"Mocajuba";"-";"2012";70
"Economia";"Pecuária";"Produção de Origem Animal Leite (Mil litros)";"Tocantins";"Mocajuba";"-";"2013";72
"Economia";"Pecuária";"Produção de Origem Animal Leite (Mil litros)";"Tocantins";"Mocajuba";"-";"2014";74
"Economia";"Pecuária";"Produção de Origem Animal Leite (Mil litros)";"Tocantins";"Mocajuba";"-";"2015";73
"Economia";"Pecuária";"Produção de Origem Animal Leite (Mil litros)";"Tocantins";"Mocajuba";"-";"2016";73
"Economia";"Pecuária";"Produção de Origem Animal Leite (Mil litros)";"Tocantins";"Mocajuba";"-";"2017";65
"Economia";"Pecuária";"Produção de Origem Animal Leite (Mil litros)";"Tocantins";"Mocajuba";"-";"2018";66
"Economia";"Pecuária";"Produção de Origem Animal Leite (Mil litros)";"Tocantins";"Mocajuba";"-";"2019";67
"Economia";"Pecuária";"Produção de Origem Animal Leite (Mil litros)";"Tocantins";"Mocajuba";"-";"2020";66
"Economia";"Pecuária";"Produção de Origem Animal Leite (Mil litros)";"Tocantins";"Mocajuba";"-";"2021";60
"Economia";"Pecuária";"Produção de Origem Animal Leite (Mil litros)";"Tocantins";"Mocajuba";"-";"2022";61
"Economia";"Pecuária";"Produção de Origem Animal Leite (Mil litros)";"Tocantins";"Mocajuba";"-";"2023";62
"Economia";"Pecuária";"Produção de Origem Animal Leite (Mil litros)";"Tocantins";"Moju";"-";"2008";1053
"Economia";"Pecuária";"Produção de Origem Animal Leite (Mil litros)";"Tocantins";"Moju";"-";"2009";1094
"Economia";"Pecuária";"Produção de Origem Animal Leite (Mil litros)";"Tocantins";"Moju";"-";"2010";1013
"Economia";"Pecuária";"Produção de Origem Animal Leite (Mil litros)";"Tocantins";"Moju";"-";"2011";996
"Economia";"Pecuária";"Produção de Origem Animal Leite (Mil litros)";"Tocantins";"Moju";"-";"2012";450
"Economia";"Pecuária";"Produção de Origem Animal Leite (Mil litros)";"Tocantins";"Moju";"-";"2013";450
"Economia";"Pecuária";"Produção de Origem Animal Leite (Mil litros)";"Tocantins";"Moju";"-";"2014";440
"Economia";"Pecuária";"Produção de Origem Animal Leite (Mil litros)";"Tocantins";"Moju";"-";"2015";440
"Economia";"Pecuária";"Produção de Origem Animal Leite (Mil litros)";"Tocantins";"Moju";"-";"2016";405
"Economia";"Pecuária";"Produção de Origem Animal Leite (Mil litros)";"Tocantins";"Moju";"-";"2017";398
"Economia";"Pecuária";"Produção de Origem Animal Leite (Mil litros)";"Tocantins";"Moju";"-";"2018";400
"Economia";"Pecuária";"Produção de Origem Animal Leite (Mil litros)";"Tocantins";"Moju";"-";"2019";400
"Economia";"Pecuária";"Produção de Origem Animal Leite (Mil litros)";"Tocantins";"Moju";"-";"2020";405
"Economia";"Pecuária";"Produção de Origem Animal Leite (Mil litros)";"Tocantins";"Moju";"-";"2021";407
"Economia";"Pecuária";"Produção de Origem Animal Leite (Mil litros)";"Tocantins";"Moju";"-";"2022";408
"Economia";"Pecuária";"Produção de Origem Animal Leite (Mil litros)";"Tocantins";"Moju";"-";"2023";400
"Economia";"Pecuária";"Produção de Origem Animal Leite (Mil litros)";"Baixo Amazonas";"Mojuí dos campos";"-";"2008";0
"Economia";"Pecuária";"Produção de Origem Animal Leite (Mil litros)";"Baixo Amazonas";"Mojuí dos campos";"-";"2009";0
"Economia";"Pecuária";"Produção de Origem Animal Leite (Mil litros)";"Baixo Amazonas";"Mojuí dos campos";"-";"2010";0
"Economia";"Pecuária";"Produção de Origem Animal Leite (Mil litros)";"Baixo Amazonas";"Mojuí dos campos";"-";"2011";0
"Economia";"Pecuária";"Produção de Origem Animal Leite (Mil litros)";"Baixo Amazonas";"Mojuí dos campos";"-";"2012";0
"Economia";"Pecuária";"Produção de Origem Animal Leite (Mil litros)";"Baixo Amazonas";"Mojuí dos campos";"-";"2013";53
"Economia";"Pecuária";"Produção de Origem Animal Leite (Mil litros)";"Baixo Amazonas";"Mojuí dos campos";"-";"2014";103
"Economia";"Pecuária";"Produção de Origem Animal Leite (Mil litros)";"Baixo Amazonas";"Mojuí dos campos";"-";"2015";146
"Economia";"Pecuária";"Produção de Origem Animal Leite (Mil litros)";"Baixo Amazonas";"Mojuí dos campos";"-";"2016";149
"Economia";"Pecuária";"Produção de Origem Animal Leite (Mil litros)";"Baixo Amazonas";"Mojuí dos campos";"-";"2017";166
"Economia";"Pecuária";"Produção de Origem Animal Leite (Mil litros)";"Baixo Amazonas";"Mojuí dos campos";"-";"2018";195
"Economia";"Pecuária";"Produção de Origem Animal Leite (Mil litros)";"Baixo Amazonas";"Mojuí dos campos";"-";"2019";198
"Economia";"Pecuária";"Produção de Origem Animal Leite (Mil litros)";"Baixo Amazonas";"Mojuí dos campos";"-";"2020";223
"Economia";"Pecuária";"Produção de Origem Animal Leite (Mil litros)";"Baixo Amazonas";"Mojuí dos campos";"-";"2021";268
"Economia";"Pecuária";"Produção de Origem Animal Leite (Mil litros)";"Baixo Amazonas";"Mojuí dos campos";"-";"2022";294
"Economia";"Pecuária";"Produção de Origem Animal Leite (Mil litros)";"Baixo Amazonas";"Mojuí dos campos";"-";"2023";325
"Economia";"Pecuária";"Produção de Origem Animal Leite (Mil litros)";"Baixo Amazonas";"Monte Alegre";"-";"2008";2099
"Economia";"Pecuária";"Produção de Origem Animal Leite (Mil litros)";"Baixo Amazonas";"Monte Alegre";"-";"2009";2099
"Economia";"Pecuária";"Produção de Origem Animal Leite (Mil litros)";"Baixo Amazonas";"Monte Alegre";"-";"2010";1750
"Economia";"Pecuária";"Produção de Origem Animal Leite (Mil litros)";"Baixo Amazonas";"Monte Alegre";"-";"2011";1751
"Economia";"Pecuária";"Produção de Origem Animal Leite (Mil litros)";"Baixo Amazonas";"Monte Alegre";"-";"2012";2318
"Economia";"Pecuária";"Produção de Origem Animal Leite (Mil litros)";"Baixo Amazonas";"Monte Alegre";"-";"2013";2414
"Economia";"Pecuária";"Produção de Origem Animal Leite (Mil litros)";"Baixo Amazonas";"Monte Alegre";"-";"2014";2465
"Economia";"Pecuária";"Produção de Origem Animal Leite (Mil litros)";"Baixo Amazonas";"Monte Alegre";"-";"2015";2497
"Economia";"Pecuária";"Produção de Origem Animal Leite (Mil litros)";"Baixo Amazonas";"Monte Alegre";"-";"2016";2411
"Economia";"Pecuária";"Produção de Origem Animal Leite (Mil litros)";"Baixo Amazonas";"Monte Alegre";"-";"2017";2666
"Economia";"Pecuária";"Produção de Origem Animal Leite (Mil litros)";"Baixo Amazonas";"Monte Alegre";"-";"2018";2751
"Economia";"Pecuária";"Produção de Origem Animal Leite (Mil litros)";"Baixo Amazonas";"Monte Alegre";"-";"2019";2912
"Economia";"Pecuária";"Produção de Origem Animal Leite (Mil litros)";"Baixo Amazonas";"Monte Alegre";"-";"2020";2984
"Economia";"Pecuária";"Produção de Origem Animal Leite (Mil litros)";"Baixo Amazonas";"Monte Alegre";"-";"2021";3306
"Economia";"Pecuária";"Produção de Origem Animal Leite (Mil litros)";"Baixo Amazonas";"Monte Alegre";"-";"2022";3309
"Economia";"Pecuária";"Produção de Origem Animal Leite (Mil litros)";"Baixo Amazonas";"Monte Alegre";"-";"2023";3646
"Economia";"Pecuária";"Produção de Origem Animal Leite (Mil litros)";"Marajó";"Muaná";"-";"2008";549
"Economia";"Pecuária";"Produção de Origem Animal Leite (Mil litros)";"Marajó";"Muaná";"-";"2009";760
"Economia";"Pecuária";"Produção de Origem Animal Leite (Mil litros)";"Marajó";"Muaná";"-";"2010";535
"Economia";"Pecuária";"Produção de Origem Animal Leite (Mil litros)";"Marajó";"Muaná";"-";"2011";496
"Economia";"Pecuária";"Produção de Origem Animal Leite (Mil litros)";"Marajó";"Muaná";"-";"2012";284
"Economia";"Pecuária";"Produção de Origem Animal Leite (Mil litros)";"Marajó";"Muaná";"-";"2013";298
"Economia";"Pecuária";"Produção de Origem Animal Leite (Mil litros)";"Marajó";"Muaná";"-";"2014";279
"Economia";"Pecuária";"Produção de Origem Animal Leite (Mil litros)";"Marajó";"Muaná";"-";"2015";283
"Economia";"Pecuária";"Produção de Origem Animal Leite (Mil litros)";"Marajó";"Muaná";"-";"2016";256
"Economia";"Pecuária";"Produção de Origem Animal Leite (Mil litros)";"Marajó";"Muaná";"-";"2017";234
"Economia";"Pecuária";"Produção de Origem Animal Leite (Mil litros)";"Marajó";"Muaná";"-";"2018";189
"Economia";"Pecuária";"Produção de Origem Animal Leite (Mil litros)";"Marajó";"Muaná";"-";"2019";205
"Economia";"Pecuária";"Produção de Origem Animal Leite (Mil litros)";"Marajó";"Muaná";"-";"2020";189
"Economia";"Pecuária";"Produção de Origem Animal Leite (Mil litros)";"Marajó";"Muaná";"-";"2021";210
"Economia";"Pecuária";"Produção de Origem Animal Leite (Mil litros)";"Marajó";"Muaná";"-";"2022";230
"Economia";"Pecuária";"Produção de Origem Animal Leite (Mil litros)";"Marajó";"Muaná";"-";"2023";240
"Economia";"Pecuária";"Produção de Origem Animal Leite (Mil litros)";"Rio Capim";"Nova Esperança do Piriá";"-";"2008";214
"Economia";"Pecuária";"Produção de Origem Animal Leite (Mil litros)";"Rio Capim";"Nova Esperança do Piriá";"-";"2009";205
"Economia";"Pecuária";"Produção de Origem Animal Leite (Mil litros)";"Rio Capim";"Nova Esperança do Piriá";"-";"2010";171
"Economia";"Pecuária";"Produção de Origem Animal Leite (Mil litros)";"Rio Capim";"Nova Esperança do Piriá";"-";"2011";174
"Economia";"Pecuária";"Produção de Origem Animal Leite (Mil litros)";"Rio Capim";"Nova Esperança do Piriá";"-";"2012";187
"Economia";"Pecuária";"Produção de Origem Animal Leite (Mil litros)";"Rio Capim";"Nova Esperança do Piriá";"-";"2013";193
"Economia";"Pecuária";"Produção de Origem Animal Leite (Mil litros)";"Rio Capim";"Nova Esperança do Piriá";"-";"2014";201
"Economia";"Pecuária";"Produção de Origem Animal Leite (Mil litros)";"Rio Capim";"Nova Esperança do Piriá";"-";"2015";210
"Economia";"Pecuária";"Produção de Origem Animal Leite (Mil litros)";"Rio Capim";"Nova Esperança do Piriá";"-";"2016";170
"Economia";"Pecuária";"Produção de Origem Animal Leite (Mil litros)";"Rio Capim";"Nova Esperança do Piriá";"-";"2017";120
"Economia";"Pecuária";"Produção de Origem Animal Leite (Mil litros)";"Rio Capim";"Nova Esperança do Piriá";"-";"2018";98
"Economia";"Pecuária";"Produção de Origem Animal Leite (Mil litros)";"Rio Capim";"Nova Esperança do Piriá";"-";"2019";350
"Economia";"Pecuária";"Produção de Origem Animal Leite (Mil litros)";"Rio Capim";"Nova Esperança do Piriá";"-";"2020";356
"Economia";"Pecuária";"Produção de Origem Animal Leite (Mil litros)";"Rio Capim";"Nova Esperança do Piriá";"-";"2021";425
"Economia";"Pecuária";"Produção de Origem Animal Leite (Mil litros)";"Rio Capim";"Nova Esperança do Piriá";"-";"2022";450
"Economia";"Pecuária";"Produção de Origem Animal Leite (Mil litros)";"Rio Capim";"Nova Esperança do Piriá";"-";"2023";441
"Economia";"Pecuária";"Produção de Origem Animal Leite (Mil litros)";"Lago de Tucuruí";"Nova Ipixuna";"-";"2008";3690
"Economia";"Pecuária";"Produção de Origem Animal Leite (Mil litros)";"Lago de Tucuruí";"Nova Ipixuna";"-";"2009";3880
"Economia";"Pecuária";"Produção de Origem Animal Leite (Mil litros)";"Lago de Tucuruí";"Nova Ipixuna";"-";"2010";4074
"Economia";"Pecuária";"Produção de Origem Animal Leite (Mil litros)";"Lago de Tucuruí";"Nova Ipixuna";"-";"2011";4315
"Economia";"Pecuária";"Produção de Origem Animal Leite (Mil litros)";"Lago de Tucuruí";"Nova Ipixuna";"-";"2012";3680
"Economia";"Pecuária";"Produção de Origem Animal Leite (Mil litros)";"Lago de Tucuruí";"Nova Ipixuna";"-";"2013";3840
"Economia";"Pecuária";"Produção de Origem Animal Leite (Mil litros)";"Lago de Tucuruí";"Nova Ipixuna";"-";"2014";4080
"Economia";"Pecuária";"Produção de Origem Animal Leite (Mil litros)";"Lago de Tucuruí";"Nova Ipixuna";"-";"2015";4320
"Economia";"Pecuária";"Produção de Origem Animal Leite (Mil litros)";"Lago de Tucuruí";"Nova Ipixuna";"-";"2016";4860
"Economia";"Pecuária";"Produção de Origem Animal Leite (Mil litros)";"Lago de Tucuruí";"Nova Ipixuna";"-";"2017";5060
"Economia";"Pecuária";"Produção de Origem Animal Leite (Mil litros)";"Lago de Tucuruí";"Nova Ipixuna";"-";"2018";5390
"Economia";"Pecuária";"Produção de Origem Animal Leite (Mil litros)";"Lago de Tucuruí";"Nova Ipixuna";"-";"2019";5900
"Economia";"Pecuária";"Produção de Origem Animal Leite (Mil litros)";"Lago de Tucuruí";"Nova Ipixuna";"-";"2020";6490
"Economia";"Pecuária";"Produção de Origem Animal Leite (Mil litros)";"Lago de Tucuruí";"Nova Ipixuna";"-";"2021";6780
"Economia";"Pecuária";"Produção de Origem Animal Leite (Mil litros)";"Lago de Tucuruí";"Nova Ipixuna";"-";"2022";6578
"Economia";"Pecuária";"Produção de Origem Animal Leite (Mil litros)";"Lago de Tucuruí";"Nova Ipixuna";"-";"2023";6506
"Economia";"Pecuária";"Produção de Origem Animal Leite (Mil litros)";"Rio Caeté";"Nova Timboteua";"-";"2008";373
"Economia";"Pecuária";"Produção de Origem Animal Leite (Mil litros)";"Rio Caeté";"Nova Timboteua";"-";"2009";343
"Economia";"Pecuária";"Produção de Origem Animal Leite (Mil litros)";"Rio Caeté";"Nova Timboteua";"-";"2010";343
"Economia";"Pecuária";"Produção de Origem Animal Leite (Mil litros)";"Rio Caeté";"Nova Timboteua";"-";"2011";361
"Economia";"Pecuária";"Produção de Origem Animal Leite (Mil litros)";"Rio Caeté";"Nova Timboteua";"-";"2012";338
"Economia";"Pecuária";"Produção de Origem Animal Leite (Mil litros)";"Rio Caeté";"Nova Timboteua";"-";"2013";308
"Economia";"Pecuária";"Produção de Origem Animal Leite (Mil litros)";"Rio Caeté";"Nova Timboteua";"-";"2014";279
"Economia";"Pecuária";"Produção de Origem Animal Leite (Mil litros)";"Rio Caeté";"Nova Timboteua";"-";"2015";281
"Economia";"Pecuária";"Produção de Origem Animal Leite (Mil litros)";"Rio Caeté";"Nova Timboteua";"-";"2016";197
"Economia";"Pecuária";"Produção de Origem Animal Leite (Mil litros)";"Rio Caeté";"Nova Timboteua";"-";"2017";180
"Economia";"Pecuária";"Produção de Origem Animal Leite (Mil litros)";"Rio Caeté";"Nova Timboteua";"-";"2018";165
"Economia";"Pecuária";"Produção de Origem Animal Leite (Mil litros)";"Rio Caeté";"Nova Timboteua";"-";"2019";162
"Economia";"Pecuária";"Produção de Origem Animal Leite (Mil litros)";"Rio Caeté";"Nova Timboteua";"-";"2020";161
"Economia";"Pecuária";"Produção de Origem Animal Leite (Mil litros)";"Rio Caeté";"Nova Timboteua";"-";"2021";178
"Economia";"Pecuária";"Produção de Origem Animal Leite (Mil litros)";"Rio Caeté";"Nova Timboteua";"-";"2022";191
"Economia";"Pecuária";"Produção de Origem Animal Leite (Mil litros)";"Rio Caeté";"Nova Timboteua";"-";"2023";174
"Economia";"Pecuária";"Produção de Origem Animal Leite (Mil litros)";"Tapajós";"Novo Progresso";"-";"2008";6585
"Economia";"Pecuária";"Produção de Origem Animal Leite (Mil litros)";"Tapajós";"Novo Progresso";"-";"2009";3216
"Economia";"Pecuária";"Produção de Origem Animal Leite (Mil litros)";"Tapajós";"Novo Progresso";"-";"2010";2054
"Economia";"Pecuária";"Produção de Origem Animal Leite (Mil litros)";"Tapajós";"Novo Progresso";"-";"2011";2100
"Economia";"Pecuária";"Produção de Origem Animal Leite (Mil litros)";"Tapajós";"Novo Progresso";"-";"2012";2198
"Economia";"Pecuária";"Produção de Origem Animal Leite (Mil litros)";"Tapajós";"Novo Progresso";"-";"2013";2370
"Economia";"Pecuária";"Produção de Origem Animal Leite (Mil litros)";"Tapajós";"Novo Progresso";"-";"2014";2391
"Economia";"Pecuária";"Produção de Origem Animal Leite (Mil litros)";"Tapajós";"Novo Progresso";"-";"2015";2297
"Economia";"Pecuária";"Produção de Origem Animal Leite (Mil litros)";"Tapajós";"Novo Progresso";"-";"2016";2346
"Economia";"Pecuária";"Produção de Origem Animal Leite (Mil litros)";"Tapajós";"Novo Progresso";"-";"2017";2502
"Economia";"Pecuária";"Produção de Origem Animal Leite (Mil litros)";"Tapajós";"Novo Progresso";"-";"2018";2509
"Economia";"Pecuária";"Produção de Origem Animal Leite (Mil litros)";"Tapajós";"Novo Progresso";"-";"2019";2538
"Economia";"Pecuária";"Produção de Origem Animal Leite (Mil litros)";"Tapajós";"Novo Progresso";"-";"2020";2564
"Economia";"Pecuária";"Produção de Origem Animal Leite (Mil litros)";"Tapajós";"Novo Progresso";"-";"2021";2589
"Economia";"Pecuária";"Produção de Origem Animal Leite (Mil litros)";"Tapajós";"Novo Progresso";"-";"2022";2100
"Economia";"Pecuária";"Produção de Origem Animal Leite (Mil litros)";"Tapajós";"Novo Progresso";"-";"2023";2300
"Economia";"Pecuária";"Produção de Origem Animal Leite (Mil litros)";"Lago de Tucuruí";"Novo Repartimento";"-";"2008";23247
"Economia";"Pecuária";"Produção de Origem Animal Leite (Mil litros)";"Lago de Tucuruí";"Novo Repartimento";"-";"2009";24409
"Economia";"Pecuária";"Produção de Origem Animal Leite (Mil litros)";"Lago de Tucuruí";"Novo Repartimento";"-";"2010";25630
"Economia";"Pecuária";"Produção de Origem Animal Leite (Mil litros)";"Lago de Tucuruí";"Novo Repartimento";"-";"2011";26911
"Economia";"Pecuária";"Produção de Origem Animal Leite (Mil litros)";"Lago de Tucuruí";"Novo Repartimento";"-";"2012";20416
"Economia";"Pecuária";"Produção de Origem Animal Leite (Mil litros)";"Lago de Tucuruí";"Novo Repartimento";"-";"2013";13445
"Economia";"Pecuária";"Produção de Origem Animal Leite (Mil litros)";"Lago de Tucuruí";"Novo Repartimento";"-";"2014";11629
"Economia";"Pecuária";"Produção de Origem Animal Leite (Mil litros)";"Lago de Tucuruí";"Novo Repartimento";"-";"2015";9367
"Economia";"Pecuária";"Produção de Origem Animal Leite (Mil litros)";"Lago de Tucuruí";"Novo Repartimento";"-";"2016";7990
"Economia";"Pecuária";"Produção de Origem Animal Leite (Mil litros)";"Lago de Tucuruí";"Novo Repartimento";"-";"2017";9281
"Economia";"Pecuária";"Produção de Origem Animal Leite (Mil litros)";"Lago de Tucuruí";"Novo Repartimento";"-";"2018";20000
"Economia";"Pecuária";"Produção de Origem Animal Leite (Mil litros)";"Lago de Tucuruí";"Novo Repartimento";"-";"2019";17248
"Economia";"Pecuária";"Produção de Origem Animal Leite (Mil litros)";"Lago de Tucuruí";"Novo Repartimento";"-";"2020";14377
"Economia";"Pecuária";"Produção de Origem Animal Leite (Mil litros)";"Lago de Tucuruí";"Novo Repartimento";"-";"2021";19409
"Economia";"Pecuária";"Produção de Origem Animal Leite (Mil litros)";"Lago de Tucuruí";"Novo Repartimento";"-";"2022";13951
"Economia";"Pecuária";"Produção de Origem Animal Leite (Mil litros)";"Lago de Tucuruí";"Novo Repartimento";"-";"2023";16680
"Economia";"Pecuária";"Produção de Origem Animal Leite (Mil litros)";"Baixo Amazonas";"Óbidos";"-";"2008";5331
"Economia";"Pecuária";"Produção de Origem Animal Leite (Mil litros)";"Baixo Amazonas";"Óbidos";"-";"2009";6220
"Economia";"Pecuária";"Produção de Origem Animal Leite (Mil litros)";"Baixo Amazonas";"Óbidos";"-";"2010";6905
"Economia";"Pecuária";"Produção de Origem Animal Leite (Mil litros)";"Baixo Amazonas";"Óbidos";"-";"2011";7555
"Economia";"Pecuária";"Produção de Origem Animal Leite (Mil litros)";"Baixo Amazonas";"Óbidos";"-";"2012";7582
"Economia";"Pecuária";"Produção de Origem Animal Leite (Mil litros)";"Baixo Amazonas";"Óbidos";"-";"2013";7472
"Economia";"Pecuária";"Produção de Origem Animal Leite (Mil litros)";"Baixo Amazonas";"Óbidos";"-";"2014";7622
"Economia";"Pecuária";"Produção de Origem Animal Leite (Mil litros)";"Baixo Amazonas";"Óbidos";"-";"2015";8153
"Economia";"Pecuária";"Produção de Origem Animal Leite (Mil litros)";"Baixo Amazonas";"Óbidos";"-";"2016";8738
"Economia";"Pecuária";"Produção de Origem Animal Leite (Mil litros)";"Baixo Amazonas";"Óbidos";"-";"2017";10226
"Economia";"Pecuária";"Produção de Origem Animal Leite (Mil litros)";"Baixo Amazonas";"Óbidos";"-";"2018";10199
"Economia";"Pecuária";"Produção de Origem Animal Leite (Mil litros)";"Baixo Amazonas";"Óbidos";"-";"2019";12362
"Economia";"Pecuária";"Produção de Origem Animal Leite (Mil litros)";"Baixo Amazonas";"Óbidos";"-";"2020";12592
"Economia";"Pecuária";"Produção de Origem Animal Leite (Mil litros)";"Baixo Amazonas";"Óbidos";"-";"2021";6500
"Economia";"Pecuária";"Produção de Origem Animal Leite (Mil litros)";"Baixo Amazonas";"Óbidos";"-";"2022";15884
"Economia";"Pecuária";"Produção de Origem Animal Leite (Mil litros)";"Baixo Amazonas";"Óbidos";"-";"2023";16140
"Economia";"Pecuária";"Produção de Origem Animal Leite (Mil litros)";"Marajó";"Oeiras do Pará";"-";"2008";13
"Economia";"Pecuária";"Produção de Origem Animal Leite (Mil litros)";"Marajó";"Oeiras do Pará";"-";"2009";13
"Economia";"Pecuária";"Produção de Origem Animal Leite (Mil litros)";"Marajó";"Oeiras do Pará";"-";"2010";14
"Economia";"Pecuária";"Produção de Origem Animal Leite (Mil litros)";"Marajó";"Oeiras do Pará";"-";"2011";15
"Economia";"Pecuária";"Produção de Origem Animal Leite (Mil litros)";"Marajó";"Oeiras do Pará";"-";"2012";18
"Economia";"Pecuária";"Produção de Origem Animal Leite (Mil litros)";"Marajó";"Oeiras do Pará";"-";"2013";19
"Economia";"Pecuária";"Produção de Origem Animal Leite (Mil litros)";"Marajó";"Oeiras do Pará";"-";"2014";19
"Economia";"Pecuária";"Produção de Origem Animal Leite (Mil litros)";"Marajó";"Oeiras do Pará";"-";"2015";20
"Economia";"Pecuária";"Produção de Origem Animal Leite (Mil litros)";"Marajó";"Oeiras do Pará";"-";"2016";20
"Economia";"Pecuária";"Produção de Origem Animal Leite (Mil litros)";"Marajó";"Oeiras do Pará";"-";"2017";21
"Economia";"Pecuária";"Produção de Origem Animal Leite (Mil litros)";"Marajó";"Oeiras do Pará";"-";"2018";20
"Economia";"Pecuária";"Produção de Origem Animal Leite (Mil litros)";"Marajó";"Oeiras do Pará";"-";"2019";21
"Economia";"Pecuária";"Produção de Origem Animal Leite (Mil litros)";"Marajó";"Oeiras do Pará";"-";"2020";21
"Economia";"Pecuária";"Produção de Origem Animal Leite (Mil litros)";"Marajó";"Oeiras do Pará";"-";"2021";22
"Economia";"Pecuária";"Produção de Origem Animal Leite (Mil litros)";"Marajó";"Oeiras do Pará";"-";"2022";22
"Economia";"Pecuária";"Produção de Origem Animal Leite (Mil litros)";"Marajó";"Oeiras do Pará";"-";"2023";22
"Economia";"Pecuária";"Produção de Origem Animal Leite (Mil litros)";"Baixo Amazonas";"Oriximiná";"-";"2008";4932
"Economia";"Pecuária";"Produção de Origem Animal Leite (Mil litros)";"Baixo Amazonas";"Oriximiná";"-";"2009";5286
"Economia";"Pecuária";"Produção de Origem Animal Leite (Mil litros)";"Baixo Amazonas";"Oriximiná";"-";"2010";8069
"Economia";"Pecuária";"Produção de Origem Animal Leite (Mil litros)";"Baixo Amazonas";"Oriximiná";"-";"2011";8799
"Economia";"Pecuária";"Produção de Origem Animal Leite (Mil litros)";"Baixo Amazonas";"Oriximiná";"-";"2012";10372
"Economia";"Pecuária";"Produção de Origem Animal Leite (Mil litros)";"Baixo Amazonas";"Oriximiná";"-";"2013";11206
"Economia";"Pecuária";"Produção de Origem Animal Leite (Mil litros)";"Baixo Amazonas";"Oriximiná";"-";"2014";9882
"Economia";"Pecuária";"Produção de Origem Animal Leite (Mil litros)";"Baixo Amazonas";"Oriximiná";"-";"2015";11117
"Economia";"Pecuária";"Produção de Origem Animal Leite (Mil litros)";"Baixo Amazonas";"Oriximiná";"-";"2016";12504
"Economia";"Pecuária";"Produção de Origem Animal Leite (Mil litros)";"Baixo Amazonas";"Oriximiná";"-";"2017";14097
"Economia";"Pecuária";"Produção de Origem Animal Leite (Mil litros)";"Baixo Amazonas";"Oriximiná";"-";"2018";12046
"Economia";"Pecuária";"Produção de Origem Animal Leite (Mil litros)";"Baixo Amazonas";"Oriximiná";"-";"2019";10811
"Economia";"Pecuária";"Produção de Origem Animal Leite (Mil litros)";"Baixo Amazonas";"Oriximiná";"-";"2020";11865
"Economia";"Pecuária";"Produção de Origem Animal Leite (Mil litros)";"Baixo Amazonas";"Oriximiná";"-";"2021";5916
"Economia";"Pecuária";"Produção de Origem Animal Leite (Mil litros)";"Baixo Amazonas";"Oriximiná";"-";"2022";15005
"Economia";"Pecuária";"Produção de Origem Animal Leite (Mil litros)";"Baixo Amazonas";"Oriximiná";"-";"2023";16595
"Economia";"Pecuária";"Produção de Origem Animal Leite (Mil litros)";"Rio Capim";"Ourém";"-";"2008";124
"Economia";"Pecuária";"Produção de Origem Animal Leite (Mil litros)";"Rio Capim";"Ourém";"-";"2009";100
"Economia";"Pecuária";"Produção de Origem Animal Leite (Mil litros)";"Rio Capim";"Ourém";"-";"2010";89
"Economia";"Pecuária";"Produção de Origem Animal Leite (Mil litros)";"Rio Capim";"Ourém";"-";"2011";92
"Economia";"Pecuária";"Produção de Origem Animal Leite (Mil litros)";"Rio Capim";"Ourém";"-";"2012";94
"Economia";"Pecuária";"Produção de Origem Animal Leite (Mil litros)";"Rio Capim";"Ourém";"-";"2013";95
"Economia";"Pecuária";"Produção de Origem Animal Leite (Mil litros)";"Rio Capim";"Ourém";"-";"2014";110
"Economia";"Pecuária";"Produção de Origem Animal Leite (Mil litros)";"Rio Capim";"Ourém";"-";"2015";112
"Economia";"Pecuária";"Produção de Origem Animal Leite (Mil litros)";"Rio Capim";"Ourém";"-";"2016";12
"Economia";"Pecuária";"Produção de Origem Animal Leite (Mil litros)";"Rio Capim";"Ourém";"-";"2017";178
"Economia";"Pecuária";"Produção de Origem Animal Leite (Mil litros)";"Rio Capim";"Ourém";"-";"2018";160
"Economia";"Pecuária";"Produção de Origem Animal Leite (Mil litros)";"Rio Capim";"Ourém";"-";"2019";154
"Economia";"Pecuária";"Produção de Origem Animal Leite (Mil litros)";"Rio Capim";"Ourém";"-";"2020";152
"Economia";"Pecuária";"Produção de Origem Animal Leite (Mil litros)";"Rio Capim";"Ourém";"-";"2021";164
"Economia";"Pecuária";"Produção de Origem Animal Leite (Mil litros)";"Rio Capim";"Ourém";"-";"2022";177
"Economia";"Pecuária";"Produção de Origem Animal Leite (Mil litros)";"Rio Capim";"Ourém";"-";"2023";165
"Economia";"Pecuária";"Produção de Origem Animal Leite (Mil litros)";"Araguaia";"Ourilândia do Norte";"-";"2008";16245
"Economia";"Pecuária";"Produção de Origem Animal Leite (Mil litros)";"Araguaia";"Ourilândia do Norte";"-";"2009";12084
"Economia";"Pecuária";"Produção de Origem Animal Leite (Mil litros)";"Araguaia";"Ourilândia do Norte";"-";"2010";12052
"Economia";"Pecuária";"Produção de Origem Animal Leite (Mil litros)";"Araguaia";"Ourilândia do Norte";"-";"2011";11669
"Economia";"Pecuária";"Produção de Origem Animal Leite (Mil litros)";"Araguaia";"Ourilândia do Norte";"-";"2012";12253
"Economia";"Pecuária";"Produção de Origem Animal Leite (Mil litros)";"Araguaia";"Ourilândia do Norte";"-";"2013";12100
"Economia";"Pecuária";"Produção de Origem Animal Leite (Mil litros)";"Araguaia";"Ourilândia do Norte";"-";"2014";12381
"Economia";"Pecuária";"Produção de Origem Animal Leite (Mil litros)";"Araguaia";"Ourilândia do Norte";"-";"2015";16209
"Economia";"Pecuária";"Produção de Origem Animal Leite (Mil litros)";"Araguaia";"Ourilândia do Norte";"-";"2016";16255
"Economia";"Pecuária";"Produção de Origem Animal Leite (Mil litros)";"Araguaia";"Ourilândia do Norte";"-";"2017";18752
"Economia";"Pecuária";"Produção de Origem Animal Leite (Mil litros)";"Araguaia";"Ourilândia do Norte";"-";"2018";17673
"Economia";"Pecuária";"Produção de Origem Animal Leite (Mil litros)";"Araguaia";"Ourilândia do Norte";"-";"2019";10704
"Economia";"Pecuária";"Produção de Origem Animal Leite (Mil litros)";"Araguaia";"Ourilândia do Norte";"-";"2020";11026
"Economia";"Pecuária";"Produção de Origem Animal Leite (Mil litros)";"Araguaia";"Ourilândia do Norte";"-";"2021";12206
"Economia";"Pecuária";"Produção de Origem Animal Leite (Mil litros)";"Araguaia";"Ourilândia do Norte";"-";"2022";11291
"Economia";"Pecuária";"Produção de Origem Animal Leite (Mil litros)";"Araguaia";"Ourilândia do Norte";"-";"2023";9450
"Economia";"Pecuária";"Produção de Origem Animal Leite (Mil litros)";"Xingu";"Pacajá";"-";"2008";13227
"Economia";"Pecuária";"Produção de Origem Animal Leite (Mil litros)";"Xingu";"Pacajá";"-";"2009";14522
"Economia";"Pecuária";"Produção de Origem Animal Leite (Mil litros)";"Xingu";"Pacajá";"-";"2010";13868
"Economia";"Pecuária";"Produção de Origem Animal Leite (Mil litros)";"Xingu";"Pacajá";"-";"2011";13760
"Economia";"Pecuária";"Produção de Origem Animal Leite (Mil litros)";"Xingu";"Pacajá";"-";"2012";14065
"Economia";"Pecuária";"Produção de Origem Animal Leite (Mil litros)";"Xingu";"Pacajá";"-";"2013";15743
"Economia";"Pecuária";"Produção de Origem Animal Leite (Mil litros)";"Xingu";"Pacajá";"-";"2014";13143
"Economia";"Pecuária";"Produção de Origem Animal Leite (Mil litros)";"Xingu";"Pacajá";"-";"2015";13950
"Economia";"Pecuária";"Produção de Origem Animal Leite (Mil litros)";"Xingu";"Pacajá";"-";"2016";12640
"Economia";"Pecuária";"Produção de Origem Animal Leite (Mil litros)";"Xingu";"Pacajá";"-";"2017";16800
"Economia";"Pecuária";"Produção de Origem Animal Leite (Mil litros)";"Xingu";"Pacajá";"-";"2018";16213
"Economia";"Pecuária";"Produção de Origem Animal Leite (Mil litros)";"Xingu";"Pacajá";"-";"2019";14627
"Economia";"Pecuária";"Produção de Origem Animal Leite (Mil litros)";"Xingu";"Pacajá";"-";"2020";19420
"Economia";"Pecuária";"Produção de Origem Animal Leite (Mil litros)";"Xingu";"Pacajá";"-";"2021";19013
"Economia";"Pecuária";"Produção de Origem Animal Leite (Mil litros)";"Xingu";"Pacajá";"-";"2022";17577
"Economia";"Pecuária";"Produção de Origem Animal Leite (Mil litros)";"Xingu";"Pacajá";"-";"2023";15112
"Economia";"Pecuária";"Produção de Origem Animal Leite (Mil litros)";"Carajás";"Palestina do Pará";"-";"2008";1950
"Economia";"Pecuária";"Produção de Origem Animal Leite (Mil litros)";"Carajás";"Palestina do Pará";"-";"2009";1596
"Economia";"Pecuária";"Produção de Origem Animal Leite (Mil litros)";"Carajás";"Palestina do Pará";"-";"2010";1722
"Economia";"Pecuária";"Produção de Origem Animal Leite (Mil litros)";"Carajás";"Palestina do Pará";"-";"2011";1890
"Economia";"Pecuária";"Produção de Origem Animal Leite (Mil litros)";"Carajás";"Palestina do Pará";"-";"2012";1620
"Economia";"Pecuária";"Produção de Origem Animal Leite (Mil litros)";"Carajás";"Palestina do Pará";"-";"2013";1440
"Economia";"Pecuária";"Produção de Origem Animal Leite (Mil litros)";"Carajás";"Palestina do Pará";"-";"2014";2100
"Economia";"Pecuária";"Produção de Origem Animal Leite (Mil litros)";"Carajás";"Palestina do Pará";"-";"2015";2289
"Economia";"Pecuária";"Produção de Origem Animal Leite (Mil litros)";"Carajás";"Palestina do Pará";"-";"2016";2600
"Economia";"Pecuária";"Produção de Origem Animal Leite (Mil litros)";"Carajás";"Palestina do Pará";"-";"2017";1631
"Economia";"Pecuária";"Produção de Origem Animal Leite (Mil litros)";"Carajás";"Palestina do Pará";"-";"2018";1400
"Economia";"Pecuária";"Produção de Origem Animal Leite (Mil litros)";"Carajás";"Palestina do Pará";"-";"2019";2968
"Economia";"Pecuária";"Produção de Origem Animal Leite (Mil litros)";"Carajás";"Palestina do Pará";"-";"2020";3325
"Economia";"Pecuária";"Produção de Origem Animal Leite (Mil litros)";"Carajás";"Palestina do Pará";"-";"2021";3487
"Economia";"Pecuária";"Produção de Origem Animal Leite (Mil litros)";"Carajás";"Palestina do Pará";"-";"2022";3484
"Economia";"Pecuária";"Produção de Origem Animal Leite (Mil litros)";"Carajás";"Palestina do Pará";"-";"2023";3460
"Economia";"Pecuária";"Produção de Origem Animal Leite (Mil litros)";"Rio Capim";"Paragominas";"-";"2008";20115
"Economia";"Pecuária";"Produção de Origem Animal Leite (Mil litros)";"Rio Capim";"Paragominas";"-";"2009";18212
"Economia";"Pecuária";"Produção de Origem Animal Leite (Mil litros)";"Rio Capim";"Paragominas";"-";"2010";17865
"Economia";"Pecuária";"Produção de Origem Animal Leite (Mil litros)";"Rio Capim";"Paragominas";"-";"2011";19588
"Economia";"Pecuária";"Produção de Origem Animal Leite (Mil litros)";"Rio Capim";"Paragominas";"-";"2012";17713
"Economia";"Pecuária";"Produção de Origem Animal Leite (Mil litros)";"Rio Capim";"Paragominas";"-";"2013";20167
"Economia";"Pecuária";"Produção de Origem Animal Leite (Mil litros)";"Rio Capim";"Paragominas";"-";"2014";22500
"Economia";"Pecuária";"Produção de Origem Animal Leite (Mil litros)";"Rio Capim";"Paragominas";"-";"2015";18761
"Economia";"Pecuária";"Produção de Origem Animal Leite (Mil litros)";"Rio Capim";"Paragominas";"-";"2016";20500
"Economia";"Pecuária";"Produção de Origem Animal Leite (Mil litros)";"Rio Capim";"Paragominas";"-";"2017";19930
"Economia";"Pecuária";"Produção de Origem Animal Leite (Mil litros)";"Rio Capim";"Paragominas";"-";"2018";15984
"Economia";"Pecuária";"Produção de Origem Animal Leite (Mil litros)";"Rio Capim";"Paragominas";"-";"2019";16032
"Economia";"Pecuária";"Produção de Origem Animal Leite (Mil litros)";"Rio Capim";"Paragominas";"-";"2020";17469
"Economia";"Pecuária";"Produção de Origem Animal Leite (Mil litros)";"Rio Capim";"Paragominas";"-";"2021";17899
"Economia";"Pecuária";"Produção de Origem Animal Leite (Mil litros)";"Rio Capim";"Paragominas";"-";"2022";17541
"Economia";"Pecuária";"Produção de Origem Animal Leite (Mil litros)";"Rio Capim";"Paragominas";"-";"2023";14751
"Economia";"Pecuária";"Produção de Origem Animal Leite (Mil litros)";"Carajás";"Parauapebas";"-";"2008";6210
"Economia";"Pecuária";"Produção de Origem Animal Leite (Mil litros)";"Carajás";"Parauapebas";"-";"2009";6900
"Economia";"Pecuária";"Produção de Origem Animal Leite (Mil litros)";"Carajás";"Parauapebas";"-";"2010";5814
"Economia";"Pecuária";"Produção de Origem Animal Leite (Mil litros)";"Carajás";"Parauapebas";"-";"2011";5900
"Economia";"Pecuária";"Produção de Origem Animal Leite (Mil litros)";"Carajás";"Parauapebas";"-";"2012";5290
"Economia";"Pecuária";"Produção de Origem Animal Leite (Mil litros)";"Carajás";"Parauapebas";"-";"2013";4922
"Economia";"Pecuária";"Produção de Origem Animal Leite (Mil litros)";"Carajás";"Parauapebas";"-";"2014";4100
"Economia";"Pecuária";"Produção de Origem Animal Leite (Mil litros)";"Carajás";"Parauapebas";"-";"2015";3901
"Economia";"Pecuária";"Produção de Origem Animal Leite (Mil litros)";"Carajás";"Parauapebas";"-";"2016";3990
"Economia";"Pecuária";"Produção de Origem Animal Leite (Mil litros)";"Carajás";"Parauapebas";"-";"2017";4450
"Economia";"Pecuária";"Produção de Origem Animal Leite (Mil litros)";"Carajás";"Parauapebas";"-";"2018";4480
"Economia";"Pecuária";"Produção de Origem Animal Leite (Mil litros)";"Carajás";"Parauapebas";"-";"2019";5300
"Economia";"Pecuária";"Produção de Origem Animal Leite (Mil litros)";"Carajás";"Parauapebas";"-";"2020";5493
"Economia";"Pecuária";"Produção de Origem Animal Leite (Mil litros)";"Carajás";"Parauapebas";"-";"2021";5974
"Economia";"Pecuária";"Produção de Origem Animal Leite (Mil litros)";"Carajás";"Parauapebas";"-";"2022";5969
"Economia";"Pecuária";"Produção de Origem Animal Leite (Mil litros)";"Carajás";"Parauapebas";"-";"2023";5862
"Economia";"Pecuária";"Produção de Origem Animal Leite (Mil litros)";"Araguaia";"Pau D'Arco";"-";"2008";1228
"Economia";"Pecuária";"Produção de Origem Animal Leite (Mil litros)";"Araguaia";"Pau D'Arco";"-";"2009";1410
"Economia";"Pecuária";"Produção de Origem Animal Leite (Mil litros)";"Araguaia";"Pau D'Arco";"-";"2010";1357
"Economia";"Pecuária";"Produção de Origem Animal Leite (Mil litros)";"Araguaia";"Pau D'Arco";"-";"2011";1371
"Economia";"Pecuária";"Produção de Origem Animal Leite (Mil litros)";"Araguaia";"Pau D'Arco";"-";"2012";1195
"Economia";"Pecuária";"Produção de Origem Animal Leite (Mil litros)";"Araguaia";"Pau D'Arco";"-";"2013";1288
"Economia";"Pecuária";"Produção de Origem Animal Leite (Mil litros)";"Araguaia";"Pau D'Arco";"-";"2014";1396
"Economia";"Pecuária";"Produção de Origem Animal Leite (Mil litros)";"Araguaia";"Pau D'Arco";"-";"2015";2155
"Economia";"Pecuária";"Produção de Origem Animal Leite (Mil litros)";"Araguaia";"Pau D'Arco";"-";"2016";1881
"Economia";"Pecuária";"Produção de Origem Animal Leite (Mil litros)";"Araguaia";"Pau D'Arco";"-";"2017";2325
"Economia";"Pecuária";"Produção de Origem Animal Leite (Mil litros)";"Araguaia";"Pau D'Arco";"-";"2018";2530
"Economia";"Pecuária";"Produção de Origem Animal Leite (Mil litros)";"Araguaia";"Pau D'Arco";"-";"2019";2066
"Economia";"Pecuária";"Produção de Origem Animal Leite (Mil litros)";"Araguaia";"Pau D'Arco";"-";"2020";1090
"Economia";"Pecuária";"Produção de Origem Animal Leite (Mil litros)";"Araguaia";"Pau D'Arco";"-";"2021";985
"Economia";"Pecuária";"Produção de Origem Animal Leite (Mil litros)";"Araguaia";"Pau D'Arco";"-";"2022";965
"Economia";"Pecuária";"Produção de Origem Animal Leite (Mil litros)";"Araguaia";"Pau D'Arco";"-";"2023";1149
"Economia";"Pecuária";"Produção de Origem Animal Leite (Mil litros)";"Rio Caeté";"Peixe-Boi";"-";"2008";224
"Economia";"Pecuária";"Produção de Origem Animal Leite (Mil litros)";"Rio Caeté";"Peixe-Boi";"-";"2009";233
"Economia";"Pecuária";"Produção de Origem Animal Leite (Mil litros)";"Rio Caeté";"Peixe-Boi";"-";"2010";222
"Economia";"Pecuária";"Produção de Origem Animal Leite (Mil litros)";"Rio Caeté";"Peixe-Boi";"-";"2011";231
"Economia";"Pecuária";"Produção de Origem Animal Leite (Mil litros)";"Rio Caeté";"Peixe-Boi";"-";"2012";234
"Economia";"Pecuária";"Produção de Origem Animal Leite (Mil litros)";"Rio Caeté";"Peixe-Boi";"-";"2013";239
"Economia";"Pecuária";"Produção de Origem Animal Leite (Mil litros)";"Rio Caeté";"Peixe-Boi";"-";"2014";233
"Economia";"Pecuária";"Produção de Origem Animal Leite (Mil litros)";"Rio Caeté";"Peixe-Boi";"-";"2015";234
"Economia";"Pecuária";"Produção de Origem Animal Leite (Mil litros)";"Rio Caeté";"Peixe-Boi";"-";"2016";188
"Economia";"Pecuária";"Produção de Origem Animal Leite (Mil litros)";"Rio Caeté";"Peixe-Boi";"-";"2017";150
"Economia";"Pecuária";"Produção de Origem Animal Leite (Mil litros)";"Rio Caeté";"Peixe-Boi";"-";"2018";70
"Economia";"Pecuária";"Produção de Origem Animal Leite (Mil litros)";"Rio Caeté";"Peixe-Boi";"-";"2019";69
"Economia";"Pecuária";"Produção de Origem Animal Leite (Mil litros)";"Rio Caeté";"Peixe-Boi";"-";"2020";70
"Economia";"Pecuária";"Produção de Origem Animal Leite (Mil litros)";"Rio Caeté";"Peixe-Boi";"-";"2021";64
"Economia";"Pecuária";"Produção de Origem Animal Leite (Mil litros)";"Rio Caeté";"Peixe-Boi";"-";"2022";63
"Economia";"Pecuária";"Produção de Origem Animal Leite (Mil litros)";"Rio Caeté";"Peixe-Boi";"-";"2023";69
"Economia";"Pecuária";"Produção de Origem Animal Leite (Mil litros)";"Carajás";"Piçarra";"-";"2008";16072
"Economia";"Pecuária";"Produção de Origem Animal Leite (Mil litros)";"Carajás";"Piçarra";"-";"2009";17098
"Economia";"Pecuária";"Produção de Origem Animal Leite (Mil litros)";"Carajás";"Piçarra";"-";"2010";24123
"Economia";"Pecuária";"Produção de Origem Animal Leite (Mil litros)";"Carajás";"Piçarra";"-";"2011";23605
"Economia";"Pecuária";"Produção de Origem Animal Leite (Mil litros)";"Carajás";"Piçarra";"-";"2012";24313
"Economia";"Pecuária";"Produção de Origem Animal Leite (Mil litros)";"Carajás";"Piçarra";"-";"2013";24195
"Economia";"Pecuária";"Produção de Origem Animal Leite (Mil litros)";"Carajás";"Piçarra";"-";"2014";24679
"Economia";"Pecuária";"Produção de Origem Animal Leite (Mil litros)";"Carajás";"Piçarra";"-";"2015";29465
"Economia";"Pecuária";"Produção de Origem Animal Leite (Mil litros)";"Carajás";"Piçarra";"-";"2016";30939
"Economia";"Pecuária";"Produção de Origem Animal Leite (Mil litros)";"Carajás";"Piçarra";"-";"2017";32418
"Economia";"Pecuária";"Produção de Origem Animal Leite (Mil litros)";"Carajás";"Piçarra";"-";"2018";31286
"Economia";"Pecuária";"Produção de Origem Animal Leite (Mil litros)";"Carajás";"Piçarra";"-";"2019";28342
"Economia";"Pecuária";"Produção de Origem Animal Leite (Mil litros)";"Carajás";"Piçarra";"-";"2020";17995
"Economia";"Pecuária";"Produção de Origem Animal Leite (Mil litros)";"Carajás";"Piçarra";"-";"2021";15710
"Economia";"Pecuária";"Produção de Origem Animal Leite (Mil litros)";"Carajás";"Piçarra";"-";"2022";13796
"Economia";"Pecuária";"Produção de Origem Animal Leite (Mil litros)";"Carajás";"Piçarra";"-";"2023";14223
"Economia";"Pecuária";"Produção de Origem Animal Leite (Mil litros)";"Xingu";"Placas";"-";"2008";1095
"Economia";"Pecuária";"Produção de Origem Animal Leite (Mil litros)";"Xingu";"Placas";"-";"2009";995
"Economia";"Pecuária";"Produção de Origem Animal Leite (Mil litros)";"Xingu";"Placas";"-";"2010";1763
"Economia";"Pecuária";"Produção de Origem Animal Leite (Mil litros)";"Xingu";"Placas";"-";"2011";3890
"Economia";"Pecuária";"Produção de Origem Animal Leite (Mil litros)";"Xingu";"Placas";"-";"2012";4626
"Economia";"Pecuária";"Produção de Origem Animal Leite (Mil litros)";"Xingu";"Placas";"-";"2013";4703
"Economia";"Pecuária";"Produção de Origem Animal Leite (Mil litros)";"Xingu";"Placas";"-";"2014";5177
"Economia";"Pecuária";"Produção de Origem Animal Leite (Mil litros)";"Xingu";"Placas";"-";"2015";5361
"Economia";"Pecuária";"Produção de Origem Animal Leite (Mil litros)";"Xingu";"Placas";"-";"2016";5477
"Economia";"Pecuária";"Produção de Origem Animal Leite (Mil litros)";"Xingu";"Placas";"-";"2017";5707
"Economia";"Pecuária";"Produção de Origem Animal Leite (Mil litros)";"Xingu";"Placas";"-";"2018";5682
"Economia";"Pecuária";"Produção de Origem Animal Leite (Mil litros)";"Xingu";"Placas";"-";"2019";5908
"Economia";"Pecuária";"Produção de Origem Animal Leite (Mil litros)";"Xingu";"Placas";"-";"2020";6285
"Economia";"Pecuária";"Produção de Origem Animal Leite (Mil litros)";"Xingu";"Placas";"-";"2021";6417
"Economia";"Pecuária";"Produção de Origem Animal Leite (Mil litros)";"Xingu";"Placas";"-";"2022";6755
"Economia";"Pecuária";"Produção de Origem Animal Leite (Mil litros)";"Xingu";"Placas";"-";"2023";7912
"Economia";"Pecuária";"Produção de Origem Animal Leite (Mil litros)";"Marajó";"Ponta de Pedras";"-";"2008";1296
"Economia";"Pecuária";"Produção de Origem Animal Leite (Mil litros)";"Marajó";"Ponta de Pedras";"-";"2009";2540
"Economia";"Pecuária";"Produção de Origem Animal Leite (Mil litros)";"Marajó";"Ponta de Pedras";"-";"2010";1421
"Economia";"Pecuária";"Produção de Origem Animal Leite (Mil litros)";"Marajó";"Ponta de Pedras";"-";"2011";1270
"Economia";"Pecuária";"Produção de Origem Animal Leite (Mil litros)";"Marajó";"Ponta de Pedras";"-";"2012";1084
"Economia";"Pecuária";"Produção de Origem Animal Leite (Mil litros)";"Marajó";"Ponta de Pedras";"-";"2013";1730
"Economia";"Pecuária";"Produção de Origem Animal Leite (Mil litros)";"Marajó";"Ponta de Pedras";"-";"2014";1595
"Economia";"Pecuária";"Produção de Origem Animal Leite (Mil litros)";"Marajó";"Ponta de Pedras";"-";"2015";1389
"Economia";"Pecuária";"Produção de Origem Animal Leite (Mil litros)";"Marajó";"Ponta de Pedras";"-";"2016";1410
"Economia";"Pecuária";"Produção de Origem Animal Leite (Mil litros)";"Marajó";"Ponta de Pedras";"-";"2017";1563
"Economia";"Pecuária";"Produção de Origem Animal Leite (Mil litros)";"Marajó";"Ponta de Pedras";"-";"2018";1348
"Economia";"Pecuária";"Produção de Origem Animal Leite (Mil litros)";"Marajó";"Ponta de Pedras";"-";"2019";1323
"Economia";"Pecuária";"Produção de Origem Animal Leite (Mil litros)";"Marajó";"Ponta de Pedras";"-";"2020";1340
"Economia";"Pecuária";"Produção de Origem Animal Leite (Mil litros)";"Marajó";"Ponta de Pedras";"-";"2021";1280
"Economia";"Pecuária";"Produção de Origem Animal Leite (Mil litros)";"Marajó";"Ponta de Pedras";"-";"2022";1180
"Economia";"Pecuária";"Produção de Origem Animal Leite (Mil litros)";"Marajó";"Ponta de Pedras";"-";"2023";1200
"Economia";"Pecuária";"Produção de Origem Animal Leite (Mil litros)";"Marajó";"Portel";"-";"2008";276
"Economia";"Pecuária";"Produção de Origem Animal Leite (Mil litros)";"Marajó";"Portel";"-";"2009";284
"Economia";"Pecuária";"Produção de Origem Animal Leite (Mil litros)";"Marajó";"Portel";"-";"2010";269
"Economia";"Pecuária";"Produção de Origem Animal Leite (Mil litros)";"Marajó";"Portel";"-";"2011";275
"Economia";"Pecuária";"Produção de Origem Animal Leite (Mil litros)";"Marajó";"Portel";"-";"2012";276
"Economia";"Pecuária";"Produção de Origem Animal Leite (Mil litros)";"Marajó";"Portel";"-";"2013";270
"Economia";"Pecuária";"Produção de Origem Animal Leite (Mil litros)";"Marajó";"Portel";"-";"2014";268
"Economia";"Pecuária";"Produção de Origem Animal Leite (Mil litros)";"Marajó";"Portel";"-";"2015";261
"Economia";"Pecuária";"Produção de Origem Animal Leite (Mil litros)";"Marajó";"Portel";"-";"2016";265
"Economia";"Pecuária";"Produção de Origem Animal Leite (Mil litros)";"Marajó";"Portel";"-";"2017";264
"Economia";"Pecuária";"Produção de Origem Animal Leite (Mil litros)";"Marajó";"Portel";"-";"2018";270
"Economia";"Pecuária";"Produção de Origem Animal Leite (Mil litros)";"Marajó";"Portel";"-";"2019";341
"Economia";"Pecuária";"Produção de Origem Animal Leite (Mil litros)";"Marajó";"Portel";"-";"2020";338
"Economia";"Pecuária";"Produção de Origem Animal Leite (Mil litros)";"Marajó";"Portel";"-";"2021";874
"Economia";"Pecuária";"Produção de Origem Animal Leite (Mil litros)";"Marajó";"Portel";"-";"2022";905
"Economia";"Pecuária";"Produção de Origem Animal Leite (Mil litros)";"Marajó";"Portel";"-";"2023";1517
"Economia";"Pecuária";"Produção de Origem Animal Leite (Mil litros)";"Xingu";"Porto de Moz";"-";"2008";2394
"Economia";"Pecuária";"Produção de Origem Animal Leite (Mil litros)";"Xingu";"Porto de Moz";"-";"2009";2469
"Economia";"Pecuária";"Produção de Origem Animal Leite (Mil litros)";"Xingu";"Porto de Moz";"-";"2010";3148
"Economia";"Pecuária";"Produção de Origem Animal Leite (Mil litros)";"Xingu";"Porto de Moz";"-";"2011";3305
"Economia";"Pecuária";"Produção de Origem Animal Leite (Mil litros)";"Xingu";"Porto de Moz";"-";"2012";3470
"Economia";"Pecuária";"Produção de Origem Animal Leite (Mil litros)";"Xingu";"Porto de Moz";"-";"2013";2531
"Economia";"Pecuária";"Produção de Origem Animal Leite (Mil litros)";"Xingu";"Porto de Moz";"-";"2014";6165
"Economia";"Pecuária";"Produção de Origem Animal Leite (Mil litros)";"Xingu";"Porto de Moz";"-";"2015";5677
"Economia";"Pecuária";"Produção de Origem Animal Leite (Mil litros)";"Xingu";"Porto de Moz";"-";"2016";5731
"Economia";"Pecuária";"Produção de Origem Animal Leite (Mil litros)";"Xingu";"Porto de Moz";"-";"2017";5424
"Economia";"Pecuária";"Produção de Origem Animal Leite (Mil litros)";"Xingu";"Porto de Moz";"-";"2018";5360
"Economia";"Pecuária";"Produção de Origem Animal Leite (Mil litros)";"Xingu";"Porto de Moz";"-";"2019";5361
"Economia";"Pecuária";"Produção de Origem Animal Leite (Mil litros)";"Xingu";"Porto de Moz";"-";"2020";5200
"Economia";"Pecuária";"Produção de Origem Animal Leite (Mil litros)";"Xingu";"Porto de Moz";"-";"2021";1500
"Economia";"Pecuária";"Produção de Origem Animal Leite (Mil litros)";"Xingu";"Porto de Moz";"-";"2022";1354
"Economia";"Pecuária";"Produção de Origem Animal Leite (Mil litros)";"Xingu";"Porto de Moz";"-";"2023";1355
"Economia";"Pecuária";"Produção de Origem Animal Leite (Mil litros)";"Baixo Amazonas";"Prainha";"-";"2008";4680
"Economia";"Pecuária";"Produção de Origem Animal Leite (Mil litros)";"Baixo Amazonas";"Prainha";"-";"2009";4945
"Economia";"Pecuária";"Produção de Origem Animal Leite (Mil litros)";"Baixo Amazonas";"Prainha";"-";"2010";5439
"Economia";"Pecuária";"Produção de Origem Animal Leite (Mil litros)";"Baixo Amazonas";"Prainha";"-";"2011";7146
"Economia";"Pecuária";"Produção de Origem Animal Leite (Mil litros)";"Baixo Amazonas";"Prainha";"-";"2012";7496
"Economia";"Pecuária";"Produção de Origem Animal Leite (Mil litros)";"Baixo Amazonas";"Prainha";"-";"2013";6157
"Economia";"Pecuária";"Produção de Origem Animal Leite (Mil litros)";"Baixo Amazonas";"Prainha";"-";"2014";6415
"Economia";"Pecuária";"Produção de Origem Animal Leite (Mil litros)";"Baixo Amazonas";"Prainha";"-";"2015";6571
"Economia";"Pecuária";"Produção de Origem Animal Leite (Mil litros)";"Baixo Amazonas";"Prainha";"-";"2016";6900
"Economia";"Pecuária";"Produção de Origem Animal Leite (Mil litros)";"Baixo Amazonas";"Prainha";"-";"2017";6969
"Economia";"Pecuária";"Produção de Origem Animal Leite (Mil litros)";"Baixo Amazonas";"Prainha";"-";"2018";6581
"Economia";"Pecuária";"Produção de Origem Animal Leite (Mil litros)";"Baixo Amazonas";"Prainha";"-";"2019";6583
"Economia";"Pecuária";"Produção de Origem Animal Leite (Mil litros)";"Baixo Amazonas";"Prainha";"-";"2020";6401
"Economia";"Pecuária";"Produção de Origem Animal Leite (Mil litros)";"Baixo Amazonas";"Prainha";"-";"2021";5400
"Economia";"Pecuária";"Produção de Origem Animal Leite (Mil litros)";"Baixo Amazonas";"Prainha";"-";"2022";5200
"Economia";"Pecuária";"Produção de Origem Animal Leite (Mil litros)";"Baixo Amazonas";"Prainha";"-";"2023";5500
"Economia";"Pecuária";"Produção de Origem Animal Leite (Mil litros)";"Rio Caeté";"Primavera";"-";"2008";47
"Economia";"Pecuária";"Produção de Origem Animal Leite (Mil litros)";"Rio Caeté";"Primavera";"-";"2009";42
"Economia";"Pecuária";"Produção de Origem Animal Leite (Mil litros)";"Rio Caeté";"Primavera";"-";"2010";44
"Economia";"Pecuária";"Produção de Origem Animal Leite (Mil litros)";"Rio Caeté";"Primavera";"-";"2011";37
"Economia";"Pecuária";"Produção de Origem Animal Leite (Mil litros)";"Rio Caeté";"Primavera";"-";"2012";43
"Economia";"Pecuária";"Produção de Origem Animal Leite (Mil litros)";"Rio Caeté";"Primavera";"-";"2013";39
"Economia";"Pecuária";"Produção de Origem Animal Leite (Mil litros)";"Rio Caeté";"Primavera";"-";"2014";33
"Economia";"Pecuária";"Produção de Origem Animal Leite (Mil litros)";"Rio Caeté";"Primavera";"-";"2015";30
"Economia";"Pecuária";"Produção de Origem Animal Leite (Mil litros)";"Rio Caeté";"Primavera";"-";"2016";35
"Economia";"Pecuária";"Produção de Origem Animal Leite (Mil litros)";"Rio Caeté";"Primavera";"-";"2017";30
"Economia";"Pecuária";"Produção de Origem Animal Leite (Mil litros)";"Rio Caeté";"Primavera";"-";"2018";28
"Economia";"Pecuária";"Produção de Origem Animal Leite (Mil litros)";"Rio Caeté";"Primavera";"-";"2019";27
"Economia";"Pecuária";"Produção de Origem Animal Leite (Mil litros)";"Rio Caeté";"Primavera";"-";"2020";27
"Economia";"Pecuária";"Produção de Origem Animal Leite (Mil litros)";"Rio Caeté";"Primavera";"-";"2021";30
"Economia";"Pecuária";"Produção de Origem Animal Leite (Mil litros)";"Rio Caeté";"Primavera";"-";"2022";38
"Economia";"Pecuária";"Produção de Origem Animal Leite (Mil litros)";"Rio Caeté";"Primavera";"-";"2023";39
"Economia";"Pecuária";"Produção de Origem Animal Leite (Mil litros)";"Rio Caeté";"Quatipuru";"-";"2008";57
"Economia";"Pecuária";"Produção de Origem Animal Leite (Mil litros)";"Rio Caeté";"Quatipuru";"-";"2009";57
"Economia";"Pecuária";"Produção de Origem Animal Leite (Mil litros)";"Rio Caeté";"Quatipuru";"-";"2010";51
"Economia";"Pecuária";"Produção de Origem Animal Leite (Mil litros)";"Rio Caeté";"Quatipuru";"-";"2011";48
"Economia";"Pecuária";"Produção de Origem Animal Leite (Mil litros)";"Rio Caeté";"Quatipuru";"-";"2012";61
"Economia";"Pecuária";"Produção de Origem Animal Leite (Mil litros)";"Rio Caeté";"Quatipuru";"-";"2013";58
"Economia";"Pecuária";"Produção de Origem Animal Leite (Mil litros)";"Rio Caeté";"Quatipuru";"-";"2014";50
"Economia";"Pecuária";"Produção de Origem Animal Leite (Mil litros)";"Rio Caeté";"Quatipuru";"-";"2015";62
"Economia";"Pecuária";"Produção de Origem Animal Leite (Mil litros)";"Rio Caeté";"Quatipuru";"-";"2016";62
"Economia";"Pecuária";"Produção de Origem Animal Leite (Mil litros)";"Rio Caeté";"Quatipuru";"-";"2017";40
"Economia";"Pecuária";"Produção de Origem Animal Leite (Mil litros)";"Rio Caeté";"Quatipuru";"-";"2018";42
"Economia";"Pecuária";"Produção de Origem Animal Leite (Mil litros)";"Rio Caeté";"Quatipuru";"-";"2019";41
"Economia";"Pecuária";"Produção de Origem Animal Leite (Mil litros)";"Rio Caeté";"Quatipuru";"-";"2020";41
"Economia";"Pecuária";"Produção de Origem Animal Leite (Mil litros)";"Rio Caeté";"Quatipuru";"-";"2021";34
"Economia";"Pecuária";"Produção de Origem Animal Leite (Mil litros)";"Rio Caeté";"Quatipuru";"-";"2022";37
"Economia";"Pecuária";"Produção de Origem Animal Leite (Mil litros)";"Rio Caeté";"Quatipuru";"-";"2023";39
"Economia";"Pecuária";"Produção de Origem Animal Leite (Mil litros)";"Araguaia";"Redenção";"-";"2008";14649
"Economia";"Pecuária";"Produção de Origem Animal Leite (Mil litros)";"Araguaia";"Redenção";"-";"2009";12990
"Economia";"Pecuária";"Produção de Origem Animal Leite (Mil litros)";"Araguaia";"Redenção";"-";"2010";11563
"Economia";"Pecuária";"Produção de Origem Animal Leite (Mil litros)";"Araguaia";"Redenção";"-";"2011";11633
"Economia";"Pecuária";"Produção de Origem Animal Leite (Mil litros)";"Araguaia";"Redenção";"-";"2012";11428
"Economia";"Pecuária";"Produção de Origem Animal Leite (Mil litros)";"Araguaia";"Redenção";"-";"2013";12272
"Economia";"Pecuária";"Produção de Origem Animal Leite (Mil litros)";"Araguaia";"Redenção";"-";"2014";12858
"Economia";"Pecuária";"Produção de Origem Animal Leite (Mil litros)";"Araguaia";"Redenção";"-";"2015";5111
"Economia";"Pecuária";"Produção de Origem Animal Leite (Mil litros)";"Araguaia";"Redenção";"-";"2016";4416
"Economia";"Pecuária";"Produção de Origem Animal Leite (Mil litros)";"Araguaia";"Redenção";"-";"2017";7556
"Economia";"Pecuária";"Produção de Origem Animal Leite (Mil litros)";"Araguaia";"Redenção";"-";"2018";7346
"Economia";"Pecuária";"Produção de Origem Animal Leite (Mil litros)";"Araguaia";"Redenção";"-";"2019";6047
"Economia";"Pecuária";"Produção de Origem Animal Leite (Mil litros)";"Araguaia";"Redenção";"-";"2020";5103
"Economia";"Pecuária";"Produção de Origem Animal Leite (Mil litros)";"Araguaia";"Redenção";"-";"2021";4548
"Economia";"Pecuária";"Produção de Origem Animal Leite (Mil litros)";"Araguaia";"Redenção";"-";"2022";4542
"Economia";"Pecuária";"Produção de Origem Animal Leite (Mil litros)";"Araguaia";"Redenção";"-";"2023";2692
"Economia";"Pecuária";"Produção de Origem Animal Leite (Mil litros)";"Araguaia";"Rio Maria";"-";"2008";11996
"Economia";"Pecuária";"Produção de Origem Animal Leite (Mil litros)";"Araguaia";"Rio Maria";"-";"2009";16572
"Economia";"Pecuária";"Produção de Origem Animal Leite (Mil litros)";"Araguaia";"Rio Maria";"-";"2010";15827
"Economia";"Pecuária";"Produção de Origem Animal Leite (Mil litros)";"Araguaia";"Rio Maria";"-";"2011";17213
"Economia";"Pecuária";"Produção de Origem Animal Leite (Mil litros)";"Araguaia";"Rio Maria";"-";"2012";17729
"Economia";"Pecuária";"Produção de Origem Animal Leite (Mil litros)";"Araguaia";"Rio Maria";"-";"2013";20601
"Economia";"Pecuária";"Produção de Origem Animal Leite (Mil litros)";"Araguaia";"Rio Maria";"-";"2014";22389
"Economia";"Pecuária";"Produção de Origem Animal Leite (Mil litros)";"Araguaia";"Rio Maria";"-";"2015";22416
"Economia";"Pecuária";"Produção de Origem Animal Leite (Mil litros)";"Araguaia";"Rio Maria";"-";"2016";22567
"Economia";"Pecuária";"Produção de Origem Animal Leite (Mil litros)";"Araguaia";"Rio Maria";"-";"2017";24042
"Economia";"Pecuária";"Produção de Origem Animal Leite (Mil litros)";"Araguaia";"Rio Maria";"-";"2018";24282
"Economia";"Pecuária";"Produção de Origem Animal Leite (Mil litros)";"Araguaia";"Rio Maria";"-";"2019";25010
"Economia";"Pecuária";"Produção de Origem Animal Leite (Mil litros)";"Araguaia";"Rio Maria";"-";"2020";22550
"Economia";"Pecuária";"Produção de Origem Animal Leite (Mil litros)";"Araguaia";"Rio Maria";"-";"2021";22684
"Economia";"Pecuária";"Produção de Origem Animal Leite (Mil litros)";"Araguaia";"Rio Maria";"-";"2022";19054
"Economia";"Pecuária";"Produção de Origem Animal Leite (Mil litros)";"Araguaia";"Rio Maria";"-";"2023";18860
"Economia";"Pecuária";"Produção de Origem Animal Leite (Mil litros)";"Rio Capim";"Rondon do Pará";"-";"2008";22629
"Economia";"Pecuária";"Produção de Origem Animal Leite (Mil litros)";"Rio Capim";"Rondon do Pará";"-";"2009";22126
"Economia";"Pecuária";"Produção de Origem Animal Leite (Mil litros)";"Rio Capim";"Rondon do Pará";"-";"2010";18604
"Economia";"Pecuária";"Produção de Origem Animal Leite (Mil litros)";"Rio Capim";"Rondon do Pará";"-";"2011";17250
"Economia";"Pecuária";"Produção de Origem Animal Leite (Mil litros)";"Rio Capim";"Rondon do Pará";"-";"2012";13260
"Economia";"Pecuária";"Produção de Origem Animal Leite (Mil litros)";"Rio Capim";"Rondon do Pará";"-";"2013";2984
"Economia";"Pecuária";"Produção de Origem Animal Leite (Mil litros)";"Rio Capim";"Rondon do Pará";"-";"2014";3133
"Economia";"Pecuária";"Produção de Origem Animal Leite (Mil litros)";"Rio Capim";"Rondon do Pará";"-";"2015";3851
"Economia";"Pecuária";"Produção de Origem Animal Leite (Mil litros)";"Rio Capim";"Rondon do Pará";"-";"2016";3922
"Economia";"Pecuária";"Produção de Origem Animal Leite (Mil litros)";"Rio Capim";"Rondon do Pará";"-";"2017";4028
"Economia";"Pecuária";"Produção de Origem Animal Leite (Mil litros)";"Rio Capim";"Rondon do Pará";"-";"2018";4088
"Economia";"Pecuária";"Produção de Origem Animal Leite (Mil litros)";"Rio Capim";"Rondon do Pará";"-";"2019";4108
"Economia";"Pecuária";"Produção de Origem Animal Leite (Mil litros)";"Rio Capim";"Rondon do Pará";"-";"2020";4353
"Economia";"Pecuária";"Produção de Origem Animal Leite (Mil litros)";"Rio Capim";"Rondon do Pará";"-";"2021";4371
"Economia";"Pecuária";"Produção de Origem Animal Leite (Mil litros)";"Rio Capim";"Rondon do Pará";"-";"2022";4526
"Economia";"Pecuária";"Produção de Origem Animal Leite (Mil litros)";"Rio Capim";"Rondon do Pará";"-";"2023";4799
"Economia";"Pecuária";"Produção de Origem Animal Leite (Mil litros)";"Tapajós";"Rurópolis";"-";"2008";803
"Economia";"Pecuária";"Produção de Origem Animal Leite (Mil litros)";"Tapajós";"Rurópolis";"-";"2009";2190
"Economia";"Pecuária";"Produção de Origem Animal Leite (Mil litros)";"Tapajós";"Rurópolis";"-";"2010";2240
"Economia";"Pecuária";"Produção de Origem Animal Leite (Mil litros)";"Tapajós";"Rurópolis";"-";"2011";2805
"Economia";"Pecuária";"Produção de Origem Animal Leite (Mil litros)";"Tapajós";"Rurópolis";"-";"2012";3073
"Economia";"Pecuária";"Produção de Origem Animal Leite (Mil litros)";"Tapajós";"Rurópolis";"-";"2013";3483
"Economia";"Pecuária";"Produção de Origem Animal Leite (Mil litros)";"Tapajós";"Rurópolis";"-";"2014";3623
"Economia";"Pecuária";"Produção de Origem Animal Leite (Mil litros)";"Tapajós";"Rurópolis";"-";"2015";3703
"Economia";"Pecuária";"Produção de Origem Animal Leite (Mil litros)";"Tapajós";"Rurópolis";"-";"2016";3886
"Economia";"Pecuária";"Produção de Origem Animal Leite (Mil litros)";"Tapajós";"Rurópolis";"-";"2017";4076
"Economia";"Pecuária";"Produção de Origem Animal Leite (Mil litros)";"Tapajós";"Rurópolis";"-";"2018";4040
"Economia";"Pecuária";"Produção de Origem Animal Leite (Mil litros)";"Tapajós";"Rurópolis";"-";"2019";4192
"Economia";"Pecuária";"Produção de Origem Animal Leite (Mil litros)";"Tapajós";"Rurópolis";"-";"2020";4443
"Economia";"Pecuária";"Produção de Origem Animal Leite (Mil litros)";"Tapajós";"Rurópolis";"-";"2021";4616
"Economia";"Pecuária";"Produção de Origem Animal Leite (Mil litros)";"Tapajós";"Rurópolis";"-";"2022";4465
"Economia";"Pecuária";"Produção de Origem Animal Leite (Mil litros)";"Tapajós";"Rurópolis";"-";"2023";4989
"Economia";"Pecuária";"Produção de Origem Animal Leite (Mil litros)";"Rio Caeté";"Salinópolis";"-";"2008";6
"Economia";"Pecuária";"Produção de Origem Animal Leite (Mil litros)";"Rio Caeté";"Salinópolis";"-";"2009";4
"Economia";"Pecuária";"Produção de Origem Animal Leite (Mil litros)";"Rio Caeté";"Salinópolis";"-";"2010";4
"Economia";"Pecuária";"Produção de Origem Animal Leite (Mil litros)";"Rio Caeté";"Salinópolis";"-";"2011";4
"Economia";"Pecuária";"Produção de Origem Animal Leite (Mil litros)";"Rio Caeté";"Salinópolis";"-";"2012";4
"Economia";"Pecuária";"Produção de Origem Animal Leite (Mil litros)";"Rio Caeté";"Salinópolis";"-";"2013";5
"Economia";"Pecuária";"Produção de Origem Animal Leite (Mil litros)";"Rio Caeté";"Salinópolis";"-";"2014";5
"Economia";"Pecuária";"Produção de Origem Animal Leite (Mil litros)";"Rio Caeté";"Salinópolis";"-";"2015";6
"Economia";"Pecuária";"Produção de Origem Animal Leite (Mil litros)";"Rio Caeté";"Salinópolis";"-";"2016";6
"Economia";"Pecuária";"Produção de Origem Animal Leite (Mil litros)";"Rio Caeté";"Salinópolis";"-";"2017";5
"Economia";"Pecuária";"Produção de Origem Animal Leite (Mil litros)";"Rio Caeté";"Salinópolis";"-";"2018";6
"Economia";"Pecuária";"Produção de Origem Animal Leite (Mil litros)";"Rio Caeté";"Salinópolis";"-";"2019";6
"Economia";"Pecuária";"Produção de Origem Animal Leite (Mil litros)";"Rio Caeté";"Salinópolis";"-";"2020";1
"Economia";"Pecuária";"Produção de Origem Animal Leite (Mil litros)";"Rio Caeté";"Salinópolis";"-";"2021";4
"Economia";"Pecuária";"Produção de Origem Animal Leite (Mil litros)";"Rio Caeté";"Salinópolis";"-";"2022";4
"Economia";"Pecuária";"Produção de Origem Animal Leite (Mil litros)";"Rio Caeté";"Salinópolis";"-";"2023";4
"Economia";"Pecuária";"Produção de Origem Animal Leite (Mil litros)";"Marajó";"Salvaterra";"-";"2008";508
"Economia";"Pecuária";"Produção de Origem Animal Leite (Mil litros)";"Marajó";"Salvaterra";"-";"2009";510
"Economia";"Pecuária";"Produção de Origem Animal Leite (Mil litros)";"Marajó";"Salvaterra";"-";"2010";513
"Economia";"Pecuária";"Produção de Origem Animal Leite (Mil litros)";"Marajó";"Salvaterra";"-";"2011";515
"Economia";"Pecuária";"Produção de Origem Animal Leite (Mil litros)";"Marajó";"Salvaterra";"-";"2012";259
"Economia";"Pecuária";"Produção de Origem Animal Leite (Mil litros)";"Marajó";"Salvaterra";"-";"2013";259
"Economia";"Pecuária";"Produção de Origem Animal Leite (Mil litros)";"Marajó";"Salvaterra";"-";"2014";220
"Economia";"Pecuária";"Produção de Origem Animal Leite (Mil litros)";"Marajó";"Salvaterra";"-";"2015";211
"Economia";"Pecuária";"Produção de Origem Animal Leite (Mil litros)";"Marajó";"Salvaterra";"-";"2016";205
"Economia";"Pecuária";"Produção de Origem Animal Leite (Mil litros)";"Marajó";"Salvaterra";"-";"2017";165
"Economia";"Pecuária";"Produção de Origem Animal Leite (Mil litros)";"Marajó";"Salvaterra";"-";"2018";148
"Economia";"Pecuária";"Produção de Origem Animal Leite (Mil litros)";"Marajó";"Salvaterra";"-";"2019";210
"Economia";"Pecuária";"Produção de Origem Animal Leite (Mil litros)";"Marajó";"Salvaterra";"-";"2020";230
"Economia";"Pecuária";"Produção de Origem Animal Leite (Mil litros)";"Marajó";"Salvaterra";"-";"2021";235
"Economia";"Pecuária";"Produção de Origem Animal Leite (Mil litros)";"Marajó";"Salvaterra";"-";"2022";250
"Economia";"Pecuária";"Produção de Origem Animal Leite (Mil litros)";"Marajó";"Salvaterra";"-";"2023";295
"Economia";"Pecuária";"Produção de Origem Animal Leite (Mil litros)";"Guajará";"Santa Bárbara do Pará";"-";"2008";27
"Economia";"Pecuária";"Produção de Origem Animal Leite (Mil litros)";"Guajará";"Santa Bárbara do Pará";"-";"2009";43
"Economia";"Pecuária";"Produção de Origem Animal Leite (Mil litros)";"Guajará";"Santa Bárbara do Pará";"-";"2010";58
"Economia";"Pecuária";"Produção de Origem Animal Leite (Mil litros)";"Guajará";"Santa Bárbara do Pará";"-";"2011";53
"Economia";"Pecuária";"Produção de Origem Animal Leite (Mil litros)";"Guajará";"Santa Bárbara do Pará";"-";"2012";32
"Economia";"Pecuária";"Produção de Origem Animal Leite (Mil litros)";"Guajará";"Santa Bárbara do Pará";"-";"2013";46
"Economia";"Pecuária";"Produção de Origem Animal Leite (Mil litros)";"Guajará";"Santa Bárbara do Pará";"-";"2014";38
"Economia";"Pecuária";"Produção de Origem Animal Leite (Mil litros)";"Guajará";"Santa Bárbara do Pará";"-";"2015";54
"Economia";"Pecuária";"Produção de Origem Animal Leite (Mil litros)";"Guajará";"Santa Bárbara do Pará";"-";"2016";50
"Economia";"Pecuária";"Produção de Origem Animal Leite (Mil litros)";"Guajará";"Santa Bárbara do Pará";"-";"2017";58
"Economia";"Pecuária";"Produção de Origem Animal Leite (Mil litros)";"Guajará";"Santa Bárbara do Pará";"-";"2018";57
"Economia";"Pecuária";"Produção de Origem Animal Leite (Mil litros)";"Guajará";"Santa Bárbara do Pará";"-";"2019";58
"Economia";"Pecuária";"Produção de Origem Animal Leite (Mil litros)";"Guajará";"Santa Bárbara do Pará";"-";"2020";52
"Economia";"Pecuária";"Produção de Origem Animal Leite (Mil litros)";"Guajará";"Santa Bárbara do Pará";"-";"2021";25
"Economia";"Pecuária";"Produção de Origem Animal Leite (Mil litros)";"Guajará";"Santa Bárbara do Pará";"-";"2022";21
"Economia";"Pecuária";"Produção de Origem Animal Leite (Mil litros)";"Guajará";"Santa Bárbara do Pará";"-";"2023";22
"Economia";"Pecuária";"Produção de Origem Animal Leite (Mil litros)";"Marajó";"Santa Cruz do Arari";"-";"2008";1076
"Economia";"Pecuária";"Produção de Origem Animal Leite (Mil litros)";"Marajó";"Santa Cruz do Arari";"-";"2009";1886
"Economia";"Pecuária";"Produção de Origem Animal Leite (Mil litros)";"Marajó";"Santa Cruz do Arari";"-";"2010";1645
"Economia";"Pecuária";"Produção de Origem Animal Leite (Mil litros)";"Marajó";"Santa Cruz do Arari";"-";"2011";1155
"Economia";"Pecuária";"Produção de Origem Animal Leite (Mil litros)";"Marajó";"Santa Cruz do Arari";"-";"2012";950
"Economia";"Pecuária";"Produção de Origem Animal Leite (Mil litros)";"Marajó";"Santa Cruz do Arari";"-";"2013";1075
"Economia";"Pecuária";"Produção de Origem Animal Leite (Mil litros)";"Marajó";"Santa Cruz do Arari";"-";"2014";868
"Economia";"Pecuária";"Produção de Origem Animal Leite (Mil litros)";"Marajó";"Santa Cruz do Arari";"-";"2015";749
"Economia";"Pecuária";"Produção de Origem Animal Leite (Mil litros)";"Marajó";"Santa Cruz do Arari";"-";"2016";710
"Economia";"Pecuária";"Produção de Origem Animal Leite (Mil litros)";"Marajó";"Santa Cruz do Arari";"-";"2017";610
"Economia";"Pecuária";"Produção de Origem Animal Leite (Mil litros)";"Marajó";"Santa Cruz do Arari";"-";"2018";530
"Economia";"Pecuária";"Produção de Origem Animal Leite (Mil litros)";"Marajó";"Santa Cruz do Arari";"-";"2019";529
"Economia";"Pecuária";"Produção de Origem Animal Leite (Mil litros)";"Marajó";"Santa Cruz do Arari";"-";"2020";545
"Economia";"Pecuária";"Produção de Origem Animal Leite (Mil litros)";"Marajó";"Santa Cruz do Arari";"-";"2021";590
"Economia";"Pecuária";"Produção de Origem Animal Leite (Mil litros)";"Marajó";"Santa Cruz do Arari";"-";"2022";650
"Economia";"Pecuária";"Produção de Origem Animal Leite (Mil litros)";"Marajó";"Santa Cruz do Arari";"-";"2023";610
"Economia";"Pecuária";"Produção de Origem Animal Leite (Mil litros)";"Guamá";"Santa Izabel do Pará";"-";"2008";367
"Economia";"Pecuária";"Produção de Origem Animal Leite (Mil litros)";"Guamá";"Santa Izabel do Pará";"-";"2009";468
"Economia";"Pecuária";"Produção de Origem Animal Leite (Mil litros)";"Guamá";"Santa Izabel do Pará";"-";"2010";421
"Economia";"Pecuária";"Produção de Origem Animal Leite (Mil litros)";"Guamá";"Santa Izabel do Pará";"-";"2011";426
"Economia";"Pecuária";"Produção de Origem Animal Leite (Mil litros)";"Guamá";"Santa Izabel do Pará";"-";"2012";296
"Economia";"Pecuária";"Produção de Origem Animal Leite (Mil litros)";"Guamá";"Santa Izabel do Pará";"-";"2013";340
"Economia";"Pecuária";"Produção de Origem Animal Leite (Mil litros)";"Guamá";"Santa Izabel do Pará";"-";"2014";371
"Economia";"Pecuária";"Produção de Origem Animal Leite (Mil litros)";"Guamá";"Santa Izabel do Pará";"-";"2015";420
"Economia";"Pecuária";"Produção de Origem Animal Leite (Mil litros)";"Guamá";"Santa Izabel do Pará";"-";"2016";415
"Economia";"Pecuária";"Produção de Origem Animal Leite (Mil litros)";"Guamá";"Santa Izabel do Pará";"-";"2017";850
"Economia";"Pecuária";"Produção de Origem Animal Leite (Mil litros)";"Guamá";"Santa Izabel do Pará";"-";"2018";816
"Economia";"Pecuária";"Produção de Origem Animal Leite (Mil litros)";"Guamá";"Santa Izabel do Pará";"-";"2019";820
"Economia";"Pecuária";"Produção de Origem Animal Leite (Mil litros)";"Guamá";"Santa Izabel do Pará";"-";"2020";1098
"Economia";"Pecuária";"Produção de Origem Animal Leite (Mil litros)";"Guamá";"Santa Izabel do Pará";"-";"2021";540
"Economia";"Pecuária";"Produção de Origem Animal Leite (Mil litros)";"Guamá";"Santa Izabel do Pará";"-";"2022";445
"Economia";"Pecuária";"Produção de Origem Animal Leite (Mil litros)";"Guamá";"Santa Izabel do Pará";"-";"2023";460
"Economia";"Pecuária";"Produção de Origem Animal Leite (Mil litros)";"Rio Caeté";"Santa Luzia do Pará";"-";"2008";245
"Economia";"Pecuária";"Produção de Origem Animal Leite (Mil litros)";"Rio Caeté";"Santa Luzia do Pará";"-";"2009";247
"Economia";"Pecuária";"Produção de Origem Animal Leite (Mil litros)";"Rio Caeté";"Santa Luzia do Pará";"-";"2010";167
"Economia";"Pecuária";"Produção de Origem Animal Leite (Mil litros)";"Rio Caeté";"Santa Luzia do Pará";"-";"2011";171
"Economia";"Pecuária";"Produção de Origem Animal Leite (Mil litros)";"Rio Caeté";"Santa Luzia do Pará";"-";"2012";168
"Economia";"Pecuária";"Produção de Origem Animal Leite (Mil litros)";"Rio Caeté";"Santa Luzia do Pará";"-";"2013";170
"Economia";"Pecuária";"Produção de Origem Animal Leite (Mil litros)";"Rio Caeté";"Santa Luzia do Pará";"-";"2014";244
"Economia";"Pecuária";"Produção de Origem Animal Leite (Mil litros)";"Rio Caeté";"Santa Luzia do Pará";"-";"2015";255
"Economia";"Pecuária";"Produção de Origem Animal Leite (Mil litros)";"Rio Caeté";"Santa Luzia do Pará";"-";"2016";480
"Economia";"Pecuária";"Produção de Origem Animal Leite (Mil litros)";"Rio Caeté";"Santa Luzia do Pará";"-";"2017";650
"Economia";"Pecuária";"Produção de Origem Animal Leite (Mil litros)";"Rio Caeté";"Santa Luzia do Pará";"-";"2018";760
"Economia";"Pecuária";"Produção de Origem Animal Leite (Mil litros)";"Rio Caeté";"Santa Luzia do Pará";"-";"2019";655
"Economia";"Pecuária";"Produção de Origem Animal Leite (Mil litros)";"Rio Caeté";"Santa Luzia do Pará";"-";"2020";687
"Economia";"Pecuária";"Produção de Origem Animal Leite (Mil litros)";"Rio Caeté";"Santa Luzia do Pará";"-";"2021";669
"Economia";"Pecuária";"Produção de Origem Animal Leite (Mil litros)";"Rio Caeté";"Santa Luzia do Pará";"-";"2022";723
"Economia";"Pecuária";"Produção de Origem Animal Leite (Mil litros)";"Rio Caeté";"Santa Luzia do Pará";"-";"2023";679
"Economia";"Pecuária";"Produção de Origem Animal Leite (Mil litros)";"Araguaia";"Santa Maria das Barreiras";"-";"2008";4663
"Economia";"Pecuária";"Produção de Origem Animal Leite (Mil litros)";"Araguaia";"Santa Maria das Barreiras";"-";"2009";4531
"Economia";"Pecuária";"Produção de Origem Animal Leite (Mil litros)";"Araguaia";"Santa Maria das Barreiras";"-";"2010";4966
"Economia";"Pecuária";"Produção de Origem Animal Leite (Mil litros)";"Araguaia";"Santa Maria das Barreiras";"-";"2011";4954
"Economia";"Pecuária";"Produção de Origem Animal Leite (Mil litros)";"Araguaia";"Santa Maria das Barreiras";"-";"2012";4839
"Economia";"Pecuária";"Produção de Origem Animal Leite (Mil litros)";"Araguaia";"Santa Maria das Barreiras";"-";"2013";5287
"Economia";"Pecuária";"Produção de Origem Animal Leite (Mil litros)";"Araguaia";"Santa Maria das Barreiras";"-";"2014";5743
"Economia";"Pecuária";"Produção de Origem Animal Leite (Mil litros)";"Araguaia";"Santa Maria das Barreiras";"-";"2015";9540
"Economia";"Pecuária";"Produção de Origem Animal Leite (Mil litros)";"Araguaia";"Santa Maria das Barreiras";"-";"2016";10685
"Economia";"Pecuária";"Produção de Origem Animal Leite (Mil litros)";"Araguaia";"Santa Maria das Barreiras";"-";"2017";13109
"Economia";"Pecuária";"Produção de Origem Animal Leite (Mil litros)";"Araguaia";"Santa Maria das Barreiras";"-";"2018";14335
"Economia";"Pecuária";"Produção de Origem Animal Leite (Mil litros)";"Araguaia";"Santa Maria das Barreiras";"-";"2019";11705
"Economia";"Pecuária";"Produção de Origem Animal Leite (Mil litros)";"Araguaia";"Santa Maria das Barreiras";"-";"2020";9484
"Economia";"Pecuária";"Produção de Origem Animal Leite (Mil litros)";"Araguaia";"Santa Maria das Barreiras";"-";"2021";7678
"Economia";"Pecuária";"Produção de Origem Animal Leite (Mil litros)";"Araguaia";"Santa Maria das Barreiras";"-";"2022";7741
"Economia";"Pecuária";"Produção de Origem Animal Leite (Mil litros)";"Araguaia";"Santa Maria das Barreiras";"-";"2023";6697
"Economia";"Pecuária";"Produção de Origem Animal Leite (Mil litros)";"Guamá";"Santa Maria do Pará";"-";"2008";529
"Economia";"Pecuária";"Produção de Origem Animal Leite (Mil litros)";"Guamá";"Santa Maria do Pará";"-";"2009";591
"Economia";"Pecuária";"Produção de Origem Animal Leite (Mil litros)";"Guamá";"Santa Maria do Pará";"-";"2010";472
"Economia";"Pecuária";"Produção de Origem Animal Leite (Mil litros)";"Guamá";"Santa Maria do Pará";"-";"2011";503
"Economia";"Pecuária";"Produção de Origem Animal Leite (Mil litros)";"Guamá";"Santa Maria do Pará";"-";"2012";243
"Economia";"Pecuária";"Produção de Origem Animal Leite (Mil litros)";"Guamá";"Santa Maria do Pará";"-";"2013";254
"Economia";"Pecuária";"Produção de Origem Animal Leite (Mil litros)";"Guamá";"Santa Maria do Pará";"-";"2014";257
"Economia";"Pecuária";"Produção de Origem Animal Leite (Mil litros)";"Guamá";"Santa Maria do Pará";"-";"2015";260
"Economia";"Pecuária";"Produção de Origem Animal Leite (Mil litros)";"Guamá";"Santa Maria do Pará";"-";"2016";247
"Economia";"Pecuária";"Produção de Origem Animal Leite (Mil litros)";"Guamá";"Santa Maria do Pará";"-";"2017";110
"Economia";"Pecuária";"Produção de Origem Animal Leite (Mil litros)";"Guamá";"Santa Maria do Pará";"-";"2018";130
"Economia";"Pecuária";"Produção de Origem Animal Leite (Mil litros)";"Guamá";"Santa Maria do Pará";"-";"2019";150
"Economia";"Pecuária";"Produção de Origem Animal Leite (Mil litros)";"Guamá";"Santa Maria do Pará";"-";"2020";135
"Economia";"Pecuária";"Produção de Origem Animal Leite (Mil litros)";"Guamá";"Santa Maria do Pará";"-";"2021";125
"Economia";"Pecuária";"Produção de Origem Animal Leite (Mil litros)";"Guamá";"Santa Maria do Pará";"-";"2022";140
"Economia";"Pecuária";"Produção de Origem Animal Leite (Mil litros)";"Guamá";"Santa Maria do Pará";"-";"2023";130
"Economia";"Pecuária";"Produção de Origem Animal Leite (Mil litros)";"Araguaia";"Santana do Araguaia";"-";"2008";9141
"Economia";"Pecuária";"Produção de Origem Animal Leite (Mil litros)";"Araguaia";"Santana do Araguaia";"-";"2009";8408
"Economia";"Pecuária";"Produção de Origem Animal Leite (Mil litros)";"Araguaia";"Santana do Araguaia";"-";"2010";9095
"Economia";"Pecuária";"Produção de Origem Animal Leite (Mil litros)";"Araguaia";"Santana do Araguaia";"-";"2011";8599
"Economia";"Pecuária";"Produção de Origem Animal Leite (Mil litros)";"Araguaia";"Santana do Araguaia";"-";"2012";7861
"Economia";"Pecuária";"Produção de Origem Animal Leite (Mil litros)";"Araguaia";"Santana do Araguaia";"-";"2013";8054
"Economia";"Pecuária";"Produção de Origem Animal Leite (Mil litros)";"Araguaia";"Santana do Araguaia";"-";"2014";8386
"Economia";"Pecuária";"Produção de Origem Animal Leite (Mil litros)";"Araguaia";"Santana do Araguaia";"-";"2015";6683
"Economia";"Pecuária";"Produção de Origem Animal Leite (Mil litros)";"Araguaia";"Santana do Araguaia";"-";"2016";6034
"Economia";"Pecuária";"Produção de Origem Animal Leite (Mil litros)";"Araguaia";"Santana do Araguaia";"-";"2017";5008
"Economia";"Pecuária";"Produção de Origem Animal Leite (Mil litros)";"Araguaia";"Santana do Araguaia";"-";"2018";7118
"Economia";"Pecuária";"Produção de Origem Animal Leite (Mil litros)";"Araguaia";"Santana do Araguaia";"-";"2019";6352
"Economia";"Pecuária";"Produção de Origem Animal Leite (Mil litros)";"Araguaia";"Santana do Araguaia";"-";"2020";5519
"Economia";"Pecuária";"Produção de Origem Animal Leite (Mil litros)";"Araguaia";"Santana do Araguaia";"-";"2021";4867
"Economia";"Pecuária";"Produção de Origem Animal Leite (Mil litros)";"Araguaia";"Santana do Araguaia";"-";"2022";3991
"Economia";"Pecuária";"Produção de Origem Animal Leite (Mil litros)";"Araguaia";"Santana do Araguaia";"-";"2023";2981
"Economia";"Pecuária";"Produção de Origem Animal Leite (Mil litros)";"Baixo Amazonas";"Santarém";"-";"2008";4702
"Economia";"Pecuária";"Produção de Origem Animal Leite (Mil litros)";"Baixo Amazonas";"Santarém";"-";"2009";5033
"Economia";"Pecuária";"Produção de Origem Animal Leite (Mil litros)";"Baixo Amazonas";"Santarém";"-";"2010";5325
"Economia";"Pecuária";"Produção de Origem Animal Leite (Mil litros)";"Baixo Amazonas";"Santarém";"-";"2011";5329
"Economia";"Pecuária";"Produção de Origem Animal Leite (Mil litros)";"Baixo Amazonas";"Santarém";"-";"2012";6168
"Economia";"Pecuária";"Produção de Origem Animal Leite (Mil litros)";"Baixo Amazonas";"Santarém";"-";"2013";6251
"Economia";"Pecuária";"Produção de Origem Animal Leite (Mil litros)";"Baixo Amazonas";"Santarém";"-";"2014";6364
"Economia";"Pecuária";"Produção de Origem Animal Leite (Mil litros)";"Baixo Amazonas";"Santarém";"-";"2015";5535
"Economia";"Pecuária";"Produção de Origem Animal Leite (Mil litros)";"Baixo Amazonas";"Santarém";"-";"2016";5466
"Economia";"Pecuária";"Produção de Origem Animal Leite (Mil litros)";"Baixo Amazonas";"Santarém";"-";"2017";5719
"Economia";"Pecuária";"Produção de Origem Animal Leite (Mil litros)";"Baixo Amazonas";"Santarém";"-";"2018";5799
"Economia";"Pecuária";"Produção de Origem Animal Leite (Mil litros)";"Baixo Amazonas";"Santarém";"-";"2019";5690
"Economia";"Pecuária";"Produção de Origem Animal Leite (Mil litros)";"Baixo Amazonas";"Santarém";"-";"2020";6050
"Economia";"Pecuária";"Produção de Origem Animal Leite (Mil litros)";"Baixo Amazonas";"Santarém";"-";"2021";6363
"Economia";"Pecuária";"Produção de Origem Animal Leite (Mil litros)";"Baixo Amazonas";"Santarém";"-";"2022";6213
"Economia";"Pecuária";"Produção de Origem Animal Leite (Mil litros)";"Baixo Amazonas";"Santarém";"-";"2023";6388
"Economia";"Pecuária";"Produção de Origem Animal Leite (Mil litros)";"Rio Caeté";"Santarém Novo";"-";"2008";55
"Economia";"Pecuária";"Produção de Origem Animal Leite (Mil litros)";"Rio Caeté";"Santarém Novo";"-";"2009";52
"Economia";"Pecuária";"Produção de Origem Animal Leite (Mil litros)";"Rio Caeté";"Santarém Novo";"-";"2010";43
"Economia";"Pecuária";"Produção de Origem Animal Leite (Mil litros)";"Rio Caeté";"Santarém Novo";"-";"2011";44
"Economia";"Pecuária";"Produção de Origem Animal Leite (Mil litros)";"Rio Caeté";"Santarém Novo";"-";"2012";45
"Economia";"Pecuária";"Produção de Origem Animal Leite (Mil litros)";"Rio Caeté";"Santarém Novo";"-";"2013";45
"Economia";"Pecuária";"Produção de Origem Animal Leite (Mil litros)";"Rio Caeté";"Santarém Novo";"-";"2014";38
"Economia";"Pecuária";"Produção de Origem Animal Leite (Mil litros)";"Rio Caeté";"Santarém Novo";"-";"2015";32
"Economia";"Pecuária";"Produção de Origem Animal Leite (Mil litros)";"Rio Caeté";"Santarém Novo";"-";"2016";33
"Economia";"Pecuária";"Produção de Origem Animal Leite (Mil litros)";"Rio Caeté";"Santarém Novo";"-";"2017";35
"Economia";"Pecuária";"Produção de Origem Animal Leite (Mil litros)";"Rio Caeté";"Santarém Novo";"-";"2018";28
"Economia";"Pecuária";"Produção de Origem Animal Leite (Mil litros)";"Rio Caeté";"Santarém Novo";"-";"2019";17
"Economia";"Pecuária";"Produção de Origem Animal Leite (Mil litros)";"Rio Caeté";"Santarém Novo";"-";"2020";18
"Economia";"Pecuária";"Produção de Origem Animal Leite (Mil litros)";"Rio Caeté";"Santarém Novo";"-";"2021";17
"Economia";"Pecuária";"Produção de Origem Animal Leite (Mil litros)";"Rio Caeté";"Santarém Novo";"-";"2022";17
"Economia";"Pecuária";"Produção de Origem Animal Leite (Mil litros)";"Rio Caeté";"Santarém Novo";"-";"2023";16
"Economia";"Pecuária";"Produção de Origem Animal Leite (Mil litros)";"Guamá";"Santo Antônio do Tauá";"-";"2008";132
"Economia";"Pecuária";"Produção de Origem Animal Leite (Mil litros)";"Guamá";"Santo Antônio do Tauá";"-";"2009";136
"Economia";"Pecuária";"Produção de Origem Animal Leite (Mil litros)";"Guamá";"Santo Antônio do Tauá";"-";"2010";211
"Economia";"Pecuária";"Produção de Origem Animal Leite (Mil litros)";"Guamá";"Santo Antônio do Tauá";"-";"2011";138
"Economia";"Pecuária";"Produção de Origem Animal Leite (Mil litros)";"Guamá";"Santo Antônio do Tauá";"-";"2012";54
"Economia";"Pecuária";"Produção de Origem Animal Leite (Mil litros)";"Guamá";"Santo Antônio do Tauá";"-";"2013";62
"Economia";"Pecuária";"Produção de Origem Animal Leite (Mil litros)";"Guamá";"Santo Antônio do Tauá";"-";"2014";67
"Economia";"Pecuária";"Produção de Origem Animal Leite (Mil litros)";"Guamá";"Santo Antônio do Tauá";"-";"2015";35
"Economia";"Pecuária";"Produção de Origem Animal Leite (Mil litros)";"Guamá";"Santo Antônio do Tauá";"-";"2016";33
"Economia";"Pecuária";"Produção de Origem Animal Leite (Mil litros)";"Guamá";"Santo Antônio do Tauá";"-";"2017";60
"Economia";"Pecuária";"Produção de Origem Animal Leite (Mil litros)";"Guamá";"Santo Antônio do Tauá";"-";"2018";65
"Economia";"Pecuária";"Produção de Origem Animal Leite (Mil litros)";"Guamá";"Santo Antônio do Tauá";"-";"2019";67
"Economia";"Pecuária";"Produção de Origem Animal Leite (Mil litros)";"Guamá";"Santo Antônio do Tauá";"-";"2020";54
"Economia";"Pecuária";"Produção de Origem Animal Leite (Mil litros)";"Guamá";"Santo Antônio do Tauá";"-";"2021";28
"Economia";"Pecuária";"Produção de Origem Animal Leite (Mil litros)";"Guamá";"Santo Antônio do Tauá";"-";"2022";24
"Economia";"Pecuária";"Produção de Origem Animal Leite (Mil litros)";"Guamá";"Santo Antônio do Tauá";"-";"2023";25
"Economia";"Pecuária";"Produção de Origem Animal Leite (Mil litros)";"Guamá";"São Caetano de Odivelas";"-";"2008";18
"Economia";"Pecuária";"Produção de Origem Animal Leite (Mil litros)";"Guamá";"São Caetano de Odivelas";"-";"2009";4
"Economia";"Pecuária";"Produção de Origem Animal Leite (Mil litros)";"Guamá";"São Caetano de Odivelas";"-";"2010";4
"Economia";"Pecuária";"Produção de Origem Animal Leite (Mil litros)";"Guamá";"São Caetano de Odivelas";"-";"2011";2
"Economia";"Pecuária";"Produção de Origem Animal Leite (Mil litros)";"Guamá";"São Caetano de Odivelas";"-";"2012";2
"Economia";"Pecuária";"Produção de Origem Animal Leite (Mil litros)";"Guamá";"São Caetano de Odivelas";"-";"2013";3
"Economia";"Pecuária";"Produção de Origem Animal Leite (Mil litros)";"Guamá";"São Caetano de Odivelas";"-";"2014";2
"Economia";"Pecuária";"Produção de Origem Animal Leite (Mil litros)";"Guamá";"São Caetano de Odivelas";"-";"2015";3
"Economia";"Pecuária";"Produção de Origem Animal Leite (Mil litros)";"Guamá";"São Caetano de Odivelas";"-";"2016";2
"Economia";"Pecuária";"Produção de Origem Animal Leite (Mil litros)";"Guamá";"São Caetano de Odivelas";"-";"2017";18
"Economia";"Pecuária";"Produção de Origem Animal Leite (Mil litros)";"Guamá";"São Caetano de Odivelas";"-";"2018";20
"Economia";"Pecuária";"Produção de Origem Animal Leite (Mil litros)";"Guamá";"São Caetano de Odivelas";"-";"2019";21
"Economia";"Pecuária";"Produção de Origem Animal Leite (Mil litros)";"Guamá";"São Caetano de Odivelas";"-";"2020";34
"Economia";"Pecuária";"Produção de Origem Animal Leite (Mil litros)";"Guamá";"São Caetano de Odivelas";"-";"2021";19
"Economia";"Pecuária";"Produção de Origem Animal Leite (Mil litros)";"Guamá";"São Caetano de Odivelas";"-";"2022";19
"Economia";"Pecuária";"Produção de Origem Animal Leite (Mil litros)";"Guamá";"São Caetano de Odivelas";"-";"2023";19
"Economia";"Pecuária";"Produção de Origem Animal Leite (Mil litros)";"Carajás";"São Domingos do Araguaia";"-";"2008";12000
"Economia";"Pecuária";"Produção de Origem Animal Leite (Mil litros)";"Carajás";"São Domingos do Araguaia";"-";"2009";12800
"Economia";"Pecuária";"Produção de Origem Animal Leite (Mil litros)";"Carajás";"São Domingos do Araguaia";"-";"2010";14000
"Economia";"Pecuária";"Produção de Origem Animal Leite (Mil litros)";"Carajás";"São Domingos do Araguaia";"-";"2011";13800
"Economia";"Pecuária";"Produção de Origem Animal Leite (Mil litros)";"Carajás";"São Domingos do Araguaia";"-";"2012";12500
"Economia";"Pecuária";"Produção de Origem Animal Leite (Mil litros)";"Carajás";"São Domingos do Araguaia";"-";"2013";12000
"Economia";"Pecuária";"Produção de Origem Animal Leite (Mil litros)";"Carajás";"São Domingos do Araguaia";"-";"2014";12100
"Economia";"Pecuária";"Produção de Origem Animal Leite (Mil litros)";"Carajás";"São Domingos do Araguaia";"-";"2015";12950
"Economia";"Pecuária";"Produção de Origem Animal Leite (Mil litros)";"Carajás";"São Domingos do Araguaia";"-";"2016";13500
"Economia";"Pecuária";"Produção de Origem Animal Leite (Mil litros)";"Carajás";"São Domingos do Araguaia";"-";"2017";13100
"Economia";"Pecuária";"Produção de Origem Animal Leite (Mil litros)";"Carajás";"São Domingos do Araguaia";"-";"2018";13248
"Economia";"Pecuária";"Produção de Origem Animal Leite (Mil litros)";"Carajás";"São Domingos do Araguaia";"-";"2019";14500
"Economia";"Pecuária";"Produção de Origem Animal Leite (Mil litros)";"Carajás";"São Domingos do Araguaia";"-";"2020";15152
"Economia";"Pecuária";"Produção de Origem Animal Leite (Mil litros)";"Carajás";"São Domingos do Araguaia";"-";"2021";15730
"Economia";"Pecuária";"Produção de Origem Animal Leite (Mil litros)";"Carajás";"São Domingos do Araguaia";"-";"2022";15757
"Economia";"Pecuária";"Produção de Origem Animal Leite (Mil litros)";"Carajás";"São Domingos do Araguaia";"-";"2023";13829
"Economia";"Pecuária";"Produção de Origem Animal Leite (Mil litros)";"Guamá";"São Domingos do Capim";"-";"2008";278
"Economia";"Pecuária";"Produção de Origem Animal Leite (Mil litros)";"Guamá";"São Domingos do Capim";"-";"2009";336
"Economia";"Pecuária";"Produção de Origem Animal Leite (Mil litros)";"Guamá";"São Domingos do Capim";"-";"2010";891
"Economia";"Pecuária";"Produção de Origem Animal Leite (Mil litros)";"Guamá";"São Domingos do Capim";"-";"2011";802
"Economia";"Pecuária";"Produção de Origem Animal Leite (Mil litros)";"Guamá";"São Domingos do Capim";"-";"2012";540
"Economia";"Pecuária";"Produção de Origem Animal Leite (Mil litros)";"Guamá";"São Domingos do Capim";"-";"2013";648
"Economia";"Pecuária";"Produção de Origem Animal Leite (Mil litros)";"Guamá";"São Domingos do Capim";"-";"2014";691
"Economia";"Pecuária";"Produção de Origem Animal Leite (Mil litros)";"Guamá";"São Domingos do Capim";"-";"2015";644
"Economia";"Pecuária";"Produção de Origem Animal Leite (Mil litros)";"Guamá";"São Domingos do Capim";"-";"2016";678
"Economia";"Pecuária";"Produção de Origem Animal Leite (Mil litros)";"Guamá";"São Domingos do Capim";"-";"2017";177
"Economia";"Pecuária";"Produção de Origem Animal Leite (Mil litros)";"Guamá";"São Domingos do Capim";"-";"2018";200
"Economia";"Pecuária";"Produção de Origem Animal Leite (Mil litros)";"Guamá";"São Domingos do Capim";"-";"2019";220
"Economia";"Pecuária";"Produção de Origem Animal Leite (Mil litros)";"Guamá";"São Domingos do Capim";"-";"2020";200
"Economia";"Pecuária";"Produção de Origem Animal Leite (Mil litros)";"Guamá";"São Domingos do Capim";"-";"2021";180
"Economia";"Pecuária";"Produção de Origem Animal Leite (Mil litros)";"Guamá";"São Domingos do Capim";"-";"2022";200
"Economia";"Pecuária";"Produção de Origem Animal Leite (Mil litros)";"Guamá";"São Domingos do Capim";"-";"2023";180
"Economia";"Pecuária";"Produção de Origem Animal Leite (Mil litros)";"Araguaia";"São Félix do Xingu";"-";"2008";33592
"Economia";"Pecuária";"Produção de Origem Animal Leite (Mil litros)";"Araguaia";"São Félix do Xingu";"-";"2009";33441
"Economia";"Pecuária";"Produção de Origem Animal Leite (Mil litros)";"Araguaia";"São Félix do Xingu";"-";"2010";26661
"Economia";"Pecuária";"Produção de Origem Animal Leite (Mil litros)";"Araguaia";"São Félix do Xingu";"-";"2011";23730
"Economia";"Pecuária";"Produção de Origem Animal Leite (Mil litros)";"Araguaia";"São Félix do Xingu";"-";"2012";24205
"Economia";"Pecuária";"Produção de Origem Animal Leite (Mil litros)";"Araguaia";"São Félix do Xingu";"-";"2013";22138
"Economia";"Pecuária";"Produção de Origem Animal Leite (Mil litros)";"Araguaia";"São Félix do Xingu";"-";"2014";21535
"Economia";"Pecuária";"Produção de Origem Animal Leite (Mil litros)";"Araguaia";"São Félix do Xingu";"-";"2015";21965
"Economia";"Pecuária";"Produção de Origem Animal Leite (Mil litros)";"Araguaia";"São Félix do Xingu";"-";"2016";23063
"Economia";"Pecuária";"Produção de Origem Animal Leite (Mil litros)";"Araguaia";"São Félix do Xingu";"-";"2017";23485
"Economia";"Pecuária";"Produção de Origem Animal Leite (Mil litros)";"Araguaia";"São Félix do Xingu";"-";"2018";23773
"Economia";"Pecuária";"Produção de Origem Animal Leite (Mil litros)";"Araguaia";"São Félix do Xingu";"-";"2019";3030
"Economia";"Pecuária";"Produção de Origem Animal Leite (Mil litros)";"Araguaia";"São Félix do Xingu";"-";"2020";3106
"Economia";"Pecuária";"Produção de Origem Animal Leite (Mil litros)";"Araguaia";"São Félix do Xingu";"-";"2021";2719
"Economia";"Pecuária";"Produção de Origem Animal Leite (Mil litros)";"Araguaia";"São Félix do Xingu";"-";"2022";2927
"Economia";"Pecuária";"Produção de Origem Animal Leite (Mil litros)";"Araguaia";"São Félix do Xingu";"-";"2023";3445
"Economia";"Pecuária";"Produção de Origem Animal Leite (Mil litros)";"Guamá";"São Francisco do Pará";"-";"2008";294
"Economia";"Pecuária";"Produção de Origem Animal Leite (Mil litros)";"Guamá";"São Francisco do Pará";"-";"2009";854
"Economia";"Pecuária";"Produção de Origem Animal Leite (Mil litros)";"Guamá";"São Francisco do Pará";"-";"2010";751
"Economia";"Pecuária";"Produção de Origem Animal Leite (Mil litros)";"Guamá";"São Francisco do Pará";"-";"2011";754
"Economia";"Pecuária";"Produção de Origem Animal Leite (Mil litros)";"Guamá";"São Francisco do Pará";"-";"2012";43
"Economia";"Pecuária";"Produção de Origem Animal Leite (Mil litros)";"Guamá";"São Francisco do Pará";"-";"2013";96
"Economia";"Pecuária";"Produção de Origem Animal Leite (Mil litros)";"Guamá";"São Francisco do Pará";"-";"2014";113
"Economia";"Pecuária";"Produção de Origem Animal Leite (Mil litros)";"Guamá";"São Francisco do Pará";"-";"2015";118
"Economia";"Pecuária";"Produção de Origem Animal Leite (Mil litros)";"Guamá";"São Francisco do Pará";"-";"2016";119
"Economia";"Pecuária";"Produção de Origem Animal Leite (Mil litros)";"Guamá";"São Francisco do Pará";"-";"2017";293
"Economia";"Pecuária";"Produção de Origem Animal Leite (Mil litros)";"Guamá";"São Francisco do Pará";"-";"2018";300
"Economia";"Pecuária";"Produção de Origem Animal Leite (Mil litros)";"Guamá";"São Francisco do Pará";"-";"2019";350
"Economia";"Pecuária";"Produção de Origem Animal Leite (Mil litros)";"Guamá";"São Francisco do Pará";"-";"2020";320
"Economia";"Pecuária";"Produção de Origem Animal Leite (Mil litros)";"Guamá";"São Francisco do Pará";"-";"2021";300
"Economia";"Pecuária";"Produção de Origem Animal Leite (Mil litros)";"Guamá";"São Francisco do Pará";"-";"2022";350
"Economia";"Pecuária";"Produção de Origem Animal Leite (Mil litros)";"Guamá";"São Francisco do Pará";"-";"2023";300
"Economia";"Pecuária";"Produção de Origem Animal Leite (Mil litros)";"Carajás";"São Geraldo do Araguaia";"-";"2008";16848
"Economia";"Pecuária";"Produção de Origem Animal Leite (Mil litros)";"Carajás";"São Geraldo do Araguaia";"-";"2009";18000
"Economia";"Pecuária";"Produção de Origem Animal Leite (Mil litros)";"Carajás";"São Geraldo do Araguaia";"-";"2010";19008
"Economia";"Pecuária";"Produção de Origem Animal Leite (Mil litros)";"Carajás";"São Geraldo do Araguaia";"-";"2011";17280
"Economia";"Pecuária";"Produção de Origem Animal Leite (Mil litros)";"Carajás";"São Geraldo do Araguaia";"-";"2012";16000
"Economia";"Pecuária";"Produção de Origem Animal Leite (Mil litros)";"Carajás";"São Geraldo do Araguaia";"-";"2013";15000
"Economia";"Pecuária";"Produção de Origem Animal Leite (Mil litros)";"Carajás";"São Geraldo do Araguaia";"-";"2014";16000
"Economia";"Pecuária";"Produção de Origem Animal Leite (Mil litros)";"Carajás";"São Geraldo do Araguaia";"-";"2015";15375
"Economia";"Pecuária";"Produção de Origem Animal Leite (Mil litros)";"Carajás";"São Geraldo do Araguaia";"-";"2016";15400
"Economia";"Pecuária";"Produção de Origem Animal Leite (Mil litros)";"Carajás";"São Geraldo do Araguaia";"-";"2017";15802
"Economia";"Pecuária";"Produção de Origem Animal Leite (Mil litros)";"Carajás";"São Geraldo do Araguaia";"-";"2018";15900
"Economia";"Pecuária";"Produção de Origem Animal Leite (Mil litros)";"Carajás";"São Geraldo do Araguaia";"-";"2019";17400
"Economia";"Pecuária";"Produção de Origem Animal Leite (Mil litros)";"Carajás";"São Geraldo do Araguaia";"-";"2020";17188
"Economia";"Pecuária";"Produção de Origem Animal Leite (Mil litros)";"Carajás";"São Geraldo do Araguaia";"-";"2021";17531
"Economia";"Pecuária";"Produção de Origem Animal Leite (Mil litros)";"Carajás";"São Geraldo do Araguaia";"-";"2022";18456
"Economia";"Pecuária";"Produção de Origem Animal Leite (Mil litros)";"Carajás";"São Geraldo do Araguaia";"-";"2023";17433
"Economia";"Pecuária";"Produção de Origem Animal Leite (Mil litros)";"Guamá";"São João da Ponta";"-";"2008";62
"Economia";"Pecuária";"Produção de Origem Animal Leite (Mil litros)";"Guamá";"São João da Ponta";"-";"2009";65
"Economia";"Pecuária";"Produção de Origem Animal Leite (Mil litros)";"Guamá";"São João da Ponta";"-";"2010";59
"Economia";"Pecuária";"Produção de Origem Animal Leite (Mil litros)";"Guamá";"São João da Ponta";"-";"2011";53
"Economia";"Pecuária";"Produção de Origem Animal Leite (Mil litros)";"Guamá";"São João da Ponta";"-";"2012";1
"Economia";"Pecuária";"Produção de Origem Animal Leite (Mil litros)";"Guamá";"São João da Ponta";"-";"2013";4
"Economia";"Pecuária";"Produção de Origem Animal Leite (Mil litros)";"Guamá";"São João da Ponta";"-";"2014";2
"Economia";"Pecuária";"Produção de Origem Animal Leite (Mil litros)";"Guamá";"São João da Ponta";"-";"2015";3
"Economia";"Pecuária";"Produção de Origem Animal Leite (Mil litros)";"Guamá";"São João da Ponta";"-";"2016";3
"Economia";"Pecuária";"Produção de Origem Animal Leite (Mil litros)";"Guamá";"São João da Ponta";"-";"2017";3
"Economia";"Pecuária";"Produção de Origem Animal Leite (Mil litros)";"Guamá";"São João da Ponta";"-";"2018";4
"Economia";"Pecuária";"Produção de Origem Animal Leite (Mil litros)";"Guamá";"São João da Ponta";"-";"2019";4
"Economia";"Pecuária";"Produção de Origem Animal Leite (Mil litros)";"Guamá";"São João da Ponta";"-";"2020";4
"Economia";"Pecuária";"Produção de Origem Animal Leite (Mil litros)";"Guamá";"São João da Ponta";"-";"2021";4
"Economia";"Pecuária";"Produção de Origem Animal Leite (Mil litros)";"Guamá";"São João da Ponta";"-";"2022";4
"Economia";"Pecuária";"Produção de Origem Animal Leite (Mil litros)";"Guamá";"São João da Ponta";"-";"2023";4
"Economia";"Pecuária";"Produção de Origem Animal Leite (Mil litros)";"Rio Caeté";"São João de Pirabas";"-";"2008";63
"Economia";"Pecuária";"Produção de Origem Animal Leite (Mil litros)";"Rio Caeté";"São João de Pirabas";"-";"2009";54
"Economia";"Pecuária";"Produção de Origem Animal Leite (Mil litros)";"Rio Caeté";"São João de Pirabas";"-";"2010";49
"Economia";"Pecuária";"Produção de Origem Animal Leite (Mil litros)";"Rio Caeté";"São João de Pirabas";"-";"2011";41
"Economia";"Pecuária";"Produção de Origem Animal Leite (Mil litros)";"Rio Caeté";"São João de Pirabas";"-";"2012";43
"Economia";"Pecuária";"Produção de Origem Animal Leite (Mil litros)";"Rio Caeté";"São João de Pirabas";"-";"2013";56
"Economia";"Pecuária";"Produção de Origem Animal Leite (Mil litros)";"Rio Caeté";"São João de Pirabas";"-";"2014";74
"Economia";"Pecuária";"Produção de Origem Animal Leite (Mil litros)";"Rio Caeté";"São João de Pirabas";"-";"2015";72
"Economia";"Pecuária";"Produção de Origem Animal Leite (Mil litros)";"Rio Caeté";"São João de Pirabas";"-";"2016";76
"Economia";"Pecuária";"Produção de Origem Animal Leite (Mil litros)";"Rio Caeté";"São João de Pirabas";"-";"2017";35
"Economia";"Pecuária";"Produção de Origem Animal Leite (Mil litros)";"Rio Caeté";"São João de Pirabas";"-";"2018";25
"Economia";"Pecuária";"Produção de Origem Animal Leite (Mil litros)";"Rio Caeté";"São João de Pirabas";"-";"2019";25
"Economia";"Pecuária";"Produção de Origem Animal Leite (Mil litros)";"Rio Caeté";"São João de Pirabas";"-";"2020";26
"Economia";"Pecuária";"Produção de Origem Animal Leite (Mil litros)";"Rio Caeté";"São João de Pirabas";"-";"2021";31
"Economia";"Pecuária";"Produção de Origem Animal Leite (Mil litros)";"Rio Caeté";"São João de Pirabas";"-";"2022";30
"Economia";"Pecuária";"Produção de Origem Animal Leite (Mil litros)";"Rio Caeté";"São João de Pirabas";"-";"2023";29
"Economia";"Pecuária";"Produção de Origem Animal Leite (Mil litros)";"Carajás";"São João do Araguaia";"-";"2008";3102
"Economia";"Pecuária";"Produção de Origem Animal Leite (Mil litros)";"Carajás";"São João do Araguaia";"-";"2009";3267
"Economia";"Pecuária";"Produção de Origem Animal Leite (Mil litros)";"Carajás";"São João do Araguaia";"-";"2010";3340
"Economia";"Pecuária";"Produção de Origem Animal Leite (Mil litros)";"Carajás";"São João do Araguaia";"-";"2011";3380
"Economia";"Pecuária";"Produção de Origem Animal Leite (Mil litros)";"Carajás";"São João do Araguaia";"-";"2012";2990
"Economia";"Pecuária";"Produção de Origem Animal Leite (Mil litros)";"Carajás";"São João do Araguaia";"-";"2013";2800
"Economia";"Pecuária";"Produção de Origem Animal Leite (Mil litros)";"Carajás";"São João do Araguaia";"-";"2014";2999
"Economia";"Pecuária";"Produção de Origem Animal Leite (Mil litros)";"Carajás";"São João do Araguaia";"-";"2015";3250
"Economia";"Pecuária";"Produção de Origem Animal Leite (Mil litros)";"Carajás";"São João do Araguaia";"-";"2016";3400
"Economia";"Pecuária";"Produção de Origem Animal Leite (Mil litros)";"Carajás";"São João do Araguaia";"-";"2017";4085
"Economia";"Pecuária";"Produção de Origem Animal Leite (Mil litros)";"Carajás";"São João do Araguaia";"-";"2018";3970
"Economia";"Pecuária";"Produção de Origem Animal Leite (Mil litros)";"Carajás";"São João do Araguaia";"-";"2019";4350
"Economia";"Pecuária";"Produção de Origem Animal Leite (Mil litros)";"Carajás";"São João do Araguaia";"-";"2020";5192
"Economia";"Pecuária";"Produção de Origem Animal Leite (Mil litros)";"Carajás";"São João do Araguaia";"-";"2021";6452
"Economia";"Pecuária";"Produção de Origem Animal Leite (Mil litros)";"Carajás";"São João do Araguaia";"-";"2022";6441
"Economia";"Pecuária";"Produção de Origem Animal Leite (Mil litros)";"Carajás";"São João do Araguaia";"-";"2023";5973
"Economia";"Pecuária";"Produção de Origem Animal Leite (Mil litros)";"Guamá";"São Miguel do Guamá";"-";"2008";518
"Economia";"Pecuária";"Produção de Origem Animal Leite (Mil litros)";"Guamá";"São Miguel do Guamá";"-";"2009";9
"Economia";"Pecuária";"Produção de Origem Animal Leite (Mil litros)";"Guamá";"São Miguel do Guamá";"-";"2010";32
"Economia";"Pecuária";"Produção de Origem Animal Leite (Mil litros)";"Guamá";"São Miguel do Guamá";"-";"2011";36
"Economia";"Pecuária";"Produção de Origem Animal Leite (Mil litros)";"Guamá";"São Miguel do Guamá";"-";"2012";259
"Economia";"Pecuária";"Produção de Origem Animal Leite (Mil litros)";"Guamá";"São Miguel do Guamá";"-";"2013";335
"Economia";"Pecuária";"Produção de Origem Animal Leite (Mil litros)";"Guamá";"São Miguel do Guamá";"-";"2014";383
"Economia";"Pecuária";"Produção de Origem Animal Leite (Mil litros)";"Guamá";"São Miguel do Guamá";"-";"2015";403
"Economia";"Pecuária";"Produção de Origem Animal Leite (Mil litros)";"Guamá";"São Miguel do Guamá";"-";"2016";364
"Economia";"Pecuária";"Produção de Origem Animal Leite (Mil litros)";"Guamá";"São Miguel do Guamá";"-";"2017";170
"Economia";"Pecuária";"Produção de Origem Animal Leite (Mil litros)";"Guamá";"São Miguel do Guamá";"-";"2018";200
"Economia";"Pecuária";"Produção de Origem Animal Leite (Mil litros)";"Guamá";"São Miguel do Guamá";"-";"2019";213
"Economia";"Pecuária";"Produção de Origem Animal Leite (Mil litros)";"Guamá";"São Miguel do Guamá";"-";"2020";195
"Economia";"Pecuária";"Produção de Origem Animal Leite (Mil litros)";"Guamá";"São Miguel do Guamá";"-";"2021";180
"Economia";"Pecuária";"Produção de Origem Animal Leite (Mil litros)";"Guamá";"São Miguel do Guamá";"-";"2022";200
"Economia";"Pecuária";"Produção de Origem Animal Leite (Mil litros)";"Guamá";"São Miguel do Guamá";"-";"2023";180
"Economia";"Pecuária";"Produção de Origem Animal Leite (Mil litros)";"Marajó";"São Sebastião da Boa Vista";"-";"2008";0
"Economia";"Pecuária";"Produção de Origem Animal Leite (Mil litros)";"Marajó";"São Sebastião da Boa Vista";"-";"2009";0
"Economia";"Pecuária";"Produção de Origem Animal Leite (Mil litros)";"Marajó";"São Sebastião da Boa Vista";"-";"2010";0
"Economia";"Pecuária";"Produção de Origem Animal Leite (Mil litros)";"Marajó";"São Sebastião da Boa Vista";"-";"2011";0
"Economia";"Pecuária";"Produção de Origem Animal Leite (Mil litros)";"Marajó";"São Sebastião da Boa Vista";"-";"2012";0
"Economia";"Pecuária";"Produção de Origem Animal Leite (Mil litros)";"Marajó";"São Sebastião da Boa Vista";"-";"2013";0
"Economia";"Pecuária";"Produção de Origem Animal Leite (Mil litros)";"Marajó";"São Sebastião da Boa Vista";"-";"2014";0
"Economia";"Pecuária";"Produção de Origem Animal Leite (Mil litros)";"Marajó";"São Sebastião da Boa Vista";"-";"2015";0
"Economia";"Pecuária";"Produção de Origem Animal Leite (Mil litros)";"Marajó";"São Sebastião da Boa Vista";"-";"2016";0
"Economia";"Pecuária";"Produção de Origem Animal Leite (Mil litros)";"Marajó";"São Sebastião da Boa Vista";"-";"2017";0
"Economia";"Pecuária";"Produção de Origem Animal Leite (Mil litros)";"Marajó";"São Sebastião da Boa Vista";"-";"2018";0
"Economia";"Pecuária";"Produção de Origem Animal Leite (Mil litros)";"Marajó";"São Sebastião da Boa Vista";"-";"2019";0
"Economia";"Pecuária";"Produção de Origem Animal Leite (Mil litros)";"Marajó";"São Sebastião da Boa Vista";"-";"2020";0
"Economia";"Pecuária";"Produção de Origem Animal Leite (Mil litros)";"Marajó";"São Sebastião da Boa Vista";"-";"2021";0
"Economia";"Pecuária";"Produção de Origem Animal Leite (Mil litros)";"Marajó";"São Sebastião da Boa Vista";"-";"2022";0
"Economia";"Pecuária";"Produção de Origem Animal Leite (Mil litros)";"Marajó";"São Sebastião da Boa Vista";"-";"2023";50
"Economia";"Pecuária";"Produção de Origem Animal Leite (Mil litros)";"Araguaia";"Sapucaia";"-";"2008";9818
"Economia";"Pecuária";"Produção de Origem Animal Leite (Mil litros)";"Araguaia";"Sapucaia";"-";"2009";9352
"Economia";"Pecuária";"Produção de Origem Animal Leite (Mil litros)";"Araguaia";"Sapucaia";"-";"2010";2272
"Economia";"Pecuária";"Produção de Origem Animal Leite (Mil litros)";"Araguaia";"Sapucaia";"-";"2011";2690
"Economia";"Pecuária";"Produção de Origem Animal Leite (Mil litros)";"Araguaia";"Sapucaia";"-";"2012";2284
"Economia";"Pecuária";"Produção de Origem Animal Leite (Mil litros)";"Araguaia";"Sapucaia";"-";"2013";1964
"Economia";"Pecuária";"Produção de Origem Animal Leite (Mil litros)";"Araguaia";"Sapucaia";"-";"2014";2251
"Economia";"Pecuária";"Produção de Origem Animal Leite (Mil litros)";"Araguaia";"Sapucaia";"-";"2015";2517
"Economia";"Pecuária";"Produção de Origem Animal Leite (Mil litros)";"Araguaia";"Sapucaia";"-";"2016";2820
"Economia";"Pecuária";"Produção de Origem Animal Leite (Mil litros)";"Araguaia";"Sapucaia";"-";"2017";2883
"Economia";"Pecuária";"Produção de Origem Animal Leite (Mil litros)";"Araguaia";"Sapucaia";"-";"2018";2881
"Economia";"Pecuária";"Produção de Origem Animal Leite (Mil litros)";"Araguaia";"Sapucaia";"-";"2019";3016
"Economia";"Pecuária";"Produção de Origem Animal Leite (Mil litros)";"Araguaia";"Sapucaia";"-";"2020";3615
"Economia";"Pecuária";"Produção de Origem Animal Leite (Mil litros)";"Araguaia";"Sapucaia";"-";"2021";3407
"Economia";"Pecuária";"Produção de Origem Animal Leite (Mil litros)";"Araguaia";"Sapucaia";"-";"2022";2862
"Economia";"Pecuária";"Produção de Origem Animal Leite (Mil litros)";"Araguaia";"Sapucaia";"-";"2023";2326
"Economia";"Pecuária";"Produção de Origem Animal Leite (Mil litros)";"Xingu";"Senador José Porfírio";"-";"2008";415
"Economia";"Pecuária";"Produção de Origem Animal Leite (Mil litros)";"Xingu";"Senador José Porfírio";"-";"2009";424
"Economia";"Pecuária";"Produção de Origem Animal Leite (Mil litros)";"Xingu";"Senador José Porfírio";"-";"2010";432
"Economia";"Pecuária";"Produção de Origem Animal Leite (Mil litros)";"Xingu";"Senador José Porfírio";"-";"2011";616
"Economia";"Pecuária";"Produção de Origem Animal Leite (Mil litros)";"Xingu";"Senador José Porfírio";"-";"2012";693
"Economia";"Pecuária";"Produção de Origem Animal Leite (Mil litros)";"Xingu";"Senador José Porfírio";"-";"2013";743
"Economia";"Pecuária";"Produção de Origem Animal Leite (Mil litros)";"Xingu";"Senador José Porfírio";"-";"2014";756
"Economia";"Pecuária";"Produção de Origem Animal Leite (Mil litros)";"Xingu";"Senador José Porfírio";"-";"2015";680
"Economia";"Pecuária";"Produção de Origem Animal Leite (Mil litros)";"Xingu";"Senador José Porfírio";"-";"2016";646
"Economia";"Pecuária";"Produção de Origem Animal Leite (Mil litros)";"Xingu";"Senador José Porfírio";"-";"2017";1140
"Economia";"Pecuária";"Produção de Origem Animal Leite (Mil litros)";"Xingu";"Senador José Porfírio";"-";"2018";1296
"Economia";"Pecuária";"Produção de Origem Animal Leite (Mil litros)";"Xingu";"Senador José Porfírio";"-";"2019";1306
"Economia";"Pecuária";"Produção de Origem Animal Leite (Mil litros)";"Xingu";"Senador José Porfírio";"-";"2020";1582
"Economia";"Pecuária";"Produção de Origem Animal Leite (Mil litros)";"Xingu";"Senador José Porfírio";"-";"2021";1644
"Economia";"Pecuária";"Produção de Origem Animal Leite (Mil litros)";"Xingu";"Senador José Porfírio";"-";"2022";2286
"Economia";"Pecuária";"Produção de Origem Animal Leite (Mil litros)";"Xingu";"Senador José Porfírio";"-";"2023";2097
"Economia";"Pecuária";"Produção de Origem Animal Leite (Mil litros)";"Marajó";"Soure";"-";"2008";987
"Economia";"Pecuária";"Produção de Origem Animal Leite (Mil litros)";"Marajó";"Soure";"-";"2009";992
"Economia";"Pecuária";"Produção de Origem Animal Leite (Mil litros)";"Marajó";"Soure";"-";"2010";997
"Economia";"Pecuária";"Produção de Origem Animal Leite (Mil litros)";"Marajó";"Soure";"-";"2011";1265
"Economia";"Pecuária";"Produção de Origem Animal Leite (Mil litros)";"Marajó";"Soure";"-";"2012";1366
"Economia";"Pecuária";"Produção de Origem Animal Leite (Mil litros)";"Marajó";"Soure";"-";"2013";1652
"Economia";"Pecuária";"Produção de Origem Animal Leite (Mil litros)";"Marajó";"Soure";"-";"2014";1345
"Economia";"Pecuária";"Produção de Origem Animal Leite (Mil litros)";"Marajó";"Soure";"-";"2015";1178
"Economia";"Pecuária";"Produção de Origem Animal Leite (Mil litros)";"Marajó";"Soure";"-";"2016";1094
"Economia";"Pecuária";"Produção de Origem Animal Leite (Mil litros)";"Marajó";"Soure";"-";"2017";986
"Economia";"Pecuária";"Produção de Origem Animal Leite (Mil litros)";"Marajó";"Soure";"-";"2018";941
"Economia";"Pecuária";"Produção de Origem Animal Leite (Mil litros)";"Marajó";"Soure";"-";"2019";930
"Economia";"Pecuária";"Produção de Origem Animal Leite (Mil litros)";"Marajó";"Soure";"-";"2020";1100
"Economia";"Pecuária";"Produção de Origem Animal Leite (Mil litros)";"Marajó";"Soure";"-";"2021";1200
"Economia";"Pecuária";"Produção de Origem Animal Leite (Mil litros)";"Marajó";"Soure";"-";"2022";1000
"Economia";"Pecuária";"Produção de Origem Animal Leite (Mil litros)";"Marajó";"Soure";"-";"2023";1190
"Economia";"Pecuária";"Produção de Origem Animal Leite (Mil litros)";"Tocantins";"Tailândia";"-";"2008";5121
"Economia";"Pecuária";"Produção de Origem Animal Leite (Mil litros)";"Tocantins";"Tailândia";"-";"2009";4145
"Economia";"Pecuária";"Produção de Origem Animal Leite (Mil litros)";"Tocantins";"Tailândia";"-";"2010";4091
"Economia";"Pecuária";"Produção de Origem Animal Leite (Mil litros)";"Tocantins";"Tailândia";"-";"2011";4267
"Economia";"Pecuária";"Produção de Origem Animal Leite (Mil litros)";"Tocantins";"Tailândia";"-";"2012";4270
"Economia";"Pecuária";"Produção de Origem Animal Leite (Mil litros)";"Tocantins";"Tailândia";"-";"2013";0
"Economia";"Pecuária";"Produção de Origem Animal Leite (Mil litros)";"Tocantins";"Tailândia";"-";"2014";0
"Economia";"Pecuária";"Produção de Origem Animal Leite (Mil litros)";"Tocantins";"Tailândia";"-";"2015";0
"Economia";"Pecuária";"Produção de Origem Animal Leite (Mil litros)";"Tocantins";"Tailândia";"-";"2016";0
"Economia";"Pecuária";"Produção de Origem Animal Leite (Mil litros)";"Tocantins";"Tailândia";"-";"2017";1390
"Economia";"Pecuária";"Produção de Origem Animal Leite (Mil litros)";"Tocantins";"Tailândia";"-";"2018";1478
"Economia";"Pecuária";"Produção de Origem Animal Leite (Mil litros)";"Tocantins";"Tailândia";"-";"2019";1512
"Economia";"Pecuária";"Produção de Origem Animal Leite (Mil litros)";"Tocantins";"Tailândia";"-";"2020";1566
"Economia";"Pecuária";"Produção de Origem Animal Leite (Mil litros)";"Tocantins";"Tailândia";"-";"2021";1600
"Economia";"Pecuária";"Produção de Origem Animal Leite (Mil litros)";"Tocantins";"Tailândia";"-";"2022";1700
"Economia";"Pecuária";"Produção de Origem Animal Leite (Mil litros)";"Tocantins";"Tailândia";"-";"2023";1750
"Economia";"Pecuária";"Produção de Origem Animal Leite (Mil litros)";"Guamá";"Terra Alta";"-";"2008";1188
"Economia";"Pecuária";"Produção de Origem Animal Leite (Mil litros)";"Guamá";"Terra Alta";"-";"2009";629
"Economia";"Pecuária";"Produção de Origem Animal Leite (Mil litros)";"Guamá";"Terra Alta";"-";"2010";567
"Economia";"Pecuária";"Produção de Origem Animal Leite (Mil litros)";"Guamá";"Terra Alta";"-";"2011";567
"Economia";"Pecuária";"Produção de Origem Animal Leite (Mil litros)";"Guamá";"Terra Alta";"-";"2012";36
"Economia";"Pecuária";"Produção de Origem Animal Leite (Mil litros)";"Guamá";"Terra Alta";"-";"2013";42
"Economia";"Pecuária";"Produção de Origem Animal Leite (Mil litros)";"Guamá";"Terra Alta";"-";"2014";44
"Economia";"Pecuária";"Produção de Origem Animal Leite (Mil litros)";"Guamá";"Terra Alta";"-";"2015";46
"Economia";"Pecuária";"Produção de Origem Animal Leite (Mil litros)";"Guamá";"Terra Alta";"-";"2016";44
"Economia";"Pecuária";"Produção de Origem Animal Leite (Mil litros)";"Guamá";"Terra Alta";"-";"2017";42
"Economia";"Pecuária";"Produção de Origem Animal Leite (Mil litros)";"Guamá";"Terra Alta";"-";"2018";45
"Economia";"Pecuária";"Produção de Origem Animal Leite (Mil litros)";"Guamá";"Terra Alta";"-";"2019";50
"Economia";"Pecuária";"Produção de Origem Animal Leite (Mil litros)";"Guamá";"Terra Alta";"-";"2020";48
"Economia";"Pecuária";"Produção de Origem Animal Leite (Mil litros)";"Guamá";"Terra Alta";"-";"2021";45
"Economia";"Pecuária";"Produção de Origem Animal Leite (Mil litros)";"Guamá";"Terra Alta";"-";"2022";50
"Economia";"Pecuária";"Produção de Origem Animal Leite (Mil litros)";"Guamá";"Terra Alta";"-";"2023";45
"Economia";"Pecuária";"Produção de Origem Animal Leite (Mil litros)";"Baixo Amazonas";"Terra Santa";"-";"2008";1656
"Economia";"Pecuária";"Produção de Origem Animal Leite (Mil litros)";"Baixo Amazonas";"Terra Santa";"-";"2009";1374
"Economia";"Pecuária";"Produção de Origem Animal Leite (Mil litros)";"Baixo Amazonas";"Terra Santa";"-";"2010";2487
"Economia";"Pecuária";"Produção de Origem Animal Leite (Mil litros)";"Baixo Amazonas";"Terra Santa";"-";"2011";1728
"Economia";"Pecuária";"Produção de Origem Animal Leite (Mil litros)";"Baixo Amazonas";"Terra Santa";"-";"2012";1889
"Economia";"Pecuária";"Produção de Origem Animal Leite (Mil litros)";"Baixo Amazonas";"Terra Santa";"-";"2013";2534
"Economia";"Pecuária";"Produção de Origem Animal Leite (Mil litros)";"Baixo Amazonas";"Terra Santa";"-";"2014";2448
"Economia";"Pecuária";"Produção de Origem Animal Leite (Mil litros)";"Baixo Amazonas";"Terra Santa";"-";"2015";2083
"Economia";"Pecuária";"Produção de Origem Animal Leite (Mil litros)";"Baixo Amazonas";"Terra Santa";"-";"2016";2504
"Economia";"Pecuária";"Produção de Origem Animal Leite (Mil litros)";"Baixo Amazonas";"Terra Santa";"-";"2017";2704
"Economia";"Pecuária";"Produção de Origem Animal Leite (Mil litros)";"Baixo Amazonas";"Terra Santa";"-";"2018";2213
"Economia";"Pecuária";"Produção de Origem Animal Leite (Mil litros)";"Baixo Amazonas";"Terra Santa";"-";"2019";2142
"Economia";"Pecuária";"Produção de Origem Animal Leite (Mil litros)";"Baixo Amazonas";"Terra Santa";"-";"2020";2464
"Economia";"Pecuária";"Produção de Origem Animal Leite (Mil litros)";"Baixo Amazonas";"Terra Santa";"-";"2021";1259
"Economia";"Pecuária";"Produção de Origem Animal Leite (Mil litros)";"Baixo Amazonas";"Terra Santa";"-";"2022";2764
"Economia";"Pecuária";"Produção de Origem Animal Leite (Mil litros)";"Baixo Amazonas";"Terra Santa";"-";"2023";3605
"Economia";"Pecuária";"Produção de Origem Animal Leite (Mil litros)";"Rio Capim";"Tomé-Açu";"-";"2008";1425
"Economia";"Pecuária";"Produção de Origem Animal Leite (Mil litros)";"Rio Capim";"Tomé-Açu";"-";"2009";1180
"Economia";"Pecuária";"Produção de Origem Animal Leite (Mil litros)";"Rio Capim";"Tomé-Açu";"-";"2010";623
"Economia";"Pecuária";"Produção de Origem Animal Leite (Mil litros)";"Rio Capim";"Tomé-Açu";"-";"2011";3024
"Economia";"Pecuária";"Produção de Origem Animal Leite (Mil litros)";"Rio Capim";"Tomé-Açu";"-";"2012";3132
"Economia";"Pecuária";"Produção de Origem Animal Leite (Mil litros)";"Rio Capim";"Tomé-Açu";"-";"2013";2916
"Economia";"Pecuária";"Produção de Origem Animal Leite (Mil litros)";"Rio Capim";"Tomé-Açu";"-";"2014";3024
"Economia";"Pecuária";"Produção de Origem Animal Leite (Mil litros)";"Rio Capim";"Tomé-Açu";"-";"2015";3256
"Economia";"Pecuária";"Produção de Origem Animal Leite (Mil litros)";"Rio Capim";"Tomé-Açu";"-";"2016";3158
"Economia";"Pecuária";"Produção de Origem Animal Leite (Mil litros)";"Rio Capim";"Tomé-Açu";"-";"2017";350
"Economia";"Pecuária";"Produção de Origem Animal Leite (Mil litros)";"Rio Capim";"Tomé-Açu";"-";"2018";364
"Economia";"Pecuária";"Produção de Origem Animal Leite (Mil litros)";"Rio Capim";"Tomé-Açu";"-";"2019";368
"Economia";"Pecuária";"Produção de Origem Animal Leite (Mil litros)";"Rio Capim";"Tomé-Açu";"-";"2020";580
"Economia";"Pecuária";"Produção de Origem Animal Leite (Mil litros)";"Rio Capim";"Tomé-Açu";"-";"2021";320
"Economia";"Pecuária";"Produção de Origem Animal Leite (Mil litros)";"Rio Capim";"Tomé-Açu";"-";"2022";310
"Economia";"Pecuária";"Produção de Origem Animal Leite (Mil litros)";"Rio Capim";"Tomé-Açu";"-";"2023";290
"Economia";"Pecuária";"Produção de Origem Animal Leite (Mil litros)";"Rio Caeté";"Tracuateua";"-";"2008";74
"Economia";"Pecuária";"Produção de Origem Animal Leite (Mil litros)";"Rio Caeté";"Tracuateua";"-";"2009";38
"Economia";"Pecuária";"Produção de Origem Animal Leite (Mil litros)";"Rio Caeté";"Tracuateua";"-";"2010";36
"Economia";"Pecuária";"Produção de Origem Animal Leite (Mil litros)";"Rio Caeté";"Tracuateua";"-";"2011";35
"Economia";"Pecuária";"Produção de Origem Animal Leite (Mil litros)";"Rio Caeté";"Tracuateua";"-";"2012";35
"Economia";"Pecuária";"Produção de Origem Animal Leite (Mil litros)";"Rio Caeté";"Tracuateua";"-";"2013";38
"Economia";"Pecuária";"Produção de Origem Animal Leite (Mil litros)";"Rio Caeté";"Tracuateua";"-";"2014";35
"Economia";"Pecuária";"Produção de Origem Animal Leite (Mil litros)";"Rio Caeté";"Tracuateua";"-";"2015";30
"Economia";"Pecuária";"Produção de Origem Animal Leite (Mil litros)";"Rio Caeté";"Tracuateua";"-";"2016";24
"Economia";"Pecuária";"Produção de Origem Animal Leite (Mil litros)";"Rio Caeté";"Tracuateua";"-";"2017";24
"Economia";"Pecuária";"Produção de Origem Animal Leite (Mil litros)";"Rio Caeté";"Tracuateua";"-";"2018";25
"Economia";"Pecuária";"Produção de Origem Animal Leite (Mil litros)";"Rio Caeté";"Tracuateua";"-";"2019";23
"Economia";"Pecuária";"Produção de Origem Animal Leite (Mil litros)";"Rio Caeté";"Tracuateua";"-";"2020";28
"Economia";"Pecuária";"Produção de Origem Animal Leite (Mil litros)";"Rio Caeté";"Tracuateua";"-";"2021";27
"Economia";"Pecuária";"Produção de Origem Animal Leite (Mil litros)";"Rio Caeté";"Tracuateua";"-";"2022";20
"Economia";"Pecuária";"Produção de Origem Animal Leite (Mil litros)";"Rio Caeté";"Tracuateua";"-";"2023";22
"Economia";"Pecuária";"Produção de Origem Animal Leite (Mil litros)";"Tapajós";"Trairão";"-";"2008";2663
"Economia";"Pecuária";"Produção de Origem Animal Leite (Mil litros)";"Tapajós";"Trairão";"-";"2009";2763
"Economia";"Pecuária";"Produção de Origem Animal Leite (Mil litros)";"Tapajós";"Trairão";"-";"2010";1707
"Economia";"Pecuária";"Produção de Origem Animal Leite (Mil litros)";"Tapajós";"Trairão";"-";"2011";1709
"Economia";"Pecuária";"Produção de Origem Animal Leite (Mil litros)";"Tapajós";"Trairão";"-";"2012";1557
"Economia";"Pecuária";"Produção de Origem Animal Leite (Mil litros)";"Tapajós";"Trairão";"-";"2013";1704
"Economia";"Pecuária";"Produção de Origem Animal Leite (Mil litros)";"Tapajós";"Trairão";"-";"2014";1698
"Economia";"Pecuária";"Produção de Origem Animal Leite (Mil litros)";"Tapajós";"Trairão";"-";"2015";1687
"Economia";"Pecuária";"Produção de Origem Animal Leite (Mil litros)";"Tapajós";"Trairão";"-";"2016";1799
"Economia";"Pecuária";"Produção de Origem Animal Leite (Mil litros)";"Tapajós";"Trairão";"-";"2017";1906
"Economia";"Pecuária";"Produção de Origem Animal Leite (Mil litros)";"Tapajós";"Trairão";"-";"2018";1876
"Economia";"Pecuária";"Produção de Origem Animal Leite (Mil litros)";"Tapajós";"Trairão";"-";"2019";1965
"Economia";"Pecuária";"Produção de Origem Animal Leite (Mil litros)";"Tapajós";"Trairão";"-";"2020";2015
"Economia";"Pecuária";"Produção de Origem Animal Leite (Mil litros)";"Tapajós";"Trairão";"-";"2021";2130
"Economia";"Pecuária";"Produção de Origem Animal Leite (Mil litros)";"Tapajós";"Trairão";"-";"2022";1770
"Economia";"Pecuária";"Produção de Origem Animal Leite (Mil litros)";"Tapajós";"Trairão";"-";"2023";590
"Economia";"Pecuária";"Produção de Origem Animal Leite (Mil litros)";"Araguaia";"Tucumã";"-";"2008";18374
"Economia";"Pecuária";"Produção de Origem Animal Leite (Mil litros)";"Araguaia";"Tucumã";"-";"2009";17954
"Economia";"Pecuária";"Produção de Origem Animal Leite (Mil litros)";"Araguaia";"Tucumã";"-";"2010";7502
"Economia";"Pecuária";"Produção de Origem Animal Leite (Mil litros)";"Araguaia";"Tucumã";"-";"2011";14996
"Economia";"Pecuária";"Produção de Origem Animal Leite (Mil litros)";"Araguaia";"Tucumã";"-";"2012";15445
"Economia";"Pecuária";"Produção de Origem Animal Leite (Mil litros)";"Araguaia";"Tucumã";"-";"2013";15121
"Economia";"Pecuária";"Produção de Origem Animal Leite (Mil litros)";"Araguaia";"Tucumã";"-";"2014";15217
"Economia";"Pecuária";"Produção de Origem Animal Leite (Mil litros)";"Araguaia";"Tucumã";"-";"2015";15369
"Economia";"Pecuária";"Produção de Origem Animal Leite (Mil litros)";"Araguaia";"Tucumã";"-";"2016";16137
"Economia";"Pecuária";"Produção de Origem Animal Leite (Mil litros)";"Araguaia";"Tucumã";"-";"2017";17519
"Economia";"Pecuária";"Produção de Origem Animal Leite (Mil litros)";"Araguaia";"Tucumã";"-";"2018";17664
"Economia";"Pecuária";"Produção de Origem Animal Leite (Mil litros)";"Araguaia";"Tucumã";"-";"2019";17264
"Economia";"Pecuária";"Produção de Origem Animal Leite (Mil litros)";"Araguaia";"Tucumã";"-";"2020";17609
"Economia";"Pecuária";"Produção de Origem Animal Leite (Mil litros)";"Araguaia";"Tucumã";"-";"2021";13964
"Economia";"Pecuária";"Produção de Origem Animal Leite (Mil litros)";"Araguaia";"Tucumã";"-";"2022";14125
"Economia";"Pecuária";"Produção de Origem Animal Leite (Mil litros)";"Araguaia";"Tucumã";"-";"2023";14141
"Economia";"Pecuária";"Produção de Origem Animal Leite (Mil litros)";"Lago de Tucuruí";"Tucuruí";"-";"2008";2449
"Economia";"Pecuária";"Produção de Origem Animal Leite (Mil litros)";"Lago de Tucuruí";"Tucuruí";"-";"2009";2571
"Economia";"Pecuária";"Produção de Origem Animal Leite (Mil litros)";"Lago de Tucuruí";"Tucuruí";"-";"2010";2700
"Economia";"Pecuária";"Produção de Origem Animal Leite (Mil litros)";"Lago de Tucuruí";"Tucuruí";"-";"2011";1992
"Economia";"Pecuária";"Produção de Origem Animal Leite (Mil litros)";"Lago de Tucuruí";"Tucuruí";"-";"2012";3708
"Economia";"Pecuária";"Produção de Origem Animal Leite (Mil litros)";"Lago de Tucuruí";"Tucuruí";"-";"2013";3978
"Economia";"Pecuária";"Produção de Origem Animal Leite (Mil litros)";"Lago de Tucuruí";"Tucuruí";"-";"2014";3920
"Economia";"Pecuária";"Produção de Origem Animal Leite (Mil litros)";"Lago de Tucuruí";"Tucuruí";"-";"2015";2084
"Economia";"Pecuária";"Produção de Origem Animal Leite (Mil litros)";"Lago de Tucuruí";"Tucuruí";"-";"2016";1149
"Economia";"Pecuária";"Produção de Origem Animal Leite (Mil litros)";"Lago de Tucuruí";"Tucuruí";"-";"2017";2000
"Economia";"Pecuária";"Produção de Origem Animal Leite (Mil litros)";"Lago de Tucuruí";"Tucuruí";"-";"2018";2062
"Economia";"Pecuária";"Produção de Origem Animal Leite (Mil litros)";"Lago de Tucuruí";"Tucuruí";"-";"2019";1933
"Economia";"Pecuária";"Produção de Origem Animal Leite (Mil litros)";"Lago de Tucuruí";"Tucuruí";"-";"2020";2029
"Economia";"Pecuária";"Produção de Origem Animal Leite (Mil litros)";"Lago de Tucuruí";"Tucuruí";"-";"2021";1738
"Economia";"Pecuária";"Produção de Origem Animal Leite (Mil litros)";"Lago de Tucuruí";"Tucuruí";"-";"2022";2149
"Economia";"Pecuária";"Produção de Origem Animal Leite (Mil litros)";"Lago de Tucuruí";"Tucuruí";"-";"2023";1938
"Economia";"Pecuária";"Produção de Origem Animal Leite (Mil litros)";"Rio Capim";"Ulianópolis";"-";"2008";3426
"Economia";"Pecuária";"Produção de Origem Animal Leite (Mil litros)";"Rio Capim";"Ulianópolis";"-";"2009";3621
"Economia";"Pecuária";"Produção de Origem Animal Leite (Mil litros)";"Rio Capim";"Ulianópolis";"-";"2010";3265
"Economia";"Pecuária";"Produção de Origem Animal Leite (Mil litros)";"Rio Capim";"Ulianópolis";"-";"2011";4742
"Economia";"Pecuária";"Produção de Origem Animal Leite (Mil litros)";"Rio Capim";"Ulianópolis";"-";"2012";5191
"Economia";"Pecuária";"Produção de Origem Animal Leite (Mil litros)";"Rio Capim";"Ulianópolis";"-";"2013";5143
"Economia";"Pecuária";"Produção de Origem Animal Leite (Mil litros)";"Rio Capim";"Ulianópolis";"-";"2014";5179
"Economia";"Pecuária";"Produção de Origem Animal Leite (Mil litros)";"Rio Capim";"Ulianópolis";"-";"2015";5301
"Economia";"Pecuária";"Produção de Origem Animal Leite (Mil litros)";"Rio Capim";"Ulianópolis";"-";"2016";5381
"Economia";"Pecuária";"Produção de Origem Animal Leite (Mil litros)";"Rio Capim";"Ulianópolis";"-";"2017";5058
"Economia";"Pecuária";"Produção de Origem Animal Leite (Mil litros)";"Rio Capim";"Ulianópolis";"-";"2018";1139
"Economia";"Pecuária";"Produção de Origem Animal Leite (Mil litros)";"Rio Capim";"Ulianópolis";"-";"2019";912
"Economia";"Pecuária";"Produção de Origem Animal Leite (Mil litros)";"Rio Capim";"Ulianópolis";"-";"2020";941
"Economia";"Pecuária";"Produção de Origem Animal Leite (Mil litros)";"Rio Capim";"Ulianópolis";"-";"2021";987
"Economia";"Pecuária";"Produção de Origem Animal Leite (Mil litros)";"Rio Capim";"Ulianópolis";"-";"2022";1094
"Economia";"Pecuária";"Produção de Origem Animal Leite (Mil litros)";"Rio Capim";"Ulianópolis";"-";"2023";897
"Economia";"Pecuária";"Produção de Origem Animal Leite (Mil litros)";"Xingu";"Uruará";"-";"2008";1939
"Economia";"Pecuária";"Produção de Origem Animal Leite (Mil litros)";"Xingu";"Uruará";"-";"2009";2060
"Economia";"Pecuária";"Produção de Origem Animal Leite (Mil litros)";"Xingu";"Uruará";"-";"2010";1877
"Economia";"Pecuária";"Produção de Origem Animal Leite (Mil litros)";"Xingu";"Uruará";"-";"2011";1827
"Economia";"Pecuária";"Produção de Origem Animal Leite (Mil litros)";"Xingu";"Uruará";"-";"2012";1883
"Economia";"Pecuária";"Produção de Origem Animal Leite (Mil litros)";"Xingu";"Uruará";"-";"2013";2493
"Economia";"Pecuária";"Produção de Origem Animal Leite (Mil litros)";"Xingu";"Uruará";"-";"2014";2552
"Economia";"Pecuária";"Produção de Origem Animal Leite (Mil litros)";"Xingu";"Uruará";"-";"2015";2791
"Economia";"Pecuária";"Produção de Origem Animal Leite (Mil litros)";"Xingu";"Uruará";"-";"2016";2529
"Economia";"Pecuária";"Produção de Origem Animal Leite (Mil litros)";"Xingu";"Uruará";"-";"2017";4030
"Economia";"Pecuária";"Produção de Origem Animal Leite (Mil litros)";"Xingu";"Uruará";"-";"2018";5277
"Economia";"Pecuária";"Produção de Origem Animal Leite (Mil litros)";"Xingu";"Uruará";"-";"2019";5952
"Economia";"Pecuária";"Produção de Origem Animal Leite (Mil litros)";"Xingu";"Uruará";"-";"2020";2975
"Economia";"Pecuária";"Produção de Origem Animal Leite (Mil litros)";"Xingu";"Uruará";"-";"2021";5996
"Economia";"Pecuária";"Produção de Origem Animal Leite (Mil litros)";"Xingu";"Uruará";"-";"2022";8388
"Economia";"Pecuária";"Produção de Origem Animal Leite (Mil litros)";"Xingu";"Uruará";"-";"2023";7974
"Economia";"Pecuária";"Produção de Origem Animal Leite (Mil litros)";"Guamá";"Vigia";"-";"2008";86
"Economia";"Pecuária";"Produção de Origem Animal Leite (Mil litros)";"Guamá";"Vigia";"-";"2009";6
"Economia";"Pecuária";"Produção de Origem Animal Leite (Mil litros)";"Guamá";"Vigia";"-";"2010";6
"Economia";"Pecuária";"Produção de Origem Animal Leite (Mil litros)";"Guamá";"Vigia";"-";"2011";9
"Economia";"Pecuária";"Produção de Origem Animal Leite (Mil litros)";"Guamá";"Vigia";"-";"2012";8
"Economia";"Pecuária";"Produção de Origem Animal Leite (Mil litros)";"Guamá";"Vigia";"-";"2013";10
"Economia";"Pecuária";"Produção de Origem Animal Leite (Mil litros)";"Guamá";"Vigia";"-";"2014";14
"Economia";"Pecuária";"Produção de Origem Animal Leite (Mil litros)";"Guamá";"Vigia";"-";"2015";12
"Economia";"Pecuária";"Produção de Origem Animal Leite (Mil litros)";"Guamá";"Vigia";"-";"2016";13
"Economia";"Pecuária";"Produção de Origem Animal Leite (Mil litros)";"Guamá";"Vigia";"-";"2017";68
"Economia";"Pecuária";"Produção de Origem Animal Leite (Mil litros)";"Guamá";"Vigia";"-";"2018";70
"Economia";"Pecuária";"Produção de Origem Animal Leite (Mil litros)";"Guamá";"Vigia";"-";"2019";78
"Economia";"Pecuária";"Produção de Origem Animal Leite (Mil litros)";"Guamá";"Vigia";"-";"2020";134
"Economia";"Pecuária";"Produção de Origem Animal Leite (Mil litros)";"Guamá";"Vigia";"-";"2021";75
"Economia";"Pecuária";"Produção de Origem Animal Leite (Mil litros)";"Guamá";"Vigia";"-";"2022";78
"Economia";"Pecuária";"Produção de Origem Animal Leite (Mil litros)";"Guamá";"Vigia";"-";"2023";70
"Economia";"Pecuária";"Produção de Origem Animal Leite (Mil litros)";"Rio Caeté";"Viseu";"-";"2008";353
"Economia";"Pecuária";"Produção de Origem Animal Leite (Mil litros)";"Rio Caeté";"Viseu";"-";"2009";313
"Economia";"Pecuária";"Produção de Origem Animal Leite (Mil litros)";"Rio Caeté";"Viseu";"-";"2010";303
"Economia";"Pecuária";"Produção de Origem Animal Leite (Mil litros)";"Rio Caeté";"Viseu";"-";"2011";293
"Economia";"Pecuária";"Produção de Origem Animal Leite (Mil litros)";"Rio Caeté";"Viseu";"-";"2012";322
"Economia";"Pecuária";"Produção de Origem Animal Leite (Mil litros)";"Rio Caeté";"Viseu";"-";"2013";306
"Economia";"Pecuária";"Produção de Origem Animal Leite (Mil litros)";"Rio Caeté";"Viseu";"-";"2014";296
"Economia";"Pecuária";"Produção de Origem Animal Leite (Mil litros)";"Rio Caeté";"Viseu";"-";"2015";263
"Economia";"Pecuária";"Produção de Origem Animal Leite (Mil litros)";"Rio Caeté";"Viseu";"-";"2016";219
"Economia";"Pecuária";"Produção de Origem Animal Leite (Mil litros)";"Rio Caeté";"Viseu";"-";"2017";175
"Economia";"Pecuária";"Produção de Origem Animal Leite (Mil litros)";"Rio Caeté";"Viseu";"-";"2018";178
"Economia";"Pecuária";"Produção de Origem Animal Leite (Mil litros)";"Rio Caeté";"Viseu";"-";"2019";150
"Economia";"Pecuária";"Produção de Origem Animal Leite (Mil litros)";"Rio Caeté";"Viseu";"-";"2020";157
"Economia";"Pecuária";"Produção de Origem Animal Leite (Mil litros)";"Rio Caeté";"Viseu";"-";"2021";86
"Economia";"Pecuária";"Produção de Origem Animal Leite (Mil litros)";"Rio Caeté";"Viseu";"-";"2022";65
"Economia";"Pecuária";"Produção de Origem Animal Leite (Mil litros)";"Rio Caeté";"Viseu";"-";"2023";54
"Economia";"Pecuária";"Produção de Origem Animal Leite (Mil litros)";"Xingu";"Vitória do Xingu";"-";"2008";1167
"Economia";"Pecuária";"Produção de Origem Animal Leite (Mil litros)";"Xingu";"Vitória do Xingu";"-";"2009";123
"Economia";"Pecuária";"Produção de Origem Animal Leite (Mil litros)";"Xingu";"Vitória do Xingu";"-";"2010";184
"Economia";"Pecuária";"Produção de Origem Animal Leite (Mil litros)";"Xingu";"Vitória do Xingu";"-";"2011";184
"Economia";"Pecuária";"Produção de Origem Animal Leite (Mil litros)";"Xingu";"Vitória do Xingu";"-";"2012";215
"Economia";"Pecuária";"Produção de Origem Animal Leite (Mil litros)";"Xingu";"Vitória do Xingu";"-";"2013";546
"Economia";"Pecuária";"Produção de Origem Animal Leite (Mil litros)";"Xingu";"Vitória do Xingu";"-";"2014";490
"Economia";"Pecuária";"Produção de Origem Animal Leite (Mil litros)";"Xingu";"Vitória do Xingu";"-";"2015";432
"Economia";"Pecuária";"Produção de Origem Animal Leite (Mil litros)";"Xingu";"Vitória do Xingu";"-";"2016";408
"Economia";"Pecuária";"Produção de Origem Animal Leite (Mil litros)";"Xingu";"Vitória do Xingu";"-";"2017";816
"Economia";"Pecuária";"Produção de Origem Animal Leite (Mil litros)";"Xingu";"Vitória do Xingu";"-";"2018";822
"Economia";"Pecuária";"Produção de Origem Animal Leite (Mil litros)";"Xingu";"Vitória do Xingu";"-";"2019";1036
"Economia";"Pecuária";"Produção de Origem Animal Leite (Mil litros)";"Xingu";"Vitória do Xingu";"-";"2020";1217
"Economia";"Pecuária";"Produção de Origem Animal Leite (Mil litros)";"Xingu";"Vitória do Xingu";"-";"2021";1318
"Economia";"Pecuária";"Produção de Origem Animal Leite (Mil litros)";"Xingu";"Vitória do Xingu";"-";"2022";1548
"Economia";"Pecuária";"Produção de Origem Animal Leite (Mil litros)";"Xingu";"Vitória do Xingu";"-";"2023";1422
"Economia";"Pecuária";"Produção de Origem Animal Leite (Mil litros)";"Araguaia";"Xinguara";"-";"2008";24743
"Economia";"Pecuária";"Produção de Origem Animal Leite (Mil litros)";"Araguaia";"Xinguara";"-";"2009";28944
"Economia";"Pecuária";"Produção de Origem Animal Leite (Mil litros)";"Araguaia";"Xinguara";"-";"2010";25638
"Economia";"Pecuária";"Produção de Origem Animal Leite (Mil litros)";"Araguaia";"Xinguara";"-";"2011";27225
"Economia";"Pecuária";"Produção de Origem Animal Leite (Mil litros)";"Araguaia";"Xinguara";"-";"2012";25852
"Economia";"Pecuária";"Produção de Origem Animal Leite (Mil litros)";"Araguaia";"Xinguara";"-";"2013";21457
"Economia";"Pecuária";"Produção de Origem Animal Leite (Mil litros)";"Araguaia";"Xinguara";"-";"2014";21841
"Economia";"Pecuária";"Produção de Origem Animal Leite (Mil litros)";"Araguaia";"Xinguara";"-";"2015";26767
"Economia";"Pecuária";"Produção de Origem Animal Leite (Mil litros)";"Araguaia";"Xinguara";"-";"2016";26428
"Economia";"Pecuária";"Produção de Origem Animal Leite (Mil litros)";"Araguaia";"Xinguara";"-";"2017";31201
"Economia";"Pecuária";"Produção de Origem Animal Leite (Mil litros)";"Araguaia";"Xinguara";"-";"2018";29475
"Economia";"Pecuária";"Produção de Origem Animal Leite (Mil litros)";"Araguaia";"Xinguara";"-";"2019";25869
"Economia";"Pecuária";"Produção de Origem Animal Leite (Mil litros)";"Araguaia";"Xinguara";"-";"2020";21831
"Economia";"Pecuária";"Produção de Origem Animal Leite (Mil litros)";"Araguaia";"Xinguara";"-";"2021";17863
"Economia";"Pecuária";"Produção de Origem Animal Leite (Mil litros)";"Araguaia";"Xinguara";"-";"2022";14648
"Economia";"Pecuária";"Produção de Origem Animal Leite (Mil litros)";"Araguaia";"Xinguara";"-";"2023";15311
