"tematica";"subtema";"indicador";"ri";"localidade";"categoria";"ano";"valor"
"Economia";"Pecuária";"Produção de Origem Animal Ovos de codorna (Mil dúzias)";"Pará";"Pará";"-";"2008";303
"Economia";"Pecuária";"Produção de Origem Animal Ovos de codorna (Mil dúzias)";"Pará";"Pará";"-";"2009";607
"Economia";"Pecuária";"Produção de Origem Animal Ovos de codorna (Mil dúzias)";"Pará";"Pará";"-";"2010";616
"Economia";"Pecuária";"Produção de Origem Animal Ovos de codorna (Mil dúzias)";"Pará";"Pará";"-";"2011";630
"Economia";"Pecuária";"Produção de Origem Animal Ovos de codorna (Mil dúzias)";"Pará";"Pará";"-";"2012";493
"Economia";"Pecuária";"Produção de Origem Animal Ovos de codorna (Mil dúzias)";"Pará";"Pará";"-";"2013";555
"Economia";"Pecuária";"Produção de Origem Animal Ovos de codorna (Mil dúzias)";"Pará";"Pará";"-";"2014";574
"Economia";"Pecuária";"Produção de Origem Animal Ovos de codorna (Mil dúzias)";"Pará";"Pará";"-";"2015";452
"Economia";"Pecuária";"Produção de Origem Animal Ovos de codorna (Mil dúzias)";"Pará";"Pará";"-";"2016";206
"Economia";"Pecuária";"Produção de Origem Animal Ovos de codorna (Mil dúzias)";"Pará";"Pará";"-";"2017";171
"Economia";"Pecuária";"Produção de Origem Animal Ovos de codorna (Mil dúzias)";"Pará";"Pará";"-";"2018";149
"Economia";"Pecuária";"Produção de Origem Animal Ovos de codorna (Mil dúzias)";"Pará";"Pará";"-";"2019";127
"Economia";"Pecuária";"Produção de Origem Animal Ovos de codorna (Mil dúzias)";"Pará";"Pará";"-";"2020";113
"Economia";"Pecuária";"Produção de Origem Animal Ovos de codorna (Mil dúzias)";"Pará";"Pará";"-";"2021";52
"Economia";"Pecuária";"Produção de Origem Animal Ovos de codorna (Mil dúzias)";"Pará";"Pará";"-";"2022";63
"Economia";"Pecuária";"Produção de Origem Animal Ovos de codorna (Mil dúzias)";"Pará";"Pará";"-";"2023";35
"Economia";"Pecuária";"Produção de Origem Animal Ovos de codorna (Mil dúzias)";"Tocantins";"Abaetetuba";"-";"2008";0
"Economia";"Pecuária";"Produção de Origem Animal Ovos de codorna (Mil dúzias)";"Tocantins";"Abaetetuba";"-";"2009";0
"Economia";"Pecuária";"Produção de Origem Animal Ovos de codorna (Mil dúzias)";"Tocantins";"Abaetetuba";"-";"2010";0
"Economia";"Pecuária";"Produção de Origem Animal Ovos de codorna (Mil dúzias)";"Tocantins";"Abaetetuba";"-";"2011";0
"Economia";"Pecuária";"Produção de Origem Animal Ovos de codorna (Mil dúzias)";"Tocantins";"Abaetetuba";"-";"2012";0
"Economia";"Pecuária";"Produção de Origem Animal Ovos de codorna (Mil dúzias)";"Tocantins";"Abaetetuba";"-";"2013";0
"Economia";"Pecuária";"Produção de Origem Animal Ovos de codorna (Mil dúzias)";"Tocantins";"Abaetetuba";"-";"2014";0
"Economia";"Pecuária";"Produção de Origem Animal Ovos de codorna (Mil dúzias)";"Tocantins";"Abaetetuba";"-";"2015";0
"Economia";"Pecuária";"Produção de Origem Animal Ovos de codorna (Mil dúzias)";"Tocantins";"Abaetetuba";"-";"2016";0
"Economia";"Pecuária";"Produção de Origem Animal Ovos de codorna (Mil dúzias)";"Tocantins";"Abaetetuba";"-";"2017";0
"Economia";"Pecuária";"Produção de Origem Animal Ovos de codorna (Mil dúzias)";"Tocantins";"Abaetetuba";"-";"2018";0
"Economia";"Pecuária";"Produção de Origem Animal Ovos de codorna (Mil dúzias)";"Tocantins";"Abaetetuba";"-";"2019";0
"Economia";"Pecuária";"Produção de Origem Animal Ovos de codorna (Mil dúzias)";"Tocantins";"Abaetetuba";"-";"2020";0
"Economia";"Pecuária";"Produção de Origem Animal Ovos de codorna (Mil dúzias)";"Tocantins";"Abaetetuba";"-";"2021";0
"Economia";"Pecuária";"Produção de Origem Animal Ovos de codorna (Mil dúzias)";"Tocantins";"Abaetetuba";"-";"2022";0
"Economia";"Pecuária";"Produção de Origem Animal Ovos de codorna (Mil dúzias)";"Tocantins";"Abaetetuba";"-";"2023";0
"Economia";"Pecuária";"Produção de Origem Animal Ovos de codorna (Mil dúzias)";"Rio Capim";"Abel Figueiredo";"-";"2008";0
"Economia";"Pecuária";"Produção de Origem Animal Ovos de codorna (Mil dúzias)";"Rio Capim";"Abel Figueiredo";"-";"2009";0
"Economia";"Pecuária";"Produção de Origem Animal Ovos de codorna (Mil dúzias)";"Rio Capim";"Abel Figueiredo";"-";"2010";0
"Economia";"Pecuária";"Produção de Origem Animal Ovos de codorna (Mil dúzias)";"Rio Capim";"Abel Figueiredo";"-";"2011";0
"Economia";"Pecuária";"Produção de Origem Animal Ovos de codorna (Mil dúzias)";"Rio Capim";"Abel Figueiredo";"-";"2012";0
"Economia";"Pecuária";"Produção de Origem Animal Ovos de codorna (Mil dúzias)";"Rio Capim";"Abel Figueiredo";"-";"2013";0
"Economia";"Pecuária";"Produção de Origem Animal Ovos de codorna (Mil dúzias)";"Rio Capim";"Abel Figueiredo";"-";"2014";0
"Economia";"Pecuária";"Produção de Origem Animal Ovos de codorna (Mil dúzias)";"Rio Capim";"Abel Figueiredo";"-";"2015";0
"Economia";"Pecuária";"Produção de Origem Animal Ovos de codorna (Mil dúzias)";"Rio Capim";"Abel Figueiredo";"-";"2016";0
"Economia";"Pecuária";"Produção de Origem Animal Ovos de codorna (Mil dúzias)";"Rio Capim";"Abel Figueiredo";"-";"2017";0
"Economia";"Pecuária";"Produção de Origem Animal Ovos de codorna (Mil dúzias)";"Rio Capim";"Abel Figueiredo";"-";"2018";0
"Economia";"Pecuária";"Produção de Origem Animal Ovos de codorna (Mil dúzias)";"Rio Capim";"Abel Figueiredo";"-";"2019";0
"Economia";"Pecuária";"Produção de Origem Animal Ovos de codorna (Mil dúzias)";"Rio Capim";"Abel Figueiredo";"-";"2020";0
"Economia";"Pecuária";"Produção de Origem Animal Ovos de codorna (Mil dúzias)";"Rio Capim";"Abel Figueiredo";"-";"2021";0
"Economia";"Pecuária";"Produção de Origem Animal Ovos de codorna (Mil dúzias)";"Rio Capim";"Abel Figueiredo";"-";"2022";0
"Economia";"Pecuária";"Produção de Origem Animal Ovos de codorna (Mil dúzias)";"Rio Capim";"Abel Figueiredo";"-";"2023";0
"Economia";"Pecuária";"Produção de Origem Animal Ovos de codorna (Mil dúzias)";"Tocantins";"Acará";"-";"2008";0
"Economia";"Pecuária";"Produção de Origem Animal Ovos de codorna (Mil dúzias)";"Tocantins";"Acará";"-";"2009";0
"Economia";"Pecuária";"Produção de Origem Animal Ovos de codorna (Mil dúzias)";"Tocantins";"Acará";"-";"2010";0
"Economia";"Pecuária";"Produção de Origem Animal Ovos de codorna (Mil dúzias)";"Tocantins";"Acará";"-";"2011";0
"Economia";"Pecuária";"Produção de Origem Animal Ovos de codorna (Mil dúzias)";"Tocantins";"Acará";"-";"2012";0
"Economia";"Pecuária";"Produção de Origem Animal Ovos de codorna (Mil dúzias)";"Tocantins";"Acará";"-";"2013";0
"Economia";"Pecuária";"Produção de Origem Animal Ovos de codorna (Mil dúzias)";"Tocantins";"Acará";"-";"2014";0
"Economia";"Pecuária";"Produção de Origem Animal Ovos de codorna (Mil dúzias)";"Tocantins";"Acará";"-";"2015";0
"Economia";"Pecuária";"Produção de Origem Animal Ovos de codorna (Mil dúzias)";"Tocantins";"Acará";"-";"2016";0
"Economia";"Pecuária";"Produção de Origem Animal Ovos de codorna (Mil dúzias)";"Tocantins";"Acará";"-";"2017";0
"Economia";"Pecuária";"Produção de Origem Animal Ovos de codorna (Mil dúzias)";"Tocantins";"Acará";"-";"2018";0
"Economia";"Pecuária";"Produção de Origem Animal Ovos de codorna (Mil dúzias)";"Tocantins";"Acará";"-";"2019";0
"Economia";"Pecuária";"Produção de Origem Animal Ovos de codorna (Mil dúzias)";"Tocantins";"Acará";"-";"2020";0
"Economia";"Pecuária";"Produção de Origem Animal Ovos de codorna (Mil dúzias)";"Tocantins";"Acará";"-";"2021";0
"Economia";"Pecuária";"Produção de Origem Animal Ovos de codorna (Mil dúzias)";"Tocantins";"Acará";"-";"2022";0
"Economia";"Pecuária";"Produção de Origem Animal Ovos de codorna (Mil dúzias)";"Tocantins";"Acará";"-";"2023";0
"Economia";"Pecuária";"Produção de Origem Animal Ovos de codorna (Mil dúzias)";"Marajó";"Afuá";"-";"2008";0
"Economia";"Pecuária";"Produção de Origem Animal Ovos de codorna (Mil dúzias)";"Marajó";"Afuá";"-";"2009";0
"Economia";"Pecuária";"Produção de Origem Animal Ovos de codorna (Mil dúzias)";"Marajó";"Afuá";"-";"2010";0
"Economia";"Pecuária";"Produção de Origem Animal Ovos de codorna (Mil dúzias)";"Marajó";"Afuá";"-";"2011";0
"Economia";"Pecuária";"Produção de Origem Animal Ovos de codorna (Mil dúzias)";"Marajó";"Afuá";"-";"2012";0
"Economia";"Pecuária";"Produção de Origem Animal Ovos de codorna (Mil dúzias)";"Marajó";"Afuá";"-";"2013";0
"Economia";"Pecuária";"Produção de Origem Animal Ovos de codorna (Mil dúzias)";"Marajó";"Afuá";"-";"2014";0
"Economia";"Pecuária";"Produção de Origem Animal Ovos de codorna (Mil dúzias)";"Marajó";"Afuá";"-";"2015";0
"Economia";"Pecuária";"Produção de Origem Animal Ovos de codorna (Mil dúzias)";"Marajó";"Afuá";"-";"2016";0
"Economia";"Pecuária";"Produção de Origem Animal Ovos de codorna (Mil dúzias)";"Marajó";"Afuá";"-";"2017";0
"Economia";"Pecuária";"Produção de Origem Animal Ovos de codorna (Mil dúzias)";"Marajó";"Afuá";"-";"2018";0
"Economia";"Pecuária";"Produção de Origem Animal Ovos de codorna (Mil dúzias)";"Marajó";"Afuá";"-";"2019";0
"Economia";"Pecuária";"Produção de Origem Animal Ovos de codorna (Mil dúzias)";"Marajó";"Afuá";"-";"2020";0
"Economia";"Pecuária";"Produção de Origem Animal Ovos de codorna (Mil dúzias)";"Marajó";"Afuá";"-";"2021";0
"Economia";"Pecuária";"Produção de Origem Animal Ovos de codorna (Mil dúzias)";"Marajó";"Afuá";"-";"2022";0
"Economia";"Pecuária";"Produção de Origem Animal Ovos de codorna (Mil dúzias)";"Marajó";"Afuá";"-";"2023";0
"Economia";"Pecuária";"Produção de Origem Animal Ovos de codorna (Mil dúzias)";"Araguaia";"Água Azul do Norte";"-";"2008";0
"Economia";"Pecuária";"Produção de Origem Animal Ovos de codorna (Mil dúzias)";"Araguaia";"Água Azul do Norte";"-";"2009";0
"Economia";"Pecuária";"Produção de Origem Animal Ovos de codorna (Mil dúzias)";"Araguaia";"Água Azul do Norte";"-";"2010";0
"Economia";"Pecuária";"Produção de Origem Animal Ovos de codorna (Mil dúzias)";"Araguaia";"Água Azul do Norte";"-";"2011";0
"Economia";"Pecuária";"Produção de Origem Animal Ovos de codorna (Mil dúzias)";"Araguaia";"Água Azul do Norte";"-";"2012";0
"Economia";"Pecuária";"Produção de Origem Animal Ovos de codorna (Mil dúzias)";"Araguaia";"Água Azul do Norte";"-";"2013";0
"Economia";"Pecuária";"Produção de Origem Animal Ovos de codorna (Mil dúzias)";"Araguaia";"Água Azul do Norte";"-";"2014";0
"Economia";"Pecuária";"Produção de Origem Animal Ovos de codorna (Mil dúzias)";"Araguaia";"Água Azul do Norte";"-";"2015";0
"Economia";"Pecuária";"Produção de Origem Animal Ovos de codorna (Mil dúzias)";"Araguaia";"Água Azul do Norte";"-";"2016";0
"Economia";"Pecuária";"Produção de Origem Animal Ovos de codorna (Mil dúzias)";"Araguaia";"Água Azul do Norte";"-";"2017";0
"Economia";"Pecuária";"Produção de Origem Animal Ovos de codorna (Mil dúzias)";"Araguaia";"Água Azul do Norte";"-";"2018";0
"Economia";"Pecuária";"Produção de Origem Animal Ovos de codorna (Mil dúzias)";"Araguaia";"Água Azul do Norte";"-";"2019";0
"Economia";"Pecuária";"Produção de Origem Animal Ovos de codorna (Mil dúzias)";"Araguaia";"Água Azul do Norte";"-";"2020";0
"Economia";"Pecuária";"Produção de Origem Animal Ovos de codorna (Mil dúzias)";"Araguaia";"Água Azul do Norte";"-";"2021";0
"Economia";"Pecuária";"Produção de Origem Animal Ovos de codorna (Mil dúzias)";"Araguaia";"Água Azul do Norte";"-";"2022";0
"Economia";"Pecuária";"Produção de Origem Animal Ovos de codorna (Mil dúzias)";"Araguaia";"Água Azul do Norte";"-";"2023";0
"Economia";"Pecuária";"Produção de Origem Animal Ovos de codorna (Mil dúzias)";"Baixo Amazonas";"Alenquer";"-";"2008";0
"Economia";"Pecuária";"Produção de Origem Animal Ovos de codorna (Mil dúzias)";"Baixo Amazonas";"Alenquer";"-";"2009";0
"Economia";"Pecuária";"Produção de Origem Animal Ovos de codorna (Mil dúzias)";"Baixo Amazonas";"Alenquer";"-";"2010";0
"Economia";"Pecuária";"Produção de Origem Animal Ovos de codorna (Mil dúzias)";"Baixo Amazonas";"Alenquer";"-";"2011";0
"Economia";"Pecuária";"Produção de Origem Animal Ovos de codorna (Mil dúzias)";"Baixo Amazonas";"Alenquer";"-";"2012";0
"Economia";"Pecuária";"Produção de Origem Animal Ovos de codorna (Mil dúzias)";"Baixo Amazonas";"Alenquer";"-";"2013";0
"Economia";"Pecuária";"Produção de Origem Animal Ovos de codorna (Mil dúzias)";"Baixo Amazonas";"Alenquer";"-";"2014";0
"Economia";"Pecuária";"Produção de Origem Animal Ovos de codorna (Mil dúzias)";"Baixo Amazonas";"Alenquer";"-";"2015";0
"Economia";"Pecuária";"Produção de Origem Animal Ovos de codorna (Mil dúzias)";"Baixo Amazonas";"Alenquer";"-";"2016";0
"Economia";"Pecuária";"Produção de Origem Animal Ovos de codorna (Mil dúzias)";"Baixo Amazonas";"Alenquer";"-";"2017";0
"Economia";"Pecuária";"Produção de Origem Animal Ovos de codorna (Mil dúzias)";"Baixo Amazonas";"Alenquer";"-";"2018";0
"Economia";"Pecuária";"Produção de Origem Animal Ovos de codorna (Mil dúzias)";"Baixo Amazonas";"Alenquer";"-";"2019";0
"Economia";"Pecuária";"Produção de Origem Animal Ovos de codorna (Mil dúzias)";"Baixo Amazonas";"Alenquer";"-";"2020";0
"Economia";"Pecuária";"Produção de Origem Animal Ovos de codorna (Mil dúzias)";"Baixo Amazonas";"Alenquer";"-";"2021";0
"Economia";"Pecuária";"Produção de Origem Animal Ovos de codorna (Mil dúzias)";"Baixo Amazonas";"Alenquer";"-";"2022";0
"Economia";"Pecuária";"Produção de Origem Animal Ovos de codorna (Mil dúzias)";"Baixo Amazonas";"Alenquer";"-";"2023";0
"Economia";"Pecuária";"Produção de Origem Animal Ovos de codorna (Mil dúzias)";"Baixo Amazonas";"Almeirim";"-";"2008";0
"Economia";"Pecuária";"Produção de Origem Animal Ovos de codorna (Mil dúzias)";"Baixo Amazonas";"Almeirim";"-";"2009";0
"Economia";"Pecuária";"Produção de Origem Animal Ovos de codorna (Mil dúzias)";"Baixo Amazonas";"Almeirim";"-";"2010";0
"Economia";"Pecuária";"Produção de Origem Animal Ovos de codorna (Mil dúzias)";"Baixo Amazonas";"Almeirim";"-";"2011";0
"Economia";"Pecuária";"Produção de Origem Animal Ovos de codorna (Mil dúzias)";"Baixo Amazonas";"Almeirim";"-";"2012";0
"Economia";"Pecuária";"Produção de Origem Animal Ovos de codorna (Mil dúzias)";"Baixo Amazonas";"Almeirim";"-";"2013";0
"Economia";"Pecuária";"Produção de Origem Animal Ovos de codorna (Mil dúzias)";"Baixo Amazonas";"Almeirim";"-";"2014";0
"Economia";"Pecuária";"Produção de Origem Animal Ovos de codorna (Mil dúzias)";"Baixo Amazonas";"Almeirim";"-";"2015";0
"Economia";"Pecuária";"Produção de Origem Animal Ovos de codorna (Mil dúzias)";"Baixo Amazonas";"Almeirim";"-";"2016";0
"Economia";"Pecuária";"Produção de Origem Animal Ovos de codorna (Mil dúzias)";"Baixo Amazonas";"Almeirim";"-";"2017";0
"Economia";"Pecuária";"Produção de Origem Animal Ovos de codorna (Mil dúzias)";"Baixo Amazonas";"Almeirim";"-";"2018";0
"Economia";"Pecuária";"Produção de Origem Animal Ovos de codorna (Mil dúzias)";"Baixo Amazonas";"Almeirim";"-";"2019";0
"Economia";"Pecuária";"Produção de Origem Animal Ovos de codorna (Mil dúzias)";"Baixo Amazonas";"Almeirim";"-";"2020";0
"Economia";"Pecuária";"Produção de Origem Animal Ovos de codorna (Mil dúzias)";"Baixo Amazonas";"Almeirim";"-";"2021";0
"Economia";"Pecuária";"Produção de Origem Animal Ovos de codorna (Mil dúzias)";"Baixo Amazonas";"Almeirim";"-";"2022";0
"Economia";"Pecuária";"Produção de Origem Animal Ovos de codorna (Mil dúzias)";"Baixo Amazonas";"Almeirim";"-";"2023";0
"Economia";"Pecuária";"Produção de Origem Animal Ovos de codorna (Mil dúzias)";"Xingu";"Altamira";"-";"2008";70
"Economia";"Pecuária";"Produção de Origem Animal Ovos de codorna (Mil dúzias)";"Xingu";"Altamira";"-";"2009";72
"Economia";"Pecuária";"Produção de Origem Animal Ovos de codorna (Mil dúzias)";"Xingu";"Altamira";"-";"2010";72
"Economia";"Pecuária";"Produção de Origem Animal Ovos de codorna (Mil dúzias)";"Xingu";"Altamira";"-";"2011";72
"Economia";"Pecuária";"Produção de Origem Animal Ovos de codorna (Mil dúzias)";"Xingu";"Altamira";"-";"2012";71
"Economia";"Pecuária";"Produção de Origem Animal Ovos de codorna (Mil dúzias)";"Xingu";"Altamira";"-";"2013";81
"Economia";"Pecuária";"Produção de Origem Animal Ovos de codorna (Mil dúzias)";"Xingu";"Altamira";"-";"2014";82
"Economia";"Pecuária";"Produção de Origem Animal Ovos de codorna (Mil dúzias)";"Xingu";"Altamira";"-";"2015";58
"Economia";"Pecuária";"Produção de Origem Animal Ovos de codorna (Mil dúzias)";"Xingu";"Altamira";"-";"2016";52
"Economia";"Pecuária";"Produção de Origem Animal Ovos de codorna (Mil dúzias)";"Xingu";"Altamira";"-";"2017";47
"Economia";"Pecuária";"Produção de Origem Animal Ovos de codorna (Mil dúzias)";"Xingu";"Altamira";"-";"2018";39
"Economia";"Pecuária";"Produção de Origem Animal Ovos de codorna (Mil dúzias)";"Xingu";"Altamira";"-";"2019";32
"Economia";"Pecuária";"Produção de Origem Animal Ovos de codorna (Mil dúzias)";"Xingu";"Altamira";"-";"2020";41
"Economia";"Pecuária";"Produção de Origem Animal Ovos de codorna (Mil dúzias)";"Xingu";"Altamira";"-";"2021";29
"Economia";"Pecuária";"Produção de Origem Animal Ovos de codorna (Mil dúzias)";"Xingu";"Altamira";"-";"2022";26
"Economia";"Pecuária";"Produção de Origem Animal Ovos de codorna (Mil dúzias)";"Xingu";"Altamira";"-";"2023";1
"Economia";"Pecuária";"Produção de Origem Animal Ovos de codorna (Mil dúzias)";"Marajó";"Anajás";"-";"2008";0
"Economia";"Pecuária";"Produção de Origem Animal Ovos de codorna (Mil dúzias)";"Marajó";"Anajás";"-";"2009";0
"Economia";"Pecuária";"Produção de Origem Animal Ovos de codorna (Mil dúzias)";"Marajó";"Anajás";"-";"2010";0
"Economia";"Pecuária";"Produção de Origem Animal Ovos de codorna (Mil dúzias)";"Marajó";"Anajás";"-";"2011";0
"Economia";"Pecuária";"Produção de Origem Animal Ovos de codorna (Mil dúzias)";"Marajó";"Anajás";"-";"2012";0
"Economia";"Pecuária";"Produção de Origem Animal Ovos de codorna (Mil dúzias)";"Marajó";"Anajás";"-";"2013";0
"Economia";"Pecuária";"Produção de Origem Animal Ovos de codorna (Mil dúzias)";"Marajó";"Anajás";"-";"2014";0
"Economia";"Pecuária";"Produção de Origem Animal Ovos de codorna (Mil dúzias)";"Marajó";"Anajás";"-";"2015";0
"Economia";"Pecuária";"Produção de Origem Animal Ovos de codorna (Mil dúzias)";"Marajó";"Anajás";"-";"2016";0
"Economia";"Pecuária";"Produção de Origem Animal Ovos de codorna (Mil dúzias)";"Marajó";"Anajás";"-";"2017";0
"Economia";"Pecuária";"Produção de Origem Animal Ovos de codorna (Mil dúzias)";"Marajó";"Anajás";"-";"2018";0
"Economia";"Pecuária";"Produção de Origem Animal Ovos de codorna (Mil dúzias)";"Marajó";"Anajás";"-";"2019";0
"Economia";"Pecuária";"Produção de Origem Animal Ovos de codorna (Mil dúzias)";"Marajó";"Anajás";"-";"2020";0
"Economia";"Pecuária";"Produção de Origem Animal Ovos de codorna (Mil dúzias)";"Marajó";"Anajás";"-";"2021";0
"Economia";"Pecuária";"Produção de Origem Animal Ovos de codorna (Mil dúzias)";"Marajó";"Anajás";"-";"2022";0
"Economia";"Pecuária";"Produção de Origem Animal Ovos de codorna (Mil dúzias)";"Marajó";"Anajás";"-";"2023";0
"Economia";"Pecuária";"Produção de Origem Animal Ovos de codorna (Mil dúzias)";"Guajará";"Ananindeua";"-";"2008";20
"Economia";"Pecuária";"Produção de Origem Animal Ovos de codorna (Mil dúzias)";"Guajará";"Ananindeua";"-";"2009";252
"Economia";"Pecuária";"Produção de Origem Animal Ovos de codorna (Mil dúzias)";"Guajará";"Ananindeua";"-";"2010";264
"Economia";"Pecuária";"Produção de Origem Animal Ovos de codorna (Mil dúzias)";"Guajará";"Ananindeua";"-";"2011";291
"Economia";"Pecuária";"Produção de Origem Animal Ovos de codorna (Mil dúzias)";"Guajará";"Ananindeua";"-";"2012";194
"Economia";"Pecuária";"Produção de Origem Animal Ovos de codorna (Mil dúzias)";"Guajará";"Ananindeua";"-";"2013";215
"Economia";"Pecuária";"Produção de Origem Animal Ovos de codorna (Mil dúzias)";"Guajará";"Ananindeua";"-";"2014";238
"Economia";"Pecuária";"Produção de Origem Animal Ovos de codorna (Mil dúzias)";"Guajará";"Ananindeua";"-";"2015";165
"Economia";"Pecuária";"Produção de Origem Animal Ovos de codorna (Mil dúzias)";"Guajará";"Ananindeua";"-";"2016";0
"Economia";"Pecuária";"Produção de Origem Animal Ovos de codorna (Mil dúzias)";"Guajará";"Ananindeua";"-";"2017";0
"Economia";"Pecuária";"Produção de Origem Animal Ovos de codorna (Mil dúzias)";"Guajará";"Ananindeua";"-";"2018";0
"Economia";"Pecuária";"Produção de Origem Animal Ovos de codorna (Mil dúzias)";"Guajará";"Ananindeua";"-";"2019";0
"Economia";"Pecuária";"Produção de Origem Animal Ovos de codorna (Mil dúzias)";"Guajará";"Ananindeua";"-";"2020";0
"Economia";"Pecuária";"Produção de Origem Animal Ovos de codorna (Mil dúzias)";"Guajará";"Ananindeua";"-";"2021";0
"Economia";"Pecuária";"Produção de Origem Animal Ovos de codorna (Mil dúzias)";"Guajará";"Ananindeua";"-";"2022";0
"Economia";"Pecuária";"Produção de Origem Animal Ovos de codorna (Mil dúzias)";"Guajará";"Ananindeua";"-";"2023";0
"Economia";"Pecuária";"Produção de Origem Animal Ovos de codorna (Mil dúzias)";"Xingu";"Anapu";"-";"2008";0
"Economia";"Pecuária";"Produção de Origem Animal Ovos de codorna (Mil dúzias)";"Xingu";"Anapu";"-";"2009";0
"Economia";"Pecuária";"Produção de Origem Animal Ovos de codorna (Mil dúzias)";"Xingu";"Anapu";"-";"2010";0
"Economia";"Pecuária";"Produção de Origem Animal Ovos de codorna (Mil dúzias)";"Xingu";"Anapu";"-";"2011";0
"Economia";"Pecuária";"Produção de Origem Animal Ovos de codorna (Mil dúzias)";"Xingu";"Anapu";"-";"2012";0
"Economia";"Pecuária";"Produção de Origem Animal Ovos de codorna (Mil dúzias)";"Xingu";"Anapu";"-";"2013";11
"Economia";"Pecuária";"Produção de Origem Animal Ovos de codorna (Mil dúzias)";"Xingu";"Anapu";"-";"2014";10
"Economia";"Pecuária";"Produção de Origem Animal Ovos de codorna (Mil dúzias)";"Xingu";"Anapu";"-";"2015";12
"Economia";"Pecuária";"Produção de Origem Animal Ovos de codorna (Mil dúzias)";"Xingu";"Anapu";"-";"2016";11
"Economia";"Pecuária";"Produção de Origem Animal Ovos de codorna (Mil dúzias)";"Xingu";"Anapu";"-";"2017";13
"Economia";"Pecuária";"Produção de Origem Animal Ovos de codorna (Mil dúzias)";"Xingu";"Anapu";"-";"2018";12
"Economia";"Pecuária";"Produção de Origem Animal Ovos de codorna (Mil dúzias)";"Xingu";"Anapu";"-";"2019";6
"Economia";"Pecuária";"Produção de Origem Animal Ovos de codorna (Mil dúzias)";"Xingu";"Anapu";"-";"2020";6
"Economia";"Pecuária";"Produção de Origem Animal Ovos de codorna (Mil dúzias)";"Xingu";"Anapu";"-";"2021";0
"Economia";"Pecuária";"Produção de Origem Animal Ovos de codorna (Mil dúzias)";"Xingu";"Anapu";"-";"2022";0
"Economia";"Pecuária";"Produção de Origem Animal Ovos de codorna (Mil dúzias)";"Xingu";"Anapu";"-";"2023";0
"Economia";"Pecuária";"Produção de Origem Animal Ovos de codorna (Mil dúzias)";"Rio Caeté";"Augusto Corrêa";"-";"2008";0
"Economia";"Pecuária";"Produção de Origem Animal Ovos de codorna (Mil dúzias)";"Rio Caeté";"Augusto Corrêa";"-";"2009";0
"Economia";"Pecuária";"Produção de Origem Animal Ovos de codorna (Mil dúzias)";"Rio Caeté";"Augusto Corrêa";"-";"2010";0
"Economia";"Pecuária";"Produção de Origem Animal Ovos de codorna (Mil dúzias)";"Rio Caeté";"Augusto Corrêa";"-";"2011";0
"Economia";"Pecuária";"Produção de Origem Animal Ovos de codorna (Mil dúzias)";"Rio Caeté";"Augusto Corrêa";"-";"2012";0
"Economia";"Pecuária";"Produção de Origem Animal Ovos de codorna (Mil dúzias)";"Rio Caeté";"Augusto Corrêa";"-";"2013";0
"Economia";"Pecuária";"Produção de Origem Animal Ovos de codorna (Mil dúzias)";"Rio Caeté";"Augusto Corrêa";"-";"2014";0
"Economia";"Pecuária";"Produção de Origem Animal Ovos de codorna (Mil dúzias)";"Rio Caeté";"Augusto Corrêa";"-";"2015";0
"Economia";"Pecuária";"Produção de Origem Animal Ovos de codorna (Mil dúzias)";"Rio Caeté";"Augusto Corrêa";"-";"2016";0
"Economia";"Pecuária";"Produção de Origem Animal Ovos de codorna (Mil dúzias)";"Rio Caeté";"Augusto Corrêa";"-";"2017";0
"Economia";"Pecuária";"Produção de Origem Animal Ovos de codorna (Mil dúzias)";"Rio Caeté";"Augusto Corrêa";"-";"2018";0
"Economia";"Pecuária";"Produção de Origem Animal Ovos de codorna (Mil dúzias)";"Rio Caeté";"Augusto Corrêa";"-";"2019";0
"Economia";"Pecuária";"Produção de Origem Animal Ovos de codorna (Mil dúzias)";"Rio Caeté";"Augusto Corrêa";"-";"2020";0
"Economia";"Pecuária";"Produção de Origem Animal Ovos de codorna (Mil dúzias)";"Rio Caeté";"Augusto Corrêa";"-";"2021";0
"Economia";"Pecuária";"Produção de Origem Animal Ovos de codorna (Mil dúzias)";"Rio Caeté";"Augusto Corrêa";"-";"2022";0
"Economia";"Pecuária";"Produção de Origem Animal Ovos de codorna (Mil dúzias)";"Rio Caeté";"Augusto Corrêa";"-";"2023";0
"Economia";"Pecuária";"Produção de Origem Animal Ovos de codorna (Mil dúzias)";"Rio Capim";"Aurora do Pará";"-";"2008";0
"Economia";"Pecuária";"Produção de Origem Animal Ovos de codorna (Mil dúzias)";"Rio Capim";"Aurora do Pará";"-";"2009";0
"Economia";"Pecuária";"Produção de Origem Animal Ovos de codorna (Mil dúzias)";"Rio Capim";"Aurora do Pará";"-";"2010";0
"Economia";"Pecuária";"Produção de Origem Animal Ovos de codorna (Mil dúzias)";"Rio Capim";"Aurora do Pará";"-";"2011";0
"Economia";"Pecuária";"Produção de Origem Animal Ovos de codorna (Mil dúzias)";"Rio Capim";"Aurora do Pará";"-";"2012";0
"Economia";"Pecuária";"Produção de Origem Animal Ovos de codorna (Mil dúzias)";"Rio Capim";"Aurora do Pará";"-";"2013";0
"Economia";"Pecuária";"Produção de Origem Animal Ovos de codorna (Mil dúzias)";"Rio Capim";"Aurora do Pará";"-";"2014";0
"Economia";"Pecuária";"Produção de Origem Animal Ovos de codorna (Mil dúzias)";"Rio Capim";"Aurora do Pará";"-";"2015";0
"Economia";"Pecuária";"Produção de Origem Animal Ovos de codorna (Mil dúzias)";"Rio Capim";"Aurora do Pará";"-";"2016";0
"Economia";"Pecuária";"Produção de Origem Animal Ovos de codorna (Mil dúzias)";"Rio Capim";"Aurora do Pará";"-";"2017";0
"Economia";"Pecuária";"Produção de Origem Animal Ovos de codorna (Mil dúzias)";"Rio Capim";"Aurora do Pará";"-";"2018";0
"Economia";"Pecuária";"Produção de Origem Animal Ovos de codorna (Mil dúzias)";"Rio Capim";"Aurora do Pará";"-";"2019";0
"Economia";"Pecuária";"Produção de Origem Animal Ovos de codorna (Mil dúzias)";"Rio Capim";"Aurora do Pará";"-";"2020";0
"Economia";"Pecuária";"Produção de Origem Animal Ovos de codorna (Mil dúzias)";"Rio Capim";"Aurora do Pará";"-";"2021";0
"Economia";"Pecuária";"Produção de Origem Animal Ovos de codorna (Mil dúzias)";"Rio Capim";"Aurora do Pará";"-";"2022";0
"Economia";"Pecuária";"Produção de Origem Animal Ovos de codorna (Mil dúzias)";"Rio Capim";"Aurora do Pará";"-";"2023";0
"Economia";"Pecuária";"Produção de Origem Animal Ovos de codorna (Mil dúzias)";"Tapajós";"Aveiro";"-";"2008";0
"Economia";"Pecuária";"Produção de Origem Animal Ovos de codorna (Mil dúzias)";"Tapajós";"Aveiro";"-";"2009";0
"Economia";"Pecuária";"Produção de Origem Animal Ovos de codorna (Mil dúzias)";"Tapajós";"Aveiro";"-";"2010";0
"Economia";"Pecuária";"Produção de Origem Animal Ovos de codorna (Mil dúzias)";"Tapajós";"Aveiro";"-";"2011";0
"Economia";"Pecuária";"Produção de Origem Animal Ovos de codorna (Mil dúzias)";"Tapajós";"Aveiro";"-";"2012";0
"Economia";"Pecuária";"Produção de Origem Animal Ovos de codorna (Mil dúzias)";"Tapajós";"Aveiro";"-";"2013";0
"Economia";"Pecuária";"Produção de Origem Animal Ovos de codorna (Mil dúzias)";"Tapajós";"Aveiro";"-";"2014";0
"Economia";"Pecuária";"Produção de Origem Animal Ovos de codorna (Mil dúzias)";"Tapajós";"Aveiro";"-";"2015";0
"Economia";"Pecuária";"Produção de Origem Animal Ovos de codorna (Mil dúzias)";"Tapajós";"Aveiro";"-";"2016";0
"Economia";"Pecuária";"Produção de Origem Animal Ovos de codorna (Mil dúzias)";"Tapajós";"Aveiro";"-";"2017";0
"Economia";"Pecuária";"Produção de Origem Animal Ovos de codorna (Mil dúzias)";"Tapajós";"Aveiro";"-";"2018";0
"Economia";"Pecuária";"Produção de Origem Animal Ovos de codorna (Mil dúzias)";"Tapajós";"Aveiro";"-";"2019";0
"Economia";"Pecuária";"Produção de Origem Animal Ovos de codorna (Mil dúzias)";"Tapajós";"Aveiro";"-";"2020";0
"Economia";"Pecuária";"Produção de Origem Animal Ovos de codorna (Mil dúzias)";"Tapajós";"Aveiro";"-";"2021";0
"Economia";"Pecuária";"Produção de Origem Animal Ovos de codorna (Mil dúzias)";"Tapajós";"Aveiro";"-";"2022";0
"Economia";"Pecuária";"Produção de Origem Animal Ovos de codorna (Mil dúzias)";"Tapajós";"Aveiro";"-";"2023";0
"Economia";"Pecuária";"Produção de Origem Animal Ovos de codorna (Mil dúzias)";"Marajó";"Bagre";"-";"2008";0
"Economia";"Pecuária";"Produção de Origem Animal Ovos de codorna (Mil dúzias)";"Marajó";"Bagre";"-";"2009";0
"Economia";"Pecuária";"Produção de Origem Animal Ovos de codorna (Mil dúzias)";"Marajó";"Bagre";"-";"2010";0
"Economia";"Pecuária";"Produção de Origem Animal Ovos de codorna (Mil dúzias)";"Marajó";"Bagre";"-";"2011";0
"Economia";"Pecuária";"Produção de Origem Animal Ovos de codorna (Mil dúzias)";"Marajó";"Bagre";"-";"2012";0
"Economia";"Pecuária";"Produção de Origem Animal Ovos de codorna (Mil dúzias)";"Marajó";"Bagre";"-";"2013";0
"Economia";"Pecuária";"Produção de Origem Animal Ovos de codorna (Mil dúzias)";"Marajó";"Bagre";"-";"2014";0
"Economia";"Pecuária";"Produção de Origem Animal Ovos de codorna (Mil dúzias)";"Marajó";"Bagre";"-";"2015";0
"Economia";"Pecuária";"Produção de Origem Animal Ovos de codorna (Mil dúzias)";"Marajó";"Bagre";"-";"2016";0
"Economia";"Pecuária";"Produção de Origem Animal Ovos de codorna (Mil dúzias)";"Marajó";"Bagre";"-";"2017";0
"Economia";"Pecuária";"Produção de Origem Animal Ovos de codorna (Mil dúzias)";"Marajó";"Bagre";"-";"2018";0
"Economia";"Pecuária";"Produção de Origem Animal Ovos de codorna (Mil dúzias)";"Marajó";"Bagre";"-";"2019";0
"Economia";"Pecuária";"Produção de Origem Animal Ovos de codorna (Mil dúzias)";"Marajó";"Bagre";"-";"2020";0
"Economia";"Pecuária";"Produção de Origem Animal Ovos de codorna (Mil dúzias)";"Marajó";"Bagre";"-";"2021";0
"Economia";"Pecuária";"Produção de Origem Animal Ovos de codorna (Mil dúzias)";"Marajó";"Bagre";"-";"2022";0
"Economia";"Pecuária";"Produção de Origem Animal Ovos de codorna (Mil dúzias)";"Marajó";"Bagre";"-";"2023";0
"Economia";"Pecuária";"Produção de Origem Animal Ovos de codorna (Mil dúzias)";"Tocantins";"Baião";"-";"2008";0
"Economia";"Pecuária";"Produção de Origem Animal Ovos de codorna (Mil dúzias)";"Tocantins";"Baião";"-";"2009";0
"Economia";"Pecuária";"Produção de Origem Animal Ovos de codorna (Mil dúzias)";"Tocantins";"Baião";"-";"2010";0
"Economia";"Pecuária";"Produção de Origem Animal Ovos de codorna (Mil dúzias)";"Tocantins";"Baião";"-";"2011";0
"Economia";"Pecuária";"Produção de Origem Animal Ovos de codorna (Mil dúzias)";"Tocantins";"Baião";"-";"2012";0
"Economia";"Pecuária";"Produção de Origem Animal Ovos de codorna (Mil dúzias)";"Tocantins";"Baião";"-";"2013";0
"Economia";"Pecuária";"Produção de Origem Animal Ovos de codorna (Mil dúzias)";"Tocantins";"Baião";"-";"2014";0
"Economia";"Pecuária";"Produção de Origem Animal Ovos de codorna (Mil dúzias)";"Tocantins";"Baião";"-";"2015";0
"Economia";"Pecuária";"Produção de Origem Animal Ovos de codorna (Mil dúzias)";"Tocantins";"Baião";"-";"2016";0
"Economia";"Pecuária";"Produção de Origem Animal Ovos de codorna (Mil dúzias)";"Tocantins";"Baião";"-";"2017";0
"Economia";"Pecuária";"Produção de Origem Animal Ovos de codorna (Mil dúzias)";"Tocantins";"Baião";"-";"2018";0
"Economia";"Pecuária";"Produção de Origem Animal Ovos de codorna (Mil dúzias)";"Tocantins";"Baião";"-";"2019";0
"Economia";"Pecuária";"Produção de Origem Animal Ovos de codorna (Mil dúzias)";"Tocantins";"Baião";"-";"2020";0
"Economia";"Pecuária";"Produção de Origem Animal Ovos de codorna (Mil dúzias)";"Tocantins";"Baião";"-";"2021";0
"Economia";"Pecuária";"Produção de Origem Animal Ovos de codorna (Mil dúzias)";"Tocantins";"Baião";"-";"2022";0
"Economia";"Pecuária";"Produção de Origem Animal Ovos de codorna (Mil dúzias)";"Tocantins";"Baião";"-";"2023";0
"Economia";"Pecuária";"Produção de Origem Animal Ovos de codorna (Mil dúzias)";"Araguaia";"Bannach";"-";"2008";0
"Economia";"Pecuária";"Produção de Origem Animal Ovos de codorna (Mil dúzias)";"Araguaia";"Bannach";"-";"2009";0
"Economia";"Pecuária";"Produção de Origem Animal Ovos de codorna (Mil dúzias)";"Araguaia";"Bannach";"-";"2010";0
"Economia";"Pecuária";"Produção de Origem Animal Ovos de codorna (Mil dúzias)";"Araguaia";"Bannach";"-";"2011";0
"Economia";"Pecuária";"Produção de Origem Animal Ovos de codorna (Mil dúzias)";"Araguaia";"Bannach";"-";"2012";0
"Economia";"Pecuária";"Produção de Origem Animal Ovos de codorna (Mil dúzias)";"Araguaia";"Bannach";"-";"2013";0
"Economia";"Pecuária";"Produção de Origem Animal Ovos de codorna (Mil dúzias)";"Araguaia";"Bannach";"-";"2014";0
"Economia";"Pecuária";"Produção de Origem Animal Ovos de codorna (Mil dúzias)";"Araguaia";"Bannach";"-";"2015";0
"Economia";"Pecuária";"Produção de Origem Animal Ovos de codorna (Mil dúzias)";"Araguaia";"Bannach";"-";"2016";0
"Economia";"Pecuária";"Produção de Origem Animal Ovos de codorna (Mil dúzias)";"Araguaia";"Bannach";"-";"2017";0
"Economia";"Pecuária";"Produção de Origem Animal Ovos de codorna (Mil dúzias)";"Araguaia";"Bannach";"-";"2018";0
"Economia";"Pecuária";"Produção de Origem Animal Ovos de codorna (Mil dúzias)";"Araguaia";"Bannach";"-";"2019";0
"Economia";"Pecuária";"Produção de Origem Animal Ovos de codorna (Mil dúzias)";"Araguaia";"Bannach";"-";"2020";0
"Economia";"Pecuária";"Produção de Origem Animal Ovos de codorna (Mil dúzias)";"Araguaia";"Bannach";"-";"2021";0
"Economia";"Pecuária";"Produção de Origem Animal Ovos de codorna (Mil dúzias)";"Araguaia";"Bannach";"-";"2022";0
"Economia";"Pecuária";"Produção de Origem Animal Ovos de codorna (Mil dúzias)";"Araguaia";"Bannach";"-";"2023";0
"Economia";"Pecuária";"Produção de Origem Animal Ovos de codorna (Mil dúzias)";"Tocantins";"Barcarena";"-";"2008";1
"Economia";"Pecuária";"Produção de Origem Animal Ovos de codorna (Mil dúzias)";"Tocantins";"Barcarena";"-";"2009";0
"Economia";"Pecuária";"Produção de Origem Animal Ovos de codorna (Mil dúzias)";"Tocantins";"Barcarena";"-";"2010";0
"Economia";"Pecuária";"Produção de Origem Animal Ovos de codorna (Mil dúzias)";"Tocantins";"Barcarena";"-";"2011";0
"Economia";"Pecuária";"Produção de Origem Animal Ovos de codorna (Mil dúzias)";"Tocantins";"Barcarena";"-";"2012";0
"Economia";"Pecuária";"Produção de Origem Animal Ovos de codorna (Mil dúzias)";"Tocantins";"Barcarena";"-";"2013";0
"Economia";"Pecuária";"Produção de Origem Animal Ovos de codorna (Mil dúzias)";"Tocantins";"Barcarena";"-";"2014";0
"Economia";"Pecuária";"Produção de Origem Animal Ovos de codorna (Mil dúzias)";"Tocantins";"Barcarena";"-";"2015";0
"Economia";"Pecuária";"Produção de Origem Animal Ovos de codorna (Mil dúzias)";"Tocantins";"Barcarena";"-";"2016";0
"Economia";"Pecuária";"Produção de Origem Animal Ovos de codorna (Mil dúzias)";"Tocantins";"Barcarena";"-";"2017";0
"Economia";"Pecuária";"Produção de Origem Animal Ovos de codorna (Mil dúzias)";"Tocantins";"Barcarena";"-";"2018";0
"Economia";"Pecuária";"Produção de Origem Animal Ovos de codorna (Mil dúzias)";"Tocantins";"Barcarena";"-";"2019";0
"Economia";"Pecuária";"Produção de Origem Animal Ovos de codorna (Mil dúzias)";"Tocantins";"Barcarena";"-";"2020";0
"Economia";"Pecuária";"Produção de Origem Animal Ovos de codorna (Mil dúzias)";"Tocantins";"Barcarena";"-";"2021";0
"Economia";"Pecuária";"Produção de Origem Animal Ovos de codorna (Mil dúzias)";"Tocantins";"Barcarena";"-";"2022";0
"Economia";"Pecuária";"Produção de Origem Animal Ovos de codorna (Mil dúzias)";"Tocantins";"Barcarena";"-";"2023";0
"Economia";"Pecuária";"Produção de Origem Animal Ovos de codorna (Mil dúzias)";"Guajará";"Belém";"-";"2008";0
"Economia";"Pecuária";"Produção de Origem Animal Ovos de codorna (Mil dúzias)";"Guajará";"Belém";"-";"2009";0
"Economia";"Pecuária";"Produção de Origem Animal Ovos de codorna (Mil dúzias)";"Guajará";"Belém";"-";"2010";0
"Economia";"Pecuária";"Produção de Origem Animal Ovos de codorna (Mil dúzias)";"Guajará";"Belém";"-";"2011";0
"Economia";"Pecuária";"Produção de Origem Animal Ovos de codorna (Mil dúzias)";"Guajará";"Belém";"-";"2012";0
"Economia";"Pecuária";"Produção de Origem Animal Ovos de codorna (Mil dúzias)";"Guajará";"Belém";"-";"2013";0
"Economia";"Pecuária";"Produção de Origem Animal Ovos de codorna (Mil dúzias)";"Guajará";"Belém";"-";"2014";0
"Economia";"Pecuária";"Produção de Origem Animal Ovos de codorna (Mil dúzias)";"Guajará";"Belém";"-";"2015";0
"Economia";"Pecuária";"Produção de Origem Animal Ovos de codorna (Mil dúzias)";"Guajará";"Belém";"-";"2016";0
"Economia";"Pecuária";"Produção de Origem Animal Ovos de codorna (Mil dúzias)";"Guajará";"Belém";"-";"2017";0
"Economia";"Pecuária";"Produção de Origem Animal Ovos de codorna (Mil dúzias)";"Guajará";"Belém";"-";"2018";0
"Economia";"Pecuária";"Produção de Origem Animal Ovos de codorna (Mil dúzias)";"Guajará";"Belém";"-";"2019";0
"Economia";"Pecuária";"Produção de Origem Animal Ovos de codorna (Mil dúzias)";"Guajará";"Belém";"-";"2020";0
"Economia";"Pecuária";"Produção de Origem Animal Ovos de codorna (Mil dúzias)";"Guajará";"Belém";"-";"2021";0
"Economia";"Pecuária";"Produção de Origem Animal Ovos de codorna (Mil dúzias)";"Guajará";"Belém";"-";"2022";0
"Economia";"Pecuária";"Produção de Origem Animal Ovos de codorna (Mil dúzias)";"Guajará";"Belém";"-";"2023";0
"Economia";"Pecuária";"Produção de Origem Animal Ovos de codorna (Mil dúzias)";"Baixo Amazonas";"Belterra";"-";"2008";0
"Economia";"Pecuária";"Produção de Origem Animal Ovos de codorna (Mil dúzias)";"Baixo Amazonas";"Belterra";"-";"2009";0
"Economia";"Pecuária";"Produção de Origem Animal Ovos de codorna (Mil dúzias)";"Baixo Amazonas";"Belterra";"-";"2010";0
"Economia";"Pecuária";"Produção de Origem Animal Ovos de codorna (Mil dúzias)";"Baixo Amazonas";"Belterra";"-";"2011";0
"Economia";"Pecuária";"Produção de Origem Animal Ovos de codorna (Mil dúzias)";"Baixo Amazonas";"Belterra";"-";"2012";0
"Economia";"Pecuária";"Produção de Origem Animal Ovos de codorna (Mil dúzias)";"Baixo Amazonas";"Belterra";"-";"2013";0
"Economia";"Pecuária";"Produção de Origem Animal Ovos de codorna (Mil dúzias)";"Baixo Amazonas";"Belterra";"-";"2014";0
"Economia";"Pecuária";"Produção de Origem Animal Ovos de codorna (Mil dúzias)";"Baixo Amazonas";"Belterra";"-";"2015";0
"Economia";"Pecuária";"Produção de Origem Animal Ovos de codorna (Mil dúzias)";"Baixo Amazonas";"Belterra";"-";"2016";0
"Economia";"Pecuária";"Produção de Origem Animal Ovos de codorna (Mil dúzias)";"Baixo Amazonas";"Belterra";"-";"2017";0
"Economia";"Pecuária";"Produção de Origem Animal Ovos de codorna (Mil dúzias)";"Baixo Amazonas";"Belterra";"-";"2018";0
"Economia";"Pecuária";"Produção de Origem Animal Ovos de codorna (Mil dúzias)";"Baixo Amazonas";"Belterra";"-";"2019";0
"Economia";"Pecuária";"Produção de Origem Animal Ovos de codorna (Mil dúzias)";"Baixo Amazonas";"Belterra";"-";"2020";0
"Economia";"Pecuária";"Produção de Origem Animal Ovos de codorna (Mil dúzias)";"Baixo Amazonas";"Belterra";"-";"2021";0
"Economia";"Pecuária";"Produção de Origem Animal Ovos de codorna (Mil dúzias)";"Baixo Amazonas";"Belterra";"-";"2022";0
"Economia";"Pecuária";"Produção de Origem Animal Ovos de codorna (Mil dúzias)";"Baixo Amazonas";"Belterra";"-";"2023";0
"Economia";"Pecuária";"Produção de Origem Animal Ovos de codorna (Mil dúzias)";"Guajará";"Benevides";"-";"2008";0
"Economia";"Pecuária";"Produção de Origem Animal Ovos de codorna (Mil dúzias)";"Guajará";"Benevides";"-";"2009";0
"Economia";"Pecuária";"Produção de Origem Animal Ovos de codorna (Mil dúzias)";"Guajará";"Benevides";"-";"2010";0
"Economia";"Pecuária";"Produção de Origem Animal Ovos de codorna (Mil dúzias)";"Guajará";"Benevides";"-";"2011";0
"Economia";"Pecuária";"Produção de Origem Animal Ovos de codorna (Mil dúzias)";"Guajará";"Benevides";"-";"2012";0
"Economia";"Pecuária";"Produção de Origem Animal Ovos de codorna (Mil dúzias)";"Guajará";"Benevides";"-";"2013";0
"Economia";"Pecuária";"Produção de Origem Animal Ovos de codorna (Mil dúzias)";"Guajará";"Benevides";"-";"2014";0
"Economia";"Pecuária";"Produção de Origem Animal Ovos de codorna (Mil dúzias)";"Guajará";"Benevides";"-";"2015";0
"Economia";"Pecuária";"Produção de Origem Animal Ovos de codorna (Mil dúzias)";"Guajará";"Benevides";"-";"2016";0
"Economia";"Pecuária";"Produção de Origem Animal Ovos de codorna (Mil dúzias)";"Guajará";"Benevides";"-";"2017";0
"Economia";"Pecuária";"Produção de Origem Animal Ovos de codorna (Mil dúzias)";"Guajará";"Benevides";"-";"2018";0
"Economia";"Pecuária";"Produção de Origem Animal Ovos de codorna (Mil dúzias)";"Guajará";"Benevides";"-";"2019";0
"Economia";"Pecuária";"Produção de Origem Animal Ovos de codorna (Mil dúzias)";"Guajará";"Benevides";"-";"2020";0
"Economia";"Pecuária";"Produção de Origem Animal Ovos de codorna (Mil dúzias)";"Guajará";"Benevides";"-";"2021";0
"Economia";"Pecuária";"Produção de Origem Animal Ovos de codorna (Mil dúzias)";"Guajará";"Benevides";"-";"2022";0
"Economia";"Pecuária";"Produção de Origem Animal Ovos de codorna (Mil dúzias)";"Guajará";"Benevides";"-";"2023";0
"Economia";"Pecuária";"Produção de Origem Animal Ovos de codorna (Mil dúzias)";"Carajás";"Bom Jesus do Tocantins";"-";"2008";0
"Economia";"Pecuária";"Produção de Origem Animal Ovos de codorna (Mil dúzias)";"Carajás";"Bom Jesus do Tocantins";"-";"2009";0
"Economia";"Pecuária";"Produção de Origem Animal Ovos de codorna (Mil dúzias)";"Carajás";"Bom Jesus do Tocantins";"-";"2010";0
"Economia";"Pecuária";"Produção de Origem Animal Ovos de codorna (Mil dúzias)";"Carajás";"Bom Jesus do Tocantins";"-";"2011";0
"Economia";"Pecuária";"Produção de Origem Animal Ovos de codorna (Mil dúzias)";"Carajás";"Bom Jesus do Tocantins";"-";"2012";0
"Economia";"Pecuária";"Produção de Origem Animal Ovos de codorna (Mil dúzias)";"Carajás";"Bom Jesus do Tocantins";"-";"2013";0
"Economia";"Pecuária";"Produção de Origem Animal Ovos de codorna (Mil dúzias)";"Carajás";"Bom Jesus do Tocantins";"-";"2014";0
"Economia";"Pecuária";"Produção de Origem Animal Ovos de codorna (Mil dúzias)";"Carajás";"Bom Jesus do Tocantins";"-";"2015";0
"Economia";"Pecuária";"Produção de Origem Animal Ovos de codorna (Mil dúzias)";"Carajás";"Bom Jesus do Tocantins";"-";"2016";0
"Economia";"Pecuária";"Produção de Origem Animal Ovos de codorna (Mil dúzias)";"Carajás";"Bom Jesus do Tocantins";"-";"2017";0
"Economia";"Pecuária";"Produção de Origem Animal Ovos de codorna (Mil dúzias)";"Carajás";"Bom Jesus do Tocantins";"-";"2018";0
"Economia";"Pecuária";"Produção de Origem Animal Ovos de codorna (Mil dúzias)";"Carajás";"Bom Jesus do Tocantins";"-";"2019";0
"Economia";"Pecuária";"Produção de Origem Animal Ovos de codorna (Mil dúzias)";"Carajás";"Bom Jesus do Tocantins";"-";"2020";0
"Economia";"Pecuária";"Produção de Origem Animal Ovos de codorna (Mil dúzias)";"Carajás";"Bom Jesus do Tocantins";"-";"2021";0
"Economia";"Pecuária";"Produção de Origem Animal Ovos de codorna (Mil dúzias)";"Carajás";"Bom Jesus do Tocantins";"-";"2022";0
"Economia";"Pecuária";"Produção de Origem Animal Ovos de codorna (Mil dúzias)";"Carajás";"Bom Jesus do Tocantins";"-";"2023";0
"Economia";"Pecuária";"Produção de Origem Animal Ovos de codorna (Mil dúzias)";"Rio Caeté";"Bonito";"-";"2008";0
"Economia";"Pecuária";"Produção de Origem Animal Ovos de codorna (Mil dúzias)";"Rio Caeté";"Bonito";"-";"2009";0
"Economia";"Pecuária";"Produção de Origem Animal Ovos de codorna (Mil dúzias)";"Rio Caeté";"Bonito";"-";"2010";0
"Economia";"Pecuária";"Produção de Origem Animal Ovos de codorna (Mil dúzias)";"Rio Caeté";"Bonito";"-";"2011";0
"Economia";"Pecuária";"Produção de Origem Animal Ovos de codorna (Mil dúzias)";"Rio Caeté";"Bonito";"-";"2012";0
"Economia";"Pecuária";"Produção de Origem Animal Ovos de codorna (Mil dúzias)";"Rio Caeté";"Bonito";"-";"2013";0
"Economia";"Pecuária";"Produção de Origem Animal Ovos de codorna (Mil dúzias)";"Rio Caeté";"Bonito";"-";"2014";0
"Economia";"Pecuária";"Produção de Origem Animal Ovos de codorna (Mil dúzias)";"Rio Caeté";"Bonito";"-";"2015";0
"Economia";"Pecuária";"Produção de Origem Animal Ovos de codorna (Mil dúzias)";"Rio Caeté";"Bonito";"-";"2016";0
"Economia";"Pecuária";"Produção de Origem Animal Ovos de codorna (Mil dúzias)";"Rio Caeté";"Bonito";"-";"2017";0
"Economia";"Pecuária";"Produção de Origem Animal Ovos de codorna (Mil dúzias)";"Rio Caeté";"Bonito";"-";"2018";0
"Economia";"Pecuária";"Produção de Origem Animal Ovos de codorna (Mil dúzias)";"Rio Caeté";"Bonito";"-";"2019";0
"Economia";"Pecuária";"Produção de Origem Animal Ovos de codorna (Mil dúzias)";"Rio Caeté";"Bonito";"-";"2020";0
"Economia";"Pecuária";"Produção de Origem Animal Ovos de codorna (Mil dúzias)";"Rio Caeté";"Bonito";"-";"2021";0
"Economia";"Pecuária";"Produção de Origem Animal Ovos de codorna (Mil dúzias)";"Rio Caeté";"Bonito";"-";"2022";0
"Economia";"Pecuária";"Produção de Origem Animal Ovos de codorna (Mil dúzias)";"Rio Caeté";"Bonito";"-";"2023";0
"Economia";"Pecuária";"Produção de Origem Animal Ovos de codorna (Mil dúzias)";"Rio Caeté";"Bragança";"-";"2008";0
"Economia";"Pecuária";"Produção de Origem Animal Ovos de codorna (Mil dúzias)";"Rio Caeté";"Bragança";"-";"2009";0
"Economia";"Pecuária";"Produção de Origem Animal Ovos de codorna (Mil dúzias)";"Rio Caeté";"Bragança";"-";"2010";0
"Economia";"Pecuária";"Produção de Origem Animal Ovos de codorna (Mil dúzias)";"Rio Caeté";"Bragança";"-";"2011";0
"Economia";"Pecuária";"Produção de Origem Animal Ovos de codorna (Mil dúzias)";"Rio Caeté";"Bragança";"-";"2012";0
"Economia";"Pecuária";"Produção de Origem Animal Ovos de codorna (Mil dúzias)";"Rio Caeté";"Bragança";"-";"2013";0
"Economia";"Pecuária";"Produção de Origem Animal Ovos de codorna (Mil dúzias)";"Rio Caeté";"Bragança";"-";"2014";0
"Economia";"Pecuária";"Produção de Origem Animal Ovos de codorna (Mil dúzias)";"Rio Caeté";"Bragança";"-";"2015";0
"Economia";"Pecuária";"Produção de Origem Animal Ovos de codorna (Mil dúzias)";"Rio Caeté";"Bragança";"-";"2016";0
"Economia";"Pecuária";"Produção de Origem Animal Ovos de codorna (Mil dúzias)";"Rio Caeté";"Bragança";"-";"2017";0
"Economia";"Pecuária";"Produção de Origem Animal Ovos de codorna (Mil dúzias)";"Rio Caeté";"Bragança";"-";"2018";0
"Economia";"Pecuária";"Produção de Origem Animal Ovos de codorna (Mil dúzias)";"Rio Caeté";"Bragança";"-";"2019";0
"Economia";"Pecuária";"Produção de Origem Animal Ovos de codorna (Mil dúzias)";"Rio Caeté";"Bragança";"-";"2020";0
"Economia";"Pecuária";"Produção de Origem Animal Ovos de codorna (Mil dúzias)";"Rio Caeté";"Bragança";"-";"2021";0
"Economia";"Pecuária";"Produção de Origem Animal Ovos de codorna (Mil dúzias)";"Rio Caeté";"Bragança";"-";"2022";0
"Economia";"Pecuária";"Produção de Origem Animal Ovos de codorna (Mil dúzias)";"Rio Caeté";"Bragança";"-";"2023";0
"Economia";"Pecuária";"Produção de Origem Animal Ovos de codorna (Mil dúzias)";"Xingu";"Brasil Novo";"-";"2008";0
"Economia";"Pecuária";"Produção de Origem Animal Ovos de codorna (Mil dúzias)";"Xingu";"Brasil Novo";"-";"2009";0
"Economia";"Pecuária";"Produção de Origem Animal Ovos de codorna (Mil dúzias)";"Xingu";"Brasil Novo";"-";"2010";0
"Economia";"Pecuária";"Produção de Origem Animal Ovos de codorna (Mil dúzias)";"Xingu";"Brasil Novo";"-";"2011";0
"Economia";"Pecuária";"Produção de Origem Animal Ovos de codorna (Mil dúzias)";"Xingu";"Brasil Novo";"-";"2012";0
"Economia";"Pecuária";"Produção de Origem Animal Ovos de codorna (Mil dúzias)";"Xingu";"Brasil Novo";"-";"2013";0
"Economia";"Pecuária";"Produção de Origem Animal Ovos de codorna (Mil dúzias)";"Xingu";"Brasil Novo";"-";"2014";0
"Economia";"Pecuária";"Produção de Origem Animal Ovos de codorna (Mil dúzias)";"Xingu";"Brasil Novo";"-";"2015";0
"Economia";"Pecuária";"Produção de Origem Animal Ovos de codorna (Mil dúzias)";"Xingu";"Brasil Novo";"-";"2016";0
"Economia";"Pecuária";"Produção de Origem Animal Ovos de codorna (Mil dúzias)";"Xingu";"Brasil Novo";"-";"2017";0
"Economia";"Pecuária";"Produção de Origem Animal Ovos de codorna (Mil dúzias)";"Xingu";"Brasil Novo";"-";"2018";0
"Economia";"Pecuária";"Produção de Origem Animal Ovos de codorna (Mil dúzias)";"Xingu";"Brasil Novo";"-";"2019";0
"Economia";"Pecuária";"Produção de Origem Animal Ovos de codorna (Mil dúzias)";"Xingu";"Brasil Novo";"-";"2020";0
"Economia";"Pecuária";"Produção de Origem Animal Ovos de codorna (Mil dúzias)";"Xingu";"Brasil Novo";"-";"2021";0
"Economia";"Pecuária";"Produção de Origem Animal Ovos de codorna (Mil dúzias)";"Xingu";"Brasil Novo";"-";"2022";0
"Economia";"Pecuária";"Produção de Origem Animal Ovos de codorna (Mil dúzias)";"Xingu";"Brasil Novo";"-";"2023";0
"Economia";"Pecuária";"Produção de Origem Animal Ovos de codorna (Mil dúzias)";"Carajás";"Brejo Grande do Araguaia";"-";"2008";0
"Economia";"Pecuária";"Produção de Origem Animal Ovos de codorna (Mil dúzias)";"Carajás";"Brejo Grande do Araguaia";"-";"2009";0
"Economia";"Pecuária";"Produção de Origem Animal Ovos de codorna (Mil dúzias)";"Carajás";"Brejo Grande do Araguaia";"-";"2010";0
"Economia";"Pecuária";"Produção de Origem Animal Ovos de codorna (Mil dúzias)";"Carajás";"Brejo Grande do Araguaia";"-";"2011";0
"Economia";"Pecuária";"Produção de Origem Animal Ovos de codorna (Mil dúzias)";"Carajás";"Brejo Grande do Araguaia";"-";"2012";0
"Economia";"Pecuária";"Produção de Origem Animal Ovos de codorna (Mil dúzias)";"Carajás";"Brejo Grande do Araguaia";"-";"2013";0
"Economia";"Pecuária";"Produção de Origem Animal Ovos de codorna (Mil dúzias)";"Carajás";"Brejo Grande do Araguaia";"-";"2014";0
"Economia";"Pecuária";"Produção de Origem Animal Ovos de codorna (Mil dúzias)";"Carajás";"Brejo Grande do Araguaia";"-";"2015";0
"Economia";"Pecuária";"Produção de Origem Animal Ovos de codorna (Mil dúzias)";"Carajás";"Brejo Grande do Araguaia";"-";"2016";0
"Economia";"Pecuária";"Produção de Origem Animal Ovos de codorna (Mil dúzias)";"Carajás";"Brejo Grande do Araguaia";"-";"2017";0
"Economia";"Pecuária";"Produção de Origem Animal Ovos de codorna (Mil dúzias)";"Carajás";"Brejo Grande do Araguaia";"-";"2018";0
"Economia";"Pecuária";"Produção de Origem Animal Ovos de codorna (Mil dúzias)";"Carajás";"Brejo Grande do Araguaia";"-";"2019";0
"Economia";"Pecuária";"Produção de Origem Animal Ovos de codorna (Mil dúzias)";"Carajás";"Brejo Grande do Araguaia";"-";"2020";0
"Economia";"Pecuária";"Produção de Origem Animal Ovos de codorna (Mil dúzias)";"Carajás";"Brejo Grande do Araguaia";"-";"2021";0
"Economia";"Pecuária";"Produção de Origem Animal Ovos de codorna (Mil dúzias)";"Carajás";"Brejo Grande do Araguaia";"-";"2022";0
"Economia";"Pecuária";"Produção de Origem Animal Ovos de codorna (Mil dúzias)";"Carajás";"Brejo Grande do Araguaia";"-";"2023";0
"Economia";"Pecuária";"Produção de Origem Animal Ovos de codorna (Mil dúzias)";"Lago de Tucuruí";"Breu Branco";"-";"2008";0
"Economia";"Pecuária";"Produção de Origem Animal Ovos de codorna (Mil dúzias)";"Lago de Tucuruí";"Breu Branco";"-";"2009";0
"Economia";"Pecuária";"Produção de Origem Animal Ovos de codorna (Mil dúzias)";"Lago de Tucuruí";"Breu Branco";"-";"2010";0
"Economia";"Pecuária";"Produção de Origem Animal Ovos de codorna (Mil dúzias)";"Lago de Tucuruí";"Breu Branco";"-";"2011";0
"Economia";"Pecuária";"Produção de Origem Animal Ovos de codorna (Mil dúzias)";"Lago de Tucuruí";"Breu Branco";"-";"2012";15
"Economia";"Pecuária";"Produção de Origem Animal Ovos de codorna (Mil dúzias)";"Lago de Tucuruí";"Breu Branco";"-";"2013";20
"Economia";"Pecuária";"Produção de Origem Animal Ovos de codorna (Mil dúzias)";"Lago de Tucuruí";"Breu Branco";"-";"2014";15
"Economia";"Pecuária";"Produção de Origem Animal Ovos de codorna (Mil dúzias)";"Lago de Tucuruí";"Breu Branco";"-";"2015";12
"Economia";"Pecuária";"Produção de Origem Animal Ovos de codorna (Mil dúzias)";"Lago de Tucuruí";"Breu Branco";"-";"2016";10
"Economia";"Pecuária";"Produção de Origem Animal Ovos de codorna (Mil dúzias)";"Lago de Tucuruí";"Breu Branco";"-";"2017";9
"Economia";"Pecuária";"Produção de Origem Animal Ovos de codorna (Mil dúzias)";"Lago de Tucuruí";"Breu Branco";"-";"2018";8
"Economia";"Pecuária";"Produção de Origem Animal Ovos de codorna (Mil dúzias)";"Lago de Tucuruí";"Breu Branco";"-";"2019";0
"Economia";"Pecuária";"Produção de Origem Animal Ovos de codorna (Mil dúzias)";"Lago de Tucuruí";"Breu Branco";"-";"2020";0
"Economia";"Pecuária";"Produção de Origem Animal Ovos de codorna (Mil dúzias)";"Lago de Tucuruí";"Breu Branco";"-";"2021";0
"Economia";"Pecuária";"Produção de Origem Animal Ovos de codorna (Mil dúzias)";"Lago de Tucuruí";"Breu Branco";"-";"2022";0
"Economia";"Pecuária";"Produção de Origem Animal Ovos de codorna (Mil dúzias)";"Lago de Tucuruí";"Breu Branco";"-";"2023";0
"Economia";"Pecuária";"Produção de Origem Animal Ovos de codorna (Mil dúzias)";"Marajó";"Breves";"-";"2008";0
"Economia";"Pecuária";"Produção de Origem Animal Ovos de codorna (Mil dúzias)";"Marajó";"Breves";"-";"2009";0
"Economia";"Pecuária";"Produção de Origem Animal Ovos de codorna (Mil dúzias)";"Marajó";"Breves";"-";"2010";0
"Economia";"Pecuária";"Produção de Origem Animal Ovos de codorna (Mil dúzias)";"Marajó";"Breves";"-";"2011";0
"Economia";"Pecuária";"Produção de Origem Animal Ovos de codorna (Mil dúzias)";"Marajó";"Breves";"-";"2012";0
"Economia";"Pecuária";"Produção de Origem Animal Ovos de codorna (Mil dúzias)";"Marajó";"Breves";"-";"2013";0
"Economia";"Pecuária";"Produção de Origem Animal Ovos de codorna (Mil dúzias)";"Marajó";"Breves";"-";"2014";0
"Economia";"Pecuária";"Produção de Origem Animal Ovos de codorna (Mil dúzias)";"Marajó";"Breves";"-";"2015";0
"Economia";"Pecuária";"Produção de Origem Animal Ovos de codorna (Mil dúzias)";"Marajó";"Breves";"-";"2016";0
"Economia";"Pecuária";"Produção de Origem Animal Ovos de codorna (Mil dúzias)";"Marajó";"Breves";"-";"2017";0
"Economia";"Pecuária";"Produção de Origem Animal Ovos de codorna (Mil dúzias)";"Marajó";"Breves";"-";"2018";0
"Economia";"Pecuária";"Produção de Origem Animal Ovos de codorna (Mil dúzias)";"Marajó";"Breves";"-";"2019";0
"Economia";"Pecuária";"Produção de Origem Animal Ovos de codorna (Mil dúzias)";"Marajó";"Breves";"-";"2020";0
"Economia";"Pecuária";"Produção de Origem Animal Ovos de codorna (Mil dúzias)";"Marajó";"Breves";"-";"2021";0
"Economia";"Pecuária";"Produção de Origem Animal Ovos de codorna (Mil dúzias)";"Marajó";"Breves";"-";"2022";0
"Economia";"Pecuária";"Produção de Origem Animal Ovos de codorna (Mil dúzias)";"Marajó";"Breves";"-";"2023";0
"Economia";"Pecuária";"Produção de Origem Animal Ovos de codorna (Mil dúzias)";"Rio Capim";"Bujaru";"-";"2008";0
"Economia";"Pecuária";"Produção de Origem Animal Ovos de codorna (Mil dúzias)";"Rio Capim";"Bujaru";"-";"2009";0
"Economia";"Pecuária";"Produção de Origem Animal Ovos de codorna (Mil dúzias)";"Rio Capim";"Bujaru";"-";"2010";0
"Economia";"Pecuária";"Produção de Origem Animal Ovos de codorna (Mil dúzias)";"Rio Capim";"Bujaru";"-";"2011";0
"Economia";"Pecuária";"Produção de Origem Animal Ovos de codorna (Mil dúzias)";"Rio Capim";"Bujaru";"-";"2012";0
"Economia";"Pecuária";"Produção de Origem Animal Ovos de codorna (Mil dúzias)";"Rio Capim";"Bujaru";"-";"2013";0
"Economia";"Pecuária";"Produção de Origem Animal Ovos de codorna (Mil dúzias)";"Rio Capim";"Bujaru";"-";"2014";0
"Economia";"Pecuária";"Produção de Origem Animal Ovos de codorna (Mil dúzias)";"Rio Capim";"Bujaru";"-";"2015";0
"Economia";"Pecuária";"Produção de Origem Animal Ovos de codorna (Mil dúzias)";"Rio Capim";"Bujaru";"-";"2016";0
"Economia";"Pecuária";"Produção de Origem Animal Ovos de codorna (Mil dúzias)";"Rio Capim";"Bujaru";"-";"2017";0
"Economia";"Pecuária";"Produção de Origem Animal Ovos de codorna (Mil dúzias)";"Rio Capim";"Bujaru";"-";"2018";0
"Economia";"Pecuária";"Produção de Origem Animal Ovos de codorna (Mil dúzias)";"Rio Capim";"Bujaru";"-";"2019";0
"Economia";"Pecuária";"Produção de Origem Animal Ovos de codorna (Mil dúzias)";"Rio Capim";"Bujaru";"-";"2020";0
"Economia";"Pecuária";"Produção de Origem Animal Ovos de codorna (Mil dúzias)";"Rio Capim";"Bujaru";"-";"2021";0
"Economia";"Pecuária";"Produção de Origem Animal Ovos de codorna (Mil dúzias)";"Rio Capim";"Bujaru";"-";"2022";0
"Economia";"Pecuária";"Produção de Origem Animal Ovos de codorna (Mil dúzias)";"Rio Capim";"Bujaru";"-";"2023";0
"Economia";"Pecuária";"Produção de Origem Animal Ovos de codorna (Mil dúzias)";"Marajó";"Cachoeira do Arari";"-";"2008";0
"Economia";"Pecuária";"Produção de Origem Animal Ovos de codorna (Mil dúzias)";"Marajó";"Cachoeira do Arari";"-";"2009";0
"Economia";"Pecuária";"Produção de Origem Animal Ovos de codorna (Mil dúzias)";"Marajó";"Cachoeira do Arari";"-";"2010";0
"Economia";"Pecuária";"Produção de Origem Animal Ovos de codorna (Mil dúzias)";"Marajó";"Cachoeira do Arari";"-";"2011";0
"Economia";"Pecuária";"Produção de Origem Animal Ovos de codorna (Mil dúzias)";"Marajó";"Cachoeira do Arari";"-";"2012";0
"Economia";"Pecuária";"Produção de Origem Animal Ovos de codorna (Mil dúzias)";"Marajó";"Cachoeira do Arari";"-";"2013";0
"Economia";"Pecuária";"Produção de Origem Animal Ovos de codorna (Mil dúzias)";"Marajó";"Cachoeira do Arari";"-";"2014";0
"Economia";"Pecuária";"Produção de Origem Animal Ovos de codorna (Mil dúzias)";"Marajó";"Cachoeira do Arari";"-";"2015";0
"Economia";"Pecuária";"Produção de Origem Animal Ovos de codorna (Mil dúzias)";"Marajó";"Cachoeira do Arari";"-";"2016";0
"Economia";"Pecuária";"Produção de Origem Animal Ovos de codorna (Mil dúzias)";"Marajó";"Cachoeira do Arari";"-";"2017";0
"Economia";"Pecuária";"Produção de Origem Animal Ovos de codorna (Mil dúzias)";"Marajó";"Cachoeira do Arari";"-";"2018";0
"Economia";"Pecuária";"Produção de Origem Animal Ovos de codorna (Mil dúzias)";"Marajó";"Cachoeira do Arari";"-";"2019";0
"Economia";"Pecuária";"Produção de Origem Animal Ovos de codorna (Mil dúzias)";"Marajó";"Cachoeira do Arari";"-";"2020";0
"Economia";"Pecuária";"Produção de Origem Animal Ovos de codorna (Mil dúzias)";"Marajó";"Cachoeira do Arari";"-";"2021";0
"Economia";"Pecuária";"Produção de Origem Animal Ovos de codorna (Mil dúzias)";"Marajó";"Cachoeira do Arari";"-";"2022";0
"Economia";"Pecuária";"Produção de Origem Animal Ovos de codorna (Mil dúzias)";"Marajó";"Cachoeira do Arari";"-";"2023";0
"Economia";"Pecuária";"Produção de Origem Animal Ovos de codorna (Mil dúzias)";"Rio Caeté";"Cachoeira do Piriá";"-";"2008";0
"Economia";"Pecuária";"Produção de Origem Animal Ovos de codorna (Mil dúzias)";"Rio Caeté";"Cachoeira do Piriá";"-";"2009";0
"Economia";"Pecuária";"Produção de Origem Animal Ovos de codorna (Mil dúzias)";"Rio Caeté";"Cachoeira do Piriá";"-";"2010";0
"Economia";"Pecuária";"Produção de Origem Animal Ovos de codorna (Mil dúzias)";"Rio Caeté";"Cachoeira do Piriá";"-";"2011";0
"Economia";"Pecuária";"Produção de Origem Animal Ovos de codorna (Mil dúzias)";"Rio Caeté";"Cachoeira do Piriá";"-";"2012";0
"Economia";"Pecuária";"Produção de Origem Animal Ovos de codorna (Mil dúzias)";"Rio Caeté";"Cachoeira do Piriá";"-";"2013";0
"Economia";"Pecuária";"Produção de Origem Animal Ovos de codorna (Mil dúzias)";"Rio Caeté";"Cachoeira do Piriá";"-";"2014";0
"Economia";"Pecuária";"Produção de Origem Animal Ovos de codorna (Mil dúzias)";"Rio Caeté";"Cachoeira do Piriá";"-";"2015";1
"Economia";"Pecuária";"Produção de Origem Animal Ovos de codorna (Mil dúzias)";"Rio Caeté";"Cachoeira do Piriá";"-";"2016";2
"Economia";"Pecuária";"Produção de Origem Animal Ovos de codorna (Mil dúzias)";"Rio Caeté";"Cachoeira do Piriá";"-";"2017";0
"Economia";"Pecuária";"Produção de Origem Animal Ovos de codorna (Mil dúzias)";"Rio Caeté";"Cachoeira do Piriá";"-";"2018";0
"Economia";"Pecuária";"Produção de Origem Animal Ovos de codorna (Mil dúzias)";"Rio Caeté";"Cachoeira do Piriá";"-";"2019";0
"Economia";"Pecuária";"Produção de Origem Animal Ovos de codorna (Mil dúzias)";"Rio Caeté";"Cachoeira do Piriá";"-";"2020";0
"Economia";"Pecuária";"Produção de Origem Animal Ovos de codorna (Mil dúzias)";"Rio Caeté";"Cachoeira do Piriá";"-";"2021";0
"Economia";"Pecuária";"Produção de Origem Animal Ovos de codorna (Mil dúzias)";"Rio Caeté";"Cachoeira do Piriá";"-";"2022";0
"Economia";"Pecuária";"Produção de Origem Animal Ovos de codorna (Mil dúzias)";"Rio Caeté";"Cachoeira do Piriá";"-";"2023";0
"Economia";"Pecuária";"Produção de Origem Animal Ovos de codorna (Mil dúzias)";"Tocantins";"Cametá";"-";"2008";0
"Economia";"Pecuária";"Produção de Origem Animal Ovos de codorna (Mil dúzias)";"Tocantins";"Cametá";"-";"2009";0
"Economia";"Pecuária";"Produção de Origem Animal Ovos de codorna (Mil dúzias)";"Tocantins";"Cametá";"-";"2010";0
"Economia";"Pecuária";"Produção de Origem Animal Ovos de codorna (Mil dúzias)";"Tocantins";"Cametá";"-";"2011";0
"Economia";"Pecuária";"Produção de Origem Animal Ovos de codorna (Mil dúzias)";"Tocantins";"Cametá";"-";"2012";0
"Economia";"Pecuária";"Produção de Origem Animal Ovos de codorna (Mil dúzias)";"Tocantins";"Cametá";"-";"2013";0
"Economia";"Pecuária";"Produção de Origem Animal Ovos de codorna (Mil dúzias)";"Tocantins";"Cametá";"-";"2014";0
"Economia";"Pecuária";"Produção de Origem Animal Ovos de codorna (Mil dúzias)";"Tocantins";"Cametá";"-";"2015";0
"Economia";"Pecuária";"Produção de Origem Animal Ovos de codorna (Mil dúzias)";"Tocantins";"Cametá";"-";"2016";0
"Economia";"Pecuária";"Produção de Origem Animal Ovos de codorna (Mil dúzias)";"Tocantins";"Cametá";"-";"2017";0
"Economia";"Pecuária";"Produção de Origem Animal Ovos de codorna (Mil dúzias)";"Tocantins";"Cametá";"-";"2018";0
"Economia";"Pecuária";"Produção de Origem Animal Ovos de codorna (Mil dúzias)";"Tocantins";"Cametá";"-";"2019";0
"Economia";"Pecuária";"Produção de Origem Animal Ovos de codorna (Mil dúzias)";"Tocantins";"Cametá";"-";"2020";0
"Economia";"Pecuária";"Produção de Origem Animal Ovos de codorna (Mil dúzias)";"Tocantins";"Cametá";"-";"2021";0
"Economia";"Pecuária";"Produção de Origem Animal Ovos de codorna (Mil dúzias)";"Tocantins";"Cametá";"-";"2022";0
"Economia";"Pecuária";"Produção de Origem Animal Ovos de codorna (Mil dúzias)";"Tocantins";"Cametá";"-";"2023";0
"Economia";"Pecuária";"Produção de Origem Animal Ovos de codorna (Mil dúzias)";"Carajás";"Canaã dos Carajás";"-";"2008";0
"Economia";"Pecuária";"Produção de Origem Animal Ovos de codorna (Mil dúzias)";"Carajás";"Canaã dos Carajás";"-";"2009";0
"Economia";"Pecuária";"Produção de Origem Animal Ovos de codorna (Mil dúzias)";"Carajás";"Canaã dos Carajás";"-";"2010";0
"Economia";"Pecuária";"Produção de Origem Animal Ovos de codorna (Mil dúzias)";"Carajás";"Canaã dos Carajás";"-";"2011";0
"Economia";"Pecuária";"Produção de Origem Animal Ovos de codorna (Mil dúzias)";"Carajás";"Canaã dos Carajás";"-";"2012";0
"Economia";"Pecuária";"Produção de Origem Animal Ovos de codorna (Mil dúzias)";"Carajás";"Canaã dos Carajás";"-";"2013";0
"Economia";"Pecuária";"Produção de Origem Animal Ovos de codorna (Mil dúzias)";"Carajás";"Canaã dos Carajás";"-";"2014";0
"Economia";"Pecuária";"Produção de Origem Animal Ovos de codorna (Mil dúzias)";"Carajás";"Canaã dos Carajás";"-";"2015";0
"Economia";"Pecuária";"Produção de Origem Animal Ovos de codorna (Mil dúzias)";"Carajás";"Canaã dos Carajás";"-";"2016";0
"Economia";"Pecuária";"Produção de Origem Animal Ovos de codorna (Mil dúzias)";"Carajás";"Canaã dos Carajás";"-";"2017";0
"Economia";"Pecuária";"Produção de Origem Animal Ovos de codorna (Mil dúzias)";"Carajás";"Canaã dos Carajás";"-";"2018";0
"Economia";"Pecuária";"Produção de Origem Animal Ovos de codorna (Mil dúzias)";"Carajás";"Canaã dos Carajás";"-";"2019";0
"Economia";"Pecuária";"Produção de Origem Animal Ovos de codorna (Mil dúzias)";"Carajás";"Canaã dos Carajás";"-";"2020";0
"Economia";"Pecuária";"Produção de Origem Animal Ovos de codorna (Mil dúzias)";"Carajás";"Canaã dos Carajás";"-";"2021";0
"Economia";"Pecuária";"Produção de Origem Animal Ovos de codorna (Mil dúzias)";"Carajás";"Canaã dos Carajás";"-";"2022";0
"Economia";"Pecuária";"Produção de Origem Animal Ovos de codorna (Mil dúzias)";"Carajás";"Canaã dos Carajás";"-";"2023";0
"Economia";"Pecuária";"Produção de Origem Animal Ovos de codorna (Mil dúzias)";"Rio Caeté";"Capanema";"-";"2008";5
"Economia";"Pecuária";"Produção de Origem Animal Ovos de codorna (Mil dúzias)";"Rio Caeté";"Capanema";"-";"2009";4
"Economia";"Pecuária";"Produção de Origem Animal Ovos de codorna (Mil dúzias)";"Rio Caeté";"Capanema";"-";"2010";4
"Economia";"Pecuária";"Produção de Origem Animal Ovos de codorna (Mil dúzias)";"Rio Caeté";"Capanema";"-";"2011";4
"Economia";"Pecuária";"Produção de Origem Animal Ovos de codorna (Mil dúzias)";"Rio Caeté";"Capanema";"-";"2012";3
"Economia";"Pecuária";"Produção de Origem Animal Ovos de codorna (Mil dúzias)";"Rio Caeté";"Capanema";"-";"2013";3
"Economia";"Pecuária";"Produção de Origem Animal Ovos de codorna (Mil dúzias)";"Rio Caeté";"Capanema";"-";"2014";3
"Economia";"Pecuária";"Produção de Origem Animal Ovos de codorna (Mil dúzias)";"Rio Caeté";"Capanema";"-";"2015";4
"Economia";"Pecuária";"Produção de Origem Animal Ovos de codorna (Mil dúzias)";"Rio Caeté";"Capanema";"-";"2016";4
"Economia";"Pecuária";"Produção de Origem Animal Ovos de codorna (Mil dúzias)";"Rio Caeté";"Capanema";"-";"2017";3
"Economia";"Pecuária";"Produção de Origem Animal Ovos de codorna (Mil dúzias)";"Rio Caeté";"Capanema";"-";"2018";3
"Economia";"Pecuária";"Produção de Origem Animal Ovos de codorna (Mil dúzias)";"Rio Caeté";"Capanema";"-";"2019";3
"Economia";"Pecuária";"Produção de Origem Animal Ovos de codorna (Mil dúzias)";"Rio Caeté";"Capanema";"-";"2020";3
"Economia";"Pecuária";"Produção de Origem Animal Ovos de codorna (Mil dúzias)";"Rio Caeté";"Capanema";"-";"2021";4
"Economia";"Pecuária";"Produção de Origem Animal Ovos de codorna (Mil dúzias)";"Rio Caeté";"Capanema";"-";"2022";4
"Economia";"Pecuária";"Produção de Origem Animal Ovos de codorna (Mil dúzias)";"Rio Caeté";"Capanema";"-";"2023";4
"Economia";"Pecuária";"Produção de Origem Animal Ovos de codorna (Mil dúzias)";"Rio Capim";"Capitão Poço";"-";"2008";0
"Economia";"Pecuária";"Produção de Origem Animal Ovos de codorna (Mil dúzias)";"Rio Capim";"Capitão Poço";"-";"2009";0
"Economia";"Pecuária";"Produção de Origem Animal Ovos de codorna (Mil dúzias)";"Rio Capim";"Capitão Poço";"-";"2010";0
"Economia";"Pecuária";"Produção de Origem Animal Ovos de codorna (Mil dúzias)";"Rio Capim";"Capitão Poço";"-";"2011";0
"Economia";"Pecuária";"Produção de Origem Animal Ovos de codorna (Mil dúzias)";"Rio Capim";"Capitão Poço";"-";"2012";0
"Economia";"Pecuária";"Produção de Origem Animal Ovos de codorna (Mil dúzias)";"Rio Capim";"Capitão Poço";"-";"2013";0
"Economia";"Pecuária";"Produção de Origem Animal Ovos de codorna (Mil dúzias)";"Rio Capim";"Capitão Poço";"-";"2014";0
"Economia";"Pecuária";"Produção de Origem Animal Ovos de codorna (Mil dúzias)";"Rio Capim";"Capitão Poço";"-";"2015";0
"Economia";"Pecuária";"Produção de Origem Animal Ovos de codorna (Mil dúzias)";"Rio Capim";"Capitão Poço";"-";"2016";0
"Economia";"Pecuária";"Produção de Origem Animal Ovos de codorna (Mil dúzias)";"Rio Capim";"Capitão Poço";"-";"2017";0
"Economia";"Pecuária";"Produção de Origem Animal Ovos de codorna (Mil dúzias)";"Rio Capim";"Capitão Poço";"-";"2018";0
"Economia";"Pecuária";"Produção de Origem Animal Ovos de codorna (Mil dúzias)";"Rio Capim";"Capitão Poço";"-";"2019";0
"Economia";"Pecuária";"Produção de Origem Animal Ovos de codorna (Mil dúzias)";"Rio Capim";"Capitão Poço";"-";"2020";0
"Economia";"Pecuária";"Produção de Origem Animal Ovos de codorna (Mil dúzias)";"Rio Capim";"Capitão Poço";"-";"2021";0
"Economia";"Pecuária";"Produção de Origem Animal Ovos de codorna (Mil dúzias)";"Rio Capim";"Capitão Poço";"-";"2022";0
"Economia";"Pecuária";"Produção de Origem Animal Ovos de codorna (Mil dúzias)";"Rio Capim";"Capitão Poço";"-";"2023";0
"Economia";"Pecuária";"Produção de Origem Animal Ovos de codorna (Mil dúzias)";"Guamá";"Castanhal";"-";"2008";0
"Economia";"Pecuária";"Produção de Origem Animal Ovos de codorna (Mil dúzias)";"Guamá";"Castanhal";"-";"2009";0
"Economia";"Pecuária";"Produção de Origem Animal Ovos de codorna (Mil dúzias)";"Guamá";"Castanhal";"-";"2010";0
"Economia";"Pecuária";"Produção de Origem Animal Ovos de codorna (Mil dúzias)";"Guamá";"Castanhal";"-";"2011";0
"Economia";"Pecuária";"Produção de Origem Animal Ovos de codorna (Mil dúzias)";"Guamá";"Castanhal";"-";"2012";0
"Economia";"Pecuária";"Produção de Origem Animal Ovos de codorna (Mil dúzias)";"Guamá";"Castanhal";"-";"2013";0
"Economia";"Pecuária";"Produção de Origem Animal Ovos de codorna (Mil dúzias)";"Guamá";"Castanhal";"-";"2014";0
"Economia";"Pecuária";"Produção de Origem Animal Ovos de codorna (Mil dúzias)";"Guamá";"Castanhal";"-";"2015";0
"Economia";"Pecuária";"Produção de Origem Animal Ovos de codorna (Mil dúzias)";"Guamá";"Castanhal";"-";"2016";0
"Economia";"Pecuária";"Produção de Origem Animal Ovos de codorna (Mil dúzias)";"Guamá";"Castanhal";"-";"2017";0
"Economia";"Pecuária";"Produção de Origem Animal Ovos de codorna (Mil dúzias)";"Guamá";"Castanhal";"-";"2018";0
"Economia";"Pecuária";"Produção de Origem Animal Ovos de codorna (Mil dúzias)";"Guamá";"Castanhal";"-";"2019";0
"Economia";"Pecuária";"Produção de Origem Animal Ovos de codorna (Mil dúzias)";"Guamá";"Castanhal";"-";"2020";0
"Economia";"Pecuária";"Produção de Origem Animal Ovos de codorna (Mil dúzias)";"Guamá";"Castanhal";"-";"2021";0
"Economia";"Pecuária";"Produção de Origem Animal Ovos de codorna (Mil dúzias)";"Guamá";"Castanhal";"-";"2022";0
"Economia";"Pecuária";"Produção de Origem Animal Ovos de codorna (Mil dúzias)";"Guamá";"Castanhal";"-";"2023";0
"Economia";"Pecuária";"Produção de Origem Animal Ovos de codorna (Mil dúzias)";"Marajó";"Chaves";"-";"2008";0
"Economia";"Pecuária";"Produção de Origem Animal Ovos de codorna (Mil dúzias)";"Marajó";"Chaves";"-";"2009";0
"Economia";"Pecuária";"Produção de Origem Animal Ovos de codorna (Mil dúzias)";"Marajó";"Chaves";"-";"2010";0
"Economia";"Pecuária";"Produção de Origem Animal Ovos de codorna (Mil dúzias)";"Marajó";"Chaves";"-";"2011";0
"Economia";"Pecuária";"Produção de Origem Animal Ovos de codorna (Mil dúzias)";"Marajó";"Chaves";"-";"2012";0
"Economia";"Pecuária";"Produção de Origem Animal Ovos de codorna (Mil dúzias)";"Marajó";"Chaves";"-";"2013";0
"Economia";"Pecuária";"Produção de Origem Animal Ovos de codorna (Mil dúzias)";"Marajó";"Chaves";"-";"2014";0
"Economia";"Pecuária";"Produção de Origem Animal Ovos de codorna (Mil dúzias)";"Marajó";"Chaves";"-";"2015";0
"Economia";"Pecuária";"Produção de Origem Animal Ovos de codorna (Mil dúzias)";"Marajó";"Chaves";"-";"2016";0
"Economia";"Pecuária";"Produção de Origem Animal Ovos de codorna (Mil dúzias)";"Marajó";"Chaves";"-";"2017";0
"Economia";"Pecuária";"Produção de Origem Animal Ovos de codorna (Mil dúzias)";"Marajó";"Chaves";"-";"2018";0
"Economia";"Pecuária";"Produção de Origem Animal Ovos de codorna (Mil dúzias)";"Marajó";"Chaves";"-";"2019";0
"Economia";"Pecuária";"Produção de Origem Animal Ovos de codorna (Mil dúzias)";"Marajó";"Chaves";"-";"2020";0
"Economia";"Pecuária";"Produção de Origem Animal Ovos de codorna (Mil dúzias)";"Marajó";"Chaves";"-";"2021";0
"Economia";"Pecuária";"Produção de Origem Animal Ovos de codorna (Mil dúzias)";"Marajó";"Chaves";"-";"2022";0
"Economia";"Pecuária";"Produção de Origem Animal Ovos de codorna (Mil dúzias)";"Marajó";"Chaves";"-";"2023";0
"Economia";"Pecuária";"Produção de Origem Animal Ovos de codorna (Mil dúzias)";"Guamá";"Colares";"-";"2008";0
"Economia";"Pecuária";"Produção de Origem Animal Ovos de codorna (Mil dúzias)";"Guamá";"Colares";"-";"2009";0
"Economia";"Pecuária";"Produção de Origem Animal Ovos de codorna (Mil dúzias)";"Guamá";"Colares";"-";"2010";0
"Economia";"Pecuária";"Produção de Origem Animal Ovos de codorna (Mil dúzias)";"Guamá";"Colares";"-";"2011";0
"Economia";"Pecuária";"Produção de Origem Animal Ovos de codorna (Mil dúzias)";"Guamá";"Colares";"-";"2012";0
"Economia";"Pecuária";"Produção de Origem Animal Ovos de codorna (Mil dúzias)";"Guamá";"Colares";"-";"2013";0
"Economia";"Pecuária";"Produção de Origem Animal Ovos de codorna (Mil dúzias)";"Guamá";"Colares";"-";"2014";0
"Economia";"Pecuária";"Produção de Origem Animal Ovos de codorna (Mil dúzias)";"Guamá";"Colares";"-";"2015";0
"Economia";"Pecuária";"Produção de Origem Animal Ovos de codorna (Mil dúzias)";"Guamá";"Colares";"-";"2016";0
"Economia";"Pecuária";"Produção de Origem Animal Ovos de codorna (Mil dúzias)";"Guamá";"Colares";"-";"2017";0
"Economia";"Pecuária";"Produção de Origem Animal Ovos de codorna (Mil dúzias)";"Guamá";"Colares";"-";"2018";0
"Economia";"Pecuária";"Produção de Origem Animal Ovos de codorna (Mil dúzias)";"Guamá";"Colares";"-";"2019";0
"Economia";"Pecuária";"Produção de Origem Animal Ovos de codorna (Mil dúzias)";"Guamá";"Colares";"-";"2020";0
"Economia";"Pecuária";"Produção de Origem Animal Ovos de codorna (Mil dúzias)";"Guamá";"Colares";"-";"2021";0
"Economia";"Pecuária";"Produção de Origem Animal Ovos de codorna (Mil dúzias)";"Guamá";"Colares";"-";"2022";0
"Economia";"Pecuária";"Produção de Origem Animal Ovos de codorna (Mil dúzias)";"Guamá";"Colares";"-";"2023";0
"Economia";"Pecuária";"Produção de Origem Animal Ovos de codorna (Mil dúzias)";"Araguaia";"Conceição do Araguaia";"-";"2008";5
"Economia";"Pecuária";"Produção de Origem Animal Ovos de codorna (Mil dúzias)";"Araguaia";"Conceição do Araguaia";"-";"2009";4
"Economia";"Pecuária";"Produção de Origem Animal Ovos de codorna (Mil dúzias)";"Araguaia";"Conceição do Araguaia";"-";"2010";4
"Economia";"Pecuária";"Produção de Origem Animal Ovos de codorna (Mil dúzias)";"Araguaia";"Conceição do Araguaia";"-";"2011";4
"Economia";"Pecuária";"Produção de Origem Animal Ovos de codorna (Mil dúzias)";"Araguaia";"Conceição do Araguaia";"-";"2012";4
"Economia";"Pecuária";"Produção de Origem Animal Ovos de codorna (Mil dúzias)";"Araguaia";"Conceição do Araguaia";"-";"2013";4
"Economia";"Pecuária";"Produção de Origem Animal Ovos de codorna (Mil dúzias)";"Araguaia";"Conceição do Araguaia";"-";"2014";3
"Economia";"Pecuária";"Produção de Origem Animal Ovos de codorna (Mil dúzias)";"Araguaia";"Conceição do Araguaia";"-";"2015";4
"Economia";"Pecuária";"Produção de Origem Animal Ovos de codorna (Mil dúzias)";"Araguaia";"Conceição do Araguaia";"-";"2016";3
"Economia";"Pecuária";"Produção de Origem Animal Ovos de codorna (Mil dúzias)";"Araguaia";"Conceição do Araguaia";"-";"2017";2
"Economia";"Pecuária";"Produção de Origem Animal Ovos de codorna (Mil dúzias)";"Araguaia";"Conceição do Araguaia";"-";"2018";1
"Economia";"Pecuária";"Produção de Origem Animal Ovos de codorna (Mil dúzias)";"Araguaia";"Conceição do Araguaia";"-";"2019";6
"Economia";"Pecuária";"Produção de Origem Animal Ovos de codorna (Mil dúzias)";"Araguaia";"Conceição do Araguaia";"-";"2020";0
"Economia";"Pecuária";"Produção de Origem Animal Ovos de codorna (Mil dúzias)";"Araguaia";"Conceição do Araguaia";"-";"2021";0
"Economia";"Pecuária";"Produção de Origem Animal Ovos de codorna (Mil dúzias)";"Araguaia";"Conceição do Araguaia";"-";"2022";0
"Economia";"Pecuária";"Produção de Origem Animal Ovos de codorna (Mil dúzias)";"Araguaia";"Conceição do Araguaia";"-";"2023";0
"Economia";"Pecuária";"Produção de Origem Animal Ovos de codorna (Mil dúzias)";"Rio Capim";"Concórdia do Pará";"-";"2008";0
"Economia";"Pecuária";"Produção de Origem Animal Ovos de codorna (Mil dúzias)";"Rio Capim";"Concórdia do Pará";"-";"2009";0
"Economia";"Pecuária";"Produção de Origem Animal Ovos de codorna (Mil dúzias)";"Rio Capim";"Concórdia do Pará";"-";"2010";0
"Economia";"Pecuária";"Produção de Origem Animal Ovos de codorna (Mil dúzias)";"Rio Capim";"Concórdia do Pará";"-";"2011";0
"Economia";"Pecuária";"Produção de Origem Animal Ovos de codorna (Mil dúzias)";"Rio Capim";"Concórdia do Pará";"-";"2012";0
"Economia";"Pecuária";"Produção de Origem Animal Ovos de codorna (Mil dúzias)";"Rio Capim";"Concórdia do Pará";"-";"2013";0
"Economia";"Pecuária";"Produção de Origem Animal Ovos de codorna (Mil dúzias)";"Rio Capim";"Concórdia do Pará";"-";"2014";0
"Economia";"Pecuária";"Produção de Origem Animal Ovos de codorna (Mil dúzias)";"Rio Capim";"Concórdia do Pará";"-";"2015";0
"Economia";"Pecuária";"Produção de Origem Animal Ovos de codorna (Mil dúzias)";"Rio Capim";"Concórdia do Pará";"-";"2016";0
"Economia";"Pecuária";"Produção de Origem Animal Ovos de codorna (Mil dúzias)";"Rio Capim";"Concórdia do Pará";"-";"2017";0
"Economia";"Pecuária";"Produção de Origem Animal Ovos de codorna (Mil dúzias)";"Rio Capim";"Concórdia do Pará";"-";"2018";0
"Economia";"Pecuária";"Produção de Origem Animal Ovos de codorna (Mil dúzias)";"Rio Capim";"Concórdia do Pará";"-";"2019";0
"Economia";"Pecuária";"Produção de Origem Animal Ovos de codorna (Mil dúzias)";"Rio Capim";"Concórdia do Pará";"-";"2020";0
"Economia";"Pecuária";"Produção de Origem Animal Ovos de codorna (Mil dúzias)";"Rio Capim";"Concórdia do Pará";"-";"2021";0
"Economia";"Pecuária";"Produção de Origem Animal Ovos de codorna (Mil dúzias)";"Rio Capim";"Concórdia do Pará";"-";"2022";0
"Economia";"Pecuária";"Produção de Origem Animal Ovos de codorna (Mil dúzias)";"Rio Capim";"Concórdia do Pará";"-";"2023";0
"Economia";"Pecuária";"Produção de Origem Animal Ovos de codorna (Mil dúzias)";"Araguaia";"Cumaru do Norte";"-";"2008";0
"Economia";"Pecuária";"Produção de Origem Animal Ovos de codorna (Mil dúzias)";"Araguaia";"Cumaru do Norte";"-";"2009";0
"Economia";"Pecuária";"Produção de Origem Animal Ovos de codorna (Mil dúzias)";"Araguaia";"Cumaru do Norte";"-";"2010";0
"Economia";"Pecuária";"Produção de Origem Animal Ovos de codorna (Mil dúzias)";"Araguaia";"Cumaru do Norte";"-";"2011";0
"Economia";"Pecuária";"Produção de Origem Animal Ovos de codorna (Mil dúzias)";"Araguaia";"Cumaru do Norte";"-";"2012";0
"Economia";"Pecuária";"Produção de Origem Animal Ovos de codorna (Mil dúzias)";"Araguaia";"Cumaru do Norte";"-";"2013";0
"Economia";"Pecuária";"Produção de Origem Animal Ovos de codorna (Mil dúzias)";"Araguaia";"Cumaru do Norte";"-";"2014";0
"Economia";"Pecuária";"Produção de Origem Animal Ovos de codorna (Mil dúzias)";"Araguaia";"Cumaru do Norte";"-";"2015";0
"Economia";"Pecuária";"Produção de Origem Animal Ovos de codorna (Mil dúzias)";"Araguaia";"Cumaru do Norte";"-";"2016";0
"Economia";"Pecuária";"Produção de Origem Animal Ovos de codorna (Mil dúzias)";"Araguaia";"Cumaru do Norte";"-";"2017";0
"Economia";"Pecuária";"Produção de Origem Animal Ovos de codorna (Mil dúzias)";"Araguaia";"Cumaru do Norte";"-";"2018";0
"Economia";"Pecuária";"Produção de Origem Animal Ovos de codorna (Mil dúzias)";"Araguaia";"Cumaru do Norte";"-";"2019";0
"Economia";"Pecuária";"Produção de Origem Animal Ovos de codorna (Mil dúzias)";"Araguaia";"Cumaru do Norte";"-";"2020";0
"Economia";"Pecuária";"Produção de Origem Animal Ovos de codorna (Mil dúzias)";"Araguaia";"Cumaru do Norte";"-";"2021";0
"Economia";"Pecuária";"Produção de Origem Animal Ovos de codorna (Mil dúzias)";"Araguaia";"Cumaru do Norte";"-";"2022";0
"Economia";"Pecuária";"Produção de Origem Animal Ovos de codorna (Mil dúzias)";"Araguaia";"Cumaru do Norte";"-";"2023";0
"Economia";"Pecuária";"Produção de Origem Animal Ovos de codorna (Mil dúzias)";"Carajás";"Curionópolis";"-";"2008";0
"Economia";"Pecuária";"Produção de Origem Animal Ovos de codorna (Mil dúzias)";"Carajás";"Curionópolis";"-";"2009";0
"Economia";"Pecuária";"Produção de Origem Animal Ovos de codorna (Mil dúzias)";"Carajás";"Curionópolis";"-";"2010";0
"Economia";"Pecuária";"Produção de Origem Animal Ovos de codorna (Mil dúzias)";"Carajás";"Curionópolis";"-";"2011";0
"Economia";"Pecuária";"Produção de Origem Animal Ovos de codorna (Mil dúzias)";"Carajás";"Curionópolis";"-";"2012";0
"Economia";"Pecuária";"Produção de Origem Animal Ovos de codorna (Mil dúzias)";"Carajás";"Curionópolis";"-";"2013";0
"Economia";"Pecuária";"Produção de Origem Animal Ovos de codorna (Mil dúzias)";"Carajás";"Curionópolis";"-";"2014";0
"Economia";"Pecuária";"Produção de Origem Animal Ovos de codorna (Mil dúzias)";"Carajás";"Curionópolis";"-";"2015";0
"Economia";"Pecuária";"Produção de Origem Animal Ovos de codorna (Mil dúzias)";"Carajás";"Curionópolis";"-";"2016";0
"Economia";"Pecuária";"Produção de Origem Animal Ovos de codorna (Mil dúzias)";"Carajás";"Curionópolis";"-";"2017";0
"Economia";"Pecuária";"Produção de Origem Animal Ovos de codorna (Mil dúzias)";"Carajás";"Curionópolis";"-";"2018";0
"Economia";"Pecuária";"Produção de Origem Animal Ovos de codorna (Mil dúzias)";"Carajás";"Curionópolis";"-";"2019";0
"Economia";"Pecuária";"Produção de Origem Animal Ovos de codorna (Mil dúzias)";"Carajás";"Curionópolis";"-";"2020";0
"Economia";"Pecuária";"Produção de Origem Animal Ovos de codorna (Mil dúzias)";"Carajás";"Curionópolis";"-";"2021";0
"Economia";"Pecuária";"Produção de Origem Animal Ovos de codorna (Mil dúzias)";"Carajás";"Curionópolis";"-";"2022";0
"Economia";"Pecuária";"Produção de Origem Animal Ovos de codorna (Mil dúzias)";"Carajás";"Curionópolis";"-";"2023";0
"Economia";"Pecuária";"Produção de Origem Animal Ovos de codorna (Mil dúzias)";"Marajó";"Curralinho";"-";"2008";0
"Economia";"Pecuária";"Produção de Origem Animal Ovos de codorna (Mil dúzias)";"Marajó";"Curralinho";"-";"2009";0
"Economia";"Pecuária";"Produção de Origem Animal Ovos de codorna (Mil dúzias)";"Marajó";"Curralinho";"-";"2010";0
"Economia";"Pecuária";"Produção de Origem Animal Ovos de codorna (Mil dúzias)";"Marajó";"Curralinho";"-";"2011";0
"Economia";"Pecuária";"Produção de Origem Animal Ovos de codorna (Mil dúzias)";"Marajó";"Curralinho";"-";"2012";0
"Economia";"Pecuária";"Produção de Origem Animal Ovos de codorna (Mil dúzias)";"Marajó";"Curralinho";"-";"2013";0
"Economia";"Pecuária";"Produção de Origem Animal Ovos de codorna (Mil dúzias)";"Marajó";"Curralinho";"-";"2014";0
"Economia";"Pecuária";"Produção de Origem Animal Ovos de codorna (Mil dúzias)";"Marajó";"Curralinho";"-";"2015";0
"Economia";"Pecuária";"Produção de Origem Animal Ovos de codorna (Mil dúzias)";"Marajó";"Curralinho";"-";"2016";0
"Economia";"Pecuária";"Produção de Origem Animal Ovos de codorna (Mil dúzias)";"Marajó";"Curralinho";"-";"2017";0
"Economia";"Pecuária";"Produção de Origem Animal Ovos de codorna (Mil dúzias)";"Marajó";"Curralinho";"-";"2018";0
"Economia";"Pecuária";"Produção de Origem Animal Ovos de codorna (Mil dúzias)";"Marajó";"Curralinho";"-";"2019";0
"Economia";"Pecuária";"Produção de Origem Animal Ovos de codorna (Mil dúzias)";"Marajó";"Curralinho";"-";"2020";0
"Economia";"Pecuária";"Produção de Origem Animal Ovos de codorna (Mil dúzias)";"Marajó";"Curralinho";"-";"2021";0
"Economia";"Pecuária";"Produção de Origem Animal Ovos de codorna (Mil dúzias)";"Marajó";"Curralinho";"-";"2022";0
"Economia";"Pecuária";"Produção de Origem Animal Ovos de codorna (Mil dúzias)";"Marajó";"Curralinho";"-";"2023";0
"Economia";"Pecuária";"Produção de Origem Animal Ovos de codorna (Mil dúzias)";"Baixo Amazonas";"Curuá";"-";"2008";0
"Economia";"Pecuária";"Produção de Origem Animal Ovos de codorna (Mil dúzias)";"Baixo Amazonas";"Curuá";"-";"2009";0
"Economia";"Pecuária";"Produção de Origem Animal Ovos de codorna (Mil dúzias)";"Baixo Amazonas";"Curuá";"-";"2010";0
"Economia";"Pecuária";"Produção de Origem Animal Ovos de codorna (Mil dúzias)";"Baixo Amazonas";"Curuá";"-";"2011";0
"Economia";"Pecuária";"Produção de Origem Animal Ovos de codorna (Mil dúzias)";"Baixo Amazonas";"Curuá";"-";"2012";0
"Economia";"Pecuária";"Produção de Origem Animal Ovos de codorna (Mil dúzias)";"Baixo Amazonas";"Curuá";"-";"2013";0
"Economia";"Pecuária";"Produção de Origem Animal Ovos de codorna (Mil dúzias)";"Baixo Amazonas";"Curuá";"-";"2014";0
"Economia";"Pecuária";"Produção de Origem Animal Ovos de codorna (Mil dúzias)";"Baixo Amazonas";"Curuá";"-";"2015";0
"Economia";"Pecuária";"Produção de Origem Animal Ovos de codorna (Mil dúzias)";"Baixo Amazonas";"Curuá";"-";"2016";0
"Economia";"Pecuária";"Produção de Origem Animal Ovos de codorna (Mil dúzias)";"Baixo Amazonas";"Curuá";"-";"2017";0
"Economia";"Pecuária";"Produção de Origem Animal Ovos de codorna (Mil dúzias)";"Baixo Amazonas";"Curuá";"-";"2018";0
"Economia";"Pecuária";"Produção de Origem Animal Ovos de codorna (Mil dúzias)";"Baixo Amazonas";"Curuá";"-";"2019";0
"Economia";"Pecuária";"Produção de Origem Animal Ovos de codorna (Mil dúzias)";"Baixo Amazonas";"Curuá";"-";"2020";0
"Economia";"Pecuária";"Produção de Origem Animal Ovos de codorna (Mil dúzias)";"Baixo Amazonas";"Curuá";"-";"2021";0
"Economia";"Pecuária";"Produção de Origem Animal Ovos de codorna (Mil dúzias)";"Baixo Amazonas";"Curuá";"-";"2022";0
"Economia";"Pecuária";"Produção de Origem Animal Ovos de codorna (Mil dúzias)";"Baixo Amazonas";"Curuá";"-";"2023";0
"Economia";"Pecuária";"Produção de Origem Animal Ovos de codorna (Mil dúzias)";"Guamá";"Curuçá";"-";"2008";0
"Economia";"Pecuária";"Produção de Origem Animal Ovos de codorna (Mil dúzias)";"Guamá";"Curuçá";"-";"2009";0
"Economia";"Pecuária";"Produção de Origem Animal Ovos de codorna (Mil dúzias)";"Guamá";"Curuçá";"-";"2010";0
"Economia";"Pecuária";"Produção de Origem Animal Ovos de codorna (Mil dúzias)";"Guamá";"Curuçá";"-";"2011";0
"Economia";"Pecuária";"Produção de Origem Animal Ovos de codorna (Mil dúzias)";"Guamá";"Curuçá";"-";"2012";0
"Economia";"Pecuária";"Produção de Origem Animal Ovos de codorna (Mil dúzias)";"Guamá";"Curuçá";"-";"2013";0
"Economia";"Pecuária";"Produção de Origem Animal Ovos de codorna (Mil dúzias)";"Guamá";"Curuçá";"-";"2014";0
"Economia";"Pecuária";"Produção de Origem Animal Ovos de codorna (Mil dúzias)";"Guamá";"Curuçá";"-";"2015";0
"Economia";"Pecuária";"Produção de Origem Animal Ovos de codorna (Mil dúzias)";"Guamá";"Curuçá";"-";"2016";0
"Economia";"Pecuária";"Produção de Origem Animal Ovos de codorna (Mil dúzias)";"Guamá";"Curuçá";"-";"2017";0
"Economia";"Pecuária";"Produção de Origem Animal Ovos de codorna (Mil dúzias)";"Guamá";"Curuçá";"-";"2018";0
"Economia";"Pecuária";"Produção de Origem Animal Ovos de codorna (Mil dúzias)";"Guamá";"Curuçá";"-";"2019";0
"Economia";"Pecuária";"Produção de Origem Animal Ovos de codorna (Mil dúzias)";"Guamá";"Curuçá";"-";"2020";0
"Economia";"Pecuária";"Produção de Origem Animal Ovos de codorna (Mil dúzias)";"Guamá";"Curuçá";"-";"2021";0
"Economia";"Pecuária";"Produção de Origem Animal Ovos de codorna (Mil dúzias)";"Guamá";"Curuçá";"-";"2022";0
"Economia";"Pecuária";"Produção de Origem Animal Ovos de codorna (Mil dúzias)";"Guamá";"Curuçá";"-";"2023";0
"Economia";"Pecuária";"Produção de Origem Animal Ovos de codorna (Mil dúzias)";"Rio Capim";"Dom Eliseu";"-";"2008";0
"Economia";"Pecuária";"Produção de Origem Animal Ovos de codorna (Mil dúzias)";"Rio Capim";"Dom Eliseu";"-";"2009";0
"Economia";"Pecuária";"Produção de Origem Animal Ovos de codorna (Mil dúzias)";"Rio Capim";"Dom Eliseu";"-";"2010";0
"Economia";"Pecuária";"Produção de Origem Animal Ovos de codorna (Mil dúzias)";"Rio Capim";"Dom Eliseu";"-";"2011";0
"Economia";"Pecuária";"Produção de Origem Animal Ovos de codorna (Mil dúzias)";"Rio Capim";"Dom Eliseu";"-";"2012";0
"Economia";"Pecuária";"Produção de Origem Animal Ovos de codorna (Mil dúzias)";"Rio Capim";"Dom Eliseu";"-";"2013";0
"Economia";"Pecuária";"Produção de Origem Animal Ovos de codorna (Mil dúzias)";"Rio Capim";"Dom Eliseu";"-";"2014";0
"Economia";"Pecuária";"Produção de Origem Animal Ovos de codorna (Mil dúzias)";"Rio Capim";"Dom Eliseu";"-";"2015";0
"Economia";"Pecuária";"Produção de Origem Animal Ovos de codorna (Mil dúzias)";"Rio Capim";"Dom Eliseu";"-";"2016";0
"Economia";"Pecuária";"Produção de Origem Animal Ovos de codorna (Mil dúzias)";"Rio Capim";"Dom Eliseu";"-";"2017";0
"Economia";"Pecuária";"Produção de Origem Animal Ovos de codorna (Mil dúzias)";"Rio Capim";"Dom Eliseu";"-";"2018";0
"Economia";"Pecuária";"Produção de Origem Animal Ovos de codorna (Mil dúzias)";"Rio Capim";"Dom Eliseu";"-";"2019";0
"Economia";"Pecuária";"Produção de Origem Animal Ovos de codorna (Mil dúzias)";"Rio Capim";"Dom Eliseu";"-";"2020";0
"Economia";"Pecuária";"Produção de Origem Animal Ovos de codorna (Mil dúzias)";"Rio Capim";"Dom Eliseu";"-";"2021";0
"Economia";"Pecuária";"Produção de Origem Animal Ovos de codorna (Mil dúzias)";"Rio Capim";"Dom Eliseu";"-";"2022";0
"Economia";"Pecuária";"Produção de Origem Animal Ovos de codorna (Mil dúzias)";"Rio Capim";"Dom Eliseu";"-";"2023";0
"Economia";"Pecuária";"Produção de Origem Animal Ovos de codorna (Mil dúzias)";"Carajás";"Eldorado do Carajás";"-";"2008";0
"Economia";"Pecuária";"Produção de Origem Animal Ovos de codorna (Mil dúzias)";"Carajás";"Eldorado do Carajás";"-";"2009";0
"Economia";"Pecuária";"Produção de Origem Animal Ovos de codorna (Mil dúzias)";"Carajás";"Eldorado do Carajás";"-";"2010";0
"Economia";"Pecuária";"Produção de Origem Animal Ovos de codorna (Mil dúzias)";"Carajás";"Eldorado do Carajás";"-";"2011";0
"Economia";"Pecuária";"Produção de Origem Animal Ovos de codorna (Mil dúzias)";"Carajás";"Eldorado do Carajás";"-";"2012";0
"Economia";"Pecuária";"Produção de Origem Animal Ovos de codorna (Mil dúzias)";"Carajás";"Eldorado do Carajás";"-";"2013";0
"Economia";"Pecuária";"Produção de Origem Animal Ovos de codorna (Mil dúzias)";"Carajás";"Eldorado do Carajás";"-";"2014";0
"Economia";"Pecuária";"Produção de Origem Animal Ovos de codorna (Mil dúzias)";"Carajás";"Eldorado do Carajás";"-";"2015";0
"Economia";"Pecuária";"Produção de Origem Animal Ovos de codorna (Mil dúzias)";"Carajás";"Eldorado do Carajás";"-";"2016";0
"Economia";"Pecuária";"Produção de Origem Animal Ovos de codorna (Mil dúzias)";"Carajás";"Eldorado do Carajás";"-";"2017";0
"Economia";"Pecuária";"Produção de Origem Animal Ovos de codorna (Mil dúzias)";"Carajás";"Eldorado do Carajás";"-";"2018";0
"Economia";"Pecuária";"Produção de Origem Animal Ovos de codorna (Mil dúzias)";"Carajás";"Eldorado do Carajás";"-";"2019";0
"Economia";"Pecuária";"Produção de Origem Animal Ovos de codorna (Mil dúzias)";"Carajás";"Eldorado do Carajás";"-";"2020";0
"Economia";"Pecuária";"Produção de Origem Animal Ovos de codorna (Mil dúzias)";"Carajás";"Eldorado do Carajás";"-";"2021";0
"Economia";"Pecuária";"Produção de Origem Animal Ovos de codorna (Mil dúzias)";"Carajás";"Eldorado do Carajás";"-";"2022";0
"Economia";"Pecuária";"Produção de Origem Animal Ovos de codorna (Mil dúzias)";"Carajás";"Eldorado do Carajás";"-";"2023";0
"Economia";"Pecuária";"Produção de Origem Animal Ovos de codorna (Mil dúzias)";"Baixo Amazonas";"Faro";"-";"2008";0
"Economia";"Pecuária";"Produção de Origem Animal Ovos de codorna (Mil dúzias)";"Baixo Amazonas";"Faro";"-";"2009";0
"Economia";"Pecuária";"Produção de Origem Animal Ovos de codorna (Mil dúzias)";"Baixo Amazonas";"Faro";"-";"2010";0
"Economia";"Pecuária";"Produção de Origem Animal Ovos de codorna (Mil dúzias)";"Baixo Amazonas";"Faro";"-";"2011";0
"Economia";"Pecuária";"Produção de Origem Animal Ovos de codorna (Mil dúzias)";"Baixo Amazonas";"Faro";"-";"2012";0
"Economia";"Pecuária";"Produção de Origem Animal Ovos de codorna (Mil dúzias)";"Baixo Amazonas";"Faro";"-";"2013";0
"Economia";"Pecuária";"Produção de Origem Animal Ovos de codorna (Mil dúzias)";"Baixo Amazonas";"Faro";"-";"2014";0
"Economia";"Pecuária";"Produção de Origem Animal Ovos de codorna (Mil dúzias)";"Baixo Amazonas";"Faro";"-";"2015";0
"Economia";"Pecuária";"Produção de Origem Animal Ovos de codorna (Mil dúzias)";"Baixo Amazonas";"Faro";"-";"2016";0
"Economia";"Pecuária";"Produção de Origem Animal Ovos de codorna (Mil dúzias)";"Baixo Amazonas";"Faro";"-";"2017";0
"Economia";"Pecuária";"Produção de Origem Animal Ovos de codorna (Mil dúzias)";"Baixo Amazonas";"Faro";"-";"2018";0
"Economia";"Pecuária";"Produção de Origem Animal Ovos de codorna (Mil dúzias)";"Baixo Amazonas";"Faro";"-";"2019";0
"Economia";"Pecuária";"Produção de Origem Animal Ovos de codorna (Mil dúzias)";"Baixo Amazonas";"Faro";"-";"2020";0
"Economia";"Pecuária";"Produção de Origem Animal Ovos de codorna (Mil dúzias)";"Baixo Amazonas";"Faro";"-";"2021";0
"Economia";"Pecuária";"Produção de Origem Animal Ovos de codorna (Mil dúzias)";"Baixo Amazonas";"Faro";"-";"2022";0
"Economia";"Pecuária";"Produção de Origem Animal Ovos de codorna (Mil dúzias)";"Baixo Amazonas";"Faro";"-";"2023";0
"Economia";"Pecuária";"Produção de Origem Animal Ovos de codorna (Mil dúzias)";"Araguaia";"Floresta do Araguaia";"-";"2008";0
"Economia";"Pecuária";"Produção de Origem Animal Ovos de codorna (Mil dúzias)";"Araguaia";"Floresta do Araguaia";"-";"2009";0
"Economia";"Pecuária";"Produção de Origem Animal Ovos de codorna (Mil dúzias)";"Araguaia";"Floresta do Araguaia";"-";"2010";0
"Economia";"Pecuária";"Produção de Origem Animal Ovos de codorna (Mil dúzias)";"Araguaia";"Floresta do Araguaia";"-";"2011";0
"Economia";"Pecuária";"Produção de Origem Animal Ovos de codorna (Mil dúzias)";"Araguaia";"Floresta do Araguaia";"-";"2012";0
"Economia";"Pecuária";"Produção de Origem Animal Ovos de codorna (Mil dúzias)";"Araguaia";"Floresta do Araguaia";"-";"2013";0
"Economia";"Pecuária";"Produção de Origem Animal Ovos de codorna (Mil dúzias)";"Araguaia";"Floresta do Araguaia";"-";"2014";0
"Economia";"Pecuária";"Produção de Origem Animal Ovos de codorna (Mil dúzias)";"Araguaia";"Floresta do Araguaia";"-";"2015";0
"Economia";"Pecuária";"Produção de Origem Animal Ovos de codorna (Mil dúzias)";"Araguaia";"Floresta do Araguaia";"-";"2016";0
"Economia";"Pecuária";"Produção de Origem Animal Ovos de codorna (Mil dúzias)";"Araguaia";"Floresta do Araguaia";"-";"2017";0
"Economia";"Pecuária";"Produção de Origem Animal Ovos de codorna (Mil dúzias)";"Araguaia";"Floresta do Araguaia";"-";"2018";0
"Economia";"Pecuária";"Produção de Origem Animal Ovos de codorna (Mil dúzias)";"Araguaia";"Floresta do Araguaia";"-";"2019";0
"Economia";"Pecuária";"Produção de Origem Animal Ovos de codorna (Mil dúzias)";"Araguaia";"Floresta do Araguaia";"-";"2020";0
"Economia";"Pecuária";"Produção de Origem Animal Ovos de codorna (Mil dúzias)";"Araguaia";"Floresta do Araguaia";"-";"2021";0
"Economia";"Pecuária";"Produção de Origem Animal Ovos de codorna (Mil dúzias)";"Araguaia";"Floresta do Araguaia";"-";"2022";0
"Economia";"Pecuária";"Produção de Origem Animal Ovos de codorna (Mil dúzias)";"Araguaia";"Floresta do Araguaia";"-";"2023";0
"Economia";"Pecuária";"Produção de Origem Animal Ovos de codorna (Mil dúzias)";"Rio Capim";"Garrafão do Norte";"-";"2008";0
"Economia";"Pecuária";"Produção de Origem Animal Ovos de codorna (Mil dúzias)";"Rio Capim";"Garrafão do Norte";"-";"2009";0
"Economia";"Pecuária";"Produção de Origem Animal Ovos de codorna (Mil dúzias)";"Rio Capim";"Garrafão do Norte";"-";"2010";0
"Economia";"Pecuária";"Produção de Origem Animal Ovos de codorna (Mil dúzias)";"Rio Capim";"Garrafão do Norte";"-";"2011";0
"Economia";"Pecuária";"Produção de Origem Animal Ovos de codorna (Mil dúzias)";"Rio Capim";"Garrafão do Norte";"-";"2012";0
"Economia";"Pecuária";"Produção de Origem Animal Ovos de codorna (Mil dúzias)";"Rio Capim";"Garrafão do Norte";"-";"2013";0
"Economia";"Pecuária";"Produção de Origem Animal Ovos de codorna (Mil dúzias)";"Rio Capim";"Garrafão do Norte";"-";"2014";0
"Economia";"Pecuária";"Produção de Origem Animal Ovos de codorna (Mil dúzias)";"Rio Capim";"Garrafão do Norte";"-";"2015";0
"Economia";"Pecuária";"Produção de Origem Animal Ovos de codorna (Mil dúzias)";"Rio Capim";"Garrafão do Norte";"-";"2016";0
"Economia";"Pecuária";"Produção de Origem Animal Ovos de codorna (Mil dúzias)";"Rio Capim";"Garrafão do Norte";"-";"2017";0
"Economia";"Pecuária";"Produção de Origem Animal Ovos de codorna (Mil dúzias)";"Rio Capim";"Garrafão do Norte";"-";"2018";0
"Economia";"Pecuária";"Produção de Origem Animal Ovos de codorna (Mil dúzias)";"Rio Capim";"Garrafão do Norte";"-";"2019";0
"Economia";"Pecuária";"Produção de Origem Animal Ovos de codorna (Mil dúzias)";"Rio Capim";"Garrafão do Norte";"-";"2020";0
"Economia";"Pecuária";"Produção de Origem Animal Ovos de codorna (Mil dúzias)";"Rio Capim";"Garrafão do Norte";"-";"2021";0
"Economia";"Pecuária";"Produção de Origem Animal Ovos de codorna (Mil dúzias)";"Rio Capim";"Garrafão do Norte";"-";"2022";0
"Economia";"Pecuária";"Produção de Origem Animal Ovos de codorna (Mil dúzias)";"Rio Capim";"Garrafão do Norte";"-";"2023";0
"Economia";"Pecuária";"Produção de Origem Animal Ovos de codorna (Mil dúzias)";"Lago de Tucuruí";"Goianésia do Pará";"-";"2008";0
"Economia";"Pecuária";"Produção de Origem Animal Ovos de codorna (Mil dúzias)";"Lago de Tucuruí";"Goianésia do Pará";"-";"2009";0
"Economia";"Pecuária";"Produção de Origem Animal Ovos de codorna (Mil dúzias)";"Lago de Tucuruí";"Goianésia do Pará";"-";"2010";0
"Economia";"Pecuária";"Produção de Origem Animal Ovos de codorna (Mil dúzias)";"Lago de Tucuruí";"Goianésia do Pará";"-";"2011";0
"Economia";"Pecuária";"Produção de Origem Animal Ovos de codorna (Mil dúzias)";"Lago de Tucuruí";"Goianésia do Pará";"-";"2012";0
"Economia";"Pecuária";"Produção de Origem Animal Ovos de codorna (Mil dúzias)";"Lago de Tucuruí";"Goianésia do Pará";"-";"2013";0
"Economia";"Pecuária";"Produção de Origem Animal Ovos de codorna (Mil dúzias)";"Lago de Tucuruí";"Goianésia do Pará";"-";"2014";0
"Economia";"Pecuária";"Produção de Origem Animal Ovos de codorna (Mil dúzias)";"Lago de Tucuruí";"Goianésia do Pará";"-";"2015";0
"Economia";"Pecuária";"Produção de Origem Animal Ovos de codorna (Mil dúzias)";"Lago de Tucuruí";"Goianésia do Pará";"-";"2016";0
"Economia";"Pecuária";"Produção de Origem Animal Ovos de codorna (Mil dúzias)";"Lago de Tucuruí";"Goianésia do Pará";"-";"2017";0
"Economia";"Pecuária";"Produção de Origem Animal Ovos de codorna (Mil dúzias)";"Lago de Tucuruí";"Goianésia do Pará";"-";"2018";0
"Economia";"Pecuária";"Produção de Origem Animal Ovos de codorna (Mil dúzias)";"Lago de Tucuruí";"Goianésia do Pará";"-";"2019";0
"Economia";"Pecuária";"Produção de Origem Animal Ovos de codorna (Mil dúzias)";"Lago de Tucuruí";"Goianésia do Pará";"-";"2020";0
"Economia";"Pecuária";"Produção de Origem Animal Ovos de codorna (Mil dúzias)";"Lago de Tucuruí";"Goianésia do Pará";"-";"2021";0
"Economia";"Pecuária";"Produção de Origem Animal Ovos de codorna (Mil dúzias)";"Lago de Tucuruí";"Goianésia do Pará";"-";"2022";0
"Economia";"Pecuária";"Produção de Origem Animal Ovos de codorna (Mil dúzias)";"Lago de Tucuruí";"Goianésia do Pará";"-";"2023";0
"Economia";"Pecuária";"Produção de Origem Animal Ovos de codorna (Mil dúzias)";"Marajó";"Gurupá";"-";"2008";0
"Economia";"Pecuária";"Produção de Origem Animal Ovos de codorna (Mil dúzias)";"Marajó";"Gurupá";"-";"2009";0
"Economia";"Pecuária";"Produção de Origem Animal Ovos de codorna (Mil dúzias)";"Marajó";"Gurupá";"-";"2010";0
"Economia";"Pecuária";"Produção de Origem Animal Ovos de codorna (Mil dúzias)";"Marajó";"Gurupá";"-";"2011";0
"Economia";"Pecuária";"Produção de Origem Animal Ovos de codorna (Mil dúzias)";"Marajó";"Gurupá";"-";"2012";0
"Economia";"Pecuária";"Produção de Origem Animal Ovos de codorna (Mil dúzias)";"Marajó";"Gurupá";"-";"2013";0
"Economia";"Pecuária";"Produção de Origem Animal Ovos de codorna (Mil dúzias)";"Marajó";"Gurupá";"-";"2014";0
"Economia";"Pecuária";"Produção de Origem Animal Ovos de codorna (Mil dúzias)";"Marajó";"Gurupá";"-";"2015";0
"Economia";"Pecuária";"Produção de Origem Animal Ovos de codorna (Mil dúzias)";"Marajó";"Gurupá";"-";"2016";0
"Economia";"Pecuária";"Produção de Origem Animal Ovos de codorna (Mil dúzias)";"Marajó";"Gurupá";"-";"2017";0
"Economia";"Pecuária";"Produção de Origem Animal Ovos de codorna (Mil dúzias)";"Marajó";"Gurupá";"-";"2018";0
"Economia";"Pecuária";"Produção de Origem Animal Ovos de codorna (Mil dúzias)";"Marajó";"Gurupá";"-";"2019";0
"Economia";"Pecuária";"Produção de Origem Animal Ovos de codorna (Mil dúzias)";"Marajó";"Gurupá";"-";"2020";0
"Economia";"Pecuária";"Produção de Origem Animal Ovos de codorna (Mil dúzias)";"Marajó";"Gurupá";"-";"2021";0
"Economia";"Pecuária";"Produção de Origem Animal Ovos de codorna (Mil dúzias)";"Marajó";"Gurupá";"-";"2022";0
"Economia";"Pecuária";"Produção de Origem Animal Ovos de codorna (Mil dúzias)";"Marajó";"Gurupá";"-";"2023";0
"Economia";"Pecuária";"Produção de Origem Animal Ovos de codorna (Mil dúzias)";"Guamá";"Igarapé-Açu";"-";"2008";0
"Economia";"Pecuária";"Produção de Origem Animal Ovos de codorna (Mil dúzias)";"Guamá";"Igarapé-Açu";"-";"2009";0
"Economia";"Pecuária";"Produção de Origem Animal Ovos de codorna (Mil dúzias)";"Guamá";"Igarapé-Açu";"-";"2010";0
"Economia";"Pecuária";"Produção de Origem Animal Ovos de codorna (Mil dúzias)";"Guamá";"Igarapé-Açu";"-";"2011";0
"Economia";"Pecuária";"Produção de Origem Animal Ovos de codorna (Mil dúzias)";"Guamá";"Igarapé-Açu";"-";"2012";0
"Economia";"Pecuária";"Produção de Origem Animal Ovos de codorna (Mil dúzias)";"Guamá";"Igarapé-Açu";"-";"2013";0
"Economia";"Pecuária";"Produção de Origem Animal Ovos de codorna (Mil dúzias)";"Guamá";"Igarapé-Açu";"-";"2014";0
"Economia";"Pecuária";"Produção de Origem Animal Ovos de codorna (Mil dúzias)";"Guamá";"Igarapé-Açu";"-";"2015";0
"Economia";"Pecuária";"Produção de Origem Animal Ovos de codorna (Mil dúzias)";"Guamá";"Igarapé-Açu";"-";"2016";0
"Economia";"Pecuária";"Produção de Origem Animal Ovos de codorna (Mil dúzias)";"Guamá";"Igarapé-Açu";"-";"2017";0
"Economia";"Pecuária";"Produção de Origem Animal Ovos de codorna (Mil dúzias)";"Guamá";"Igarapé-Açu";"-";"2018";0
"Economia";"Pecuária";"Produção de Origem Animal Ovos de codorna (Mil dúzias)";"Guamá";"Igarapé-Açu";"-";"2019";0
"Economia";"Pecuária";"Produção de Origem Animal Ovos de codorna (Mil dúzias)";"Guamá";"Igarapé-Açu";"-";"2020";0
"Economia";"Pecuária";"Produção de Origem Animal Ovos de codorna (Mil dúzias)";"Guamá";"Igarapé-Açu";"-";"2021";0
"Economia";"Pecuária";"Produção de Origem Animal Ovos de codorna (Mil dúzias)";"Guamá";"Igarapé-Açu";"-";"2022";0
"Economia";"Pecuária";"Produção de Origem Animal Ovos de codorna (Mil dúzias)";"Guamá";"Igarapé-Açu";"-";"2023";0
"Economia";"Pecuária";"Produção de Origem Animal Ovos de codorna (Mil dúzias)";"Tocantins";"Igarapé-Miri";"-";"2008";0
"Economia";"Pecuária";"Produção de Origem Animal Ovos de codorna (Mil dúzias)";"Tocantins";"Igarapé-Miri";"-";"2009";0
"Economia";"Pecuária";"Produção de Origem Animal Ovos de codorna (Mil dúzias)";"Tocantins";"Igarapé-Miri";"-";"2010";0
"Economia";"Pecuária";"Produção de Origem Animal Ovos de codorna (Mil dúzias)";"Tocantins";"Igarapé-Miri";"-";"2011";0
"Economia";"Pecuária";"Produção de Origem Animal Ovos de codorna (Mil dúzias)";"Tocantins";"Igarapé-Miri";"-";"2012";0
"Economia";"Pecuária";"Produção de Origem Animal Ovos de codorna (Mil dúzias)";"Tocantins";"Igarapé-Miri";"-";"2013";0
"Economia";"Pecuária";"Produção de Origem Animal Ovos de codorna (Mil dúzias)";"Tocantins";"Igarapé-Miri";"-";"2014";0
"Economia";"Pecuária";"Produção de Origem Animal Ovos de codorna (Mil dúzias)";"Tocantins";"Igarapé-Miri";"-";"2015";0
"Economia";"Pecuária";"Produção de Origem Animal Ovos de codorna (Mil dúzias)";"Tocantins";"Igarapé-Miri";"-";"2016";0
"Economia";"Pecuária";"Produção de Origem Animal Ovos de codorna (Mil dúzias)";"Tocantins";"Igarapé-Miri";"-";"2017";0
"Economia";"Pecuária";"Produção de Origem Animal Ovos de codorna (Mil dúzias)";"Tocantins";"Igarapé-Miri";"-";"2018";0
"Economia";"Pecuária";"Produção de Origem Animal Ovos de codorna (Mil dúzias)";"Tocantins";"Igarapé-Miri";"-";"2019";0
"Economia";"Pecuária";"Produção de Origem Animal Ovos de codorna (Mil dúzias)";"Tocantins";"Igarapé-Miri";"-";"2020";0
"Economia";"Pecuária";"Produção de Origem Animal Ovos de codorna (Mil dúzias)";"Tocantins";"Igarapé-Miri";"-";"2021";0
"Economia";"Pecuária";"Produção de Origem Animal Ovos de codorna (Mil dúzias)";"Tocantins";"Igarapé-Miri";"-";"2022";0
"Economia";"Pecuária";"Produção de Origem Animal Ovos de codorna (Mil dúzias)";"Tocantins";"Igarapé-Miri";"-";"2023";0
"Economia";"Pecuária";"Produção de Origem Animal Ovos de codorna (Mil dúzias)";"Guamá";"Inhangapi";"-";"2008";0
"Economia";"Pecuária";"Produção de Origem Animal Ovos de codorna (Mil dúzias)";"Guamá";"Inhangapi";"-";"2009";0
"Economia";"Pecuária";"Produção de Origem Animal Ovos de codorna (Mil dúzias)";"Guamá";"Inhangapi";"-";"2010";0
"Economia";"Pecuária";"Produção de Origem Animal Ovos de codorna (Mil dúzias)";"Guamá";"Inhangapi";"-";"2011";0
"Economia";"Pecuária";"Produção de Origem Animal Ovos de codorna (Mil dúzias)";"Guamá";"Inhangapi";"-";"2012";0
"Economia";"Pecuária";"Produção de Origem Animal Ovos de codorna (Mil dúzias)";"Guamá";"Inhangapi";"-";"2013";0
"Economia";"Pecuária";"Produção de Origem Animal Ovos de codorna (Mil dúzias)";"Guamá";"Inhangapi";"-";"2014";0
"Economia";"Pecuária";"Produção de Origem Animal Ovos de codorna (Mil dúzias)";"Guamá";"Inhangapi";"-";"2015";0
"Economia";"Pecuária";"Produção de Origem Animal Ovos de codorna (Mil dúzias)";"Guamá";"Inhangapi";"-";"2016";0
"Economia";"Pecuária";"Produção de Origem Animal Ovos de codorna (Mil dúzias)";"Guamá";"Inhangapi";"-";"2017";0
"Economia";"Pecuária";"Produção de Origem Animal Ovos de codorna (Mil dúzias)";"Guamá";"Inhangapi";"-";"2018";0
"Economia";"Pecuária";"Produção de Origem Animal Ovos de codorna (Mil dúzias)";"Guamá";"Inhangapi";"-";"2019";0
"Economia";"Pecuária";"Produção de Origem Animal Ovos de codorna (Mil dúzias)";"Guamá";"Inhangapi";"-";"2020";0
"Economia";"Pecuária";"Produção de Origem Animal Ovos de codorna (Mil dúzias)";"Guamá";"Inhangapi";"-";"2021";0
"Economia";"Pecuária";"Produção de Origem Animal Ovos de codorna (Mil dúzias)";"Guamá";"Inhangapi";"-";"2022";0
"Economia";"Pecuária";"Produção de Origem Animal Ovos de codorna (Mil dúzias)";"Guamá";"Inhangapi";"-";"2023";0
"Economia";"Pecuária";"Produção de Origem Animal Ovos de codorna (Mil dúzias)";"Rio Capim";"Ipixuna do Pará";"-";"2008";0
"Economia";"Pecuária";"Produção de Origem Animal Ovos de codorna (Mil dúzias)";"Rio Capim";"Ipixuna do Pará";"-";"2009";0
"Economia";"Pecuária";"Produção de Origem Animal Ovos de codorna (Mil dúzias)";"Rio Capim";"Ipixuna do Pará";"-";"2010";0
"Economia";"Pecuária";"Produção de Origem Animal Ovos de codorna (Mil dúzias)";"Rio Capim";"Ipixuna do Pará";"-";"2011";0
"Economia";"Pecuária";"Produção de Origem Animal Ovos de codorna (Mil dúzias)";"Rio Capim";"Ipixuna do Pará";"-";"2012";0
"Economia";"Pecuária";"Produção de Origem Animal Ovos de codorna (Mil dúzias)";"Rio Capim";"Ipixuna do Pará";"-";"2013";0
"Economia";"Pecuária";"Produção de Origem Animal Ovos de codorna (Mil dúzias)";"Rio Capim";"Ipixuna do Pará";"-";"2014";0
"Economia";"Pecuária";"Produção de Origem Animal Ovos de codorna (Mil dúzias)";"Rio Capim";"Ipixuna do Pará";"-";"2015";0
"Economia";"Pecuária";"Produção de Origem Animal Ovos de codorna (Mil dúzias)";"Rio Capim";"Ipixuna do Pará";"-";"2016";0
"Economia";"Pecuária";"Produção de Origem Animal Ovos de codorna (Mil dúzias)";"Rio Capim";"Ipixuna do Pará";"-";"2017";0
"Economia";"Pecuária";"Produção de Origem Animal Ovos de codorna (Mil dúzias)";"Rio Capim";"Ipixuna do Pará";"-";"2018";0
"Economia";"Pecuária";"Produção de Origem Animal Ovos de codorna (Mil dúzias)";"Rio Capim";"Ipixuna do Pará";"-";"2019";0
"Economia";"Pecuária";"Produção de Origem Animal Ovos de codorna (Mil dúzias)";"Rio Capim";"Ipixuna do Pará";"-";"2020";0
"Economia";"Pecuária";"Produção de Origem Animal Ovos de codorna (Mil dúzias)";"Rio Capim";"Ipixuna do Pará";"-";"2021";0
"Economia";"Pecuária";"Produção de Origem Animal Ovos de codorna (Mil dúzias)";"Rio Capim";"Ipixuna do Pará";"-";"2022";0
"Economia";"Pecuária";"Produção de Origem Animal Ovos de codorna (Mil dúzias)";"Rio Capim";"Ipixuna do Pará";"-";"2023";0
"Economia";"Pecuária";"Produção de Origem Animal Ovos de codorna (Mil dúzias)";"Rio Capim";"Irituia";"-";"2008";0
"Economia";"Pecuária";"Produção de Origem Animal Ovos de codorna (Mil dúzias)";"Rio Capim";"Irituia";"-";"2009";0
"Economia";"Pecuária";"Produção de Origem Animal Ovos de codorna (Mil dúzias)";"Rio Capim";"Irituia";"-";"2010";0
"Economia";"Pecuária";"Produção de Origem Animal Ovos de codorna (Mil dúzias)";"Rio Capim";"Irituia";"-";"2011";0
"Economia";"Pecuária";"Produção de Origem Animal Ovos de codorna (Mil dúzias)";"Rio Capim";"Irituia";"-";"2012";0
"Economia";"Pecuária";"Produção de Origem Animal Ovos de codorna (Mil dúzias)";"Rio Capim";"Irituia";"-";"2013";0
"Economia";"Pecuária";"Produção de Origem Animal Ovos de codorna (Mil dúzias)";"Rio Capim";"Irituia";"-";"2014";0
"Economia";"Pecuária";"Produção de Origem Animal Ovos de codorna (Mil dúzias)";"Rio Capim";"Irituia";"-";"2015";0
"Economia";"Pecuária";"Produção de Origem Animal Ovos de codorna (Mil dúzias)";"Rio Capim";"Irituia";"-";"2016";0
"Economia";"Pecuária";"Produção de Origem Animal Ovos de codorna (Mil dúzias)";"Rio Capim";"Irituia";"-";"2017";0
"Economia";"Pecuária";"Produção de Origem Animal Ovos de codorna (Mil dúzias)";"Rio Capim";"Irituia";"-";"2018";0
"Economia";"Pecuária";"Produção de Origem Animal Ovos de codorna (Mil dúzias)";"Rio Capim";"Irituia";"-";"2019";0
"Economia";"Pecuária";"Produção de Origem Animal Ovos de codorna (Mil dúzias)";"Rio Capim";"Irituia";"-";"2020";0
"Economia";"Pecuária";"Produção de Origem Animal Ovos de codorna (Mil dúzias)";"Rio Capim";"Irituia";"-";"2021";0
"Economia";"Pecuária";"Produção de Origem Animal Ovos de codorna (Mil dúzias)";"Rio Capim";"Irituia";"-";"2022";0
"Economia";"Pecuária";"Produção de Origem Animal Ovos de codorna (Mil dúzias)";"Rio Capim";"Irituia";"-";"2023";0
"Economia";"Pecuária";"Produção de Origem Animal Ovos de codorna (Mil dúzias)";"Tapajós";"Itaituba";"-";"2008";0
"Economia";"Pecuária";"Produção de Origem Animal Ovos de codorna (Mil dúzias)";"Tapajós";"Itaituba";"-";"2009";0
"Economia";"Pecuária";"Produção de Origem Animal Ovos de codorna (Mil dúzias)";"Tapajós";"Itaituba";"-";"2010";0
"Economia";"Pecuária";"Produção de Origem Animal Ovos de codorna (Mil dúzias)";"Tapajós";"Itaituba";"-";"2011";0
"Economia";"Pecuária";"Produção de Origem Animal Ovos de codorna (Mil dúzias)";"Tapajós";"Itaituba";"-";"2012";0
"Economia";"Pecuária";"Produção de Origem Animal Ovos de codorna (Mil dúzias)";"Tapajós";"Itaituba";"-";"2013";0
"Economia";"Pecuária";"Produção de Origem Animal Ovos de codorna (Mil dúzias)";"Tapajós";"Itaituba";"-";"2014";0
"Economia";"Pecuária";"Produção de Origem Animal Ovos de codorna (Mil dúzias)";"Tapajós";"Itaituba";"-";"2015";0
"Economia";"Pecuária";"Produção de Origem Animal Ovos de codorna (Mil dúzias)";"Tapajós";"Itaituba";"-";"2016";0
"Economia";"Pecuária";"Produção de Origem Animal Ovos de codorna (Mil dúzias)";"Tapajós";"Itaituba";"-";"2017";0
"Economia";"Pecuária";"Produção de Origem Animal Ovos de codorna (Mil dúzias)";"Tapajós";"Itaituba";"-";"2018";0
"Economia";"Pecuária";"Produção de Origem Animal Ovos de codorna (Mil dúzias)";"Tapajós";"Itaituba";"-";"2019";0
"Economia";"Pecuária";"Produção de Origem Animal Ovos de codorna (Mil dúzias)";"Tapajós";"Itaituba";"-";"2020";0
"Economia";"Pecuária";"Produção de Origem Animal Ovos de codorna (Mil dúzias)";"Tapajós";"Itaituba";"-";"2021";0
"Economia";"Pecuária";"Produção de Origem Animal Ovos de codorna (Mil dúzias)";"Tapajós";"Itaituba";"-";"2022";0
"Economia";"Pecuária";"Produção de Origem Animal Ovos de codorna (Mil dúzias)";"Tapajós";"Itaituba";"-";"2023";0
"Economia";"Pecuária";"Produção de Origem Animal Ovos de codorna (Mil dúzias)";"Lago de Tucuruí";"Itupiranga";"-";"2008";0
"Economia";"Pecuária";"Produção de Origem Animal Ovos de codorna (Mil dúzias)";"Lago de Tucuruí";"Itupiranga";"-";"2009";0
"Economia";"Pecuária";"Produção de Origem Animal Ovos de codorna (Mil dúzias)";"Lago de Tucuruí";"Itupiranga";"-";"2010";0
"Economia";"Pecuária";"Produção de Origem Animal Ovos de codorna (Mil dúzias)";"Lago de Tucuruí";"Itupiranga";"-";"2011";0
"Economia";"Pecuária";"Produção de Origem Animal Ovos de codorna (Mil dúzias)";"Lago de Tucuruí";"Itupiranga";"-";"2012";0
"Economia";"Pecuária";"Produção de Origem Animal Ovos de codorna (Mil dúzias)";"Lago de Tucuruí";"Itupiranga";"-";"2013";0
"Economia";"Pecuária";"Produção de Origem Animal Ovos de codorna (Mil dúzias)";"Lago de Tucuruí";"Itupiranga";"-";"2014";0
"Economia";"Pecuária";"Produção de Origem Animal Ovos de codorna (Mil dúzias)";"Lago de Tucuruí";"Itupiranga";"-";"2015";0
"Economia";"Pecuária";"Produção de Origem Animal Ovos de codorna (Mil dúzias)";"Lago de Tucuruí";"Itupiranga";"-";"2016";0
"Economia";"Pecuária";"Produção de Origem Animal Ovos de codorna (Mil dúzias)";"Lago de Tucuruí";"Itupiranga";"-";"2017";0
"Economia";"Pecuária";"Produção de Origem Animal Ovos de codorna (Mil dúzias)";"Lago de Tucuruí";"Itupiranga";"-";"2018";0
"Economia";"Pecuária";"Produção de Origem Animal Ovos de codorna (Mil dúzias)";"Lago de Tucuruí";"Itupiranga";"-";"2019";0
"Economia";"Pecuária";"Produção de Origem Animal Ovos de codorna (Mil dúzias)";"Lago de Tucuruí";"Itupiranga";"-";"2020";0
"Economia";"Pecuária";"Produção de Origem Animal Ovos de codorna (Mil dúzias)";"Lago de Tucuruí";"Itupiranga";"-";"2021";0
"Economia";"Pecuária";"Produção de Origem Animal Ovos de codorna (Mil dúzias)";"Lago de Tucuruí";"Itupiranga";"-";"2022";0
"Economia";"Pecuária";"Produção de Origem Animal Ovos de codorna (Mil dúzias)";"Lago de Tucuruí";"Itupiranga";"-";"2023";0
"Economia";"Pecuária";"Produção de Origem Animal Ovos de codorna (Mil dúzias)";"Tapajós";"Jacareacanga (*)";"-";"2008";0
"Economia";"Pecuária";"Produção de Origem Animal Ovos de codorna (Mil dúzias)";"Tapajós";"Jacareacanga (*)";"-";"2009";0
"Economia";"Pecuária";"Produção de Origem Animal Ovos de codorna (Mil dúzias)";"Tapajós";"Jacareacanga (*)";"-";"2010";0
"Economia";"Pecuária";"Produção de Origem Animal Ovos de codorna (Mil dúzias)";"Tapajós";"Jacareacanga (*)";"-";"2011";0
"Economia";"Pecuária";"Produção de Origem Animal Ovos de codorna (Mil dúzias)";"Tapajós";"Jacareacanga (*)";"-";"2012";0
"Economia";"Pecuária";"Produção de Origem Animal Ovos de codorna (Mil dúzias)";"Tapajós";"Jacareacanga (*)";"-";"2013";0
"Economia";"Pecuária";"Produção de Origem Animal Ovos de codorna (Mil dúzias)";"Tapajós";"Jacareacanga (*)";"-";"2014";0
"Economia";"Pecuária";"Produção de Origem Animal Ovos de codorna (Mil dúzias)";"Tapajós";"Jacareacanga (*)";"-";"2015";0
"Economia";"Pecuária";"Produção de Origem Animal Ovos de codorna (Mil dúzias)";"Tapajós";"Jacareacanga (*)";"-";"2016";0
"Economia";"Pecuária";"Produção de Origem Animal Ovos de codorna (Mil dúzias)";"Tapajós";"Jacareacanga (*)";"-";"2017";0
"Economia";"Pecuária";"Produção de Origem Animal Ovos de codorna (Mil dúzias)";"Tapajós";"Jacareacanga (*)";"-";"2018";0
"Economia";"Pecuária";"Produção de Origem Animal Ovos de codorna (Mil dúzias)";"Tapajós";"Jacareacanga (*)";"-";"2019";0
"Economia";"Pecuária";"Produção de Origem Animal Ovos de codorna (Mil dúzias)";"Tapajós";"Jacareacanga (*)";"-";"2020";0
"Economia";"Pecuária";"Produção de Origem Animal Ovos de codorna (Mil dúzias)";"Tapajós";"Jacareacanga (*)";"-";"2021";0
"Economia";"Pecuária";"Produção de Origem Animal Ovos de codorna (Mil dúzias)";"Tapajós";"Jacareacanga (*)";"-";"2022";0
"Economia";"Pecuária";"Produção de Origem Animal Ovos de codorna (Mil dúzias)";"Tapajós";"Jacareacanga (*)";"-";"2023";0
"Economia";"Pecuária";"Produção de Origem Animal Ovos de codorna (Mil dúzias)";"Lago de Tucuruí";"Jacundá";"-";"2008";0
"Economia";"Pecuária";"Produção de Origem Animal Ovos de codorna (Mil dúzias)";"Lago de Tucuruí";"Jacundá";"-";"2009";0
"Economia";"Pecuária";"Produção de Origem Animal Ovos de codorna (Mil dúzias)";"Lago de Tucuruí";"Jacundá";"-";"2010";0
"Economia";"Pecuária";"Produção de Origem Animal Ovos de codorna (Mil dúzias)";"Lago de Tucuruí";"Jacundá";"-";"2011";0
"Economia";"Pecuária";"Produção de Origem Animal Ovos de codorna (Mil dúzias)";"Lago de Tucuruí";"Jacundá";"-";"2012";0
"Economia";"Pecuária";"Produção de Origem Animal Ovos de codorna (Mil dúzias)";"Lago de Tucuruí";"Jacundá";"-";"2013";0
"Economia";"Pecuária";"Produção de Origem Animal Ovos de codorna (Mil dúzias)";"Lago de Tucuruí";"Jacundá";"-";"2014";0
"Economia";"Pecuária";"Produção de Origem Animal Ovos de codorna (Mil dúzias)";"Lago de Tucuruí";"Jacundá";"-";"2015";0
"Economia";"Pecuária";"Produção de Origem Animal Ovos de codorna (Mil dúzias)";"Lago de Tucuruí";"Jacundá";"-";"2016";0
"Economia";"Pecuária";"Produção de Origem Animal Ovos de codorna (Mil dúzias)";"Lago de Tucuruí";"Jacundá";"-";"2017";0
"Economia";"Pecuária";"Produção de Origem Animal Ovos de codorna (Mil dúzias)";"Lago de Tucuruí";"Jacundá";"-";"2018";0
"Economia";"Pecuária";"Produção de Origem Animal Ovos de codorna (Mil dúzias)";"Lago de Tucuruí";"Jacundá";"-";"2019";0
"Economia";"Pecuária";"Produção de Origem Animal Ovos de codorna (Mil dúzias)";"Lago de Tucuruí";"Jacundá";"-";"2020";0
"Economia";"Pecuária";"Produção de Origem Animal Ovos de codorna (Mil dúzias)";"Lago de Tucuruí";"Jacundá";"-";"2021";0
"Economia";"Pecuária";"Produção de Origem Animal Ovos de codorna (Mil dúzias)";"Lago de Tucuruí";"Jacundá";"-";"2022";0
"Economia";"Pecuária";"Produção de Origem Animal Ovos de codorna (Mil dúzias)";"Lago de Tucuruí";"Jacundá";"-";"2023";0
"Economia";"Pecuária";"Produção de Origem Animal Ovos de codorna (Mil dúzias)";"Baixo Amazonas";"Juruti";"-";"2008";0
"Economia";"Pecuária";"Produção de Origem Animal Ovos de codorna (Mil dúzias)";"Baixo Amazonas";"Juruti";"-";"2009";0
"Economia";"Pecuária";"Produção de Origem Animal Ovos de codorna (Mil dúzias)";"Baixo Amazonas";"Juruti";"-";"2010";0
"Economia";"Pecuária";"Produção de Origem Animal Ovos de codorna (Mil dúzias)";"Baixo Amazonas";"Juruti";"-";"2011";0
"Economia";"Pecuária";"Produção de Origem Animal Ovos de codorna (Mil dúzias)";"Baixo Amazonas";"Juruti";"-";"2012";0
"Economia";"Pecuária";"Produção de Origem Animal Ovos de codorna (Mil dúzias)";"Baixo Amazonas";"Juruti";"-";"2013";0
"Economia";"Pecuária";"Produção de Origem Animal Ovos de codorna (Mil dúzias)";"Baixo Amazonas";"Juruti";"-";"2014";0
"Economia";"Pecuária";"Produção de Origem Animal Ovos de codorna (Mil dúzias)";"Baixo Amazonas";"Juruti";"-";"2015";0
"Economia";"Pecuária";"Produção de Origem Animal Ovos de codorna (Mil dúzias)";"Baixo Amazonas";"Juruti";"-";"2016";0
"Economia";"Pecuária";"Produção de Origem Animal Ovos de codorna (Mil dúzias)";"Baixo Amazonas";"Juruti";"-";"2017";0
"Economia";"Pecuária";"Produção de Origem Animal Ovos de codorna (Mil dúzias)";"Baixo Amazonas";"Juruti";"-";"2018";0
"Economia";"Pecuária";"Produção de Origem Animal Ovos de codorna (Mil dúzias)";"Baixo Amazonas";"Juruti";"-";"2019";0
"Economia";"Pecuária";"Produção de Origem Animal Ovos de codorna (Mil dúzias)";"Baixo Amazonas";"Juruti";"-";"2020";0
"Economia";"Pecuária";"Produção de Origem Animal Ovos de codorna (Mil dúzias)";"Baixo Amazonas";"Juruti";"-";"2021";0
"Economia";"Pecuária";"Produção de Origem Animal Ovos de codorna (Mil dúzias)";"Baixo Amazonas";"Juruti";"-";"2022";0
"Economia";"Pecuária";"Produção de Origem Animal Ovos de codorna (Mil dúzias)";"Baixo Amazonas";"Juruti";"-";"2023";0
"Economia";"Pecuária";"Produção de Origem Animal Ovos de codorna (Mil dúzias)";"Tocantins";"Limoeiro do Ajuru";"-";"2008";0
"Economia";"Pecuária";"Produção de Origem Animal Ovos de codorna (Mil dúzias)";"Tocantins";"Limoeiro do Ajuru";"-";"2009";0
"Economia";"Pecuária";"Produção de Origem Animal Ovos de codorna (Mil dúzias)";"Tocantins";"Limoeiro do Ajuru";"-";"2010";0
"Economia";"Pecuária";"Produção de Origem Animal Ovos de codorna (Mil dúzias)";"Tocantins";"Limoeiro do Ajuru";"-";"2011";0
"Economia";"Pecuária";"Produção de Origem Animal Ovos de codorna (Mil dúzias)";"Tocantins";"Limoeiro do Ajuru";"-";"2012";0
"Economia";"Pecuária";"Produção de Origem Animal Ovos de codorna (Mil dúzias)";"Tocantins";"Limoeiro do Ajuru";"-";"2013";0
"Economia";"Pecuária";"Produção de Origem Animal Ovos de codorna (Mil dúzias)";"Tocantins";"Limoeiro do Ajuru";"-";"2014";0
"Economia";"Pecuária";"Produção de Origem Animal Ovos de codorna (Mil dúzias)";"Tocantins";"Limoeiro do Ajuru";"-";"2015";0
"Economia";"Pecuária";"Produção de Origem Animal Ovos de codorna (Mil dúzias)";"Tocantins";"Limoeiro do Ajuru";"-";"2016";0
"Economia";"Pecuária";"Produção de Origem Animal Ovos de codorna (Mil dúzias)";"Tocantins";"Limoeiro do Ajuru";"-";"2017";0
"Economia";"Pecuária";"Produção de Origem Animal Ovos de codorna (Mil dúzias)";"Tocantins";"Limoeiro do Ajuru";"-";"2018";0
"Economia";"Pecuária";"Produção de Origem Animal Ovos de codorna (Mil dúzias)";"Tocantins";"Limoeiro do Ajuru";"-";"2019";0
"Economia";"Pecuária";"Produção de Origem Animal Ovos de codorna (Mil dúzias)";"Tocantins";"Limoeiro do Ajuru";"-";"2020";0
"Economia";"Pecuária";"Produção de Origem Animal Ovos de codorna (Mil dúzias)";"Tocantins";"Limoeiro do Ajuru";"-";"2021";0
"Economia";"Pecuária";"Produção de Origem Animal Ovos de codorna (Mil dúzias)";"Tocantins";"Limoeiro do Ajuru";"-";"2022";0
"Economia";"Pecuária";"Produção de Origem Animal Ovos de codorna (Mil dúzias)";"Tocantins";"Limoeiro do Ajuru";"-";"2023";0
"Economia";"Pecuária";"Produção de Origem Animal Ovos de codorna (Mil dúzias)";"Rio Capim";"Mãe do Rio";"-";"2008";0
"Economia";"Pecuária";"Produção de Origem Animal Ovos de codorna (Mil dúzias)";"Rio Capim";"Mãe do Rio";"-";"2009";0
"Economia";"Pecuária";"Produção de Origem Animal Ovos de codorna (Mil dúzias)";"Rio Capim";"Mãe do Rio";"-";"2010";0
"Economia";"Pecuária";"Produção de Origem Animal Ovos de codorna (Mil dúzias)";"Rio Capim";"Mãe do Rio";"-";"2011";0
"Economia";"Pecuária";"Produção de Origem Animal Ovos de codorna (Mil dúzias)";"Rio Capim";"Mãe do Rio";"-";"2012";0
"Economia";"Pecuária";"Produção de Origem Animal Ovos de codorna (Mil dúzias)";"Rio Capim";"Mãe do Rio";"-";"2013";0
"Economia";"Pecuária";"Produção de Origem Animal Ovos de codorna (Mil dúzias)";"Rio Capim";"Mãe do Rio";"-";"2014";0
"Economia";"Pecuária";"Produção de Origem Animal Ovos de codorna (Mil dúzias)";"Rio Capim";"Mãe do Rio";"-";"2015";0
"Economia";"Pecuária";"Produção de Origem Animal Ovos de codorna (Mil dúzias)";"Rio Capim";"Mãe do Rio";"-";"2016";0
"Economia";"Pecuária";"Produção de Origem Animal Ovos de codorna (Mil dúzias)";"Rio Capim";"Mãe do Rio";"-";"2017";0
"Economia";"Pecuária";"Produção de Origem Animal Ovos de codorna (Mil dúzias)";"Rio Capim";"Mãe do Rio";"-";"2018";0
"Economia";"Pecuária";"Produção de Origem Animal Ovos de codorna (Mil dúzias)";"Rio Capim";"Mãe do Rio";"-";"2019";0
"Economia";"Pecuária";"Produção de Origem Animal Ovos de codorna (Mil dúzias)";"Rio Capim";"Mãe do Rio";"-";"2020";0
"Economia";"Pecuária";"Produção de Origem Animal Ovos de codorna (Mil dúzias)";"Rio Capim";"Mãe do Rio";"-";"2021";0
"Economia";"Pecuária";"Produção de Origem Animal Ovos de codorna (Mil dúzias)";"Rio Capim";"Mãe do Rio";"-";"2022";0
"Economia";"Pecuária";"Produção de Origem Animal Ovos de codorna (Mil dúzias)";"Rio Capim";"Mãe do Rio";"-";"2023";0
"Economia";"Pecuária";"Produção de Origem Animal Ovos de codorna (Mil dúzias)";"Guamá";"Magalhães Barata";"-";"2008";0
"Economia";"Pecuária";"Produção de Origem Animal Ovos de codorna (Mil dúzias)";"Guamá";"Magalhães Barata";"-";"2009";0
"Economia";"Pecuária";"Produção de Origem Animal Ovos de codorna (Mil dúzias)";"Guamá";"Magalhães Barata";"-";"2010";0
"Economia";"Pecuária";"Produção de Origem Animal Ovos de codorna (Mil dúzias)";"Guamá";"Magalhães Barata";"-";"2011";0
"Economia";"Pecuária";"Produção de Origem Animal Ovos de codorna (Mil dúzias)";"Guamá";"Magalhães Barata";"-";"2012";0
"Economia";"Pecuária";"Produção de Origem Animal Ovos de codorna (Mil dúzias)";"Guamá";"Magalhães Barata";"-";"2013";0
"Economia";"Pecuária";"Produção de Origem Animal Ovos de codorna (Mil dúzias)";"Guamá";"Magalhães Barata";"-";"2014";0
"Economia";"Pecuária";"Produção de Origem Animal Ovos de codorna (Mil dúzias)";"Guamá";"Magalhães Barata";"-";"2015";0
"Economia";"Pecuária";"Produção de Origem Animal Ovos de codorna (Mil dúzias)";"Guamá";"Magalhães Barata";"-";"2016";0
"Economia";"Pecuária";"Produção de Origem Animal Ovos de codorna (Mil dúzias)";"Guamá";"Magalhães Barata";"-";"2017";0
"Economia";"Pecuária";"Produção de Origem Animal Ovos de codorna (Mil dúzias)";"Guamá";"Magalhães Barata";"-";"2018";0
"Economia";"Pecuária";"Produção de Origem Animal Ovos de codorna (Mil dúzias)";"Guamá";"Magalhães Barata";"-";"2019";0
"Economia";"Pecuária";"Produção de Origem Animal Ovos de codorna (Mil dúzias)";"Guamá";"Magalhães Barata";"-";"2020";0
"Economia";"Pecuária";"Produção de Origem Animal Ovos de codorna (Mil dúzias)";"Guamá";"Magalhães Barata";"-";"2021";0
"Economia";"Pecuária";"Produção de Origem Animal Ovos de codorna (Mil dúzias)";"Guamá";"Magalhães Barata";"-";"2022";0
"Economia";"Pecuária";"Produção de Origem Animal Ovos de codorna (Mil dúzias)";"Guamá";"Magalhães Barata";"-";"2023";0
"Economia";"Pecuária";"Produção de Origem Animal Ovos de codorna (Mil dúzias)";"Carajás";"Marabá";"-";"2008";0
"Economia";"Pecuária";"Produção de Origem Animal Ovos de codorna (Mil dúzias)";"Carajás";"Marabá";"-";"2009";0
"Economia";"Pecuária";"Produção de Origem Animal Ovos de codorna (Mil dúzias)";"Carajás";"Marabá";"-";"2010";0
"Economia";"Pecuária";"Produção de Origem Animal Ovos de codorna (Mil dúzias)";"Carajás";"Marabá";"-";"2011";0
"Economia";"Pecuária";"Produção de Origem Animal Ovos de codorna (Mil dúzias)";"Carajás";"Marabá";"-";"2012";0
"Economia";"Pecuária";"Produção de Origem Animal Ovos de codorna (Mil dúzias)";"Carajás";"Marabá";"-";"2013";0
"Economia";"Pecuária";"Produção de Origem Animal Ovos de codorna (Mil dúzias)";"Carajás";"Marabá";"-";"2014";0
"Economia";"Pecuária";"Produção de Origem Animal Ovos de codorna (Mil dúzias)";"Carajás";"Marabá";"-";"2015";0
"Economia";"Pecuária";"Produção de Origem Animal Ovos de codorna (Mil dúzias)";"Carajás";"Marabá";"-";"2016";0
"Economia";"Pecuária";"Produção de Origem Animal Ovos de codorna (Mil dúzias)";"Carajás";"Marabá";"-";"2017";0
"Economia";"Pecuária";"Produção de Origem Animal Ovos de codorna (Mil dúzias)";"Carajás";"Marabá";"-";"2018";0
"Economia";"Pecuária";"Produção de Origem Animal Ovos de codorna (Mil dúzias)";"Carajás";"Marabá";"-";"2019";0
"Economia";"Pecuária";"Produção de Origem Animal Ovos de codorna (Mil dúzias)";"Carajás";"Marabá";"-";"2020";0
"Economia";"Pecuária";"Produção de Origem Animal Ovos de codorna (Mil dúzias)";"Carajás";"Marabá";"-";"2021";0
"Economia";"Pecuária";"Produção de Origem Animal Ovos de codorna (Mil dúzias)";"Carajás";"Marabá";"-";"2022";0
"Economia";"Pecuária";"Produção de Origem Animal Ovos de codorna (Mil dúzias)";"Carajás";"Marabá";"-";"2023";0
"Economia";"Pecuária";"Produção de Origem Animal Ovos de codorna (Mil dúzias)";"Guamá";"Maracanã";"-";"2008";0
"Economia";"Pecuária";"Produção de Origem Animal Ovos de codorna (Mil dúzias)";"Guamá";"Maracanã";"-";"2009";0
"Economia";"Pecuária";"Produção de Origem Animal Ovos de codorna (Mil dúzias)";"Guamá";"Maracanã";"-";"2010";0
"Economia";"Pecuária";"Produção de Origem Animal Ovos de codorna (Mil dúzias)";"Guamá";"Maracanã";"-";"2011";0
"Economia";"Pecuária";"Produção de Origem Animal Ovos de codorna (Mil dúzias)";"Guamá";"Maracanã";"-";"2012";0
"Economia";"Pecuária";"Produção de Origem Animal Ovos de codorna (Mil dúzias)";"Guamá";"Maracanã";"-";"2013";0
"Economia";"Pecuária";"Produção de Origem Animal Ovos de codorna (Mil dúzias)";"Guamá";"Maracanã";"-";"2014";0
"Economia";"Pecuária";"Produção de Origem Animal Ovos de codorna (Mil dúzias)";"Guamá";"Maracanã";"-";"2015";0
"Economia";"Pecuária";"Produção de Origem Animal Ovos de codorna (Mil dúzias)";"Guamá";"Maracanã";"-";"2016";0
"Economia";"Pecuária";"Produção de Origem Animal Ovos de codorna (Mil dúzias)";"Guamá";"Maracanã";"-";"2017";0
"Economia";"Pecuária";"Produção de Origem Animal Ovos de codorna (Mil dúzias)";"Guamá";"Maracanã";"-";"2018";0
"Economia";"Pecuária";"Produção de Origem Animal Ovos de codorna (Mil dúzias)";"Guamá";"Maracanã";"-";"2019";0
"Economia";"Pecuária";"Produção de Origem Animal Ovos de codorna (Mil dúzias)";"Guamá";"Maracanã";"-";"2020";0
"Economia";"Pecuária";"Produção de Origem Animal Ovos de codorna (Mil dúzias)";"Guamá";"Maracanã";"-";"2021";0
"Economia";"Pecuária";"Produção de Origem Animal Ovos de codorna (Mil dúzias)";"Guamá";"Maracanã";"-";"2022";0
"Economia";"Pecuária";"Produção de Origem Animal Ovos de codorna (Mil dúzias)";"Guamá";"Maracanã";"-";"2023";0
"Economia";"Pecuária";"Produção de Origem Animal Ovos de codorna (Mil dúzias)";"Guamá";"Marapanim";"-";"2008";0
"Economia";"Pecuária";"Produção de Origem Animal Ovos de codorna (Mil dúzias)";"Guamá";"Marapanim";"-";"2009";0
"Economia";"Pecuária";"Produção de Origem Animal Ovos de codorna (Mil dúzias)";"Guamá";"Marapanim";"-";"2010";0
"Economia";"Pecuária";"Produção de Origem Animal Ovos de codorna (Mil dúzias)";"Guamá";"Marapanim";"-";"2011";0
"Economia";"Pecuária";"Produção de Origem Animal Ovos de codorna (Mil dúzias)";"Guamá";"Marapanim";"-";"2012";0
"Economia";"Pecuária";"Produção de Origem Animal Ovos de codorna (Mil dúzias)";"Guamá";"Marapanim";"-";"2013";0
"Economia";"Pecuária";"Produção de Origem Animal Ovos de codorna (Mil dúzias)";"Guamá";"Marapanim";"-";"2014";0
"Economia";"Pecuária";"Produção de Origem Animal Ovos de codorna (Mil dúzias)";"Guamá";"Marapanim";"-";"2015";0
"Economia";"Pecuária";"Produção de Origem Animal Ovos de codorna (Mil dúzias)";"Guamá";"Marapanim";"-";"2016";0
"Economia";"Pecuária";"Produção de Origem Animal Ovos de codorna (Mil dúzias)";"Guamá";"Marapanim";"-";"2017";0
"Economia";"Pecuária";"Produção de Origem Animal Ovos de codorna (Mil dúzias)";"Guamá";"Marapanim";"-";"2018";0
"Economia";"Pecuária";"Produção de Origem Animal Ovos de codorna (Mil dúzias)";"Guamá";"Marapanim";"-";"2019";0
"Economia";"Pecuária";"Produção de Origem Animal Ovos de codorna (Mil dúzias)";"Guamá";"Marapanim";"-";"2020";0
"Economia";"Pecuária";"Produção de Origem Animal Ovos de codorna (Mil dúzias)";"Guamá";"Marapanim";"-";"2021";0
"Economia";"Pecuária";"Produção de Origem Animal Ovos de codorna (Mil dúzias)";"Guamá";"Marapanim";"-";"2022";0
"Economia";"Pecuária";"Produção de Origem Animal Ovos de codorna (Mil dúzias)";"Guamá";"Marapanim";"-";"2023";0
"Economia";"Pecuária";"Produção de Origem Animal Ovos de codorna (Mil dúzias)";"Guajará";"Marituba";"-";"2008";0
"Economia";"Pecuária";"Produção de Origem Animal Ovos de codorna (Mil dúzias)";"Guajará";"Marituba";"-";"2009";0
"Economia";"Pecuária";"Produção de Origem Animal Ovos de codorna (Mil dúzias)";"Guajará";"Marituba";"-";"2010";0
"Economia";"Pecuária";"Produção de Origem Animal Ovos de codorna (Mil dúzias)";"Guajará";"Marituba";"-";"2011";0
"Economia";"Pecuária";"Produção de Origem Animal Ovos de codorna (Mil dúzias)";"Guajará";"Marituba";"-";"2012";0
"Economia";"Pecuária";"Produção de Origem Animal Ovos de codorna (Mil dúzias)";"Guajará";"Marituba";"-";"2013";0
"Economia";"Pecuária";"Produção de Origem Animal Ovos de codorna (Mil dúzias)";"Guajará";"Marituba";"-";"2014";0
"Economia";"Pecuária";"Produção de Origem Animal Ovos de codorna (Mil dúzias)";"Guajará";"Marituba";"-";"2015";0
"Economia";"Pecuária";"Produção de Origem Animal Ovos de codorna (Mil dúzias)";"Guajará";"Marituba";"-";"2016";30
"Economia";"Pecuária";"Produção de Origem Animal Ovos de codorna (Mil dúzias)";"Guajará";"Marituba";"-";"2017";0
"Economia";"Pecuária";"Produção de Origem Animal Ovos de codorna (Mil dúzias)";"Guajará";"Marituba";"-";"2018";0
"Economia";"Pecuária";"Produção de Origem Animal Ovos de codorna (Mil dúzias)";"Guajará";"Marituba";"-";"2019";0
"Economia";"Pecuária";"Produção de Origem Animal Ovos de codorna (Mil dúzias)";"Guajará";"Marituba";"-";"2020";0
"Economia";"Pecuária";"Produção de Origem Animal Ovos de codorna (Mil dúzias)";"Guajará";"Marituba";"-";"2021";0
"Economia";"Pecuária";"Produção de Origem Animal Ovos de codorna (Mil dúzias)";"Guajará";"Marituba";"-";"2022";0
"Economia";"Pecuária";"Produção de Origem Animal Ovos de codorna (Mil dúzias)";"Guajará";"Marituba";"-";"2023";0
"Economia";"Pecuária";"Produção de Origem Animal Ovos de codorna (Mil dúzias)";"Xingu";"Medicilândia";"-";"2008";4
"Economia";"Pecuária";"Produção de Origem Animal Ovos de codorna (Mil dúzias)";"Xingu";"Medicilândia";"-";"2009";4
"Economia";"Pecuária";"Produção de Origem Animal Ovos de codorna (Mil dúzias)";"Xingu";"Medicilândia";"-";"2010";4
"Economia";"Pecuária";"Produção de Origem Animal Ovos de codorna (Mil dúzias)";"Xingu";"Medicilândia";"-";"2011";3
"Economia";"Pecuária";"Produção de Origem Animal Ovos de codorna (Mil dúzias)";"Xingu";"Medicilândia";"-";"2012";3
"Economia";"Pecuária";"Produção de Origem Animal Ovos de codorna (Mil dúzias)";"Xingu";"Medicilândia";"-";"2013";4
"Economia";"Pecuária";"Produção de Origem Animal Ovos de codorna (Mil dúzias)";"Xingu";"Medicilândia";"-";"2014";3
"Economia";"Pecuária";"Produção de Origem Animal Ovos de codorna (Mil dúzias)";"Xingu";"Medicilândia";"-";"2015";4
"Economia";"Pecuária";"Produção de Origem Animal Ovos de codorna (Mil dúzias)";"Xingu";"Medicilândia";"-";"2016";4
"Economia";"Pecuária";"Produção de Origem Animal Ovos de codorna (Mil dúzias)";"Xingu";"Medicilândia";"-";"2017";4
"Economia";"Pecuária";"Produção de Origem Animal Ovos de codorna (Mil dúzias)";"Xingu";"Medicilândia";"-";"2018";4
"Economia";"Pecuária";"Produção de Origem Animal Ovos de codorna (Mil dúzias)";"Xingu";"Medicilândia";"-";"2019";3
"Economia";"Pecuária";"Produção de Origem Animal Ovos de codorna (Mil dúzias)";"Xingu";"Medicilândia";"-";"2020";4
"Economia";"Pecuária";"Produção de Origem Animal Ovos de codorna (Mil dúzias)";"Xingu";"Medicilândia";"-";"2021";0
"Economia";"Pecuária";"Produção de Origem Animal Ovos de codorna (Mil dúzias)";"Xingu";"Medicilândia";"-";"2022";0
"Economia";"Pecuária";"Produção de Origem Animal Ovos de codorna (Mil dúzias)";"Xingu";"Medicilândia";"-";"2023";0
"Economia";"Pecuária";"Produção de Origem Animal Ovos de codorna (Mil dúzias)";"Marajó";"Melgaço";"-";"2008";0
"Economia";"Pecuária";"Produção de Origem Animal Ovos de codorna (Mil dúzias)";"Marajó";"Melgaço";"-";"2009";0
"Economia";"Pecuária";"Produção de Origem Animal Ovos de codorna (Mil dúzias)";"Marajó";"Melgaço";"-";"2010";0
"Economia";"Pecuária";"Produção de Origem Animal Ovos de codorna (Mil dúzias)";"Marajó";"Melgaço";"-";"2011";0
"Economia";"Pecuária";"Produção de Origem Animal Ovos de codorna (Mil dúzias)";"Marajó";"Melgaço";"-";"2012";0
"Economia";"Pecuária";"Produção de Origem Animal Ovos de codorna (Mil dúzias)";"Marajó";"Melgaço";"-";"2013";0
"Economia";"Pecuária";"Produção de Origem Animal Ovos de codorna (Mil dúzias)";"Marajó";"Melgaço";"-";"2014";0
"Economia";"Pecuária";"Produção de Origem Animal Ovos de codorna (Mil dúzias)";"Marajó";"Melgaço";"-";"2015";0
"Economia";"Pecuária";"Produção de Origem Animal Ovos de codorna (Mil dúzias)";"Marajó";"Melgaço";"-";"2016";0
"Economia";"Pecuária";"Produção de Origem Animal Ovos de codorna (Mil dúzias)";"Marajó";"Melgaço";"-";"2017";0
"Economia";"Pecuária";"Produção de Origem Animal Ovos de codorna (Mil dúzias)";"Marajó";"Melgaço";"-";"2018";0
"Economia";"Pecuária";"Produção de Origem Animal Ovos de codorna (Mil dúzias)";"Marajó";"Melgaço";"-";"2019";0
"Economia";"Pecuária";"Produção de Origem Animal Ovos de codorna (Mil dúzias)";"Marajó";"Melgaço";"-";"2020";0
"Economia";"Pecuária";"Produção de Origem Animal Ovos de codorna (Mil dúzias)";"Marajó";"Melgaço";"-";"2021";0
"Economia";"Pecuária";"Produção de Origem Animal Ovos de codorna (Mil dúzias)";"Marajó";"Melgaço";"-";"2022";0
"Economia";"Pecuária";"Produção de Origem Animal Ovos de codorna (Mil dúzias)";"Marajó";"Melgaço";"-";"2023";0
"Economia";"Pecuária";"Produção de Origem Animal Ovos de codorna (Mil dúzias)";"Tocantins";"Mocajuba";"-";"2008";0
"Economia";"Pecuária";"Produção de Origem Animal Ovos de codorna (Mil dúzias)";"Tocantins";"Mocajuba";"-";"2009";0
"Economia";"Pecuária";"Produção de Origem Animal Ovos de codorna (Mil dúzias)";"Tocantins";"Mocajuba";"-";"2010";0
"Economia";"Pecuária";"Produção de Origem Animal Ovos de codorna (Mil dúzias)";"Tocantins";"Mocajuba";"-";"2011";0
"Economia";"Pecuária";"Produção de Origem Animal Ovos de codorna (Mil dúzias)";"Tocantins";"Mocajuba";"-";"2012";0
"Economia";"Pecuária";"Produção de Origem Animal Ovos de codorna (Mil dúzias)";"Tocantins";"Mocajuba";"-";"2013";0
"Economia";"Pecuária";"Produção de Origem Animal Ovos de codorna (Mil dúzias)";"Tocantins";"Mocajuba";"-";"2014";0
"Economia";"Pecuária";"Produção de Origem Animal Ovos de codorna (Mil dúzias)";"Tocantins";"Mocajuba";"-";"2015";0
"Economia";"Pecuária";"Produção de Origem Animal Ovos de codorna (Mil dúzias)";"Tocantins";"Mocajuba";"-";"2016";0
"Economia";"Pecuária";"Produção de Origem Animal Ovos de codorna (Mil dúzias)";"Tocantins";"Mocajuba";"-";"2017";0
"Economia";"Pecuária";"Produção de Origem Animal Ovos de codorna (Mil dúzias)";"Tocantins";"Mocajuba";"-";"2018";0
"Economia";"Pecuária";"Produção de Origem Animal Ovos de codorna (Mil dúzias)";"Tocantins";"Mocajuba";"-";"2019";0
"Economia";"Pecuária";"Produção de Origem Animal Ovos de codorna (Mil dúzias)";"Tocantins";"Mocajuba";"-";"2020";0
"Economia";"Pecuária";"Produção de Origem Animal Ovos de codorna (Mil dúzias)";"Tocantins";"Mocajuba";"-";"2021";0
"Economia";"Pecuária";"Produção de Origem Animal Ovos de codorna (Mil dúzias)";"Tocantins";"Mocajuba";"-";"2022";0
"Economia";"Pecuária";"Produção de Origem Animal Ovos de codorna (Mil dúzias)";"Tocantins";"Mocajuba";"-";"2023";0
"Economia";"Pecuária";"Produção de Origem Animal Ovos de codorna (Mil dúzias)";"Tocantins";"Moju";"-";"2008";0
"Economia";"Pecuária";"Produção de Origem Animal Ovos de codorna (Mil dúzias)";"Tocantins";"Moju";"-";"2009";0
"Economia";"Pecuária";"Produção de Origem Animal Ovos de codorna (Mil dúzias)";"Tocantins";"Moju";"-";"2010";0
"Economia";"Pecuária";"Produção de Origem Animal Ovos de codorna (Mil dúzias)";"Tocantins";"Moju";"-";"2011";0
"Economia";"Pecuária";"Produção de Origem Animal Ovos de codorna (Mil dúzias)";"Tocantins";"Moju";"-";"2012";0
"Economia";"Pecuária";"Produção de Origem Animal Ovos de codorna (Mil dúzias)";"Tocantins";"Moju";"-";"2013";0
"Economia";"Pecuária";"Produção de Origem Animal Ovos de codorna (Mil dúzias)";"Tocantins";"Moju";"-";"2014";0
"Economia";"Pecuária";"Produção de Origem Animal Ovos de codorna (Mil dúzias)";"Tocantins";"Moju";"-";"2015";0
"Economia";"Pecuária";"Produção de Origem Animal Ovos de codorna (Mil dúzias)";"Tocantins";"Moju";"-";"2016";0
"Economia";"Pecuária";"Produção de Origem Animal Ovos de codorna (Mil dúzias)";"Tocantins";"Moju";"-";"2017";0
"Economia";"Pecuária";"Produção de Origem Animal Ovos de codorna (Mil dúzias)";"Tocantins";"Moju";"-";"2018";0
"Economia";"Pecuária";"Produção de Origem Animal Ovos de codorna (Mil dúzias)";"Tocantins";"Moju";"-";"2019";0
"Economia";"Pecuária";"Produção de Origem Animal Ovos de codorna (Mil dúzias)";"Tocantins";"Moju";"-";"2020";0
"Economia";"Pecuária";"Produção de Origem Animal Ovos de codorna (Mil dúzias)";"Tocantins";"Moju";"-";"2021";0
"Economia";"Pecuária";"Produção de Origem Animal Ovos de codorna (Mil dúzias)";"Tocantins";"Moju";"-";"2022";0
"Economia";"Pecuária";"Produção de Origem Animal Ovos de codorna (Mil dúzias)";"Tocantins";"Moju";"-";"2023";0
"Economia";"Pecuária";"Produção de Origem Animal Ovos de codorna (Mil dúzias)";"Baixo Amazonas";"Mojuí dos campos";"-";"2008";0
"Economia";"Pecuária";"Produção de Origem Animal Ovos de codorna (Mil dúzias)";"Baixo Amazonas";"Mojuí dos campos";"-";"2009";0
"Economia";"Pecuária";"Produção de Origem Animal Ovos de codorna (Mil dúzias)";"Baixo Amazonas";"Mojuí dos campos";"-";"2010";0
"Economia";"Pecuária";"Produção de Origem Animal Ovos de codorna (Mil dúzias)";"Baixo Amazonas";"Mojuí dos campos";"-";"2011";0
"Economia";"Pecuária";"Produção de Origem Animal Ovos de codorna (Mil dúzias)";"Baixo Amazonas";"Mojuí dos campos";"-";"2012";0
"Economia";"Pecuária";"Produção de Origem Animal Ovos de codorna (Mil dúzias)";"Baixo Amazonas";"Mojuí dos campos";"-";"2013";0
"Economia";"Pecuária";"Produção de Origem Animal Ovos de codorna (Mil dúzias)";"Baixo Amazonas";"Mojuí dos campos";"-";"2014";0
"Economia";"Pecuária";"Produção de Origem Animal Ovos de codorna (Mil dúzias)";"Baixo Amazonas";"Mojuí dos campos";"-";"2015";0
"Economia";"Pecuária";"Produção de Origem Animal Ovos de codorna (Mil dúzias)";"Baixo Amazonas";"Mojuí dos campos";"-";"2016";0
"Economia";"Pecuária";"Produção de Origem Animal Ovos de codorna (Mil dúzias)";"Baixo Amazonas";"Mojuí dos campos";"-";"2017";0
"Economia";"Pecuária";"Produção de Origem Animal Ovos de codorna (Mil dúzias)";"Baixo Amazonas";"Mojuí dos campos";"-";"2018";0
"Economia";"Pecuária";"Produção de Origem Animal Ovos de codorna (Mil dúzias)";"Baixo Amazonas";"Mojuí dos campos";"-";"2019";0
"Economia";"Pecuária";"Produção de Origem Animal Ovos de codorna (Mil dúzias)";"Baixo Amazonas";"Mojuí dos campos";"-";"2020";0
"Economia";"Pecuária";"Produção de Origem Animal Ovos de codorna (Mil dúzias)";"Baixo Amazonas";"Mojuí dos campos";"-";"2021";0
"Economia";"Pecuária";"Produção de Origem Animal Ovos de codorna (Mil dúzias)";"Baixo Amazonas";"Mojuí dos campos";"-";"2022";0
"Economia";"Pecuária";"Produção de Origem Animal Ovos de codorna (Mil dúzias)";"Baixo Amazonas";"Mojuí dos campos";"-";"2023";0
"Economia";"Pecuária";"Produção de Origem Animal Ovos de codorna (Mil dúzias)";"Baixo Amazonas";"Monte Alegre";"-";"2008";0
"Economia";"Pecuária";"Produção de Origem Animal Ovos de codorna (Mil dúzias)";"Baixo Amazonas";"Monte Alegre";"-";"2009";0
"Economia";"Pecuária";"Produção de Origem Animal Ovos de codorna (Mil dúzias)";"Baixo Amazonas";"Monte Alegre";"-";"2010";0
"Economia";"Pecuária";"Produção de Origem Animal Ovos de codorna (Mil dúzias)";"Baixo Amazonas";"Monte Alegre";"-";"2011";0
"Economia";"Pecuária";"Produção de Origem Animal Ovos de codorna (Mil dúzias)";"Baixo Amazonas";"Monte Alegre";"-";"2012";0
"Economia";"Pecuária";"Produção de Origem Animal Ovos de codorna (Mil dúzias)";"Baixo Amazonas";"Monte Alegre";"-";"2013";0
"Economia";"Pecuária";"Produção de Origem Animal Ovos de codorna (Mil dúzias)";"Baixo Amazonas";"Monte Alegre";"-";"2014";0
"Economia";"Pecuária";"Produção de Origem Animal Ovos de codorna (Mil dúzias)";"Baixo Amazonas";"Monte Alegre";"-";"2015";0
"Economia";"Pecuária";"Produção de Origem Animal Ovos de codorna (Mil dúzias)";"Baixo Amazonas";"Monte Alegre";"-";"2016";0
"Economia";"Pecuária";"Produção de Origem Animal Ovos de codorna (Mil dúzias)";"Baixo Amazonas";"Monte Alegre";"-";"2017";0
"Economia";"Pecuária";"Produção de Origem Animal Ovos de codorna (Mil dúzias)";"Baixo Amazonas";"Monte Alegre";"-";"2018";0
"Economia";"Pecuária";"Produção de Origem Animal Ovos de codorna (Mil dúzias)";"Baixo Amazonas";"Monte Alegre";"-";"2019";0
"Economia";"Pecuária";"Produção de Origem Animal Ovos de codorna (Mil dúzias)";"Baixo Amazonas";"Monte Alegre";"-";"2020";0
"Economia";"Pecuária";"Produção de Origem Animal Ovos de codorna (Mil dúzias)";"Baixo Amazonas";"Monte Alegre";"-";"2021";0
"Economia";"Pecuária";"Produção de Origem Animal Ovos de codorna (Mil dúzias)";"Baixo Amazonas";"Monte Alegre";"-";"2022";0
"Economia";"Pecuária";"Produção de Origem Animal Ovos de codorna (Mil dúzias)";"Baixo Amazonas";"Monte Alegre";"-";"2023";0
"Economia";"Pecuária";"Produção de Origem Animal Ovos de codorna (Mil dúzias)";"Marajó";"Muaná";"-";"2008";0
"Economia";"Pecuária";"Produção de Origem Animal Ovos de codorna (Mil dúzias)";"Marajó";"Muaná";"-";"2009";0
"Economia";"Pecuária";"Produção de Origem Animal Ovos de codorna (Mil dúzias)";"Marajó";"Muaná";"-";"2010";0
"Economia";"Pecuária";"Produção de Origem Animal Ovos de codorna (Mil dúzias)";"Marajó";"Muaná";"-";"2011";0
"Economia";"Pecuária";"Produção de Origem Animal Ovos de codorna (Mil dúzias)";"Marajó";"Muaná";"-";"2012";0
"Economia";"Pecuária";"Produção de Origem Animal Ovos de codorna (Mil dúzias)";"Marajó";"Muaná";"-";"2013";0
"Economia";"Pecuária";"Produção de Origem Animal Ovos de codorna (Mil dúzias)";"Marajó";"Muaná";"-";"2014";0
"Economia";"Pecuária";"Produção de Origem Animal Ovos de codorna (Mil dúzias)";"Marajó";"Muaná";"-";"2015";0
"Economia";"Pecuária";"Produção de Origem Animal Ovos de codorna (Mil dúzias)";"Marajó";"Muaná";"-";"2016";0
"Economia";"Pecuária";"Produção de Origem Animal Ovos de codorna (Mil dúzias)";"Marajó";"Muaná";"-";"2017";0
"Economia";"Pecuária";"Produção de Origem Animal Ovos de codorna (Mil dúzias)";"Marajó";"Muaná";"-";"2018";0
"Economia";"Pecuária";"Produção de Origem Animal Ovos de codorna (Mil dúzias)";"Marajó";"Muaná";"-";"2019";0
"Economia";"Pecuária";"Produção de Origem Animal Ovos de codorna (Mil dúzias)";"Marajó";"Muaná";"-";"2020";0
"Economia";"Pecuária";"Produção de Origem Animal Ovos de codorna (Mil dúzias)";"Marajó";"Muaná";"-";"2021";0
"Economia";"Pecuária";"Produção de Origem Animal Ovos de codorna (Mil dúzias)";"Marajó";"Muaná";"-";"2022";0
"Economia";"Pecuária";"Produção de Origem Animal Ovos de codorna (Mil dúzias)";"Marajó";"Muaná";"-";"2023";0
"Economia";"Pecuária";"Produção de Origem Animal Ovos de codorna (Mil dúzias)";"Rio Capim";"Nova Esperança do Piriá";"-";"2008";0
"Economia";"Pecuária";"Produção de Origem Animal Ovos de codorna (Mil dúzias)";"Rio Capim";"Nova Esperança do Piriá";"-";"2009";0
"Economia";"Pecuária";"Produção de Origem Animal Ovos de codorna (Mil dúzias)";"Rio Capim";"Nova Esperança do Piriá";"-";"2010";0
"Economia";"Pecuária";"Produção de Origem Animal Ovos de codorna (Mil dúzias)";"Rio Capim";"Nova Esperança do Piriá";"-";"2011";0
"Economia";"Pecuária";"Produção de Origem Animal Ovos de codorna (Mil dúzias)";"Rio Capim";"Nova Esperança do Piriá";"-";"2012";0
"Economia";"Pecuária";"Produção de Origem Animal Ovos de codorna (Mil dúzias)";"Rio Capim";"Nova Esperança do Piriá";"-";"2013";0
"Economia";"Pecuária";"Produção de Origem Animal Ovos de codorna (Mil dúzias)";"Rio Capim";"Nova Esperança do Piriá";"-";"2014";0
"Economia";"Pecuária";"Produção de Origem Animal Ovos de codorna (Mil dúzias)";"Rio Capim";"Nova Esperança do Piriá";"-";"2015";0
"Economia";"Pecuária";"Produção de Origem Animal Ovos de codorna (Mil dúzias)";"Rio Capim";"Nova Esperança do Piriá";"-";"2016";0
"Economia";"Pecuária";"Produção de Origem Animal Ovos de codorna (Mil dúzias)";"Rio Capim";"Nova Esperança do Piriá";"-";"2017";0
"Economia";"Pecuária";"Produção de Origem Animal Ovos de codorna (Mil dúzias)";"Rio Capim";"Nova Esperança do Piriá";"-";"2018";0
"Economia";"Pecuária";"Produção de Origem Animal Ovos de codorna (Mil dúzias)";"Rio Capim";"Nova Esperança do Piriá";"-";"2019";0
"Economia";"Pecuária";"Produção de Origem Animal Ovos de codorna (Mil dúzias)";"Rio Capim";"Nova Esperança do Piriá";"-";"2020";0
"Economia";"Pecuária";"Produção de Origem Animal Ovos de codorna (Mil dúzias)";"Rio Capim";"Nova Esperança do Piriá";"-";"2021";0
"Economia";"Pecuária";"Produção de Origem Animal Ovos de codorna (Mil dúzias)";"Rio Capim";"Nova Esperança do Piriá";"-";"2022";0
"Economia";"Pecuária";"Produção de Origem Animal Ovos de codorna (Mil dúzias)";"Rio Capim";"Nova Esperança do Piriá";"-";"2023";0
"Economia";"Pecuária";"Produção de Origem Animal Ovos de codorna (Mil dúzias)";"Lago de Tucuruí";"Nova Ipixuna";"-";"2008";0
"Economia";"Pecuária";"Produção de Origem Animal Ovos de codorna (Mil dúzias)";"Lago de Tucuruí";"Nova Ipixuna";"-";"2009";0
"Economia";"Pecuária";"Produção de Origem Animal Ovos de codorna (Mil dúzias)";"Lago de Tucuruí";"Nova Ipixuna";"-";"2010";0
"Economia";"Pecuária";"Produção de Origem Animal Ovos de codorna (Mil dúzias)";"Lago de Tucuruí";"Nova Ipixuna";"-";"2011";0
"Economia";"Pecuária";"Produção de Origem Animal Ovos de codorna (Mil dúzias)";"Lago de Tucuruí";"Nova Ipixuna";"-";"2012";0
"Economia";"Pecuária";"Produção de Origem Animal Ovos de codorna (Mil dúzias)";"Lago de Tucuruí";"Nova Ipixuna";"-";"2013";0
"Economia";"Pecuária";"Produção de Origem Animal Ovos de codorna (Mil dúzias)";"Lago de Tucuruí";"Nova Ipixuna";"-";"2014";0
"Economia";"Pecuária";"Produção de Origem Animal Ovos de codorna (Mil dúzias)";"Lago de Tucuruí";"Nova Ipixuna";"-";"2015";0
"Economia";"Pecuária";"Produção de Origem Animal Ovos de codorna (Mil dúzias)";"Lago de Tucuruí";"Nova Ipixuna";"-";"2016";0
"Economia";"Pecuária";"Produção de Origem Animal Ovos de codorna (Mil dúzias)";"Lago de Tucuruí";"Nova Ipixuna";"-";"2017";0
"Economia";"Pecuária";"Produção de Origem Animal Ovos de codorna (Mil dúzias)";"Lago de Tucuruí";"Nova Ipixuna";"-";"2018";0
"Economia";"Pecuária";"Produção de Origem Animal Ovos de codorna (Mil dúzias)";"Lago de Tucuruí";"Nova Ipixuna";"-";"2019";0
"Economia";"Pecuária";"Produção de Origem Animal Ovos de codorna (Mil dúzias)";"Lago de Tucuruí";"Nova Ipixuna";"-";"2020";0
"Economia";"Pecuária";"Produção de Origem Animal Ovos de codorna (Mil dúzias)";"Lago de Tucuruí";"Nova Ipixuna";"-";"2021";0
"Economia";"Pecuária";"Produção de Origem Animal Ovos de codorna (Mil dúzias)";"Lago de Tucuruí";"Nova Ipixuna";"-";"2022";0
"Economia";"Pecuária";"Produção de Origem Animal Ovos de codorna (Mil dúzias)";"Lago de Tucuruí";"Nova Ipixuna";"-";"2023";0
"Economia";"Pecuária";"Produção de Origem Animal Ovos de codorna (Mil dúzias)";"Rio Caeté";"Nova Timboteua";"-";"2008";0
"Economia";"Pecuária";"Produção de Origem Animal Ovos de codorna (Mil dúzias)";"Rio Caeté";"Nova Timboteua";"-";"2009";0
"Economia";"Pecuária";"Produção de Origem Animal Ovos de codorna (Mil dúzias)";"Rio Caeté";"Nova Timboteua";"-";"2010";0
"Economia";"Pecuária";"Produção de Origem Animal Ovos de codorna (Mil dúzias)";"Rio Caeté";"Nova Timboteua";"-";"2011";0
"Economia";"Pecuária";"Produção de Origem Animal Ovos de codorna (Mil dúzias)";"Rio Caeté";"Nova Timboteua";"-";"2012";0
"Economia";"Pecuária";"Produção de Origem Animal Ovos de codorna (Mil dúzias)";"Rio Caeté";"Nova Timboteua";"-";"2013";0
"Economia";"Pecuária";"Produção de Origem Animal Ovos de codorna (Mil dúzias)";"Rio Caeté";"Nova Timboteua";"-";"2014";0
"Economia";"Pecuária";"Produção de Origem Animal Ovos de codorna (Mil dúzias)";"Rio Caeté";"Nova Timboteua";"-";"2015";0
"Economia";"Pecuária";"Produção de Origem Animal Ovos de codorna (Mil dúzias)";"Rio Caeté";"Nova Timboteua";"-";"2016";0
"Economia";"Pecuária";"Produção de Origem Animal Ovos de codorna (Mil dúzias)";"Rio Caeté";"Nova Timboteua";"-";"2017";0
"Economia";"Pecuária";"Produção de Origem Animal Ovos de codorna (Mil dúzias)";"Rio Caeté";"Nova Timboteua";"-";"2018";0
"Economia";"Pecuária";"Produção de Origem Animal Ovos de codorna (Mil dúzias)";"Rio Caeté";"Nova Timboteua";"-";"2019";0
"Economia";"Pecuária";"Produção de Origem Animal Ovos de codorna (Mil dúzias)";"Rio Caeté";"Nova Timboteua";"-";"2020";0
"Economia";"Pecuária";"Produção de Origem Animal Ovos de codorna (Mil dúzias)";"Rio Caeté";"Nova Timboteua";"-";"2021";0
"Economia";"Pecuária";"Produção de Origem Animal Ovos de codorna (Mil dúzias)";"Rio Caeté";"Nova Timboteua";"-";"2022";0
"Economia";"Pecuária";"Produção de Origem Animal Ovos de codorna (Mil dúzias)";"Rio Caeté";"Nova Timboteua";"-";"2023";0
"Economia";"Pecuária";"Produção de Origem Animal Ovos de codorna (Mil dúzias)";"Tapajós";"Novo Progresso";"-";"2008";0
"Economia";"Pecuária";"Produção de Origem Animal Ovos de codorna (Mil dúzias)";"Tapajós";"Novo Progresso";"-";"2009";0
"Economia";"Pecuária";"Produção de Origem Animal Ovos de codorna (Mil dúzias)";"Tapajós";"Novo Progresso";"-";"2010";0
"Economia";"Pecuária";"Produção de Origem Animal Ovos de codorna (Mil dúzias)";"Tapajós";"Novo Progresso";"-";"2011";0
"Economia";"Pecuária";"Produção de Origem Animal Ovos de codorna (Mil dúzias)";"Tapajós";"Novo Progresso";"-";"2012";0
"Economia";"Pecuária";"Produção de Origem Animal Ovos de codorna (Mil dúzias)";"Tapajós";"Novo Progresso";"-";"2013";0
"Economia";"Pecuária";"Produção de Origem Animal Ovos de codorna (Mil dúzias)";"Tapajós";"Novo Progresso";"-";"2014";0
"Economia";"Pecuária";"Produção de Origem Animal Ovos de codorna (Mil dúzias)";"Tapajós";"Novo Progresso";"-";"2015";0
"Economia";"Pecuária";"Produção de Origem Animal Ovos de codorna (Mil dúzias)";"Tapajós";"Novo Progresso";"-";"2016";0
"Economia";"Pecuária";"Produção de Origem Animal Ovos de codorna (Mil dúzias)";"Tapajós";"Novo Progresso";"-";"2017";0
"Economia";"Pecuária";"Produção de Origem Animal Ovos de codorna (Mil dúzias)";"Tapajós";"Novo Progresso";"-";"2018";0
"Economia";"Pecuária";"Produção de Origem Animal Ovos de codorna (Mil dúzias)";"Tapajós";"Novo Progresso";"-";"2019";0
"Economia";"Pecuária";"Produção de Origem Animal Ovos de codorna (Mil dúzias)";"Tapajós";"Novo Progresso";"-";"2020";0
"Economia";"Pecuária";"Produção de Origem Animal Ovos de codorna (Mil dúzias)";"Tapajós";"Novo Progresso";"-";"2021";0
"Economia";"Pecuária";"Produção de Origem Animal Ovos de codorna (Mil dúzias)";"Tapajós";"Novo Progresso";"-";"2022";0
"Economia";"Pecuária";"Produção de Origem Animal Ovos de codorna (Mil dúzias)";"Tapajós";"Novo Progresso";"-";"2023";0
"Economia";"Pecuária";"Produção de Origem Animal Ovos de codorna (Mil dúzias)";"Lago de Tucuruí";"Novo Repartimento";"-";"2008";0
"Economia";"Pecuária";"Produção de Origem Animal Ovos de codorna (Mil dúzias)";"Lago de Tucuruí";"Novo Repartimento";"-";"2009";0
"Economia";"Pecuária";"Produção de Origem Animal Ovos de codorna (Mil dúzias)";"Lago de Tucuruí";"Novo Repartimento";"-";"2010";0
"Economia";"Pecuária";"Produção de Origem Animal Ovos de codorna (Mil dúzias)";"Lago de Tucuruí";"Novo Repartimento";"-";"2011";0
"Economia";"Pecuária";"Produção de Origem Animal Ovos de codorna (Mil dúzias)";"Lago de Tucuruí";"Novo Repartimento";"-";"2012";0
"Economia";"Pecuária";"Produção de Origem Animal Ovos de codorna (Mil dúzias)";"Lago de Tucuruí";"Novo Repartimento";"-";"2013";0
"Economia";"Pecuária";"Produção de Origem Animal Ovos de codorna (Mil dúzias)";"Lago de Tucuruí";"Novo Repartimento";"-";"2014";0
"Economia";"Pecuária";"Produção de Origem Animal Ovos de codorna (Mil dúzias)";"Lago de Tucuruí";"Novo Repartimento";"-";"2015";0
"Economia";"Pecuária";"Produção de Origem Animal Ovos de codorna (Mil dúzias)";"Lago de Tucuruí";"Novo Repartimento";"-";"2016";0
"Economia";"Pecuária";"Produção de Origem Animal Ovos de codorna (Mil dúzias)";"Lago de Tucuruí";"Novo Repartimento";"-";"2017";0
"Economia";"Pecuária";"Produção de Origem Animal Ovos de codorna (Mil dúzias)";"Lago de Tucuruí";"Novo Repartimento";"-";"2018";3
"Economia";"Pecuária";"Produção de Origem Animal Ovos de codorna (Mil dúzias)";"Lago de Tucuruí";"Novo Repartimento";"-";"2019";0
"Economia";"Pecuária";"Produção de Origem Animal Ovos de codorna (Mil dúzias)";"Lago de Tucuruí";"Novo Repartimento";"-";"2020";0
"Economia";"Pecuária";"Produção de Origem Animal Ovos de codorna (Mil dúzias)";"Lago de Tucuruí";"Novo Repartimento";"-";"2021";0
"Economia";"Pecuária";"Produção de Origem Animal Ovos de codorna (Mil dúzias)";"Lago de Tucuruí";"Novo Repartimento";"-";"2022";0
"Economia";"Pecuária";"Produção de Origem Animal Ovos de codorna (Mil dúzias)";"Lago de Tucuruí";"Novo Repartimento";"-";"2023";0
"Economia";"Pecuária";"Produção de Origem Animal Ovos de codorna (Mil dúzias)";"Baixo Amazonas";"Óbidos";"-";"2008";2
"Economia";"Pecuária";"Produção de Origem Animal Ovos de codorna (Mil dúzias)";"Baixo Amazonas";"Óbidos";"-";"2009";2
"Economia";"Pecuária";"Produção de Origem Animal Ovos de codorna (Mil dúzias)";"Baixo Amazonas";"Óbidos";"-";"2010";3
"Economia";"Pecuária";"Produção de Origem Animal Ovos de codorna (Mil dúzias)";"Baixo Amazonas";"Óbidos";"-";"2011";6
"Economia";"Pecuária";"Produção de Origem Animal Ovos de codorna (Mil dúzias)";"Baixo Amazonas";"Óbidos";"-";"2012";2
"Economia";"Pecuária";"Produção de Origem Animal Ovos de codorna (Mil dúzias)";"Baixo Amazonas";"Óbidos";"-";"2013";2
"Economia";"Pecuária";"Produção de Origem Animal Ovos de codorna (Mil dúzias)";"Baixo Amazonas";"Óbidos";"-";"2014";1
"Economia";"Pecuária";"Produção de Origem Animal Ovos de codorna (Mil dúzias)";"Baixo Amazonas";"Óbidos";"-";"2015";1
"Economia";"Pecuária";"Produção de Origem Animal Ovos de codorna (Mil dúzias)";"Baixo Amazonas";"Óbidos";"-";"2016";1
"Economia";"Pecuária";"Produção de Origem Animal Ovos de codorna (Mil dúzias)";"Baixo Amazonas";"Óbidos";"-";"2017";0
"Economia";"Pecuária";"Produção de Origem Animal Ovos de codorna (Mil dúzias)";"Baixo Amazonas";"Óbidos";"-";"2018";0
"Economia";"Pecuária";"Produção de Origem Animal Ovos de codorna (Mil dúzias)";"Baixo Amazonas";"Óbidos";"-";"2019";0
"Economia";"Pecuária";"Produção de Origem Animal Ovos de codorna (Mil dúzias)";"Baixo Amazonas";"Óbidos";"-";"2020";0
"Economia";"Pecuária";"Produção de Origem Animal Ovos de codorna (Mil dúzias)";"Baixo Amazonas";"Óbidos";"-";"2021";0
"Economia";"Pecuária";"Produção de Origem Animal Ovos de codorna (Mil dúzias)";"Baixo Amazonas";"Óbidos";"-";"2022";0
"Economia";"Pecuária";"Produção de Origem Animal Ovos de codorna (Mil dúzias)";"Baixo Amazonas";"Óbidos";"-";"2023";0
"Economia";"Pecuária";"Produção de Origem Animal Ovos de codorna (Mil dúzias)";"Marajó";"Oeiras do Pará";"-";"2008";0
"Economia";"Pecuária";"Produção de Origem Animal Ovos de codorna (Mil dúzias)";"Marajó";"Oeiras do Pará";"-";"2009";0
"Economia";"Pecuária";"Produção de Origem Animal Ovos de codorna (Mil dúzias)";"Marajó";"Oeiras do Pará";"-";"2010";0
"Economia";"Pecuária";"Produção de Origem Animal Ovos de codorna (Mil dúzias)";"Marajó";"Oeiras do Pará";"-";"2011";0
"Economia";"Pecuária";"Produção de Origem Animal Ovos de codorna (Mil dúzias)";"Marajó";"Oeiras do Pará";"-";"2012";0
"Economia";"Pecuária";"Produção de Origem Animal Ovos de codorna (Mil dúzias)";"Marajó";"Oeiras do Pará";"-";"2013";0
"Economia";"Pecuária";"Produção de Origem Animal Ovos de codorna (Mil dúzias)";"Marajó";"Oeiras do Pará";"-";"2014";0
"Economia";"Pecuária";"Produção de Origem Animal Ovos de codorna (Mil dúzias)";"Marajó";"Oeiras do Pará";"-";"2015";0
"Economia";"Pecuária";"Produção de Origem Animal Ovos de codorna (Mil dúzias)";"Marajó";"Oeiras do Pará";"-";"2016";0
"Economia";"Pecuária";"Produção de Origem Animal Ovos de codorna (Mil dúzias)";"Marajó";"Oeiras do Pará";"-";"2017";0
"Economia";"Pecuária";"Produção de Origem Animal Ovos de codorna (Mil dúzias)";"Marajó";"Oeiras do Pará";"-";"2018";0
"Economia";"Pecuária";"Produção de Origem Animal Ovos de codorna (Mil dúzias)";"Marajó";"Oeiras do Pará";"-";"2019";0
"Economia";"Pecuária";"Produção de Origem Animal Ovos de codorna (Mil dúzias)";"Marajó";"Oeiras do Pará";"-";"2020";0
"Economia";"Pecuária";"Produção de Origem Animal Ovos de codorna (Mil dúzias)";"Marajó";"Oeiras do Pará";"-";"2021";0
"Economia";"Pecuária";"Produção de Origem Animal Ovos de codorna (Mil dúzias)";"Marajó";"Oeiras do Pará";"-";"2022";0
"Economia";"Pecuária";"Produção de Origem Animal Ovos de codorna (Mil dúzias)";"Marajó";"Oeiras do Pará";"-";"2023";0
"Economia";"Pecuária";"Produção de Origem Animal Ovos de codorna (Mil dúzias)";"Baixo Amazonas";"Oriximiná";"-";"2008";0
"Economia";"Pecuária";"Produção de Origem Animal Ovos de codorna (Mil dúzias)";"Baixo Amazonas";"Oriximiná";"-";"2009";0
"Economia";"Pecuária";"Produção de Origem Animal Ovos de codorna (Mil dúzias)";"Baixo Amazonas";"Oriximiná";"-";"2010";0
"Economia";"Pecuária";"Produção de Origem Animal Ovos de codorna (Mil dúzias)";"Baixo Amazonas";"Oriximiná";"-";"2011";0
"Economia";"Pecuária";"Produção de Origem Animal Ovos de codorna (Mil dúzias)";"Baixo Amazonas";"Oriximiná";"-";"2012";0
"Economia";"Pecuária";"Produção de Origem Animal Ovos de codorna (Mil dúzias)";"Baixo Amazonas";"Oriximiná";"-";"2013";0
"Economia";"Pecuária";"Produção de Origem Animal Ovos de codorna (Mil dúzias)";"Baixo Amazonas";"Oriximiná";"-";"2014";0
"Economia";"Pecuária";"Produção de Origem Animal Ovos de codorna (Mil dúzias)";"Baixo Amazonas";"Oriximiná";"-";"2015";0
"Economia";"Pecuária";"Produção de Origem Animal Ovos de codorna (Mil dúzias)";"Baixo Amazonas";"Oriximiná";"-";"2016";0
"Economia";"Pecuária";"Produção de Origem Animal Ovos de codorna (Mil dúzias)";"Baixo Amazonas";"Oriximiná";"-";"2017";0
"Economia";"Pecuária";"Produção de Origem Animal Ovos de codorna (Mil dúzias)";"Baixo Amazonas";"Oriximiná";"-";"2018";0
"Economia";"Pecuária";"Produção de Origem Animal Ovos de codorna (Mil dúzias)";"Baixo Amazonas";"Oriximiná";"-";"2019";0
"Economia";"Pecuária";"Produção de Origem Animal Ovos de codorna (Mil dúzias)";"Baixo Amazonas";"Oriximiná";"-";"2020";0
"Economia";"Pecuária";"Produção de Origem Animal Ovos de codorna (Mil dúzias)";"Baixo Amazonas";"Oriximiná";"-";"2021";0
"Economia";"Pecuária";"Produção de Origem Animal Ovos de codorna (Mil dúzias)";"Baixo Amazonas";"Oriximiná";"-";"2022";0
"Economia";"Pecuária";"Produção de Origem Animal Ovos de codorna (Mil dúzias)";"Baixo Amazonas";"Oriximiná";"-";"2023";0
"Economia";"Pecuária";"Produção de Origem Animal Ovos de codorna (Mil dúzias)";"Rio Capim";"Ourém";"-";"2008";0
"Economia";"Pecuária";"Produção de Origem Animal Ovos de codorna (Mil dúzias)";"Rio Capim";"Ourém";"-";"2009";0
"Economia";"Pecuária";"Produção de Origem Animal Ovos de codorna (Mil dúzias)";"Rio Capim";"Ourém";"-";"2010";0
"Economia";"Pecuária";"Produção de Origem Animal Ovos de codorna (Mil dúzias)";"Rio Capim";"Ourém";"-";"2011";0
"Economia";"Pecuária";"Produção de Origem Animal Ovos de codorna (Mil dúzias)";"Rio Capim";"Ourém";"-";"2012";0
"Economia";"Pecuária";"Produção de Origem Animal Ovos de codorna (Mil dúzias)";"Rio Capim";"Ourém";"-";"2013";0
"Economia";"Pecuária";"Produção de Origem Animal Ovos de codorna (Mil dúzias)";"Rio Capim";"Ourém";"-";"2014";0
"Economia";"Pecuária";"Produção de Origem Animal Ovos de codorna (Mil dúzias)";"Rio Capim";"Ourém";"-";"2015";0
"Economia";"Pecuária";"Produção de Origem Animal Ovos de codorna (Mil dúzias)";"Rio Capim";"Ourém";"-";"2016";0
"Economia";"Pecuária";"Produção de Origem Animal Ovos de codorna (Mil dúzias)";"Rio Capim";"Ourém";"-";"2017";0
"Economia";"Pecuária";"Produção de Origem Animal Ovos de codorna (Mil dúzias)";"Rio Capim";"Ourém";"-";"2018";0
"Economia";"Pecuária";"Produção de Origem Animal Ovos de codorna (Mil dúzias)";"Rio Capim";"Ourém";"-";"2019";0
"Economia";"Pecuária";"Produção de Origem Animal Ovos de codorna (Mil dúzias)";"Rio Capim";"Ourém";"-";"2020";0
"Economia";"Pecuária";"Produção de Origem Animal Ovos de codorna (Mil dúzias)";"Rio Capim";"Ourém";"-";"2021";0
"Economia";"Pecuária";"Produção de Origem Animal Ovos de codorna (Mil dúzias)";"Rio Capim";"Ourém";"-";"2022";0
"Economia";"Pecuária";"Produção de Origem Animal Ovos de codorna (Mil dúzias)";"Rio Capim";"Ourém";"-";"2023";0
"Economia";"Pecuária";"Produção de Origem Animal Ovos de codorna (Mil dúzias)";"Araguaia";"Ourilândia do Norte";"-";"2008";0
"Economia";"Pecuária";"Produção de Origem Animal Ovos de codorna (Mil dúzias)";"Araguaia";"Ourilândia do Norte";"-";"2009";0
"Economia";"Pecuária";"Produção de Origem Animal Ovos de codorna (Mil dúzias)";"Araguaia";"Ourilândia do Norte";"-";"2010";0
"Economia";"Pecuária";"Produção de Origem Animal Ovos de codorna (Mil dúzias)";"Araguaia";"Ourilândia do Norte";"-";"2011";0
"Economia";"Pecuária";"Produção de Origem Animal Ovos de codorna (Mil dúzias)";"Araguaia";"Ourilândia do Norte";"-";"2012";0
"Economia";"Pecuária";"Produção de Origem Animal Ovos de codorna (Mil dúzias)";"Araguaia";"Ourilândia do Norte";"-";"2013";0
"Economia";"Pecuária";"Produção de Origem Animal Ovos de codorna (Mil dúzias)";"Araguaia";"Ourilândia do Norte";"-";"2014";0
"Economia";"Pecuária";"Produção de Origem Animal Ovos de codorna (Mil dúzias)";"Araguaia";"Ourilândia do Norte";"-";"2015";0
"Economia";"Pecuária";"Produção de Origem Animal Ovos de codorna (Mil dúzias)";"Araguaia";"Ourilândia do Norte";"-";"2016";0
"Economia";"Pecuária";"Produção de Origem Animal Ovos de codorna (Mil dúzias)";"Araguaia";"Ourilândia do Norte";"-";"2017";0
"Economia";"Pecuária";"Produção de Origem Animal Ovos de codorna (Mil dúzias)";"Araguaia";"Ourilândia do Norte";"-";"2018";0
"Economia";"Pecuária";"Produção de Origem Animal Ovos de codorna (Mil dúzias)";"Araguaia";"Ourilândia do Norte";"-";"2019";0
"Economia";"Pecuária";"Produção de Origem Animal Ovos de codorna (Mil dúzias)";"Araguaia";"Ourilândia do Norte";"-";"2020";0
"Economia";"Pecuária";"Produção de Origem Animal Ovos de codorna (Mil dúzias)";"Araguaia";"Ourilândia do Norte";"-";"2021";0
"Economia";"Pecuária";"Produção de Origem Animal Ovos de codorna (Mil dúzias)";"Araguaia";"Ourilândia do Norte";"-";"2022";0
"Economia";"Pecuária";"Produção de Origem Animal Ovos de codorna (Mil dúzias)";"Araguaia";"Ourilândia do Norte";"-";"2023";0
"Economia";"Pecuária";"Produção de Origem Animal Ovos de codorna (Mil dúzias)";"Xingu";"Pacajá";"-";"2008";0
"Economia";"Pecuária";"Produção de Origem Animal Ovos de codorna (Mil dúzias)";"Xingu";"Pacajá";"-";"2009";0
"Economia";"Pecuária";"Produção de Origem Animal Ovos de codorna (Mil dúzias)";"Xingu";"Pacajá";"-";"2010";0
"Economia";"Pecuária";"Produção de Origem Animal Ovos de codorna (Mil dúzias)";"Xingu";"Pacajá";"-";"2011";0
"Economia";"Pecuária";"Produção de Origem Animal Ovos de codorna (Mil dúzias)";"Xingu";"Pacajá";"-";"2012";3
"Economia";"Pecuária";"Produção de Origem Animal Ovos de codorna (Mil dúzias)";"Xingu";"Pacajá";"-";"2013";4
"Economia";"Pecuária";"Produção de Origem Animal Ovos de codorna (Mil dúzias)";"Xingu";"Pacajá";"-";"2014";4
"Economia";"Pecuária";"Produção de Origem Animal Ovos de codorna (Mil dúzias)";"Xingu";"Pacajá";"-";"2015";3
"Economia";"Pecuária";"Produção de Origem Animal Ovos de codorna (Mil dúzias)";"Xingu";"Pacajá";"-";"2016";3
"Economia";"Pecuária";"Produção de Origem Animal Ovos de codorna (Mil dúzias)";"Xingu";"Pacajá";"-";"2017";2
"Economia";"Pecuária";"Produção de Origem Animal Ovos de codorna (Mil dúzias)";"Xingu";"Pacajá";"-";"2018";2
"Economia";"Pecuária";"Produção de Origem Animal Ovos de codorna (Mil dúzias)";"Xingu";"Pacajá";"-";"2019";2
"Economia";"Pecuária";"Produção de Origem Animal Ovos de codorna (Mil dúzias)";"Xingu";"Pacajá";"-";"2020";3
"Economia";"Pecuária";"Produção de Origem Animal Ovos de codorna (Mil dúzias)";"Xingu";"Pacajá";"-";"2021";0
"Economia";"Pecuária";"Produção de Origem Animal Ovos de codorna (Mil dúzias)";"Xingu";"Pacajá";"-";"2022";0
"Economia";"Pecuária";"Produção de Origem Animal Ovos de codorna (Mil dúzias)";"Xingu";"Pacajá";"-";"2023";0
"Economia";"Pecuária";"Produção de Origem Animal Ovos de codorna (Mil dúzias)";"Carajás";"Palestina do Pará";"-";"2008";0
"Economia";"Pecuária";"Produção de Origem Animal Ovos de codorna (Mil dúzias)";"Carajás";"Palestina do Pará";"-";"2009";0
"Economia";"Pecuária";"Produção de Origem Animal Ovos de codorna (Mil dúzias)";"Carajás";"Palestina do Pará";"-";"2010";0
"Economia";"Pecuária";"Produção de Origem Animal Ovos de codorna (Mil dúzias)";"Carajás";"Palestina do Pará";"-";"2011";0
"Economia";"Pecuária";"Produção de Origem Animal Ovos de codorna (Mil dúzias)";"Carajás";"Palestina do Pará";"-";"2012";0
"Economia";"Pecuária";"Produção de Origem Animal Ovos de codorna (Mil dúzias)";"Carajás";"Palestina do Pará";"-";"2013";0
"Economia";"Pecuária";"Produção de Origem Animal Ovos de codorna (Mil dúzias)";"Carajás";"Palestina do Pará";"-";"2014";0
"Economia";"Pecuária";"Produção de Origem Animal Ovos de codorna (Mil dúzias)";"Carajás";"Palestina do Pará";"-";"2015";0
"Economia";"Pecuária";"Produção de Origem Animal Ovos de codorna (Mil dúzias)";"Carajás";"Palestina do Pará";"-";"2016";0
"Economia";"Pecuária";"Produção de Origem Animal Ovos de codorna (Mil dúzias)";"Carajás";"Palestina do Pará";"-";"2017";0
"Economia";"Pecuária";"Produção de Origem Animal Ovos de codorna (Mil dúzias)";"Carajás";"Palestina do Pará";"-";"2018";0
"Economia";"Pecuária";"Produção de Origem Animal Ovos de codorna (Mil dúzias)";"Carajás";"Palestina do Pará";"-";"2019";0
"Economia";"Pecuária";"Produção de Origem Animal Ovos de codorna (Mil dúzias)";"Carajás";"Palestina do Pará";"-";"2020";0
"Economia";"Pecuária";"Produção de Origem Animal Ovos de codorna (Mil dúzias)";"Carajás";"Palestina do Pará";"-";"2021";0
"Economia";"Pecuária";"Produção de Origem Animal Ovos de codorna (Mil dúzias)";"Carajás";"Palestina do Pará";"-";"2022";0
"Economia";"Pecuária";"Produção de Origem Animal Ovos de codorna (Mil dúzias)";"Carajás";"Palestina do Pará";"-";"2023";0
"Economia";"Pecuária";"Produção de Origem Animal Ovos de codorna (Mil dúzias)";"Rio Capim";"Paragominas";"-";"2008";30
"Economia";"Pecuária";"Produção de Origem Animal Ovos de codorna (Mil dúzias)";"Rio Capim";"Paragominas";"-";"2009";32
"Economia";"Pecuária";"Produção de Origem Animal Ovos de codorna (Mil dúzias)";"Rio Capim";"Paragominas";"-";"2010";29
"Economia";"Pecuária";"Produção de Origem Animal Ovos de codorna (Mil dúzias)";"Rio Capim";"Paragominas";"-";"2011";31
"Economia";"Pecuária";"Produção de Origem Animal Ovos de codorna (Mil dúzias)";"Rio Capim";"Paragominas";"-";"2012";30
"Economia";"Pecuária";"Produção de Origem Animal Ovos de codorna (Mil dúzias)";"Rio Capim";"Paragominas";"-";"2013";32
"Economia";"Pecuária";"Produção de Origem Animal Ovos de codorna (Mil dúzias)";"Rio Capim";"Paragominas";"-";"2014";32
"Economia";"Pecuária";"Produção de Origem Animal Ovos de codorna (Mil dúzias)";"Rio Capim";"Paragominas";"-";"2015";33
"Economia";"Pecuária";"Produção de Origem Animal Ovos de codorna (Mil dúzias)";"Rio Capim";"Paragominas";"-";"2016";33
"Economia";"Pecuária";"Produção de Origem Animal Ovos de codorna (Mil dúzias)";"Rio Capim";"Paragominas";"-";"2017";35
"Economia";"Pecuária";"Produção de Origem Animal Ovos de codorna (Mil dúzias)";"Rio Capim";"Paragominas";"-";"2018";21
"Economia";"Pecuária";"Produção de Origem Animal Ovos de codorna (Mil dúzias)";"Rio Capim";"Paragominas";"-";"2019";18
"Economia";"Pecuária";"Produção de Origem Animal Ovos de codorna (Mil dúzias)";"Rio Capim";"Paragominas";"-";"2020";0
"Economia";"Pecuária";"Produção de Origem Animal Ovos de codorna (Mil dúzias)";"Rio Capim";"Paragominas";"-";"2021";0
"Economia";"Pecuária";"Produção de Origem Animal Ovos de codorna (Mil dúzias)";"Rio Capim";"Paragominas";"-";"2022";0
"Economia";"Pecuária";"Produção de Origem Animal Ovos de codorna (Mil dúzias)";"Rio Capim";"Paragominas";"-";"2023";0
"Economia";"Pecuária";"Produção de Origem Animal Ovos de codorna (Mil dúzias)";"Carajás";"Parauapebas";"-";"2008";0
"Economia";"Pecuária";"Produção de Origem Animal Ovos de codorna (Mil dúzias)";"Carajás";"Parauapebas";"-";"2009";0
"Economia";"Pecuária";"Produção de Origem Animal Ovos de codorna (Mil dúzias)";"Carajás";"Parauapebas";"-";"2010";0
"Economia";"Pecuária";"Produção de Origem Animal Ovos de codorna (Mil dúzias)";"Carajás";"Parauapebas";"-";"2011";0
"Economia";"Pecuária";"Produção de Origem Animal Ovos de codorna (Mil dúzias)";"Carajás";"Parauapebas";"-";"2012";0
"Economia";"Pecuária";"Produção de Origem Animal Ovos de codorna (Mil dúzias)";"Carajás";"Parauapebas";"-";"2013";0
"Economia";"Pecuária";"Produção de Origem Animal Ovos de codorna (Mil dúzias)";"Carajás";"Parauapebas";"-";"2014";0
"Economia";"Pecuária";"Produção de Origem Animal Ovos de codorna (Mil dúzias)";"Carajás";"Parauapebas";"-";"2015";0
"Economia";"Pecuária";"Produção de Origem Animal Ovos de codorna (Mil dúzias)";"Carajás";"Parauapebas";"-";"2016";0
"Economia";"Pecuária";"Produção de Origem Animal Ovos de codorna (Mil dúzias)";"Carajás";"Parauapebas";"-";"2017";0
"Economia";"Pecuária";"Produção de Origem Animal Ovos de codorna (Mil dúzias)";"Carajás";"Parauapebas";"-";"2018";0
"Economia";"Pecuária";"Produção de Origem Animal Ovos de codorna (Mil dúzias)";"Carajás";"Parauapebas";"-";"2019";0
"Economia";"Pecuária";"Produção de Origem Animal Ovos de codorna (Mil dúzias)";"Carajás";"Parauapebas";"-";"2020";0
"Economia";"Pecuária";"Produção de Origem Animal Ovos de codorna (Mil dúzias)";"Carajás";"Parauapebas";"-";"2021";0
"Economia";"Pecuária";"Produção de Origem Animal Ovos de codorna (Mil dúzias)";"Carajás";"Parauapebas";"-";"2022";0
"Economia";"Pecuária";"Produção de Origem Animal Ovos de codorna (Mil dúzias)";"Carajás";"Parauapebas";"-";"2023";0
"Economia";"Pecuária";"Produção de Origem Animal Ovos de codorna (Mil dúzias)";"Araguaia";"Pau D'Arco";"-";"2008";2
"Economia";"Pecuária";"Produção de Origem Animal Ovos de codorna (Mil dúzias)";"Araguaia";"Pau D'Arco";"-";"2009";1
"Economia";"Pecuária";"Produção de Origem Animal Ovos de codorna (Mil dúzias)";"Araguaia";"Pau D'Arco";"-";"2010";1
"Economia";"Pecuária";"Produção de Origem Animal Ovos de codorna (Mil dúzias)";"Araguaia";"Pau D'Arco";"-";"2011";1
"Economia";"Pecuária";"Produção de Origem Animal Ovos de codorna (Mil dúzias)";"Araguaia";"Pau D'Arco";"-";"2012";1
"Economia";"Pecuária";"Produção de Origem Animal Ovos de codorna (Mil dúzias)";"Araguaia";"Pau D'Arco";"-";"2013";1
"Economia";"Pecuária";"Produção de Origem Animal Ovos de codorna (Mil dúzias)";"Araguaia";"Pau D'Arco";"-";"2014";1
"Economia";"Pecuária";"Produção de Origem Animal Ovos de codorna (Mil dúzias)";"Araguaia";"Pau D'Arco";"-";"2015";1
"Economia";"Pecuária";"Produção de Origem Animal Ovos de codorna (Mil dúzias)";"Araguaia";"Pau D'Arco";"-";"2016";0
"Economia";"Pecuária";"Produção de Origem Animal Ovos de codorna (Mil dúzias)";"Araguaia";"Pau D'Arco";"-";"2017";0
"Economia";"Pecuária";"Produção de Origem Animal Ovos de codorna (Mil dúzias)";"Araguaia";"Pau D'Arco";"-";"2018";0
"Economia";"Pecuária";"Produção de Origem Animal Ovos de codorna (Mil dúzias)";"Araguaia";"Pau D'Arco";"-";"2019";0
"Economia";"Pecuária";"Produção de Origem Animal Ovos de codorna (Mil dúzias)";"Araguaia";"Pau D'Arco";"-";"2020";0
"Economia";"Pecuária";"Produção de Origem Animal Ovos de codorna (Mil dúzias)";"Araguaia";"Pau D'Arco";"-";"2021";0
"Economia";"Pecuária";"Produção de Origem Animal Ovos de codorna (Mil dúzias)";"Araguaia";"Pau D'Arco";"-";"2022";0
"Economia";"Pecuária";"Produção de Origem Animal Ovos de codorna (Mil dúzias)";"Araguaia";"Pau D'Arco";"-";"2023";0
"Economia";"Pecuária";"Produção de Origem Animal Ovos de codorna (Mil dúzias)";"Rio Caeté";"Peixe-Boi";"-";"2008";0
"Economia";"Pecuária";"Produção de Origem Animal Ovos de codorna (Mil dúzias)";"Rio Caeté";"Peixe-Boi";"-";"2009";0
"Economia";"Pecuária";"Produção de Origem Animal Ovos de codorna (Mil dúzias)";"Rio Caeté";"Peixe-Boi";"-";"2010";0
"Economia";"Pecuária";"Produção de Origem Animal Ovos de codorna (Mil dúzias)";"Rio Caeté";"Peixe-Boi";"-";"2011";0
"Economia";"Pecuária";"Produção de Origem Animal Ovos de codorna (Mil dúzias)";"Rio Caeté";"Peixe-Boi";"-";"2012";0
"Economia";"Pecuária";"Produção de Origem Animal Ovos de codorna (Mil dúzias)";"Rio Caeté";"Peixe-Boi";"-";"2013";0
"Economia";"Pecuária";"Produção de Origem Animal Ovos de codorna (Mil dúzias)";"Rio Caeté";"Peixe-Boi";"-";"2014";0
"Economia";"Pecuária";"Produção de Origem Animal Ovos de codorna (Mil dúzias)";"Rio Caeté";"Peixe-Boi";"-";"2015";0
"Economia";"Pecuária";"Produção de Origem Animal Ovos de codorna (Mil dúzias)";"Rio Caeté";"Peixe-Boi";"-";"2016";0
"Economia";"Pecuária";"Produção de Origem Animal Ovos de codorna (Mil dúzias)";"Rio Caeté";"Peixe-Boi";"-";"2017";0
"Economia";"Pecuária";"Produção de Origem Animal Ovos de codorna (Mil dúzias)";"Rio Caeté";"Peixe-Boi";"-";"2018";0
"Economia";"Pecuária";"Produção de Origem Animal Ovos de codorna (Mil dúzias)";"Rio Caeté";"Peixe-Boi";"-";"2019";0
"Economia";"Pecuária";"Produção de Origem Animal Ovos de codorna (Mil dúzias)";"Rio Caeté";"Peixe-Boi";"-";"2020";0
"Economia";"Pecuária";"Produção de Origem Animal Ovos de codorna (Mil dúzias)";"Rio Caeté";"Peixe-Boi";"-";"2021";0
"Economia";"Pecuária";"Produção de Origem Animal Ovos de codorna (Mil dúzias)";"Rio Caeté";"Peixe-Boi";"-";"2022";0
"Economia";"Pecuária";"Produção de Origem Animal Ovos de codorna (Mil dúzias)";"Rio Caeté";"Peixe-Boi";"-";"2023";0
"Economia";"Pecuária";"Produção de Origem Animal Ovos de codorna (Mil dúzias)";"Carajás";"Piçarra";"-";"2008";0
"Economia";"Pecuária";"Produção de Origem Animal Ovos de codorna (Mil dúzias)";"Carajás";"Piçarra";"-";"2009";0
"Economia";"Pecuária";"Produção de Origem Animal Ovos de codorna (Mil dúzias)";"Carajás";"Piçarra";"-";"2010";0
"Economia";"Pecuária";"Produção de Origem Animal Ovos de codorna (Mil dúzias)";"Carajás";"Piçarra";"-";"2011";0
"Economia";"Pecuária";"Produção de Origem Animal Ovos de codorna (Mil dúzias)";"Carajás";"Piçarra";"-";"2012";0
"Economia";"Pecuária";"Produção de Origem Animal Ovos de codorna (Mil dúzias)";"Carajás";"Piçarra";"-";"2013";0
"Economia";"Pecuária";"Produção de Origem Animal Ovos de codorna (Mil dúzias)";"Carajás";"Piçarra";"-";"2014";0
"Economia";"Pecuária";"Produção de Origem Animal Ovos de codorna (Mil dúzias)";"Carajás";"Piçarra";"-";"2015";0
"Economia";"Pecuária";"Produção de Origem Animal Ovos de codorna (Mil dúzias)";"Carajás";"Piçarra";"-";"2016";0
"Economia";"Pecuária";"Produção de Origem Animal Ovos de codorna (Mil dúzias)";"Carajás";"Piçarra";"-";"2017";0
"Economia";"Pecuária";"Produção de Origem Animal Ovos de codorna (Mil dúzias)";"Carajás";"Piçarra";"-";"2018";0
"Economia";"Pecuária";"Produção de Origem Animal Ovos de codorna (Mil dúzias)";"Carajás";"Piçarra";"-";"2019";0
"Economia";"Pecuária";"Produção de Origem Animal Ovos de codorna (Mil dúzias)";"Carajás";"Piçarra";"-";"2020";0
"Economia";"Pecuária";"Produção de Origem Animal Ovos de codorna (Mil dúzias)";"Carajás";"Piçarra";"-";"2021";0
"Economia";"Pecuária";"Produção de Origem Animal Ovos de codorna (Mil dúzias)";"Carajás";"Piçarra";"-";"2022";0
"Economia";"Pecuária";"Produção de Origem Animal Ovos de codorna (Mil dúzias)";"Carajás";"Piçarra";"-";"2023";0
"Economia";"Pecuária";"Produção de Origem Animal Ovos de codorna (Mil dúzias)";"Xingu";"Placas";"-";"2008";0
"Economia";"Pecuária";"Produção de Origem Animal Ovos de codorna (Mil dúzias)";"Xingu";"Placas";"-";"2009";0
"Economia";"Pecuária";"Produção de Origem Animal Ovos de codorna (Mil dúzias)";"Xingu";"Placas";"-";"2010";0
"Economia";"Pecuária";"Produção de Origem Animal Ovos de codorna (Mil dúzias)";"Xingu";"Placas";"-";"2011";0
"Economia";"Pecuária";"Produção de Origem Animal Ovos de codorna (Mil dúzias)";"Xingu";"Placas";"-";"2012";0
"Economia";"Pecuária";"Produção de Origem Animal Ovos de codorna (Mil dúzias)";"Xingu";"Placas";"-";"2013";0
"Economia";"Pecuária";"Produção de Origem Animal Ovos de codorna (Mil dúzias)";"Xingu";"Placas";"-";"2014";0
"Economia";"Pecuária";"Produção de Origem Animal Ovos de codorna (Mil dúzias)";"Xingu";"Placas";"-";"2015";0
"Economia";"Pecuária";"Produção de Origem Animal Ovos de codorna (Mil dúzias)";"Xingu";"Placas";"-";"2016";0
"Economia";"Pecuária";"Produção de Origem Animal Ovos de codorna (Mil dúzias)";"Xingu";"Placas";"-";"2017";0
"Economia";"Pecuária";"Produção de Origem Animal Ovos de codorna (Mil dúzias)";"Xingu";"Placas";"-";"2018";0
"Economia";"Pecuária";"Produção de Origem Animal Ovos de codorna (Mil dúzias)";"Xingu";"Placas";"-";"2019";0
"Economia";"Pecuária";"Produção de Origem Animal Ovos de codorna (Mil dúzias)";"Xingu";"Placas";"-";"2020";0
"Economia";"Pecuária";"Produção de Origem Animal Ovos de codorna (Mil dúzias)";"Xingu";"Placas";"-";"2021";0
"Economia";"Pecuária";"Produção de Origem Animal Ovos de codorna (Mil dúzias)";"Xingu";"Placas";"-";"2022";0
"Economia";"Pecuária";"Produção de Origem Animal Ovos de codorna (Mil dúzias)";"Xingu";"Placas";"-";"2023";0
"Economia";"Pecuária";"Produção de Origem Animal Ovos de codorna (Mil dúzias)";"Marajó";"Ponta de Pedras";"-";"2008";0
"Economia";"Pecuária";"Produção de Origem Animal Ovos de codorna (Mil dúzias)";"Marajó";"Ponta de Pedras";"-";"2009";0
"Economia";"Pecuária";"Produção de Origem Animal Ovos de codorna (Mil dúzias)";"Marajó";"Ponta de Pedras";"-";"2010";0
"Economia";"Pecuária";"Produção de Origem Animal Ovos de codorna (Mil dúzias)";"Marajó";"Ponta de Pedras";"-";"2011";0
"Economia";"Pecuária";"Produção de Origem Animal Ovos de codorna (Mil dúzias)";"Marajó";"Ponta de Pedras";"-";"2012";0
"Economia";"Pecuária";"Produção de Origem Animal Ovos de codorna (Mil dúzias)";"Marajó";"Ponta de Pedras";"-";"2013";0
"Economia";"Pecuária";"Produção de Origem Animal Ovos de codorna (Mil dúzias)";"Marajó";"Ponta de Pedras";"-";"2014";0
"Economia";"Pecuária";"Produção de Origem Animal Ovos de codorna (Mil dúzias)";"Marajó";"Ponta de Pedras";"-";"2015";0
"Economia";"Pecuária";"Produção de Origem Animal Ovos de codorna (Mil dúzias)";"Marajó";"Ponta de Pedras";"-";"2016";0
"Economia";"Pecuária";"Produção de Origem Animal Ovos de codorna (Mil dúzias)";"Marajó";"Ponta de Pedras";"-";"2017";0
"Economia";"Pecuária";"Produção de Origem Animal Ovos de codorna (Mil dúzias)";"Marajó";"Ponta de Pedras";"-";"2018";0
"Economia";"Pecuária";"Produção de Origem Animal Ovos de codorna (Mil dúzias)";"Marajó";"Ponta de Pedras";"-";"2019";0
"Economia";"Pecuária";"Produção de Origem Animal Ovos de codorna (Mil dúzias)";"Marajó";"Ponta de Pedras";"-";"2020";0
"Economia";"Pecuária";"Produção de Origem Animal Ovos de codorna (Mil dúzias)";"Marajó";"Ponta de Pedras";"-";"2021";0
"Economia";"Pecuária";"Produção de Origem Animal Ovos de codorna (Mil dúzias)";"Marajó";"Ponta de Pedras";"-";"2022";0
"Economia";"Pecuária";"Produção de Origem Animal Ovos de codorna (Mil dúzias)";"Marajó";"Ponta de Pedras";"-";"2023";0
"Economia";"Pecuária";"Produção de Origem Animal Ovos de codorna (Mil dúzias)";"Marajó";"Portel";"-";"2008";0
"Economia";"Pecuária";"Produção de Origem Animal Ovos de codorna (Mil dúzias)";"Marajó";"Portel";"-";"2009";0
"Economia";"Pecuária";"Produção de Origem Animal Ovos de codorna (Mil dúzias)";"Marajó";"Portel";"-";"2010";0
"Economia";"Pecuária";"Produção de Origem Animal Ovos de codorna (Mil dúzias)";"Marajó";"Portel";"-";"2011";0
"Economia";"Pecuária";"Produção de Origem Animal Ovos de codorna (Mil dúzias)";"Marajó";"Portel";"-";"2012";0
"Economia";"Pecuária";"Produção de Origem Animal Ovos de codorna (Mil dúzias)";"Marajó";"Portel";"-";"2013";0
"Economia";"Pecuária";"Produção de Origem Animal Ovos de codorna (Mil dúzias)";"Marajó";"Portel";"-";"2014";0
"Economia";"Pecuária";"Produção de Origem Animal Ovos de codorna (Mil dúzias)";"Marajó";"Portel";"-";"2015";0
"Economia";"Pecuária";"Produção de Origem Animal Ovos de codorna (Mil dúzias)";"Marajó";"Portel";"-";"2016";0
"Economia";"Pecuária";"Produção de Origem Animal Ovos de codorna (Mil dúzias)";"Marajó";"Portel";"-";"2017";0
"Economia";"Pecuária";"Produção de Origem Animal Ovos de codorna (Mil dúzias)";"Marajó";"Portel";"-";"2018";0
"Economia";"Pecuária";"Produção de Origem Animal Ovos de codorna (Mil dúzias)";"Marajó";"Portel";"-";"2019";0
"Economia";"Pecuária";"Produção de Origem Animal Ovos de codorna (Mil dúzias)";"Marajó";"Portel";"-";"2020";0
"Economia";"Pecuária";"Produção de Origem Animal Ovos de codorna (Mil dúzias)";"Marajó";"Portel";"-";"2021";0
"Economia";"Pecuária";"Produção de Origem Animal Ovos de codorna (Mil dúzias)";"Marajó";"Portel";"-";"2022";0
"Economia";"Pecuária";"Produção de Origem Animal Ovos de codorna (Mil dúzias)";"Marajó";"Portel";"-";"2023";0
"Economia";"Pecuária";"Produção de Origem Animal Ovos de codorna (Mil dúzias)";"Xingu";"Porto de Moz";"-";"2008";0
"Economia";"Pecuária";"Produção de Origem Animal Ovos de codorna (Mil dúzias)";"Xingu";"Porto de Moz";"-";"2009";0
"Economia";"Pecuária";"Produção de Origem Animal Ovos de codorna (Mil dúzias)";"Xingu";"Porto de Moz";"-";"2010";0
"Economia";"Pecuária";"Produção de Origem Animal Ovos de codorna (Mil dúzias)";"Xingu";"Porto de Moz";"-";"2011";0
"Economia";"Pecuária";"Produção de Origem Animal Ovos de codorna (Mil dúzias)";"Xingu";"Porto de Moz";"-";"2012";0
"Economia";"Pecuária";"Produção de Origem Animal Ovos de codorna (Mil dúzias)";"Xingu";"Porto de Moz";"-";"2013";0
"Economia";"Pecuária";"Produção de Origem Animal Ovos de codorna (Mil dúzias)";"Xingu";"Porto de Moz";"-";"2014";0
"Economia";"Pecuária";"Produção de Origem Animal Ovos de codorna (Mil dúzias)";"Xingu";"Porto de Moz";"-";"2015";0
"Economia";"Pecuária";"Produção de Origem Animal Ovos de codorna (Mil dúzias)";"Xingu";"Porto de Moz";"-";"2016";0
"Economia";"Pecuária";"Produção de Origem Animal Ovos de codorna (Mil dúzias)";"Xingu";"Porto de Moz";"-";"2017";0
"Economia";"Pecuária";"Produção de Origem Animal Ovos de codorna (Mil dúzias)";"Xingu";"Porto de Moz";"-";"2018";0
"Economia";"Pecuária";"Produção de Origem Animal Ovos de codorna (Mil dúzias)";"Xingu";"Porto de Moz";"-";"2019";0
"Economia";"Pecuária";"Produção de Origem Animal Ovos de codorna (Mil dúzias)";"Xingu";"Porto de Moz";"-";"2020";0
"Economia";"Pecuária";"Produção de Origem Animal Ovos de codorna (Mil dúzias)";"Xingu";"Porto de Moz";"-";"2021";0
"Economia";"Pecuária";"Produção de Origem Animal Ovos de codorna (Mil dúzias)";"Xingu";"Porto de Moz";"-";"2022";0
"Economia";"Pecuária";"Produção de Origem Animal Ovos de codorna (Mil dúzias)";"Xingu";"Porto de Moz";"-";"2023";0
"Economia";"Pecuária";"Produção de Origem Animal Ovos de codorna (Mil dúzias)";"Baixo Amazonas";"Prainha";"-";"2008";0
"Economia";"Pecuária";"Produção de Origem Animal Ovos de codorna (Mil dúzias)";"Baixo Amazonas";"Prainha";"-";"2009";0
"Economia";"Pecuária";"Produção de Origem Animal Ovos de codorna (Mil dúzias)";"Baixo Amazonas";"Prainha";"-";"2010";0
"Economia";"Pecuária";"Produção de Origem Animal Ovos de codorna (Mil dúzias)";"Baixo Amazonas";"Prainha";"-";"2011";0
"Economia";"Pecuária";"Produção de Origem Animal Ovos de codorna (Mil dúzias)";"Baixo Amazonas";"Prainha";"-";"2012";0
"Economia";"Pecuária";"Produção de Origem Animal Ovos de codorna (Mil dúzias)";"Baixo Amazonas";"Prainha";"-";"2013";0
"Economia";"Pecuária";"Produção de Origem Animal Ovos de codorna (Mil dúzias)";"Baixo Amazonas";"Prainha";"-";"2014";0
"Economia";"Pecuária";"Produção de Origem Animal Ovos de codorna (Mil dúzias)";"Baixo Amazonas";"Prainha";"-";"2015";0
"Economia";"Pecuária";"Produção de Origem Animal Ovos de codorna (Mil dúzias)";"Baixo Amazonas";"Prainha";"-";"2016";0
"Economia";"Pecuária";"Produção de Origem Animal Ovos de codorna (Mil dúzias)";"Baixo Amazonas";"Prainha";"-";"2017";0
"Economia";"Pecuária";"Produção de Origem Animal Ovos de codorna (Mil dúzias)";"Baixo Amazonas";"Prainha";"-";"2018";0
"Economia";"Pecuária";"Produção de Origem Animal Ovos de codorna (Mil dúzias)";"Baixo Amazonas";"Prainha";"-";"2019";0
"Economia";"Pecuária";"Produção de Origem Animal Ovos de codorna (Mil dúzias)";"Baixo Amazonas";"Prainha";"-";"2020";0
"Economia";"Pecuária";"Produção de Origem Animal Ovos de codorna (Mil dúzias)";"Baixo Amazonas";"Prainha";"-";"2021";0
"Economia";"Pecuária";"Produção de Origem Animal Ovos de codorna (Mil dúzias)";"Baixo Amazonas";"Prainha";"-";"2022";0
"Economia";"Pecuária";"Produção de Origem Animal Ovos de codorna (Mil dúzias)";"Baixo Amazonas";"Prainha";"-";"2023";0
"Economia";"Pecuária";"Produção de Origem Animal Ovos de codorna (Mil dúzias)";"Rio Caeté";"Primavera";"-";"2008";0
"Economia";"Pecuária";"Produção de Origem Animal Ovos de codorna (Mil dúzias)";"Rio Caeté";"Primavera";"-";"2009";0
"Economia";"Pecuária";"Produção de Origem Animal Ovos de codorna (Mil dúzias)";"Rio Caeté";"Primavera";"-";"2010";0
"Economia";"Pecuária";"Produção de Origem Animal Ovos de codorna (Mil dúzias)";"Rio Caeté";"Primavera";"-";"2011";0
"Economia";"Pecuária";"Produção de Origem Animal Ovos de codorna (Mil dúzias)";"Rio Caeté";"Primavera";"-";"2012";0
"Economia";"Pecuária";"Produção de Origem Animal Ovos de codorna (Mil dúzias)";"Rio Caeté";"Primavera";"-";"2013";0
"Economia";"Pecuária";"Produção de Origem Animal Ovos de codorna (Mil dúzias)";"Rio Caeté";"Primavera";"-";"2014";0
"Economia";"Pecuária";"Produção de Origem Animal Ovos de codorna (Mil dúzias)";"Rio Caeté";"Primavera";"-";"2015";0
"Economia";"Pecuária";"Produção de Origem Animal Ovos de codorna (Mil dúzias)";"Rio Caeté";"Primavera";"-";"2016";0
"Economia";"Pecuária";"Produção de Origem Animal Ovos de codorna (Mil dúzias)";"Rio Caeté";"Primavera";"-";"2017";0
"Economia";"Pecuária";"Produção de Origem Animal Ovos de codorna (Mil dúzias)";"Rio Caeté";"Primavera";"-";"2018";0
"Economia";"Pecuária";"Produção de Origem Animal Ovos de codorna (Mil dúzias)";"Rio Caeté";"Primavera";"-";"2019";0
"Economia";"Pecuária";"Produção de Origem Animal Ovos de codorna (Mil dúzias)";"Rio Caeté";"Primavera";"-";"2020";0
"Economia";"Pecuária";"Produção de Origem Animal Ovos de codorna (Mil dúzias)";"Rio Caeté";"Primavera";"-";"2021";0
"Economia";"Pecuária";"Produção de Origem Animal Ovos de codorna (Mil dúzias)";"Rio Caeté";"Primavera";"-";"2022";0
"Economia";"Pecuária";"Produção de Origem Animal Ovos de codorna (Mil dúzias)";"Rio Caeté";"Primavera";"-";"2023";0
"Economia";"Pecuária";"Produção de Origem Animal Ovos de codorna (Mil dúzias)";"Rio Caeté";"Quatipuru";"-";"2008";0
"Economia";"Pecuária";"Produção de Origem Animal Ovos de codorna (Mil dúzias)";"Rio Caeté";"Quatipuru";"-";"2009";0
"Economia";"Pecuária";"Produção de Origem Animal Ovos de codorna (Mil dúzias)";"Rio Caeté";"Quatipuru";"-";"2010";0
"Economia";"Pecuária";"Produção de Origem Animal Ovos de codorna (Mil dúzias)";"Rio Caeté";"Quatipuru";"-";"2011";0
"Economia";"Pecuária";"Produção de Origem Animal Ovos de codorna (Mil dúzias)";"Rio Caeté";"Quatipuru";"-";"2012";0
"Economia";"Pecuária";"Produção de Origem Animal Ovos de codorna (Mil dúzias)";"Rio Caeté";"Quatipuru";"-";"2013";0
"Economia";"Pecuária";"Produção de Origem Animal Ovos de codorna (Mil dúzias)";"Rio Caeté";"Quatipuru";"-";"2014";0
"Economia";"Pecuária";"Produção de Origem Animal Ovos de codorna (Mil dúzias)";"Rio Caeté";"Quatipuru";"-";"2015";0
"Economia";"Pecuária";"Produção de Origem Animal Ovos de codorna (Mil dúzias)";"Rio Caeté";"Quatipuru";"-";"2016";0
"Economia";"Pecuária";"Produção de Origem Animal Ovos de codorna (Mil dúzias)";"Rio Caeté";"Quatipuru";"-";"2017";0
"Economia";"Pecuária";"Produção de Origem Animal Ovos de codorna (Mil dúzias)";"Rio Caeté";"Quatipuru";"-";"2018";0
"Economia";"Pecuária";"Produção de Origem Animal Ovos de codorna (Mil dúzias)";"Rio Caeté";"Quatipuru";"-";"2019";0
"Economia";"Pecuária";"Produção de Origem Animal Ovos de codorna (Mil dúzias)";"Rio Caeté";"Quatipuru";"-";"2020";0
"Economia";"Pecuária";"Produção de Origem Animal Ovos de codorna (Mil dúzias)";"Rio Caeté";"Quatipuru";"-";"2021";0
"Economia";"Pecuária";"Produção de Origem Animal Ovos de codorna (Mil dúzias)";"Rio Caeté";"Quatipuru";"-";"2022";0
"Economia";"Pecuária";"Produção de Origem Animal Ovos de codorna (Mil dúzias)";"Rio Caeté";"Quatipuru";"-";"2023";0
"Economia";"Pecuária";"Produção de Origem Animal Ovos de codorna (Mil dúzias)";"Araguaia";"Redenção";"-";"2008";1
"Economia";"Pecuária";"Produção de Origem Animal Ovos de codorna (Mil dúzias)";"Araguaia";"Redenção";"-";"2009";0
"Economia";"Pecuária";"Produção de Origem Animal Ovos de codorna (Mil dúzias)";"Araguaia";"Redenção";"-";"2010";0
"Economia";"Pecuária";"Produção de Origem Animal Ovos de codorna (Mil dúzias)";"Araguaia";"Redenção";"-";"2011";0
"Economia";"Pecuária";"Produção de Origem Animal Ovos de codorna (Mil dúzias)";"Araguaia";"Redenção";"-";"2012";0
"Economia";"Pecuária";"Produção de Origem Animal Ovos de codorna (Mil dúzias)";"Araguaia";"Redenção";"-";"2013";0
"Economia";"Pecuária";"Produção de Origem Animal Ovos de codorna (Mil dúzias)";"Araguaia";"Redenção";"-";"2014";0
"Economia";"Pecuária";"Produção de Origem Animal Ovos de codorna (Mil dúzias)";"Araguaia";"Redenção";"-";"2015";0
"Economia";"Pecuária";"Produção de Origem Animal Ovos de codorna (Mil dúzias)";"Araguaia";"Redenção";"-";"2016";0
"Economia";"Pecuária";"Produção de Origem Animal Ovos de codorna (Mil dúzias)";"Araguaia";"Redenção";"-";"2017";0
"Economia";"Pecuária";"Produção de Origem Animal Ovos de codorna (Mil dúzias)";"Araguaia";"Redenção";"-";"2018";0
"Economia";"Pecuária";"Produção de Origem Animal Ovos de codorna (Mil dúzias)";"Araguaia";"Redenção";"-";"2019";0
"Economia";"Pecuária";"Produção de Origem Animal Ovos de codorna (Mil dúzias)";"Araguaia";"Redenção";"-";"2020";0
"Economia";"Pecuária";"Produção de Origem Animal Ovos de codorna (Mil dúzias)";"Araguaia";"Redenção";"-";"2021";0
"Economia";"Pecuária";"Produção de Origem Animal Ovos de codorna (Mil dúzias)";"Araguaia";"Redenção";"-";"2022";0
"Economia";"Pecuária";"Produção de Origem Animal Ovos de codorna (Mil dúzias)";"Araguaia";"Redenção";"-";"2023";0
"Economia";"Pecuária";"Produção de Origem Animal Ovos de codorna (Mil dúzias)";"Araguaia";"Rio Maria";"-";"2008";0
"Economia";"Pecuária";"Produção de Origem Animal Ovos de codorna (Mil dúzias)";"Araguaia";"Rio Maria";"-";"2009";0
"Economia";"Pecuária";"Produção de Origem Animal Ovos de codorna (Mil dúzias)";"Araguaia";"Rio Maria";"-";"2010";0
"Economia";"Pecuária";"Produção de Origem Animal Ovos de codorna (Mil dúzias)";"Araguaia";"Rio Maria";"-";"2011";0
"Economia";"Pecuária";"Produção de Origem Animal Ovos de codorna (Mil dúzias)";"Araguaia";"Rio Maria";"-";"2012";0
"Economia";"Pecuária";"Produção de Origem Animal Ovos de codorna (Mil dúzias)";"Araguaia";"Rio Maria";"-";"2013";0
"Economia";"Pecuária";"Produção de Origem Animal Ovos de codorna (Mil dúzias)";"Araguaia";"Rio Maria";"-";"2014";0
"Economia";"Pecuária";"Produção de Origem Animal Ovos de codorna (Mil dúzias)";"Araguaia";"Rio Maria";"-";"2015";0
"Economia";"Pecuária";"Produção de Origem Animal Ovos de codorna (Mil dúzias)";"Araguaia";"Rio Maria";"-";"2016";0
"Economia";"Pecuária";"Produção de Origem Animal Ovos de codorna (Mil dúzias)";"Araguaia";"Rio Maria";"-";"2017";0
"Economia";"Pecuária";"Produção de Origem Animal Ovos de codorna (Mil dúzias)";"Araguaia";"Rio Maria";"-";"2018";0
"Economia";"Pecuária";"Produção de Origem Animal Ovos de codorna (Mil dúzias)";"Araguaia";"Rio Maria";"-";"2019";0
"Economia";"Pecuária";"Produção de Origem Animal Ovos de codorna (Mil dúzias)";"Araguaia";"Rio Maria";"-";"2020";0
"Economia";"Pecuária";"Produção de Origem Animal Ovos de codorna (Mil dúzias)";"Araguaia";"Rio Maria";"-";"2021";0
"Economia";"Pecuária";"Produção de Origem Animal Ovos de codorna (Mil dúzias)";"Araguaia";"Rio Maria";"-";"2022";0
"Economia";"Pecuária";"Produção de Origem Animal Ovos de codorna (Mil dúzias)";"Araguaia";"Rio Maria";"-";"2023";0
"Economia";"Pecuária";"Produção de Origem Animal Ovos de codorna (Mil dúzias)";"Rio Capim";"Rondon do Pará";"-";"2008";0
"Economia";"Pecuária";"Produção de Origem Animal Ovos de codorna (Mil dúzias)";"Rio Capim";"Rondon do Pará";"-";"2009";0
"Economia";"Pecuária";"Produção de Origem Animal Ovos de codorna (Mil dúzias)";"Rio Capim";"Rondon do Pará";"-";"2010";0
"Economia";"Pecuária";"Produção de Origem Animal Ovos de codorna (Mil dúzias)";"Rio Capim";"Rondon do Pará";"-";"2011";0
"Economia";"Pecuária";"Produção de Origem Animal Ovos de codorna (Mil dúzias)";"Rio Capim";"Rondon do Pará";"-";"2012";0
"Economia";"Pecuária";"Produção de Origem Animal Ovos de codorna (Mil dúzias)";"Rio Capim";"Rondon do Pará";"-";"2013";0
"Economia";"Pecuária";"Produção de Origem Animal Ovos de codorna (Mil dúzias)";"Rio Capim";"Rondon do Pará";"-";"2014";0
"Economia";"Pecuária";"Produção de Origem Animal Ovos de codorna (Mil dúzias)";"Rio Capim";"Rondon do Pará";"-";"2015";0
"Economia";"Pecuária";"Produção de Origem Animal Ovos de codorna (Mil dúzias)";"Rio Capim";"Rondon do Pará";"-";"2016";0
"Economia";"Pecuária";"Produção de Origem Animal Ovos de codorna (Mil dúzias)";"Rio Capim";"Rondon do Pará";"-";"2017";0
"Economia";"Pecuária";"Produção de Origem Animal Ovos de codorna (Mil dúzias)";"Rio Capim";"Rondon do Pará";"-";"2018";0
"Economia";"Pecuária";"Produção de Origem Animal Ovos de codorna (Mil dúzias)";"Rio Capim";"Rondon do Pará";"-";"2019";0
"Economia";"Pecuária";"Produção de Origem Animal Ovos de codorna (Mil dúzias)";"Rio Capim";"Rondon do Pará";"-";"2020";0
"Economia";"Pecuária";"Produção de Origem Animal Ovos de codorna (Mil dúzias)";"Rio Capim";"Rondon do Pará";"-";"2021";0
"Economia";"Pecuária";"Produção de Origem Animal Ovos de codorna (Mil dúzias)";"Rio Capim";"Rondon do Pará";"-";"2022";0
"Economia";"Pecuária";"Produção de Origem Animal Ovos de codorna (Mil dúzias)";"Rio Capim";"Rondon do Pará";"-";"2023";0
"Economia";"Pecuária";"Produção de Origem Animal Ovos de codorna (Mil dúzias)";"Tapajós";"Rurópolis";"-";"2008";0
"Economia";"Pecuária";"Produção de Origem Animal Ovos de codorna (Mil dúzias)";"Tapajós";"Rurópolis";"-";"2009";0
"Economia";"Pecuária";"Produção de Origem Animal Ovos de codorna (Mil dúzias)";"Tapajós";"Rurópolis";"-";"2010";0
"Economia";"Pecuária";"Produção de Origem Animal Ovos de codorna (Mil dúzias)";"Tapajós";"Rurópolis";"-";"2011";0
"Economia";"Pecuária";"Produção de Origem Animal Ovos de codorna (Mil dúzias)";"Tapajós";"Rurópolis";"-";"2012";0
"Economia";"Pecuária";"Produção de Origem Animal Ovos de codorna (Mil dúzias)";"Tapajós";"Rurópolis";"-";"2013";0
"Economia";"Pecuária";"Produção de Origem Animal Ovos de codorna (Mil dúzias)";"Tapajós";"Rurópolis";"-";"2014";0
"Economia";"Pecuária";"Produção de Origem Animal Ovos de codorna (Mil dúzias)";"Tapajós";"Rurópolis";"-";"2015";0
"Economia";"Pecuária";"Produção de Origem Animal Ovos de codorna (Mil dúzias)";"Tapajós";"Rurópolis";"-";"2016";0
"Economia";"Pecuária";"Produção de Origem Animal Ovos de codorna (Mil dúzias)";"Tapajós";"Rurópolis";"-";"2017";0
"Economia";"Pecuária";"Produção de Origem Animal Ovos de codorna (Mil dúzias)";"Tapajós";"Rurópolis";"-";"2018";0
"Economia";"Pecuária";"Produção de Origem Animal Ovos de codorna (Mil dúzias)";"Tapajós";"Rurópolis";"-";"2019";0
"Economia";"Pecuária";"Produção de Origem Animal Ovos de codorna (Mil dúzias)";"Tapajós";"Rurópolis";"-";"2020";0
"Economia";"Pecuária";"Produção de Origem Animal Ovos de codorna (Mil dúzias)";"Tapajós";"Rurópolis";"-";"2021";0
"Economia";"Pecuária";"Produção de Origem Animal Ovos de codorna (Mil dúzias)";"Tapajós";"Rurópolis";"-";"2022";0
"Economia";"Pecuária";"Produção de Origem Animal Ovos de codorna (Mil dúzias)";"Tapajós";"Rurópolis";"-";"2023";0
"Economia";"Pecuária";"Produção de Origem Animal Ovos de codorna (Mil dúzias)";"Rio Caeté";"Salinópolis";"-";"2008";0
"Economia";"Pecuária";"Produção de Origem Animal Ovos de codorna (Mil dúzias)";"Rio Caeté";"Salinópolis";"-";"2009";0
"Economia";"Pecuária";"Produção de Origem Animal Ovos de codorna (Mil dúzias)";"Rio Caeté";"Salinópolis";"-";"2010";0
"Economia";"Pecuária";"Produção de Origem Animal Ovos de codorna (Mil dúzias)";"Rio Caeté";"Salinópolis";"-";"2011";0
"Economia";"Pecuária";"Produção de Origem Animal Ovos de codorna (Mil dúzias)";"Rio Caeté";"Salinópolis";"-";"2012";0
"Economia";"Pecuária";"Produção de Origem Animal Ovos de codorna (Mil dúzias)";"Rio Caeté";"Salinópolis";"-";"2013";0
"Economia";"Pecuária";"Produção de Origem Animal Ovos de codorna (Mil dúzias)";"Rio Caeté";"Salinópolis";"-";"2014";0
"Economia";"Pecuária";"Produção de Origem Animal Ovos de codorna (Mil dúzias)";"Rio Caeté";"Salinópolis";"-";"2015";0
"Economia";"Pecuária";"Produção de Origem Animal Ovos de codorna (Mil dúzias)";"Rio Caeté";"Salinópolis";"-";"2016";0
"Economia";"Pecuária";"Produção de Origem Animal Ovos de codorna (Mil dúzias)";"Rio Caeté";"Salinópolis";"-";"2017";0
"Economia";"Pecuária";"Produção de Origem Animal Ovos de codorna (Mil dúzias)";"Rio Caeté";"Salinópolis";"-";"2018";0
"Economia";"Pecuária";"Produção de Origem Animal Ovos de codorna (Mil dúzias)";"Rio Caeté";"Salinópolis";"-";"2019";0
"Economia";"Pecuária";"Produção de Origem Animal Ovos de codorna (Mil dúzias)";"Rio Caeté";"Salinópolis";"-";"2020";0
"Economia";"Pecuária";"Produção de Origem Animal Ovos de codorna (Mil dúzias)";"Rio Caeté";"Salinópolis";"-";"2021";0
"Economia";"Pecuária";"Produção de Origem Animal Ovos de codorna (Mil dúzias)";"Rio Caeté";"Salinópolis";"-";"2022";0
"Economia";"Pecuária";"Produção de Origem Animal Ovos de codorna (Mil dúzias)";"Rio Caeté";"Salinópolis";"-";"2023";0
"Economia";"Pecuária";"Produção de Origem Animal Ovos de codorna (Mil dúzias)";"Marajó";"Salvaterra";"-";"2008";0
"Economia";"Pecuária";"Produção de Origem Animal Ovos de codorna (Mil dúzias)";"Marajó";"Salvaterra";"-";"2009";0
"Economia";"Pecuária";"Produção de Origem Animal Ovos de codorna (Mil dúzias)";"Marajó";"Salvaterra";"-";"2010";0
"Economia";"Pecuária";"Produção de Origem Animal Ovos de codorna (Mil dúzias)";"Marajó";"Salvaterra";"-";"2011";0
"Economia";"Pecuária";"Produção de Origem Animal Ovos de codorna (Mil dúzias)";"Marajó";"Salvaterra";"-";"2012";0
"Economia";"Pecuária";"Produção de Origem Animal Ovos de codorna (Mil dúzias)";"Marajó";"Salvaterra";"-";"2013";0
"Economia";"Pecuária";"Produção de Origem Animal Ovos de codorna (Mil dúzias)";"Marajó";"Salvaterra";"-";"2014";0
"Economia";"Pecuária";"Produção de Origem Animal Ovos de codorna (Mil dúzias)";"Marajó";"Salvaterra";"-";"2015";0
"Economia";"Pecuária";"Produção de Origem Animal Ovos de codorna (Mil dúzias)";"Marajó";"Salvaterra";"-";"2016";0
"Economia";"Pecuária";"Produção de Origem Animal Ovos de codorna (Mil dúzias)";"Marajó";"Salvaterra";"-";"2017";0
"Economia";"Pecuária";"Produção de Origem Animal Ovos de codorna (Mil dúzias)";"Marajó";"Salvaterra";"-";"2018";0
"Economia";"Pecuária";"Produção de Origem Animal Ovos de codorna (Mil dúzias)";"Marajó";"Salvaterra";"-";"2019";0
"Economia";"Pecuária";"Produção de Origem Animal Ovos de codorna (Mil dúzias)";"Marajó";"Salvaterra";"-";"2020";0
"Economia";"Pecuária";"Produção de Origem Animal Ovos de codorna (Mil dúzias)";"Marajó";"Salvaterra";"-";"2021";0
"Economia";"Pecuária";"Produção de Origem Animal Ovos de codorna (Mil dúzias)";"Marajó";"Salvaterra";"-";"2022";0
"Economia";"Pecuária";"Produção de Origem Animal Ovos de codorna (Mil dúzias)";"Marajó";"Salvaterra";"-";"2023";0
"Economia";"Pecuária";"Produção de Origem Animal Ovos de codorna (Mil dúzias)";"Guajará";"Santa Bárbara do Pará";"-";"2008";0
"Economia";"Pecuária";"Produção de Origem Animal Ovos de codorna (Mil dúzias)";"Guajará";"Santa Bárbara do Pará";"-";"2009";0
"Economia";"Pecuária";"Produção de Origem Animal Ovos de codorna (Mil dúzias)";"Guajará";"Santa Bárbara do Pará";"-";"2010";0
"Economia";"Pecuária";"Produção de Origem Animal Ovos de codorna (Mil dúzias)";"Guajará";"Santa Bárbara do Pará";"-";"2011";0
"Economia";"Pecuária";"Produção de Origem Animal Ovos de codorna (Mil dúzias)";"Guajará";"Santa Bárbara do Pará";"-";"2012";0
"Economia";"Pecuária";"Produção de Origem Animal Ovos de codorna (Mil dúzias)";"Guajará";"Santa Bárbara do Pará";"-";"2013";0
"Economia";"Pecuária";"Produção de Origem Animal Ovos de codorna (Mil dúzias)";"Guajará";"Santa Bárbara do Pará";"-";"2014";0
"Economia";"Pecuária";"Produção de Origem Animal Ovos de codorna (Mil dúzias)";"Guajará";"Santa Bárbara do Pará";"-";"2015";0
"Economia";"Pecuária";"Produção de Origem Animal Ovos de codorna (Mil dúzias)";"Guajará";"Santa Bárbara do Pará";"-";"2016";0
"Economia";"Pecuária";"Produção de Origem Animal Ovos de codorna (Mil dúzias)";"Guajará";"Santa Bárbara do Pará";"-";"2017";0
"Economia";"Pecuária";"Produção de Origem Animal Ovos de codorna (Mil dúzias)";"Guajará";"Santa Bárbara do Pará";"-";"2018";0
"Economia";"Pecuária";"Produção de Origem Animal Ovos de codorna (Mil dúzias)";"Guajará";"Santa Bárbara do Pará";"-";"2019";0
"Economia";"Pecuária";"Produção de Origem Animal Ovos de codorna (Mil dúzias)";"Guajará";"Santa Bárbara do Pará";"-";"2020";0
"Economia";"Pecuária";"Produção de Origem Animal Ovos de codorna (Mil dúzias)";"Guajará";"Santa Bárbara do Pará";"-";"2021";0
"Economia";"Pecuária";"Produção de Origem Animal Ovos de codorna (Mil dúzias)";"Guajará";"Santa Bárbara do Pará";"-";"2022";0
"Economia";"Pecuária";"Produção de Origem Animal Ovos de codorna (Mil dúzias)";"Guajará";"Santa Bárbara do Pará";"-";"2023";0
"Economia";"Pecuária";"Produção de Origem Animal Ovos de codorna (Mil dúzias)";"Marajó";"Santa Cruz do Arari";"-";"2008";0
"Economia";"Pecuária";"Produção de Origem Animal Ovos de codorna (Mil dúzias)";"Marajó";"Santa Cruz do Arari";"-";"2009";0
"Economia";"Pecuária";"Produção de Origem Animal Ovos de codorna (Mil dúzias)";"Marajó";"Santa Cruz do Arari";"-";"2010";0
"Economia";"Pecuária";"Produção de Origem Animal Ovos de codorna (Mil dúzias)";"Marajó";"Santa Cruz do Arari";"-";"2011";0
"Economia";"Pecuária";"Produção de Origem Animal Ovos de codorna (Mil dúzias)";"Marajó";"Santa Cruz do Arari";"-";"2012";0
"Economia";"Pecuária";"Produção de Origem Animal Ovos de codorna (Mil dúzias)";"Marajó";"Santa Cruz do Arari";"-";"2013";0
"Economia";"Pecuária";"Produção de Origem Animal Ovos de codorna (Mil dúzias)";"Marajó";"Santa Cruz do Arari";"-";"2014";0
"Economia";"Pecuária";"Produção de Origem Animal Ovos de codorna (Mil dúzias)";"Marajó";"Santa Cruz do Arari";"-";"2015";0
"Economia";"Pecuária";"Produção de Origem Animal Ovos de codorna (Mil dúzias)";"Marajó";"Santa Cruz do Arari";"-";"2016";0
"Economia";"Pecuária";"Produção de Origem Animal Ovos de codorna (Mil dúzias)";"Marajó";"Santa Cruz do Arari";"-";"2017";0
"Economia";"Pecuária";"Produção de Origem Animal Ovos de codorna (Mil dúzias)";"Marajó";"Santa Cruz do Arari";"-";"2018";0
"Economia";"Pecuária";"Produção de Origem Animal Ovos de codorna (Mil dúzias)";"Marajó";"Santa Cruz do Arari";"-";"2019";0
"Economia";"Pecuária";"Produção de Origem Animal Ovos de codorna (Mil dúzias)";"Marajó";"Santa Cruz do Arari";"-";"2020";0
"Economia";"Pecuária";"Produção de Origem Animal Ovos de codorna (Mil dúzias)";"Marajó";"Santa Cruz do Arari";"-";"2021";0
"Economia";"Pecuária";"Produção de Origem Animal Ovos de codorna (Mil dúzias)";"Marajó";"Santa Cruz do Arari";"-";"2022";0
"Economia";"Pecuária";"Produção de Origem Animal Ovos de codorna (Mil dúzias)";"Marajó";"Santa Cruz do Arari";"-";"2023";0
"Economia";"Pecuária";"Produção de Origem Animal Ovos de codorna (Mil dúzias)";"Guamá";"Santa Izabel do Pará";"-";"2008";96
"Economia";"Pecuária";"Produção de Origem Animal Ovos de codorna (Mil dúzias)";"Guamá";"Santa Izabel do Pará";"-";"2009";168
"Economia";"Pecuária";"Produção de Origem Animal Ovos de codorna (Mil dúzias)";"Guamá";"Santa Izabel do Pará";"-";"2010";165
"Economia";"Pecuária";"Produção de Origem Animal Ovos de codorna (Mil dúzias)";"Guamá";"Santa Izabel do Pará";"-";"2011";168
"Economia";"Pecuária";"Produção de Origem Animal Ovos de codorna (Mil dúzias)";"Guamá";"Santa Izabel do Pará";"-";"2012";117
"Economia";"Pecuária";"Produção de Origem Animal Ovos de codorna (Mil dúzias)";"Guamá";"Santa Izabel do Pará";"-";"2013";126
"Economia";"Pecuária";"Produção de Origem Animal Ovos de codorna (Mil dúzias)";"Guamá";"Santa Izabel do Pará";"-";"2014";129
"Economia";"Pecuária";"Produção de Origem Animal Ovos de codorna (Mil dúzias)";"Guamá";"Santa Izabel do Pará";"-";"2015";103
"Economia";"Pecuária";"Produção de Origem Animal Ovos de codorna (Mil dúzias)";"Guamá";"Santa Izabel do Pará";"-";"2016";0
"Economia";"Pecuária";"Produção de Origem Animal Ovos de codorna (Mil dúzias)";"Guamá";"Santa Izabel do Pará";"-";"2017";0
"Economia";"Pecuária";"Produção de Origem Animal Ovos de codorna (Mil dúzias)";"Guamá";"Santa Izabel do Pará";"-";"2018";0
"Economia";"Pecuária";"Produção de Origem Animal Ovos de codorna (Mil dúzias)";"Guamá";"Santa Izabel do Pará";"-";"2019";0
"Economia";"Pecuária";"Produção de Origem Animal Ovos de codorna (Mil dúzias)";"Guamá";"Santa Izabel do Pará";"-";"2020";0
"Economia";"Pecuária";"Produção de Origem Animal Ovos de codorna (Mil dúzias)";"Guamá";"Santa Izabel do Pará";"-";"2021";0
"Economia";"Pecuária";"Produção de Origem Animal Ovos de codorna (Mil dúzias)";"Guamá";"Santa Izabel do Pará";"-";"2022";0
"Economia";"Pecuária";"Produção de Origem Animal Ovos de codorna (Mil dúzias)";"Guamá";"Santa Izabel do Pará";"-";"2023";0
"Economia";"Pecuária";"Produção de Origem Animal Ovos de codorna (Mil dúzias)";"Rio Caeté";"Santa Luzia do Pará";"-";"2008";0
"Economia";"Pecuária";"Produção de Origem Animal Ovos de codorna (Mil dúzias)";"Rio Caeté";"Santa Luzia do Pará";"-";"2009";0
"Economia";"Pecuária";"Produção de Origem Animal Ovos de codorna (Mil dúzias)";"Rio Caeté";"Santa Luzia do Pará";"-";"2010";0
"Economia";"Pecuária";"Produção de Origem Animal Ovos de codorna (Mil dúzias)";"Rio Caeté";"Santa Luzia do Pará";"-";"2011";0
"Economia";"Pecuária";"Produção de Origem Animal Ovos de codorna (Mil dúzias)";"Rio Caeté";"Santa Luzia do Pará";"-";"2012";0
"Economia";"Pecuária";"Produção de Origem Animal Ovos de codorna (Mil dúzias)";"Rio Caeté";"Santa Luzia do Pará";"-";"2013";0
"Economia";"Pecuária";"Produção de Origem Animal Ovos de codorna (Mil dúzias)";"Rio Caeté";"Santa Luzia do Pará";"-";"2014";0
"Economia";"Pecuária";"Produção de Origem Animal Ovos de codorna (Mil dúzias)";"Rio Caeté";"Santa Luzia do Pará";"-";"2015";0
"Economia";"Pecuária";"Produção de Origem Animal Ovos de codorna (Mil dúzias)";"Rio Caeté";"Santa Luzia do Pará";"-";"2016";0
"Economia";"Pecuária";"Produção de Origem Animal Ovos de codorna (Mil dúzias)";"Rio Caeté";"Santa Luzia do Pará";"-";"2017";0
"Economia";"Pecuária";"Produção de Origem Animal Ovos de codorna (Mil dúzias)";"Rio Caeté";"Santa Luzia do Pará";"-";"2018";0
"Economia";"Pecuária";"Produção de Origem Animal Ovos de codorna (Mil dúzias)";"Rio Caeté";"Santa Luzia do Pará";"-";"2019";0
"Economia";"Pecuária";"Produção de Origem Animal Ovos de codorna (Mil dúzias)";"Rio Caeté";"Santa Luzia do Pará";"-";"2020";0
"Economia";"Pecuária";"Produção de Origem Animal Ovos de codorna (Mil dúzias)";"Rio Caeté";"Santa Luzia do Pará";"-";"2021";0
"Economia";"Pecuária";"Produção de Origem Animal Ovos de codorna (Mil dúzias)";"Rio Caeté";"Santa Luzia do Pará";"-";"2022";0
"Economia";"Pecuária";"Produção de Origem Animal Ovos de codorna (Mil dúzias)";"Rio Caeté";"Santa Luzia do Pará";"-";"2023";0
"Economia";"Pecuária";"Produção de Origem Animal Ovos de codorna (Mil dúzias)";"Araguaia";"Santa Maria das Barreiras";"-";"2008";1
"Economia";"Pecuária";"Produção de Origem Animal Ovos de codorna (Mil dúzias)";"Araguaia";"Santa Maria das Barreiras";"-";"2009";0
"Economia";"Pecuária";"Produção de Origem Animal Ovos de codorna (Mil dúzias)";"Araguaia";"Santa Maria das Barreiras";"-";"2010";0
"Economia";"Pecuária";"Produção de Origem Animal Ovos de codorna (Mil dúzias)";"Araguaia";"Santa Maria das Barreiras";"-";"2011";0
"Economia";"Pecuária";"Produção de Origem Animal Ovos de codorna (Mil dúzias)";"Araguaia";"Santa Maria das Barreiras";"-";"2012";0
"Economia";"Pecuária";"Produção de Origem Animal Ovos de codorna (Mil dúzias)";"Araguaia";"Santa Maria das Barreiras";"-";"2013";0
"Economia";"Pecuária";"Produção de Origem Animal Ovos de codorna (Mil dúzias)";"Araguaia";"Santa Maria das Barreiras";"-";"2014";0
"Economia";"Pecuária";"Produção de Origem Animal Ovos de codorna (Mil dúzias)";"Araguaia";"Santa Maria das Barreiras";"-";"2015";0
"Economia";"Pecuária";"Produção de Origem Animal Ovos de codorna (Mil dúzias)";"Araguaia";"Santa Maria das Barreiras";"-";"2016";0
"Economia";"Pecuária";"Produção de Origem Animal Ovos de codorna (Mil dúzias)";"Araguaia";"Santa Maria das Barreiras";"-";"2017";0
"Economia";"Pecuária";"Produção de Origem Animal Ovos de codorna (Mil dúzias)";"Araguaia";"Santa Maria das Barreiras";"-";"2018";0
"Economia";"Pecuária";"Produção de Origem Animal Ovos de codorna (Mil dúzias)";"Araguaia";"Santa Maria das Barreiras";"-";"2019";0
"Economia";"Pecuária";"Produção de Origem Animal Ovos de codorna (Mil dúzias)";"Araguaia";"Santa Maria das Barreiras";"-";"2020";0
"Economia";"Pecuária";"Produção de Origem Animal Ovos de codorna (Mil dúzias)";"Araguaia";"Santa Maria das Barreiras";"-";"2021";0
"Economia";"Pecuária";"Produção de Origem Animal Ovos de codorna (Mil dúzias)";"Araguaia";"Santa Maria das Barreiras";"-";"2022";0
"Economia";"Pecuária";"Produção de Origem Animal Ovos de codorna (Mil dúzias)";"Araguaia";"Santa Maria das Barreiras";"-";"2023";0
"Economia";"Pecuária";"Produção de Origem Animal Ovos de codorna (Mil dúzias)";"Guamá";"Santa Maria do Pará";"-";"2008";0
"Economia";"Pecuária";"Produção de Origem Animal Ovos de codorna (Mil dúzias)";"Guamá";"Santa Maria do Pará";"-";"2009";0
"Economia";"Pecuária";"Produção de Origem Animal Ovos de codorna (Mil dúzias)";"Guamá";"Santa Maria do Pará";"-";"2010";0
"Economia";"Pecuária";"Produção de Origem Animal Ovos de codorna (Mil dúzias)";"Guamá";"Santa Maria do Pará";"-";"2011";0
"Economia";"Pecuária";"Produção de Origem Animal Ovos de codorna (Mil dúzias)";"Guamá";"Santa Maria do Pará";"-";"2012";0
"Economia";"Pecuária";"Produção de Origem Animal Ovos de codorna (Mil dúzias)";"Guamá";"Santa Maria do Pará";"-";"2013";0
"Economia";"Pecuária";"Produção de Origem Animal Ovos de codorna (Mil dúzias)";"Guamá";"Santa Maria do Pará";"-";"2014";0
"Economia";"Pecuária";"Produção de Origem Animal Ovos de codorna (Mil dúzias)";"Guamá";"Santa Maria do Pará";"-";"2015";0
"Economia";"Pecuária";"Produção de Origem Animal Ovos de codorna (Mil dúzias)";"Guamá";"Santa Maria do Pará";"-";"2016";0
"Economia";"Pecuária";"Produção de Origem Animal Ovos de codorna (Mil dúzias)";"Guamá";"Santa Maria do Pará";"-";"2017";0
"Economia";"Pecuária";"Produção de Origem Animal Ovos de codorna (Mil dúzias)";"Guamá";"Santa Maria do Pará";"-";"2018";0
"Economia";"Pecuária";"Produção de Origem Animal Ovos de codorna (Mil dúzias)";"Guamá";"Santa Maria do Pará";"-";"2019";0
"Economia";"Pecuária";"Produção de Origem Animal Ovos de codorna (Mil dúzias)";"Guamá";"Santa Maria do Pará";"-";"2020";0
"Economia";"Pecuária";"Produção de Origem Animal Ovos de codorna (Mil dúzias)";"Guamá";"Santa Maria do Pará";"-";"2021";0
"Economia";"Pecuária";"Produção de Origem Animal Ovos de codorna (Mil dúzias)";"Guamá";"Santa Maria do Pará";"-";"2022";0
"Economia";"Pecuária";"Produção de Origem Animal Ovos de codorna (Mil dúzias)";"Guamá";"Santa Maria do Pará";"-";"2023";0
"Economia";"Pecuária";"Produção de Origem Animal Ovos de codorna (Mil dúzias)";"Araguaia";"Santana do Araguaia";"-";"2008";0
"Economia";"Pecuária";"Produção de Origem Animal Ovos de codorna (Mil dúzias)";"Araguaia";"Santana do Araguaia";"-";"2009";0
"Economia";"Pecuária";"Produção de Origem Animal Ovos de codorna (Mil dúzias)";"Araguaia";"Santana do Araguaia";"-";"2010";0
"Economia";"Pecuária";"Produção de Origem Animal Ovos de codorna (Mil dúzias)";"Araguaia";"Santana do Araguaia";"-";"2011";0
"Economia";"Pecuária";"Produção de Origem Animal Ovos de codorna (Mil dúzias)";"Araguaia";"Santana do Araguaia";"-";"2012";0
"Economia";"Pecuária";"Produção de Origem Animal Ovos de codorna (Mil dúzias)";"Araguaia";"Santana do Araguaia";"-";"2013";0
"Economia";"Pecuária";"Produção de Origem Animal Ovos de codorna (Mil dúzias)";"Araguaia";"Santana do Araguaia";"-";"2014";0
"Economia";"Pecuária";"Produção de Origem Animal Ovos de codorna (Mil dúzias)";"Araguaia";"Santana do Araguaia";"-";"2015";0
"Economia";"Pecuária";"Produção de Origem Animal Ovos de codorna (Mil dúzias)";"Araguaia";"Santana do Araguaia";"-";"2016";0
"Economia";"Pecuária";"Produção de Origem Animal Ovos de codorna (Mil dúzias)";"Araguaia";"Santana do Araguaia";"-";"2017";0
"Economia";"Pecuária";"Produção de Origem Animal Ovos de codorna (Mil dúzias)";"Araguaia";"Santana do Araguaia";"-";"2018";0
"Economia";"Pecuária";"Produção de Origem Animal Ovos de codorna (Mil dúzias)";"Araguaia";"Santana do Araguaia";"-";"2019";0
"Economia";"Pecuária";"Produção de Origem Animal Ovos de codorna (Mil dúzias)";"Araguaia";"Santana do Araguaia";"-";"2020";0
"Economia";"Pecuária";"Produção de Origem Animal Ovos de codorna (Mil dúzias)";"Araguaia";"Santana do Araguaia";"-";"2021";0
"Economia";"Pecuária";"Produção de Origem Animal Ovos de codorna (Mil dúzias)";"Araguaia";"Santana do Araguaia";"-";"2022";0
"Economia";"Pecuária";"Produção de Origem Animal Ovos de codorna (Mil dúzias)";"Araguaia";"Santana do Araguaia";"-";"2023";0
"Economia";"Pecuária";"Produção de Origem Animal Ovos de codorna (Mil dúzias)";"Baixo Amazonas";"Santarém";"-";"2008";57
"Economia";"Pecuária";"Produção de Origem Animal Ovos de codorna (Mil dúzias)";"Baixo Amazonas";"Santarém";"-";"2009";60
"Economia";"Pecuária";"Produção de Origem Animal Ovos de codorna (Mil dúzias)";"Baixo Amazonas";"Santarém";"-";"2010";61
"Economia";"Pecuária";"Produção de Origem Animal Ovos de codorna (Mil dúzias)";"Baixo Amazonas";"Santarém";"-";"2011";41
"Economia";"Pecuária";"Produção de Origem Animal Ovos de codorna (Mil dúzias)";"Baixo Amazonas";"Santarém";"-";"2012";43
"Economia";"Pecuária";"Produção de Origem Animal Ovos de codorna (Mil dúzias)";"Baixo Amazonas";"Santarém";"-";"2013";44
"Economia";"Pecuária";"Produção de Origem Animal Ovos de codorna (Mil dúzias)";"Baixo Amazonas";"Santarém";"-";"2014";45
"Economia";"Pecuária";"Produção de Origem Animal Ovos de codorna (Mil dúzias)";"Baixo Amazonas";"Santarém";"-";"2015";45
"Economia";"Pecuária";"Produção de Origem Animal Ovos de codorna (Mil dúzias)";"Baixo Amazonas";"Santarém";"-";"2016";46
"Economia";"Pecuária";"Produção de Origem Animal Ovos de codorna (Mil dúzias)";"Baixo Amazonas";"Santarém";"-";"2017";52
"Economia";"Pecuária";"Produção de Origem Animal Ovos de codorna (Mil dúzias)";"Baixo Amazonas";"Santarém";"-";"2018";54
"Economia";"Pecuária";"Produção de Origem Animal Ovos de codorna (Mil dúzias)";"Baixo Amazonas";"Santarém";"-";"2019";54
"Economia";"Pecuária";"Produção de Origem Animal Ovos de codorna (Mil dúzias)";"Baixo Amazonas";"Santarém";"-";"2020";54
"Economia";"Pecuária";"Produção de Origem Animal Ovos de codorna (Mil dúzias)";"Baixo Amazonas";"Santarém";"-";"2021";19
"Economia";"Pecuária";"Produção de Origem Animal Ovos de codorna (Mil dúzias)";"Baixo Amazonas";"Santarém";"-";"2022";33
"Economia";"Pecuária";"Produção de Origem Animal Ovos de codorna (Mil dúzias)";"Baixo Amazonas";"Santarém";"-";"2023";30
"Economia";"Pecuária";"Produção de Origem Animal Ovos de codorna (Mil dúzias)";"Rio Caeté";"Santarém Novo";"-";"2008";0
"Economia";"Pecuária";"Produção de Origem Animal Ovos de codorna (Mil dúzias)";"Rio Caeté";"Santarém Novo";"-";"2009";0
"Economia";"Pecuária";"Produção de Origem Animal Ovos de codorna (Mil dúzias)";"Rio Caeté";"Santarém Novo";"-";"2010";0
"Economia";"Pecuária";"Produção de Origem Animal Ovos de codorna (Mil dúzias)";"Rio Caeté";"Santarém Novo";"-";"2011";0
"Economia";"Pecuária";"Produção de Origem Animal Ovos de codorna (Mil dúzias)";"Rio Caeté";"Santarém Novo";"-";"2012";0
"Economia";"Pecuária";"Produção de Origem Animal Ovos de codorna (Mil dúzias)";"Rio Caeté";"Santarém Novo";"-";"2013";0
"Economia";"Pecuária";"Produção de Origem Animal Ovos de codorna (Mil dúzias)";"Rio Caeté";"Santarém Novo";"-";"2014";0
"Economia";"Pecuária";"Produção de Origem Animal Ovos de codorna (Mil dúzias)";"Rio Caeté";"Santarém Novo";"-";"2015";0
"Economia";"Pecuária";"Produção de Origem Animal Ovos de codorna (Mil dúzias)";"Rio Caeté";"Santarém Novo";"-";"2016";0
"Economia";"Pecuária";"Produção de Origem Animal Ovos de codorna (Mil dúzias)";"Rio Caeté";"Santarém Novo";"-";"2017";0
"Economia";"Pecuária";"Produção de Origem Animal Ovos de codorna (Mil dúzias)";"Rio Caeté";"Santarém Novo";"-";"2018";0
"Economia";"Pecuária";"Produção de Origem Animal Ovos de codorna (Mil dúzias)";"Rio Caeté";"Santarém Novo";"-";"2019";0
"Economia";"Pecuária";"Produção de Origem Animal Ovos de codorna (Mil dúzias)";"Rio Caeté";"Santarém Novo";"-";"2020";0
"Economia";"Pecuária";"Produção de Origem Animal Ovos de codorna (Mil dúzias)";"Rio Caeté";"Santarém Novo";"-";"2021";0
"Economia";"Pecuária";"Produção de Origem Animal Ovos de codorna (Mil dúzias)";"Rio Caeté";"Santarém Novo";"-";"2022";0
"Economia";"Pecuária";"Produção de Origem Animal Ovos de codorna (Mil dúzias)";"Rio Caeté";"Santarém Novo";"-";"2023";0
"Economia";"Pecuária";"Produção de Origem Animal Ovos de codorna (Mil dúzias)";"Guamá";"Santo Antônio do Tauá";"-";"2008";0
"Economia";"Pecuária";"Produção de Origem Animal Ovos de codorna (Mil dúzias)";"Guamá";"Santo Antônio do Tauá";"-";"2009";0
"Economia";"Pecuária";"Produção de Origem Animal Ovos de codorna (Mil dúzias)";"Guamá";"Santo Antônio do Tauá";"-";"2010";0
"Economia";"Pecuária";"Produção de Origem Animal Ovos de codorna (Mil dúzias)";"Guamá";"Santo Antônio do Tauá";"-";"2011";0
"Economia";"Pecuária";"Produção de Origem Animal Ovos de codorna (Mil dúzias)";"Guamá";"Santo Antônio do Tauá";"-";"2012";0
"Economia";"Pecuária";"Produção de Origem Animal Ovos de codorna (Mil dúzias)";"Guamá";"Santo Antônio do Tauá";"-";"2013";0
"Economia";"Pecuária";"Produção de Origem Animal Ovos de codorna (Mil dúzias)";"Guamá";"Santo Antônio do Tauá";"-";"2014";0
"Economia";"Pecuária";"Produção de Origem Animal Ovos de codorna (Mil dúzias)";"Guamá";"Santo Antônio do Tauá";"-";"2015";0
"Economia";"Pecuária";"Produção de Origem Animal Ovos de codorna (Mil dúzias)";"Guamá";"Santo Antônio do Tauá";"-";"2016";0
"Economia";"Pecuária";"Produção de Origem Animal Ovos de codorna (Mil dúzias)";"Guamá";"Santo Antônio do Tauá";"-";"2017";0
"Economia";"Pecuária";"Produção de Origem Animal Ovos de codorna (Mil dúzias)";"Guamá";"Santo Antônio do Tauá";"-";"2018";0
"Economia";"Pecuária";"Produção de Origem Animal Ovos de codorna (Mil dúzias)";"Guamá";"Santo Antônio do Tauá";"-";"2019";0
"Economia";"Pecuária";"Produção de Origem Animal Ovos de codorna (Mil dúzias)";"Guamá";"Santo Antônio do Tauá";"-";"2020";0
"Economia";"Pecuária";"Produção de Origem Animal Ovos de codorna (Mil dúzias)";"Guamá";"Santo Antônio do Tauá";"-";"2021";0
"Economia";"Pecuária";"Produção de Origem Animal Ovos de codorna (Mil dúzias)";"Guamá";"Santo Antônio do Tauá";"-";"2022";0
"Economia";"Pecuária";"Produção de Origem Animal Ovos de codorna (Mil dúzias)";"Guamá";"Santo Antônio do Tauá";"-";"2023";0
"Economia";"Pecuária";"Produção de Origem Animal Ovos de codorna (Mil dúzias)";"Guamá";"São Caetano de Odivelas";"-";"2008";0
"Economia";"Pecuária";"Produção de Origem Animal Ovos de codorna (Mil dúzias)";"Guamá";"São Caetano de Odivelas";"-";"2009";0
"Economia";"Pecuária";"Produção de Origem Animal Ovos de codorna (Mil dúzias)";"Guamá";"São Caetano de Odivelas";"-";"2010";0
"Economia";"Pecuária";"Produção de Origem Animal Ovos de codorna (Mil dúzias)";"Guamá";"São Caetano de Odivelas";"-";"2011";0
"Economia";"Pecuária";"Produção de Origem Animal Ovos de codorna (Mil dúzias)";"Guamá";"São Caetano de Odivelas";"-";"2012";0
"Economia";"Pecuária";"Produção de Origem Animal Ovos de codorna (Mil dúzias)";"Guamá";"São Caetano de Odivelas";"-";"2013";0
"Economia";"Pecuária";"Produção de Origem Animal Ovos de codorna (Mil dúzias)";"Guamá";"São Caetano de Odivelas";"-";"2014";0
"Economia";"Pecuária";"Produção de Origem Animal Ovos de codorna (Mil dúzias)";"Guamá";"São Caetano de Odivelas";"-";"2015";0
"Economia";"Pecuária";"Produção de Origem Animal Ovos de codorna (Mil dúzias)";"Guamá";"São Caetano de Odivelas";"-";"2016";0
"Economia";"Pecuária";"Produção de Origem Animal Ovos de codorna (Mil dúzias)";"Guamá";"São Caetano de Odivelas";"-";"2017";0
"Economia";"Pecuária";"Produção de Origem Animal Ovos de codorna (Mil dúzias)";"Guamá";"São Caetano de Odivelas";"-";"2018";0
"Economia";"Pecuária";"Produção de Origem Animal Ovos de codorna (Mil dúzias)";"Guamá";"São Caetano de Odivelas";"-";"2019";0
"Economia";"Pecuária";"Produção de Origem Animal Ovos de codorna (Mil dúzias)";"Guamá";"São Caetano de Odivelas";"-";"2020";0
"Economia";"Pecuária";"Produção de Origem Animal Ovos de codorna (Mil dúzias)";"Guamá";"São Caetano de Odivelas";"-";"2021";0
"Economia";"Pecuária";"Produção de Origem Animal Ovos de codorna (Mil dúzias)";"Guamá";"São Caetano de Odivelas";"-";"2022";0
"Economia";"Pecuária";"Produção de Origem Animal Ovos de codorna (Mil dúzias)";"Guamá";"São Caetano de Odivelas";"-";"2023";0
"Economia";"Pecuária";"Produção de Origem Animal Ovos de codorna (Mil dúzias)";"Carajás";"São Domingos do Araguaia";"-";"2008";0
"Economia";"Pecuária";"Produção de Origem Animal Ovos de codorna (Mil dúzias)";"Carajás";"São Domingos do Araguaia";"-";"2009";0
"Economia";"Pecuária";"Produção de Origem Animal Ovos de codorna (Mil dúzias)";"Carajás";"São Domingos do Araguaia";"-";"2010";0
"Economia";"Pecuária";"Produção de Origem Animal Ovos de codorna (Mil dúzias)";"Carajás";"São Domingos do Araguaia";"-";"2011";0
"Economia";"Pecuária";"Produção de Origem Animal Ovos de codorna (Mil dúzias)";"Carajás";"São Domingos do Araguaia";"-";"2012";0
"Economia";"Pecuária";"Produção de Origem Animal Ovos de codorna (Mil dúzias)";"Carajás";"São Domingos do Araguaia";"-";"2013";0
"Economia";"Pecuária";"Produção de Origem Animal Ovos de codorna (Mil dúzias)";"Carajás";"São Domingos do Araguaia";"-";"2014";0
"Economia";"Pecuária";"Produção de Origem Animal Ovos de codorna (Mil dúzias)";"Carajás";"São Domingos do Araguaia";"-";"2015";0
"Economia";"Pecuária";"Produção de Origem Animal Ovos de codorna (Mil dúzias)";"Carajás";"São Domingos do Araguaia";"-";"2016";0
"Economia";"Pecuária";"Produção de Origem Animal Ovos de codorna (Mil dúzias)";"Carajás";"São Domingos do Araguaia";"-";"2017";0
"Economia";"Pecuária";"Produção de Origem Animal Ovos de codorna (Mil dúzias)";"Carajás";"São Domingos do Araguaia";"-";"2018";0
"Economia";"Pecuária";"Produção de Origem Animal Ovos de codorna (Mil dúzias)";"Carajás";"São Domingos do Araguaia";"-";"2019";0
"Economia";"Pecuária";"Produção de Origem Animal Ovos de codorna (Mil dúzias)";"Carajás";"São Domingos do Araguaia";"-";"2020";0
"Economia";"Pecuária";"Produção de Origem Animal Ovos de codorna (Mil dúzias)";"Carajás";"São Domingos do Araguaia";"-";"2021";0
"Economia";"Pecuária";"Produção de Origem Animal Ovos de codorna (Mil dúzias)";"Carajás";"São Domingos do Araguaia";"-";"2022";0
"Economia";"Pecuária";"Produção de Origem Animal Ovos de codorna (Mil dúzias)";"Carajás";"São Domingos do Araguaia";"-";"2023";0
"Economia";"Pecuária";"Produção de Origem Animal Ovos de codorna (Mil dúzias)";"Guamá";"São Domingos do Capim";"-";"2008";0
"Economia";"Pecuária";"Produção de Origem Animal Ovos de codorna (Mil dúzias)";"Guamá";"São Domingos do Capim";"-";"2009";0
"Economia";"Pecuária";"Produção de Origem Animal Ovos de codorna (Mil dúzias)";"Guamá";"São Domingos do Capim";"-";"2010";0
"Economia";"Pecuária";"Produção de Origem Animal Ovos de codorna (Mil dúzias)";"Guamá";"São Domingos do Capim";"-";"2011";0
"Economia";"Pecuária";"Produção de Origem Animal Ovos de codorna (Mil dúzias)";"Guamá";"São Domingos do Capim";"-";"2012";0
"Economia";"Pecuária";"Produção de Origem Animal Ovos de codorna (Mil dúzias)";"Guamá";"São Domingos do Capim";"-";"2013";0
"Economia";"Pecuária";"Produção de Origem Animal Ovos de codorna (Mil dúzias)";"Guamá";"São Domingos do Capim";"-";"2014";0
"Economia";"Pecuária";"Produção de Origem Animal Ovos de codorna (Mil dúzias)";"Guamá";"São Domingos do Capim";"-";"2015";0
"Economia";"Pecuária";"Produção de Origem Animal Ovos de codorna (Mil dúzias)";"Guamá";"São Domingos do Capim";"-";"2016";0
"Economia";"Pecuária";"Produção de Origem Animal Ovos de codorna (Mil dúzias)";"Guamá";"São Domingos do Capim";"-";"2017";0
"Economia";"Pecuária";"Produção de Origem Animal Ovos de codorna (Mil dúzias)";"Guamá";"São Domingos do Capim";"-";"2018";0
"Economia";"Pecuária";"Produção de Origem Animal Ovos de codorna (Mil dúzias)";"Guamá";"São Domingos do Capim";"-";"2019";0
"Economia";"Pecuária";"Produção de Origem Animal Ovos de codorna (Mil dúzias)";"Guamá";"São Domingos do Capim";"-";"2020";0
"Economia";"Pecuária";"Produção de Origem Animal Ovos de codorna (Mil dúzias)";"Guamá";"São Domingos do Capim";"-";"2021";0
"Economia";"Pecuária";"Produção de Origem Animal Ovos de codorna (Mil dúzias)";"Guamá";"São Domingos do Capim";"-";"2022";0
"Economia";"Pecuária";"Produção de Origem Animal Ovos de codorna (Mil dúzias)";"Guamá";"São Domingos do Capim";"-";"2023";0
"Economia";"Pecuária";"Produção de Origem Animal Ovos de codorna (Mil dúzias)";"Araguaia";"São Félix do Xingu";"-";"2008";0
"Economia";"Pecuária";"Produção de Origem Animal Ovos de codorna (Mil dúzias)";"Araguaia";"São Félix do Xingu";"-";"2009";0
"Economia";"Pecuária";"Produção de Origem Animal Ovos de codorna (Mil dúzias)";"Araguaia";"São Félix do Xingu";"-";"2010";0
"Economia";"Pecuária";"Produção de Origem Animal Ovos de codorna (Mil dúzias)";"Araguaia";"São Félix do Xingu";"-";"2011";0
"Economia";"Pecuária";"Produção de Origem Animal Ovos de codorna (Mil dúzias)";"Araguaia";"São Félix do Xingu";"-";"2012";0
"Economia";"Pecuária";"Produção de Origem Animal Ovos de codorna (Mil dúzias)";"Araguaia";"São Félix do Xingu";"-";"2013";0
"Economia";"Pecuária";"Produção de Origem Animal Ovos de codorna (Mil dúzias)";"Araguaia";"São Félix do Xingu";"-";"2014";0
"Economia";"Pecuária";"Produção de Origem Animal Ovos de codorna (Mil dúzias)";"Araguaia";"São Félix do Xingu";"-";"2015";0
"Economia";"Pecuária";"Produção de Origem Animal Ovos de codorna (Mil dúzias)";"Araguaia";"São Félix do Xingu";"-";"2016";0
"Economia";"Pecuária";"Produção de Origem Animal Ovos de codorna (Mil dúzias)";"Araguaia";"São Félix do Xingu";"-";"2017";0
"Economia";"Pecuária";"Produção de Origem Animal Ovos de codorna (Mil dúzias)";"Araguaia";"São Félix do Xingu";"-";"2018";0
"Economia";"Pecuária";"Produção de Origem Animal Ovos de codorna (Mil dúzias)";"Araguaia";"São Félix do Xingu";"-";"2019";0
"Economia";"Pecuária";"Produção de Origem Animal Ovos de codorna (Mil dúzias)";"Araguaia";"São Félix do Xingu";"-";"2020";0
"Economia";"Pecuária";"Produção de Origem Animal Ovos de codorna (Mil dúzias)";"Araguaia";"São Félix do Xingu";"-";"2021";0
"Economia";"Pecuária";"Produção de Origem Animal Ovos de codorna (Mil dúzias)";"Araguaia";"São Félix do Xingu";"-";"2022";0
"Economia";"Pecuária";"Produção de Origem Animal Ovos de codorna (Mil dúzias)";"Araguaia";"São Félix do Xingu";"-";"2023";0
"Economia";"Pecuária";"Produção de Origem Animal Ovos de codorna (Mil dúzias)";"Guamá";"São Francisco do Pará";"-";"2008";0
"Economia";"Pecuária";"Produção de Origem Animal Ovos de codorna (Mil dúzias)";"Guamá";"São Francisco do Pará";"-";"2009";0
"Economia";"Pecuária";"Produção de Origem Animal Ovos de codorna (Mil dúzias)";"Guamá";"São Francisco do Pará";"-";"2010";0
"Economia";"Pecuária";"Produção de Origem Animal Ovos de codorna (Mil dúzias)";"Guamá";"São Francisco do Pará";"-";"2011";0
"Economia";"Pecuária";"Produção de Origem Animal Ovos de codorna (Mil dúzias)";"Guamá";"São Francisco do Pará";"-";"2012";0
"Economia";"Pecuária";"Produção de Origem Animal Ovos de codorna (Mil dúzias)";"Guamá";"São Francisco do Pará";"-";"2013";0
"Economia";"Pecuária";"Produção de Origem Animal Ovos de codorna (Mil dúzias)";"Guamá";"São Francisco do Pará";"-";"2014";0
"Economia";"Pecuária";"Produção de Origem Animal Ovos de codorna (Mil dúzias)";"Guamá";"São Francisco do Pará";"-";"2015";0
"Economia";"Pecuária";"Produção de Origem Animal Ovos de codorna (Mil dúzias)";"Guamá";"São Francisco do Pará";"-";"2016";0
"Economia";"Pecuária";"Produção de Origem Animal Ovos de codorna (Mil dúzias)";"Guamá";"São Francisco do Pará";"-";"2017";0
"Economia";"Pecuária";"Produção de Origem Animal Ovos de codorna (Mil dúzias)";"Guamá";"São Francisco do Pará";"-";"2018";0
"Economia";"Pecuária";"Produção de Origem Animal Ovos de codorna (Mil dúzias)";"Guamá";"São Francisco do Pará";"-";"2019";0
"Economia";"Pecuária";"Produção de Origem Animal Ovos de codorna (Mil dúzias)";"Guamá";"São Francisco do Pará";"-";"2020";0
"Economia";"Pecuária";"Produção de Origem Animal Ovos de codorna (Mil dúzias)";"Guamá";"São Francisco do Pará";"-";"2021";0
"Economia";"Pecuária";"Produção de Origem Animal Ovos de codorna (Mil dúzias)";"Guamá";"São Francisco do Pará";"-";"2022";0
"Economia";"Pecuária";"Produção de Origem Animal Ovos de codorna (Mil dúzias)";"Guamá";"São Francisco do Pará";"-";"2023";0
"Economia";"Pecuária";"Produção de Origem Animal Ovos de codorna (Mil dúzias)";"Carajás";"São Geraldo do Araguaia";"-";"2008";0
"Economia";"Pecuária";"Produção de Origem Animal Ovos de codorna (Mil dúzias)";"Carajás";"São Geraldo do Araguaia";"-";"2009";0
"Economia";"Pecuária";"Produção de Origem Animal Ovos de codorna (Mil dúzias)";"Carajás";"São Geraldo do Araguaia";"-";"2010";0
"Economia";"Pecuária";"Produção de Origem Animal Ovos de codorna (Mil dúzias)";"Carajás";"São Geraldo do Araguaia";"-";"2011";0
"Economia";"Pecuária";"Produção de Origem Animal Ovos de codorna (Mil dúzias)";"Carajás";"São Geraldo do Araguaia";"-";"2012";0
"Economia";"Pecuária";"Produção de Origem Animal Ovos de codorna (Mil dúzias)";"Carajás";"São Geraldo do Araguaia";"-";"2013";0
"Economia";"Pecuária";"Produção de Origem Animal Ovos de codorna (Mil dúzias)";"Carajás";"São Geraldo do Araguaia";"-";"2014";0
"Economia";"Pecuária";"Produção de Origem Animal Ovos de codorna (Mil dúzias)";"Carajás";"São Geraldo do Araguaia";"-";"2015";0
"Economia";"Pecuária";"Produção de Origem Animal Ovos de codorna (Mil dúzias)";"Carajás";"São Geraldo do Araguaia";"-";"2016";0
"Economia";"Pecuária";"Produção de Origem Animal Ovos de codorna (Mil dúzias)";"Carajás";"São Geraldo do Araguaia";"-";"2017";0
"Economia";"Pecuária";"Produção de Origem Animal Ovos de codorna (Mil dúzias)";"Carajás";"São Geraldo do Araguaia";"-";"2018";0
"Economia";"Pecuária";"Produção de Origem Animal Ovos de codorna (Mil dúzias)";"Carajás";"São Geraldo do Araguaia";"-";"2019";0
"Economia";"Pecuária";"Produção de Origem Animal Ovos de codorna (Mil dúzias)";"Carajás";"São Geraldo do Araguaia";"-";"2020";0
"Economia";"Pecuária";"Produção de Origem Animal Ovos de codorna (Mil dúzias)";"Carajás";"São Geraldo do Araguaia";"-";"2021";0
"Economia";"Pecuária";"Produção de Origem Animal Ovos de codorna (Mil dúzias)";"Carajás";"São Geraldo do Araguaia";"-";"2022";0
"Economia";"Pecuária";"Produção de Origem Animal Ovos de codorna (Mil dúzias)";"Carajás";"São Geraldo do Araguaia";"-";"2023";0
"Economia";"Pecuária";"Produção de Origem Animal Ovos de codorna (Mil dúzias)";"Guamá";"São João da Ponta";"-";"2008";0
"Economia";"Pecuária";"Produção de Origem Animal Ovos de codorna (Mil dúzias)";"Guamá";"São João da Ponta";"-";"2009";0
"Economia";"Pecuária";"Produção de Origem Animal Ovos de codorna (Mil dúzias)";"Guamá";"São João da Ponta";"-";"2010";0
"Economia";"Pecuária";"Produção de Origem Animal Ovos de codorna (Mil dúzias)";"Guamá";"São João da Ponta";"-";"2011";0
"Economia";"Pecuária";"Produção de Origem Animal Ovos de codorna (Mil dúzias)";"Guamá";"São João da Ponta";"-";"2012";0
"Economia";"Pecuária";"Produção de Origem Animal Ovos de codorna (Mil dúzias)";"Guamá";"São João da Ponta";"-";"2013";0
"Economia";"Pecuária";"Produção de Origem Animal Ovos de codorna (Mil dúzias)";"Guamá";"São João da Ponta";"-";"2014";0
"Economia";"Pecuária";"Produção de Origem Animal Ovos de codorna (Mil dúzias)";"Guamá";"São João da Ponta";"-";"2015";0
"Economia";"Pecuária";"Produção de Origem Animal Ovos de codorna (Mil dúzias)";"Guamá";"São João da Ponta";"-";"2016";0
"Economia";"Pecuária";"Produção de Origem Animal Ovos de codorna (Mil dúzias)";"Guamá";"São João da Ponta";"-";"2017";0
"Economia";"Pecuária";"Produção de Origem Animal Ovos de codorna (Mil dúzias)";"Guamá";"São João da Ponta";"-";"2018";0
"Economia";"Pecuária";"Produção de Origem Animal Ovos de codorna (Mil dúzias)";"Guamá";"São João da Ponta";"-";"2019";0
"Economia";"Pecuária";"Produção de Origem Animal Ovos de codorna (Mil dúzias)";"Guamá";"São João da Ponta";"-";"2020";0
"Economia";"Pecuária";"Produção de Origem Animal Ovos de codorna (Mil dúzias)";"Guamá";"São João da Ponta";"-";"2021";0
"Economia";"Pecuária";"Produção de Origem Animal Ovos de codorna (Mil dúzias)";"Guamá";"São João da Ponta";"-";"2022";0
"Economia";"Pecuária";"Produção de Origem Animal Ovos de codorna (Mil dúzias)";"Guamá";"São João da Ponta";"-";"2023";0
"Economia";"Pecuária";"Produção de Origem Animal Ovos de codorna (Mil dúzias)";"Rio Caeté";"São João de Pirabas";"-";"2008";0
"Economia";"Pecuária";"Produção de Origem Animal Ovos de codorna (Mil dúzias)";"Rio Caeté";"São João de Pirabas";"-";"2009";0
"Economia";"Pecuária";"Produção de Origem Animal Ovos de codorna (Mil dúzias)";"Rio Caeté";"São João de Pirabas";"-";"2010";0
"Economia";"Pecuária";"Produção de Origem Animal Ovos de codorna (Mil dúzias)";"Rio Caeté";"São João de Pirabas";"-";"2011";0
"Economia";"Pecuária";"Produção de Origem Animal Ovos de codorna (Mil dúzias)";"Rio Caeté";"São João de Pirabas";"-";"2012";0
"Economia";"Pecuária";"Produção de Origem Animal Ovos de codorna (Mil dúzias)";"Rio Caeté";"São João de Pirabas";"-";"2013";0
"Economia";"Pecuária";"Produção de Origem Animal Ovos de codorna (Mil dúzias)";"Rio Caeté";"São João de Pirabas";"-";"2014";0
"Economia";"Pecuária";"Produção de Origem Animal Ovos de codorna (Mil dúzias)";"Rio Caeté";"São João de Pirabas";"-";"2015";0
"Economia";"Pecuária";"Produção de Origem Animal Ovos de codorna (Mil dúzias)";"Rio Caeté";"São João de Pirabas";"-";"2016";0
"Economia";"Pecuária";"Produção de Origem Animal Ovos de codorna (Mil dúzias)";"Rio Caeté";"São João de Pirabas";"-";"2017";0
"Economia";"Pecuária";"Produção de Origem Animal Ovos de codorna (Mil dúzias)";"Rio Caeté";"São João de Pirabas";"-";"2018";0
"Economia";"Pecuária";"Produção de Origem Animal Ovos de codorna (Mil dúzias)";"Rio Caeté";"São João de Pirabas";"-";"2019";0
"Economia";"Pecuária";"Produção de Origem Animal Ovos de codorna (Mil dúzias)";"Rio Caeté";"São João de Pirabas";"-";"2020";0
"Economia";"Pecuária";"Produção de Origem Animal Ovos de codorna (Mil dúzias)";"Rio Caeté";"São João de Pirabas";"-";"2021";0
"Economia";"Pecuária";"Produção de Origem Animal Ovos de codorna (Mil dúzias)";"Rio Caeté";"São João de Pirabas";"-";"2022";0
"Economia";"Pecuária";"Produção de Origem Animal Ovos de codorna (Mil dúzias)";"Rio Caeté";"São João de Pirabas";"-";"2023";0
"Economia";"Pecuária";"Produção de Origem Animal Ovos de codorna (Mil dúzias)";"Carajás";"São João do Araguaia";"-";"2008";0
"Economia";"Pecuária";"Produção de Origem Animal Ovos de codorna (Mil dúzias)";"Carajás";"São João do Araguaia";"-";"2009";0
"Economia";"Pecuária";"Produção de Origem Animal Ovos de codorna (Mil dúzias)";"Carajás";"São João do Araguaia";"-";"2010";0
"Economia";"Pecuária";"Produção de Origem Animal Ovos de codorna (Mil dúzias)";"Carajás";"São João do Araguaia";"-";"2011";0
"Economia";"Pecuária";"Produção de Origem Animal Ovos de codorna (Mil dúzias)";"Carajás";"São João do Araguaia";"-";"2012";0
"Economia";"Pecuária";"Produção de Origem Animal Ovos de codorna (Mil dúzias)";"Carajás";"São João do Araguaia";"-";"2013";0
"Economia";"Pecuária";"Produção de Origem Animal Ovos de codorna (Mil dúzias)";"Carajás";"São João do Araguaia";"-";"2014";0
"Economia";"Pecuária";"Produção de Origem Animal Ovos de codorna (Mil dúzias)";"Carajás";"São João do Araguaia";"-";"2015";0
"Economia";"Pecuária";"Produção de Origem Animal Ovos de codorna (Mil dúzias)";"Carajás";"São João do Araguaia";"-";"2016";0
"Economia";"Pecuária";"Produção de Origem Animal Ovos de codorna (Mil dúzias)";"Carajás";"São João do Araguaia";"-";"2017";0
"Economia";"Pecuária";"Produção de Origem Animal Ovos de codorna (Mil dúzias)";"Carajás";"São João do Araguaia";"-";"2018";0
"Economia";"Pecuária";"Produção de Origem Animal Ovos de codorna (Mil dúzias)";"Carajás";"São João do Araguaia";"-";"2019";0
"Economia";"Pecuária";"Produção de Origem Animal Ovos de codorna (Mil dúzias)";"Carajás";"São João do Araguaia";"-";"2020";0
"Economia";"Pecuária";"Produção de Origem Animal Ovos de codorna (Mil dúzias)";"Carajás";"São João do Araguaia";"-";"2021";0
"Economia";"Pecuária";"Produção de Origem Animal Ovos de codorna (Mil dúzias)";"Carajás";"São João do Araguaia";"-";"2022";0
"Economia";"Pecuária";"Produção de Origem Animal Ovos de codorna (Mil dúzias)";"Carajás";"São João do Araguaia";"-";"2023";0
"Economia";"Pecuária";"Produção de Origem Animal Ovos de codorna (Mil dúzias)";"Guamá";"São Miguel do Guamá";"-";"2008";0
"Economia";"Pecuária";"Produção de Origem Animal Ovos de codorna (Mil dúzias)";"Guamá";"São Miguel do Guamá";"-";"2009";0
"Economia";"Pecuária";"Produção de Origem Animal Ovos de codorna (Mil dúzias)";"Guamá";"São Miguel do Guamá";"-";"2010";0
"Economia";"Pecuária";"Produção de Origem Animal Ovos de codorna (Mil dúzias)";"Guamá";"São Miguel do Guamá";"-";"2011";0
"Economia";"Pecuária";"Produção de Origem Animal Ovos de codorna (Mil dúzias)";"Guamá";"São Miguel do Guamá";"-";"2012";0
"Economia";"Pecuária";"Produção de Origem Animal Ovos de codorna (Mil dúzias)";"Guamá";"São Miguel do Guamá";"-";"2013";0
"Economia";"Pecuária";"Produção de Origem Animal Ovos de codorna (Mil dúzias)";"Guamá";"São Miguel do Guamá";"-";"2014";0
"Economia";"Pecuária";"Produção de Origem Animal Ovos de codorna (Mil dúzias)";"Guamá";"São Miguel do Guamá";"-";"2015";0
"Economia";"Pecuária";"Produção de Origem Animal Ovos de codorna (Mil dúzias)";"Guamá";"São Miguel do Guamá";"-";"2016";0
"Economia";"Pecuária";"Produção de Origem Animal Ovos de codorna (Mil dúzias)";"Guamá";"São Miguel do Guamá";"-";"2017";0
"Economia";"Pecuária";"Produção de Origem Animal Ovos de codorna (Mil dúzias)";"Guamá";"São Miguel do Guamá";"-";"2018";0
"Economia";"Pecuária";"Produção de Origem Animal Ovos de codorna (Mil dúzias)";"Guamá";"São Miguel do Guamá";"-";"2019";0
"Economia";"Pecuária";"Produção de Origem Animal Ovos de codorna (Mil dúzias)";"Guamá";"São Miguel do Guamá";"-";"2020";0
"Economia";"Pecuária";"Produção de Origem Animal Ovos de codorna (Mil dúzias)";"Guamá";"São Miguel do Guamá";"-";"2021";0
"Economia";"Pecuária";"Produção de Origem Animal Ovos de codorna (Mil dúzias)";"Guamá";"São Miguel do Guamá";"-";"2022";0
"Economia";"Pecuária";"Produção de Origem Animal Ovos de codorna (Mil dúzias)";"Guamá";"São Miguel do Guamá";"-";"2023";0
"Economia";"Pecuária";"Produção de Origem Animal Ovos de codorna (Mil dúzias)";"Marajó";"São Sebastião da Boa Vista";"-";"2008";0
"Economia";"Pecuária";"Produção de Origem Animal Ovos de codorna (Mil dúzias)";"Marajó";"São Sebastião da Boa Vista";"-";"2009";0
"Economia";"Pecuária";"Produção de Origem Animal Ovos de codorna (Mil dúzias)";"Marajó";"São Sebastião da Boa Vista";"-";"2010";0
"Economia";"Pecuária";"Produção de Origem Animal Ovos de codorna (Mil dúzias)";"Marajó";"São Sebastião da Boa Vista";"-";"2011";0
"Economia";"Pecuária";"Produção de Origem Animal Ovos de codorna (Mil dúzias)";"Marajó";"São Sebastião da Boa Vista";"-";"2012";0
"Economia";"Pecuária";"Produção de Origem Animal Ovos de codorna (Mil dúzias)";"Marajó";"São Sebastião da Boa Vista";"-";"2013";0
"Economia";"Pecuária";"Produção de Origem Animal Ovos de codorna (Mil dúzias)";"Marajó";"São Sebastião da Boa Vista";"-";"2014";0
"Economia";"Pecuária";"Produção de Origem Animal Ovos de codorna (Mil dúzias)";"Marajó";"São Sebastião da Boa Vista";"-";"2015";0
"Economia";"Pecuária";"Produção de Origem Animal Ovos de codorna (Mil dúzias)";"Marajó";"São Sebastião da Boa Vista";"-";"2016";0
"Economia";"Pecuária";"Produção de Origem Animal Ovos de codorna (Mil dúzias)";"Marajó";"São Sebastião da Boa Vista";"-";"2017";0
"Economia";"Pecuária";"Produção de Origem Animal Ovos de codorna (Mil dúzias)";"Marajó";"São Sebastião da Boa Vista";"-";"2018";0
"Economia";"Pecuária";"Produção de Origem Animal Ovos de codorna (Mil dúzias)";"Marajó";"São Sebastião da Boa Vista";"-";"2019";0
"Economia";"Pecuária";"Produção de Origem Animal Ovos de codorna (Mil dúzias)";"Marajó";"São Sebastião da Boa Vista";"-";"2020";0
"Economia";"Pecuária";"Produção de Origem Animal Ovos de codorna (Mil dúzias)";"Marajó";"São Sebastião da Boa Vista";"-";"2021";0
"Economia";"Pecuária";"Produção de Origem Animal Ovos de codorna (Mil dúzias)";"Marajó";"São Sebastião da Boa Vista";"-";"2022";0
"Economia";"Pecuária";"Produção de Origem Animal Ovos de codorna (Mil dúzias)";"Marajó";"São Sebastião da Boa Vista";"-";"2023";0
"Economia";"Pecuária";"Produção de Origem Animal Ovos de codorna (Mil dúzias)";"Araguaia";"Sapucaia";"-";"2008";0
"Economia";"Pecuária";"Produção de Origem Animal Ovos de codorna (Mil dúzias)";"Araguaia";"Sapucaia";"-";"2009";0
"Economia";"Pecuária";"Produção de Origem Animal Ovos de codorna (Mil dúzias)";"Araguaia";"Sapucaia";"-";"2010";0
"Economia";"Pecuária";"Produção de Origem Animal Ovos de codorna (Mil dúzias)";"Araguaia";"Sapucaia";"-";"2011";0
"Economia";"Pecuária";"Produção de Origem Animal Ovos de codorna (Mil dúzias)";"Araguaia";"Sapucaia";"-";"2012";0
"Economia";"Pecuária";"Produção de Origem Animal Ovos de codorna (Mil dúzias)";"Araguaia";"Sapucaia";"-";"2013";0
"Economia";"Pecuária";"Produção de Origem Animal Ovos de codorna (Mil dúzias)";"Araguaia";"Sapucaia";"-";"2014";0
"Economia";"Pecuária";"Produção de Origem Animal Ovos de codorna (Mil dúzias)";"Araguaia";"Sapucaia";"-";"2015";0
"Economia";"Pecuária";"Produção de Origem Animal Ovos de codorna (Mil dúzias)";"Araguaia";"Sapucaia";"-";"2016";0
"Economia";"Pecuária";"Produção de Origem Animal Ovos de codorna (Mil dúzias)";"Araguaia";"Sapucaia";"-";"2017";0
"Economia";"Pecuária";"Produção de Origem Animal Ovos de codorna (Mil dúzias)";"Araguaia";"Sapucaia";"-";"2018";0
"Economia";"Pecuária";"Produção de Origem Animal Ovos de codorna (Mil dúzias)";"Araguaia";"Sapucaia";"-";"2019";0
"Economia";"Pecuária";"Produção de Origem Animal Ovos de codorna (Mil dúzias)";"Araguaia";"Sapucaia";"-";"2020";0
"Economia";"Pecuária";"Produção de Origem Animal Ovos de codorna (Mil dúzias)";"Araguaia";"Sapucaia";"-";"2021";0
"Economia";"Pecuária";"Produção de Origem Animal Ovos de codorna (Mil dúzias)";"Araguaia";"Sapucaia";"-";"2022";0
"Economia";"Pecuária";"Produção de Origem Animal Ovos de codorna (Mil dúzias)";"Araguaia";"Sapucaia";"-";"2023";0
"Economia";"Pecuária";"Produção de Origem Animal Ovos de codorna (Mil dúzias)";"Xingu";"Senador José Porfírio";"-";"2008";0
"Economia";"Pecuária";"Produção de Origem Animal Ovos de codorna (Mil dúzias)";"Xingu";"Senador José Porfírio";"-";"2009";0
"Economia";"Pecuária";"Produção de Origem Animal Ovos de codorna (Mil dúzias)";"Xingu";"Senador José Porfírio";"-";"2010";0
"Economia";"Pecuária";"Produção de Origem Animal Ovos de codorna (Mil dúzias)";"Xingu";"Senador José Porfírio";"-";"2011";0
"Economia";"Pecuária";"Produção de Origem Animal Ovos de codorna (Mil dúzias)";"Xingu";"Senador José Porfírio";"-";"2012";0
"Economia";"Pecuária";"Produção de Origem Animal Ovos de codorna (Mil dúzias)";"Xingu";"Senador José Porfírio";"-";"2013";0
"Economia";"Pecuária";"Produção de Origem Animal Ovos de codorna (Mil dúzias)";"Xingu";"Senador José Porfírio";"-";"2014";0
"Economia";"Pecuária";"Produção de Origem Animal Ovos de codorna (Mil dúzias)";"Xingu";"Senador José Porfírio";"-";"2015";0
"Economia";"Pecuária";"Produção de Origem Animal Ovos de codorna (Mil dúzias)";"Xingu";"Senador José Porfírio";"-";"2016";0
"Economia";"Pecuária";"Produção de Origem Animal Ovos de codorna (Mil dúzias)";"Xingu";"Senador José Porfírio";"-";"2017";0
"Economia";"Pecuária";"Produção de Origem Animal Ovos de codorna (Mil dúzias)";"Xingu";"Senador José Porfírio";"-";"2018";0
"Economia";"Pecuária";"Produção de Origem Animal Ovos de codorna (Mil dúzias)";"Xingu";"Senador José Porfírio";"-";"2019";0
"Economia";"Pecuária";"Produção de Origem Animal Ovos de codorna (Mil dúzias)";"Xingu";"Senador José Porfírio";"-";"2020";0
"Economia";"Pecuária";"Produção de Origem Animal Ovos de codorna (Mil dúzias)";"Xingu";"Senador José Porfírio";"-";"2021";0
"Economia";"Pecuária";"Produção de Origem Animal Ovos de codorna (Mil dúzias)";"Xingu";"Senador José Porfírio";"-";"2022";0
"Economia";"Pecuária";"Produção de Origem Animal Ovos de codorna (Mil dúzias)";"Xingu";"Senador José Porfírio";"-";"2023";0
"Economia";"Pecuária";"Produção de Origem Animal Ovos de codorna (Mil dúzias)";"Marajó";"Soure";"-";"2008";0
"Economia";"Pecuária";"Produção de Origem Animal Ovos de codorna (Mil dúzias)";"Marajó";"Soure";"-";"2009";0
"Economia";"Pecuária";"Produção de Origem Animal Ovos de codorna (Mil dúzias)";"Marajó";"Soure";"-";"2010";0
"Economia";"Pecuária";"Produção de Origem Animal Ovos de codorna (Mil dúzias)";"Marajó";"Soure";"-";"2011";0
"Economia";"Pecuária";"Produção de Origem Animal Ovos de codorna (Mil dúzias)";"Marajó";"Soure";"-";"2012";0
"Economia";"Pecuária";"Produção de Origem Animal Ovos de codorna (Mil dúzias)";"Marajó";"Soure";"-";"2013";0
"Economia";"Pecuária";"Produção de Origem Animal Ovos de codorna (Mil dúzias)";"Marajó";"Soure";"-";"2014";0
"Economia";"Pecuária";"Produção de Origem Animal Ovos de codorna (Mil dúzias)";"Marajó";"Soure";"-";"2015";0
"Economia";"Pecuária";"Produção de Origem Animal Ovos de codorna (Mil dúzias)";"Marajó";"Soure";"-";"2016";0
"Economia";"Pecuária";"Produção de Origem Animal Ovos de codorna (Mil dúzias)";"Marajó";"Soure";"-";"2017";0
"Economia";"Pecuária";"Produção de Origem Animal Ovos de codorna (Mil dúzias)";"Marajó";"Soure";"-";"2018";0
"Economia";"Pecuária";"Produção de Origem Animal Ovos de codorna (Mil dúzias)";"Marajó";"Soure";"-";"2019";0
"Economia";"Pecuária";"Produção de Origem Animal Ovos de codorna (Mil dúzias)";"Marajó";"Soure";"-";"2020";0
"Economia";"Pecuária";"Produção de Origem Animal Ovos de codorna (Mil dúzias)";"Marajó";"Soure";"-";"2021";0
"Economia";"Pecuária";"Produção de Origem Animal Ovos de codorna (Mil dúzias)";"Marajó";"Soure";"-";"2022";0
"Economia";"Pecuária";"Produção de Origem Animal Ovos de codorna (Mil dúzias)";"Marajó";"Soure";"-";"2023";0
"Economia";"Pecuária";"Produção de Origem Animal Ovos de codorna (Mil dúzias)";"Tocantins";"Tailândia";"-";"2008";0
"Economia";"Pecuária";"Produção de Origem Animal Ovos de codorna (Mil dúzias)";"Tocantins";"Tailândia";"-";"2009";0
"Economia";"Pecuária";"Produção de Origem Animal Ovos de codorna (Mil dúzias)";"Tocantins";"Tailândia";"-";"2010";0
"Economia";"Pecuária";"Produção de Origem Animal Ovos de codorna (Mil dúzias)";"Tocantins";"Tailândia";"-";"2011";0
"Economia";"Pecuária";"Produção de Origem Animal Ovos de codorna (Mil dúzias)";"Tocantins";"Tailândia";"-";"2012";0
"Economia";"Pecuária";"Produção de Origem Animal Ovos de codorna (Mil dúzias)";"Tocantins";"Tailândia";"-";"2013";0
"Economia";"Pecuária";"Produção de Origem Animal Ovos de codorna (Mil dúzias)";"Tocantins";"Tailândia";"-";"2014";0
"Economia";"Pecuária";"Produção de Origem Animal Ovos de codorna (Mil dúzias)";"Tocantins";"Tailândia";"-";"2015";0
"Economia";"Pecuária";"Produção de Origem Animal Ovos de codorna (Mil dúzias)";"Tocantins";"Tailândia";"-";"2016";0
"Economia";"Pecuária";"Produção de Origem Animal Ovos de codorna (Mil dúzias)";"Tocantins";"Tailândia";"-";"2017";0
"Economia";"Pecuária";"Produção de Origem Animal Ovos de codorna (Mil dúzias)";"Tocantins";"Tailândia";"-";"2018";0
"Economia";"Pecuária";"Produção de Origem Animal Ovos de codorna (Mil dúzias)";"Tocantins";"Tailândia";"-";"2019";0
"Economia";"Pecuária";"Produção de Origem Animal Ovos de codorna (Mil dúzias)";"Tocantins";"Tailândia";"-";"2020";0
"Economia";"Pecuária";"Produção de Origem Animal Ovos de codorna (Mil dúzias)";"Tocantins";"Tailândia";"-";"2021";0
"Economia";"Pecuária";"Produção de Origem Animal Ovos de codorna (Mil dúzias)";"Tocantins";"Tailândia";"-";"2022";0
"Economia";"Pecuária";"Produção de Origem Animal Ovos de codorna (Mil dúzias)";"Tocantins";"Tailândia";"-";"2023";0
"Economia";"Pecuária";"Produção de Origem Animal Ovos de codorna (Mil dúzias)";"Guamá";"Terra Alta";"-";"2008";0
"Economia";"Pecuária";"Produção de Origem Animal Ovos de codorna (Mil dúzias)";"Guamá";"Terra Alta";"-";"2009";0
"Economia";"Pecuária";"Produção de Origem Animal Ovos de codorna (Mil dúzias)";"Guamá";"Terra Alta";"-";"2010";0
"Economia";"Pecuária";"Produção de Origem Animal Ovos de codorna (Mil dúzias)";"Guamá";"Terra Alta";"-";"2011";0
"Economia";"Pecuária";"Produção de Origem Animal Ovos de codorna (Mil dúzias)";"Guamá";"Terra Alta";"-";"2012";0
"Economia";"Pecuária";"Produção de Origem Animal Ovos de codorna (Mil dúzias)";"Guamá";"Terra Alta";"-";"2013";0
"Economia";"Pecuária";"Produção de Origem Animal Ovos de codorna (Mil dúzias)";"Guamá";"Terra Alta";"-";"2014";0
"Economia";"Pecuária";"Produção de Origem Animal Ovos de codorna (Mil dúzias)";"Guamá";"Terra Alta";"-";"2015";0
"Economia";"Pecuária";"Produção de Origem Animal Ovos de codorna (Mil dúzias)";"Guamá";"Terra Alta";"-";"2016";0
"Economia";"Pecuária";"Produção de Origem Animal Ovos de codorna (Mil dúzias)";"Guamá";"Terra Alta";"-";"2017";0
"Economia";"Pecuária";"Produção de Origem Animal Ovos de codorna (Mil dúzias)";"Guamá";"Terra Alta";"-";"2018";0
"Economia";"Pecuária";"Produção de Origem Animal Ovos de codorna (Mil dúzias)";"Guamá";"Terra Alta";"-";"2019";0
"Economia";"Pecuária";"Produção de Origem Animal Ovos de codorna (Mil dúzias)";"Guamá";"Terra Alta";"-";"2020";0
"Economia";"Pecuária";"Produção de Origem Animal Ovos de codorna (Mil dúzias)";"Guamá";"Terra Alta";"-";"2021";0
"Economia";"Pecuária";"Produção de Origem Animal Ovos de codorna (Mil dúzias)";"Guamá";"Terra Alta";"-";"2022";0
"Economia";"Pecuária";"Produção de Origem Animal Ovos de codorna (Mil dúzias)";"Guamá";"Terra Alta";"-";"2023";0
"Economia";"Pecuária";"Produção de Origem Animal Ovos de codorna (Mil dúzias)";"Baixo Amazonas";"Terra Santa";"-";"2008";0
"Economia";"Pecuária";"Produção de Origem Animal Ovos de codorna (Mil dúzias)";"Baixo Amazonas";"Terra Santa";"-";"2009";0
"Economia";"Pecuária";"Produção de Origem Animal Ovos de codorna (Mil dúzias)";"Baixo Amazonas";"Terra Santa";"-";"2010";0
"Economia";"Pecuária";"Produção de Origem Animal Ovos de codorna (Mil dúzias)";"Baixo Amazonas";"Terra Santa";"-";"2011";0
"Economia";"Pecuária";"Produção de Origem Animal Ovos de codorna (Mil dúzias)";"Baixo Amazonas";"Terra Santa";"-";"2012";0
"Economia";"Pecuária";"Produção de Origem Animal Ovos de codorna (Mil dúzias)";"Baixo Amazonas";"Terra Santa";"-";"2013";0
"Economia";"Pecuária";"Produção de Origem Animal Ovos de codorna (Mil dúzias)";"Baixo Amazonas";"Terra Santa";"-";"2014";0
"Economia";"Pecuária";"Produção de Origem Animal Ovos de codorna (Mil dúzias)";"Baixo Amazonas";"Terra Santa";"-";"2015";0
"Economia";"Pecuária";"Produção de Origem Animal Ovos de codorna (Mil dúzias)";"Baixo Amazonas";"Terra Santa";"-";"2016";0
"Economia";"Pecuária";"Produção de Origem Animal Ovos de codorna (Mil dúzias)";"Baixo Amazonas";"Terra Santa";"-";"2017";0
"Economia";"Pecuária";"Produção de Origem Animal Ovos de codorna (Mil dúzias)";"Baixo Amazonas";"Terra Santa";"-";"2018";0
"Economia";"Pecuária";"Produção de Origem Animal Ovos de codorna (Mil dúzias)";"Baixo Amazonas";"Terra Santa";"-";"2019";0
"Economia";"Pecuária";"Produção de Origem Animal Ovos de codorna (Mil dúzias)";"Baixo Amazonas";"Terra Santa";"-";"2020";0
"Economia";"Pecuária";"Produção de Origem Animal Ovos de codorna (Mil dúzias)";"Baixo Amazonas";"Terra Santa";"-";"2021";0
"Economia";"Pecuária";"Produção de Origem Animal Ovos de codorna (Mil dúzias)";"Baixo Amazonas";"Terra Santa";"-";"2022";0
"Economia";"Pecuária";"Produção de Origem Animal Ovos de codorna (Mil dúzias)";"Baixo Amazonas";"Terra Santa";"-";"2023";0
"Economia";"Pecuária";"Produção de Origem Animal Ovos de codorna (Mil dúzias)";"Rio Capim";"Tomé-Açu";"-";"2008";0
"Economia";"Pecuária";"Produção de Origem Animal Ovos de codorna (Mil dúzias)";"Rio Capim";"Tomé-Açu";"-";"2009";0
"Economia";"Pecuária";"Produção de Origem Animal Ovos de codorna (Mil dúzias)";"Rio Capim";"Tomé-Açu";"-";"2010";0
"Economia";"Pecuária";"Produção de Origem Animal Ovos de codorna (Mil dúzias)";"Rio Capim";"Tomé-Açu";"-";"2011";0
"Economia";"Pecuária";"Produção de Origem Animal Ovos de codorna (Mil dúzias)";"Rio Capim";"Tomé-Açu";"-";"2012";0
"Economia";"Pecuária";"Produção de Origem Animal Ovos de codorna (Mil dúzias)";"Rio Capim";"Tomé-Açu";"-";"2013";0
"Economia";"Pecuária";"Produção de Origem Animal Ovos de codorna (Mil dúzias)";"Rio Capim";"Tomé-Açu";"-";"2014";0
"Economia";"Pecuária";"Produção de Origem Animal Ovos de codorna (Mil dúzias)";"Rio Capim";"Tomé-Açu";"-";"2015";0
"Economia";"Pecuária";"Produção de Origem Animal Ovos de codorna (Mil dúzias)";"Rio Capim";"Tomé-Açu";"-";"2016";0
"Economia";"Pecuária";"Produção de Origem Animal Ovos de codorna (Mil dúzias)";"Rio Capim";"Tomé-Açu";"-";"2017";0
"Economia";"Pecuária";"Produção de Origem Animal Ovos de codorna (Mil dúzias)";"Rio Capim";"Tomé-Açu";"-";"2018";0
"Economia";"Pecuária";"Produção de Origem Animal Ovos de codorna (Mil dúzias)";"Rio Capim";"Tomé-Açu";"-";"2019";0
"Economia";"Pecuária";"Produção de Origem Animal Ovos de codorna (Mil dúzias)";"Rio Capim";"Tomé-Açu";"-";"2020";0
"Economia";"Pecuária";"Produção de Origem Animal Ovos de codorna (Mil dúzias)";"Rio Capim";"Tomé-Açu";"-";"2021";0
"Economia";"Pecuária";"Produção de Origem Animal Ovos de codorna (Mil dúzias)";"Rio Capim";"Tomé-Açu";"-";"2022";0
"Economia";"Pecuária";"Produção de Origem Animal Ovos de codorna (Mil dúzias)";"Rio Capim";"Tomé-Açu";"-";"2023";0
"Economia";"Pecuária";"Produção de Origem Animal Ovos de codorna (Mil dúzias)";"Rio Caeté";"Tracuateua";"-";"2008";0
"Economia";"Pecuária";"Produção de Origem Animal Ovos de codorna (Mil dúzias)";"Rio Caeté";"Tracuateua";"-";"2009";0
"Economia";"Pecuária";"Produção de Origem Animal Ovos de codorna (Mil dúzias)";"Rio Caeté";"Tracuateua";"-";"2010";0
"Economia";"Pecuária";"Produção de Origem Animal Ovos de codorna (Mil dúzias)";"Rio Caeté";"Tracuateua";"-";"2011";0
"Economia";"Pecuária";"Produção de Origem Animal Ovos de codorna (Mil dúzias)";"Rio Caeté";"Tracuateua";"-";"2012";0
"Economia";"Pecuária";"Produção de Origem Animal Ovos de codorna (Mil dúzias)";"Rio Caeté";"Tracuateua";"-";"2013";0
"Economia";"Pecuária";"Produção de Origem Animal Ovos de codorna (Mil dúzias)";"Rio Caeté";"Tracuateua";"-";"2014";0
"Economia";"Pecuária";"Produção de Origem Animal Ovos de codorna (Mil dúzias)";"Rio Caeté";"Tracuateua";"-";"2015";0
"Economia";"Pecuária";"Produção de Origem Animal Ovos de codorna (Mil dúzias)";"Rio Caeté";"Tracuateua";"-";"2016";0
"Economia";"Pecuária";"Produção de Origem Animal Ovos de codorna (Mil dúzias)";"Rio Caeté";"Tracuateua";"-";"2017";0
"Economia";"Pecuária";"Produção de Origem Animal Ovos de codorna (Mil dúzias)";"Rio Caeté";"Tracuateua";"-";"2018";0
"Economia";"Pecuária";"Produção de Origem Animal Ovos de codorna (Mil dúzias)";"Rio Caeté";"Tracuateua";"-";"2019";0
"Economia";"Pecuária";"Produção de Origem Animal Ovos de codorna (Mil dúzias)";"Rio Caeté";"Tracuateua";"-";"2020";0
"Economia";"Pecuária";"Produção de Origem Animal Ovos de codorna (Mil dúzias)";"Rio Caeté";"Tracuateua";"-";"2021";0
"Economia";"Pecuária";"Produção de Origem Animal Ovos de codorna (Mil dúzias)";"Rio Caeté";"Tracuateua";"-";"2022";0
"Economia";"Pecuária";"Produção de Origem Animal Ovos de codorna (Mil dúzias)";"Rio Caeté";"Tracuateua";"-";"2023";0
"Economia";"Pecuária";"Produção de Origem Animal Ovos de codorna (Mil dúzias)";"Tapajós";"Trairão";"-";"2008";0
"Economia";"Pecuária";"Produção de Origem Animal Ovos de codorna (Mil dúzias)";"Tapajós";"Trairão";"-";"2009";0
"Economia";"Pecuária";"Produção de Origem Animal Ovos de codorna (Mil dúzias)";"Tapajós";"Trairão";"-";"2010";0
"Economia";"Pecuária";"Produção de Origem Animal Ovos de codorna (Mil dúzias)";"Tapajós";"Trairão";"-";"2011";0
"Economia";"Pecuária";"Produção de Origem Animal Ovos de codorna (Mil dúzias)";"Tapajós";"Trairão";"-";"2012";0
"Economia";"Pecuária";"Produção de Origem Animal Ovos de codorna (Mil dúzias)";"Tapajós";"Trairão";"-";"2013";0
"Economia";"Pecuária";"Produção de Origem Animal Ovos de codorna (Mil dúzias)";"Tapajós";"Trairão";"-";"2014";0
"Economia";"Pecuária";"Produção de Origem Animal Ovos de codorna (Mil dúzias)";"Tapajós";"Trairão";"-";"2015";0
"Economia";"Pecuária";"Produção de Origem Animal Ovos de codorna (Mil dúzias)";"Tapajós";"Trairão";"-";"2016";0
"Economia";"Pecuária";"Produção de Origem Animal Ovos de codorna (Mil dúzias)";"Tapajós";"Trairão";"-";"2017";0
"Economia";"Pecuária";"Produção de Origem Animal Ovos de codorna (Mil dúzias)";"Tapajós";"Trairão";"-";"2018";0
"Economia";"Pecuária";"Produção de Origem Animal Ovos de codorna (Mil dúzias)";"Tapajós";"Trairão";"-";"2019";0
"Economia";"Pecuária";"Produção de Origem Animal Ovos de codorna (Mil dúzias)";"Tapajós";"Trairão";"-";"2020";0
"Economia";"Pecuária";"Produção de Origem Animal Ovos de codorna (Mil dúzias)";"Tapajós";"Trairão";"-";"2021";0
"Economia";"Pecuária";"Produção de Origem Animal Ovos de codorna (Mil dúzias)";"Tapajós";"Trairão";"-";"2022";0
"Economia";"Pecuária";"Produção de Origem Animal Ovos de codorna (Mil dúzias)";"Tapajós";"Trairão";"-";"2023";0
"Economia";"Pecuária";"Produção de Origem Animal Ovos de codorna (Mil dúzias)";"Araguaia";"Tucumã";"-";"2008";0
"Economia";"Pecuária";"Produção de Origem Animal Ovos de codorna (Mil dúzias)";"Araguaia";"Tucumã";"-";"2009";0
"Economia";"Pecuária";"Produção de Origem Animal Ovos de codorna (Mil dúzias)";"Araguaia";"Tucumã";"-";"2010";0
"Economia";"Pecuária";"Produção de Origem Animal Ovos de codorna (Mil dúzias)";"Araguaia";"Tucumã";"-";"2011";0
"Economia";"Pecuária";"Produção de Origem Animal Ovos de codorna (Mil dúzias)";"Araguaia";"Tucumã";"-";"2012";0
"Economia";"Pecuária";"Produção de Origem Animal Ovos de codorna (Mil dúzias)";"Araguaia";"Tucumã";"-";"2013";0
"Economia";"Pecuária";"Produção de Origem Animal Ovos de codorna (Mil dúzias)";"Araguaia";"Tucumã";"-";"2014";0
"Economia";"Pecuária";"Produção de Origem Animal Ovos de codorna (Mil dúzias)";"Araguaia";"Tucumã";"-";"2015";0
"Economia";"Pecuária";"Produção de Origem Animal Ovos de codorna (Mil dúzias)";"Araguaia";"Tucumã";"-";"2016";0
"Economia";"Pecuária";"Produção de Origem Animal Ovos de codorna (Mil dúzias)";"Araguaia";"Tucumã";"-";"2017";0
"Economia";"Pecuária";"Produção de Origem Animal Ovos de codorna (Mil dúzias)";"Araguaia";"Tucumã";"-";"2018";0
"Economia";"Pecuária";"Produção de Origem Animal Ovos de codorna (Mil dúzias)";"Araguaia";"Tucumã";"-";"2019";0
"Economia";"Pecuária";"Produção de Origem Animal Ovos de codorna (Mil dúzias)";"Araguaia";"Tucumã";"-";"2020";0
"Economia";"Pecuária";"Produção de Origem Animal Ovos de codorna (Mil dúzias)";"Araguaia";"Tucumã";"-";"2021";0
"Economia";"Pecuária";"Produção de Origem Animal Ovos de codorna (Mil dúzias)";"Araguaia";"Tucumã";"-";"2022";0
"Economia";"Pecuária";"Produção de Origem Animal Ovos de codorna (Mil dúzias)";"Araguaia";"Tucumã";"-";"2023";0
"Economia";"Pecuária";"Produção de Origem Animal Ovos de codorna (Mil dúzias)";"Lago de Tucuruí";"Tucuruí";"-";"2008";7
"Economia";"Pecuária";"Produção de Origem Animal Ovos de codorna (Mil dúzias)";"Lago de Tucuruí";"Tucuruí";"-";"2009";7
"Economia";"Pecuária";"Produção de Origem Animal Ovos de codorna (Mil dúzias)";"Lago de Tucuruí";"Tucuruí";"-";"2010";8
"Economia";"Pecuária";"Produção de Origem Animal Ovos de codorna (Mil dúzias)";"Lago de Tucuruí";"Tucuruí";"-";"2011";8
"Economia";"Pecuária";"Produção de Origem Animal Ovos de codorna (Mil dúzias)";"Lago de Tucuruí";"Tucuruí";"-";"2012";6
"Economia";"Pecuária";"Produção de Origem Animal Ovos de codorna (Mil dúzias)";"Lago de Tucuruí";"Tucuruí";"-";"2013";7
"Economia";"Pecuária";"Produção de Origem Animal Ovos de codorna (Mil dúzias)";"Lago de Tucuruí";"Tucuruí";"-";"2014";7
"Economia";"Pecuária";"Produção de Origem Animal Ovos de codorna (Mil dúzias)";"Lago de Tucuruí";"Tucuruí";"-";"2015";5
"Economia";"Pecuária";"Produção de Origem Animal Ovos de codorna (Mil dúzias)";"Lago de Tucuruí";"Tucuruí";"-";"2016";5
"Economia";"Pecuária";"Produção de Origem Animal Ovos de codorna (Mil dúzias)";"Lago de Tucuruí";"Tucuruí";"-";"2017";0
"Economia";"Pecuária";"Produção de Origem Animal Ovos de codorna (Mil dúzias)";"Lago de Tucuruí";"Tucuruí";"-";"2018";0
"Economia";"Pecuária";"Produção de Origem Animal Ovos de codorna (Mil dúzias)";"Lago de Tucuruí";"Tucuruí";"-";"2019";0
"Economia";"Pecuária";"Produção de Origem Animal Ovos de codorna (Mil dúzias)";"Lago de Tucuruí";"Tucuruí";"-";"2020";0
"Economia";"Pecuária";"Produção de Origem Animal Ovos de codorna (Mil dúzias)";"Lago de Tucuruí";"Tucuruí";"-";"2021";0
"Economia";"Pecuária";"Produção de Origem Animal Ovos de codorna (Mil dúzias)";"Lago de Tucuruí";"Tucuruí";"-";"2022";0
"Economia";"Pecuária";"Produção de Origem Animal Ovos de codorna (Mil dúzias)";"Lago de Tucuruí";"Tucuruí";"-";"2023";0
"Economia";"Pecuária";"Produção de Origem Animal Ovos de codorna (Mil dúzias)";"Rio Capim";"Ulianópolis";"-";"2008";0
"Economia";"Pecuária";"Produção de Origem Animal Ovos de codorna (Mil dúzias)";"Rio Capim";"Ulianópolis";"-";"2009";0
"Economia";"Pecuária";"Produção de Origem Animal Ovos de codorna (Mil dúzias)";"Rio Capim";"Ulianópolis";"-";"2010";0
"Economia";"Pecuária";"Produção de Origem Animal Ovos de codorna (Mil dúzias)";"Rio Capim";"Ulianópolis";"-";"2011";0
"Economia";"Pecuária";"Produção de Origem Animal Ovos de codorna (Mil dúzias)";"Rio Capim";"Ulianópolis";"-";"2012";0
"Economia";"Pecuária";"Produção de Origem Animal Ovos de codorna (Mil dúzias)";"Rio Capim";"Ulianópolis";"-";"2013";0
"Economia";"Pecuária";"Produção de Origem Animal Ovos de codorna (Mil dúzias)";"Rio Capim";"Ulianópolis";"-";"2014";0
"Economia";"Pecuária";"Produção de Origem Animal Ovos de codorna (Mil dúzias)";"Rio Capim";"Ulianópolis";"-";"2015";0
"Economia";"Pecuária";"Produção de Origem Animal Ovos de codorna (Mil dúzias)";"Rio Capim";"Ulianópolis";"-";"2016";0
"Economia";"Pecuária";"Produção de Origem Animal Ovos de codorna (Mil dúzias)";"Rio Capim";"Ulianópolis";"-";"2017";0
"Economia";"Pecuária";"Produção de Origem Animal Ovos de codorna (Mil dúzias)";"Rio Capim";"Ulianópolis";"-";"2018";0
"Economia";"Pecuária";"Produção de Origem Animal Ovos de codorna (Mil dúzias)";"Rio Capim";"Ulianópolis";"-";"2019";0
"Economia";"Pecuária";"Produção de Origem Animal Ovos de codorna (Mil dúzias)";"Rio Capim";"Ulianópolis";"-";"2020";0
"Economia";"Pecuária";"Produção de Origem Animal Ovos de codorna (Mil dúzias)";"Rio Capim";"Ulianópolis";"-";"2021";0
"Economia";"Pecuária";"Produção de Origem Animal Ovos de codorna (Mil dúzias)";"Rio Capim";"Ulianópolis";"-";"2022";0
"Economia";"Pecuária";"Produção de Origem Animal Ovos de codorna (Mil dúzias)";"Rio Capim";"Ulianópolis";"-";"2023";0
"Economia";"Pecuária";"Produção de Origem Animal Ovos de codorna (Mil dúzias)";"Xingu";"Uruará";"-";"2008";1
"Economia";"Pecuária";"Produção de Origem Animal Ovos de codorna (Mil dúzias)";"Xingu";"Uruará";"-";"2009";1
"Economia";"Pecuária";"Produção de Origem Animal Ovos de codorna (Mil dúzias)";"Xingu";"Uruará";"-";"2010";1
"Economia";"Pecuária";"Produção de Origem Animal Ovos de codorna (Mil dúzias)";"Xingu";"Uruará";"-";"2011";1
"Economia";"Pecuária";"Produção de Origem Animal Ovos de codorna (Mil dúzias)";"Xingu";"Uruará";"-";"2012";1
"Economia";"Pecuária";"Produção de Origem Animal Ovos de codorna (Mil dúzias)";"Xingu";"Uruará";"-";"2013";2
"Economia";"Pecuária";"Produção de Origem Animal Ovos de codorna (Mil dúzias)";"Xingu";"Uruará";"-";"2014";2
"Economia";"Pecuária";"Produção de Origem Animal Ovos de codorna (Mil dúzias)";"Xingu";"Uruará";"-";"2015";2
"Economia";"Pecuária";"Produção de Origem Animal Ovos de codorna (Mil dúzias)";"Xingu";"Uruará";"-";"2016";2
"Economia";"Pecuária";"Produção de Origem Animal Ovos de codorna (Mil dúzias)";"Xingu";"Uruará";"-";"2017";2
"Economia";"Pecuária";"Produção de Origem Animal Ovos de codorna (Mil dúzias)";"Xingu";"Uruará";"-";"2018";2
"Economia";"Pecuária";"Produção de Origem Animal Ovos de codorna (Mil dúzias)";"Xingu";"Uruará";"-";"2019";2
"Economia";"Pecuária";"Produção de Origem Animal Ovos de codorna (Mil dúzias)";"Xingu";"Uruará";"-";"2020";2
"Economia";"Pecuária";"Produção de Origem Animal Ovos de codorna (Mil dúzias)";"Xingu";"Uruará";"-";"2021";0
"Economia";"Pecuária";"Produção de Origem Animal Ovos de codorna (Mil dúzias)";"Xingu";"Uruará";"-";"2022";0
"Economia";"Pecuária";"Produção de Origem Animal Ovos de codorna (Mil dúzias)";"Xingu";"Uruará";"-";"2023";0
"Economia";"Pecuária";"Produção de Origem Animal Ovos de codorna (Mil dúzias)";"Guamá";"Vigia";"-";"2008";0
"Economia";"Pecuária";"Produção de Origem Animal Ovos de codorna (Mil dúzias)";"Guamá";"Vigia";"-";"2009";0
"Economia";"Pecuária";"Produção de Origem Animal Ovos de codorna (Mil dúzias)";"Guamá";"Vigia";"-";"2010";0
"Economia";"Pecuária";"Produção de Origem Animal Ovos de codorna (Mil dúzias)";"Guamá";"Vigia";"-";"2011";0
"Economia";"Pecuária";"Produção de Origem Animal Ovos de codorna (Mil dúzias)";"Guamá";"Vigia";"-";"2012";0
"Economia";"Pecuária";"Produção de Origem Animal Ovos de codorna (Mil dúzias)";"Guamá";"Vigia";"-";"2013";0
"Economia";"Pecuária";"Produção de Origem Animal Ovos de codorna (Mil dúzias)";"Guamá";"Vigia";"-";"2014";0
"Economia";"Pecuária";"Produção de Origem Animal Ovos de codorna (Mil dúzias)";"Guamá";"Vigia";"-";"2015";0
"Economia";"Pecuária";"Produção de Origem Animal Ovos de codorna (Mil dúzias)";"Guamá";"Vigia";"-";"2016";0
"Economia";"Pecuária";"Produção de Origem Animal Ovos de codorna (Mil dúzias)";"Guamá";"Vigia";"-";"2017";0
"Economia";"Pecuária";"Produção de Origem Animal Ovos de codorna (Mil dúzias)";"Guamá";"Vigia";"-";"2018";0
"Economia";"Pecuária";"Produção de Origem Animal Ovos de codorna (Mil dúzias)";"Guamá";"Vigia";"-";"2019";0
"Economia";"Pecuária";"Produção de Origem Animal Ovos de codorna (Mil dúzias)";"Guamá";"Vigia";"-";"2020";0
"Economia";"Pecuária";"Produção de Origem Animal Ovos de codorna (Mil dúzias)";"Guamá";"Vigia";"-";"2021";0
"Economia";"Pecuária";"Produção de Origem Animal Ovos de codorna (Mil dúzias)";"Guamá";"Vigia";"-";"2022";0
"Economia";"Pecuária";"Produção de Origem Animal Ovos de codorna (Mil dúzias)";"Guamá";"Vigia";"-";"2023";0
"Economia";"Pecuária";"Produção de Origem Animal Ovos de codorna (Mil dúzias)";"Rio Caeté";"Viseu";"-";"2008";0
"Economia";"Pecuária";"Produção de Origem Animal Ovos de codorna (Mil dúzias)";"Rio Caeté";"Viseu";"-";"2009";0
"Economia";"Pecuária";"Produção de Origem Animal Ovos de codorna (Mil dúzias)";"Rio Caeté";"Viseu";"-";"2010";0
"Economia";"Pecuária";"Produção de Origem Animal Ovos de codorna (Mil dúzias)";"Rio Caeté";"Viseu";"-";"2011";0
"Economia";"Pecuária";"Produção de Origem Animal Ovos de codorna (Mil dúzias)";"Rio Caeté";"Viseu";"-";"2012";0
"Economia";"Pecuária";"Produção de Origem Animal Ovos de codorna (Mil dúzias)";"Rio Caeté";"Viseu";"-";"2013";0
"Economia";"Pecuária";"Produção de Origem Animal Ovos de codorna (Mil dúzias)";"Rio Caeté";"Viseu";"-";"2014";0
"Economia";"Pecuária";"Produção de Origem Animal Ovos de codorna (Mil dúzias)";"Rio Caeté";"Viseu";"-";"2015";0
"Economia";"Pecuária";"Produção de Origem Animal Ovos de codorna (Mil dúzias)";"Rio Caeté";"Viseu";"-";"2016";0
"Economia";"Pecuária";"Produção de Origem Animal Ovos de codorna (Mil dúzias)";"Rio Caeté";"Viseu";"-";"2017";0
"Economia";"Pecuária";"Produção de Origem Animal Ovos de codorna (Mil dúzias)";"Rio Caeté";"Viseu";"-";"2018";0
"Economia";"Pecuária";"Produção de Origem Animal Ovos de codorna (Mil dúzias)";"Rio Caeté";"Viseu";"-";"2019";0
"Economia";"Pecuária";"Produção de Origem Animal Ovos de codorna (Mil dúzias)";"Rio Caeté";"Viseu";"-";"2020";0
"Economia";"Pecuária";"Produção de Origem Animal Ovos de codorna (Mil dúzias)";"Rio Caeté";"Viseu";"-";"2021";0
"Economia";"Pecuária";"Produção de Origem Animal Ovos de codorna (Mil dúzias)";"Rio Caeté";"Viseu";"-";"2022";0
"Economia";"Pecuária";"Produção de Origem Animal Ovos de codorna (Mil dúzias)";"Rio Caeté";"Viseu";"-";"2023";0
"Economia";"Pecuária";"Produção de Origem Animal Ovos de codorna (Mil dúzias)";"Xingu";"Vitória do Xingu";"-";"2008";0
"Economia";"Pecuária";"Produção de Origem Animal Ovos de codorna (Mil dúzias)";"Xingu";"Vitória do Xingu";"-";"2009";0
"Economia";"Pecuária";"Produção de Origem Animal Ovos de codorna (Mil dúzias)";"Xingu";"Vitória do Xingu";"-";"2010";0
"Economia";"Pecuária";"Produção de Origem Animal Ovos de codorna (Mil dúzias)";"Xingu";"Vitória do Xingu";"-";"2011";0
"Economia";"Pecuária";"Produção de Origem Animal Ovos de codorna (Mil dúzias)";"Xingu";"Vitória do Xingu";"-";"2012";0
"Economia";"Pecuária";"Produção de Origem Animal Ovos de codorna (Mil dúzias)";"Xingu";"Vitória do Xingu";"-";"2013";0
"Economia";"Pecuária";"Produção de Origem Animal Ovos de codorna (Mil dúzias)";"Xingu";"Vitória do Xingu";"-";"2014";0
"Economia";"Pecuária";"Produção de Origem Animal Ovos de codorna (Mil dúzias)";"Xingu";"Vitória do Xingu";"-";"2015";0
"Economia";"Pecuária";"Produção de Origem Animal Ovos de codorna (Mil dúzias)";"Xingu";"Vitória do Xingu";"-";"2016";0
"Economia";"Pecuária";"Produção de Origem Animal Ovos de codorna (Mil dúzias)";"Xingu";"Vitória do Xingu";"-";"2017";0
"Economia";"Pecuária";"Produção de Origem Animal Ovos de codorna (Mil dúzias)";"Xingu";"Vitória do Xingu";"-";"2018";0
"Economia";"Pecuária";"Produção de Origem Animal Ovos de codorna (Mil dúzias)";"Xingu";"Vitória do Xingu";"-";"2019";0
"Economia";"Pecuária";"Produção de Origem Animal Ovos de codorna (Mil dúzias)";"Xingu";"Vitória do Xingu";"-";"2020";0
"Economia";"Pecuária";"Produção de Origem Animal Ovos de codorna (Mil dúzias)";"Xingu";"Vitória do Xingu";"-";"2021";0
"Economia";"Pecuária";"Produção de Origem Animal Ovos de codorna (Mil dúzias)";"Xingu";"Vitória do Xingu";"-";"2022";0
"Economia";"Pecuária";"Produção de Origem Animal Ovos de codorna (Mil dúzias)";"Xingu";"Vitória do Xingu";"-";"2023";0
"Economia";"Pecuária";"Produção de Origem Animal Ovos de codorna (Mil dúzias)";"Araguaia";"Xinguara";"-";"2008";1
"Economia";"Pecuária";"Produção de Origem Animal Ovos de codorna (Mil dúzias)";"Araguaia";"Xinguara";"-";"2009";0
"Economia";"Pecuária";"Produção de Origem Animal Ovos de codorna (Mil dúzias)";"Araguaia";"Xinguara";"-";"2010";0
"Economia";"Pecuária";"Produção de Origem Animal Ovos de codorna (Mil dúzias)";"Araguaia";"Xinguara";"-";"2011";0
"Economia";"Pecuária";"Produção de Origem Animal Ovos de codorna (Mil dúzias)";"Araguaia";"Xinguara";"-";"2012";0
"Economia";"Pecuária";"Produção de Origem Animal Ovos de codorna (Mil dúzias)";"Araguaia";"Xinguara";"-";"2013";0
"Economia";"Pecuária";"Produção de Origem Animal Ovos de codorna (Mil dúzias)";"Araguaia";"Xinguara";"-";"2014";0
"Economia";"Pecuária";"Produção de Origem Animal Ovos de codorna (Mil dúzias)";"Araguaia";"Xinguara";"-";"2015";0
"Economia";"Pecuária";"Produção de Origem Animal Ovos de codorna (Mil dúzias)";"Araguaia";"Xinguara";"-";"2016";0
"Economia";"Pecuária";"Produção de Origem Animal Ovos de codorna (Mil dúzias)";"Araguaia";"Xinguara";"-";"2017";0
"Economia";"Pecuária";"Produção de Origem Animal Ovos de codorna (Mil dúzias)";"Araguaia";"Xinguara";"-";"2018";0
"Economia";"Pecuária";"Produção de Origem Animal Ovos de codorna (Mil dúzias)";"Araguaia";"Xinguara";"-";"2019";0
"Economia";"Pecuária";"Produção de Origem Animal Ovos de codorna (Mil dúzias)";"Araguaia";"Xinguara";"-";"2020";0
"Economia";"Pecuária";"Produção de Origem Animal Ovos de codorna (Mil dúzias)";"Araguaia";"Xinguara";"-";"2021";0
"Economia";"Pecuária";"Produção de Origem Animal Ovos de codorna (Mil dúzias)";"Araguaia";"Xinguara";"-";"2022";0
"Economia";"Pecuária";"Produção de Origem Animal Ovos de codorna (Mil dúzias)";"Araguaia";"Xinguara";"-";"2023";0
