"tematica";"subtema";"indicador";"ri";"localidade";"categoria";"ano";"valor"
"Economia";"Pecuária";"Efetivo de Rebanho Suínos (Matrizes)";"Pará";"Pará";"-";"2011";0
"Economia";"Pecuária";"Efetivo de Rebanho Suínos (Matrizes)";"Pará";"Pará";"-";"2012";0
"Economia";"Pecuária";"Efetivo de Rebanho Suínos (Matrizes)";"Pará";"Pará";"-";"2013";152477
"Economia";"Pecuária";"Efetivo de Rebanho Suínos (Matrizes)";"Pará";"Pará";"-";"2014";153273
"Economia";"Pecuária";"Efetivo de Rebanho Suínos (Matrizes)";"Pará";"Pará";"-";"2015";148650
"Economia";"Pecuária";"Efetivo de Rebanho Suínos (Matrizes)";"Pará";"Pará";"-";"2016";165545
"Economia";"Pecuária";"Efetivo de Rebanho Suínos (Matrizes)";"Pará";"Pará";"-";"2017";164529
"Economia";"Pecuária";"Efetivo de Rebanho Suínos (Matrizes)";"Pará";"Pará";"-";"2018";160478
"Economia";"Pecuária";"Efetivo de Rebanho Suínos (Matrizes)";"Pará";"Pará";"-";"2019";164625
"Economia";"Pecuária";"Efetivo de Rebanho Suínos (Matrizes)";"Pará";"Pará";"-";"2020";154074
"Economia";"Pecuária";"Efetivo de Rebanho Suínos (Matrizes)";"Pará";"Pará";"-";"2021";130778
"Economia";"Pecuária";"Efetivo de Rebanho Suínos (Matrizes)";"Pará";"Pará";"-";"2022";130503
"Economia";"Pecuária";"Efetivo de Rebanho Suínos (Matrizes)";"Pará";"Pará";"-";"2023";112933
"Economia";"Pecuária";"Efetivo de Rebanho Suínos (Matrizes)";"Tocantins";"Abaetetuba";"-";"2011";0
"Economia";"Pecuária";"Efetivo de Rebanho Suínos (Matrizes)";"Tocantins";"Abaetetuba";"-";"2012";0
"Economia";"Pecuária";"Efetivo de Rebanho Suínos (Matrizes)";"Tocantins";"Abaetetuba";"-";"2013";3880
"Economia";"Pecuária";"Efetivo de Rebanho Suínos (Matrizes)";"Tocantins";"Abaetetuba";"-";"2014";3900
"Economia";"Pecuária";"Efetivo de Rebanho Suínos (Matrizes)";"Tocantins";"Abaetetuba";"-";"2015";3980
"Economia";"Pecuária";"Efetivo de Rebanho Suínos (Matrizes)";"Tocantins";"Abaetetuba";"-";"2016";3700
"Economia";"Pecuária";"Efetivo de Rebanho Suínos (Matrizes)";"Tocantins";"Abaetetuba";"-";"2017";3067
"Economia";"Pecuária";"Efetivo de Rebanho Suínos (Matrizes)";"Tocantins";"Abaetetuba";"-";"2018";2980
"Economia";"Pecuária";"Efetivo de Rebanho Suínos (Matrizes)";"Tocantins";"Abaetetuba";"-";"2019";3000
"Economia";"Pecuária";"Efetivo de Rebanho Suínos (Matrizes)";"Tocantins";"Abaetetuba";"-";"2020";2900
"Economia";"Pecuária";"Efetivo de Rebanho Suínos (Matrizes)";"Tocantins";"Abaetetuba";"-";"2021";3000
"Economia";"Pecuária";"Efetivo de Rebanho Suínos (Matrizes)";"Tocantins";"Abaetetuba";"-";"2022";3100
"Economia";"Pecuária";"Efetivo de Rebanho Suínos (Matrizes)";"Tocantins";"Abaetetuba";"-";"2023";3300
"Economia";"Pecuária";"Efetivo de Rebanho Suínos (Matrizes)";"Rio Capim";"Abel Figueiredo";"-";"2011";0
"Economia";"Pecuária";"Efetivo de Rebanho Suínos (Matrizes)";"Rio Capim";"Abel Figueiredo";"-";"2012";0
"Economia";"Pecuária";"Efetivo de Rebanho Suínos (Matrizes)";"Rio Capim";"Abel Figueiredo";"-";"2013";1250
"Economia";"Pecuária";"Efetivo de Rebanho Suínos (Matrizes)";"Rio Capim";"Abel Figueiredo";"-";"2014";1300
"Economia";"Pecuária";"Efetivo de Rebanho Suínos (Matrizes)";"Rio Capim";"Abel Figueiredo";"-";"2015";1290
"Economia";"Pecuária";"Efetivo de Rebanho Suínos (Matrizes)";"Rio Capim";"Abel Figueiredo";"-";"2016";1355
"Economia";"Pecuária";"Efetivo de Rebanho Suínos (Matrizes)";"Rio Capim";"Abel Figueiredo";"-";"2017";1289
"Economia";"Pecuária";"Efetivo de Rebanho Suínos (Matrizes)";"Rio Capim";"Abel Figueiredo";"-";"2018";1211
"Economia";"Pecuária";"Efetivo de Rebanho Suínos (Matrizes)";"Rio Capim";"Abel Figueiredo";"-";"2019";1307
"Economia";"Pecuária";"Efetivo de Rebanho Suínos (Matrizes)";"Rio Capim";"Abel Figueiredo";"-";"2020";1355
"Economia";"Pecuária";"Efetivo de Rebanho Suínos (Matrizes)";"Rio Capim";"Abel Figueiredo";"-";"2021";900
"Economia";"Pecuária";"Efetivo de Rebanho Suínos (Matrizes)";"Rio Capim";"Abel Figueiredo";"-";"2022";990
"Economia";"Pecuária";"Efetivo de Rebanho Suínos (Matrizes)";"Rio Capim";"Abel Figueiredo";"-";"2023";900
"Economia";"Pecuária";"Efetivo de Rebanho Suínos (Matrizes)";"Tocantins";"Acará";"-";"2011";0
"Economia";"Pecuária";"Efetivo de Rebanho Suínos (Matrizes)";"Tocantins";"Acará";"-";"2012";0
"Economia";"Pecuária";"Efetivo de Rebanho Suínos (Matrizes)";"Tocantins";"Acará";"-";"2013";1800
"Economia";"Pecuária";"Efetivo de Rebanho Suínos (Matrizes)";"Tocantins";"Acará";"-";"2014";1780
"Economia";"Pecuária";"Efetivo de Rebanho Suínos (Matrizes)";"Tocantins";"Acará";"-";"2015";816
"Economia";"Pecuária";"Efetivo de Rebanho Suínos (Matrizes)";"Tocantins";"Acará";"-";"2016";775
"Economia";"Pecuária";"Efetivo de Rebanho Suínos (Matrizes)";"Tocantins";"Acará";"-";"2017";652
"Economia";"Pecuária";"Efetivo de Rebanho Suínos (Matrizes)";"Tocantins";"Acará";"-";"2018";703
"Economia";"Pecuária";"Efetivo de Rebanho Suínos (Matrizes)";"Tocantins";"Acará";"-";"2019";705
"Economia";"Pecuária";"Efetivo de Rebanho Suínos (Matrizes)";"Tocantins";"Acará";"-";"2020";27
"Economia";"Pecuária";"Efetivo de Rebanho Suínos (Matrizes)";"Tocantins";"Acará";"-";"2021";25
"Economia";"Pecuária";"Efetivo de Rebanho Suínos (Matrizes)";"Tocantins";"Acará";"-";"2022";27
"Economia";"Pecuária";"Efetivo de Rebanho Suínos (Matrizes)";"Tocantins";"Acará";"-";"2023";61
"Economia";"Pecuária";"Efetivo de Rebanho Suínos (Matrizes)";"Marajó";"Afuá";"-";"2011";0
"Economia";"Pecuária";"Efetivo de Rebanho Suínos (Matrizes)";"Marajó";"Afuá";"-";"2012";0
"Economia";"Pecuária";"Efetivo de Rebanho Suínos (Matrizes)";"Marajó";"Afuá";"-";"2013";5520
"Economia";"Pecuária";"Efetivo de Rebanho Suínos (Matrizes)";"Marajó";"Afuá";"-";"2014";6023
"Economia";"Pecuária";"Efetivo de Rebanho Suínos (Matrizes)";"Marajó";"Afuá";"-";"2015";3801
"Economia";"Pecuária";"Efetivo de Rebanho Suínos (Matrizes)";"Marajó";"Afuá";"-";"2016";4143
"Economia";"Pecuária";"Efetivo de Rebanho Suínos (Matrizes)";"Marajó";"Afuá";"-";"2017";4050
"Economia";"Pecuária";"Efetivo de Rebanho Suínos (Matrizes)";"Marajó";"Afuá";"-";"2018";4300
"Economia";"Pecuária";"Efetivo de Rebanho Suínos (Matrizes)";"Marajó";"Afuá";"-";"2019";4000
"Economia";"Pecuária";"Efetivo de Rebanho Suínos (Matrizes)";"Marajó";"Afuá";"-";"2020";4216
"Economia";"Pecuária";"Efetivo de Rebanho Suínos (Matrizes)";"Marajó";"Afuá";"-";"2021";3561
"Economia";"Pecuária";"Efetivo de Rebanho Suínos (Matrizes)";"Marajó";"Afuá";"-";"2022";1800
"Economia";"Pecuária";"Efetivo de Rebanho Suínos (Matrizes)";"Marajó";"Afuá";"-";"2023";1698
"Economia";"Pecuária";"Efetivo de Rebanho Suínos (Matrizes)";"Araguaia";"Água Azul do Norte";"-";"2011";0
"Economia";"Pecuária";"Efetivo de Rebanho Suínos (Matrizes)";"Araguaia";"Água Azul do Norte";"-";"2012";0
"Economia";"Pecuária";"Efetivo de Rebanho Suínos (Matrizes)";"Araguaia";"Água Azul do Norte";"-";"2013";2520
"Economia";"Pecuária";"Efetivo de Rebanho Suínos (Matrizes)";"Araguaia";"Água Azul do Norte";"-";"2014";2037
"Economia";"Pecuária";"Efetivo de Rebanho Suínos (Matrizes)";"Araguaia";"Água Azul do Norte";"-";"2015";2444
"Economia";"Pecuária";"Efetivo de Rebanho Suínos (Matrizes)";"Araguaia";"Água Azul do Norte";"-";"2016";1710
"Economia";"Pecuária";"Efetivo de Rebanho Suínos (Matrizes)";"Araguaia";"Água Azul do Norte";"-";"2017";2758
"Economia";"Pecuária";"Efetivo de Rebanho Suínos (Matrizes)";"Araguaia";"Água Azul do Norte";"-";"2018";2789
"Economia";"Pecuária";"Efetivo de Rebanho Suínos (Matrizes)";"Araguaia";"Água Azul do Norte";"-";"2019";3340
"Economia";"Pecuária";"Efetivo de Rebanho Suínos (Matrizes)";"Araguaia";"Água Azul do Norte";"-";"2020";3930
"Economia";"Pecuária";"Efetivo de Rebanho Suínos (Matrizes)";"Araguaia";"Água Azul do Norte";"-";"2021";3980
"Economia";"Pecuária";"Efetivo de Rebanho Suínos (Matrizes)";"Araguaia";"Água Azul do Norte";"-";"2022";4100
"Economia";"Pecuária";"Efetivo de Rebanho Suínos (Matrizes)";"Araguaia";"Água Azul do Norte";"-";"2023";1207
"Economia";"Pecuária";"Efetivo de Rebanho Suínos (Matrizes)";"Baixo Amazonas";"Alenquer";"-";"2011";0
"Economia";"Pecuária";"Efetivo de Rebanho Suínos (Matrizes)";"Baixo Amazonas";"Alenquer";"-";"2012";0
"Economia";"Pecuária";"Efetivo de Rebanho Suínos (Matrizes)";"Baixo Amazonas";"Alenquer";"-";"2013";1802
"Economia";"Pecuária";"Efetivo de Rebanho Suínos (Matrizes)";"Baixo Amazonas";"Alenquer";"-";"2014";1982
"Economia";"Pecuária";"Efetivo de Rebanho Suínos (Matrizes)";"Baixo Amazonas";"Alenquer";"-";"2015";2004
"Economia";"Pecuária";"Efetivo de Rebanho Suínos (Matrizes)";"Baixo Amazonas";"Alenquer";"-";"2016";2046
"Economia";"Pecuária";"Efetivo de Rebanho Suínos (Matrizes)";"Baixo Amazonas";"Alenquer";"-";"2017";2320
"Economia";"Pecuária";"Efetivo de Rebanho Suínos (Matrizes)";"Baixo Amazonas";"Alenquer";"-";"2018";2610
"Economia";"Pecuária";"Efetivo de Rebanho Suínos (Matrizes)";"Baixo Amazonas";"Alenquer";"-";"2019";2532
"Economia";"Pecuária";"Efetivo de Rebanho Suínos (Matrizes)";"Baixo Amazonas";"Alenquer";"-";"2020";2637
"Economia";"Pecuária";"Efetivo de Rebanho Suínos (Matrizes)";"Baixo Amazonas";"Alenquer";"-";"2021";1869
"Economia";"Pecuária";"Efetivo de Rebanho Suínos (Matrizes)";"Baixo Amazonas";"Alenquer";"-";"2022";1816
"Economia";"Pecuária";"Efetivo de Rebanho Suínos (Matrizes)";"Baixo Amazonas";"Alenquer";"-";"2023";1663
"Economia";"Pecuária";"Efetivo de Rebanho Suínos (Matrizes)";"Baixo Amazonas";"Almeirim";"-";"2011";0
"Economia";"Pecuária";"Efetivo de Rebanho Suínos (Matrizes)";"Baixo Amazonas";"Almeirim";"-";"2012";0
"Economia";"Pecuária";"Efetivo de Rebanho Suínos (Matrizes)";"Baixo Amazonas";"Almeirim";"-";"2013";65
"Economia";"Pecuária";"Efetivo de Rebanho Suínos (Matrizes)";"Baixo Amazonas";"Almeirim";"-";"2014";298
"Economia";"Pecuária";"Efetivo de Rebanho Suínos (Matrizes)";"Baixo Amazonas";"Almeirim";"-";"2015";340
"Economia";"Pecuária";"Efetivo de Rebanho Suínos (Matrizes)";"Baixo Amazonas";"Almeirim";"-";"2016";330
"Economia";"Pecuária";"Efetivo de Rebanho Suínos (Matrizes)";"Baixo Amazonas";"Almeirim";"-";"2017";333
"Economia";"Pecuária";"Efetivo de Rebanho Suínos (Matrizes)";"Baixo Amazonas";"Almeirim";"-";"2018";300
"Economia";"Pecuária";"Efetivo de Rebanho Suínos (Matrizes)";"Baixo Amazonas";"Almeirim";"-";"2019";310
"Economia";"Pecuária";"Efetivo de Rebanho Suínos (Matrizes)";"Baixo Amazonas";"Almeirim";"-";"2020";315
"Economia";"Pecuária";"Efetivo de Rebanho Suínos (Matrizes)";"Baixo Amazonas";"Almeirim";"-";"2021";300
"Economia";"Pecuária";"Efetivo de Rebanho Suínos (Matrizes)";"Baixo Amazonas";"Almeirim";"-";"2022";303
"Economia";"Pecuária";"Efetivo de Rebanho Suínos (Matrizes)";"Baixo Amazonas";"Almeirim";"-";"2023";300
"Economia";"Pecuária";"Efetivo de Rebanho Suínos (Matrizes)";"Xingu";"Altamira";"-";"2011";0
"Economia";"Pecuária";"Efetivo de Rebanho Suínos (Matrizes)";"Xingu";"Altamira";"-";"2012";0
"Economia";"Pecuária";"Efetivo de Rebanho Suínos (Matrizes)";"Xingu";"Altamira";"-";"2013";897
"Economia";"Pecuária";"Efetivo de Rebanho Suínos (Matrizes)";"Xingu";"Altamira";"-";"2014";890
"Economia";"Pecuária";"Efetivo de Rebanho Suínos (Matrizes)";"Xingu";"Altamira";"-";"2015";830
"Economia";"Pecuária";"Efetivo de Rebanho Suínos (Matrizes)";"Xingu";"Altamira";"-";"2016";812
"Economia";"Pecuária";"Efetivo de Rebanho Suínos (Matrizes)";"Xingu";"Altamira";"-";"2017";943
"Economia";"Pecuária";"Efetivo de Rebanho Suínos (Matrizes)";"Xingu";"Altamira";"-";"2018";1020
"Economia";"Pecuária";"Efetivo de Rebanho Suínos (Matrizes)";"Xingu";"Altamira";"-";"2019";842
"Economia";"Pecuária";"Efetivo de Rebanho Suínos (Matrizes)";"Xingu";"Altamira";"-";"2020";2050
"Economia";"Pecuária";"Efetivo de Rebanho Suínos (Matrizes)";"Xingu";"Altamira";"-";"2021";1072
"Economia";"Pecuária";"Efetivo de Rebanho Suínos (Matrizes)";"Xingu";"Altamira";"-";"2022";1270
"Economia";"Pecuária";"Efetivo de Rebanho Suínos (Matrizes)";"Xingu";"Altamira";"-";"2023";1367
"Economia";"Pecuária";"Efetivo de Rebanho Suínos (Matrizes)";"Marajó";"Anajás";"-";"2011";0
"Economia";"Pecuária";"Efetivo de Rebanho Suínos (Matrizes)";"Marajó";"Anajás";"-";"2012";0
"Economia";"Pecuária";"Efetivo de Rebanho Suínos (Matrizes)";"Marajó";"Anajás";"-";"2013";2720
"Economia";"Pecuária";"Efetivo de Rebanho Suínos (Matrizes)";"Marajó";"Anajás";"-";"2014";2814
"Economia";"Pecuária";"Efetivo de Rebanho Suínos (Matrizes)";"Marajó";"Anajás";"-";"2015";2910
"Economia";"Pecuária";"Efetivo de Rebanho Suínos (Matrizes)";"Marajó";"Anajás";"-";"2016";3120
"Economia";"Pecuária";"Efetivo de Rebanho Suínos (Matrizes)";"Marajó";"Anajás";"-";"2017";3010
"Economia";"Pecuária";"Efetivo de Rebanho Suínos (Matrizes)";"Marajó";"Anajás";"-";"2018";3110
"Economia";"Pecuária";"Efetivo de Rebanho Suínos (Matrizes)";"Marajó";"Anajás";"-";"2019";3010
"Economia";"Pecuária";"Efetivo de Rebanho Suínos (Matrizes)";"Marajó";"Anajás";"-";"2020";2683
"Economia";"Pecuária";"Efetivo de Rebanho Suínos (Matrizes)";"Marajó";"Anajás";"-";"2021";1925
"Economia";"Pecuária";"Efetivo de Rebanho Suínos (Matrizes)";"Marajó";"Anajás";"-";"2022";1830
"Economia";"Pecuária";"Efetivo de Rebanho Suínos (Matrizes)";"Marajó";"Anajás";"-";"2023";1700
"Economia";"Pecuária";"Efetivo de Rebanho Suínos (Matrizes)";"Guajará";"Ananindeua";"-";"2011";0
"Economia";"Pecuária";"Efetivo de Rebanho Suínos (Matrizes)";"Guajará";"Ananindeua";"-";"2012";0
"Economia";"Pecuária";"Efetivo de Rebanho Suínos (Matrizes)";"Guajará";"Ananindeua";"-";"2013";15
"Economia";"Pecuária";"Efetivo de Rebanho Suínos (Matrizes)";"Guajará";"Ananindeua";"-";"2014";13
"Economia";"Pecuária";"Efetivo de Rebanho Suínos (Matrizes)";"Guajará";"Ananindeua";"-";"2015";50
"Economia";"Pecuária";"Efetivo de Rebanho Suínos (Matrizes)";"Guajará";"Ananindeua";"-";"2016";120
"Economia";"Pecuária";"Efetivo de Rebanho Suínos (Matrizes)";"Guajará";"Ananindeua";"-";"2017";12
"Economia";"Pecuária";"Efetivo de Rebanho Suínos (Matrizes)";"Guajará";"Ananindeua";"-";"2018";20
"Economia";"Pecuária";"Efetivo de Rebanho Suínos (Matrizes)";"Guajará";"Ananindeua";"-";"2019";21
"Economia";"Pecuária";"Efetivo de Rebanho Suínos (Matrizes)";"Guajará";"Ananindeua";"-";"2020";190
"Economia";"Pecuária";"Efetivo de Rebanho Suínos (Matrizes)";"Guajará";"Ananindeua";"-";"2021";170
"Economia";"Pecuária";"Efetivo de Rebanho Suínos (Matrizes)";"Guajará";"Ananindeua";"-";"2022";171
"Economia";"Pecuária";"Efetivo de Rebanho Suínos (Matrizes)";"Guajará";"Ananindeua";"-";"2023";13
"Economia";"Pecuária";"Efetivo de Rebanho Suínos (Matrizes)";"Xingu";"Anapu";"-";"2011";0
"Economia";"Pecuária";"Efetivo de Rebanho Suínos (Matrizes)";"Xingu";"Anapu";"-";"2012";0
"Economia";"Pecuária";"Efetivo de Rebanho Suínos (Matrizes)";"Xingu";"Anapu";"-";"2013";99
"Economia";"Pecuária";"Efetivo de Rebanho Suínos (Matrizes)";"Xingu";"Anapu";"-";"2014";90
"Economia";"Pecuária";"Efetivo de Rebanho Suínos (Matrizes)";"Xingu";"Anapu";"-";"2015";100
"Economia";"Pecuária";"Efetivo de Rebanho Suínos (Matrizes)";"Xingu";"Anapu";"-";"2016";102
"Economia";"Pecuária";"Efetivo de Rebanho Suínos (Matrizes)";"Xingu";"Anapu";"-";"2017";1714
"Economia";"Pecuária";"Efetivo de Rebanho Suínos (Matrizes)";"Xingu";"Anapu";"-";"2018";945
"Economia";"Pecuária";"Efetivo de Rebanho Suínos (Matrizes)";"Xingu";"Anapu";"-";"2019";346
"Economia";"Pecuária";"Efetivo de Rebanho Suínos (Matrizes)";"Xingu";"Anapu";"-";"2020";685
"Economia";"Pecuária";"Efetivo de Rebanho Suínos (Matrizes)";"Xingu";"Anapu";"-";"2021";972
"Economia";"Pecuária";"Efetivo de Rebanho Suínos (Matrizes)";"Xingu";"Anapu";"-";"2022";1090
"Economia";"Pecuária";"Efetivo de Rebanho Suínos (Matrizes)";"Xingu";"Anapu";"-";"2023";995
"Economia";"Pecuária";"Efetivo de Rebanho Suínos (Matrizes)";"Rio Caeté";"Augusto Corrêa";"-";"2011";0
"Economia";"Pecuária";"Efetivo de Rebanho Suínos (Matrizes)";"Rio Caeté";"Augusto Corrêa";"-";"2012";0
"Economia";"Pecuária";"Efetivo de Rebanho Suínos (Matrizes)";"Rio Caeté";"Augusto Corrêa";"-";"2013";131
"Economia";"Pecuária";"Efetivo de Rebanho Suínos (Matrizes)";"Rio Caeté";"Augusto Corrêa";"-";"2014";119
"Economia";"Pecuária";"Efetivo de Rebanho Suínos (Matrizes)";"Rio Caeté";"Augusto Corrêa";"-";"2015";85
"Economia";"Pecuária";"Efetivo de Rebanho Suínos (Matrizes)";"Rio Caeté";"Augusto Corrêa";"-";"2016";108
"Economia";"Pecuária";"Efetivo de Rebanho Suínos (Matrizes)";"Rio Caeté";"Augusto Corrêa";"-";"2017";120
"Economia";"Pecuária";"Efetivo de Rebanho Suínos (Matrizes)";"Rio Caeté";"Augusto Corrêa";"-";"2018";106
"Economia";"Pecuária";"Efetivo de Rebanho Suínos (Matrizes)";"Rio Caeté";"Augusto Corrêa";"-";"2019";110
"Economia";"Pecuária";"Efetivo de Rebanho Suínos (Matrizes)";"Rio Caeté";"Augusto Corrêa";"-";"2020";115
"Economia";"Pecuária";"Efetivo de Rebanho Suínos (Matrizes)";"Rio Caeté";"Augusto Corrêa";"-";"2021";98
"Economia";"Pecuária";"Efetivo de Rebanho Suínos (Matrizes)";"Rio Caeté";"Augusto Corrêa";"-";"2022";79
"Economia";"Pecuária";"Efetivo de Rebanho Suínos (Matrizes)";"Rio Caeté";"Augusto Corrêa";"-";"2023";85
"Economia";"Pecuária";"Efetivo de Rebanho Suínos (Matrizes)";"Rio Capim";"Aurora do Pará";"-";"2011";0
"Economia";"Pecuária";"Efetivo de Rebanho Suínos (Matrizes)";"Rio Capim";"Aurora do Pará";"-";"2012";0
"Economia";"Pecuária";"Efetivo de Rebanho Suínos (Matrizes)";"Rio Capim";"Aurora do Pará";"-";"2013";712
"Economia";"Pecuária";"Efetivo de Rebanho Suínos (Matrizes)";"Rio Capim";"Aurora do Pará";"-";"2014";150
"Economia";"Pecuária";"Efetivo de Rebanho Suínos (Matrizes)";"Rio Capim";"Aurora do Pará";"-";"2015";274
"Economia";"Pecuária";"Efetivo de Rebanho Suínos (Matrizes)";"Rio Capim";"Aurora do Pará";"-";"2016";305
"Economia";"Pecuária";"Efetivo de Rebanho Suínos (Matrizes)";"Rio Capim";"Aurora do Pará";"-";"2017";380
"Economia";"Pecuária";"Efetivo de Rebanho Suínos (Matrizes)";"Rio Capim";"Aurora do Pará";"-";"2018";412
"Economia";"Pecuária";"Efetivo de Rebanho Suínos (Matrizes)";"Rio Capim";"Aurora do Pará";"-";"2019";450
"Economia";"Pecuária";"Efetivo de Rebanho Suínos (Matrizes)";"Rio Capim";"Aurora do Pará";"-";"2020";465
"Economia";"Pecuária";"Efetivo de Rebanho Suínos (Matrizes)";"Rio Capim";"Aurora do Pará";"-";"2021";500
"Economia";"Pecuária";"Efetivo de Rebanho Suínos (Matrizes)";"Rio Capim";"Aurora do Pará";"-";"2022";320
"Economia";"Pecuária";"Efetivo de Rebanho Suínos (Matrizes)";"Rio Capim";"Aurora do Pará";"-";"2023";335
"Economia";"Pecuária";"Efetivo de Rebanho Suínos (Matrizes)";"Tapajós";"Aveiro";"-";"2011";0
"Economia";"Pecuária";"Efetivo de Rebanho Suínos (Matrizes)";"Tapajós";"Aveiro";"-";"2012";0
"Economia";"Pecuária";"Efetivo de Rebanho Suínos (Matrizes)";"Tapajós";"Aveiro";"-";"2013";484
"Economia";"Pecuária";"Efetivo de Rebanho Suínos (Matrizes)";"Tapajós";"Aveiro";"-";"2014";495
"Economia";"Pecuária";"Efetivo de Rebanho Suínos (Matrizes)";"Tapajós";"Aveiro";"-";"2015";499
"Economia";"Pecuária";"Efetivo de Rebanho Suínos (Matrizes)";"Tapajós";"Aveiro";"-";"2016";503
"Economia";"Pecuária";"Efetivo de Rebanho Suínos (Matrizes)";"Tapajós";"Aveiro";"-";"2017";590
"Economia";"Pecuária";"Efetivo de Rebanho Suínos (Matrizes)";"Tapajós";"Aveiro";"-";"2018";569
"Economia";"Pecuária";"Efetivo de Rebanho Suínos (Matrizes)";"Tapajós";"Aveiro";"-";"2019";642
"Economia";"Pecuária";"Efetivo de Rebanho Suínos (Matrizes)";"Tapajós";"Aveiro";"-";"2020";597
"Economia";"Pecuária";"Efetivo de Rebanho Suínos (Matrizes)";"Tapajós";"Aveiro";"-";"2021";492
"Economia";"Pecuária";"Efetivo de Rebanho Suínos (Matrizes)";"Tapajós";"Aveiro";"-";"2022";461
"Economia";"Pecuária";"Efetivo de Rebanho Suínos (Matrizes)";"Tapajós";"Aveiro";"-";"2023";529
"Economia";"Pecuária";"Efetivo de Rebanho Suínos (Matrizes)";"Marajó";"Bagre";"-";"2011";0
"Economia";"Pecuária";"Efetivo de Rebanho Suínos (Matrizes)";"Marajó";"Bagre";"-";"2012";0
"Economia";"Pecuária";"Efetivo de Rebanho Suínos (Matrizes)";"Marajó";"Bagre";"-";"2013";2725
"Economia";"Pecuária";"Efetivo de Rebanho Suínos (Matrizes)";"Marajó";"Bagre";"-";"2014";2518
"Economia";"Pecuária";"Efetivo de Rebanho Suínos (Matrizes)";"Marajó";"Bagre";"-";"2015";2531
"Economia";"Pecuária";"Efetivo de Rebanho Suínos (Matrizes)";"Marajó";"Bagre";"-";"2016";2620
"Economia";"Pecuária";"Efetivo de Rebanho Suínos (Matrizes)";"Marajó";"Bagre";"-";"2017";2595
"Economia";"Pecuária";"Efetivo de Rebanho Suínos (Matrizes)";"Marajó";"Bagre";"-";"2018";2420
"Economia";"Pecuária";"Efetivo de Rebanho Suínos (Matrizes)";"Marajó";"Bagre";"-";"2019";2380
"Economia";"Pecuária";"Efetivo de Rebanho Suínos (Matrizes)";"Marajó";"Bagre";"-";"2020";2104
"Economia";"Pecuária";"Efetivo de Rebanho Suínos (Matrizes)";"Marajó";"Bagre";"-";"2021";1930
"Economia";"Pecuária";"Efetivo de Rebanho Suínos (Matrizes)";"Marajó";"Bagre";"-";"2022";1514
"Economia";"Pecuária";"Efetivo de Rebanho Suínos (Matrizes)";"Marajó";"Bagre";"-";"2023";975
"Economia";"Pecuária";"Efetivo de Rebanho Suínos (Matrizes)";"Tocantins";"Baião";"-";"2011";0
"Economia";"Pecuária";"Efetivo de Rebanho Suínos (Matrizes)";"Tocantins";"Baião";"-";"2012";0
"Economia";"Pecuária";"Efetivo de Rebanho Suínos (Matrizes)";"Tocantins";"Baião";"-";"2013";568
"Economia";"Pecuária";"Efetivo de Rebanho Suínos (Matrizes)";"Tocantins";"Baião";"-";"2014";652
"Economia";"Pecuária";"Efetivo de Rebanho Suínos (Matrizes)";"Tocantins";"Baião";"-";"2015";700
"Economia";"Pecuária";"Efetivo de Rebanho Suínos (Matrizes)";"Tocantins";"Baião";"-";"2016";750
"Economia";"Pecuária";"Efetivo de Rebanho Suínos (Matrizes)";"Tocantins";"Baião";"-";"2017";800
"Economia";"Pecuária";"Efetivo de Rebanho Suínos (Matrizes)";"Tocantins";"Baião";"-";"2018";900
"Economia";"Pecuária";"Efetivo de Rebanho Suínos (Matrizes)";"Tocantins";"Baião";"-";"2019";910
"Economia";"Pecuária";"Efetivo de Rebanho Suínos (Matrizes)";"Tocantins";"Baião";"-";"2020";600
"Economia";"Pecuária";"Efetivo de Rebanho Suínos (Matrizes)";"Tocantins";"Baião";"-";"2021";610
"Economia";"Pecuária";"Efetivo de Rebanho Suínos (Matrizes)";"Tocantins";"Baião";"-";"2022";700
"Economia";"Pecuária";"Efetivo de Rebanho Suínos (Matrizes)";"Tocantins";"Baião";"-";"2023";253
"Economia";"Pecuária";"Efetivo de Rebanho Suínos (Matrizes)";"Araguaia";"Bannach";"-";"2011";0
"Economia";"Pecuária";"Efetivo de Rebanho Suínos (Matrizes)";"Araguaia";"Bannach";"-";"2012";0
"Economia";"Pecuária";"Efetivo de Rebanho Suínos (Matrizes)";"Araguaia";"Bannach";"-";"2013";561
"Economia";"Pecuária";"Efetivo de Rebanho Suínos (Matrizes)";"Araguaia";"Bannach";"-";"2014";612
"Economia";"Pecuária";"Efetivo de Rebanho Suínos (Matrizes)";"Araguaia";"Bannach";"-";"2015";641
"Economia";"Pecuária";"Efetivo de Rebanho Suínos (Matrizes)";"Araguaia";"Bannach";"-";"2016";620
"Economia";"Pecuária";"Efetivo de Rebanho Suínos (Matrizes)";"Araguaia";"Bannach";"-";"2017";628
"Economia";"Pecuária";"Efetivo de Rebanho Suínos (Matrizes)";"Araguaia";"Bannach";"-";"2018";664
"Economia";"Pecuária";"Efetivo de Rebanho Suínos (Matrizes)";"Araguaia";"Bannach";"-";"2019";538
"Economia";"Pecuária";"Efetivo de Rebanho Suínos (Matrizes)";"Araguaia";"Bannach";"-";"2020";246
"Economia";"Pecuária";"Efetivo de Rebanho Suínos (Matrizes)";"Araguaia";"Bannach";"-";"2021";198
"Economia";"Pecuária";"Efetivo de Rebanho Suínos (Matrizes)";"Araguaia";"Bannach";"-";"2022";216
"Economia";"Pecuária";"Efetivo de Rebanho Suínos (Matrizes)";"Araguaia";"Bannach";"-";"2023";189
"Economia";"Pecuária";"Efetivo de Rebanho Suínos (Matrizes)";"Tocantins";"Barcarena";"-";"2011";0
"Economia";"Pecuária";"Efetivo de Rebanho Suínos (Matrizes)";"Tocantins";"Barcarena";"-";"2012";0
"Economia";"Pecuária";"Efetivo de Rebanho Suínos (Matrizes)";"Tocantins";"Barcarena";"-";"2013";900
"Economia";"Pecuária";"Efetivo de Rebanho Suínos (Matrizes)";"Tocantins";"Barcarena";"-";"2014";870
"Economia";"Pecuária";"Efetivo de Rebanho Suínos (Matrizes)";"Tocantins";"Barcarena";"-";"2015";850
"Economia";"Pecuária";"Efetivo de Rebanho Suínos (Matrizes)";"Tocantins";"Barcarena";"-";"2016";840
"Economia";"Pecuária";"Efetivo de Rebanho Suínos (Matrizes)";"Tocantins";"Barcarena";"-";"2017";830
"Economia";"Pecuária";"Efetivo de Rebanho Suínos (Matrizes)";"Tocantins";"Barcarena";"-";"2018";810
"Economia";"Pecuária";"Efetivo de Rebanho Suínos (Matrizes)";"Tocantins";"Barcarena";"-";"2019";780
"Economia";"Pecuária";"Efetivo de Rebanho Suínos (Matrizes)";"Tocantins";"Barcarena";"-";"2020";740
"Economia";"Pecuária";"Efetivo de Rebanho Suínos (Matrizes)";"Tocantins";"Barcarena";"-";"2021";730
"Economia";"Pecuária";"Efetivo de Rebanho Suínos (Matrizes)";"Tocantins";"Barcarena";"-";"2022";700
"Economia";"Pecuária";"Efetivo de Rebanho Suínos (Matrizes)";"Tocantins";"Barcarena";"-";"2023";650
"Economia";"Pecuária";"Efetivo de Rebanho Suínos (Matrizes)";"Guajará";"Belém";"-";"2011";0
"Economia";"Pecuária";"Efetivo de Rebanho Suínos (Matrizes)";"Guajará";"Belém";"-";"2012";0
"Economia";"Pecuária";"Efetivo de Rebanho Suínos (Matrizes)";"Guajará";"Belém";"-";"2013";0
"Economia";"Pecuária";"Efetivo de Rebanho Suínos (Matrizes)";"Guajará";"Belém";"-";"2014";0
"Economia";"Pecuária";"Efetivo de Rebanho Suínos (Matrizes)";"Guajará";"Belém";"-";"2015";0
"Economia";"Pecuária";"Efetivo de Rebanho Suínos (Matrizes)";"Guajará";"Belém";"-";"2016";120
"Economia";"Pecuária";"Efetivo de Rebanho Suínos (Matrizes)";"Guajará";"Belém";"-";"2017";110
"Economia";"Pecuária";"Efetivo de Rebanho Suínos (Matrizes)";"Guajará";"Belém";"-";"2018";113
"Economia";"Pecuária";"Efetivo de Rebanho Suínos (Matrizes)";"Guajará";"Belém";"-";"2019";117
"Economia";"Pecuária";"Efetivo de Rebanho Suínos (Matrizes)";"Guajará";"Belém";"-";"2020";100
"Economia";"Pecuária";"Efetivo de Rebanho Suínos (Matrizes)";"Guajará";"Belém";"-";"2021";90
"Economia";"Pecuária";"Efetivo de Rebanho Suínos (Matrizes)";"Guajará";"Belém";"-";"2022";92
"Economia";"Pecuária";"Efetivo de Rebanho Suínos (Matrizes)";"Guajará";"Belém";"-";"2023";51
"Economia";"Pecuária";"Efetivo de Rebanho Suínos (Matrizes)";"Baixo Amazonas";"Belterra";"-";"2011";0
"Economia";"Pecuária";"Efetivo de Rebanho Suínos (Matrizes)";"Baixo Amazonas";"Belterra";"-";"2012";0
"Economia";"Pecuária";"Efetivo de Rebanho Suínos (Matrizes)";"Baixo Amazonas";"Belterra";"-";"2013";258
"Economia";"Pecuária";"Efetivo de Rebanho Suínos (Matrizes)";"Baixo Amazonas";"Belterra";"-";"2014";260
"Economia";"Pecuária";"Efetivo de Rebanho Suínos (Matrizes)";"Baixo Amazonas";"Belterra";"-";"2015";267
"Economia";"Pecuária";"Efetivo de Rebanho Suínos (Matrizes)";"Baixo Amazonas";"Belterra";"-";"2016";270
"Economia";"Pecuária";"Efetivo de Rebanho Suínos (Matrizes)";"Baixo Amazonas";"Belterra";"-";"2017";125
"Economia";"Pecuária";"Efetivo de Rebanho Suínos (Matrizes)";"Baixo Amazonas";"Belterra";"-";"2018";148
"Economia";"Pecuária";"Efetivo de Rebanho Suínos (Matrizes)";"Baixo Amazonas";"Belterra";"-";"2019";165
"Economia";"Pecuária";"Efetivo de Rebanho Suínos (Matrizes)";"Baixo Amazonas";"Belterra";"-";"2020";168
"Economia";"Pecuária";"Efetivo de Rebanho Suínos (Matrizes)";"Baixo Amazonas";"Belterra";"-";"2021";146
"Economia";"Pecuária";"Efetivo de Rebanho Suínos (Matrizes)";"Baixo Amazonas";"Belterra";"-";"2022";166
"Economia";"Pecuária";"Efetivo de Rebanho Suínos (Matrizes)";"Baixo Amazonas";"Belterra";"-";"2023";164
"Economia";"Pecuária";"Efetivo de Rebanho Suínos (Matrizes)";"Guajará";"Benevides";"-";"2011";0
"Economia";"Pecuária";"Efetivo de Rebanho Suínos (Matrizes)";"Guajará";"Benevides";"-";"2012";0
"Economia";"Pecuária";"Efetivo de Rebanho Suínos (Matrizes)";"Guajará";"Benevides";"-";"2013";100
"Economia";"Pecuária";"Efetivo de Rebanho Suínos (Matrizes)";"Guajará";"Benevides";"-";"2014";150
"Economia";"Pecuária";"Efetivo de Rebanho Suínos (Matrizes)";"Guajará";"Benevides";"-";"2015";170
"Economia";"Pecuária";"Efetivo de Rebanho Suínos (Matrizes)";"Guajará";"Benevides";"-";"2016";65
"Economia";"Pecuária";"Efetivo de Rebanho Suínos (Matrizes)";"Guajará";"Benevides";"-";"2017";0
"Economia";"Pecuária";"Efetivo de Rebanho Suínos (Matrizes)";"Guajará";"Benevides";"-";"2018";12
"Economia";"Pecuária";"Efetivo de Rebanho Suínos (Matrizes)";"Guajará";"Benevides";"-";"2019";13
"Economia";"Pecuária";"Efetivo de Rebanho Suínos (Matrizes)";"Guajará";"Benevides";"-";"2020";437
"Economia";"Pecuária";"Efetivo de Rebanho Suínos (Matrizes)";"Guajará";"Benevides";"-";"2021";350
"Economia";"Pecuária";"Efetivo de Rebanho Suínos (Matrizes)";"Guajará";"Benevides";"-";"2022";135
"Economia";"Pecuária";"Efetivo de Rebanho Suínos (Matrizes)";"Guajará";"Benevides";"-";"2023";59
"Economia";"Pecuária";"Efetivo de Rebanho Suínos (Matrizes)";"Carajás";"Bom Jesus do Tocantins";"-";"2011";0
"Economia";"Pecuária";"Efetivo de Rebanho Suínos (Matrizes)";"Carajás";"Bom Jesus do Tocantins";"-";"2012";0
"Economia";"Pecuária";"Efetivo de Rebanho Suínos (Matrizes)";"Carajás";"Bom Jesus do Tocantins";"-";"2013";1030
"Economia";"Pecuária";"Efetivo de Rebanho Suínos (Matrizes)";"Carajás";"Bom Jesus do Tocantins";"-";"2014";520
"Economia";"Pecuária";"Efetivo de Rebanho Suínos (Matrizes)";"Carajás";"Bom Jesus do Tocantins";"-";"2015";535
"Economia";"Pecuária";"Efetivo de Rebanho Suínos (Matrizes)";"Carajás";"Bom Jesus do Tocantins";"-";"2016";567
"Economia";"Pecuária";"Efetivo de Rebanho Suínos (Matrizes)";"Carajás";"Bom Jesus do Tocantins";"-";"2017";604
"Economia";"Pecuária";"Efetivo de Rebanho Suínos (Matrizes)";"Carajás";"Bom Jesus do Tocantins";"-";"2018";700
"Economia";"Pecuária";"Efetivo de Rebanho Suínos (Matrizes)";"Carajás";"Bom Jesus do Tocantins";"-";"2019";720
"Economia";"Pecuária";"Efetivo de Rebanho Suínos (Matrizes)";"Carajás";"Bom Jesus do Tocantins";"-";"2020";1143
"Economia";"Pecuária";"Efetivo de Rebanho Suínos (Matrizes)";"Carajás";"Bom Jesus do Tocantins";"-";"2021";1155
"Economia";"Pecuária";"Efetivo de Rebanho Suínos (Matrizes)";"Carajás";"Bom Jesus do Tocantins";"-";"2022";1390
"Economia";"Pecuária";"Efetivo de Rebanho Suínos (Matrizes)";"Carajás";"Bom Jesus do Tocantins";"-";"2023";1380
"Economia";"Pecuária";"Efetivo de Rebanho Suínos (Matrizes)";"Rio Caeté";"Bonito";"-";"2011";0
"Economia";"Pecuária";"Efetivo de Rebanho Suínos (Matrizes)";"Rio Caeté";"Bonito";"-";"2012";0
"Economia";"Pecuária";"Efetivo de Rebanho Suínos (Matrizes)";"Rio Caeté";"Bonito";"-";"2013";310
"Economia";"Pecuária";"Efetivo de Rebanho Suínos (Matrizes)";"Rio Caeté";"Bonito";"-";"2014";269
"Economia";"Pecuária";"Efetivo de Rebanho Suínos (Matrizes)";"Rio Caeté";"Bonito";"-";"2015";100
"Economia";"Pecuária";"Efetivo de Rebanho Suínos (Matrizes)";"Rio Caeté";"Bonito";"-";"2016";90
"Economia";"Pecuária";"Efetivo de Rebanho Suínos (Matrizes)";"Rio Caeté";"Bonito";"-";"2017";100
"Economia";"Pecuária";"Efetivo de Rebanho Suínos (Matrizes)";"Rio Caeté";"Bonito";"-";"2018";90
"Economia";"Pecuária";"Efetivo de Rebanho Suínos (Matrizes)";"Rio Caeté";"Bonito";"-";"2019";78
"Economia";"Pecuária";"Efetivo de Rebanho Suínos (Matrizes)";"Rio Caeté";"Bonito";"-";"2020";75
"Economia";"Pecuária";"Efetivo de Rebanho Suínos (Matrizes)";"Rio Caeté";"Bonito";"-";"2021";89
"Economia";"Pecuária";"Efetivo de Rebanho Suínos (Matrizes)";"Rio Caeté";"Bonito";"-";"2022";76
"Economia";"Pecuária";"Efetivo de Rebanho Suínos (Matrizes)";"Rio Caeté";"Bonito";"-";"2023";38
"Economia";"Pecuária";"Efetivo de Rebanho Suínos (Matrizes)";"Rio Caeté";"Bragança";"-";"2011";0
"Economia";"Pecuária";"Efetivo de Rebanho Suínos (Matrizes)";"Rio Caeté";"Bragança";"-";"2012";0
"Economia";"Pecuária";"Efetivo de Rebanho Suínos (Matrizes)";"Rio Caeté";"Bragança";"-";"2013";395
"Economia";"Pecuária";"Efetivo de Rebanho Suínos (Matrizes)";"Rio Caeté";"Bragança";"-";"2014";367
"Economia";"Pecuária";"Efetivo de Rebanho Suínos (Matrizes)";"Rio Caeté";"Bragança";"-";"2015";436
"Economia";"Pecuária";"Efetivo de Rebanho Suínos (Matrizes)";"Rio Caeté";"Bragança";"-";"2016";450
"Economia";"Pecuária";"Efetivo de Rebanho Suínos (Matrizes)";"Rio Caeté";"Bragança";"-";"2017";495
"Economia";"Pecuária";"Efetivo de Rebanho Suínos (Matrizes)";"Rio Caeté";"Bragança";"-";"2018";503
"Economia";"Pecuária";"Efetivo de Rebanho Suínos (Matrizes)";"Rio Caeté";"Bragança";"-";"2019";496
"Economia";"Pecuária";"Efetivo de Rebanho Suínos (Matrizes)";"Rio Caeté";"Bragança";"-";"2020";510
"Economia";"Pecuária";"Efetivo de Rebanho Suínos (Matrizes)";"Rio Caeté";"Bragança";"-";"2021";245
"Economia";"Pecuária";"Efetivo de Rebanho Suínos (Matrizes)";"Rio Caeté";"Bragança";"-";"2022";281
"Economia";"Pecuária";"Efetivo de Rebanho Suínos (Matrizes)";"Rio Caeté";"Bragança";"-";"2023";235
"Economia";"Pecuária";"Efetivo de Rebanho Suínos (Matrizes)";"Xingu";"Brasil Novo";"-";"2011";0
"Economia";"Pecuária";"Efetivo de Rebanho Suínos (Matrizes)";"Xingu";"Brasil Novo";"-";"2012";0
"Economia";"Pecuária";"Efetivo de Rebanho Suínos (Matrizes)";"Xingu";"Brasil Novo";"-";"2013";729
"Economia";"Pecuária";"Efetivo de Rebanho Suínos (Matrizes)";"Xingu";"Brasil Novo";"-";"2014";710
"Economia";"Pecuária";"Efetivo de Rebanho Suínos (Matrizes)";"Xingu";"Brasil Novo";"-";"2015";640
"Economia";"Pecuária";"Efetivo de Rebanho Suínos (Matrizes)";"Xingu";"Brasil Novo";"-";"2016";610
"Economia";"Pecuária";"Efetivo de Rebanho Suínos (Matrizes)";"Xingu";"Brasil Novo";"-";"2017";615
"Economia";"Pecuária";"Efetivo de Rebanho Suínos (Matrizes)";"Xingu";"Brasil Novo";"-";"2018";580
"Economia";"Pecuária";"Efetivo de Rebanho Suínos (Matrizes)";"Xingu";"Brasil Novo";"-";"2019";514
"Economia";"Pecuária";"Efetivo de Rebanho Suínos (Matrizes)";"Xingu";"Brasil Novo";"-";"2020";1040
"Economia";"Pecuária";"Efetivo de Rebanho Suínos (Matrizes)";"Xingu";"Brasil Novo";"-";"2021";670
"Economia";"Pecuária";"Efetivo de Rebanho Suínos (Matrizes)";"Xingu";"Brasil Novo";"-";"2022";590
"Economia";"Pecuária";"Efetivo de Rebanho Suínos (Matrizes)";"Xingu";"Brasil Novo";"-";"2023";685
"Economia";"Pecuária";"Efetivo de Rebanho Suínos (Matrizes)";"Carajás";"Brejo Grande do Araguaia";"-";"2011";0
"Economia";"Pecuária";"Efetivo de Rebanho Suínos (Matrizes)";"Carajás";"Brejo Grande do Araguaia";"-";"2012";0
"Economia";"Pecuária";"Efetivo de Rebanho Suínos (Matrizes)";"Carajás";"Brejo Grande do Araguaia";"-";"2013";350
"Economia";"Pecuária";"Efetivo de Rebanho Suínos (Matrizes)";"Carajás";"Brejo Grande do Araguaia";"-";"2014";370
"Economia";"Pecuária";"Efetivo de Rebanho Suínos (Matrizes)";"Carajás";"Brejo Grande do Araguaia";"-";"2015";380
"Economia";"Pecuária";"Efetivo de Rebanho Suínos (Matrizes)";"Carajás";"Brejo Grande do Araguaia";"-";"2016";750
"Economia";"Pecuária";"Efetivo de Rebanho Suínos (Matrizes)";"Carajás";"Brejo Grande do Araguaia";"-";"2017";582
"Economia";"Pecuária";"Efetivo de Rebanho Suínos (Matrizes)";"Carajás";"Brejo Grande do Araguaia";"-";"2018";530
"Economia";"Pecuária";"Efetivo de Rebanho Suínos (Matrizes)";"Carajás";"Brejo Grande do Araguaia";"-";"2019";715
"Economia";"Pecuária";"Efetivo de Rebanho Suínos (Matrizes)";"Carajás";"Brejo Grande do Araguaia";"-";"2020";760
"Economia";"Pecuária";"Efetivo de Rebanho Suínos (Matrizes)";"Carajás";"Brejo Grande do Araguaia";"-";"2021";468
"Economia";"Pecuária";"Efetivo de Rebanho Suínos (Matrizes)";"Carajás";"Brejo Grande do Araguaia";"-";"2022";520
"Economia";"Pecuária";"Efetivo de Rebanho Suínos (Matrizes)";"Carajás";"Brejo Grande do Araguaia";"-";"2023";519
"Economia";"Pecuária";"Efetivo de Rebanho Suínos (Matrizes)";"Lago de Tucuruí";"Breu Branco";"-";"2011";0
"Economia";"Pecuária";"Efetivo de Rebanho Suínos (Matrizes)";"Lago de Tucuruí";"Breu Branco";"-";"2012";0
"Economia";"Pecuária";"Efetivo de Rebanho Suínos (Matrizes)";"Lago de Tucuruí";"Breu Branco";"-";"2013";1600
"Economia";"Pecuária";"Efetivo de Rebanho Suínos (Matrizes)";"Lago de Tucuruí";"Breu Branco";"-";"2014";1700
"Economia";"Pecuária";"Efetivo de Rebanho Suínos (Matrizes)";"Lago de Tucuruí";"Breu Branco";"-";"2015";1600
"Economia";"Pecuária";"Efetivo de Rebanho Suínos (Matrizes)";"Lago de Tucuruí";"Breu Branco";"-";"2016";1700
"Economia";"Pecuária";"Efetivo de Rebanho Suínos (Matrizes)";"Lago de Tucuruí";"Breu Branco";"-";"2017";1500
"Economia";"Pecuária";"Efetivo de Rebanho Suínos (Matrizes)";"Lago de Tucuruí";"Breu Branco";"-";"2018";1370
"Economia";"Pecuária";"Efetivo de Rebanho Suínos (Matrizes)";"Lago de Tucuruí";"Breu Branco";"-";"2019";1327
"Economia";"Pecuária";"Efetivo de Rebanho Suínos (Matrizes)";"Lago de Tucuruí";"Breu Branco";"-";"2020";1178
"Economia";"Pecuária";"Efetivo de Rebanho Suínos (Matrizes)";"Lago de Tucuruí";"Breu Branco";"-";"2021";1177
"Economia";"Pecuária";"Efetivo de Rebanho Suínos (Matrizes)";"Lago de Tucuruí";"Breu Branco";"-";"2022";234
"Economia";"Pecuária";"Efetivo de Rebanho Suínos (Matrizes)";"Lago de Tucuruí";"Breu Branco";"-";"2023";233
"Economia";"Pecuária";"Efetivo de Rebanho Suínos (Matrizes)";"Marajó";"Breves";"-";"2011";0
"Economia";"Pecuária";"Efetivo de Rebanho Suínos (Matrizes)";"Marajó";"Breves";"-";"2012";0
"Economia";"Pecuária";"Efetivo de Rebanho Suínos (Matrizes)";"Marajó";"Breves";"-";"2013";3813
"Economia";"Pecuária";"Efetivo de Rebanho Suínos (Matrizes)";"Marajó";"Breves";"-";"2014";3905
"Economia";"Pecuária";"Efetivo de Rebanho Suínos (Matrizes)";"Marajó";"Breves";"-";"2015";3728
"Economia";"Pecuária";"Efetivo de Rebanho Suínos (Matrizes)";"Marajó";"Breves";"-";"2016";3620
"Economia";"Pecuária";"Efetivo de Rebanho Suínos (Matrizes)";"Marajó";"Breves";"-";"2017";3700
"Economia";"Pecuária";"Efetivo de Rebanho Suínos (Matrizes)";"Marajó";"Breves";"-";"2018";3650
"Economia";"Pecuária";"Efetivo de Rebanho Suínos (Matrizes)";"Marajó";"Breves";"-";"2019";3780
"Economia";"Pecuária";"Efetivo de Rebanho Suínos (Matrizes)";"Marajó";"Breves";"-";"2020";3324
"Economia";"Pecuária";"Efetivo de Rebanho Suínos (Matrizes)";"Marajó";"Breves";"-";"2021";2415
"Economia";"Pecuária";"Efetivo de Rebanho Suínos (Matrizes)";"Marajó";"Breves";"-";"2022";2400
"Economia";"Pecuária";"Efetivo de Rebanho Suínos (Matrizes)";"Marajó";"Breves";"-";"2023";1020
"Economia";"Pecuária";"Efetivo de Rebanho Suínos (Matrizes)";"Rio Capim";"Bujaru";"-";"2011";0
"Economia";"Pecuária";"Efetivo de Rebanho Suínos (Matrizes)";"Rio Capim";"Bujaru";"-";"2012";0
"Economia";"Pecuária";"Efetivo de Rebanho Suínos (Matrizes)";"Rio Capim";"Bujaru";"-";"2013";595
"Economia";"Pecuária";"Efetivo de Rebanho Suínos (Matrizes)";"Rio Capim";"Bujaru";"-";"2014";600
"Economia";"Pecuária";"Efetivo de Rebanho Suínos (Matrizes)";"Rio Capim";"Bujaru";"-";"2015";48
"Economia";"Pecuária";"Efetivo de Rebanho Suínos (Matrizes)";"Rio Capim";"Bujaru";"-";"2016";16
"Economia";"Pecuária";"Efetivo de Rebanho Suínos (Matrizes)";"Rio Capim";"Bujaru";"-";"2017";150
"Economia";"Pecuária";"Efetivo de Rebanho Suínos (Matrizes)";"Rio Capim";"Bujaru";"-";"2018";151
"Economia";"Pecuária";"Efetivo de Rebanho Suínos (Matrizes)";"Rio Capim";"Bujaru";"-";"2019";150
"Economia";"Pecuária";"Efetivo de Rebanho Suínos (Matrizes)";"Rio Capim";"Bujaru";"-";"2020";24
"Economia";"Pecuária";"Efetivo de Rebanho Suínos (Matrizes)";"Rio Capim";"Bujaru";"-";"2021";21
"Economia";"Pecuária";"Efetivo de Rebanho Suínos (Matrizes)";"Rio Capim";"Bujaru";"-";"2022";23
"Economia";"Pecuária";"Efetivo de Rebanho Suínos (Matrizes)";"Rio Capim";"Bujaru";"-";"2023";10
"Economia";"Pecuária";"Efetivo de Rebanho Suínos (Matrizes)";"Marajó";"Cachoeira do Arari";"-";"2011";0
"Economia";"Pecuária";"Efetivo de Rebanho Suínos (Matrizes)";"Marajó";"Cachoeira do Arari";"-";"2012";0
"Economia";"Pecuária";"Efetivo de Rebanho Suínos (Matrizes)";"Marajó";"Cachoeira do Arari";"-";"2013";953
"Economia";"Pecuária";"Efetivo de Rebanho Suínos (Matrizes)";"Marajó";"Cachoeira do Arari";"-";"2014";1143
"Economia";"Pecuária";"Efetivo de Rebanho Suínos (Matrizes)";"Marajó";"Cachoeira do Arari";"-";"2015";989
"Economia";"Pecuária";"Efetivo de Rebanho Suínos (Matrizes)";"Marajó";"Cachoeira do Arari";"-";"2016";910
"Economia";"Pecuária";"Efetivo de Rebanho Suínos (Matrizes)";"Marajó";"Cachoeira do Arari";"-";"2017";1345
"Economia";"Pecuária";"Efetivo de Rebanho Suínos (Matrizes)";"Marajó";"Cachoeira do Arari";"-";"2018";1156
"Economia";"Pecuária";"Efetivo de Rebanho Suínos (Matrizes)";"Marajó";"Cachoeira do Arari";"-";"2019";1356
"Economia";"Pecuária";"Efetivo de Rebanho Suínos (Matrizes)";"Marajó";"Cachoeira do Arari";"-";"2020";1438
"Economia";"Pecuária";"Efetivo de Rebanho Suínos (Matrizes)";"Marajó";"Cachoeira do Arari";"-";"2021";1389
"Economia";"Pecuária";"Efetivo de Rebanho Suínos (Matrizes)";"Marajó";"Cachoeira do Arari";"-";"2022";1620
"Economia";"Pecuária";"Efetivo de Rebanho Suínos (Matrizes)";"Marajó";"Cachoeira do Arari";"-";"2023";1940
"Economia";"Pecuária";"Efetivo de Rebanho Suínos (Matrizes)";"Rio Caeté";"Cachoeira do Piriá";"-";"2011";0
"Economia";"Pecuária";"Efetivo de Rebanho Suínos (Matrizes)";"Rio Caeté";"Cachoeira do Piriá";"-";"2012";0
"Economia";"Pecuária";"Efetivo de Rebanho Suínos (Matrizes)";"Rio Caeté";"Cachoeira do Piriá";"-";"2013";255
"Economia";"Pecuária";"Efetivo de Rebanho Suínos (Matrizes)";"Rio Caeté";"Cachoeira do Piriá";"-";"2014";175
"Economia";"Pecuária";"Efetivo de Rebanho Suínos (Matrizes)";"Rio Caeté";"Cachoeira do Piriá";"-";"2015";170
"Economia";"Pecuária";"Efetivo de Rebanho Suínos (Matrizes)";"Rio Caeté";"Cachoeira do Piriá";"-";"2016";142
"Economia";"Pecuária";"Efetivo de Rebanho Suínos (Matrizes)";"Rio Caeté";"Cachoeira do Piriá";"-";"2017";151
"Economia";"Pecuária";"Efetivo de Rebanho Suínos (Matrizes)";"Rio Caeté";"Cachoeira do Piriá";"-";"2018";148
"Economia";"Pecuária";"Efetivo de Rebanho Suínos (Matrizes)";"Rio Caeté";"Cachoeira do Piriá";"-";"2019";151
"Economia";"Pecuária";"Efetivo de Rebanho Suínos (Matrizes)";"Rio Caeté";"Cachoeira do Piriá";"-";"2020";150
"Economia";"Pecuária";"Efetivo de Rebanho Suínos (Matrizes)";"Rio Caeté";"Cachoeira do Piriá";"-";"2021";95
"Economia";"Pecuária";"Efetivo de Rebanho Suínos (Matrizes)";"Rio Caeté";"Cachoeira do Piriá";"-";"2022";100
"Economia";"Pecuária";"Efetivo de Rebanho Suínos (Matrizes)";"Rio Caeté";"Cachoeira do Piriá";"-";"2023";90
"Economia";"Pecuária";"Efetivo de Rebanho Suínos (Matrizes)";"Tocantins";"Cametá";"-";"2011";0
"Economia";"Pecuária";"Efetivo de Rebanho Suínos (Matrizes)";"Tocantins";"Cametá";"-";"2012";0
"Economia";"Pecuária";"Efetivo de Rebanho Suínos (Matrizes)";"Tocantins";"Cametá";"-";"2013";1140
"Economia";"Pecuária";"Efetivo de Rebanho Suínos (Matrizes)";"Tocantins";"Cametá";"-";"2014";1200
"Economia";"Pecuária";"Efetivo de Rebanho Suínos (Matrizes)";"Tocantins";"Cametá";"-";"2015";1300
"Economia";"Pecuária";"Efetivo de Rebanho Suínos (Matrizes)";"Tocantins";"Cametá";"-";"2016";1400
"Economia";"Pecuária";"Efetivo de Rebanho Suínos (Matrizes)";"Tocantins";"Cametá";"-";"2017";2000
"Economia";"Pecuária";"Efetivo de Rebanho Suínos (Matrizes)";"Tocantins";"Cametá";"-";"2018";2500
"Economia";"Pecuária";"Efetivo de Rebanho Suínos (Matrizes)";"Tocantins";"Cametá";"-";"2019";2400
"Economia";"Pecuária";"Efetivo de Rebanho Suínos (Matrizes)";"Tocantins";"Cametá";"-";"2020";2500
"Economia";"Pecuária";"Efetivo de Rebanho Suínos (Matrizes)";"Tocantins";"Cametá";"-";"2021";2600
"Economia";"Pecuária";"Efetivo de Rebanho Suínos (Matrizes)";"Tocantins";"Cametá";"-";"2022";2500
"Economia";"Pecuária";"Efetivo de Rebanho Suínos (Matrizes)";"Tocantins";"Cametá";"-";"2023";2600
"Economia";"Pecuária";"Efetivo de Rebanho Suínos (Matrizes)";"Carajás";"Canaã dos Carajás";"-";"2011";0
"Economia";"Pecuária";"Efetivo de Rebanho Suínos (Matrizes)";"Carajás";"Canaã dos Carajás";"-";"2012";0
"Economia";"Pecuária";"Efetivo de Rebanho Suínos (Matrizes)";"Carajás";"Canaã dos Carajás";"-";"2013";1160
"Economia";"Pecuária";"Efetivo de Rebanho Suínos (Matrizes)";"Carajás";"Canaã dos Carajás";"-";"2014";1300
"Economia";"Pecuária";"Efetivo de Rebanho Suínos (Matrizes)";"Carajás";"Canaã dos Carajás";"-";"2015";1100
"Economia";"Pecuária";"Efetivo de Rebanho Suínos (Matrizes)";"Carajás";"Canaã dos Carajás";"-";"2016";600
"Economia";"Pecuária";"Efetivo de Rebanho Suínos (Matrizes)";"Carajás";"Canaã dos Carajás";"-";"2017";920
"Economia";"Pecuária";"Efetivo de Rebanho Suínos (Matrizes)";"Carajás";"Canaã dos Carajás";"-";"2018";850
"Economia";"Pecuária";"Efetivo de Rebanho Suínos (Matrizes)";"Carajás";"Canaã dos Carajás";"-";"2019";1010
"Economia";"Pecuária";"Efetivo de Rebanho Suínos (Matrizes)";"Carajás";"Canaã dos Carajás";"-";"2020";830
"Economia";"Pecuária";"Efetivo de Rebanho Suínos (Matrizes)";"Carajás";"Canaã dos Carajás";"-";"2021";636
"Economia";"Pecuária";"Efetivo de Rebanho Suínos (Matrizes)";"Carajás";"Canaã dos Carajás";"-";"2022";560
"Economia";"Pecuária";"Efetivo de Rebanho Suínos (Matrizes)";"Carajás";"Canaã dos Carajás";"-";"2023";530
"Economia";"Pecuária";"Efetivo de Rebanho Suínos (Matrizes)";"Rio Caeté";"Capanema";"-";"2011";0
"Economia";"Pecuária";"Efetivo de Rebanho Suínos (Matrizes)";"Rio Caeté";"Capanema";"-";"2012";0
"Economia";"Pecuária";"Efetivo de Rebanho Suínos (Matrizes)";"Rio Caeté";"Capanema";"-";"2013";246
"Economia";"Pecuária";"Efetivo de Rebanho Suínos (Matrizes)";"Rio Caeté";"Capanema";"-";"2014";229
"Economia";"Pecuária";"Efetivo de Rebanho Suínos (Matrizes)";"Rio Caeté";"Capanema";"-";"2015";300
"Economia";"Pecuária";"Efetivo de Rebanho Suínos (Matrizes)";"Rio Caeté";"Capanema";"-";"2016";300
"Economia";"Pecuária";"Efetivo de Rebanho Suínos (Matrizes)";"Rio Caeté";"Capanema";"-";"2017";250
"Economia";"Pecuária";"Efetivo de Rebanho Suínos (Matrizes)";"Rio Caeté";"Capanema";"-";"2018";120
"Economia";"Pecuária";"Efetivo de Rebanho Suínos (Matrizes)";"Rio Caeté";"Capanema";"-";"2019";117
"Economia";"Pecuária";"Efetivo de Rebanho Suínos (Matrizes)";"Rio Caeté";"Capanema";"-";"2020";102
"Economia";"Pecuária";"Efetivo de Rebanho Suínos (Matrizes)";"Rio Caeté";"Capanema";"-";"2021";97
"Economia";"Pecuária";"Efetivo de Rebanho Suínos (Matrizes)";"Rio Caeté";"Capanema";"-";"2022";96
"Economia";"Pecuária";"Efetivo de Rebanho Suínos (Matrizes)";"Rio Caeté";"Capanema";"-";"2023";55
"Economia";"Pecuária";"Efetivo de Rebanho Suínos (Matrizes)";"Rio Capim";"Capitão Poço";"-";"2011";0
"Economia";"Pecuária";"Efetivo de Rebanho Suínos (Matrizes)";"Rio Capim";"Capitão Poço";"-";"2012";0
"Economia";"Pecuária";"Efetivo de Rebanho Suínos (Matrizes)";"Rio Capim";"Capitão Poço";"-";"2013";552
"Economia";"Pecuária";"Efetivo de Rebanho Suínos (Matrizes)";"Rio Capim";"Capitão Poço";"-";"2014";505
"Economia";"Pecuária";"Efetivo de Rebanho Suínos (Matrizes)";"Rio Capim";"Capitão Poço";"-";"2015";502
"Economia";"Pecuária";"Efetivo de Rebanho Suínos (Matrizes)";"Rio Capim";"Capitão Poço";"-";"2016";416
"Economia";"Pecuária";"Efetivo de Rebanho Suínos (Matrizes)";"Rio Capim";"Capitão Poço";"-";"2017";400
"Economia";"Pecuária";"Efetivo de Rebanho Suínos (Matrizes)";"Rio Capim";"Capitão Poço";"-";"2018";407
"Economia";"Pecuária";"Efetivo de Rebanho Suínos (Matrizes)";"Rio Capim";"Capitão Poço";"-";"2019";400
"Economia";"Pecuária";"Efetivo de Rebanho Suínos (Matrizes)";"Rio Capim";"Capitão Poço";"-";"2020";392
"Economia";"Pecuária";"Efetivo de Rebanho Suínos (Matrizes)";"Rio Capim";"Capitão Poço";"-";"2021";420
"Economia";"Pecuária";"Efetivo de Rebanho Suínos (Matrizes)";"Rio Capim";"Capitão Poço";"-";"2022";464
"Economia";"Pecuária";"Efetivo de Rebanho Suínos (Matrizes)";"Rio Capim";"Capitão Poço";"-";"2023";243
"Economia";"Pecuária";"Efetivo de Rebanho Suínos (Matrizes)";"Guamá";"Castanhal";"-";"2011";0
"Economia";"Pecuária";"Efetivo de Rebanho Suínos (Matrizes)";"Guamá";"Castanhal";"-";"2012";0
"Economia";"Pecuária";"Efetivo de Rebanho Suínos (Matrizes)";"Guamá";"Castanhal";"-";"2013";100
"Economia";"Pecuária";"Efetivo de Rebanho Suínos (Matrizes)";"Guamá";"Castanhal";"-";"2014";140
"Economia";"Pecuária";"Efetivo de Rebanho Suínos (Matrizes)";"Guamá";"Castanhal";"-";"2015";148
"Economia";"Pecuária";"Efetivo de Rebanho Suínos (Matrizes)";"Guamá";"Castanhal";"-";"2016";136
"Economia";"Pecuária";"Efetivo de Rebanho Suínos (Matrizes)";"Guamá";"Castanhal";"-";"2017";130
"Economia";"Pecuária";"Efetivo de Rebanho Suínos (Matrizes)";"Guamá";"Castanhal";"-";"2018";150
"Economia";"Pecuária";"Efetivo de Rebanho Suínos (Matrizes)";"Guamá";"Castanhal";"-";"2019";172
"Economia";"Pecuária";"Efetivo de Rebanho Suínos (Matrizes)";"Guamá";"Castanhal";"-";"2020";185
"Economia";"Pecuária";"Efetivo de Rebanho Suínos (Matrizes)";"Guamá";"Castanhal";"-";"2021";170
"Economia";"Pecuária";"Efetivo de Rebanho Suínos (Matrizes)";"Guamá";"Castanhal";"-";"2022";160
"Economia";"Pecuária";"Efetivo de Rebanho Suínos (Matrizes)";"Guamá";"Castanhal";"-";"2023";180
"Economia";"Pecuária";"Efetivo de Rebanho Suínos (Matrizes)";"Marajó";"Chaves";"-";"2011";0
"Economia";"Pecuária";"Efetivo de Rebanho Suínos (Matrizes)";"Marajó";"Chaves";"-";"2012";0
"Economia";"Pecuária";"Efetivo de Rebanho Suínos (Matrizes)";"Marajó";"Chaves";"-";"2013";6200
"Economia";"Pecuária";"Efetivo de Rebanho Suínos (Matrizes)";"Marajó";"Chaves";"-";"2014";7154
"Economia";"Pecuária";"Efetivo de Rebanho Suínos (Matrizes)";"Marajó";"Chaves";"-";"2015";5565
"Economia";"Pecuária";"Efetivo de Rebanho Suínos (Matrizes)";"Marajó";"Chaves";"-";"2016";4618
"Economia";"Pecuária";"Efetivo de Rebanho Suínos (Matrizes)";"Marajó";"Chaves";"-";"2017";4200
"Economia";"Pecuária";"Efetivo de Rebanho Suínos (Matrizes)";"Marajó";"Chaves";"-";"2018";4600
"Economia";"Pecuária";"Efetivo de Rebanho Suínos (Matrizes)";"Marajó";"Chaves";"-";"2019";4500
"Economia";"Pecuária";"Efetivo de Rebanho Suínos (Matrizes)";"Marajó";"Chaves";"-";"2020";3913
"Economia";"Pecuária";"Efetivo de Rebanho Suínos (Matrizes)";"Marajó";"Chaves";"-";"2021";3338
"Economia";"Pecuária";"Efetivo de Rebanho Suínos (Matrizes)";"Marajó";"Chaves";"-";"2022";4000
"Economia";"Pecuária";"Efetivo de Rebanho Suínos (Matrizes)";"Marajó";"Chaves";"-";"2023";3852
"Economia";"Pecuária";"Efetivo de Rebanho Suínos (Matrizes)";"Guamá";"Colares";"-";"2011";0
"Economia";"Pecuária";"Efetivo de Rebanho Suínos (Matrizes)";"Guamá";"Colares";"-";"2012";0
"Economia";"Pecuária";"Efetivo de Rebanho Suínos (Matrizes)";"Guamá";"Colares";"-";"2013";2
"Economia";"Pecuária";"Efetivo de Rebanho Suínos (Matrizes)";"Guamá";"Colares";"-";"2014";3
"Economia";"Pecuária";"Efetivo de Rebanho Suínos (Matrizes)";"Guamá";"Colares";"-";"2015";5
"Economia";"Pecuária";"Efetivo de Rebanho Suínos (Matrizes)";"Guamá";"Colares";"-";"2016";3
"Economia";"Pecuária";"Efetivo de Rebanho Suínos (Matrizes)";"Guamá";"Colares";"-";"2017";4
"Economia";"Pecuária";"Efetivo de Rebanho Suínos (Matrizes)";"Guamá";"Colares";"-";"2018";5
"Economia";"Pecuária";"Efetivo de Rebanho Suínos (Matrizes)";"Guamá";"Colares";"-";"2019";6
"Economia";"Pecuária";"Efetivo de Rebanho Suínos (Matrizes)";"Guamá";"Colares";"-";"2020";5
"Economia";"Pecuária";"Efetivo de Rebanho Suínos (Matrizes)";"Guamá";"Colares";"-";"2021";4
"Economia";"Pecuária";"Efetivo de Rebanho Suínos (Matrizes)";"Guamá";"Colares";"-";"2022";5
"Economia";"Pecuária";"Efetivo de Rebanho Suínos (Matrizes)";"Guamá";"Colares";"-";"2023";2
"Economia";"Pecuária";"Efetivo de Rebanho Suínos (Matrizes)";"Araguaia";"Conceição do Araguaia";"-";"2011";0
"Economia";"Pecuária";"Efetivo de Rebanho Suínos (Matrizes)";"Araguaia";"Conceição do Araguaia";"-";"2012";0
"Economia";"Pecuária";"Efetivo de Rebanho Suínos (Matrizes)";"Araguaia";"Conceição do Araguaia";"-";"2013";7241
"Economia";"Pecuária";"Efetivo de Rebanho Suínos (Matrizes)";"Araguaia";"Conceição do Araguaia";"-";"2014";6699
"Economia";"Pecuária";"Efetivo de Rebanho Suínos (Matrizes)";"Araguaia";"Conceição do Araguaia";"-";"2015";6190
"Economia";"Pecuária";"Efetivo de Rebanho Suínos (Matrizes)";"Araguaia";"Conceição do Araguaia";"-";"2016";8128
"Economia";"Pecuária";"Efetivo de Rebanho Suínos (Matrizes)";"Araguaia";"Conceição do Araguaia";"-";"2017";6450
"Economia";"Pecuária";"Efetivo de Rebanho Suínos (Matrizes)";"Araguaia";"Conceição do Araguaia";"-";"2018";5392
"Economia";"Pecuária";"Efetivo de Rebanho Suínos (Matrizes)";"Araguaia";"Conceição do Araguaia";"-";"2019";5827
"Economia";"Pecuária";"Efetivo de Rebanho Suínos (Matrizes)";"Araguaia";"Conceição do Araguaia";"-";"2020";2048
"Economia";"Pecuária";"Efetivo de Rebanho Suínos (Matrizes)";"Araguaia";"Conceição do Araguaia";"-";"2021";2102
"Economia";"Pecuária";"Efetivo de Rebanho Suínos (Matrizes)";"Araguaia";"Conceição do Araguaia";"-";"2022";2276
"Economia";"Pecuária";"Efetivo de Rebanho Suínos (Matrizes)";"Araguaia";"Conceição do Araguaia";"-";"2023";1901
"Economia";"Pecuária";"Efetivo de Rebanho Suínos (Matrizes)";"Rio Capim";"Concórdia do Pará";"-";"2011";0
"Economia";"Pecuária";"Efetivo de Rebanho Suínos (Matrizes)";"Rio Capim";"Concórdia do Pará";"-";"2012";0
"Economia";"Pecuária";"Efetivo de Rebanho Suínos (Matrizes)";"Rio Capim";"Concórdia do Pará";"-";"2013";338
"Economia";"Pecuária";"Efetivo de Rebanho Suínos (Matrizes)";"Rio Capim";"Concórdia do Pará";"-";"2014";340
"Economia";"Pecuária";"Efetivo de Rebanho Suínos (Matrizes)";"Rio Capim";"Concórdia do Pará";"-";"2015";330
"Economia";"Pecuária";"Efetivo de Rebanho Suínos (Matrizes)";"Rio Capim";"Concórdia do Pará";"-";"2016";316
"Economia";"Pecuária";"Efetivo de Rebanho Suínos (Matrizes)";"Rio Capim";"Concórdia do Pará";"-";"2017";280
"Economia";"Pecuária";"Efetivo de Rebanho Suínos (Matrizes)";"Rio Capim";"Concórdia do Pará";"-";"2018";275
"Economia";"Pecuária";"Efetivo de Rebanho Suínos (Matrizes)";"Rio Capim";"Concórdia do Pará";"-";"2019";277
"Economia";"Pecuária";"Efetivo de Rebanho Suínos (Matrizes)";"Rio Capim";"Concórdia do Pará";"-";"2020";21
"Economia";"Pecuária";"Efetivo de Rebanho Suínos (Matrizes)";"Rio Capim";"Concórdia do Pará";"-";"2021";19
"Economia";"Pecuária";"Efetivo de Rebanho Suínos (Matrizes)";"Rio Capim";"Concórdia do Pará";"-";"2022";20
"Economia";"Pecuária";"Efetivo de Rebanho Suínos (Matrizes)";"Rio Capim";"Concórdia do Pará";"-";"2023";17
"Economia";"Pecuária";"Efetivo de Rebanho Suínos (Matrizes)";"Araguaia";"Cumaru do Norte";"-";"2011";0
"Economia";"Pecuária";"Efetivo de Rebanho Suínos (Matrizes)";"Araguaia";"Cumaru do Norte";"-";"2012";0
"Economia";"Pecuária";"Efetivo de Rebanho Suínos (Matrizes)";"Araguaia";"Cumaru do Norte";"-";"2013";1025
"Economia";"Pecuária";"Efetivo de Rebanho Suínos (Matrizes)";"Araguaia";"Cumaru do Norte";"-";"2014";1006
"Economia";"Pecuária";"Efetivo de Rebanho Suínos (Matrizes)";"Araguaia";"Cumaru do Norte";"-";"2015";1096
"Economia";"Pecuária";"Efetivo de Rebanho Suínos (Matrizes)";"Araguaia";"Cumaru do Norte";"-";"2016";612
"Economia";"Pecuária";"Efetivo de Rebanho Suínos (Matrizes)";"Araguaia";"Cumaru do Norte";"-";"2017";491
"Economia";"Pecuária";"Efetivo de Rebanho Suínos (Matrizes)";"Araguaia";"Cumaru do Norte";"-";"2018";420
"Economia";"Pecuária";"Efetivo de Rebanho Suínos (Matrizes)";"Araguaia";"Cumaru do Norte";"-";"2019";462
"Economia";"Pecuária";"Efetivo de Rebanho Suínos (Matrizes)";"Araguaia";"Cumaru do Norte";"-";"2020";223
"Economia";"Pecuária";"Efetivo de Rebanho Suínos (Matrizes)";"Araguaia";"Cumaru do Norte";"-";"2021";228
"Economia";"Pecuária";"Efetivo de Rebanho Suínos (Matrizes)";"Araguaia";"Cumaru do Norte";"-";"2022";222
"Economia";"Pecuária";"Efetivo de Rebanho Suínos (Matrizes)";"Araguaia";"Cumaru do Norte";"-";"2023";183
"Economia";"Pecuária";"Efetivo de Rebanho Suínos (Matrizes)";"Carajás";"Curionópolis";"-";"2011";0
"Economia";"Pecuária";"Efetivo de Rebanho Suínos (Matrizes)";"Carajás";"Curionópolis";"-";"2012";0
"Economia";"Pecuária";"Efetivo de Rebanho Suínos (Matrizes)";"Carajás";"Curionópolis";"-";"2013";770
"Economia";"Pecuária";"Efetivo de Rebanho Suínos (Matrizes)";"Carajás";"Curionópolis";"-";"2014";600
"Economia";"Pecuária";"Efetivo de Rebanho Suínos (Matrizes)";"Carajás";"Curionópolis";"-";"2015";500
"Economia";"Pecuária";"Efetivo de Rebanho Suínos (Matrizes)";"Carajás";"Curionópolis";"-";"2016";310
"Economia";"Pecuária";"Efetivo de Rebanho Suínos (Matrizes)";"Carajás";"Curionópolis";"-";"2017";645
"Economia";"Pecuária";"Efetivo de Rebanho Suínos (Matrizes)";"Carajás";"Curionópolis";"-";"2018";590
"Economia";"Pecuária";"Efetivo de Rebanho Suínos (Matrizes)";"Carajás";"Curionópolis";"-";"2019";684
"Economia";"Pecuária";"Efetivo de Rebanho Suínos (Matrizes)";"Carajás";"Curionópolis";"-";"2020";555
"Economia";"Pecuária";"Efetivo de Rebanho Suínos (Matrizes)";"Carajás";"Curionópolis";"-";"2021";410
"Economia";"Pecuária";"Efetivo de Rebanho Suínos (Matrizes)";"Carajás";"Curionópolis";"-";"2022";475
"Economia";"Pecuária";"Efetivo de Rebanho Suínos (Matrizes)";"Carajás";"Curionópolis";"-";"2023";520
"Economia";"Pecuária";"Efetivo de Rebanho Suínos (Matrizes)";"Marajó";"Curralinho";"-";"2011";0
"Economia";"Pecuária";"Efetivo de Rebanho Suínos (Matrizes)";"Marajó";"Curralinho";"-";"2012";0
"Economia";"Pecuária";"Efetivo de Rebanho Suínos (Matrizes)";"Marajó";"Curralinho";"-";"2013";1521
"Economia";"Pecuária";"Efetivo de Rebanho Suínos (Matrizes)";"Marajó";"Curralinho";"-";"2014";1518
"Economia";"Pecuária";"Efetivo de Rebanho Suínos (Matrizes)";"Marajó";"Curralinho";"-";"2015";1602
"Economia";"Pecuária";"Efetivo de Rebanho Suínos (Matrizes)";"Marajó";"Curralinho";"-";"2016";1710
"Economia";"Pecuária";"Efetivo de Rebanho Suínos (Matrizes)";"Marajó";"Curralinho";"-";"2017";1520
"Economia";"Pecuária";"Efetivo de Rebanho Suínos (Matrizes)";"Marajó";"Curralinho";"-";"2018";1510
"Economia";"Pecuária";"Efetivo de Rebanho Suínos (Matrizes)";"Marajó";"Curralinho";"-";"2019";1715
"Economia";"Pecuária";"Efetivo de Rebanho Suínos (Matrizes)";"Marajó";"Curralinho";"-";"2020";1520
"Economia";"Pecuária";"Efetivo de Rebanho Suínos (Matrizes)";"Marajó";"Curralinho";"-";"2021";928
"Economia";"Pecuária";"Efetivo de Rebanho Suínos (Matrizes)";"Marajó";"Curralinho";"-";"2022";1210
"Economia";"Pecuária";"Efetivo de Rebanho Suínos (Matrizes)";"Marajó";"Curralinho";"-";"2023";980
"Economia";"Pecuária";"Efetivo de Rebanho Suínos (Matrizes)";"Baixo Amazonas";"Curuá";"-";"2011";0
"Economia";"Pecuária";"Efetivo de Rebanho Suínos (Matrizes)";"Baixo Amazonas";"Curuá";"-";"2012";0
"Economia";"Pecuária";"Efetivo de Rebanho Suínos (Matrizes)";"Baixo Amazonas";"Curuá";"-";"2013";112
"Economia";"Pecuária";"Efetivo de Rebanho Suínos (Matrizes)";"Baixo Amazonas";"Curuá";"-";"2014";90
"Economia";"Pecuária";"Efetivo de Rebanho Suínos (Matrizes)";"Baixo Amazonas";"Curuá";"-";"2015";105
"Economia";"Pecuária";"Efetivo de Rebanho Suínos (Matrizes)";"Baixo Amazonas";"Curuá";"-";"2016";115
"Economia";"Pecuária";"Efetivo de Rebanho Suínos (Matrizes)";"Baixo Amazonas";"Curuá";"-";"2017";122
"Economia";"Pecuária";"Efetivo de Rebanho Suínos (Matrizes)";"Baixo Amazonas";"Curuá";"-";"2018";131
"Economia";"Pecuária";"Efetivo de Rebanho Suínos (Matrizes)";"Baixo Amazonas";"Curuá";"-";"2019";105
"Economia";"Pecuária";"Efetivo de Rebanho Suínos (Matrizes)";"Baixo Amazonas";"Curuá";"-";"2020";134
"Economia";"Pecuária";"Efetivo de Rebanho Suínos (Matrizes)";"Baixo Amazonas";"Curuá";"-";"2021";128
"Economia";"Pecuária";"Efetivo de Rebanho Suínos (Matrizes)";"Baixo Amazonas";"Curuá";"-";"2022";140
"Economia";"Pecuária";"Efetivo de Rebanho Suínos (Matrizes)";"Baixo Amazonas";"Curuá";"-";"2023";118
"Economia";"Pecuária";"Efetivo de Rebanho Suínos (Matrizes)";"Guamá";"Curuçá";"-";"2011";0
"Economia";"Pecuária";"Efetivo de Rebanho Suínos (Matrizes)";"Guamá";"Curuçá";"-";"2012";0
"Economia";"Pecuária";"Efetivo de Rebanho Suínos (Matrizes)";"Guamá";"Curuçá";"-";"2013";12
"Economia";"Pecuária";"Efetivo de Rebanho Suínos (Matrizes)";"Guamá";"Curuçá";"-";"2014";10
"Economia";"Pecuária";"Efetivo de Rebanho Suínos (Matrizes)";"Guamá";"Curuçá";"-";"2015";16
"Economia";"Pecuária";"Efetivo de Rebanho Suínos (Matrizes)";"Guamá";"Curuçá";"-";"2016";18
"Economia";"Pecuária";"Efetivo de Rebanho Suínos (Matrizes)";"Guamá";"Curuçá";"-";"2017";20
"Economia";"Pecuária";"Efetivo de Rebanho Suínos (Matrizes)";"Guamá";"Curuçá";"-";"2018";25
"Economia";"Pecuária";"Efetivo de Rebanho Suínos (Matrizes)";"Guamá";"Curuçá";"-";"2019";26
"Economia";"Pecuária";"Efetivo de Rebanho Suínos (Matrizes)";"Guamá";"Curuçá";"-";"2020";28
"Economia";"Pecuária";"Efetivo de Rebanho Suínos (Matrizes)";"Guamá";"Curuçá";"-";"2021";30
"Economia";"Pecuária";"Efetivo de Rebanho Suínos (Matrizes)";"Guamá";"Curuçá";"-";"2022";36
"Economia";"Pecuária";"Efetivo de Rebanho Suínos (Matrizes)";"Guamá";"Curuçá";"-";"2023";40
"Economia";"Pecuária";"Efetivo de Rebanho Suínos (Matrizes)";"Rio Capim";"Dom Eliseu";"-";"2011";0
"Economia";"Pecuária";"Efetivo de Rebanho Suínos (Matrizes)";"Rio Capim";"Dom Eliseu";"-";"2012";0
"Economia";"Pecuária";"Efetivo de Rebanho Suínos (Matrizes)";"Rio Capim";"Dom Eliseu";"-";"2013";930
"Economia";"Pecuária";"Efetivo de Rebanho Suínos (Matrizes)";"Rio Capim";"Dom Eliseu";"-";"2014";1300
"Economia";"Pecuária";"Efetivo de Rebanho Suínos (Matrizes)";"Rio Capim";"Dom Eliseu";"-";"2015";1430
"Economia";"Pecuária";"Efetivo de Rebanho Suínos (Matrizes)";"Rio Capim";"Dom Eliseu";"-";"2016";1710
"Economia";"Pecuária";"Efetivo de Rebanho Suínos (Matrizes)";"Rio Capim";"Dom Eliseu";"-";"2017";1685
"Economia";"Pecuária";"Efetivo de Rebanho Suínos (Matrizes)";"Rio Capim";"Dom Eliseu";"-";"2018";2930
"Economia";"Pecuária";"Efetivo de Rebanho Suínos (Matrizes)";"Rio Capim";"Dom Eliseu";"-";"2019";2900
"Economia";"Pecuária";"Efetivo de Rebanho Suínos (Matrizes)";"Rio Capim";"Dom Eliseu";"-";"2020";2611
"Economia";"Pecuária";"Efetivo de Rebanho Suínos (Matrizes)";"Rio Capim";"Dom Eliseu";"-";"2021";1097
"Economia";"Pecuária";"Efetivo de Rebanho Suínos (Matrizes)";"Rio Capim";"Dom Eliseu";"-";"2022";1100
"Economia";"Pecuária";"Efetivo de Rebanho Suínos (Matrizes)";"Rio Capim";"Dom Eliseu";"-";"2023";1200
"Economia";"Pecuária";"Efetivo de Rebanho Suínos (Matrizes)";"Carajás";"Eldorado do Carajás";"-";"2011";0
"Economia";"Pecuária";"Efetivo de Rebanho Suínos (Matrizes)";"Carajás";"Eldorado do Carajás";"-";"2012";0
"Economia";"Pecuária";"Efetivo de Rebanho Suínos (Matrizes)";"Carajás";"Eldorado do Carajás";"-";"2013";2400
"Economia";"Pecuária";"Efetivo de Rebanho Suínos (Matrizes)";"Carajás";"Eldorado do Carajás";"-";"2014";2300
"Economia";"Pecuária";"Efetivo de Rebanho Suínos (Matrizes)";"Carajás";"Eldorado do Carajás";"-";"2015";2400
"Economia";"Pecuária";"Efetivo de Rebanho Suínos (Matrizes)";"Carajás";"Eldorado do Carajás";"-";"2016";3300
"Economia";"Pecuária";"Efetivo de Rebanho Suínos (Matrizes)";"Carajás";"Eldorado do Carajás";"-";"2017";3500
"Economia";"Pecuária";"Efetivo de Rebanho Suínos (Matrizes)";"Carajás";"Eldorado do Carajás";"-";"2018";3350
"Economia";"Pecuária";"Efetivo de Rebanho Suínos (Matrizes)";"Carajás";"Eldorado do Carajás";"-";"2019";3900
"Economia";"Pecuária";"Efetivo de Rebanho Suínos (Matrizes)";"Carajás";"Eldorado do Carajás";"-";"2020";3200
"Economia";"Pecuária";"Efetivo de Rebanho Suínos (Matrizes)";"Carajás";"Eldorado do Carajás";"-";"2021";2500
"Economia";"Pecuária";"Efetivo de Rebanho Suínos (Matrizes)";"Carajás";"Eldorado do Carajás";"-";"2022";2290
"Economia";"Pecuária";"Efetivo de Rebanho Suínos (Matrizes)";"Carajás";"Eldorado do Carajás";"-";"2023";2000
"Economia";"Pecuária";"Efetivo de Rebanho Suínos (Matrizes)";"Baixo Amazonas";"Faro";"-";"2011";0
"Economia";"Pecuária";"Efetivo de Rebanho Suínos (Matrizes)";"Baixo Amazonas";"Faro";"-";"2012";0
"Economia";"Pecuária";"Efetivo de Rebanho Suínos (Matrizes)";"Baixo Amazonas";"Faro";"-";"2013";230
"Economia";"Pecuária";"Efetivo de Rebanho Suínos (Matrizes)";"Baixo Amazonas";"Faro";"-";"2014";150
"Economia";"Pecuária";"Efetivo de Rebanho Suínos (Matrizes)";"Baixo Amazonas";"Faro";"-";"2015";137
"Economia";"Pecuária";"Efetivo de Rebanho Suínos (Matrizes)";"Baixo Amazonas";"Faro";"-";"2016";130
"Economia";"Pecuária";"Efetivo de Rebanho Suínos (Matrizes)";"Baixo Amazonas";"Faro";"-";"2017";120
"Economia";"Pecuária";"Efetivo de Rebanho Suínos (Matrizes)";"Baixo Amazonas";"Faro";"-";"2018";110
"Economia";"Pecuária";"Efetivo de Rebanho Suínos (Matrizes)";"Baixo Amazonas";"Faro";"-";"2019";92
"Economia";"Pecuária";"Efetivo de Rebanho Suínos (Matrizes)";"Baixo Amazonas";"Faro";"-";"2020";78
"Economia";"Pecuária";"Efetivo de Rebanho Suínos (Matrizes)";"Baixo Amazonas";"Faro";"-";"2021";84
"Economia";"Pecuária";"Efetivo de Rebanho Suínos (Matrizes)";"Baixo Amazonas";"Faro";"-";"2022";91
"Economia";"Pecuária";"Efetivo de Rebanho Suínos (Matrizes)";"Baixo Amazonas";"Faro";"-";"2023";236
"Economia";"Pecuária";"Efetivo de Rebanho Suínos (Matrizes)";"Araguaia";"Floresta do Araguaia";"-";"2011";0
"Economia";"Pecuária";"Efetivo de Rebanho Suínos (Matrizes)";"Araguaia";"Floresta do Araguaia";"-";"2012";0
"Economia";"Pecuária";"Efetivo de Rebanho Suínos (Matrizes)";"Araguaia";"Floresta do Araguaia";"-";"2013";1085
"Economia";"Pecuária";"Efetivo de Rebanho Suínos (Matrizes)";"Araguaia";"Floresta do Araguaia";"-";"2014";1182
"Economia";"Pecuária";"Efetivo de Rebanho Suínos (Matrizes)";"Araguaia";"Floresta do Araguaia";"-";"2015";1076
"Economia";"Pecuária";"Efetivo de Rebanho Suínos (Matrizes)";"Araguaia";"Floresta do Araguaia";"-";"2016";1503
"Economia";"Pecuária";"Efetivo de Rebanho Suínos (Matrizes)";"Araguaia";"Floresta do Araguaia";"-";"2017";1731
"Economia";"Pecuária";"Efetivo de Rebanho Suínos (Matrizes)";"Araguaia";"Floresta do Araguaia";"-";"2018";1448
"Economia";"Pecuária";"Efetivo de Rebanho Suínos (Matrizes)";"Araguaia";"Floresta do Araguaia";"-";"2019";1243
"Economia";"Pecuária";"Efetivo de Rebanho Suínos (Matrizes)";"Araguaia";"Floresta do Araguaia";"-";"2020";615
"Economia";"Pecuária";"Efetivo de Rebanho Suínos (Matrizes)";"Araguaia";"Floresta do Araguaia";"-";"2021";691
"Economia";"Pecuária";"Efetivo de Rebanho Suínos (Matrizes)";"Araguaia";"Floresta do Araguaia";"-";"2022";1025
"Economia";"Pecuária";"Efetivo de Rebanho Suínos (Matrizes)";"Araguaia";"Floresta do Araguaia";"-";"2023";940
"Economia";"Pecuária";"Efetivo de Rebanho Suínos (Matrizes)";"Rio Capim";"Garrafão do Norte";"-";"2011";0
"Economia";"Pecuária";"Efetivo de Rebanho Suínos (Matrizes)";"Rio Capim";"Garrafão do Norte";"-";"2012";0
"Economia";"Pecuária";"Efetivo de Rebanho Suínos (Matrizes)";"Rio Capim";"Garrafão do Norte";"-";"2013";492
"Economia";"Pecuária";"Efetivo de Rebanho Suínos (Matrizes)";"Rio Capim";"Garrafão do Norte";"-";"2014";412
"Economia";"Pecuária";"Efetivo de Rebanho Suínos (Matrizes)";"Rio Capim";"Garrafão do Norte";"-";"2015";359
"Economia";"Pecuária";"Efetivo de Rebanho Suínos (Matrizes)";"Rio Capim";"Garrafão do Norte";"-";"2016";300
"Economia";"Pecuária";"Efetivo de Rebanho Suínos (Matrizes)";"Rio Capim";"Garrafão do Norte";"-";"2017";280
"Economia";"Pecuária";"Efetivo de Rebanho Suínos (Matrizes)";"Rio Capim";"Garrafão do Norte";"-";"2018";240
"Economia";"Pecuária";"Efetivo de Rebanho Suínos (Matrizes)";"Rio Capim";"Garrafão do Norte";"-";"2019";213
"Economia";"Pecuária";"Efetivo de Rebanho Suínos (Matrizes)";"Rio Capim";"Garrafão do Norte";"-";"2020";220
"Economia";"Pecuária";"Efetivo de Rebanho Suínos (Matrizes)";"Rio Capim";"Garrafão do Norte";"-";"2021";217
"Economia";"Pecuária";"Efetivo de Rebanho Suínos (Matrizes)";"Rio Capim";"Garrafão do Norte";"-";"2022";255
"Economia";"Pecuária";"Efetivo de Rebanho Suínos (Matrizes)";"Rio Capim";"Garrafão do Norte";"-";"2023";71
"Economia";"Pecuária";"Efetivo de Rebanho Suínos (Matrizes)";"Lago de Tucuruí";"Goianésia do Pará";"-";"2011";0
"Economia";"Pecuária";"Efetivo de Rebanho Suínos (Matrizes)";"Lago de Tucuruí";"Goianésia do Pará";"-";"2012";0
"Economia";"Pecuária";"Efetivo de Rebanho Suínos (Matrizes)";"Lago de Tucuruí";"Goianésia do Pará";"-";"2013";1966
"Economia";"Pecuária";"Efetivo de Rebanho Suínos (Matrizes)";"Lago de Tucuruí";"Goianésia do Pará";"-";"2014";1803
"Economia";"Pecuária";"Efetivo de Rebanho Suínos (Matrizes)";"Lago de Tucuruí";"Goianésia do Pará";"-";"2015";1500
"Economia";"Pecuária";"Efetivo de Rebanho Suínos (Matrizes)";"Lago de Tucuruí";"Goianésia do Pará";"-";"2016";1550
"Economia";"Pecuária";"Efetivo de Rebanho Suínos (Matrizes)";"Lago de Tucuruí";"Goianésia do Pará";"-";"2017";689
"Economia";"Pecuária";"Efetivo de Rebanho Suínos (Matrizes)";"Lago de Tucuruí";"Goianésia do Pará";"-";"2018";653
"Economia";"Pecuária";"Efetivo de Rebanho Suínos (Matrizes)";"Lago de Tucuruí";"Goianésia do Pará";"-";"2019";532
"Economia";"Pecuária";"Efetivo de Rebanho Suínos (Matrizes)";"Lago de Tucuruí";"Goianésia do Pará";"-";"2020";484
"Economia";"Pecuária";"Efetivo de Rebanho Suínos (Matrizes)";"Lago de Tucuruí";"Goianésia do Pará";"-";"2021";483
"Economia";"Pecuária";"Efetivo de Rebanho Suínos (Matrizes)";"Lago de Tucuruí";"Goianésia do Pará";"-";"2022";400
"Economia";"Pecuária";"Efetivo de Rebanho Suínos (Matrizes)";"Lago de Tucuruí";"Goianésia do Pará";"-";"2023";113
"Economia";"Pecuária";"Efetivo de Rebanho Suínos (Matrizes)";"Marajó";"Gurupá";"-";"2011";0
"Economia";"Pecuária";"Efetivo de Rebanho Suínos (Matrizes)";"Marajó";"Gurupá";"-";"2012";0
"Economia";"Pecuária";"Efetivo de Rebanho Suínos (Matrizes)";"Marajó";"Gurupá";"-";"2013";0
"Economia";"Pecuária";"Efetivo de Rebanho Suínos (Matrizes)";"Marajó";"Gurupá";"-";"2014";10
"Economia";"Pecuária";"Efetivo de Rebanho Suínos (Matrizes)";"Marajó";"Gurupá";"-";"2015";9
"Economia";"Pecuária";"Efetivo de Rebanho Suínos (Matrizes)";"Marajó";"Gurupá";"-";"2016";8
"Economia";"Pecuária";"Efetivo de Rebanho Suínos (Matrizes)";"Marajó";"Gurupá";"-";"2017";9
"Economia";"Pecuária";"Efetivo de Rebanho Suínos (Matrizes)";"Marajó";"Gurupá";"-";"2018";10
"Economia";"Pecuária";"Efetivo de Rebanho Suínos (Matrizes)";"Marajó";"Gurupá";"-";"2019";15
"Economia";"Pecuária";"Efetivo de Rebanho Suínos (Matrizes)";"Marajó";"Gurupá";"-";"2020";16
"Economia";"Pecuária";"Efetivo de Rebanho Suínos (Matrizes)";"Marajó";"Gurupá";"-";"2021";15
"Economia";"Pecuária";"Efetivo de Rebanho Suínos (Matrizes)";"Marajó";"Gurupá";"-";"2022";16
"Economia";"Pecuária";"Efetivo de Rebanho Suínos (Matrizes)";"Marajó";"Gurupá";"-";"2023";17
"Economia";"Pecuária";"Efetivo de Rebanho Suínos (Matrizes)";"Guamá";"Igarapé-Açu";"-";"2011";0
"Economia";"Pecuária";"Efetivo de Rebanho Suínos (Matrizes)";"Guamá";"Igarapé-Açu";"-";"2012";0
"Economia";"Pecuária";"Efetivo de Rebanho Suínos (Matrizes)";"Guamá";"Igarapé-Açu";"-";"2013";63
"Economia";"Pecuária";"Efetivo de Rebanho Suínos (Matrizes)";"Guamá";"Igarapé-Açu";"-";"2014";54
"Economia";"Pecuária";"Efetivo de Rebanho Suínos (Matrizes)";"Guamá";"Igarapé-Açu";"-";"2015";16
"Economia";"Pecuária";"Efetivo de Rebanho Suínos (Matrizes)";"Guamá";"Igarapé-Açu";"-";"2016";14
"Economia";"Pecuária";"Efetivo de Rebanho Suínos (Matrizes)";"Guamá";"Igarapé-Açu";"-";"2017";100
"Economia";"Pecuária";"Efetivo de Rebanho Suínos (Matrizes)";"Guamá";"Igarapé-Açu";"-";"2018";115
"Economia";"Pecuária";"Efetivo de Rebanho Suínos (Matrizes)";"Guamá";"Igarapé-Açu";"-";"2019";136
"Economia";"Pecuária";"Efetivo de Rebanho Suínos (Matrizes)";"Guamá";"Igarapé-Açu";"-";"2020";140
"Economia";"Pecuária";"Efetivo de Rebanho Suínos (Matrizes)";"Guamá";"Igarapé-Açu";"-";"2021";120
"Economia";"Pecuária";"Efetivo de Rebanho Suínos (Matrizes)";"Guamá";"Igarapé-Açu";"-";"2022";110
"Economia";"Pecuária";"Efetivo de Rebanho Suínos (Matrizes)";"Guamá";"Igarapé-Açu";"-";"2023";120
"Economia";"Pecuária";"Efetivo de Rebanho Suínos (Matrizes)";"Tocantins";"Igarapé-Miri";"-";"2011";0
"Economia";"Pecuária";"Efetivo de Rebanho Suínos (Matrizes)";"Tocantins";"Igarapé-Miri";"-";"2012";0
"Economia";"Pecuária";"Efetivo de Rebanho Suínos (Matrizes)";"Tocantins";"Igarapé-Miri";"-";"2013";1500
"Economia";"Pecuária";"Efetivo de Rebanho Suínos (Matrizes)";"Tocantins";"Igarapé-Miri";"-";"2014";1480
"Economia";"Pecuária";"Efetivo de Rebanho Suínos (Matrizes)";"Tocantins";"Igarapé-Miri";"-";"2015";1430
"Economia";"Pecuária";"Efetivo de Rebanho Suínos (Matrizes)";"Tocantins";"Igarapé-Miri";"-";"2016";1400
"Economia";"Pecuária";"Efetivo de Rebanho Suínos (Matrizes)";"Tocantins";"Igarapé-Miri";"-";"2017";376
"Economia";"Pecuária";"Efetivo de Rebanho Suínos (Matrizes)";"Tocantins";"Igarapé-Miri";"-";"2018";421
"Economia";"Pecuária";"Efetivo de Rebanho Suínos (Matrizes)";"Tocantins";"Igarapé-Miri";"-";"2019";430
"Economia";"Pecuária";"Efetivo de Rebanho Suínos (Matrizes)";"Tocantins";"Igarapé-Miri";"-";"2020";400
"Economia";"Pecuária";"Efetivo de Rebanho Suínos (Matrizes)";"Tocantins";"Igarapé-Miri";"-";"2021";430
"Economia";"Pecuária";"Efetivo de Rebanho Suínos (Matrizes)";"Tocantins";"Igarapé-Miri";"-";"2022";450
"Economia";"Pecuária";"Efetivo de Rebanho Suínos (Matrizes)";"Tocantins";"Igarapé-Miri";"-";"2023";430
"Economia";"Pecuária";"Efetivo de Rebanho Suínos (Matrizes)";"Guamá";"Inhangapi";"-";"2011";0
"Economia";"Pecuária";"Efetivo de Rebanho Suínos (Matrizes)";"Guamá";"Inhangapi";"-";"2012";0
"Economia";"Pecuária";"Efetivo de Rebanho Suínos (Matrizes)";"Guamá";"Inhangapi";"-";"2013";14
"Economia";"Pecuária";"Efetivo de Rebanho Suínos (Matrizes)";"Guamá";"Inhangapi";"-";"2014";15
"Economia";"Pecuária";"Efetivo de Rebanho Suínos (Matrizes)";"Guamá";"Inhangapi";"-";"2015";16
"Economia";"Pecuária";"Efetivo de Rebanho Suínos (Matrizes)";"Guamá";"Inhangapi";"-";"2016";18
"Economia";"Pecuária";"Efetivo de Rebanho Suínos (Matrizes)";"Guamá";"Inhangapi";"-";"2017";23
"Economia";"Pecuária";"Efetivo de Rebanho Suínos (Matrizes)";"Guamá";"Inhangapi";"-";"2018";25
"Economia";"Pecuária";"Efetivo de Rebanho Suínos (Matrizes)";"Guamá";"Inhangapi";"-";"2019";29
"Economia";"Pecuária";"Efetivo de Rebanho Suínos (Matrizes)";"Guamá";"Inhangapi";"-";"2020";40
"Economia";"Pecuária";"Efetivo de Rebanho Suínos (Matrizes)";"Guamá";"Inhangapi";"-";"2021";50
"Economia";"Pecuária";"Efetivo de Rebanho Suínos (Matrizes)";"Guamá";"Inhangapi";"-";"2022";57
"Economia";"Pecuária";"Efetivo de Rebanho Suínos (Matrizes)";"Guamá";"Inhangapi";"-";"2023";60
"Economia";"Pecuária";"Efetivo de Rebanho Suínos (Matrizes)";"Rio Capim";"Ipixuna do Pará";"-";"2011";0
"Economia";"Pecuária";"Efetivo de Rebanho Suínos (Matrizes)";"Rio Capim";"Ipixuna do Pará";"-";"2012";0
"Economia";"Pecuária";"Efetivo de Rebanho Suínos (Matrizes)";"Rio Capim";"Ipixuna do Pará";"-";"2013";647
"Economia";"Pecuária";"Efetivo de Rebanho Suínos (Matrizes)";"Rio Capim";"Ipixuna do Pará";"-";"2014";630
"Economia";"Pecuária";"Efetivo de Rebanho Suínos (Matrizes)";"Rio Capim";"Ipixuna do Pará";"-";"2015";680
"Economia";"Pecuária";"Efetivo de Rebanho Suínos (Matrizes)";"Rio Capim";"Ipixuna do Pará";"-";"2016";708
"Economia";"Pecuária";"Efetivo de Rebanho Suínos (Matrizes)";"Rio Capim";"Ipixuna do Pará";"-";"2017";652
"Economia";"Pecuária";"Efetivo de Rebanho Suínos (Matrizes)";"Rio Capim";"Ipixuna do Pará";"-";"2018";845
"Economia";"Pecuária";"Efetivo de Rebanho Suínos (Matrizes)";"Rio Capim";"Ipixuna do Pará";"-";"2019";895
"Economia";"Pecuária";"Efetivo de Rebanho Suínos (Matrizes)";"Rio Capim";"Ipixuna do Pará";"-";"2020";230
"Economia";"Pecuária";"Efetivo de Rebanho Suínos (Matrizes)";"Rio Capim";"Ipixuna do Pará";"-";"2021";187
"Economia";"Pecuária";"Efetivo de Rebanho Suínos (Matrizes)";"Rio Capim";"Ipixuna do Pará";"-";"2022";215
"Economia";"Pecuária";"Efetivo de Rebanho Suínos (Matrizes)";"Rio Capim";"Ipixuna do Pará";"-";"2023";230
"Economia";"Pecuária";"Efetivo de Rebanho Suínos (Matrizes)";"Rio Capim";"Irituia";"-";"2011";0
"Economia";"Pecuária";"Efetivo de Rebanho Suínos (Matrizes)";"Rio Capim";"Irituia";"-";"2012";0
"Economia";"Pecuária";"Efetivo de Rebanho Suínos (Matrizes)";"Rio Capim";"Irituia";"-";"2013";32
"Economia";"Pecuária";"Efetivo de Rebanho Suínos (Matrizes)";"Rio Capim";"Irituia";"-";"2014";35
"Economia";"Pecuária";"Efetivo de Rebanho Suínos (Matrizes)";"Rio Capim";"Irituia";"-";"2015";42
"Economia";"Pecuária";"Efetivo de Rebanho Suínos (Matrizes)";"Rio Capim";"Irituia";"-";"2016";45
"Economia";"Pecuária";"Efetivo de Rebanho Suínos (Matrizes)";"Rio Capim";"Irituia";"-";"2017";50
"Economia";"Pecuária";"Efetivo de Rebanho Suínos (Matrizes)";"Rio Capim";"Irituia";"-";"2018";58
"Economia";"Pecuária";"Efetivo de Rebanho Suínos (Matrizes)";"Rio Capim";"Irituia";"-";"2019";60
"Economia";"Pecuária";"Efetivo de Rebanho Suínos (Matrizes)";"Rio Capim";"Irituia";"-";"2020";55
"Economia";"Pecuária";"Efetivo de Rebanho Suínos (Matrizes)";"Rio Capim";"Irituia";"-";"2021";60
"Economia";"Pecuária";"Efetivo de Rebanho Suínos (Matrizes)";"Rio Capim";"Irituia";"-";"2022";200
"Economia";"Pecuária";"Efetivo de Rebanho Suínos (Matrizes)";"Rio Capim";"Irituia";"-";"2023";235
"Economia";"Pecuária";"Efetivo de Rebanho Suínos (Matrizes)";"Tapajós";"Itaituba";"-";"2011";0
"Economia";"Pecuária";"Efetivo de Rebanho Suínos (Matrizes)";"Tapajós";"Itaituba";"-";"2012";0
"Economia";"Pecuária";"Efetivo de Rebanho Suínos (Matrizes)";"Tapajós";"Itaituba";"-";"2013";1545
"Economia";"Pecuária";"Efetivo de Rebanho Suínos (Matrizes)";"Tapajós";"Itaituba";"-";"2014";1560
"Economia";"Pecuária";"Efetivo de Rebanho Suínos (Matrizes)";"Tapajós";"Itaituba";"-";"2015";1607
"Economia";"Pecuária";"Efetivo de Rebanho Suínos (Matrizes)";"Tapajós";"Itaituba";"-";"2016";1779
"Economia";"Pecuária";"Efetivo de Rebanho Suínos (Matrizes)";"Tapajós";"Itaituba";"-";"2017";2190
"Economia";"Pecuária";"Efetivo de Rebanho Suínos (Matrizes)";"Tapajós";"Itaituba";"-";"2018";2375
"Economia";"Pecuária";"Efetivo de Rebanho Suínos (Matrizes)";"Tapajós";"Itaituba";"-";"2019";2622
"Economia";"Pecuária";"Efetivo de Rebanho Suínos (Matrizes)";"Tapajós";"Itaituba";"-";"2020";2453
"Economia";"Pecuária";"Efetivo de Rebanho Suínos (Matrizes)";"Tapajós";"Itaituba";"-";"2021";1495
"Economia";"Pecuária";"Efetivo de Rebanho Suínos (Matrizes)";"Tapajós";"Itaituba";"-";"2022";1550
"Economia";"Pecuária";"Efetivo de Rebanho Suínos (Matrizes)";"Tapajós";"Itaituba";"-";"2023";700
"Economia";"Pecuária";"Efetivo de Rebanho Suínos (Matrizes)";"Lago de Tucuruí";"Itupiranga";"-";"2011";0
"Economia";"Pecuária";"Efetivo de Rebanho Suínos (Matrizes)";"Lago de Tucuruí";"Itupiranga";"-";"2012";0
"Economia";"Pecuária";"Efetivo de Rebanho Suínos (Matrizes)";"Lago de Tucuruí";"Itupiranga";"-";"2013";1700
"Economia";"Pecuária";"Efetivo de Rebanho Suínos (Matrizes)";"Lago de Tucuruí";"Itupiranga";"-";"2014";1300
"Economia";"Pecuária";"Efetivo de Rebanho Suínos (Matrizes)";"Lago de Tucuruí";"Itupiranga";"-";"2015";1330
"Economia";"Pecuária";"Efetivo de Rebanho Suínos (Matrizes)";"Lago de Tucuruí";"Itupiranga";"-";"2016";2500
"Economia";"Pecuária";"Efetivo de Rebanho Suínos (Matrizes)";"Lago de Tucuruí";"Itupiranga";"-";"2017";2700
"Economia";"Pecuária";"Efetivo de Rebanho Suínos (Matrizes)";"Lago de Tucuruí";"Itupiranga";"-";"2018";2750
"Economia";"Pecuária";"Efetivo de Rebanho Suínos (Matrizes)";"Lago de Tucuruí";"Itupiranga";"-";"2019";3297
"Economia";"Pecuária";"Efetivo de Rebanho Suínos (Matrizes)";"Lago de Tucuruí";"Itupiranga";"-";"2020";3940
"Economia";"Pecuária";"Efetivo de Rebanho Suínos (Matrizes)";"Lago de Tucuruí";"Itupiranga";"-";"2021";4800
"Economia";"Pecuária";"Efetivo de Rebanho Suínos (Matrizes)";"Lago de Tucuruí";"Itupiranga";"-";"2022";4590
"Economia";"Pecuária";"Efetivo de Rebanho Suínos (Matrizes)";"Lago de Tucuruí";"Itupiranga";"-";"2023";4100
"Economia";"Pecuária";"Efetivo de Rebanho Suínos (Matrizes)";"Tapajós";"Jacareacanga";"-";"2011";0
"Economia";"Pecuária";"Efetivo de Rebanho Suínos (Matrizes)";"Tapajós";"Jacareacanga";"-";"2012";0
"Economia";"Pecuária";"Efetivo de Rebanho Suínos (Matrizes)";"Tapajós";"Jacareacanga";"-";"2013";710
"Economia";"Pecuária";"Efetivo de Rebanho Suínos (Matrizes)";"Tapajós";"Jacareacanga";"-";"2014";730
"Economia";"Pecuária";"Efetivo de Rebanho Suínos (Matrizes)";"Tapajós";"Jacareacanga";"-";"2015";737
"Economia";"Pecuária";"Efetivo de Rebanho Suínos (Matrizes)";"Tapajós";"Jacareacanga";"-";"2016";759
"Economia";"Pecuária";"Efetivo de Rebanho Suínos (Matrizes)";"Tapajós";"Jacareacanga";"-";"2017";635
"Economia";"Pecuária";"Efetivo de Rebanho Suínos (Matrizes)";"Tapajós";"Jacareacanga";"-";"2018";618
"Economia";"Pecuária";"Efetivo de Rebanho Suínos (Matrizes)";"Tapajós";"Jacareacanga";"-";"2019";588
"Economia";"Pecuária";"Efetivo de Rebanho Suínos (Matrizes)";"Tapajós";"Jacareacanga";"-";"2020";519
"Economia";"Pecuária";"Efetivo de Rebanho Suínos (Matrizes)";"Tapajós";"Jacareacanga";"-";"2021";455
"Economia";"Pecuária";"Efetivo de Rebanho Suínos (Matrizes)";"Tapajós";"Jacareacanga";"-";"2022";390
"Economia";"Pecuária";"Efetivo de Rebanho Suínos (Matrizes)";"Tapajós";"Jacareacanga";"-";"2023";141
"Economia";"Pecuária";"Efetivo de Rebanho Suínos (Matrizes)";"Lago de Tucuruí";"Jacundá";"-";"2011";0
"Economia";"Pecuária";"Efetivo de Rebanho Suínos (Matrizes)";"Lago de Tucuruí";"Jacundá";"-";"2012";0
"Economia";"Pecuária";"Efetivo de Rebanho Suínos (Matrizes)";"Lago de Tucuruí";"Jacundá";"-";"2013";1800
"Economia";"Pecuária";"Efetivo de Rebanho Suínos (Matrizes)";"Lago de Tucuruí";"Jacundá";"-";"2014";2000
"Economia";"Pecuária";"Efetivo de Rebanho Suínos (Matrizes)";"Lago de Tucuruí";"Jacundá";"-";"2015";1800
"Economia";"Pecuária";"Efetivo de Rebanho Suínos (Matrizes)";"Lago de Tucuruí";"Jacundá";"-";"2016";1600
"Economia";"Pecuária";"Efetivo de Rebanho Suínos (Matrizes)";"Lago de Tucuruí";"Jacundá";"-";"2017";1043
"Economia";"Pecuária";"Efetivo de Rebanho Suínos (Matrizes)";"Lago de Tucuruí";"Jacundá";"-";"2018";1278
"Economia";"Pecuária";"Efetivo de Rebanho Suínos (Matrizes)";"Lago de Tucuruí";"Jacundá";"-";"2019";3000
"Economia";"Pecuária";"Efetivo de Rebanho Suínos (Matrizes)";"Lago de Tucuruí";"Jacundá";"-";"2020";2850
"Economia";"Pecuária";"Efetivo de Rebanho Suínos (Matrizes)";"Lago de Tucuruí";"Jacundá";"-";"2021";2630
"Economia";"Pecuária";"Efetivo de Rebanho Suínos (Matrizes)";"Lago de Tucuruí";"Jacundá";"-";"2022";2380
"Economia";"Pecuária";"Efetivo de Rebanho Suínos (Matrizes)";"Lago de Tucuruí";"Jacundá";"-";"2023";2100
"Economia";"Pecuária";"Efetivo de Rebanho Suínos (Matrizes)";"Baixo Amazonas";"Juruti";"-";"2011";0
"Economia";"Pecuária";"Efetivo de Rebanho Suínos (Matrizes)";"Baixo Amazonas";"Juruti";"-";"2012";0
"Economia";"Pecuária";"Efetivo de Rebanho Suínos (Matrizes)";"Baixo Amazonas";"Juruti";"-";"2013";285
"Economia";"Pecuária";"Efetivo de Rebanho Suínos (Matrizes)";"Baixo Amazonas";"Juruti";"-";"2014";267
"Economia";"Pecuária";"Efetivo de Rebanho Suínos (Matrizes)";"Baixo Amazonas";"Juruti";"-";"2015";253
"Economia";"Pecuária";"Efetivo de Rebanho Suínos (Matrizes)";"Baixo Amazonas";"Juruti";"-";"2016";185
"Economia";"Pecuária";"Efetivo de Rebanho Suínos (Matrizes)";"Baixo Amazonas";"Juruti";"-";"2017";175
"Economia";"Pecuária";"Efetivo de Rebanho Suínos (Matrizes)";"Baixo Amazonas";"Juruti";"-";"2018";217
"Economia";"Pecuária";"Efetivo de Rebanho Suínos (Matrizes)";"Baixo Amazonas";"Juruti";"-";"2019";288
"Economia";"Pecuária";"Efetivo de Rebanho Suínos (Matrizes)";"Baixo Amazonas";"Juruti";"-";"2020";260
"Economia";"Pecuária";"Efetivo de Rebanho Suínos (Matrizes)";"Baixo Amazonas";"Juruti";"-";"2021";280
"Economia";"Pecuária";"Efetivo de Rebanho Suínos (Matrizes)";"Baixo Amazonas";"Juruti";"-";"2022";291
"Economia";"Pecuária";"Efetivo de Rebanho Suínos (Matrizes)";"Baixo Amazonas";"Juruti";"-";"2023";457
"Economia";"Pecuária";"Efetivo de Rebanho Suínos (Matrizes)";"Tocantins";"Limoeiro do Ajuru";"-";"2011";0
"Economia";"Pecuária";"Efetivo de Rebanho Suínos (Matrizes)";"Tocantins";"Limoeiro do Ajuru";"-";"2012";0
"Economia";"Pecuária";"Efetivo de Rebanho Suínos (Matrizes)";"Tocantins";"Limoeiro do Ajuru";"-";"2013";0
"Economia";"Pecuária";"Efetivo de Rebanho Suínos (Matrizes)";"Tocantins";"Limoeiro do Ajuru";"-";"2014";6
"Economia";"Pecuária";"Efetivo de Rebanho Suínos (Matrizes)";"Tocantins";"Limoeiro do Ajuru";"-";"2015";10
"Economia";"Pecuária";"Efetivo de Rebanho Suínos (Matrizes)";"Tocantins";"Limoeiro do Ajuru";"-";"2016";11
"Economia";"Pecuária";"Efetivo de Rebanho Suínos (Matrizes)";"Tocantins";"Limoeiro do Ajuru";"-";"2017";500
"Economia";"Pecuária";"Efetivo de Rebanho Suínos (Matrizes)";"Tocantins";"Limoeiro do Ajuru";"-";"2018";600
"Economia";"Pecuária";"Efetivo de Rebanho Suínos (Matrizes)";"Tocantins";"Limoeiro do Ajuru";"-";"2019";650
"Economia";"Pecuária";"Efetivo de Rebanho Suínos (Matrizes)";"Tocantins";"Limoeiro do Ajuru";"-";"2020";700
"Economia";"Pecuária";"Efetivo de Rebanho Suínos (Matrizes)";"Tocantins";"Limoeiro do Ajuru";"-";"2021";710
"Economia";"Pecuária";"Efetivo de Rebanho Suínos (Matrizes)";"Tocantins";"Limoeiro do Ajuru";"-";"2022";705
"Economia";"Pecuária";"Efetivo de Rebanho Suínos (Matrizes)";"Tocantins";"Limoeiro do Ajuru";"-";"2023";750
"Economia";"Pecuária";"Efetivo de Rebanho Suínos (Matrizes)";"Rio Capim";"Mãe do Rio";"-";"2011";0
"Economia";"Pecuária";"Efetivo de Rebanho Suínos (Matrizes)";"Rio Capim";"Mãe do Rio";"-";"2012";0
"Economia";"Pecuária";"Efetivo de Rebanho Suínos (Matrizes)";"Rio Capim";"Mãe do Rio";"-";"2013";689
"Economia";"Pecuária";"Efetivo de Rebanho Suínos (Matrizes)";"Rio Capim";"Mãe do Rio";"-";"2014";5
"Economia";"Pecuária";"Efetivo de Rebanho Suínos (Matrizes)";"Rio Capim";"Mãe do Rio";"-";"2015";50
"Economia";"Pecuária";"Efetivo de Rebanho Suínos (Matrizes)";"Rio Capim";"Mãe do Rio";"-";"2016";40
"Economia";"Pecuária";"Efetivo de Rebanho Suínos (Matrizes)";"Rio Capim";"Mãe do Rio";"-";"2017";45
"Economia";"Pecuária";"Efetivo de Rebanho Suínos (Matrizes)";"Rio Capim";"Mãe do Rio";"-";"2018";41
"Economia";"Pecuária";"Efetivo de Rebanho Suínos (Matrizes)";"Rio Capim";"Mãe do Rio";"-";"2019";45
"Economia";"Pecuária";"Efetivo de Rebanho Suínos (Matrizes)";"Rio Capim";"Mãe do Rio";"-";"2020";53
"Economia";"Pecuária";"Efetivo de Rebanho Suínos (Matrizes)";"Rio Capim";"Mãe do Rio";"-";"2021";80
"Economia";"Pecuária";"Efetivo de Rebanho Suínos (Matrizes)";"Rio Capim";"Mãe do Rio";"-";"2022";83
"Economia";"Pecuária";"Efetivo de Rebanho Suínos (Matrizes)";"Rio Capim";"Mãe do Rio";"-";"2023";90
"Economia";"Pecuária";"Efetivo de Rebanho Suínos (Matrizes)";"Guamá";"Magalhães Barata";"-";"2011";0
"Economia";"Pecuária";"Efetivo de Rebanho Suínos (Matrizes)";"Guamá";"Magalhães Barata";"-";"2012";0
"Economia";"Pecuária";"Efetivo de Rebanho Suínos (Matrizes)";"Guamá";"Magalhães Barata";"-";"2013";1
"Economia";"Pecuária";"Efetivo de Rebanho Suínos (Matrizes)";"Guamá";"Magalhães Barata";"-";"2014";2
"Economia";"Pecuária";"Efetivo de Rebanho Suínos (Matrizes)";"Guamá";"Magalhães Barata";"-";"2015";12
"Economia";"Pecuária";"Efetivo de Rebanho Suínos (Matrizes)";"Guamá";"Magalhães Barata";"-";"2016";10
"Economia";"Pecuária";"Efetivo de Rebanho Suínos (Matrizes)";"Guamá";"Magalhães Barata";"-";"2017";6
"Economia";"Pecuária";"Efetivo de Rebanho Suínos (Matrizes)";"Guamá";"Magalhães Barata";"-";"2018";8
"Economia";"Pecuária";"Efetivo de Rebanho Suínos (Matrizes)";"Guamá";"Magalhães Barata";"-";"2019";9
"Economia";"Pecuária";"Efetivo de Rebanho Suínos (Matrizes)";"Guamá";"Magalhães Barata";"-";"2020";12
"Economia";"Pecuária";"Efetivo de Rebanho Suínos (Matrizes)";"Guamá";"Magalhães Barata";"-";"2021";13
"Economia";"Pecuária";"Efetivo de Rebanho Suínos (Matrizes)";"Guamá";"Magalhães Barata";"-";"2022";12
"Economia";"Pecuária";"Efetivo de Rebanho Suínos (Matrizes)";"Guamá";"Magalhães Barata";"-";"2023";14
"Economia";"Pecuária";"Efetivo de Rebanho Suínos (Matrizes)";"Carajás";"Marabá";"-";"2011";0
"Economia";"Pecuária";"Efetivo de Rebanho Suínos (Matrizes)";"Carajás";"Marabá";"-";"2012";0
"Economia";"Pecuária";"Efetivo de Rebanho Suínos (Matrizes)";"Carajás";"Marabá";"-";"2013";1800
"Economia";"Pecuária";"Efetivo de Rebanho Suínos (Matrizes)";"Carajás";"Marabá";"-";"2014";2500
"Economia";"Pecuária";"Efetivo de Rebanho Suínos (Matrizes)";"Carajás";"Marabá";"-";"2015";2670
"Economia";"Pecuária";"Efetivo de Rebanho Suínos (Matrizes)";"Carajás";"Marabá";"-";"2016";4500
"Economia";"Pecuária";"Efetivo de Rebanho Suínos (Matrizes)";"Carajás";"Marabá";"-";"2017";4200
"Economia";"Pecuária";"Efetivo de Rebanho Suínos (Matrizes)";"Carajás";"Marabá";"-";"2018";4150
"Economia";"Pecuária";"Efetivo de Rebanho Suínos (Matrizes)";"Carajás";"Marabá";"-";"2019";4978
"Economia";"Pecuária";"Efetivo de Rebanho Suínos (Matrizes)";"Carajás";"Marabá";"-";"2020";5920
"Economia";"Pecuária";"Efetivo de Rebanho Suínos (Matrizes)";"Carajás";"Marabá";"-";"2021";6790
"Economia";"Pecuária";"Efetivo de Rebanho Suínos (Matrizes)";"Carajás";"Marabá";"-";"2022";7030
"Economia";"Pecuária";"Efetivo de Rebanho Suínos (Matrizes)";"Carajás";"Marabá";"-";"2023";7500
"Economia";"Pecuária";"Efetivo de Rebanho Suínos (Matrizes)";"Guamá";"Maracanã";"-";"2011";0
"Economia";"Pecuária";"Efetivo de Rebanho Suínos (Matrizes)";"Guamá";"Maracanã";"-";"2012";0
"Economia";"Pecuária";"Efetivo de Rebanho Suínos (Matrizes)";"Guamá";"Maracanã";"-";"2013";3
"Economia";"Pecuária";"Efetivo de Rebanho Suínos (Matrizes)";"Guamá";"Maracanã";"-";"2014";4
"Economia";"Pecuária";"Efetivo de Rebanho Suínos (Matrizes)";"Guamá";"Maracanã";"-";"2015";5
"Economia";"Pecuária";"Efetivo de Rebanho Suínos (Matrizes)";"Guamá";"Maracanã";"-";"2016";6
"Economia";"Pecuária";"Efetivo de Rebanho Suínos (Matrizes)";"Guamá";"Maracanã";"-";"2017";16
"Economia";"Pecuária";"Efetivo de Rebanho Suínos (Matrizes)";"Guamá";"Maracanã";"-";"2018";20
"Economia";"Pecuária";"Efetivo de Rebanho Suínos (Matrizes)";"Guamá";"Maracanã";"-";"2019";23
"Economia";"Pecuária";"Efetivo de Rebanho Suínos (Matrizes)";"Guamá";"Maracanã";"-";"2020";22
"Economia";"Pecuária";"Efetivo de Rebanho Suínos (Matrizes)";"Guamá";"Maracanã";"-";"2021";20
"Economia";"Pecuária";"Efetivo de Rebanho Suínos (Matrizes)";"Guamá";"Maracanã";"-";"2022";21
"Economia";"Pecuária";"Efetivo de Rebanho Suínos (Matrizes)";"Guamá";"Maracanã";"-";"2023";25
"Economia";"Pecuária";"Efetivo de Rebanho Suínos (Matrizes)";"Guamá";"Marapanim";"-";"2011";0
"Economia";"Pecuária";"Efetivo de Rebanho Suínos (Matrizes)";"Guamá";"Marapanim";"-";"2012";0
"Economia";"Pecuária";"Efetivo de Rebanho Suínos (Matrizes)";"Guamá";"Marapanim";"-";"2013";31
"Economia";"Pecuária";"Efetivo de Rebanho Suínos (Matrizes)";"Guamá";"Marapanim";"-";"2014";43
"Economia";"Pecuária";"Efetivo de Rebanho Suínos (Matrizes)";"Guamá";"Marapanim";"-";"2015";28
"Economia";"Pecuária";"Efetivo de Rebanho Suínos (Matrizes)";"Guamá";"Marapanim";"-";"2016";30
"Economia";"Pecuária";"Efetivo de Rebanho Suínos (Matrizes)";"Guamá";"Marapanim";"-";"2017";27
"Economia";"Pecuária";"Efetivo de Rebanho Suínos (Matrizes)";"Guamá";"Marapanim";"-";"2018";30
"Economia";"Pecuária";"Efetivo de Rebanho Suínos (Matrizes)";"Guamá";"Marapanim";"-";"2019";35
"Economia";"Pecuária";"Efetivo de Rebanho Suínos (Matrizes)";"Guamá";"Marapanim";"-";"2020";61
"Economia";"Pecuária";"Efetivo de Rebanho Suínos (Matrizes)";"Guamá";"Marapanim";"-";"2021";71
"Economia";"Pecuária";"Efetivo de Rebanho Suínos (Matrizes)";"Guamá";"Marapanim";"-";"2022";72
"Economia";"Pecuária";"Efetivo de Rebanho Suínos (Matrizes)";"Guamá";"Marapanim";"-";"2023";80
"Economia";"Pecuária";"Efetivo de Rebanho Suínos (Matrizes)";"Guajará";"Marituba";"-";"2011";0
"Economia";"Pecuária";"Efetivo de Rebanho Suínos (Matrizes)";"Guajará";"Marituba";"-";"2012";0
"Economia";"Pecuária";"Efetivo de Rebanho Suínos (Matrizes)";"Guajará";"Marituba";"-";"2013";15
"Economia";"Pecuária";"Efetivo de Rebanho Suínos (Matrizes)";"Guajará";"Marituba";"-";"2014";17
"Economia";"Pecuária";"Efetivo de Rebanho Suínos (Matrizes)";"Guajará";"Marituba";"-";"2015";40
"Economia";"Pecuária";"Efetivo de Rebanho Suínos (Matrizes)";"Guajará";"Marituba";"-";"2016";20
"Economia";"Pecuária";"Efetivo de Rebanho Suínos (Matrizes)";"Guajará";"Marituba";"-";"2017";18
"Economia";"Pecuária";"Efetivo de Rebanho Suínos (Matrizes)";"Guajará";"Marituba";"-";"2018";20
"Economia";"Pecuária";"Efetivo de Rebanho Suínos (Matrizes)";"Guajará";"Marituba";"-";"2019";21
"Economia";"Pecuária";"Efetivo de Rebanho Suínos (Matrizes)";"Guajará";"Marituba";"-";"2020";30
"Economia";"Pecuária";"Efetivo de Rebanho Suínos (Matrizes)";"Guajará";"Marituba";"-";"2021";28
"Economia";"Pecuária";"Efetivo de Rebanho Suínos (Matrizes)";"Guajará";"Marituba";"-";"2022";27
"Economia";"Pecuária";"Efetivo de Rebanho Suínos (Matrizes)";"Guajará";"Marituba";"-";"2023";14
"Economia";"Pecuária";"Efetivo de Rebanho Suínos (Matrizes)";"Xingu";"Medicilândia";"-";"2011";0
"Economia";"Pecuária";"Efetivo de Rebanho Suínos (Matrizes)";"Xingu";"Medicilândia";"-";"2012";0
"Economia";"Pecuária";"Efetivo de Rebanho Suínos (Matrizes)";"Xingu";"Medicilândia";"-";"2013";138
"Economia";"Pecuária";"Efetivo de Rebanho Suínos (Matrizes)";"Xingu";"Medicilândia";"-";"2014";140
"Economia";"Pecuária";"Efetivo de Rebanho Suínos (Matrizes)";"Xingu";"Medicilândia";"-";"2015";121
"Economia";"Pecuária";"Efetivo de Rebanho Suínos (Matrizes)";"Xingu";"Medicilândia";"-";"2016";109
"Economia";"Pecuária";"Efetivo de Rebanho Suínos (Matrizes)";"Xingu";"Medicilândia";"-";"2017";291
"Economia";"Pecuária";"Efetivo de Rebanho Suínos (Matrizes)";"Xingu";"Medicilândia";"-";"2018";205
"Economia";"Pecuária";"Efetivo de Rebanho Suínos (Matrizes)";"Xingu";"Medicilândia";"-";"2019";45
"Economia";"Pecuária";"Efetivo de Rebanho Suínos (Matrizes)";"Xingu";"Medicilândia";"-";"2020";105
"Economia";"Pecuária";"Efetivo de Rebanho Suínos (Matrizes)";"Xingu";"Medicilândia";"-";"2021";220
"Economia";"Pecuária";"Efetivo de Rebanho Suínos (Matrizes)";"Xingu";"Medicilândia";"-";"2022";195
"Economia";"Pecuária";"Efetivo de Rebanho Suínos (Matrizes)";"Xingu";"Medicilândia";"-";"2023";221
"Economia";"Pecuária";"Efetivo de Rebanho Suínos (Matrizes)";"Marajó";"Melgaço";"-";"2011";0
"Economia";"Pecuária";"Efetivo de Rebanho Suínos (Matrizes)";"Marajó";"Melgaço";"-";"2012";0
"Economia";"Pecuária";"Efetivo de Rebanho Suínos (Matrizes)";"Marajó";"Melgaço";"-";"2013";1460
"Economia";"Pecuária";"Efetivo de Rebanho Suínos (Matrizes)";"Marajó";"Melgaço";"-";"2014";1484
"Economia";"Pecuária";"Efetivo de Rebanho Suínos (Matrizes)";"Marajó";"Melgaço";"-";"2015";1502
"Economia";"Pecuária";"Efetivo de Rebanho Suínos (Matrizes)";"Marajó";"Melgaço";"-";"2016";1603
"Economia";"Pecuária";"Efetivo de Rebanho Suínos (Matrizes)";"Marajó";"Melgaço";"-";"2017";1630
"Economia";"Pecuária";"Efetivo de Rebanho Suínos (Matrizes)";"Marajó";"Melgaço";"-";"2018";1584
"Economia";"Pecuária";"Efetivo de Rebanho Suínos (Matrizes)";"Marajó";"Melgaço";"-";"2019";1692
"Economia";"Pecuária";"Efetivo de Rebanho Suínos (Matrizes)";"Marajó";"Melgaço";"-";"2020";1415
"Economia";"Pecuária";"Efetivo de Rebanho Suínos (Matrizes)";"Marajó";"Melgaço";"-";"2021";1010
"Economia";"Pecuária";"Efetivo de Rebanho Suínos (Matrizes)";"Marajó";"Melgaço";"-";"2022";940
"Economia";"Pecuária";"Efetivo de Rebanho Suínos (Matrizes)";"Marajó";"Melgaço";"-";"2023";750
"Economia";"Pecuária";"Efetivo de Rebanho Suínos (Matrizes)";"Tocantins";"Mocajuba";"-";"2011";0
"Economia";"Pecuária";"Efetivo de Rebanho Suínos (Matrizes)";"Tocantins";"Mocajuba";"-";"2012";0
"Economia";"Pecuária";"Efetivo de Rebanho Suínos (Matrizes)";"Tocantins";"Mocajuba";"-";"2013";28
"Economia";"Pecuária";"Efetivo de Rebanho Suínos (Matrizes)";"Tocantins";"Mocajuba";"-";"2014";30
"Economia";"Pecuária";"Efetivo de Rebanho Suínos (Matrizes)";"Tocantins";"Mocajuba";"-";"2015";7
"Economia";"Pecuária";"Efetivo de Rebanho Suínos (Matrizes)";"Tocantins";"Mocajuba";"-";"2016";10
"Economia";"Pecuária";"Efetivo de Rebanho Suínos (Matrizes)";"Tocantins";"Mocajuba";"-";"2017";80
"Economia";"Pecuária";"Efetivo de Rebanho Suínos (Matrizes)";"Tocantins";"Mocajuba";"-";"2018";85
"Economia";"Pecuária";"Efetivo de Rebanho Suínos (Matrizes)";"Tocantins";"Mocajuba";"-";"2019";90
"Economia";"Pecuária";"Efetivo de Rebanho Suínos (Matrizes)";"Tocantins";"Mocajuba";"-";"2020";95
"Economia";"Pecuária";"Efetivo de Rebanho Suínos (Matrizes)";"Tocantins";"Mocajuba";"-";"2021";90
"Economia";"Pecuária";"Efetivo de Rebanho Suínos (Matrizes)";"Tocantins";"Mocajuba";"-";"2022";89
"Economia";"Pecuária";"Efetivo de Rebanho Suínos (Matrizes)";"Tocantins";"Mocajuba";"-";"2023";51
"Economia";"Pecuária";"Efetivo de Rebanho Suínos (Matrizes)";"Tocantins";"Moju";"-";"2011";0
"Economia";"Pecuária";"Efetivo de Rebanho Suínos (Matrizes)";"Tocantins";"Moju";"-";"2012";0
"Economia";"Pecuária";"Efetivo de Rebanho Suínos (Matrizes)";"Tocantins";"Moju";"-";"2013";2350
"Economia";"Pecuária";"Efetivo de Rebanho Suínos (Matrizes)";"Tocantins";"Moju";"-";"2014";2300
"Economia";"Pecuária";"Efetivo de Rebanho Suínos (Matrizes)";"Tocantins";"Moju";"-";"2015";2330
"Economia";"Pecuária";"Efetivo de Rebanho Suínos (Matrizes)";"Tocantins";"Moju";"-";"2016";2241
"Economia";"Pecuária";"Efetivo de Rebanho Suínos (Matrizes)";"Tocantins";"Moju";"-";"2017";2230
"Economia";"Pecuária";"Efetivo de Rebanho Suínos (Matrizes)";"Tocantins";"Moju";"-";"2018";2262
"Economia";"Pecuária";"Efetivo de Rebanho Suínos (Matrizes)";"Tocantins";"Moju";"-";"2019";2270
"Economia";"Pecuária";"Efetivo de Rebanho Suínos (Matrizes)";"Tocantins";"Moju";"-";"2020";2200
"Economia";"Pecuária";"Efetivo de Rebanho Suínos (Matrizes)";"Tocantins";"Moju";"-";"2021";2300
"Economia";"Pecuária";"Efetivo de Rebanho Suínos (Matrizes)";"Tocantins";"Moju";"-";"2022";2400
"Economia";"Pecuária";"Efetivo de Rebanho Suínos (Matrizes)";"Tocantins";"Moju";"-";"2023";2300
"Economia";"Pecuária";"Efetivo de Rebanho Suínos (Matrizes)";"Baixo Amazonas";"Mojuí dos campos";"-";"2011";0
"Economia";"Pecuária";"Efetivo de Rebanho Suínos (Matrizes)";"Baixo Amazonas";"Mojuí dos campos";"-";"2012";0
"Economia";"Pecuária";"Efetivo de Rebanho Suínos (Matrizes)";"Baixo Amazonas";"Mojuí dos campos";"-";"2013";247
"Economia";"Pecuária";"Efetivo de Rebanho Suínos (Matrizes)";"Baixo Amazonas";"Mojuí dos campos";"-";"2014";255
"Economia";"Pecuária";"Efetivo de Rebanho Suínos (Matrizes)";"Baixo Amazonas";"Mojuí dos campos";"-";"2015";263
"Economia";"Pecuária";"Efetivo de Rebanho Suínos (Matrizes)";"Baixo Amazonas";"Mojuí dos campos";"-";"2016";269
"Economia";"Pecuária";"Efetivo de Rebanho Suínos (Matrizes)";"Baixo Amazonas";"Mojuí dos campos";"-";"2017";685
"Economia";"Pecuária";"Efetivo de Rebanho Suínos (Matrizes)";"Baixo Amazonas";"Mojuí dos campos";"-";"2018";772
"Economia";"Pecuária";"Efetivo de Rebanho Suínos (Matrizes)";"Baixo Amazonas";"Mojuí dos campos";"-";"2019";784
"Economia";"Pecuária";"Efetivo de Rebanho Suínos (Matrizes)";"Baixo Amazonas";"Mojuí dos campos";"-";"2020";799
"Economia";"Pecuária";"Efetivo de Rebanho Suínos (Matrizes)";"Baixo Amazonas";"Mojuí dos campos";"-";"2021";761
"Economia";"Pecuária";"Efetivo de Rebanho Suínos (Matrizes)";"Baixo Amazonas";"Mojuí dos campos";"-";"2022";799
"Economia";"Pecuária";"Efetivo de Rebanho Suínos (Matrizes)";"Baixo Amazonas";"Mojuí dos campos";"-";"2023";672
"Economia";"Pecuária";"Efetivo de Rebanho Suínos (Matrizes)";"Baixo Amazonas";"Monte Alegre";"-";"2011";0
"Economia";"Pecuária";"Efetivo de Rebanho Suínos (Matrizes)";"Baixo Amazonas";"Monte Alegre";"-";"2012";0
"Economia";"Pecuária";"Efetivo de Rebanho Suínos (Matrizes)";"Baixo Amazonas";"Monte Alegre";"-";"2013";3472
"Economia";"Pecuária";"Efetivo de Rebanho Suínos (Matrizes)";"Baixo Amazonas";"Monte Alegre";"-";"2014";3541
"Economia";"Pecuária";"Efetivo de Rebanho Suínos (Matrizes)";"Baixo Amazonas";"Monte Alegre";"-";"2015";3633
"Economia";"Pecuária";"Efetivo de Rebanho Suínos (Matrizes)";"Baixo Amazonas";"Monte Alegre";"-";"2016";8750
"Economia";"Pecuária";"Efetivo de Rebanho Suínos (Matrizes)";"Baixo Amazonas";"Monte Alegre";"-";"2017";2790
"Economia";"Pecuária";"Efetivo de Rebanho Suínos (Matrizes)";"Baixo Amazonas";"Monte Alegre";"-";"2018";2410
"Economia";"Pecuária";"Efetivo de Rebanho Suínos (Matrizes)";"Baixo Amazonas";"Monte Alegre";"-";"2019";2268
"Economia";"Pecuária";"Efetivo de Rebanho Suínos (Matrizes)";"Baixo Amazonas";"Monte Alegre";"-";"2020";2157
"Economia";"Pecuária";"Efetivo de Rebanho Suínos (Matrizes)";"Baixo Amazonas";"Monte Alegre";"-";"2021";2008
"Economia";"Pecuária";"Efetivo de Rebanho Suínos (Matrizes)";"Baixo Amazonas";"Monte Alegre";"-";"2022";1879
"Economia";"Pecuária";"Efetivo de Rebanho Suínos (Matrizes)";"Baixo Amazonas";"Monte Alegre";"-";"2023";1907
"Economia";"Pecuária";"Efetivo de Rebanho Suínos (Matrizes)";"Marajó";"Muaná";"-";"2011";0
"Economia";"Pecuária";"Efetivo de Rebanho Suínos (Matrizes)";"Marajó";"Muaná";"-";"2012";0
"Economia";"Pecuária";"Efetivo de Rebanho Suínos (Matrizes)";"Marajó";"Muaná";"-";"2013";4715
"Economia";"Pecuária";"Efetivo de Rebanho Suínos (Matrizes)";"Marajó";"Muaná";"-";"2014";3859
"Economia";"Pecuária";"Efetivo de Rebanho Suínos (Matrizes)";"Marajó";"Muaná";"-";"2015";3180
"Economia";"Pecuária";"Efetivo de Rebanho Suínos (Matrizes)";"Marajó";"Muaná";"-";"2016";3100
"Economia";"Pecuária";"Efetivo de Rebanho Suínos (Matrizes)";"Marajó";"Muaná";"-";"2017";2845
"Economia";"Pecuária";"Efetivo de Rebanho Suínos (Matrizes)";"Marajó";"Muaná";"-";"2018";2310
"Economia";"Pecuária";"Efetivo de Rebanho Suínos (Matrizes)";"Marajó";"Muaná";"-";"2019";2056
"Economia";"Pecuária";"Efetivo de Rebanho Suínos (Matrizes)";"Marajó";"Muaná";"-";"2020";1689
"Economia";"Pecuária";"Efetivo de Rebanho Suínos (Matrizes)";"Marajó";"Muaná";"-";"2021";1780
"Economia";"Pecuária";"Efetivo de Rebanho Suínos (Matrizes)";"Marajó";"Muaná";"-";"2022";1470
"Economia";"Pecuária";"Efetivo de Rebanho Suínos (Matrizes)";"Marajó";"Muaná";"-";"2023";1180
"Economia";"Pecuária";"Efetivo de Rebanho Suínos (Matrizes)";"Rio Capim";"Nova Esperança do Piriá";"-";"2011";0
"Economia";"Pecuária";"Efetivo de Rebanho Suínos (Matrizes)";"Rio Capim";"Nova Esperança do Piriá";"-";"2012";0
"Economia";"Pecuária";"Efetivo de Rebanho Suínos (Matrizes)";"Rio Capim";"Nova Esperança do Piriá";"-";"2013";348
"Economia";"Pecuária";"Efetivo de Rebanho Suínos (Matrizes)";"Rio Capim";"Nova Esperança do Piriá";"-";"2014";295
"Economia";"Pecuária";"Efetivo de Rebanho Suínos (Matrizes)";"Rio Capim";"Nova Esperança do Piriá";"-";"2015";136
"Economia";"Pecuária";"Efetivo de Rebanho Suínos (Matrizes)";"Rio Capim";"Nova Esperança do Piriá";"-";"2016";115
"Economia";"Pecuária";"Efetivo de Rebanho Suínos (Matrizes)";"Rio Capim";"Nova Esperança do Piriá";"-";"2017";100
"Economia";"Pecuária";"Efetivo de Rebanho Suínos (Matrizes)";"Rio Capim";"Nova Esperança do Piriá";"-";"2018";84
"Economia";"Pecuária";"Efetivo de Rebanho Suínos (Matrizes)";"Rio Capim";"Nova Esperança do Piriá";"-";"2019";92
"Economia";"Pecuária";"Efetivo de Rebanho Suínos (Matrizes)";"Rio Capim";"Nova Esperança do Piriá";"-";"2020";90
"Economia";"Pecuária";"Efetivo de Rebanho Suínos (Matrizes)";"Rio Capim";"Nova Esperança do Piriá";"-";"2021";100
"Economia";"Pecuária";"Efetivo de Rebanho Suínos (Matrizes)";"Rio Capim";"Nova Esperança do Piriá";"-";"2022";106
"Economia";"Pecuária";"Efetivo de Rebanho Suínos (Matrizes)";"Rio Capim";"Nova Esperança do Piriá";"-";"2023";46
"Economia";"Pecuária";"Efetivo de Rebanho Suínos (Matrizes)";"Lago de Tucuruí";"Nova Ipixuna";"-";"2011";0
"Economia";"Pecuária";"Efetivo de Rebanho Suínos (Matrizes)";"Lago de Tucuruí";"Nova Ipixuna";"-";"2012";0
"Economia";"Pecuária";"Efetivo de Rebanho Suínos (Matrizes)";"Lago de Tucuruí";"Nova Ipixuna";"-";"2013";430
"Economia";"Pecuária";"Efetivo de Rebanho Suínos (Matrizes)";"Lago de Tucuruí";"Nova Ipixuna";"-";"2014";450
"Economia";"Pecuária";"Efetivo de Rebanho Suínos (Matrizes)";"Lago de Tucuruí";"Nova Ipixuna";"-";"2015";450
"Economia";"Pecuária";"Efetivo de Rebanho Suínos (Matrizes)";"Lago de Tucuruí";"Nova Ipixuna";"-";"2016";140
"Economia";"Pecuária";"Efetivo de Rebanho Suínos (Matrizes)";"Lago de Tucuruí";"Nova Ipixuna";"-";"2017";450
"Economia";"Pecuária";"Efetivo de Rebanho Suínos (Matrizes)";"Lago de Tucuruí";"Nova Ipixuna";"-";"2018";410
"Economia";"Pecuária";"Efetivo de Rebanho Suínos (Matrizes)";"Lago de Tucuruí";"Nova Ipixuna";"-";"2019";455
"Economia";"Pecuária";"Efetivo de Rebanho Suínos (Matrizes)";"Lago de Tucuruí";"Nova Ipixuna";"-";"2020";540
"Economia";"Pecuária";"Efetivo de Rebanho Suínos (Matrizes)";"Lago de Tucuruí";"Nova Ipixuna";"-";"2021";450
"Economia";"Pecuária";"Efetivo de Rebanho Suínos (Matrizes)";"Lago de Tucuruí";"Nova Ipixuna";"-";"2022";500
"Economia";"Pecuária";"Efetivo de Rebanho Suínos (Matrizes)";"Lago de Tucuruí";"Nova Ipixuna";"-";"2023";480
"Economia";"Pecuária";"Efetivo de Rebanho Suínos (Matrizes)";"Rio Caeté";"Nova Timboteua";"-";"2011";0
"Economia";"Pecuária";"Efetivo de Rebanho Suínos (Matrizes)";"Rio Caeté";"Nova Timboteua";"-";"2012";0
"Economia";"Pecuária";"Efetivo de Rebanho Suínos (Matrizes)";"Rio Caeté";"Nova Timboteua";"-";"2013";162
"Economia";"Pecuária";"Efetivo de Rebanho Suínos (Matrizes)";"Rio Caeté";"Nova Timboteua";"-";"2014";134
"Economia";"Pecuária";"Efetivo de Rebanho Suínos (Matrizes)";"Rio Caeté";"Nova Timboteua";"-";"2015";100
"Economia";"Pecuária";"Efetivo de Rebanho Suínos (Matrizes)";"Rio Caeté";"Nova Timboteua";"-";"2016";100
"Economia";"Pecuária";"Efetivo de Rebanho Suínos (Matrizes)";"Rio Caeté";"Nova Timboteua";"-";"2017";100
"Economia";"Pecuária";"Efetivo de Rebanho Suínos (Matrizes)";"Rio Caeté";"Nova Timboteua";"-";"2018";82
"Economia";"Pecuária";"Efetivo de Rebanho Suínos (Matrizes)";"Rio Caeté";"Nova Timboteua";"-";"2019";80
"Economia";"Pecuária";"Efetivo de Rebanho Suínos (Matrizes)";"Rio Caeté";"Nova Timboteua";"-";"2020";82
"Economia";"Pecuária";"Efetivo de Rebanho Suínos (Matrizes)";"Rio Caeté";"Nova Timboteua";"-";"2021";90
"Economia";"Pecuária";"Efetivo de Rebanho Suínos (Matrizes)";"Rio Caeté";"Nova Timboteua";"-";"2022";97
"Economia";"Pecuária";"Efetivo de Rebanho Suínos (Matrizes)";"Rio Caeté";"Nova Timboteua";"-";"2023";218
"Economia";"Pecuária";"Efetivo de Rebanho Suínos (Matrizes)";"Tapajós";"Novo Progresso";"-";"2011";0
"Economia";"Pecuária";"Efetivo de Rebanho Suínos (Matrizes)";"Tapajós";"Novo Progresso";"-";"2012";0
"Economia";"Pecuária";"Efetivo de Rebanho Suínos (Matrizes)";"Tapajós";"Novo Progresso";"-";"2013";793
"Economia";"Pecuária";"Efetivo de Rebanho Suínos (Matrizes)";"Tapajós";"Novo Progresso";"-";"2014";810
"Economia";"Pecuária";"Efetivo de Rebanho Suínos (Matrizes)";"Tapajós";"Novo Progresso";"-";"2015";1048
"Economia";"Pecuária";"Efetivo de Rebanho Suínos (Matrizes)";"Tapajós";"Novo Progresso";"-";"2016";1180
"Economia";"Pecuária";"Efetivo de Rebanho Suínos (Matrizes)";"Tapajós";"Novo Progresso";"-";"2017";1530
"Economia";"Pecuária";"Efetivo de Rebanho Suínos (Matrizes)";"Tapajós";"Novo Progresso";"-";"2018";1603
"Economia";"Pecuária";"Efetivo de Rebanho Suínos (Matrizes)";"Tapajós";"Novo Progresso";"-";"2019";1621
"Economia";"Pecuária";"Efetivo de Rebanho Suínos (Matrizes)";"Tapajós";"Novo Progresso";"-";"2020";1647
"Economia";"Pecuária";"Efetivo de Rebanho Suínos (Matrizes)";"Tapajós";"Novo Progresso";"-";"2021";1422
"Economia";"Pecuária";"Efetivo de Rebanho Suínos (Matrizes)";"Tapajós";"Novo Progresso";"-";"2022";1540
"Economia";"Pecuária";"Efetivo de Rebanho Suínos (Matrizes)";"Tapajós";"Novo Progresso";"-";"2023";227
"Economia";"Pecuária";"Efetivo de Rebanho Suínos (Matrizes)";"Lago de Tucuruí";"Novo Repartimento";"-";"2011";0
"Economia";"Pecuária";"Efetivo de Rebanho Suínos (Matrizes)";"Lago de Tucuruí";"Novo Repartimento";"-";"2012";0
"Economia";"Pecuária";"Efetivo de Rebanho Suínos (Matrizes)";"Lago de Tucuruí";"Novo Repartimento";"-";"2013";4374
"Economia";"Pecuária";"Efetivo de Rebanho Suínos (Matrizes)";"Lago de Tucuruí";"Novo Repartimento";"-";"2014";7142
"Economia";"Pecuária";"Efetivo de Rebanho Suínos (Matrizes)";"Lago de Tucuruí";"Novo Repartimento";"-";"2015";7540
"Economia";"Pecuária";"Efetivo de Rebanho Suínos (Matrizes)";"Lago de Tucuruí";"Novo Repartimento";"-";"2016";8000
"Economia";"Pecuária";"Efetivo de Rebanho Suínos (Matrizes)";"Lago de Tucuruí";"Novo Repartimento";"-";"2017";7300
"Economia";"Pecuária";"Efetivo de Rebanho Suínos (Matrizes)";"Lago de Tucuruí";"Novo Repartimento";"-";"2018";6600
"Economia";"Pecuária";"Efetivo de Rebanho Suínos (Matrizes)";"Lago de Tucuruí";"Novo Repartimento";"-";"2019";3647
"Economia";"Pecuária";"Efetivo de Rebanho Suínos (Matrizes)";"Lago de Tucuruí";"Novo Repartimento";"-";"2020";2797
"Economia";"Pecuária";"Efetivo de Rebanho Suínos (Matrizes)";"Lago de Tucuruí";"Novo Repartimento";"-";"2021";1006
"Economia";"Pecuária";"Efetivo de Rebanho Suínos (Matrizes)";"Lago de Tucuruí";"Novo Repartimento";"-";"2022";1629
"Economia";"Pecuária";"Efetivo de Rebanho Suínos (Matrizes)";"Lago de Tucuruí";"Novo Repartimento";"-";"2023";1643
"Economia";"Pecuária";"Efetivo de Rebanho Suínos (Matrizes)";"Baixo Amazonas";"Óbidos";"-";"2011";0
"Economia";"Pecuária";"Efetivo de Rebanho Suínos (Matrizes)";"Baixo Amazonas";"Óbidos";"-";"2012";0
"Economia";"Pecuária";"Efetivo de Rebanho Suínos (Matrizes)";"Baixo Amazonas";"Óbidos";"-";"2013";232
"Economia";"Pecuária";"Efetivo de Rebanho Suínos (Matrizes)";"Baixo Amazonas";"Óbidos";"-";"2014";220
"Economia";"Pecuária";"Efetivo de Rebanho Suínos (Matrizes)";"Baixo Amazonas";"Óbidos";"-";"2015";245
"Economia";"Pecuária";"Efetivo de Rebanho Suínos (Matrizes)";"Baixo Amazonas";"Óbidos";"-";"2016";1023
"Economia";"Pecuária";"Efetivo de Rebanho Suínos (Matrizes)";"Baixo Amazonas";"Óbidos";"-";"2017";1074
"Economia";"Pecuária";"Efetivo de Rebanho Suínos (Matrizes)";"Baixo Amazonas";"Óbidos";"-";"2018";1205
"Economia";"Pecuária";"Efetivo de Rebanho Suínos (Matrizes)";"Baixo Amazonas";"Óbidos";"-";"2019";1180
"Economia";"Pecuária";"Efetivo de Rebanho Suínos (Matrizes)";"Baixo Amazonas";"Óbidos";"-";"2020";1241
"Economia";"Pecuária";"Efetivo de Rebanho Suínos (Matrizes)";"Baixo Amazonas";"Óbidos";"-";"2021";1038
"Economia";"Pecuária";"Efetivo de Rebanho Suínos (Matrizes)";"Baixo Amazonas";"Óbidos";"-";"2022";570
"Economia";"Pecuária";"Efetivo de Rebanho Suínos (Matrizes)";"Baixo Amazonas";"Óbidos";"-";"2023";178
"Economia";"Pecuária";"Efetivo de Rebanho Suínos (Matrizes)";"Marajó";"Oeiras do Pará";"-";"2011";0
"Economia";"Pecuária";"Efetivo de Rebanho Suínos (Matrizes)";"Marajó";"Oeiras do Pará";"-";"2012";0
"Economia";"Pecuária";"Efetivo de Rebanho Suínos (Matrizes)";"Marajó";"Oeiras do Pará";"-";"2013";60
"Economia";"Pecuária";"Efetivo de Rebanho Suínos (Matrizes)";"Marajó";"Oeiras do Pará";"-";"2014";40
"Economia";"Pecuária";"Efetivo de Rebanho Suínos (Matrizes)";"Marajó";"Oeiras do Pará";"-";"2015";50
"Economia";"Pecuária";"Efetivo de Rebanho Suínos (Matrizes)";"Marajó";"Oeiras do Pará";"-";"2016";70
"Economia";"Pecuária";"Efetivo de Rebanho Suínos (Matrizes)";"Marajó";"Oeiras do Pará";"-";"2017";200
"Economia";"Pecuária";"Efetivo de Rebanho Suínos (Matrizes)";"Marajó";"Oeiras do Pará";"-";"2018";300
"Economia";"Pecuária";"Efetivo de Rebanho Suínos (Matrizes)";"Marajó";"Oeiras do Pará";"-";"2019";320
"Economia";"Pecuária";"Efetivo de Rebanho Suínos (Matrizes)";"Marajó";"Oeiras do Pará";"-";"2020";330
"Economia";"Pecuária";"Efetivo de Rebanho Suínos (Matrizes)";"Marajó";"Oeiras do Pará";"-";"2021";325
"Economia";"Pecuária";"Efetivo de Rebanho Suínos (Matrizes)";"Marajó";"Oeiras do Pará";"-";"2022";320
"Economia";"Pecuária";"Efetivo de Rebanho Suínos (Matrizes)";"Marajó";"Oeiras do Pará";"-";"2023";61
"Economia";"Pecuária";"Efetivo de Rebanho Suínos (Matrizes)";"Baixo Amazonas";"Oriximiná";"-";"2011";0
"Economia";"Pecuária";"Efetivo de Rebanho Suínos (Matrizes)";"Baixo Amazonas";"Oriximiná";"-";"2012";0
"Economia";"Pecuária";"Efetivo de Rebanho Suínos (Matrizes)";"Baixo Amazonas";"Oriximiná";"-";"2013";360
"Economia";"Pecuária";"Efetivo de Rebanho Suínos (Matrizes)";"Baixo Amazonas";"Oriximiná";"-";"2014";523
"Economia";"Pecuária";"Efetivo de Rebanho Suínos (Matrizes)";"Baixo Amazonas";"Oriximiná";"-";"2015";1095
"Economia";"Pecuária";"Efetivo de Rebanho Suínos (Matrizes)";"Baixo Amazonas";"Oriximiná";"-";"2016";2521
"Economia";"Pecuária";"Efetivo de Rebanho Suínos (Matrizes)";"Baixo Amazonas";"Oriximiná";"-";"2017";2516
"Economia";"Pecuária";"Efetivo de Rebanho Suínos (Matrizes)";"Baixo Amazonas";"Oriximiná";"-";"2018";2302
"Economia";"Pecuária";"Efetivo de Rebanho Suínos (Matrizes)";"Baixo Amazonas";"Oriximiná";"-";"2019";2576
"Economia";"Pecuária";"Efetivo de Rebanho Suínos (Matrizes)";"Baixo Amazonas";"Oriximiná";"-";"2020";1240
"Economia";"Pecuária";"Efetivo de Rebanho Suínos (Matrizes)";"Baixo Amazonas";"Oriximiná";"-";"2021";1335
"Economia";"Pecuária";"Efetivo de Rebanho Suínos (Matrizes)";"Baixo Amazonas";"Oriximiná";"-";"2022";1365
"Economia";"Pecuária";"Efetivo de Rebanho Suínos (Matrizes)";"Baixo Amazonas";"Oriximiná";"-";"2023";576
"Economia";"Pecuária";"Efetivo de Rebanho Suínos (Matrizes)";"Rio Capim";"Ourém";"-";"2011";0
"Economia";"Pecuária";"Efetivo de Rebanho Suínos (Matrizes)";"Rio Capim";"Ourém";"-";"2012";0
"Economia";"Pecuária";"Efetivo de Rebanho Suínos (Matrizes)";"Rio Capim";"Ourém";"-";"2013";138
"Economia";"Pecuária";"Efetivo de Rebanho Suínos (Matrizes)";"Rio Capim";"Ourém";"-";"2014";113
"Economia";"Pecuária";"Efetivo de Rebanho Suínos (Matrizes)";"Rio Capim";"Ourém";"-";"2015";75
"Economia";"Pecuária";"Efetivo de Rebanho Suínos (Matrizes)";"Rio Capim";"Ourém";"-";"2016";65
"Economia";"Pecuária";"Efetivo de Rebanho Suínos (Matrizes)";"Rio Capim";"Ourém";"-";"2017";90
"Economia";"Pecuária";"Efetivo de Rebanho Suínos (Matrizes)";"Rio Capim";"Ourém";"-";"2018";88
"Economia";"Pecuária";"Efetivo de Rebanho Suínos (Matrizes)";"Rio Capim";"Ourém";"-";"2019";96
"Economia";"Pecuária";"Efetivo de Rebanho Suínos (Matrizes)";"Rio Capim";"Ourém";"-";"2020";90
"Economia";"Pecuária";"Efetivo de Rebanho Suínos (Matrizes)";"Rio Capim";"Ourém";"-";"2021";103
"Economia";"Pecuária";"Efetivo de Rebanho Suínos (Matrizes)";"Rio Capim";"Ourém";"-";"2022";85
"Economia";"Pecuária";"Efetivo de Rebanho Suínos (Matrizes)";"Rio Capim";"Ourém";"-";"2023";38
"Economia";"Pecuária";"Efetivo de Rebanho Suínos (Matrizes)";"Araguaia";"Ourilândia do Norte";"-";"2011";0
"Economia";"Pecuária";"Efetivo de Rebanho Suínos (Matrizes)";"Araguaia";"Ourilândia do Norte";"-";"2012";0
"Economia";"Pecuária";"Efetivo de Rebanho Suínos (Matrizes)";"Araguaia";"Ourilândia do Norte";"-";"2013";847
"Economia";"Pecuária";"Efetivo de Rebanho Suínos (Matrizes)";"Araguaia";"Ourilândia do Norte";"-";"2014";690
"Economia";"Pecuária";"Efetivo de Rebanho Suínos (Matrizes)";"Araguaia";"Ourilândia do Norte";"-";"2015";623
"Economia";"Pecuária";"Efetivo de Rebanho Suínos (Matrizes)";"Araguaia";"Ourilândia do Norte";"-";"2016";608
"Economia";"Pecuária";"Efetivo de Rebanho Suínos (Matrizes)";"Araguaia";"Ourilândia do Norte";"-";"2017";922
"Economia";"Pecuária";"Efetivo de Rebanho Suínos (Matrizes)";"Araguaia";"Ourilândia do Norte";"-";"2018";959
"Economia";"Pecuária";"Efetivo de Rebanho Suínos (Matrizes)";"Araguaia";"Ourilândia do Norte";"-";"2019";1006
"Economia";"Pecuária";"Efetivo de Rebanho Suínos (Matrizes)";"Araguaia";"Ourilândia do Norte";"-";"2020";1026
"Economia";"Pecuária";"Efetivo de Rebanho Suínos (Matrizes)";"Araguaia";"Ourilândia do Norte";"-";"2021";1126
"Economia";"Pecuária";"Efetivo de Rebanho Suínos (Matrizes)";"Araguaia";"Ourilândia do Norte";"-";"2022";1270
"Economia";"Pecuária";"Efetivo de Rebanho Suínos (Matrizes)";"Araguaia";"Ourilândia do Norte";"-";"2023";686
"Economia";"Pecuária";"Efetivo de Rebanho Suínos (Matrizes)";"Xingu";"Pacajá";"-";"2011";0
"Economia";"Pecuária";"Efetivo de Rebanho Suínos (Matrizes)";"Xingu";"Pacajá";"-";"2012";0
"Economia";"Pecuária";"Efetivo de Rebanho Suínos (Matrizes)";"Xingu";"Pacajá";"-";"2013";240
"Economia";"Pecuária";"Efetivo de Rebanho Suínos (Matrizes)";"Xingu";"Pacajá";"-";"2014";240
"Economia";"Pecuária";"Efetivo de Rebanho Suínos (Matrizes)";"Xingu";"Pacajá";"-";"2015";238
"Economia";"Pecuária";"Efetivo de Rebanho Suínos (Matrizes)";"Xingu";"Pacajá";"-";"2016";218
"Economia";"Pecuária";"Efetivo de Rebanho Suínos (Matrizes)";"Xingu";"Pacajá";"-";"2017";918
"Economia";"Pecuária";"Efetivo de Rebanho Suínos (Matrizes)";"Xingu";"Pacajá";"-";"2018";780
"Economia";"Pecuária";"Efetivo de Rebanho Suínos (Matrizes)";"Xingu";"Pacajá";"-";"2019";450
"Economia";"Pecuária";"Efetivo de Rebanho Suínos (Matrizes)";"Xingu";"Pacajá";"-";"2020";275
"Economia";"Pecuária";"Efetivo de Rebanho Suínos (Matrizes)";"Xingu";"Pacajá";"-";"2021";520
"Economia";"Pecuária";"Efetivo de Rebanho Suínos (Matrizes)";"Xingu";"Pacajá";"-";"2022";1260
"Economia";"Pecuária";"Efetivo de Rebanho Suínos (Matrizes)";"Xingu";"Pacajá";"-";"2023";1415
"Economia";"Pecuária";"Efetivo de Rebanho Suínos (Matrizes)";"Carajás";"Palestina do Pará";"-";"2011";0
"Economia";"Pecuária";"Efetivo de Rebanho Suínos (Matrizes)";"Carajás";"Palestina do Pará";"-";"2012";0
"Economia";"Pecuária";"Efetivo de Rebanho Suínos (Matrizes)";"Carajás";"Palestina do Pará";"-";"2013";550
"Economia";"Pecuária";"Efetivo de Rebanho Suínos (Matrizes)";"Carajás";"Palestina do Pará";"-";"2014";500
"Economia";"Pecuária";"Efetivo de Rebanho Suínos (Matrizes)";"Carajás";"Palestina do Pará";"-";"2015";550
"Economia";"Pecuária";"Efetivo de Rebanho Suínos (Matrizes)";"Carajás";"Palestina do Pará";"-";"2016";860
"Economia";"Pecuária";"Efetivo de Rebanho Suínos (Matrizes)";"Carajás";"Palestina do Pará";"-";"2017";1243
"Economia";"Pecuária";"Efetivo de Rebanho Suínos (Matrizes)";"Carajás";"Palestina do Pará";"-";"2018";1220
"Economia";"Pecuária";"Efetivo de Rebanho Suínos (Matrizes)";"Carajás";"Palestina do Pará";"-";"2019";1460
"Economia";"Pecuária";"Efetivo de Rebanho Suínos (Matrizes)";"Carajás";"Palestina do Pará";"-";"2020";1605
"Economia";"Pecuária";"Efetivo de Rebanho Suínos (Matrizes)";"Carajás";"Palestina do Pará";"-";"2021";1350
"Economia";"Pecuária";"Efetivo de Rebanho Suínos (Matrizes)";"Carajás";"Palestina do Pará";"-";"2022";1445
"Economia";"Pecuária";"Efetivo de Rebanho Suínos (Matrizes)";"Carajás";"Palestina do Pará";"-";"2023";1400
"Economia";"Pecuária";"Efetivo de Rebanho Suínos (Matrizes)";"Rio Capim";"Paragominas";"-";"2011";0
"Economia";"Pecuária";"Efetivo de Rebanho Suínos (Matrizes)";"Rio Capim";"Paragominas";"-";"2012";0
"Economia";"Pecuária";"Efetivo de Rebanho Suínos (Matrizes)";"Rio Capim";"Paragominas";"-";"2013";1412
"Economia";"Pecuária";"Efetivo de Rebanho Suínos (Matrizes)";"Rio Capim";"Paragominas";"-";"2014";1412
"Economia";"Pecuária";"Efetivo de Rebanho Suínos (Matrizes)";"Rio Capim";"Paragominas";"-";"2015";1502
"Economia";"Pecuária";"Efetivo de Rebanho Suínos (Matrizes)";"Rio Capim";"Paragominas";"-";"2016";1600
"Economia";"Pecuária";"Efetivo de Rebanho Suínos (Matrizes)";"Rio Capim";"Paragominas";"-";"2017";1744
"Economia";"Pecuária";"Efetivo de Rebanho Suínos (Matrizes)";"Rio Capim";"Paragominas";"-";"2018";1534
"Economia";"Pecuária";"Efetivo de Rebanho Suínos (Matrizes)";"Rio Capim";"Paragominas";"-";"2019";1070
"Economia";"Pecuária";"Efetivo de Rebanho Suínos (Matrizes)";"Rio Capim";"Paragominas";"-";"2020";2380
"Economia";"Pecuária";"Efetivo de Rebanho Suínos (Matrizes)";"Rio Capim";"Paragominas";"-";"2021";1113
"Economia";"Pecuária";"Efetivo de Rebanho Suínos (Matrizes)";"Rio Capim";"Paragominas";"-";"2022";1200
"Economia";"Pecuária";"Efetivo de Rebanho Suínos (Matrizes)";"Rio Capim";"Paragominas";"-";"2023";5000
"Economia";"Pecuária";"Efetivo de Rebanho Suínos (Matrizes)";"Carajás";"Parauapebas";"-";"2011";0
"Economia";"Pecuária";"Efetivo de Rebanho Suínos (Matrizes)";"Carajás";"Parauapebas";"-";"2012";0
"Economia";"Pecuária";"Efetivo de Rebanho Suínos (Matrizes)";"Carajás";"Parauapebas";"-";"2013";990
"Economia";"Pecuária";"Efetivo de Rebanho Suínos (Matrizes)";"Carajás";"Parauapebas";"-";"2014";1200
"Economia";"Pecuária";"Efetivo de Rebanho Suínos (Matrizes)";"Carajás";"Parauapebas";"-";"2015";1300
"Economia";"Pecuária";"Efetivo de Rebanho Suínos (Matrizes)";"Carajás";"Parauapebas";"-";"2016";1500
"Economia";"Pecuária";"Efetivo de Rebanho Suínos (Matrizes)";"Carajás";"Parauapebas";"-";"2017";2800
"Economia";"Pecuária";"Efetivo de Rebanho Suínos (Matrizes)";"Carajás";"Parauapebas";"-";"2018";2640
"Economia";"Pecuária";"Efetivo de Rebanho Suínos (Matrizes)";"Carajás";"Parauapebas";"-";"2019";2850
"Economia";"Pecuária";"Efetivo de Rebanho Suínos (Matrizes)";"Carajás";"Parauapebas";"-";"2020";2540
"Economia";"Pecuária";"Efetivo de Rebanho Suínos (Matrizes)";"Carajás";"Parauapebas";"-";"2021";1660
"Economia";"Pecuária";"Efetivo de Rebanho Suínos (Matrizes)";"Carajás";"Parauapebas";"-";"2022";1985
"Economia";"Pecuária";"Efetivo de Rebanho Suínos (Matrizes)";"Carajás";"Parauapebas";"-";"2023";1800
"Economia";"Pecuária";"Efetivo de Rebanho Suínos (Matrizes)";"Araguaia";"Pau D'Arco";"-";"2011";0
"Economia";"Pecuária";"Efetivo de Rebanho Suínos (Matrizes)";"Araguaia";"Pau D'Arco";"-";"2012";0
"Economia";"Pecuária";"Efetivo de Rebanho Suínos (Matrizes)";"Araguaia";"Pau D'Arco";"-";"2013";358
"Economia";"Pecuária";"Efetivo de Rebanho Suínos (Matrizes)";"Araguaia";"Pau D'Arco";"-";"2014";554
"Economia";"Pecuária";"Efetivo de Rebanho Suínos (Matrizes)";"Araguaia";"Pau D'Arco";"-";"2015";561
"Economia";"Pecuária";"Efetivo de Rebanho Suínos (Matrizes)";"Araguaia";"Pau D'Arco";"-";"2016";458
"Economia";"Pecuária";"Efetivo de Rebanho Suínos (Matrizes)";"Araguaia";"Pau D'Arco";"-";"2017";374
"Economia";"Pecuária";"Efetivo de Rebanho Suínos (Matrizes)";"Araguaia";"Pau D'Arco";"-";"2018";383
"Economia";"Pecuária";"Efetivo de Rebanho Suínos (Matrizes)";"Araguaia";"Pau D'Arco";"-";"2019";449
"Economia";"Pecuária";"Efetivo de Rebanho Suínos (Matrizes)";"Araguaia";"Pau D'Arco";"-";"2020";204
"Economia";"Pecuária";"Efetivo de Rebanho Suínos (Matrizes)";"Araguaia";"Pau D'Arco";"-";"2021";212
"Economia";"Pecuária";"Efetivo de Rebanho Suínos (Matrizes)";"Araguaia";"Pau D'Arco";"-";"2022";205
"Economia";"Pecuária";"Efetivo de Rebanho Suínos (Matrizes)";"Araguaia";"Pau D'Arco";"-";"2023";178
"Economia";"Pecuária";"Efetivo de Rebanho Suínos (Matrizes)";"Rio Caeté";"Peixe-Boi";"-";"2011";0
"Economia";"Pecuária";"Efetivo de Rebanho Suínos (Matrizes)";"Rio Caeté";"Peixe-Boi";"-";"2012";0
"Economia";"Pecuária";"Efetivo de Rebanho Suínos (Matrizes)";"Rio Caeté";"Peixe-Boi";"-";"2013";153
"Economia";"Pecuária";"Efetivo de Rebanho Suínos (Matrizes)";"Rio Caeté";"Peixe-Boi";"-";"2014";130
"Economia";"Pecuária";"Efetivo de Rebanho Suínos (Matrizes)";"Rio Caeté";"Peixe-Boi";"-";"2015";125
"Economia";"Pecuária";"Efetivo de Rebanho Suínos (Matrizes)";"Rio Caeté";"Peixe-Boi";"-";"2016";130
"Economia";"Pecuária";"Efetivo de Rebanho Suínos (Matrizes)";"Rio Caeté";"Peixe-Boi";"-";"2017";120
"Economia";"Pecuária";"Efetivo de Rebanho Suínos (Matrizes)";"Rio Caeté";"Peixe-Boi";"-";"2018";100
"Economia";"Pecuária";"Efetivo de Rebanho Suínos (Matrizes)";"Rio Caeté";"Peixe-Boi";"-";"2019";94
"Economia";"Pecuária";"Efetivo de Rebanho Suínos (Matrizes)";"Rio Caeté";"Peixe-Boi";"-";"2020";95
"Economia";"Pecuária";"Efetivo de Rebanho Suínos (Matrizes)";"Rio Caeté";"Peixe-Boi";"-";"2021";103
"Economia";"Pecuária";"Efetivo de Rebanho Suínos (Matrizes)";"Rio Caeté";"Peixe-Boi";"-";"2022";125
"Economia";"Pecuária";"Efetivo de Rebanho Suínos (Matrizes)";"Rio Caeté";"Peixe-Boi";"-";"2023";208
"Economia";"Pecuária";"Efetivo de Rebanho Suínos (Matrizes)";"Carajás";"Piçarra";"-";"2011";0
"Economia";"Pecuária";"Efetivo de Rebanho Suínos (Matrizes)";"Carajás";"Piçarra";"-";"2012";0
"Economia";"Pecuária";"Efetivo de Rebanho Suínos (Matrizes)";"Carajás";"Piçarra";"-";"2013";2260
"Economia";"Pecuária";"Efetivo de Rebanho Suínos (Matrizes)";"Carajás";"Piçarra";"-";"2014";1594
"Economia";"Pecuária";"Efetivo de Rebanho Suínos (Matrizes)";"Carajás";"Piçarra";"-";"2015";2697
"Economia";"Pecuária";"Efetivo de Rebanho Suínos (Matrizes)";"Carajás";"Piçarra";"-";"2016";2704
"Economia";"Pecuária";"Efetivo de Rebanho Suínos (Matrizes)";"Carajás";"Piçarra";"-";"2017";3198
"Economia";"Pecuária";"Efetivo de Rebanho Suínos (Matrizes)";"Carajás";"Piçarra";"-";"2018";3288
"Economia";"Pecuária";"Efetivo de Rebanho Suínos (Matrizes)";"Carajás";"Piçarra";"-";"2019";3684
"Economia";"Pecuária";"Efetivo de Rebanho Suínos (Matrizes)";"Carajás";"Piçarra";"-";"2020";3080
"Economia";"Pecuária";"Efetivo de Rebanho Suínos (Matrizes)";"Carajás";"Piçarra";"-";"2021";3200
"Economia";"Pecuária";"Efetivo de Rebanho Suínos (Matrizes)";"Carajás";"Piçarra";"-";"2022";3380
"Economia";"Pecuária";"Efetivo de Rebanho Suínos (Matrizes)";"Carajás";"Piçarra";"-";"2023";1278
"Economia";"Pecuária";"Efetivo de Rebanho Suínos (Matrizes)";"Xingu";"Placas";"-";"2011";0
"Economia";"Pecuária";"Efetivo de Rebanho Suínos (Matrizes)";"Xingu";"Placas";"-";"2012";0
"Economia";"Pecuária";"Efetivo de Rebanho Suínos (Matrizes)";"Xingu";"Placas";"-";"2013";1323
"Economia";"Pecuária";"Efetivo de Rebanho Suínos (Matrizes)";"Xingu";"Placas";"-";"2014";1341
"Economia";"Pecuária";"Efetivo de Rebanho Suínos (Matrizes)";"Xingu";"Placas";"-";"2015";1372
"Economia";"Pecuária";"Efetivo de Rebanho Suínos (Matrizes)";"Xingu";"Placas";"-";"2016";1377
"Economia";"Pecuária";"Efetivo de Rebanho Suínos (Matrizes)";"Xingu";"Placas";"-";"2017";1435
"Economia";"Pecuária";"Efetivo de Rebanho Suínos (Matrizes)";"Xingu";"Placas";"-";"2018";1397
"Economia";"Pecuária";"Efetivo de Rebanho Suínos (Matrizes)";"Xingu";"Placas";"-";"2019";1623
"Economia";"Pecuária";"Efetivo de Rebanho Suínos (Matrizes)";"Xingu";"Placas";"-";"2020";1739
"Economia";"Pecuária";"Efetivo de Rebanho Suínos (Matrizes)";"Xingu";"Placas";"-";"2021";1216
"Economia";"Pecuária";"Efetivo de Rebanho Suínos (Matrizes)";"Xingu";"Placas";"-";"2022";1221
"Economia";"Pecuária";"Efetivo de Rebanho Suínos (Matrizes)";"Xingu";"Placas";"-";"2023";1289
"Economia";"Pecuária";"Efetivo de Rebanho Suínos (Matrizes)";"Marajó";"Ponta de Pedras";"-";"2011";0
"Economia";"Pecuária";"Efetivo de Rebanho Suínos (Matrizes)";"Marajó";"Ponta de Pedras";"-";"2012";0
"Economia";"Pecuária";"Efetivo de Rebanho Suínos (Matrizes)";"Marajó";"Ponta de Pedras";"-";"2013";1000
"Economia";"Pecuária";"Efetivo de Rebanho Suínos (Matrizes)";"Marajó";"Ponta de Pedras";"-";"2014";810
"Economia";"Pecuária";"Efetivo de Rebanho Suínos (Matrizes)";"Marajó";"Ponta de Pedras";"-";"2015";759
"Economia";"Pecuária";"Efetivo de Rebanho Suínos (Matrizes)";"Marajó";"Ponta de Pedras";"-";"2016";910
"Economia";"Pecuária";"Efetivo de Rebanho Suínos (Matrizes)";"Marajó";"Ponta de Pedras";"-";"2017";873
"Economia";"Pecuária";"Efetivo de Rebanho Suínos (Matrizes)";"Marajó";"Ponta de Pedras";"-";"2018";867
"Economia";"Pecuária";"Efetivo de Rebanho Suínos (Matrizes)";"Marajó";"Ponta de Pedras";"-";"2019";989
"Economia";"Pecuária";"Efetivo de Rebanho Suínos (Matrizes)";"Marajó";"Ponta de Pedras";"-";"2020";810
"Economia";"Pecuária";"Efetivo de Rebanho Suínos (Matrizes)";"Marajó";"Ponta de Pedras";"-";"2021";950
"Economia";"Pecuária";"Efetivo de Rebanho Suínos (Matrizes)";"Marajó";"Ponta de Pedras";"-";"2022";900
"Economia";"Pecuária";"Efetivo de Rebanho Suínos (Matrizes)";"Marajó";"Ponta de Pedras";"-";"2023";1070
"Economia";"Pecuária";"Efetivo de Rebanho Suínos (Matrizes)";"Marajó";"Portel";"-";"2011";0
"Economia";"Pecuária";"Efetivo de Rebanho Suínos (Matrizes)";"Marajó";"Portel";"-";"2012";0
"Economia";"Pecuária";"Efetivo de Rebanho Suínos (Matrizes)";"Marajó";"Portel";"-";"2013";2730
"Economia";"Pecuária";"Efetivo de Rebanho Suínos (Matrizes)";"Marajó";"Portel";"-";"2014";2875
"Economia";"Pecuária";"Efetivo de Rebanho Suínos (Matrizes)";"Marajó";"Portel";"-";"2015";2980
"Economia";"Pecuária";"Efetivo de Rebanho Suínos (Matrizes)";"Marajó";"Portel";"-";"2016";2915
"Economia";"Pecuária";"Efetivo de Rebanho Suínos (Matrizes)";"Marajó";"Portel";"-";"2017";2725
"Economia";"Pecuária";"Efetivo de Rebanho Suínos (Matrizes)";"Marajó";"Portel";"-";"2018";2720
"Economia";"Pecuária";"Efetivo de Rebanho Suínos (Matrizes)";"Marajó";"Portel";"-";"2019";2750
"Economia";"Pecuária";"Efetivo de Rebanho Suínos (Matrizes)";"Marajó";"Portel";"-";"2020";2524
"Economia";"Pecuária";"Efetivo de Rebanho Suínos (Matrizes)";"Marajó";"Portel";"-";"2021";2600
"Economia";"Pecuária";"Efetivo de Rebanho Suínos (Matrizes)";"Marajó";"Portel";"-";"2022";2380
"Economia";"Pecuária";"Efetivo de Rebanho Suínos (Matrizes)";"Marajó";"Portel";"-";"2023";2270
"Economia";"Pecuária";"Efetivo de Rebanho Suínos (Matrizes)";"Xingu";"Porto de Moz";"-";"2011";0
"Economia";"Pecuária";"Efetivo de Rebanho Suínos (Matrizes)";"Xingu";"Porto de Moz";"-";"2012";0
"Economia";"Pecuária";"Efetivo de Rebanho Suínos (Matrizes)";"Xingu";"Porto de Moz";"-";"2013";10
"Economia";"Pecuária";"Efetivo de Rebanho Suínos (Matrizes)";"Xingu";"Porto de Moz";"-";"2014";330
"Economia";"Pecuária";"Efetivo de Rebanho Suínos (Matrizes)";"Xingu";"Porto de Moz";"-";"2015";363
"Economia";"Pecuária";"Efetivo de Rebanho Suínos (Matrizes)";"Xingu";"Porto de Moz";"-";"2016";358
"Economia";"Pecuária";"Efetivo de Rebanho Suínos (Matrizes)";"Xingu";"Porto de Moz";"-";"2017";360
"Economia";"Pecuária";"Efetivo de Rebanho Suínos (Matrizes)";"Xingu";"Porto de Moz";"-";"2018";340
"Economia";"Pecuária";"Efetivo de Rebanho Suínos (Matrizes)";"Xingu";"Porto de Moz";"-";"2019";345
"Economia";"Pecuária";"Efetivo de Rebanho Suínos (Matrizes)";"Xingu";"Porto de Moz";"-";"2020";280
"Economia";"Pecuária";"Efetivo de Rebanho Suínos (Matrizes)";"Xingu";"Porto de Moz";"-";"2021";275
"Economia";"Pecuária";"Efetivo de Rebanho Suínos (Matrizes)";"Xingu";"Porto de Moz";"-";"2022";250
"Economia";"Pecuária";"Efetivo de Rebanho Suínos (Matrizes)";"Xingu";"Porto de Moz";"-";"2023";263
"Economia";"Pecuária";"Efetivo de Rebanho Suínos (Matrizes)";"Baixo Amazonas";"Prainha";"-";"2011";0
"Economia";"Pecuária";"Efetivo de Rebanho Suínos (Matrizes)";"Baixo Amazonas";"Prainha";"-";"2012";0
"Economia";"Pecuária";"Efetivo de Rebanho Suínos (Matrizes)";"Baixo Amazonas";"Prainha";"-";"2013";65
"Economia";"Pecuária";"Efetivo de Rebanho Suínos (Matrizes)";"Baixo Amazonas";"Prainha";"-";"2014";124
"Economia";"Pecuária";"Efetivo de Rebanho Suínos (Matrizes)";"Baixo Amazonas";"Prainha";"-";"2015";132
"Economia";"Pecuária";"Efetivo de Rebanho Suínos (Matrizes)";"Baixo Amazonas";"Prainha";"-";"2016";133
"Economia";"Pecuária";"Efetivo de Rebanho Suínos (Matrizes)";"Baixo Amazonas";"Prainha";"-";"2017";142
"Economia";"Pecuária";"Efetivo de Rebanho Suínos (Matrizes)";"Baixo Amazonas";"Prainha";"-";"2018";135
"Economia";"Pecuária";"Efetivo de Rebanho Suínos (Matrizes)";"Baixo Amazonas";"Prainha";"-";"2019";137
"Economia";"Pecuária";"Efetivo de Rebanho Suínos (Matrizes)";"Baixo Amazonas";"Prainha";"-";"2020";150
"Economia";"Pecuária";"Efetivo de Rebanho Suínos (Matrizes)";"Baixo Amazonas";"Prainha";"-";"2021";130
"Economia";"Pecuária";"Efetivo de Rebanho Suínos (Matrizes)";"Baixo Amazonas";"Prainha";"-";"2022";135
"Economia";"Pecuária";"Efetivo de Rebanho Suínos (Matrizes)";"Baixo Amazonas";"Prainha";"-";"2023";130
"Economia";"Pecuária";"Efetivo de Rebanho Suínos (Matrizes)";"Rio Caeté";"Primavera";"-";"2011";0
"Economia";"Pecuária";"Efetivo de Rebanho Suínos (Matrizes)";"Rio Caeté";"Primavera";"-";"2012";0
"Economia";"Pecuária";"Efetivo de Rebanho Suínos (Matrizes)";"Rio Caeté";"Primavera";"-";"2013";50
"Economia";"Pecuária";"Efetivo de Rebanho Suínos (Matrizes)";"Rio Caeté";"Primavera";"-";"2014";42
"Economia";"Pecuária";"Efetivo de Rebanho Suínos (Matrizes)";"Rio Caeté";"Primavera";"-";"2015";40
"Economia";"Pecuária";"Efetivo de Rebanho Suínos (Matrizes)";"Rio Caeté";"Primavera";"-";"2016";40
"Economia";"Pecuária";"Efetivo de Rebanho Suínos (Matrizes)";"Rio Caeté";"Primavera";"-";"2017";38
"Economia";"Pecuária";"Efetivo de Rebanho Suínos (Matrizes)";"Rio Caeté";"Primavera";"-";"2018";40
"Economia";"Pecuária";"Efetivo de Rebanho Suínos (Matrizes)";"Rio Caeté";"Primavera";"-";"2019";42
"Economia";"Pecuária";"Efetivo de Rebanho Suínos (Matrizes)";"Rio Caeté";"Primavera";"-";"2020";40
"Economia";"Pecuária";"Efetivo de Rebanho Suínos (Matrizes)";"Rio Caeté";"Primavera";"-";"2021";43
"Economia";"Pecuária";"Efetivo de Rebanho Suínos (Matrizes)";"Rio Caeté";"Primavera";"-";"2022";20
"Economia";"Pecuária";"Efetivo de Rebanho Suínos (Matrizes)";"Rio Caeté";"Primavera";"-";"2023";18
"Economia";"Pecuária";"Efetivo de Rebanho Suínos (Matrizes)";"Rio Caeté";"Quatipuru";"-";"2011";0
"Economia";"Pecuária";"Efetivo de Rebanho Suínos (Matrizes)";"Rio Caeté";"Quatipuru";"-";"2012";0
"Economia";"Pecuária";"Efetivo de Rebanho Suínos (Matrizes)";"Rio Caeté";"Quatipuru";"-";"2013";36
"Economia";"Pecuária";"Efetivo de Rebanho Suínos (Matrizes)";"Rio Caeté";"Quatipuru";"-";"2014";31
"Economia";"Pecuária";"Efetivo de Rebanho Suínos (Matrizes)";"Rio Caeté";"Quatipuru";"-";"2015";30
"Economia";"Pecuária";"Efetivo de Rebanho Suínos (Matrizes)";"Rio Caeté";"Quatipuru";"-";"2016";10
"Economia";"Pecuária";"Efetivo de Rebanho Suínos (Matrizes)";"Rio Caeté";"Quatipuru";"-";"2017";30
"Economia";"Pecuária";"Efetivo de Rebanho Suínos (Matrizes)";"Rio Caeté";"Quatipuru";"-";"2018";28
"Economia";"Pecuária";"Efetivo de Rebanho Suínos (Matrizes)";"Rio Caeté";"Quatipuru";"-";"2019";24
"Economia";"Pecuária";"Efetivo de Rebanho Suínos (Matrizes)";"Rio Caeté";"Quatipuru";"-";"2020";21
"Economia";"Pecuária";"Efetivo de Rebanho Suínos (Matrizes)";"Rio Caeté";"Quatipuru";"-";"2021";20
"Economia";"Pecuária";"Efetivo de Rebanho Suínos (Matrizes)";"Rio Caeté";"Quatipuru";"-";"2022";23
"Economia";"Pecuária";"Efetivo de Rebanho Suínos (Matrizes)";"Rio Caeté";"Quatipuru";"-";"2023";16
"Economia";"Pecuária";"Efetivo de Rebanho Suínos (Matrizes)";"Araguaia";"Redenção";"-";"2011";0
"Economia";"Pecuária";"Efetivo de Rebanho Suínos (Matrizes)";"Araguaia";"Redenção";"-";"2012";0
"Economia";"Pecuária";"Efetivo de Rebanho Suínos (Matrizes)";"Araguaia";"Redenção";"-";"2013";1138
"Economia";"Pecuária";"Efetivo de Rebanho Suínos (Matrizes)";"Araguaia";"Redenção";"-";"2014";1115
"Economia";"Pecuária";"Efetivo de Rebanho Suínos (Matrizes)";"Araguaia";"Redenção";"-";"2015";1171
"Economia";"Pecuária";"Efetivo de Rebanho Suínos (Matrizes)";"Araguaia";"Redenção";"-";"2016";1730
"Economia";"Pecuária";"Efetivo de Rebanho Suínos (Matrizes)";"Araguaia";"Redenção";"-";"2017";1480
"Economia";"Pecuária";"Efetivo de Rebanho Suínos (Matrizes)";"Araguaia";"Redenção";"-";"2018";1217
"Economia";"Pecuária";"Efetivo de Rebanho Suínos (Matrizes)";"Araguaia";"Redenção";"-";"2019";1380
"Economia";"Pecuária";"Efetivo de Rebanho Suínos (Matrizes)";"Araguaia";"Redenção";"-";"2020";525
"Economia";"Pecuária";"Efetivo de Rebanho Suínos (Matrizes)";"Araguaia";"Redenção";"-";"2021";532
"Economia";"Pecuária";"Efetivo de Rebanho Suínos (Matrizes)";"Araguaia";"Redenção";"-";"2022";519
"Economia";"Pecuária";"Efetivo de Rebanho Suínos (Matrizes)";"Araguaia";"Redenção";"-";"2023";442
"Economia";"Pecuária";"Efetivo de Rebanho Suínos (Matrizes)";"Araguaia";"Rio Maria";"-";"2011";0
"Economia";"Pecuária";"Efetivo de Rebanho Suínos (Matrizes)";"Araguaia";"Rio Maria";"-";"2012";0
"Economia";"Pecuária";"Efetivo de Rebanho Suínos (Matrizes)";"Araguaia";"Rio Maria";"-";"2013";4747
"Economia";"Pecuária";"Efetivo de Rebanho Suínos (Matrizes)";"Araguaia";"Rio Maria";"-";"2014";5108
"Economia";"Pecuária";"Efetivo de Rebanho Suínos (Matrizes)";"Araguaia";"Rio Maria";"-";"2015";4998
"Economia";"Pecuária";"Efetivo de Rebanho Suínos (Matrizes)";"Araguaia";"Rio Maria";"-";"2016";4531
"Economia";"Pecuária";"Efetivo de Rebanho Suínos (Matrizes)";"Araguaia";"Rio Maria";"-";"2017";3484
"Economia";"Pecuária";"Efetivo de Rebanho Suínos (Matrizes)";"Araguaia";"Rio Maria";"-";"2018";4701
"Economia";"Pecuária";"Efetivo de Rebanho Suínos (Matrizes)";"Araguaia";"Rio Maria";"-";"2019";4064
"Economia";"Pecuária";"Efetivo de Rebanho Suínos (Matrizes)";"Araguaia";"Rio Maria";"-";"2020";3342
"Economia";"Pecuária";"Efetivo de Rebanho Suínos (Matrizes)";"Araguaia";"Rio Maria";"-";"2021";4260
"Economia";"Pecuária";"Efetivo de Rebanho Suínos (Matrizes)";"Araguaia";"Rio Maria";"-";"2022";3896
"Economia";"Pecuária";"Efetivo de Rebanho Suínos (Matrizes)";"Araguaia";"Rio Maria";"-";"2023";988
"Economia";"Pecuária";"Efetivo de Rebanho Suínos (Matrizes)";"Rio Capim";"Rondon do Pará";"-";"2011";0
"Economia";"Pecuária";"Efetivo de Rebanho Suínos (Matrizes)";"Rio Capim";"Rondon do Pará";"-";"2012";0
"Economia";"Pecuária";"Efetivo de Rebanho Suínos (Matrizes)";"Rio Capim";"Rondon do Pará";"-";"2013";2167
"Economia";"Pecuária";"Efetivo de Rebanho Suínos (Matrizes)";"Rio Capim";"Rondon do Pará";"-";"2014";2200
"Economia";"Pecuária";"Efetivo de Rebanho Suínos (Matrizes)";"Rio Capim";"Rondon do Pará";"-";"2015";2315
"Economia";"Pecuária";"Efetivo de Rebanho Suínos (Matrizes)";"Rio Capim";"Rondon do Pará";"-";"2016";2643
"Economia";"Pecuária";"Efetivo de Rebanho Suínos (Matrizes)";"Rio Capim";"Rondon do Pará";"-";"2017";2433
"Economia";"Pecuária";"Efetivo de Rebanho Suínos (Matrizes)";"Rio Capim";"Rondon do Pará";"-";"2018";2603
"Economia";"Pecuária";"Efetivo de Rebanho Suínos (Matrizes)";"Rio Capim";"Rondon do Pará";"-";"2019";2850
"Economia";"Pecuária";"Efetivo de Rebanho Suínos (Matrizes)";"Rio Capim";"Rondon do Pará";"-";"2020";1129
"Economia";"Pecuária";"Efetivo de Rebanho Suínos (Matrizes)";"Rio Capim";"Rondon do Pará";"-";"2021";1120
"Economia";"Pecuária";"Efetivo de Rebanho Suínos (Matrizes)";"Rio Capim";"Rondon do Pará";"-";"2022";1030
"Economia";"Pecuária";"Efetivo de Rebanho Suínos (Matrizes)";"Rio Capim";"Rondon do Pará";"-";"2023";1060
"Economia";"Pecuária";"Efetivo de Rebanho Suínos (Matrizes)";"Tapajós";"Rurópolis";"-";"2011";0
"Economia";"Pecuária";"Efetivo de Rebanho Suínos (Matrizes)";"Tapajós";"Rurópolis";"-";"2012";0
"Economia";"Pecuária";"Efetivo de Rebanho Suínos (Matrizes)";"Tapajós";"Rurópolis";"-";"2013";331
"Economia";"Pecuária";"Efetivo de Rebanho Suínos (Matrizes)";"Tapajós";"Rurópolis";"-";"2014";348
"Economia";"Pecuária";"Efetivo de Rebanho Suínos (Matrizes)";"Tapajós";"Rurópolis";"-";"2015";430
"Economia";"Pecuária";"Efetivo de Rebanho Suínos (Matrizes)";"Tapajós";"Rurópolis";"-";"2016";457
"Economia";"Pecuária";"Efetivo de Rebanho Suínos (Matrizes)";"Tapajós";"Rurópolis";"-";"2017";441
"Economia";"Pecuária";"Efetivo de Rebanho Suínos (Matrizes)";"Tapajós";"Rurópolis";"-";"2018";414
"Economia";"Pecuária";"Efetivo de Rebanho Suínos (Matrizes)";"Tapajós";"Rurópolis";"-";"2019";445
"Economia";"Pecuária";"Efetivo de Rebanho Suínos (Matrizes)";"Tapajós";"Rurópolis";"-";"2020";454
"Economia";"Pecuária";"Efetivo de Rebanho Suínos (Matrizes)";"Tapajós";"Rurópolis";"-";"2021";460
"Economia";"Pecuária";"Efetivo de Rebanho Suínos (Matrizes)";"Tapajós";"Rurópolis";"-";"2022";465
"Economia";"Pecuária";"Efetivo de Rebanho Suínos (Matrizes)";"Tapajós";"Rurópolis";"-";"2023";501
"Economia";"Pecuária";"Efetivo de Rebanho Suínos (Matrizes)";"Rio Caeté";"Salinópolis";"-";"2011";0
"Economia";"Pecuária";"Efetivo de Rebanho Suínos (Matrizes)";"Rio Caeté";"Salinópolis";"-";"2012";0
"Economia";"Pecuária";"Efetivo de Rebanho Suínos (Matrizes)";"Rio Caeté";"Salinópolis";"-";"2013";35
"Economia";"Pecuária";"Efetivo de Rebanho Suínos (Matrizes)";"Rio Caeté";"Salinópolis";"-";"2014";31
"Economia";"Pecuária";"Efetivo de Rebanho Suínos (Matrizes)";"Rio Caeté";"Salinópolis";"-";"2015";28
"Economia";"Pecuária";"Efetivo de Rebanho Suínos (Matrizes)";"Rio Caeté";"Salinópolis";"-";"2016";28
"Economia";"Pecuária";"Efetivo de Rebanho Suínos (Matrizes)";"Rio Caeté";"Salinópolis";"-";"2017";12
"Economia";"Pecuária";"Efetivo de Rebanho Suínos (Matrizes)";"Rio Caeté";"Salinópolis";"-";"2018";15
"Economia";"Pecuária";"Efetivo de Rebanho Suínos (Matrizes)";"Rio Caeté";"Salinópolis";"-";"2019";13
"Economia";"Pecuária";"Efetivo de Rebanho Suínos (Matrizes)";"Rio Caeté";"Salinópolis";"-";"2020";15
"Economia";"Pecuária";"Efetivo de Rebanho Suínos (Matrizes)";"Rio Caeté";"Salinópolis";"-";"2021";14
"Economia";"Pecuária";"Efetivo de Rebanho Suínos (Matrizes)";"Rio Caeté";"Salinópolis";"-";"2022";16
"Economia";"Pecuária";"Efetivo de Rebanho Suínos (Matrizes)";"Rio Caeté";"Salinópolis";"-";"2023";23
"Economia";"Pecuária";"Efetivo de Rebanho Suínos (Matrizes)";"Marajó";"Salvaterra";"-";"2011";0
"Economia";"Pecuária";"Efetivo de Rebanho Suínos (Matrizes)";"Marajó";"Salvaterra";"-";"2012";0
"Economia";"Pecuária";"Efetivo de Rebanho Suínos (Matrizes)";"Marajó";"Salvaterra";"-";"2013";1801
"Economia";"Pecuária";"Efetivo de Rebanho Suínos (Matrizes)";"Marajó";"Salvaterra";"-";"2014";1460
"Economia";"Pecuária";"Efetivo de Rebanho Suínos (Matrizes)";"Marajó";"Salvaterra";"-";"2015";1180
"Economia";"Pecuária";"Efetivo de Rebanho Suínos (Matrizes)";"Marajó";"Salvaterra";"-";"2016";1030
"Economia";"Pecuária";"Efetivo de Rebanho Suínos (Matrizes)";"Marajó";"Salvaterra";"-";"2017";891
"Economia";"Pecuária";"Efetivo de Rebanho Suínos (Matrizes)";"Marajó";"Salvaterra";"-";"2018";780
"Economia";"Pecuária";"Efetivo de Rebanho Suínos (Matrizes)";"Marajó";"Salvaterra";"-";"2019";680
"Economia";"Pecuária";"Efetivo de Rebanho Suínos (Matrizes)";"Marajó";"Salvaterra";"-";"2020";700
"Economia";"Pecuária";"Efetivo de Rebanho Suínos (Matrizes)";"Marajó";"Salvaterra";"-";"2021";800
"Economia";"Pecuária";"Efetivo de Rebanho Suínos (Matrizes)";"Marajó";"Salvaterra";"-";"2022";790
"Economia";"Pecuária";"Efetivo de Rebanho Suínos (Matrizes)";"Marajó";"Salvaterra";"-";"2023";700
"Economia";"Pecuária";"Efetivo de Rebanho Suínos (Matrizes)";"Guajará";"Santa Bárbara do Pará";"-";"2011";0
"Economia";"Pecuária";"Efetivo de Rebanho Suínos (Matrizes)";"Guajará";"Santa Bárbara do Pará";"-";"2012";0
"Economia";"Pecuária";"Efetivo de Rebanho Suínos (Matrizes)";"Guajará";"Santa Bárbara do Pará";"-";"2013";30
"Economia";"Pecuária";"Efetivo de Rebanho Suínos (Matrizes)";"Guajará";"Santa Bárbara do Pará";"-";"2014";25
"Economia";"Pecuária";"Efetivo de Rebanho Suínos (Matrizes)";"Guajará";"Santa Bárbara do Pará";"-";"2015";0
"Economia";"Pecuária";"Efetivo de Rebanho Suínos (Matrizes)";"Guajará";"Santa Bárbara do Pará";"-";"2016";50
"Economia";"Pecuária";"Efetivo de Rebanho Suínos (Matrizes)";"Guajará";"Santa Bárbara do Pará";"-";"2017";25
"Economia";"Pecuária";"Efetivo de Rebanho Suínos (Matrizes)";"Guajará";"Santa Bárbara do Pará";"-";"2018";27
"Economia";"Pecuária";"Efetivo de Rebanho Suínos (Matrizes)";"Guajará";"Santa Bárbara do Pará";"-";"2019";28
"Economia";"Pecuária";"Efetivo de Rebanho Suínos (Matrizes)";"Guajará";"Santa Bárbara do Pará";"-";"2020";35
"Economia";"Pecuária";"Efetivo de Rebanho Suínos (Matrizes)";"Guajará";"Santa Bárbara do Pará";"-";"2021";33
"Economia";"Pecuária";"Efetivo de Rebanho Suínos (Matrizes)";"Guajará";"Santa Bárbara do Pará";"-";"2022";38
"Economia";"Pecuária";"Efetivo de Rebanho Suínos (Matrizes)";"Guajará";"Santa Bárbara do Pará";"-";"2023";85
"Economia";"Pecuária";"Efetivo de Rebanho Suínos (Matrizes)";"Marajó";"Santa Cruz do Arari";"-";"2011";0
"Economia";"Pecuária";"Efetivo de Rebanho Suínos (Matrizes)";"Marajó";"Santa Cruz do Arari";"-";"2012";0
"Economia";"Pecuária";"Efetivo de Rebanho Suínos (Matrizes)";"Marajó";"Santa Cruz do Arari";"-";"2013";1286
"Economia";"Pecuária";"Efetivo de Rebanho Suínos (Matrizes)";"Marajó";"Santa Cruz do Arari";"-";"2014";1130
"Economia";"Pecuária";"Efetivo de Rebanho Suínos (Matrizes)";"Marajó";"Santa Cruz do Arari";"-";"2015";1010
"Economia";"Pecuária";"Efetivo de Rebanho Suínos (Matrizes)";"Marajó";"Santa Cruz do Arari";"-";"2016";999
"Economia";"Pecuária";"Efetivo de Rebanho Suínos (Matrizes)";"Marajó";"Santa Cruz do Arari";"-";"2017";4389
"Economia";"Pecuária";"Efetivo de Rebanho Suínos (Matrizes)";"Marajó";"Santa Cruz do Arari";"-";"2018";3685
"Economia";"Pecuária";"Efetivo de Rebanho Suínos (Matrizes)";"Marajó";"Santa Cruz do Arari";"-";"2019";3672
"Economia";"Pecuária";"Efetivo de Rebanho Suínos (Matrizes)";"Marajó";"Santa Cruz do Arari";"-";"2020";4100
"Economia";"Pecuária";"Efetivo de Rebanho Suínos (Matrizes)";"Marajó";"Santa Cruz do Arari";"-";"2021";3800
"Economia";"Pecuária";"Efetivo de Rebanho Suínos (Matrizes)";"Marajó";"Santa Cruz do Arari";"-";"2022";4100
"Economia";"Pecuária";"Efetivo de Rebanho Suínos (Matrizes)";"Marajó";"Santa Cruz do Arari";"-";"2023";3294
"Economia";"Pecuária";"Efetivo de Rebanho Suínos (Matrizes)";"Guamá";"Santa Izabel do Pará";"-";"2011";0
"Economia";"Pecuária";"Efetivo de Rebanho Suínos (Matrizes)";"Guamá";"Santa Izabel do Pará";"-";"2012";0
"Economia";"Pecuária";"Efetivo de Rebanho Suínos (Matrizes)";"Guamá";"Santa Izabel do Pará";"-";"2013";230
"Economia";"Pecuária";"Efetivo de Rebanho Suínos (Matrizes)";"Guamá";"Santa Izabel do Pará";"-";"2014";200
"Economia";"Pecuária";"Efetivo de Rebanho Suínos (Matrizes)";"Guamá";"Santa Izabel do Pará";"-";"2015";350
"Economia";"Pecuária";"Efetivo de Rebanho Suínos (Matrizes)";"Guamá";"Santa Izabel do Pará";"-";"2016";410
"Economia";"Pecuária";"Efetivo de Rebanho Suínos (Matrizes)";"Guamá";"Santa Izabel do Pará";"-";"2017";405
"Economia";"Pecuária";"Efetivo de Rebanho Suínos (Matrizes)";"Guamá";"Santa Izabel do Pará";"-";"2018";417
"Economia";"Pecuária";"Efetivo de Rebanho Suínos (Matrizes)";"Guamá";"Santa Izabel do Pará";"-";"2019";423
"Economia";"Pecuária";"Efetivo de Rebanho Suínos (Matrizes)";"Guamá";"Santa Izabel do Pará";"-";"2020";640
"Economia";"Pecuária";"Efetivo de Rebanho Suínos (Matrizes)";"Guamá";"Santa Izabel do Pará";"-";"2021";580
"Economia";"Pecuária";"Efetivo de Rebanho Suínos (Matrizes)";"Guamá";"Santa Izabel do Pará";"-";"2022";365
"Economia";"Pecuária";"Efetivo de Rebanho Suínos (Matrizes)";"Guamá";"Santa Izabel do Pará";"-";"2023";434
"Economia";"Pecuária";"Efetivo de Rebanho Suínos (Matrizes)";"Rio Caeté";"Santa Luzia do Pará";"-";"2011";0
"Economia";"Pecuária";"Efetivo de Rebanho Suínos (Matrizes)";"Rio Caeté";"Santa Luzia do Pará";"-";"2012";0
"Economia";"Pecuária";"Efetivo de Rebanho Suínos (Matrizes)";"Rio Caeté";"Santa Luzia do Pará";"-";"2013";190
"Economia";"Pecuária";"Efetivo de Rebanho Suínos (Matrizes)";"Rio Caeté";"Santa Luzia do Pará";"-";"2014";172
"Economia";"Pecuária";"Efetivo de Rebanho Suínos (Matrizes)";"Rio Caeté";"Santa Luzia do Pará";"-";"2015";168
"Economia";"Pecuária";"Efetivo de Rebanho Suínos (Matrizes)";"Rio Caeté";"Santa Luzia do Pará";"-";"2016";168
"Economia";"Pecuária";"Efetivo de Rebanho Suínos (Matrizes)";"Rio Caeté";"Santa Luzia do Pará";"-";"2017";200
"Economia";"Pecuária";"Efetivo de Rebanho Suínos (Matrizes)";"Rio Caeté";"Santa Luzia do Pará";"-";"2018";220
"Economia";"Pecuária";"Efetivo de Rebanho Suínos (Matrizes)";"Rio Caeté";"Santa Luzia do Pará";"-";"2019";214
"Economia";"Pecuária";"Efetivo de Rebanho Suínos (Matrizes)";"Rio Caeté";"Santa Luzia do Pará";"-";"2020";220
"Economia";"Pecuária";"Efetivo de Rebanho Suínos (Matrizes)";"Rio Caeté";"Santa Luzia do Pará";"-";"2021";216
"Economia";"Pecuária";"Efetivo de Rebanho Suínos (Matrizes)";"Rio Caeté";"Santa Luzia do Pará";"-";"2022";209
"Economia";"Pecuária";"Efetivo de Rebanho Suínos (Matrizes)";"Rio Caeté";"Santa Luzia do Pará";"-";"2023";83
"Economia";"Pecuária";"Efetivo de Rebanho Suínos (Matrizes)";"Araguaia";"Santa Maria das Barreiras";"-";"2011";0
"Economia";"Pecuária";"Efetivo de Rebanho Suínos (Matrizes)";"Araguaia";"Santa Maria das Barreiras";"-";"2012";0
"Economia";"Pecuária";"Efetivo de Rebanho Suínos (Matrizes)";"Araguaia";"Santa Maria das Barreiras";"-";"2013";2296
"Economia";"Pecuária";"Efetivo de Rebanho Suínos (Matrizes)";"Araguaia";"Santa Maria das Barreiras";"-";"2014";2251
"Economia";"Pecuária";"Efetivo de Rebanho Suínos (Matrizes)";"Araguaia";"Santa Maria das Barreiras";"-";"2015";2148
"Economia";"Pecuária";"Efetivo de Rebanho Suínos (Matrizes)";"Araguaia";"Santa Maria das Barreiras";"-";"2016";1282
"Economia";"Pecuária";"Efetivo de Rebanho Suínos (Matrizes)";"Araguaia";"Santa Maria das Barreiras";"-";"2017";1032
"Economia";"Pecuária";"Efetivo de Rebanho Suínos (Matrizes)";"Araguaia";"Santa Maria das Barreiras";"-";"2018";856
"Economia";"Pecuária";"Efetivo de Rebanho Suínos (Matrizes)";"Araguaia";"Santa Maria das Barreiras";"-";"2019";887
"Economia";"Pecuária";"Efetivo de Rebanho Suínos (Matrizes)";"Araguaia";"Santa Maria das Barreiras";"-";"2020";341
"Economia";"Pecuária";"Efetivo de Rebanho Suínos (Matrizes)";"Araguaia";"Santa Maria das Barreiras";"-";"2021";481
"Economia";"Pecuária";"Efetivo de Rebanho Suínos (Matrizes)";"Araguaia";"Santa Maria das Barreiras";"-";"2022";509
"Economia";"Pecuária";"Efetivo de Rebanho Suínos (Matrizes)";"Araguaia";"Santa Maria das Barreiras";"-";"2023";353
"Economia";"Pecuária";"Efetivo de Rebanho Suínos (Matrizes)";"Guamá";"Santa Maria do Pará";"-";"2011";0
"Economia";"Pecuária";"Efetivo de Rebanho Suínos (Matrizes)";"Guamá";"Santa Maria do Pará";"-";"2012";0
"Economia";"Pecuária";"Efetivo de Rebanho Suínos (Matrizes)";"Guamá";"Santa Maria do Pará";"-";"2013";6
"Economia";"Pecuária";"Efetivo de Rebanho Suínos (Matrizes)";"Guamá";"Santa Maria do Pará";"-";"2014";7
"Economia";"Pecuária";"Efetivo de Rebanho Suínos (Matrizes)";"Guamá";"Santa Maria do Pará";"-";"2015";12
"Economia";"Pecuária";"Efetivo de Rebanho Suínos (Matrizes)";"Guamá";"Santa Maria do Pará";"-";"2016";14
"Economia";"Pecuária";"Efetivo de Rebanho Suínos (Matrizes)";"Guamá";"Santa Maria do Pará";"-";"2017";15
"Economia";"Pecuária";"Efetivo de Rebanho Suínos (Matrizes)";"Guamá";"Santa Maria do Pará";"-";"2018";20
"Economia";"Pecuária";"Efetivo de Rebanho Suínos (Matrizes)";"Guamá";"Santa Maria do Pará";"-";"2019";23
"Economia";"Pecuária";"Efetivo de Rebanho Suínos (Matrizes)";"Guamá";"Santa Maria do Pará";"-";"2020";25
"Economia";"Pecuária";"Efetivo de Rebanho Suínos (Matrizes)";"Guamá";"Santa Maria do Pará";"-";"2021";24
"Economia";"Pecuária";"Efetivo de Rebanho Suínos (Matrizes)";"Guamá";"Santa Maria do Pará";"-";"2022";40
"Economia";"Pecuária";"Efetivo de Rebanho Suínos (Matrizes)";"Guamá";"Santa Maria do Pará";"-";"2023";46
"Economia";"Pecuária";"Efetivo de Rebanho Suínos (Matrizes)";"Araguaia";"Santana do Araguaia";"-";"2011";0
"Economia";"Pecuária";"Efetivo de Rebanho Suínos (Matrizes)";"Araguaia";"Santana do Araguaia";"-";"2012";0
"Economia";"Pecuária";"Efetivo de Rebanho Suínos (Matrizes)";"Araguaia";"Santana do Araguaia";"-";"2013";851
"Economia";"Pecuária";"Efetivo de Rebanho Suínos (Matrizes)";"Araguaia";"Santana do Araguaia";"-";"2014";831
"Economia";"Pecuária";"Efetivo de Rebanho Suínos (Matrizes)";"Araguaia";"Santana do Araguaia";"-";"2015";814
"Economia";"Pecuária";"Efetivo de Rebanho Suínos (Matrizes)";"Araguaia";"Santana do Araguaia";"-";"2016";917
"Economia";"Pecuária";"Efetivo de Rebanho Suínos (Matrizes)";"Araguaia";"Santana do Araguaia";"-";"2017";1075
"Economia";"Pecuária";"Efetivo de Rebanho Suínos (Matrizes)";"Araguaia";"Santana do Araguaia";"-";"2018";1279
"Economia";"Pecuária";"Efetivo de Rebanho Suínos (Matrizes)";"Araguaia";"Santana do Araguaia";"-";"2019";1280
"Economia";"Pecuária";"Efetivo de Rebanho Suínos (Matrizes)";"Araguaia";"Santana do Araguaia";"-";"2020";618
"Economia";"Pecuária";"Efetivo de Rebanho Suínos (Matrizes)";"Araguaia";"Santana do Araguaia";"-";"2021";624
"Economia";"Pecuária";"Efetivo de Rebanho Suínos (Matrizes)";"Araguaia";"Santana do Araguaia";"-";"2022";604
"Economia";"Pecuária";"Efetivo de Rebanho Suínos (Matrizes)";"Araguaia";"Santana do Araguaia";"-";"2023";507
"Economia";"Pecuária";"Efetivo de Rebanho Suínos (Matrizes)";"Baixo Amazonas";"Santarém";"-";"2011";0
"Economia";"Pecuária";"Efetivo de Rebanho Suínos (Matrizes)";"Baixo Amazonas";"Santarém";"-";"2012";0
"Economia";"Pecuária";"Efetivo de Rebanho Suínos (Matrizes)";"Baixo Amazonas";"Santarém";"-";"2013";4686
"Economia";"Pecuária";"Efetivo de Rebanho Suínos (Matrizes)";"Baixo Amazonas";"Santarém";"-";"2014";4129
"Economia";"Pecuária";"Efetivo de Rebanho Suínos (Matrizes)";"Baixo Amazonas";"Santarém";"-";"2015";4153
"Economia";"Pecuária";"Efetivo de Rebanho Suínos (Matrizes)";"Baixo Amazonas";"Santarém";"-";"2016";4660
"Economia";"Pecuária";"Efetivo de Rebanho Suínos (Matrizes)";"Baixo Amazonas";"Santarém";"-";"2017";3820
"Economia";"Pecuária";"Efetivo de Rebanho Suínos (Matrizes)";"Baixo Amazonas";"Santarém";"-";"2018";3387
"Economia";"Pecuária";"Efetivo de Rebanho Suínos (Matrizes)";"Baixo Amazonas";"Santarém";"-";"2019";2939
"Economia";"Pecuária";"Efetivo de Rebanho Suínos (Matrizes)";"Baixo Amazonas";"Santarém";"-";"2020";2734
"Economia";"Pecuária";"Efetivo de Rebanho Suínos (Matrizes)";"Baixo Amazonas";"Santarém";"-";"2021";2363
"Economia";"Pecuária";"Efetivo de Rebanho Suínos (Matrizes)";"Baixo Amazonas";"Santarém";"-";"2022";2044
"Economia";"Pecuária";"Efetivo de Rebanho Suínos (Matrizes)";"Baixo Amazonas";"Santarém";"-";"2023";1986
"Economia";"Pecuária";"Efetivo de Rebanho Suínos (Matrizes)";"Rio Caeté";"Santarém Novo";"-";"2011";0
"Economia";"Pecuária";"Efetivo de Rebanho Suínos (Matrizes)";"Rio Caeté";"Santarém Novo";"-";"2012";0
"Economia";"Pecuária";"Efetivo de Rebanho Suínos (Matrizes)";"Rio Caeté";"Santarém Novo";"-";"2013";46
"Economia";"Pecuária";"Efetivo de Rebanho Suínos (Matrizes)";"Rio Caeté";"Santarém Novo";"-";"2014";42
"Economia";"Pecuária";"Efetivo de Rebanho Suínos (Matrizes)";"Rio Caeté";"Santarém Novo";"-";"2015";40
"Economia";"Pecuária";"Efetivo de Rebanho Suínos (Matrizes)";"Rio Caeté";"Santarém Novo";"-";"2016";35
"Economia";"Pecuária";"Efetivo de Rebanho Suínos (Matrizes)";"Rio Caeté";"Santarém Novo";"-";"2017";30
"Economia";"Pecuária";"Efetivo de Rebanho Suínos (Matrizes)";"Rio Caeté";"Santarém Novo";"-";"2018";35
"Economia";"Pecuária";"Efetivo de Rebanho Suínos (Matrizes)";"Rio Caeté";"Santarém Novo";"-";"2019";37
"Economia";"Pecuária";"Efetivo de Rebanho Suínos (Matrizes)";"Rio Caeté";"Santarém Novo";"-";"2020";32
"Economia";"Pecuária";"Efetivo de Rebanho Suínos (Matrizes)";"Rio Caeté";"Santarém Novo";"-";"2021";35
"Economia";"Pecuária";"Efetivo de Rebanho Suínos (Matrizes)";"Rio Caeté";"Santarém Novo";"-";"2022";15
"Economia";"Pecuária";"Efetivo de Rebanho Suínos (Matrizes)";"Rio Caeté";"Santarém Novo";"-";"2023";3
"Economia";"Pecuária";"Efetivo de Rebanho Suínos (Matrizes)";"Guamá";"Santo Antônio do Tauá";"-";"2011";0
"Economia";"Pecuária";"Efetivo de Rebanho Suínos (Matrizes)";"Guamá";"Santo Antônio do Tauá";"-";"2012";0
"Economia";"Pecuária";"Efetivo de Rebanho Suínos (Matrizes)";"Guamá";"Santo Antônio do Tauá";"-";"2013";25
"Economia";"Pecuária";"Efetivo de Rebanho Suínos (Matrizes)";"Guamá";"Santo Antônio do Tauá";"-";"2014";25
"Economia";"Pecuária";"Efetivo de Rebanho Suínos (Matrizes)";"Guamá";"Santo Antônio do Tauá";"-";"2015";40
"Economia";"Pecuária";"Efetivo de Rebanho Suínos (Matrizes)";"Guamá";"Santo Antônio do Tauá";"-";"2016";44
"Economia";"Pecuária";"Efetivo de Rebanho Suínos (Matrizes)";"Guamá";"Santo Antônio do Tauá";"-";"2017";30
"Economia";"Pecuária";"Efetivo de Rebanho Suínos (Matrizes)";"Guamá";"Santo Antônio do Tauá";"-";"2018";35
"Economia";"Pecuária";"Efetivo de Rebanho Suínos (Matrizes)";"Guamá";"Santo Antônio do Tauá";"-";"2019";36
"Economia";"Pecuária";"Efetivo de Rebanho Suínos (Matrizes)";"Guamá";"Santo Antônio do Tauá";"-";"2020";57
"Economia";"Pecuária";"Efetivo de Rebanho Suínos (Matrizes)";"Guamá";"Santo Antônio do Tauá";"-";"2021";50
"Economia";"Pecuária";"Efetivo de Rebanho Suínos (Matrizes)";"Guamá";"Santo Antônio do Tauá";"-";"2022";60
"Economia";"Pecuária";"Efetivo de Rebanho Suínos (Matrizes)";"Guamá";"Santo Antônio do Tauá";"-";"2023";82
"Economia";"Pecuária";"Efetivo de Rebanho Suínos (Matrizes)";"Guamá";"São Caetano de Odivelas";"-";"2011";0
"Economia";"Pecuária";"Efetivo de Rebanho Suínos (Matrizes)";"Guamá";"São Caetano de Odivelas";"-";"2012";0
"Economia";"Pecuária";"Efetivo de Rebanho Suínos (Matrizes)";"Guamá";"São Caetano de Odivelas";"-";"2013";5
"Economia";"Pecuária";"Efetivo de Rebanho Suínos (Matrizes)";"Guamá";"São Caetano de Odivelas";"-";"2014";6
"Economia";"Pecuária";"Efetivo de Rebanho Suínos (Matrizes)";"Guamá";"São Caetano de Odivelas";"-";"2015";5
"Economia";"Pecuária";"Efetivo de Rebanho Suínos (Matrizes)";"Guamá";"São Caetano de Odivelas";"-";"2016";4
"Economia";"Pecuária";"Efetivo de Rebanho Suínos (Matrizes)";"Guamá";"São Caetano de Odivelas";"-";"2017";20
"Economia";"Pecuária";"Efetivo de Rebanho Suínos (Matrizes)";"Guamá";"São Caetano de Odivelas";"-";"2018";25
"Economia";"Pecuária";"Efetivo de Rebanho Suínos (Matrizes)";"Guamá";"São Caetano de Odivelas";"-";"2019";26
"Economia";"Pecuária";"Efetivo de Rebanho Suínos (Matrizes)";"Guamá";"São Caetano de Odivelas";"-";"2020";2
"Economia";"Pecuária";"Efetivo de Rebanho Suínos (Matrizes)";"Guamá";"São Caetano de Odivelas";"-";"2021";3
"Economia";"Pecuária";"Efetivo de Rebanho Suínos (Matrizes)";"Guamá";"São Caetano de Odivelas";"-";"2022";2
"Economia";"Pecuária";"Efetivo de Rebanho Suínos (Matrizes)";"Guamá";"São Caetano de Odivelas";"-";"2023";3
"Economia";"Pecuária";"Efetivo de Rebanho Suínos (Matrizes)";"Carajás";"São Domingos do Araguaia";"-";"2011";0
"Economia";"Pecuária";"Efetivo de Rebanho Suínos (Matrizes)";"Carajás";"São Domingos do Araguaia";"-";"2012";0
"Economia";"Pecuária";"Efetivo de Rebanho Suínos (Matrizes)";"Carajás";"São Domingos do Araguaia";"-";"2013";1000
"Economia";"Pecuária";"Efetivo de Rebanho Suínos (Matrizes)";"Carajás";"São Domingos do Araguaia";"-";"2014";1100
"Economia";"Pecuária";"Efetivo de Rebanho Suínos (Matrizes)";"Carajás";"São Domingos do Araguaia";"-";"2015";1200
"Economia";"Pecuária";"Efetivo de Rebanho Suínos (Matrizes)";"Carajás";"São Domingos do Araguaia";"-";"2016";1800
"Economia";"Pecuária";"Efetivo de Rebanho Suínos (Matrizes)";"Carajás";"São Domingos do Araguaia";"-";"2017";2134
"Economia";"Pecuária";"Efetivo de Rebanho Suínos (Matrizes)";"Carajás";"São Domingos do Araguaia";"-";"2018";2030
"Economia";"Pecuária";"Efetivo de Rebanho Suínos (Matrizes)";"Carajás";"São Domingos do Araguaia";"-";"2019";2430
"Economia";"Pecuária";"Efetivo de Rebanho Suínos (Matrizes)";"Carajás";"São Domingos do Araguaia";"-";"2020";2560
"Economia";"Pecuária";"Efetivo de Rebanho Suínos (Matrizes)";"Carajás";"São Domingos do Araguaia";"-";"2021";2500
"Economia";"Pecuária";"Efetivo de Rebanho Suínos (Matrizes)";"Carajás";"São Domingos do Araguaia";"-";"2022";2970
"Economia";"Pecuária";"Efetivo de Rebanho Suínos (Matrizes)";"Carajás";"São Domingos do Araguaia";"-";"2023";2800
"Economia";"Pecuária";"Efetivo de Rebanho Suínos (Matrizes)";"Guamá";"São Domingos do Capim";"-";"2011";0
"Economia";"Pecuária";"Efetivo de Rebanho Suínos (Matrizes)";"Guamá";"São Domingos do Capim";"-";"2012";0
"Economia";"Pecuária";"Efetivo de Rebanho Suínos (Matrizes)";"Guamá";"São Domingos do Capim";"-";"2013";3
"Economia";"Pecuária";"Efetivo de Rebanho Suínos (Matrizes)";"Guamá";"São Domingos do Capim";"-";"2014";85
"Economia";"Pecuária";"Efetivo de Rebanho Suínos (Matrizes)";"Guamá";"São Domingos do Capim";"-";"2015";86
"Economia";"Pecuária";"Efetivo de Rebanho Suínos (Matrizes)";"Guamá";"São Domingos do Capim";"-";"2016";92
"Economia";"Pecuária";"Efetivo de Rebanho Suínos (Matrizes)";"Guamá";"São Domingos do Capim";"-";"2017";200
"Economia";"Pecuária";"Efetivo de Rebanho Suínos (Matrizes)";"Guamá";"São Domingos do Capim";"-";"2018";250
"Economia";"Pecuária";"Efetivo de Rebanho Suínos (Matrizes)";"Guamá";"São Domingos do Capim";"-";"2019";284
"Economia";"Pecuária";"Efetivo de Rebanho Suínos (Matrizes)";"Guamá";"São Domingos do Capim";"-";"2020";294
"Economia";"Pecuária";"Efetivo de Rebanho Suínos (Matrizes)";"Guamá";"São Domingos do Capim";"-";"2021";178
"Economia";"Pecuária";"Efetivo de Rebanho Suínos (Matrizes)";"Guamá";"São Domingos do Capim";"-";"2022";200
"Economia";"Pecuária";"Efetivo de Rebanho Suínos (Matrizes)";"Guamá";"São Domingos do Capim";"-";"2023";235
"Economia";"Pecuária";"Efetivo de Rebanho Suínos (Matrizes)";"Araguaia";"São Félix do Xingu";"-";"2011";0
"Economia";"Pecuária";"Efetivo de Rebanho Suínos (Matrizes)";"Araguaia";"São Félix do Xingu";"-";"2012";0
"Economia";"Pecuária";"Efetivo de Rebanho Suínos (Matrizes)";"Araguaia";"São Félix do Xingu";"-";"2013";7167
"Economia";"Pecuária";"Efetivo de Rebanho Suínos (Matrizes)";"Araguaia";"São Félix do Xingu";"-";"2014";6580
"Economia";"Pecuária";"Efetivo de Rebanho Suínos (Matrizes)";"Araguaia";"São Félix do Xingu";"-";"2015";6442
"Economia";"Pecuária";"Efetivo de Rebanho Suínos (Matrizes)";"Araguaia";"São Félix do Xingu";"-";"2016";6525
"Economia";"Pecuária";"Efetivo de Rebanho Suínos (Matrizes)";"Araguaia";"São Félix do Xingu";"-";"2017";7290
"Economia";"Pecuária";"Efetivo de Rebanho Suínos (Matrizes)";"Araguaia";"São Félix do Xingu";"-";"2018";6834
"Economia";"Pecuária";"Efetivo de Rebanho Suínos (Matrizes)";"Araguaia";"São Félix do Xingu";"-";"2019";6970
"Economia";"Pecuária";"Efetivo de Rebanho Suínos (Matrizes)";"Araguaia";"São Félix do Xingu";"-";"2020";7074
"Economia";"Pecuária";"Efetivo de Rebanho Suínos (Matrizes)";"Araguaia";"São Félix do Xingu";"-";"2021";3930
"Economia";"Pecuária";"Efetivo de Rebanho Suínos (Matrizes)";"Araguaia";"São Félix do Xingu";"-";"2022";4810
"Economia";"Pecuária";"Efetivo de Rebanho Suínos (Matrizes)";"Araguaia";"São Félix do Xingu";"-";"2023";3880
"Economia";"Pecuária";"Efetivo de Rebanho Suínos (Matrizes)";"Guamá";"São Francisco do Pará";"-";"2011";0
"Economia";"Pecuária";"Efetivo de Rebanho Suínos (Matrizes)";"Guamá";"São Francisco do Pará";"-";"2012";0
"Economia";"Pecuária";"Efetivo de Rebanho Suínos (Matrizes)";"Guamá";"São Francisco do Pará";"-";"2013";56
"Economia";"Pecuária";"Efetivo de Rebanho Suínos (Matrizes)";"Guamá";"São Francisco do Pará";"-";"2014";62
"Economia";"Pecuária";"Efetivo de Rebanho Suínos (Matrizes)";"Guamá";"São Francisco do Pará";"-";"2015";74
"Economia";"Pecuária";"Efetivo de Rebanho Suínos (Matrizes)";"Guamá";"São Francisco do Pará";"-";"2016";79
"Economia";"Pecuária";"Efetivo de Rebanho Suínos (Matrizes)";"Guamá";"São Francisco do Pará";"-";"2017";50
"Economia";"Pecuária";"Efetivo de Rebanho Suínos (Matrizes)";"Guamá";"São Francisco do Pará";"-";"2018";55
"Economia";"Pecuária";"Efetivo de Rebanho Suínos (Matrizes)";"Guamá";"São Francisco do Pará";"-";"2019";60
"Economia";"Pecuária";"Efetivo de Rebanho Suínos (Matrizes)";"Guamá";"São Francisco do Pará";"-";"2020";65
"Economia";"Pecuária";"Efetivo de Rebanho Suínos (Matrizes)";"Guamá";"São Francisco do Pará";"-";"2021";100
"Economia";"Pecuária";"Efetivo de Rebanho Suínos (Matrizes)";"Guamá";"São Francisco do Pará";"-";"2022";130
"Economia";"Pecuária";"Efetivo de Rebanho Suínos (Matrizes)";"Guamá";"São Francisco do Pará";"-";"2023";150
"Economia";"Pecuária";"Efetivo de Rebanho Suínos (Matrizes)";"Carajás";"São Geraldo do Araguaia";"-";"2011";0
"Economia";"Pecuária";"Efetivo de Rebanho Suínos (Matrizes)";"Carajás";"São Geraldo do Araguaia";"-";"2012";0
"Economia";"Pecuária";"Efetivo de Rebanho Suínos (Matrizes)";"Carajás";"São Geraldo do Araguaia";"-";"2013";1800
"Economia";"Pecuária";"Efetivo de Rebanho Suínos (Matrizes)";"Carajás";"São Geraldo do Araguaia";"-";"2014";1500
"Economia";"Pecuária";"Efetivo de Rebanho Suínos (Matrizes)";"Carajás";"São Geraldo do Araguaia";"-";"2015";1630
"Economia";"Pecuária";"Efetivo de Rebanho Suínos (Matrizes)";"Carajás";"São Geraldo do Araguaia";"-";"2016";2200
"Economia";"Pecuária";"Efetivo de Rebanho Suínos (Matrizes)";"Carajás";"São Geraldo do Araguaia";"-";"2017";2294
"Economia";"Pecuária";"Efetivo de Rebanho Suínos (Matrizes)";"Carajás";"São Geraldo do Araguaia";"-";"2018";2150
"Economia";"Pecuária";"Efetivo de Rebanho Suínos (Matrizes)";"Carajás";"São Geraldo do Araguaia";"-";"2019";2570
"Economia";"Pecuária";"Efetivo de Rebanho Suínos (Matrizes)";"Carajás";"São Geraldo do Araguaia";"-";"2020";2535
"Economia";"Pecuária";"Efetivo de Rebanho Suínos (Matrizes)";"Carajás";"São Geraldo do Araguaia";"-";"2021";2140
"Economia";"Pecuária";"Efetivo de Rebanho Suínos (Matrizes)";"Carajás";"São Geraldo do Araguaia";"-";"2022";2550
"Economia";"Pecuária";"Efetivo de Rebanho Suínos (Matrizes)";"Carajás";"São Geraldo do Araguaia";"-";"2023";2500
"Economia";"Pecuária";"Efetivo de Rebanho Suínos (Matrizes)";"Guamá";"São João da Ponta";"-";"2011";0
"Economia";"Pecuária";"Efetivo de Rebanho Suínos (Matrizes)";"Guamá";"São João da Ponta";"-";"2012";0
"Economia";"Pecuária";"Efetivo de Rebanho Suínos (Matrizes)";"Guamá";"São João da Ponta";"-";"2013";1
"Economia";"Pecuária";"Efetivo de Rebanho Suínos (Matrizes)";"Guamá";"São João da Ponta";"-";"2014";1
"Economia";"Pecuária";"Efetivo de Rebanho Suínos (Matrizes)";"Guamá";"São João da Ponta";"-";"2015";2
"Economia";"Pecuária";"Efetivo de Rebanho Suínos (Matrizes)";"Guamá";"São João da Ponta";"-";"2016";2
"Economia";"Pecuária";"Efetivo de Rebanho Suínos (Matrizes)";"Guamá";"São João da Ponta";"-";"2017";3
"Economia";"Pecuária";"Efetivo de Rebanho Suínos (Matrizes)";"Guamá";"São João da Ponta";"-";"2018";5
"Economia";"Pecuária";"Efetivo de Rebanho Suínos (Matrizes)";"Guamá";"São João da Ponta";"-";"2019";6
"Economia";"Pecuária";"Efetivo de Rebanho Suínos (Matrizes)";"Guamá";"São João da Ponta";"-";"2020";7
"Economia";"Pecuária";"Efetivo de Rebanho Suínos (Matrizes)";"Guamá";"São João da Ponta";"-";"2021";11
"Economia";"Pecuária";"Efetivo de Rebanho Suínos (Matrizes)";"Guamá";"São João da Ponta";"-";"2022";20
"Economia";"Pecuária";"Efetivo de Rebanho Suínos (Matrizes)";"Guamá";"São João da Ponta";"-";"2023";23
"Economia";"Pecuária";"Efetivo de Rebanho Suínos (Matrizes)";"Rio Caeté";"São João de Pirabas";"-";"2011";0
"Economia";"Pecuária";"Efetivo de Rebanho Suínos (Matrizes)";"Rio Caeté";"São João de Pirabas";"-";"2012";0
"Economia";"Pecuária";"Efetivo de Rebanho Suínos (Matrizes)";"Rio Caeté";"São João de Pirabas";"-";"2013";123
"Economia";"Pecuária";"Efetivo de Rebanho Suínos (Matrizes)";"Rio Caeté";"São João de Pirabas";"-";"2014";114
"Economia";"Pecuária";"Efetivo de Rebanho Suínos (Matrizes)";"Rio Caeté";"São João de Pirabas";"-";"2015";108
"Economia";"Pecuária";"Efetivo de Rebanho Suínos (Matrizes)";"Rio Caeté";"São João de Pirabas";"-";"2016";102
"Economia";"Pecuária";"Efetivo de Rebanho Suínos (Matrizes)";"Rio Caeté";"São João de Pirabas";"-";"2017";45
"Economia";"Pecuária";"Efetivo de Rebanho Suínos (Matrizes)";"Rio Caeté";"São João de Pirabas";"-";"2018";25
"Economia";"Pecuária";"Efetivo de Rebanho Suínos (Matrizes)";"Rio Caeté";"São João de Pirabas";"-";"2019";24
"Economia";"Pecuária";"Efetivo de Rebanho Suínos (Matrizes)";"Rio Caeté";"São João de Pirabas";"-";"2020";20
"Economia";"Pecuária";"Efetivo de Rebanho Suínos (Matrizes)";"Rio Caeté";"São João de Pirabas";"-";"2021";19
"Economia";"Pecuária";"Efetivo de Rebanho Suínos (Matrizes)";"Rio Caeté";"São João de Pirabas";"-";"2022";16
"Economia";"Pecuária";"Efetivo de Rebanho Suínos (Matrizes)";"Rio Caeté";"São João de Pirabas";"-";"2023";19
"Economia";"Pecuária";"Efetivo de Rebanho Suínos (Matrizes)";"Carajás";"São João do Araguaia";"-";"2011";0
"Economia";"Pecuária";"Efetivo de Rebanho Suínos (Matrizes)";"Carajás";"São João do Araguaia";"-";"2012";0
"Economia";"Pecuária";"Efetivo de Rebanho Suínos (Matrizes)";"Carajás";"São João do Araguaia";"-";"2013";630
"Economia";"Pecuária";"Efetivo de Rebanho Suínos (Matrizes)";"Carajás";"São João do Araguaia";"-";"2014";830
"Economia";"Pecuária";"Efetivo de Rebanho Suínos (Matrizes)";"Carajás";"São João do Araguaia";"-";"2015";780
"Economia";"Pecuária";"Efetivo de Rebanho Suínos (Matrizes)";"Carajás";"São João do Araguaia";"-";"2016";820
"Economia";"Pecuária";"Efetivo de Rebanho Suínos (Matrizes)";"Carajás";"São João do Araguaia";"-";"2017";870
"Economia";"Pecuária";"Efetivo de Rebanho Suínos (Matrizes)";"Carajás";"São João do Araguaia";"-";"2018";900
"Economia";"Pecuária";"Efetivo de Rebanho Suínos (Matrizes)";"Carajás";"São João do Araguaia";"-";"2019";1070
"Economia";"Pecuária";"Efetivo de Rebanho Suínos (Matrizes)";"Carajás";"São João do Araguaia";"-";"2020";1210
"Economia";"Pecuária";"Efetivo de Rebanho Suínos (Matrizes)";"Carajás";"São João do Araguaia";"-";"2021";850
"Economia";"Pecuária";"Efetivo de Rebanho Suínos (Matrizes)";"Carajás";"São João do Araguaia";"-";"2022";1000
"Economia";"Pecuária";"Efetivo de Rebanho Suínos (Matrizes)";"Carajás";"São João do Araguaia";"-";"2023";1100
"Economia";"Pecuária";"Efetivo de Rebanho Suínos (Matrizes)";"Guamá";"São Miguel do Guamá";"-";"2011";0
"Economia";"Pecuária";"Efetivo de Rebanho Suínos (Matrizes)";"Guamá";"São Miguel do Guamá";"-";"2012";0
"Economia";"Pecuária";"Efetivo de Rebanho Suínos (Matrizes)";"Guamá";"São Miguel do Guamá";"-";"2013";15
"Economia";"Pecuária";"Efetivo de Rebanho Suínos (Matrizes)";"Guamá";"São Miguel do Guamá";"-";"2014";16
"Economia";"Pecuária";"Efetivo de Rebanho Suínos (Matrizes)";"Guamá";"São Miguel do Guamá";"-";"2015";18
"Economia";"Pecuária";"Efetivo de Rebanho Suínos (Matrizes)";"Guamá";"São Miguel do Guamá";"-";"2016";13
"Economia";"Pecuária";"Efetivo de Rebanho Suínos (Matrizes)";"Guamá";"São Miguel do Guamá";"-";"2017";60
"Economia";"Pecuária";"Efetivo de Rebanho Suínos (Matrizes)";"Guamá";"São Miguel do Guamá";"-";"2018";70
"Economia";"Pecuária";"Efetivo de Rebanho Suínos (Matrizes)";"Guamá";"São Miguel do Guamá";"-";"2019";72
"Economia";"Pecuária";"Efetivo de Rebanho Suínos (Matrizes)";"Guamá";"São Miguel do Guamá";"-";"2020";75
"Economia";"Pecuária";"Efetivo de Rebanho Suínos (Matrizes)";"Guamá";"São Miguel do Guamá";"-";"2021";82
"Economia";"Pecuária";"Efetivo de Rebanho Suínos (Matrizes)";"Guamá";"São Miguel do Guamá";"-";"2022";45
"Economia";"Pecuária";"Efetivo de Rebanho Suínos (Matrizes)";"Guamá";"São Miguel do Guamá";"-";"2023";50
"Economia";"Pecuária";"Efetivo de Rebanho Suínos (Matrizes)";"Marajó";"São Sebastião da Boa Vista";"-";"2011";0
"Economia";"Pecuária";"Efetivo de Rebanho Suínos (Matrizes)";"Marajó";"São Sebastião da Boa Vista";"-";"2012";0
"Economia";"Pecuária";"Efetivo de Rebanho Suínos (Matrizes)";"Marajó";"São Sebastião da Boa Vista";"-";"2013";4998
"Economia";"Pecuária";"Efetivo de Rebanho Suínos (Matrizes)";"Marajó";"São Sebastião da Boa Vista";"-";"2014";4050
"Economia";"Pecuária";"Efetivo de Rebanho Suínos (Matrizes)";"Marajó";"São Sebastião da Boa Vista";"-";"2015";3310
"Economia";"Pecuária";"Efetivo de Rebanho Suínos (Matrizes)";"Marajó";"São Sebastião da Boa Vista";"-";"2016";2700
"Economia";"Pecuária";"Efetivo de Rebanho Suínos (Matrizes)";"Marajó";"São Sebastião da Boa Vista";"-";"2017";2567
"Economia";"Pecuária";"Efetivo de Rebanho Suínos (Matrizes)";"Marajó";"São Sebastião da Boa Vista";"-";"2018";2150
"Economia";"Pecuária";"Efetivo de Rebanho Suínos (Matrizes)";"Marajó";"São Sebastião da Boa Vista";"-";"2019";1782
"Economia";"Pecuária";"Efetivo de Rebanho Suínos (Matrizes)";"Marajó";"São Sebastião da Boa Vista";"-";"2020";1520
"Economia";"Pecuária";"Efetivo de Rebanho Suínos (Matrizes)";"Marajó";"São Sebastião da Boa Vista";"-";"2021";1700
"Economia";"Pecuária";"Efetivo de Rebanho Suínos (Matrizes)";"Marajó";"São Sebastião da Boa Vista";"-";"2022";1500
"Economia";"Pecuária";"Efetivo de Rebanho Suínos (Matrizes)";"Marajó";"São Sebastião da Boa Vista";"-";"2023";330
"Economia";"Pecuária";"Efetivo de Rebanho Suínos (Matrizes)";"Araguaia";"Sapucaia";"-";"2011";0
"Economia";"Pecuária";"Efetivo de Rebanho Suínos (Matrizes)";"Araguaia";"Sapucaia";"-";"2012";0
"Economia";"Pecuária";"Efetivo de Rebanho Suínos (Matrizes)";"Araguaia";"Sapucaia";"-";"2013";273
"Economia";"Pecuária";"Efetivo de Rebanho Suínos (Matrizes)";"Araguaia";"Sapucaia";"-";"2014";294
"Economia";"Pecuária";"Efetivo de Rebanho Suínos (Matrizes)";"Araguaia";"Sapucaia";"-";"2015";303
"Economia";"Pecuária";"Efetivo de Rebanho Suínos (Matrizes)";"Araguaia";"Sapucaia";"-";"2016";153
"Economia";"Pecuária";"Efetivo de Rebanho Suínos (Matrizes)";"Araguaia";"Sapucaia";"-";"2017";99
"Economia";"Pecuária";"Efetivo de Rebanho Suínos (Matrizes)";"Araguaia";"Sapucaia";"-";"2018";89
"Economia";"Pecuária";"Efetivo de Rebanho Suínos (Matrizes)";"Araguaia";"Sapucaia";"-";"2019";78
"Economia";"Pecuária";"Efetivo de Rebanho Suínos (Matrizes)";"Araguaia";"Sapucaia";"-";"2020";92
"Economia";"Pecuária";"Efetivo de Rebanho Suínos (Matrizes)";"Araguaia";"Sapucaia";"-";"2021";92
"Economia";"Pecuária";"Efetivo de Rebanho Suínos (Matrizes)";"Araguaia";"Sapucaia";"-";"2022";134
"Economia";"Pecuária";"Efetivo de Rebanho Suínos (Matrizes)";"Araguaia";"Sapucaia";"-";"2023";61
"Economia";"Pecuária";"Efetivo de Rebanho Suínos (Matrizes)";"Xingu";"Senador José Porfírio";"-";"2011";0
"Economia";"Pecuária";"Efetivo de Rebanho Suínos (Matrizes)";"Xingu";"Senador José Porfírio";"-";"2012";0
"Economia";"Pecuária";"Efetivo de Rebanho Suínos (Matrizes)";"Xingu";"Senador José Porfírio";"-";"2013";90
"Economia";"Pecuária";"Efetivo de Rebanho Suínos (Matrizes)";"Xingu";"Senador José Porfírio";"-";"2014";90
"Economia";"Pecuária";"Efetivo de Rebanho Suínos (Matrizes)";"Xingu";"Senador José Porfírio";"-";"2015";91
"Economia";"Pecuária";"Efetivo de Rebanho Suínos (Matrizes)";"Xingu";"Senador José Porfírio";"-";"2016";85
"Economia";"Pecuária";"Efetivo de Rebanho Suínos (Matrizes)";"Xingu";"Senador José Porfírio";"-";"2017";284
"Economia";"Pecuária";"Efetivo de Rebanho Suínos (Matrizes)";"Xingu";"Senador José Porfírio";"-";"2018";197
"Economia";"Pecuária";"Efetivo de Rebanho Suínos (Matrizes)";"Xingu";"Senador José Porfírio";"-";"2019";155
"Economia";"Pecuária";"Efetivo de Rebanho Suínos (Matrizes)";"Xingu";"Senador José Porfírio";"-";"2020";350
"Economia";"Pecuária";"Efetivo de Rebanho Suínos (Matrizes)";"Xingu";"Senador José Porfírio";"-";"2021";230
"Economia";"Pecuária";"Efetivo de Rebanho Suínos (Matrizes)";"Xingu";"Senador José Porfírio";"-";"2022";250
"Economia";"Pecuária";"Efetivo de Rebanho Suínos (Matrizes)";"Xingu";"Senador José Porfírio";"-";"2023";265
"Economia";"Pecuária";"Efetivo de Rebanho Suínos (Matrizes)";"Marajó";"Soure";"-";"2011";0
"Economia";"Pecuária";"Efetivo de Rebanho Suínos (Matrizes)";"Marajó";"Soure";"-";"2012";0
"Economia";"Pecuária";"Efetivo de Rebanho Suínos (Matrizes)";"Marajó";"Soure";"-";"2013";1150
"Economia";"Pecuária";"Efetivo de Rebanho Suínos (Matrizes)";"Marajó";"Soure";"-";"2014";1329
"Economia";"Pecuária";"Efetivo de Rebanho Suínos (Matrizes)";"Marajó";"Soure";"-";"2015";1439
"Economia";"Pecuária";"Efetivo de Rebanho Suínos (Matrizes)";"Marajó";"Soure";"-";"2016";1270
"Economia";"Pecuária";"Efetivo de Rebanho Suínos (Matrizes)";"Marajó";"Soure";"-";"2017";1112
"Economia";"Pecuária";"Efetivo de Rebanho Suínos (Matrizes)";"Marajó";"Soure";"-";"2018";890
"Economia";"Pecuária";"Efetivo de Rebanho Suínos (Matrizes)";"Marajó";"Soure";"-";"2019";936
"Economia";"Pecuária";"Efetivo de Rebanho Suínos (Matrizes)";"Marajó";"Soure";"-";"2020";1100
"Economia";"Pecuária";"Efetivo de Rebanho Suínos (Matrizes)";"Marajó";"Soure";"-";"2021";1150
"Economia";"Pecuária";"Efetivo de Rebanho Suínos (Matrizes)";"Marajó";"Soure";"-";"2022";1400
"Economia";"Pecuária";"Efetivo de Rebanho Suínos (Matrizes)";"Marajó";"Soure";"-";"2023";1340
"Economia";"Pecuária";"Efetivo de Rebanho Suínos (Matrizes)";"Tocantins";"Tailândia";"-";"2011";0
"Economia";"Pecuária";"Efetivo de Rebanho Suínos (Matrizes)";"Tocantins";"Tailândia";"-";"2012";0
"Economia";"Pecuária";"Efetivo de Rebanho Suínos (Matrizes)";"Tocantins";"Tailândia";"-";"2013";1243
"Economia";"Pecuária";"Efetivo de Rebanho Suínos (Matrizes)";"Tocantins";"Tailândia";"-";"2014";1341
"Economia";"Pecuária";"Efetivo de Rebanho Suínos (Matrizes)";"Tocantins";"Tailândia";"-";"2015";1300
"Economia";"Pecuária";"Efetivo de Rebanho Suínos (Matrizes)";"Tocantins";"Tailândia";"-";"2016";1350
"Economia";"Pecuária";"Efetivo de Rebanho Suínos (Matrizes)";"Tocantins";"Tailândia";"-";"2017";1390
"Economia";"Pecuária";"Efetivo de Rebanho Suínos (Matrizes)";"Tocantins";"Tailândia";"-";"2018";700
"Economia";"Pecuária";"Efetivo de Rebanho Suínos (Matrizes)";"Tocantins";"Tailândia";"-";"2019";650
"Economia";"Pecuária";"Efetivo de Rebanho Suínos (Matrizes)";"Tocantins";"Tailândia";"-";"2020";680
"Economia";"Pecuária";"Efetivo de Rebanho Suínos (Matrizes)";"Tocantins";"Tailândia";"-";"2021";690
"Economia";"Pecuária";"Efetivo de Rebanho Suínos (Matrizes)";"Tocantins";"Tailândia";"-";"2022";700
"Economia";"Pecuária";"Efetivo de Rebanho Suínos (Matrizes)";"Tocantins";"Tailândia";"-";"2023";750
"Economia";"Pecuária";"Efetivo de Rebanho Suínos (Matrizes)";"Guamá";"Terra Alta";"-";"2011";0
"Economia";"Pecuária";"Efetivo de Rebanho Suínos (Matrizes)";"Guamá";"Terra Alta";"-";"2012";0
"Economia";"Pecuária";"Efetivo de Rebanho Suínos (Matrizes)";"Guamá";"Terra Alta";"-";"2013";35
"Economia";"Pecuária";"Efetivo de Rebanho Suínos (Matrizes)";"Guamá";"Terra Alta";"-";"2014";38
"Economia";"Pecuária";"Efetivo de Rebanho Suínos (Matrizes)";"Guamá";"Terra Alta";"-";"2015";40
"Economia";"Pecuária";"Efetivo de Rebanho Suínos (Matrizes)";"Guamá";"Terra Alta";"-";"2016";44
"Economia";"Pecuária";"Efetivo de Rebanho Suínos (Matrizes)";"Guamá";"Terra Alta";"-";"2017";50
"Economia";"Pecuária";"Efetivo de Rebanho Suínos (Matrizes)";"Guamá";"Terra Alta";"-";"2018";60
"Economia";"Pecuária";"Efetivo de Rebanho Suínos (Matrizes)";"Guamá";"Terra Alta";"-";"2019";55
"Economia";"Pecuária";"Efetivo de Rebanho Suínos (Matrizes)";"Guamá";"Terra Alta";"-";"2020";65
"Economia";"Pecuária";"Efetivo de Rebanho Suínos (Matrizes)";"Guamá";"Terra Alta";"-";"2021";86
"Economia";"Pecuária";"Efetivo de Rebanho Suínos (Matrizes)";"Guamá";"Terra Alta";"-";"2022";145
"Economia";"Pecuária";"Efetivo de Rebanho Suínos (Matrizes)";"Guamá";"Terra Alta";"-";"2023";160
"Economia";"Pecuária";"Efetivo de Rebanho Suínos (Matrizes)";"Baixo Amazonas";"Terra Santa";"-";"2011";0
"Economia";"Pecuária";"Efetivo de Rebanho Suínos (Matrizes)";"Baixo Amazonas";"Terra Santa";"-";"2012";0
"Economia";"Pecuária";"Efetivo de Rebanho Suínos (Matrizes)";"Baixo Amazonas";"Terra Santa";"-";"2013";153
"Economia";"Pecuária";"Efetivo de Rebanho Suínos (Matrizes)";"Baixo Amazonas";"Terra Santa";"-";"2014";128
"Economia";"Pecuária";"Efetivo de Rebanho Suínos (Matrizes)";"Baixo Amazonas";"Terra Santa";"-";"2015";110
"Economia";"Pecuária";"Efetivo de Rebanho Suínos (Matrizes)";"Baixo Amazonas";"Terra Santa";"-";"2016";90
"Economia";"Pecuária";"Efetivo de Rebanho Suínos (Matrizes)";"Baixo Amazonas";"Terra Santa";"-";"2017";85
"Economia";"Pecuária";"Efetivo de Rebanho Suínos (Matrizes)";"Baixo Amazonas";"Terra Santa";"-";"2018";140
"Economia";"Pecuária";"Efetivo de Rebanho Suínos (Matrizes)";"Baixo Amazonas";"Terra Santa";"-";"2019";132
"Economia";"Pecuária";"Efetivo de Rebanho Suínos (Matrizes)";"Baixo Amazonas";"Terra Santa";"-";"2020";152
"Economia";"Pecuária";"Efetivo de Rebanho Suínos (Matrizes)";"Baixo Amazonas";"Terra Santa";"-";"2021";228
"Economia";"Pecuária";"Efetivo de Rebanho Suínos (Matrizes)";"Baixo Amazonas";"Terra Santa";"-";"2022";245
"Economia";"Pecuária";"Efetivo de Rebanho Suínos (Matrizes)";"Baixo Amazonas";"Terra Santa";"-";"2023";443
"Economia";"Pecuária";"Efetivo de Rebanho Suínos (Matrizes)";"Rio Capim";"Tomé-Açu";"-";"2011";0
"Economia";"Pecuária";"Efetivo de Rebanho Suínos (Matrizes)";"Rio Capim";"Tomé-Açu";"-";"2012";0
"Economia";"Pecuária";"Efetivo de Rebanho Suínos (Matrizes)";"Rio Capim";"Tomé-Açu";"-";"2013";956
"Economia";"Pecuária";"Efetivo de Rebanho Suínos (Matrizes)";"Rio Capim";"Tomé-Açu";"-";"2014";985
"Economia";"Pecuária";"Efetivo de Rebanho Suínos (Matrizes)";"Rio Capim";"Tomé-Açu";"-";"2015";1060
"Economia";"Pecuária";"Efetivo de Rebanho Suínos (Matrizes)";"Rio Capim";"Tomé-Açu";"-";"2016";1028
"Economia";"Pecuária";"Efetivo de Rebanho Suínos (Matrizes)";"Rio Capim";"Tomé-Açu";"-";"2017";540
"Economia";"Pecuária";"Efetivo de Rebanho Suínos (Matrizes)";"Rio Capim";"Tomé-Açu";"-";"2018";556
"Economia";"Pecuária";"Efetivo de Rebanho Suínos (Matrizes)";"Rio Capim";"Tomé-Açu";"-";"2019";570
"Economia";"Pecuária";"Efetivo de Rebanho Suínos (Matrizes)";"Rio Capim";"Tomé-Açu";"-";"2020";509
"Economia";"Pecuária";"Efetivo de Rebanho Suínos (Matrizes)";"Rio Capim";"Tomé-Açu";"-";"2021";400
"Economia";"Pecuária";"Efetivo de Rebanho Suínos (Matrizes)";"Rio Capim";"Tomé-Açu";"-";"2022";410
"Economia";"Pecuária";"Efetivo de Rebanho Suínos (Matrizes)";"Rio Capim";"Tomé-Açu";"-";"2023";110
"Economia";"Pecuária";"Efetivo de Rebanho Suínos (Matrizes)";"Rio Caeté";"Tracuateua";"-";"2011";0
"Economia";"Pecuária";"Efetivo de Rebanho Suínos (Matrizes)";"Rio Caeté";"Tracuateua";"-";"2012";0
"Economia";"Pecuária";"Efetivo de Rebanho Suínos (Matrizes)";"Rio Caeté";"Tracuateua";"-";"2013";194
"Economia";"Pecuária";"Efetivo de Rebanho Suínos (Matrizes)";"Rio Caeté";"Tracuateua";"-";"2014";197
"Economia";"Pecuária";"Efetivo de Rebanho Suínos (Matrizes)";"Rio Caeté";"Tracuateua";"-";"2015";162
"Economia";"Pecuária";"Efetivo de Rebanho Suínos (Matrizes)";"Rio Caeté";"Tracuateua";"-";"2016";140
"Economia";"Pecuária";"Efetivo de Rebanho Suínos (Matrizes)";"Rio Caeté";"Tracuateua";"-";"2017";162
"Economia";"Pecuária";"Efetivo de Rebanho Suínos (Matrizes)";"Rio Caeté";"Tracuateua";"-";"2018";150
"Economia";"Pecuária";"Efetivo de Rebanho Suínos (Matrizes)";"Rio Caeté";"Tracuateua";"-";"2019";132
"Economia";"Pecuária";"Efetivo de Rebanho Suínos (Matrizes)";"Rio Caeté";"Tracuateua";"-";"2020";128
"Economia";"Pecuária";"Efetivo de Rebanho Suínos (Matrizes)";"Rio Caeté";"Tracuateua";"-";"2021";91
"Economia";"Pecuária";"Efetivo de Rebanho Suínos (Matrizes)";"Rio Caeté";"Tracuateua";"-";"2022";92
"Economia";"Pecuária";"Efetivo de Rebanho Suínos (Matrizes)";"Rio Caeté";"Tracuateua";"-";"2023";80
"Economia";"Pecuária";"Efetivo de Rebanho Suínos (Matrizes)";"Tapajós";"Trairão";"-";"2011";0
"Economia";"Pecuária";"Efetivo de Rebanho Suínos (Matrizes)";"Tapajós";"Trairão";"-";"2012";0
"Economia";"Pecuária";"Efetivo de Rebanho Suínos (Matrizes)";"Tapajós";"Trairão";"-";"2013";587
"Economia";"Pecuária";"Efetivo de Rebanho Suínos (Matrizes)";"Tapajós";"Trairão";"-";"2014";598
"Economia";"Pecuária";"Efetivo de Rebanho Suínos (Matrizes)";"Tapajós";"Trairão";"-";"2015";617
"Economia";"Pecuária";"Efetivo de Rebanho Suínos (Matrizes)";"Tapajós";"Trairão";"-";"2016";4280
"Economia";"Pecuária";"Efetivo de Rebanho Suínos (Matrizes)";"Tapajós";"Trairão";"-";"2017";4410
"Economia";"Pecuária";"Efetivo de Rebanho Suínos (Matrizes)";"Tapajós";"Trairão";"-";"2018";3980
"Economia";"Pecuária";"Efetivo de Rebanho Suínos (Matrizes)";"Tapajós";"Trairão";"-";"2019";3460
"Economia";"Pecuária";"Efetivo de Rebanho Suínos (Matrizes)";"Tapajós";"Trairão";"-";"2020";2778
"Economia";"Pecuária";"Efetivo de Rebanho Suínos (Matrizes)";"Tapajós";"Trairão";"-";"2021";2279
"Economia";"Pecuária";"Efetivo de Rebanho Suínos (Matrizes)";"Tapajós";"Trairão";"-";"2022";500
"Economia";"Pecuária";"Efetivo de Rebanho Suínos (Matrizes)";"Tapajós";"Trairão";"-";"2023";70
"Economia";"Pecuária";"Efetivo de Rebanho Suínos (Matrizes)";"Araguaia";"Tucumã";"-";"2011";0
"Economia";"Pecuária";"Efetivo de Rebanho Suínos (Matrizes)";"Araguaia";"Tucumã";"-";"2012";0
"Economia";"Pecuária";"Efetivo de Rebanho Suínos (Matrizes)";"Araguaia";"Tucumã";"-";"2013";1545
"Economia";"Pecuária";"Efetivo de Rebanho Suínos (Matrizes)";"Araguaia";"Tucumã";"-";"2014";1847
"Economia";"Pecuária";"Efetivo de Rebanho Suínos (Matrizes)";"Araguaia";"Tucumã";"-";"2015";1899
"Economia";"Pecuária";"Efetivo de Rebanho Suínos (Matrizes)";"Araguaia";"Tucumã";"-";"2016";2051
"Economia";"Pecuária";"Efetivo de Rebanho Suínos (Matrizes)";"Araguaia";"Tucumã";"-";"2017";412
"Economia";"Pecuária";"Efetivo de Rebanho Suínos (Matrizes)";"Araguaia";"Tucumã";"-";"2018";442
"Economia";"Pecuária";"Efetivo de Rebanho Suínos (Matrizes)";"Araguaia";"Tucumã";"-";"2019";460
"Economia";"Pecuária";"Efetivo de Rebanho Suínos (Matrizes)";"Araguaia";"Tucumã";"-";"2020";542
"Economia";"Pecuária";"Efetivo de Rebanho Suínos (Matrizes)";"Araguaia";"Tucumã";"-";"2021";680
"Economia";"Pecuária";"Efetivo de Rebanho Suínos (Matrizes)";"Araguaia";"Tucumã";"-";"2022";1104
"Economia";"Pecuária";"Efetivo de Rebanho Suínos (Matrizes)";"Araguaia";"Tucumã";"-";"2023";1014
"Economia";"Pecuária";"Efetivo de Rebanho Suínos (Matrizes)";"Lago de Tucuruí";"Tucuruí";"-";"2011";0
"Economia";"Pecuária";"Efetivo de Rebanho Suínos (Matrizes)";"Lago de Tucuruí";"Tucuruí";"-";"2012";0
"Economia";"Pecuária";"Efetivo de Rebanho Suínos (Matrizes)";"Lago de Tucuruí";"Tucuruí";"-";"2013";500
"Economia";"Pecuária";"Efetivo de Rebanho Suínos (Matrizes)";"Lago de Tucuruí";"Tucuruí";"-";"2014";670
"Economia";"Pecuária";"Efetivo de Rebanho Suínos (Matrizes)";"Lago de Tucuruí";"Tucuruí";"-";"2015";690
"Economia";"Pecuária";"Efetivo de Rebanho Suínos (Matrizes)";"Lago de Tucuruí";"Tucuruí";"-";"2016";700
"Economia";"Pecuária";"Efetivo de Rebanho Suínos (Matrizes)";"Lago de Tucuruí";"Tucuruí";"-";"2017";450
"Economia";"Pecuária";"Efetivo de Rebanho Suínos (Matrizes)";"Lago de Tucuruí";"Tucuruí";"-";"2018";593
"Economia";"Pecuária";"Efetivo de Rebanho Suínos (Matrizes)";"Lago de Tucuruí";"Tucuruí";"-";"2019";1796
"Economia";"Pecuária";"Efetivo de Rebanho Suínos (Matrizes)";"Lago de Tucuruí";"Tucuruí";"-";"2020";1480
"Economia";"Pecuária";"Efetivo de Rebanho Suínos (Matrizes)";"Lago de Tucuruí";"Tucuruí";"-";"2021";1000
"Economia";"Pecuária";"Efetivo de Rebanho Suínos (Matrizes)";"Lago de Tucuruí";"Tucuruí";"-";"2022";182
"Economia";"Pecuária";"Efetivo de Rebanho Suínos (Matrizes)";"Lago de Tucuruí";"Tucuruí";"-";"2023";122
"Economia";"Pecuária";"Efetivo de Rebanho Suínos (Matrizes)";"Rio Capim";"Ulianópolis";"-";"2011";0
"Economia";"Pecuária";"Efetivo de Rebanho Suínos (Matrizes)";"Rio Capim";"Ulianópolis";"-";"2012";0
"Economia";"Pecuária";"Efetivo de Rebanho Suínos (Matrizes)";"Rio Capim";"Ulianópolis";"-";"2013";985
"Economia";"Pecuária";"Efetivo de Rebanho Suínos (Matrizes)";"Rio Capim";"Ulianópolis";"-";"2014";950
"Economia";"Pecuária";"Efetivo de Rebanho Suínos (Matrizes)";"Rio Capim";"Ulianópolis";"-";"2015";984
"Economia";"Pecuária";"Efetivo de Rebanho Suínos (Matrizes)";"Rio Capim";"Ulianópolis";"-";"2016";1070
"Economia";"Pecuária";"Efetivo de Rebanho Suínos (Matrizes)";"Rio Capim";"Ulianópolis";"-";"2017";966
"Economia";"Pecuária";"Efetivo de Rebanho Suínos (Matrizes)";"Rio Capim";"Ulianópolis";"-";"2018";792
"Economia";"Pecuária";"Efetivo de Rebanho Suínos (Matrizes)";"Rio Capim";"Ulianópolis";"-";"2019";815
"Economia";"Pecuária";"Efetivo de Rebanho Suínos (Matrizes)";"Rio Capim";"Ulianópolis";"-";"2020";850
"Economia";"Pecuária";"Efetivo de Rebanho Suínos (Matrizes)";"Rio Capim";"Ulianópolis";"-";"2021";251
"Economia";"Pecuária";"Efetivo de Rebanho Suínos (Matrizes)";"Rio Capim";"Ulianópolis";"-";"2022";248
"Economia";"Pecuária";"Efetivo de Rebanho Suínos (Matrizes)";"Rio Capim";"Ulianópolis";"-";"2023";1138
"Economia";"Pecuária";"Efetivo de Rebanho Suínos (Matrizes)";"Xingu";"Uruará";"-";"2011";0
"Economia";"Pecuária";"Efetivo de Rebanho Suínos (Matrizes)";"Xingu";"Uruará";"-";"2012";0
"Economia";"Pecuária";"Efetivo de Rebanho Suínos (Matrizes)";"Xingu";"Uruará";"-";"2013";156
"Economia";"Pecuária";"Efetivo de Rebanho Suínos (Matrizes)";"Xingu";"Uruará";"-";"2014";165
"Economia";"Pecuária";"Efetivo de Rebanho Suínos (Matrizes)";"Xingu";"Uruará";"-";"2015";170
"Economia";"Pecuária";"Efetivo de Rebanho Suínos (Matrizes)";"Xingu";"Uruará";"-";"2016";175
"Economia";"Pecuária";"Efetivo de Rebanho Suínos (Matrizes)";"Xingu";"Uruará";"-";"2017";1780
"Economia";"Pecuária";"Efetivo de Rebanho Suínos (Matrizes)";"Xingu";"Uruará";"-";"2018";1775
"Economia";"Pecuária";"Efetivo de Rebanho Suínos (Matrizes)";"Xingu";"Uruará";"-";"2019";1520
"Economia";"Pecuária";"Efetivo de Rebanho Suínos (Matrizes)";"Xingu";"Uruará";"-";"2020";2950
"Economia";"Pecuária";"Efetivo de Rebanho Suínos (Matrizes)";"Xingu";"Uruará";"-";"2021";1130
"Economia";"Pecuária";"Efetivo de Rebanho Suínos (Matrizes)";"Xingu";"Uruará";"-";"2022";1260
"Economia";"Pecuária";"Efetivo de Rebanho Suínos (Matrizes)";"Xingu";"Uruará";"-";"2023";1450
"Economia";"Pecuária";"Efetivo de Rebanho Suínos (Matrizes)";"Guamá";"Vigia";"-";"2011";0
"Economia";"Pecuária";"Efetivo de Rebanho Suínos (Matrizes)";"Guamá";"Vigia";"-";"2012";0
"Economia";"Pecuária";"Efetivo de Rebanho Suínos (Matrizes)";"Guamá";"Vigia";"-";"2013";5
"Economia";"Pecuária";"Efetivo de Rebanho Suínos (Matrizes)";"Guamá";"Vigia";"-";"2014";20
"Economia";"Pecuária";"Efetivo de Rebanho Suínos (Matrizes)";"Guamá";"Vigia";"-";"2015";25
"Economia";"Pecuária";"Efetivo de Rebanho Suínos (Matrizes)";"Guamá";"Vigia";"-";"2016";27
"Economia";"Pecuária";"Efetivo de Rebanho Suínos (Matrizes)";"Guamá";"Vigia";"-";"2017";25
"Economia";"Pecuária";"Efetivo de Rebanho Suínos (Matrizes)";"Guamá";"Vigia";"-";"2018";30
"Economia";"Pecuária";"Efetivo de Rebanho Suínos (Matrizes)";"Guamá";"Vigia";"-";"2019";31
"Economia";"Pecuária";"Efetivo de Rebanho Suínos (Matrizes)";"Guamá";"Vigia";"-";"2020";48
"Economia";"Pecuária";"Efetivo de Rebanho Suínos (Matrizes)";"Guamá";"Vigia";"-";"2021";40
"Economia";"Pecuária";"Efetivo de Rebanho Suínos (Matrizes)";"Guamá";"Vigia";"-";"2022";39
"Economia";"Pecuária";"Efetivo de Rebanho Suínos (Matrizes)";"Guamá";"Vigia";"-";"2023";1
"Economia";"Pecuária";"Efetivo de Rebanho Suínos (Matrizes)";"Rio Caeté";"Viseu";"-";"2011";0
"Economia";"Pecuária";"Efetivo de Rebanho Suínos (Matrizes)";"Rio Caeté";"Viseu";"-";"2012";0
"Economia";"Pecuária";"Efetivo de Rebanho Suínos (Matrizes)";"Rio Caeté";"Viseu";"-";"2013";299
"Economia";"Pecuária";"Efetivo de Rebanho Suínos (Matrizes)";"Rio Caeté";"Viseu";"-";"2014";294
"Economia";"Pecuária";"Efetivo de Rebanho Suínos (Matrizes)";"Rio Caeté";"Viseu";"-";"2015";206
"Economia";"Pecuária";"Efetivo de Rebanho Suínos (Matrizes)";"Rio Caeté";"Viseu";"-";"2016";180
"Economia";"Pecuária";"Efetivo de Rebanho Suínos (Matrizes)";"Rio Caeté";"Viseu";"-";"2017";192
"Economia";"Pecuária";"Efetivo de Rebanho Suínos (Matrizes)";"Rio Caeté";"Viseu";"-";"2018";205
"Economia";"Pecuária";"Efetivo de Rebanho Suínos (Matrizes)";"Rio Caeté";"Viseu";"-";"2019";186
"Economia";"Pecuária";"Efetivo de Rebanho Suínos (Matrizes)";"Rio Caeté";"Viseu";"-";"2020";180
"Economia";"Pecuária";"Efetivo de Rebanho Suínos (Matrizes)";"Rio Caeté";"Viseu";"-";"2021";162
"Economia";"Pecuária";"Efetivo de Rebanho Suínos (Matrizes)";"Rio Caeté";"Viseu";"-";"2022";170
"Economia";"Pecuária";"Efetivo de Rebanho Suínos (Matrizes)";"Rio Caeté";"Viseu";"-";"2023";165
"Economia";"Pecuária";"Efetivo de Rebanho Suínos (Matrizes)";"Xingu";"Vitória do Xingu";"-";"2011";0
"Economia";"Pecuária";"Efetivo de Rebanho Suínos (Matrizes)";"Xingu";"Vitória do Xingu";"-";"2012";0
"Economia";"Pecuária";"Efetivo de Rebanho Suínos (Matrizes)";"Xingu";"Vitória do Xingu";"-";"2013";96
"Economia";"Pecuária";"Efetivo de Rebanho Suínos (Matrizes)";"Xingu";"Vitória do Xingu";"-";"2014";100
"Economia";"Pecuária";"Efetivo de Rebanho Suínos (Matrizes)";"Xingu";"Vitória do Xingu";"-";"2015";110
"Economia";"Pecuária";"Efetivo de Rebanho Suínos (Matrizes)";"Xingu";"Vitória do Xingu";"-";"2016";101
"Economia";"Pecuária";"Efetivo de Rebanho Suínos (Matrizes)";"Xingu";"Vitória do Xingu";"-";"2017";312
"Economia";"Pecuária";"Efetivo de Rebanho Suínos (Matrizes)";"Xingu";"Vitória do Xingu";"-";"2018";280
"Economia";"Pecuária";"Efetivo de Rebanho Suínos (Matrizes)";"Xingu";"Vitória do Xingu";"-";"2019";302
"Economia";"Pecuária";"Efetivo de Rebanho Suínos (Matrizes)";"Xingu";"Vitória do Xingu";"-";"2020";650
"Economia";"Pecuária";"Efetivo de Rebanho Suínos (Matrizes)";"Xingu";"Vitória do Xingu";"-";"2021";550
"Economia";"Pecuária";"Efetivo de Rebanho Suínos (Matrizes)";"Xingu";"Vitória do Xingu";"-";"2022";610
"Economia";"Pecuária";"Efetivo de Rebanho Suínos (Matrizes)";"Xingu";"Vitória do Xingu";"-";"2023";630
"Economia";"Pecuária";"Efetivo de Rebanho Suínos (Matrizes)";"Araguaia";"Xinguara";"-";"2011";0
"Economia";"Pecuária";"Efetivo de Rebanho Suínos (Matrizes)";"Araguaia";"Xinguara";"-";"2012";0
"Economia";"Pecuária";"Efetivo de Rebanho Suínos (Matrizes)";"Araguaia";"Xinguara";"-";"2013";1822
"Economia";"Pecuária";"Efetivo de Rebanho Suínos (Matrizes)";"Araguaia";"Xinguara";"-";"2014";2289
"Economia";"Pecuária";"Efetivo de Rebanho Suínos (Matrizes)";"Araguaia";"Xinguara";"-";"2015";2281
"Economia";"Pecuária";"Efetivo de Rebanho Suínos (Matrizes)";"Araguaia";"Xinguara";"-";"2016";2272
"Economia";"Pecuária";"Efetivo de Rebanho Suínos (Matrizes)";"Araguaia";"Xinguara";"-";"2017";2362
"Economia";"Pecuária";"Efetivo de Rebanho Suínos (Matrizes)";"Araguaia";"Xinguara";"-";"2018";2374
"Economia";"Pecuária";"Efetivo de Rebanho Suínos (Matrizes)";"Araguaia";"Xinguara";"-";"2019";4330
"Economia";"Pecuária";"Efetivo de Rebanho Suínos (Matrizes)";"Araguaia";"Xinguara";"-";"2020";4338
"Economia";"Pecuária";"Efetivo de Rebanho Suínos (Matrizes)";"Araguaia";"Xinguara";"-";"2021";1200
"Economia";"Pecuária";"Efetivo de Rebanho Suínos (Matrizes)";"Araguaia";"Xinguara";"-";"2022";1650
"Economia";"Pecuária";"Efetivo de Rebanho Suínos (Matrizes)";"Araguaia";"Xinguara";"-";"2023";400
