"tematica";"subtema";"indicador";"ri";"localidade";"categoria";"ano";"valor"
"Social";"Previdência Social";"Valor dos benefícios emitidos no mês de dezembro";"Pará";"Pará";"Total";"2016";800341799,039979
"Social";"Previdência Social";"Valor dos benefícios emitidos no mês de dezembro";"Pará";"Pará";"Total";"2018";682551317,25003
"Social";"Previdência Social";"Valor dos benefícios emitidos no mês de dezembro";"Pará";"Pará";"Total";"2019";736733113,25
"Social";"Previdência Social";"Valor dos benefícios emitidos no mês de dezembro";"Pará";"Pará";"Total";"2020";779032087,34
"Social";"Previdência Social";"Valor dos benefícios emitidos no mês de dezembro";"Pará";"Pará";"Total";"2021";802744814,98
"Social";"Previdência Social";"Valor dos benefícios emitidos no mês de dezembro";"Pará";"Pará";"Total";"2022";910850975,35
"Social";"Previdência Social";"Valor dos benefícios emitidos no mês de dezembro";"Pará";"Pará";"Total";"2023";1023765714,12
"Social";"Previdência Social";"Valor dos benefícios emitidos no mês de dezembro";"Pará";"Pará";"Total";"2024";1120884363,26
"Social";"Previdência Social";"Valor dos benefícios emitidos no mês de dezembro";"Tocantins";"Abaetetuba";"Total";"2016";15292310,7900012
"Social";"Previdência Social";"Valor dos benefícios emitidos no mês de dezembro";"Tocantins";"Abaetetuba";"Total";"2018";12607474,5500026
"Social";"Previdência Social";"Valor dos benefícios emitidos no mês de dezembro";"Tocantins";"Abaetetuba";"Total";"2019";13577481,22
"Social";"Previdência Social";"Valor dos benefícios emitidos no mês de dezembro";"Tocantins";"Abaetetuba";"Total";"2020";14203608,02
"Social";"Previdência Social";"Valor dos benefícios emitidos no mês de dezembro";"Tocantins";"Abaetetuba";"Total";"2021";14729710,39
"Social";"Previdência Social";"Valor dos benefícios emitidos no mês de dezembro";"Tocantins";"Abaetetuba";"Total";"2022";16689786,46
"Social";"Previdência Social";"Valor dos benefícios emitidos no mês de dezembro";"Tocantins";"Abaetetuba";"Total";"2023";19083488,33
"Social";"Previdência Social";"Valor dos benefícios emitidos no mês de dezembro";"Tocantins";"Abaetetuba";"Total";"2024";20953330,1
"Social";"Previdência Social";"Valor dos benefícios emitidos no mês de dezembro";"Rio Capim";"Abel Figueiredo";"Total";"2016";438718,709999907
"Social";"Previdência Social";"Valor dos benefícios emitidos no mês de dezembro";"Rio Capim";"Abel Figueiredo";"Total";"2018";374208,899999932
"Social";"Previdência Social";"Valor dos benefícios emitidos no mês de dezembro";"Rio Capim";"Abel Figueiredo";"Total";"2019";406518,35
"Social";"Previdência Social";"Valor dos benefícios emitidos no mês de dezembro";"Rio Capim";"Abel Figueiredo";"Total";"2020";444997,81
"Social";"Previdência Social";"Valor dos benefícios emitidos no mês de dezembro";"Rio Capim";"Abel Figueiredo";"Total";"2021";428162,1
"Social";"Previdência Social";"Valor dos benefícios emitidos no mês de dezembro";"Rio Capim";"Abel Figueiredo";"Total";"2022";494529,8
"Social";"Previdência Social";"Valor dos benefícios emitidos no mês de dezembro";"Rio Capim";"Abel Figueiredo";"Total";"2023";558792,16
"Social";"Previdência Social";"Valor dos benefícios emitidos no mês de dezembro";"Rio Capim";"Abel Figueiredo";"Total";"2024";651149,89
"Social";"Previdência Social";"Valor dos benefícios emitidos no mês de dezembro";"Tocantins";"Acará";"Total";"2016";4333585,64999986
"Social";"Previdência Social";"Valor dos benefícios emitidos no mês de dezembro";"Tocantins";"Acará";"Total";"2018";4006948,92000088
"Social";"Previdência Social";"Valor dos benefícios emitidos no mês de dezembro";"Tocantins";"Acará";"Total";"2019";4395546,27
"Social";"Previdência Social";"Valor dos benefícios emitidos no mês de dezembro";"Tocantins";"Acará";"Total";"2020";4718701,72
"Social";"Previdência Social";"Valor dos benefícios emitidos no mês de dezembro";"Tocantins";"Acará";"Total";"2021";4744324,13
"Social";"Previdência Social";"Valor dos benefícios emitidos no mês de dezembro";"Tocantins";"Acará";"Total";"2022";5468606,82
"Social";"Previdência Social";"Valor dos benefícios emitidos no mês de dezembro";"Tocantins";"Acará";"Total";"2023";6202277,86
"Social";"Previdência Social";"Valor dos benefícios emitidos no mês de dezembro";"Tocantins";"Acará";"Total";"2024";6797092,71
"Social";"Previdência Social";"Valor dos benefícios emitidos no mês de dezembro";"Marajó";"Afuá";"Total";"2016";1490546,70000013
"Social";"Previdência Social";"Valor dos benefícios emitidos no mês de dezembro";"Marajó";"Afuá";"Total";"2018";827343,759999953
"Social";"Previdência Social";"Valor dos benefícios emitidos no mês de dezembro";"Marajó";"Afuá";"Total";"2019";923590,44
"Social";"Previdência Social";"Valor dos benefícios emitidos no mês de dezembro";"Marajó";"Afuá";"Total";"2020";1014906,75
"Social";"Previdência Social";"Valor dos benefícios emitidos no mês de dezembro";"Marajó";"Afuá";"Total";"2021";1111200,48
"Social";"Previdência Social";"Valor dos benefícios emitidos no mês de dezembro";"Marajó";"Afuá";"Total";"2022";1185026,6
"Social";"Previdência Social";"Valor dos benefícios emitidos no mês de dezembro";"Marajó";"Afuá";"Total";"2023";1363850,97
"Social";"Previdência Social";"Valor dos benefícios emitidos no mês de dezembro";"Marajó";"Afuá";"Total";"2024";1614040,43
"Social";"Previdência Social";"Valor dos benefícios emitidos no mês de dezembro";"Araguaia";"Água Azul do Norte";"Total";"2016";881399,339999912
"Social";"Previdência Social";"Valor dos benefícios emitidos no mês de dezembro";"Araguaia";"Água Azul do Norte";"Total";"2018";762562,800000049
"Social";"Previdência Social";"Valor dos benefícios emitidos no mês de dezembro";"Araguaia";"Água Azul do Norte";"Total";"2019";845854,92
"Social";"Previdência Social";"Valor dos benefícios emitidos no mês de dezembro";"Araguaia";"Água Azul do Norte";"Total";"2020";910463,16
"Social";"Previdência Social";"Valor dos benefícios emitidos no mês de dezembro";"Araguaia";"Água Azul do Norte";"Total";"2021";910319,26
"Social";"Previdência Social";"Valor dos benefícios emitidos no mês de dezembro";"Araguaia";"Água Azul do Norte";"Total";"2022";1030948,39
"Social";"Previdência Social";"Valor dos benefícios emitidos no mês de dezembro";"Araguaia";"Água Azul do Norte";"Total";"2023";1123729,46
"Social";"Previdência Social";"Valor dos benefícios emitidos no mês de dezembro";"Araguaia";"Água Azul do Norte";"Total";"2024";1215444,87
"Social";"Previdência Social";"Valor dos benefícios emitidos no mês de dezembro";"Baixo Amazonas";"Alenquer";"Total";"2016";6561303,07000053
"Social";"Previdência Social";"Valor dos benefícios emitidos no mês de dezembro";"Baixo Amazonas";"Alenquer";"Total";"2018";5848803,10999946
"Social";"Previdência Social";"Valor dos benefícios emitidos no mês de dezembro";"Baixo Amazonas";"Alenquer";"Total";"2019";6269895,62
"Social";"Previdência Social";"Valor dos benefícios emitidos no mês de dezembro";"Baixo Amazonas";"Alenquer";"Total";"2020";6552377,15
"Social";"Previdência Social";"Valor dos benefícios emitidos no mês de dezembro";"Baixo Amazonas";"Alenquer";"Total";"2021";6676765,45
"Social";"Previdência Social";"Valor dos benefícios emitidos no mês de dezembro";"Baixo Amazonas";"Alenquer";"Total";"2022";7449108,89
"Social";"Previdência Social";"Valor dos benefícios emitidos no mês de dezembro";"Baixo Amazonas";"Alenquer";"Total";"2023";8347024,01
"Social";"Previdência Social";"Valor dos benefícios emitidos no mês de dezembro";"Baixo Amazonas";"Alenquer";"Total";"2024";9213875,89
"Social";"Previdência Social";"Valor dos benefícios emitidos no mês de dezembro";"Baixo Amazonas";"Almeirim";"Total";"2016";2804869,08000018
"Social";"Previdência Social";"Valor dos benefícios emitidos no mês de dezembro";"Baixo Amazonas";"Almeirim";"Total";"2018";2432171,59999931
"Social";"Previdência Social";"Valor dos benefícios emitidos no mês de dezembro";"Baixo Amazonas";"Almeirim";"Total";"2019";2492449,85
"Social";"Previdência Social";"Valor dos benefícios emitidos no mês de dezembro";"Baixo Amazonas";"Almeirim";"Total";"2020";2731324,55
"Social";"Previdência Social";"Valor dos benefícios emitidos no mês de dezembro";"Baixo Amazonas";"Almeirim";"Total";"2021";2772840,87
"Social";"Previdência Social";"Valor dos benefícios emitidos no mês de dezembro";"Baixo Amazonas";"Almeirim";"Total";"2022";3191693,31
"Social";"Previdência Social";"Valor dos benefícios emitidos no mês de dezembro";"Baixo Amazonas";"Almeirim";"Total";"2023";3601727,77
"Social";"Previdência Social";"Valor dos benefícios emitidos no mês de dezembro";"Baixo Amazonas";"Almeirim";"Total";"2024";4120238,65
"Social";"Previdência Social";"Valor dos benefícios emitidos no mês de dezembro";"Xingu";"Altamira";"Total";"2016";13566503,039998
"Social";"Previdência Social";"Valor dos benefícios emitidos no mês de dezembro";"Xingu";"Altamira";"Total";"2018";10934725,35
"Social";"Previdência Social";"Valor dos benefícios emitidos no mês de dezembro";"Xingu";"Altamira";"Total";"2019";11385767,52
"Social";"Previdência Social";"Valor dos benefícios emitidos no mês de dezembro";"Xingu";"Altamira";"Total";"2020";12106810,51
"Social";"Previdência Social";"Valor dos benefícios emitidos no mês de dezembro";"Xingu";"Altamira";"Total";"2021";12567189,82
"Social";"Previdência Social";"Valor dos benefícios emitidos no mês de dezembro";"Xingu";"Altamira";"Total";"2022";14812425,47
"Social";"Previdência Social";"Valor dos benefícios emitidos no mês de dezembro";"Xingu";"Altamira";"Total";"2023";17189923,52
"Social";"Previdência Social";"Valor dos benefícios emitidos no mês de dezembro";"Xingu";"Altamira";"Total";"2024";19580641,9
"Social";"Previdência Social";"Valor dos benefícios emitidos no mês de dezembro";"Marajó";"Anajás";"Total";"2016";627674,710000072
"Social";"Previdência Social";"Valor dos benefícios emitidos no mês de dezembro";"Marajó";"Anajás";"Total";"2018";573940,470000033
"Social";"Previdência Social";"Valor dos benefícios emitidos no mês de dezembro";"Marajó";"Anajás";"Total";"2019";688885,69
"Social";"Previdência Social";"Valor dos benefícios emitidos no mês de dezembro";"Marajó";"Anajás";"Total";"2020";858377,27
"Social";"Previdência Social";"Valor dos benefícios emitidos no mês de dezembro";"Marajó";"Anajás";"Total";"2021";913920,01
"Social";"Previdência Social";"Valor dos benefícios emitidos no mês de dezembro";"Marajó";"Anajás";"Total";"2022";1082696,57
"Social";"Previdência Social";"Valor dos benefícios emitidos no mês de dezembro";"Marajó";"Anajás";"Total";"2023";380783,94
"Social";"Previdência Social";"Valor dos benefícios emitidos no mês de dezembro";"Marajó";"Anajás";"Total";"2024";344403,16
"Social";"Previdência Social";"Valor dos benefícios emitidos no mês de dezembro";"Guajará";"Ananindeua";"Total";"2016";36465895,9600006
"Social";"Previdência Social";"Valor dos benefícios emitidos no mês de dezembro";"Guajará";"Ananindeua";"Total";"2018";27331456,5100006
"Social";"Previdência Social";"Valor dos benefícios emitidos no mês de dezembro";"Guajará";"Ananindeua";"Total";"2019";30778321,7
"Social";"Previdência Social";"Valor dos benefícios emitidos no mês de dezembro";"Guajará";"Ananindeua";"Total";"2020";33179298,04
"Social";"Previdência Social";"Valor dos benefícios emitidos no mês de dezembro";"Guajará";"Ananindeua";"Total";"2021";35560613,22
"Social";"Previdência Social";"Valor dos benefícios emitidos no mês de dezembro";"Guajará";"Ananindeua";"Total";"2022";40361923,86
"Social";"Previdência Social";"Valor dos benefícios emitidos no mês de dezembro";"Guajará";"Ananindeua";"Total";"2023";45645639,16
"Social";"Previdência Social";"Valor dos benefícios emitidos no mês de dezembro";"Guajará";"Ananindeua";"Total";"2024";49496214,24
"Social";"Previdência Social";"Valor dos benefícios emitidos no mês de dezembro";"Xingu";"Anapu";"Total";"2016";1411160,66000037
"Social";"Previdência Social";"Valor dos benefícios emitidos no mês de dezembro";"Xingu";"Anapu";"Total";"2018";1393294,49999993
"Social";"Previdência Social";"Valor dos benefícios emitidos no mês de dezembro";"Xingu";"Anapu";"Total";"2019";1547442,33
"Social";"Previdência Social";"Valor dos benefícios emitidos no mês de dezembro";"Xingu";"Anapu";"Total";"2020";1752937,97
"Social";"Previdência Social";"Valor dos benefícios emitidos no mês de dezembro";"Xingu";"Anapu";"Total";"2021";1691617,84
"Social";"Previdência Social";"Valor dos benefícios emitidos no mês de dezembro";"Xingu";"Anapu";"Total";"2022";1918345,37
"Social";"Previdência Social";"Valor dos benefícios emitidos no mês de dezembro";"Xingu";"Anapu";"Total";"2023";2288428,86
"Social";"Previdência Social";"Valor dos benefícios emitidos no mês de dezembro";"Xingu";"Anapu";"Total";"2024";2617620,78
"Social";"Previdência Social";"Valor dos benefícios emitidos no mês de dezembro";"Rio Caeté";"Augusto Corrêa";"Total";"2016";4482917,62999996
"Social";"Previdência Social";"Valor dos benefícios emitidos no mês de dezembro";"Rio Caeté";"Augusto Corrêa";"Total";"2018";4087416,85000055
"Social";"Previdência Social";"Valor dos benefícios emitidos no mês de dezembro";"Rio Caeté";"Augusto Corrêa";"Total";"2019";4357505,53
"Social";"Previdência Social";"Valor dos benefícios emitidos no mês de dezembro";"Rio Caeté";"Augusto Corrêa";"Total";"2020";4691424,23
"Social";"Previdência Social";"Valor dos benefícios emitidos no mês de dezembro";"Rio Caeté";"Augusto Corrêa";"Total";"2021";4555832,9
"Social";"Previdência Social";"Valor dos benefícios emitidos no mês de dezembro";"Rio Caeté";"Augusto Corrêa";"Total";"2022";5118604,65
"Social";"Previdência Social";"Valor dos benefícios emitidos no mês de dezembro";"Rio Caeté";"Augusto Corrêa";"Total";"2023";5562937,53
"Social";"Previdência Social";"Valor dos benefícios emitidos no mês de dezembro";"Rio Caeté";"Augusto Corrêa";"Total";"2024";5969917,44
"Social";"Previdência Social";"Valor dos benefícios emitidos no mês de dezembro";"Rio Capim";"Aurora do Pará";"Total";"2016";1955601,45999961
"Social";"Previdência Social";"Valor dos benefícios emitidos no mês de dezembro";"Rio Capim";"Aurora do Pará";"Total";"2018";1771014,98000001
"Social";"Previdência Social";"Valor dos benefícios emitidos no mês de dezembro";"Rio Capim";"Aurora do Pará";"Total";"2019";1878232,7
"Social";"Previdência Social";"Valor dos benefícios emitidos no mês de dezembro";"Rio Capim";"Aurora do Pará";"Total";"2020";1987651,1
"Social";"Previdência Social";"Valor dos benefícios emitidos no mês de dezembro";"Rio Capim";"Aurora do Pará";"Total";"2021";179712,38
"Social";"Previdência Social";"Valor dos benefícios emitidos no mês de dezembro";"Rio Capim";"Aurora do Pará";"Total";"2022";296303,47
"Social";"Previdência Social";"Valor dos benefícios emitidos no mês de dezembro";"Rio Capim";"Aurora do Pará";"Total";"2023";456114,46
"Social";"Previdência Social";"Valor dos benefícios emitidos no mês de dezembro";"Rio Capim";"Aurora do Pará";"Total";"2024";616669,97
"Social";"Previdência Social";"Valor dos benefícios emitidos no mês de dezembro";"Tapajós";"Aveiro";"Total";"2016";295727,449999966
"Social";"Previdência Social";"Valor dos benefícios emitidos no mês de dezembro";"Tapajós";"Aveiro";"Total";"2018";317516,820000049
"Social";"Previdência Social";"Valor dos benefícios emitidos no mês de dezembro";"Tapajós";"Aveiro";"Total";"2019";380909,06
"Social";"Previdência Social";"Valor dos benefícios emitidos no mês de dezembro";"Tapajós";"Aveiro";"Total";"2020";417102,56
"Social";"Previdência Social";"Valor dos benefícios emitidos no mês de dezembro";"Tapajós";"Aveiro";"Total";"2021";415709,96
"Social";"Previdência Social";"Valor dos benefícios emitidos no mês de dezembro";"Tapajós";"Aveiro";"Total";"2022";477589,52
"Social";"Previdência Social";"Valor dos benefícios emitidos no mês de dezembro";"Tapajós";"Aveiro";"Total";"2023";556129,42
"Social";"Previdência Social";"Valor dos benefícios emitidos no mês de dezembro";"Tapajós";"Aveiro";"Total";"2024";575335,72
"Social";"Previdência Social";"Valor dos benefícios emitidos no mês de dezembro";"Marajó";"Bagre";"Total";"2016";507173,260000034
"Social";"Previdência Social";"Valor dos benefícios emitidos no mês de dezembro";"Marajó";"Bagre";"Total";"2018";419983,139999914
"Social";"Previdência Social";"Valor dos benefícios emitidos no mês de dezembro";"Marajó";"Bagre";"Total";"2019";496804,49
"Social";"Previdência Social";"Valor dos benefícios emitidos no mês de dezembro";"Marajó";"Bagre";"Total";"2020";607077
"Social";"Previdência Social";"Valor dos benefícios emitidos no mês de dezembro";"Marajó";"Bagre";"Total";"2021";585838,54
"Social";"Previdência Social";"Valor dos benefícios emitidos no mês de dezembro";"Marajó";"Bagre";"Total";"2022";666882,84
"Social";"Previdência Social";"Valor dos benefícios emitidos no mês de dezembro";"Marajó";"Bagre";"Total";"2023";773443,2
"Social";"Previdência Social";"Valor dos benefícios emitidos no mês de dezembro";"Marajó";"Bagre";"Total";"2024";864999,59
"Social";"Previdência Social";"Valor dos benefícios emitidos no mês de dezembro";"Tocantins";"Baião";"Total";"2016";2166858,94000034
"Social";"Previdência Social";"Valor dos benefícios emitidos no mês de dezembro";"Tocantins";"Baião";"Total";"2018";2135129,66000044
"Social";"Previdência Social";"Valor dos benefícios emitidos no mês de dezembro";"Tocantins";"Baião";"Total";"2019";2359773,35
"Social";"Previdência Social";"Valor dos benefícios emitidos no mês de dezembro";"Tocantins";"Baião";"Total";"2020";2554392,45
"Social";"Previdência Social";"Valor dos benefícios emitidos no mês de dezembro";"Tocantins";"Baião";"Total";"2021";2559950,48
"Social";"Previdência Social";"Valor dos benefícios emitidos no mês de dezembro";"Tocantins";"Baião";"Total";"2022";2987531,03
"Social";"Previdência Social";"Valor dos benefícios emitidos no mês de dezembro";"Tocantins";"Baião";"Total";"2023";3413478,74
"Social";"Previdência Social";"Valor dos benefícios emitidos no mês de dezembro";"Tocantins";"Baião";"Total";"2024";3846434,42
"Social";"Previdência Social";"Valor dos benefícios emitidos no mês de dezembro";"Araguaia";"Bannach";"Total";"2016";141930,68999999
"Social";"Previdência Social";"Valor dos benefícios emitidos no mês de dezembro";"Araguaia";"Bannach";"Total";"2018";113101,58000003
"Social";"Previdência Social";"Valor dos benefícios emitidos no mês de dezembro";"Araguaia";"Bannach";"Total";"2019";126211,73
"Social";"Previdência Social";"Valor dos benefícios emitidos no mês de dezembro";"Araguaia";"Bannach";"Total";"2020";136737,61
"Social";"Previdência Social";"Valor dos benefícios emitidos no mês de dezembro";"Araguaia";"Bannach";"Total";"2021";133085,77
"Social";"Previdência Social";"Valor dos benefícios emitidos no mês de dezembro";"Araguaia";"Bannach";"Total";"2022";169915,24
"Social";"Previdência Social";"Valor dos benefícios emitidos no mês de dezembro";"Araguaia";"Bannach";"Total";"2023";195248,76
"Social";"Previdência Social";"Valor dos benefícios emitidos no mês de dezembro";"Araguaia";"Bannach";"Total";"2024";216783,52
"Social";"Previdência Social";"Valor dos benefícios emitidos no mês de dezembro";"Tocantins";"Barcarena";"Total";"2016";8833466,40000078
"Social";"Previdência Social";"Valor dos benefícios emitidos no mês de dezembro";"Tocantins";"Barcarena";"Total";"2018";8652357,7100004
"Social";"Previdência Social";"Valor dos benefícios emitidos no mês de dezembro";"Tocantins";"Barcarena";"Total";"2019";9551279
"Social";"Previdência Social";"Valor dos benefícios emitidos no mês de dezembro";"Tocantins";"Barcarena";"Total";"2020";10256346,66
"Social";"Previdência Social";"Valor dos benefícios emitidos no mês de dezembro";"Tocantins";"Barcarena";"Total";"2021";10515050,97
"Social";"Previdência Social";"Valor dos benefícios emitidos no mês de dezembro";"Tocantins";"Barcarena";"Total";"2022";11842863,35
"Social";"Previdência Social";"Valor dos benefícios emitidos no mês de dezembro";"Tocantins";"Barcarena";"Total";"2023";13331982,13
"Social";"Previdência Social";"Valor dos benefícios emitidos no mês de dezembro";"Tocantins";"Barcarena";"Total";"2024";14515392,1
"Social";"Previdência Social";"Valor dos benefícios emitidos no mês de dezembro";"Guajará";"Belém";"Total";"2016";225589654,299985
"Social";"Previdência Social";"Valor dos benefícios emitidos no mês de dezembro";"Guajará";"Belém";"Total";"2018";194889048,740021
"Social";"Previdência Social";"Valor dos benefícios emitidos no mês de dezembro";"Guajará";"Belém";"Total";"2019";208196702,19
"Social";"Previdência Social";"Valor dos benefícios emitidos no mês de dezembro";"Guajará";"Belém";"Total";"2020";218177624,44
"Social";"Previdência Social";"Valor dos benefícios emitidos no mês de dezembro";"Guajará";"Belém";"Total";"2021";227988217,2
"Social";"Previdência Social";"Valor dos benefícios emitidos no mês de dezembro";"Guajará";"Belém";"Total";"2022";253331493,85
"Social";"Previdência Social";"Valor dos benefícios emitidos no mês de dezembro";"Guajará";"Belém";"Total";"2023";275137283,48
"Social";"Previdência Social";"Valor dos benefícios emitidos no mês de dezembro";"Guajará";"Belém";"Total";"2024";294997287,36
"Social";"Previdência Social";"Valor dos benefícios emitidos no mês de dezembro";"Baixo Amazonas";"Belterra";"Total";"2016";543012,679999963
"Social";"Previdência Social";"Valor dos benefícios emitidos no mês de dezembro";"Baixo Amazonas";"Belterra";"Total";"2018";499171,820000041
"Social";"Previdência Social";"Valor dos benefícios emitidos no mês de dezembro";"Baixo Amazonas";"Belterra";"Total";"2019";582293,99
"Social";"Previdência Social";"Valor dos benefícios emitidos no mês de dezembro";"Baixo Amazonas";"Belterra";"Total";"2020";694662,23
"Social";"Previdência Social";"Valor dos benefícios emitidos no mês de dezembro";"Baixo Amazonas";"Belterra";"Total";"2021";708506,17
"Social";"Previdência Social";"Valor dos benefícios emitidos no mês de dezembro";"Baixo Amazonas";"Belterra";"Total";"2022";839784,54
"Social";"Previdência Social";"Valor dos benefícios emitidos no mês de dezembro";"Baixo Amazonas";"Belterra";"Total";"2023";1087713,94
"Social";"Previdência Social";"Valor dos benefícios emitidos no mês de dezembro";"Baixo Amazonas";"Belterra";"Total";"2024";1261035,34
"Social";"Previdência Social";"Valor dos benefícios emitidos no mês de dezembro";"Guajará";"Benevides";"Total";"2016";7621118,28999873
"Social";"Previdência Social";"Valor dos benefícios emitidos no mês de dezembro";"Guajará";"Benevides";"Total";"2018";6504567,1699983
"Social";"Previdência Social";"Valor dos benefícios emitidos no mês de dezembro";"Guajará";"Benevides";"Total";"2019";6454813,3
"Social";"Previdência Social";"Valor dos benefícios emitidos no mês de dezembro";"Guajará";"Benevides";"Total";"2020";6312809,46
"Social";"Previdência Social";"Valor dos benefícios emitidos no mês de dezembro";"Guajará";"Benevides";"Total";"2021";6608898,13
"Social";"Previdência Social";"Valor dos benefícios emitidos no mês de dezembro";"Guajará";"Benevides";"Total";"2022";7434267,43
"Social";"Previdência Social";"Valor dos benefícios emitidos no mês de dezembro";"Guajará";"Benevides";"Total";"2023";8170931,6
"Social";"Previdência Social";"Valor dos benefícios emitidos no mês de dezembro";"Guajará";"Benevides";"Total";"2024";8518855,86
"Social";"Previdência Social";"Valor dos benefícios emitidos no mês de dezembro";"Carajás";"Bom Jesus do Tocantins";"Total";"2016";1828314,36000036
"Social";"Previdência Social";"Valor dos benefícios emitidos no mês de dezembro";"Carajás";"Bom Jesus do Tocantins";"Total";"2018";1417343,13000009
"Social";"Previdência Social";"Valor dos benefícios emitidos no mês de dezembro";"Carajás";"Bom Jesus do Tocantins";"Total";"2019";1417672,91
"Social";"Previdência Social";"Valor dos benefícios emitidos no mês de dezembro";"Carajás";"Bom Jesus do Tocantins";"Total";"2020";1451190,43
"Social";"Previdência Social";"Valor dos benefícios emitidos no mês de dezembro";"Carajás";"Bom Jesus do Tocantins";"Total";"2021";1414292,88
"Social";"Previdência Social";"Valor dos benefícios emitidos no mês de dezembro";"Carajás";"Bom Jesus do Tocantins";"Total";"2022";1597336,88
"Social";"Previdência Social";"Valor dos benefícios emitidos no mês de dezembro";"Carajás";"Bom Jesus do Tocantins";"Total";"2023";1746021,39
"Social";"Previdência Social";"Valor dos benefícios emitidos no mês de dezembro";"Carajás";"Bom Jesus do Tocantins";"Total";"2024";2050652,25
"Social";"Previdência Social";"Valor dos benefícios emitidos no mês de dezembro";"Rio Caeté";"Bonito";"Total";"2016";487653,750000033
"Social";"Previdência Social";"Valor dos benefícios emitidos no mês de dezembro";"Rio Caeté";"Bonito";"Total";"2018";451259,790000184
"Social";"Previdência Social";"Valor dos benefícios emitidos no mês de dezembro";"Rio Caeté";"Bonito";"Total";"2019";550189,45
"Social";"Previdência Social";"Valor dos benefícios emitidos no mês de dezembro";"Rio Caeté";"Bonito";"Total";"2020";631008,72
"Social";"Previdência Social";"Valor dos benefícios emitidos no mês de dezembro";"Rio Caeté";"Bonito";"Total";"2021";613500,57
"Social";"Previdência Social";"Valor dos benefícios emitidos no mês de dezembro";"Rio Caeté";"Bonito";"Total";"2022";769872,12
"Social";"Previdência Social";"Valor dos benefícios emitidos no mês de dezembro";"Rio Caeté";"Bonito";"Total";"2023";917425,93
"Social";"Previdência Social";"Valor dos benefícios emitidos no mês de dezembro";"Rio Caeté";"Bonito";"Total";"2024";1072300,89
"Social";"Previdência Social";"Valor dos benefícios emitidos no mês de dezembro";"Rio Caeté";"Bragança";"Total";"2016";16631734,5599981
"Social";"Previdência Social";"Valor dos benefícios emitidos no mês de dezembro";"Rio Caeté";"Bragança";"Total";"2018";14133507,4000022
"Social";"Previdência Social";"Valor dos benefícios emitidos no mês de dezembro";"Rio Caeté";"Bragança";"Total";"2019";14938611,24
"Social";"Previdência Social";"Valor dos benefícios emitidos no mês de dezembro";"Rio Caeté";"Bragança";"Total";"2020";15662935,63
"Social";"Previdência Social";"Valor dos benefícios emitidos no mês de dezembro";"Rio Caeté";"Bragança";"Total";"2021";17133424,36
"Social";"Previdência Social";"Valor dos benefícios emitidos no mês de dezembro";"Rio Caeté";"Bragança";"Total";"2022";20127796,59
"Social";"Previdência Social";"Valor dos benefícios emitidos no mês de dezembro";"Rio Caeté";"Bragança";"Total";"2023";22539678,59
"Social";"Previdência Social";"Valor dos benefícios emitidos no mês de dezembro";"Rio Caeté";"Bragança";"Total";"2024";24963635,29
"Social";"Previdência Social";"Valor dos benefícios emitidos no mês de dezembro";"Xingu";"Brasil Novo";"Total";"2016";1614890,58999971
"Social";"Previdência Social";"Valor dos benefícios emitidos no mês de dezembro";"Xingu";"Brasil Novo";"Total";"2018";1598359,31999995
"Social";"Previdência Social";"Valor dos benefícios emitidos no mês de dezembro";"Xingu";"Brasil Novo";"Total";"2019";1739985,27
"Social";"Previdência Social";"Valor dos benefícios emitidos no mês de dezembro";"Xingu";"Brasil Novo";"Total";"2020";1890221,98
"Social";"Previdência Social";"Valor dos benefícios emitidos no mês de dezembro";"Xingu";"Brasil Novo";"Total";"2021";1918849,16
"Social";"Previdência Social";"Valor dos benefícios emitidos no mês de dezembro";"Xingu";"Brasil Novo";"Total";"2022";2182192,29
"Social";"Previdência Social";"Valor dos benefícios emitidos no mês de dezembro";"Xingu";"Brasil Novo";"Total";"2023";2597401,36
"Social";"Previdência Social";"Valor dos benefícios emitidos no mês de dezembro";"Xingu";"Brasil Novo";"Total";"2024";3036081,19
"Social";"Previdência Social";"Valor dos benefícios emitidos no mês de dezembro";"Carajás";"Brejo Grande do Araguaia";"Total";"2016";561722,609999998
"Social";"Previdência Social";"Valor dos benefícios emitidos no mês de dezembro";"Carajás";"Brejo Grande do Araguaia";"Total";"2018";490288,349999996
"Social";"Previdência Social";"Valor dos benefícios emitidos no mês de dezembro";"Carajás";"Brejo Grande do Araguaia";"Total";"2019";517574,24
"Social";"Previdência Social";"Valor dos benefícios emitidos no mês de dezembro";"Carajás";"Brejo Grande do Araguaia";"Total";"2020";541478,41
"Social";"Previdência Social";"Valor dos benefícios emitidos no mês de dezembro";"Carajás";"Brejo Grande do Araguaia";"Total";"2021";552290,52
"Social";"Previdência Social";"Valor dos benefícios emitidos no mês de dezembro";"Carajás";"Brejo Grande do Araguaia";"Total";"2022";634189,5
"Social";"Previdência Social";"Valor dos benefícios emitidos no mês de dezembro";"Carajás";"Brejo Grande do Araguaia";"Total";"2023";718676,64
"Social";"Previdência Social";"Valor dos benefícios emitidos no mês de dezembro";"Carajás";"Brejo Grande do Araguaia";"Total";"2024";250531,54
"Social";"Previdência Social";"Valor dos benefícios emitidos no mês de dezembro";"Lago de Tucuruí";"Breu Branco";"Total";"2016";3040787,6900003
"Social";"Previdência Social";"Valor dos benefícios emitidos no mês de dezembro";"Lago de Tucuruí";"Breu Branco";"Total";"2018";2927332,4900003
"Social";"Previdência Social";"Valor dos benefícios emitidos no mês de dezembro";"Lago de Tucuruí";"Breu Branco";"Total";"2019";3195036,12
"Social";"Previdência Social";"Valor dos benefícios emitidos no mês de dezembro";"Lago de Tucuruí";"Breu Branco";"Total";"2020";3352673,66
"Social";"Previdência Social";"Valor dos benefícios emitidos no mês de dezembro";"Lago de Tucuruí";"Breu Branco";"Total";"2021";3400795,71
"Social";"Previdência Social";"Valor dos benefícios emitidos no mês de dezembro";"Lago de Tucuruí";"Breu Branco";"Total";"2022";3970080,75
"Social";"Previdência Social";"Valor dos benefícios emitidos no mês de dezembro";"Lago de Tucuruí";"Breu Branco";"Total";"2023";4548449,23
"Social";"Previdência Social";"Valor dos benefícios emitidos no mês de dezembro";"Lago de Tucuruí";"Breu Branco";"Total";"2024";5153869,29
"Social";"Previdência Social";"Valor dos benefícios emitidos no mês de dezembro";"Marajó";"Breves";"Total";"2016";7498573,90000043
"Social";"Previdência Social";"Valor dos benefícios emitidos no mês de dezembro";"Marajó";"Breves";"Total";"2018";5746480,42000038
"Social";"Previdência Social";"Valor dos benefícios emitidos no mês de dezembro";"Marajó";"Breves";"Total";"2019";6150486,87
"Social";"Previdência Social";"Valor dos benefícios emitidos no mês de dezembro";"Marajó";"Breves";"Total";"2020";6610874,1
"Social";"Previdência Social";"Valor dos benefícios emitidos no mês de dezembro";"Marajó";"Breves";"Total";"2021";6689181,89
"Social";"Previdência Social";"Valor dos benefícios emitidos no mês de dezembro";"Marajó";"Breves";"Total";"2022";7654869,99
"Social";"Previdência Social";"Valor dos benefícios emitidos no mês de dezembro";"Marajó";"Breves";"Total";"2023";12947246,06
"Social";"Previdência Social";"Valor dos benefícios emitidos no mês de dezembro";"Marajó";"Breves";"Total";"2024";14129855,93
"Social";"Previdência Social";"Valor dos benefícios emitidos no mês de dezembro";"Rio Capim";"Bujaru";"Total";"2016";1646686,56999985
"Social";"Previdência Social";"Valor dos benefícios emitidos no mês de dezembro";"Rio Capim";"Bujaru";"Total";"2018";1460091,80000006
"Social";"Previdência Social";"Valor dos benefícios emitidos no mês de dezembro";"Rio Capim";"Bujaru";"Total";"2019";1599952,42
"Social";"Previdência Social";"Valor dos benefícios emitidos no mês de dezembro";"Rio Capim";"Bujaru";"Total";"2020";1695849,51
"Social";"Previdência Social";"Valor dos benefícios emitidos no mês de dezembro";"Rio Capim";"Bujaru";"Total";"2021";1690030,45
"Social";"Previdência Social";"Valor dos benefícios emitidos no mês de dezembro";"Rio Capim";"Bujaru";"Total";"2022";1885700,22
"Social";"Previdência Social";"Valor dos benefícios emitidos no mês de dezembro";"Rio Capim";"Bujaru";"Total";"2023";2108900,44
"Social";"Previdência Social";"Valor dos benefícios emitidos no mês de dezembro";"Rio Capim";"Bujaru";"Total";"2024";2297615,27
"Social";"Previdência Social";"Valor dos benefícios emitidos no mês de dezembro";"Marajó";"Cachoeira do Arari";"Total";"2016";714324,010000017
"Social";"Previdência Social";"Valor dos benefícios emitidos no mês de dezembro";"Marajó";"Cachoeira do Arari";"Total";"2018";430634,179999841
"Social";"Previdência Social";"Valor dos benefícios emitidos no mês de dezembro";"Marajó";"Cachoeira do Arari";"Total";"2019";712828,51
"Social";"Previdência Social";"Valor dos benefícios emitidos no mês de dezembro";"Marajó";"Cachoeira do Arari";"Total";"2020";767964,52
"Social";"Previdência Social";"Valor dos benefícios emitidos no mês de dezembro";"Marajó";"Cachoeira do Arari";"Total";"2021";781203,56
"Social";"Previdência Social";"Valor dos benefícios emitidos no mês de dezembro";"Marajó";"Cachoeira do Arari";"Total";"2022";921398,18
"Social";"Previdência Social";"Valor dos benefícios emitidos no mês de dezembro";"Marajó";"Cachoeira do Arari";"Total";"2023";1101182,53
"Social";"Previdência Social";"Valor dos benefícios emitidos no mês de dezembro";"Marajó";"Cachoeira do Arari";"Total";"2024";1059594,75
"Social";"Previdência Social";"Valor dos benefícios emitidos no mês de dezembro";"Rio Caeté";"Cachoeira do Piriá";"Total";"2016";455217,420000004
"Social";"Previdência Social";"Valor dos benefícios emitidos no mês de dezembro";"Rio Caeté";"Cachoeira do Piriá";"Total";"2018";674561,280000064
"Social";"Previdência Social";"Valor dos benefícios emitidos no mês de dezembro";"Rio Caeté";"Cachoeira do Piriá";"Total";"2019";512487,55
"Social";"Previdência Social";"Valor dos benefícios emitidos no mês de dezembro";"Rio Caeté";"Cachoeira do Piriá";"Total";"2020";575611,45
"Social";"Previdência Social";"Valor dos benefícios emitidos no mês de dezembro";"Rio Caeté";"Cachoeira do Piriá";"Total";"2021";561279,29
"Social";"Previdência Social";"Valor dos benefícios emitidos no mês de dezembro";"Rio Caeté";"Cachoeira do Piriá";"Total";"2022";673130,1
"Social";"Previdência Social";"Valor dos benefícios emitidos no mês de dezembro";"Rio Caeté";"Cachoeira do Piriá";"Total";"2023";812177,43
"Social";"Previdência Social";"Valor dos benefícios emitidos no mês de dezembro";"Rio Caeté";"Cachoeira do Piriá";"Total";"2024";926719,54
"Social";"Previdência Social";"Valor dos benefícios emitidos no mês de dezembro";"Tocantins";"Cametá";"Total";"2016";14733768,3600019
"Social";"Previdência Social";"Valor dos benefícios emitidos no mês de dezembro";"Tocantins";"Cametá";"Total";"2018";13018521,9800026
"Social";"Previdência Social";"Valor dos benefícios emitidos no mês de dezembro";"Tocantins";"Cametá";"Total";"2019";14082426,74
"Social";"Previdência Social";"Valor dos benefícios emitidos no mês de dezembro";"Tocantins";"Cametá";"Total";"2020";15047078,9
"Social";"Previdência Social";"Valor dos benefícios emitidos no mês de dezembro";"Tocantins";"Cametá";"Total";"2021";15790307,28
"Social";"Previdência Social";"Valor dos benefícios emitidos no mês de dezembro";"Tocantins";"Cametá";"Total";"2022";18297542,87
"Social";"Previdência Social";"Valor dos benefícios emitidos no mês de dezembro";"Tocantins";"Cametá";"Total";"2023";20411808
"Social";"Previdência Social";"Valor dos benefícios emitidos no mês de dezembro";"Tocantins";"Cametá";"Total";"2024";22009112,26
"Social";"Previdência Social";"Valor dos benefícios emitidos no mês de dezembro";"Carajás";"Canaã dos Carajás";"Total";"2016";1964319,46000011
"Social";"Previdência Social";"Valor dos benefícios emitidos no mês de dezembro";"Carajás";"Canaã dos Carajás";"Total";"2018";1883854,91999958
"Social";"Previdência Social";"Valor dos benefícios emitidos no mês de dezembro";"Carajás";"Canaã dos Carajás";"Total";"2019";2189573,49
"Social";"Previdência Social";"Valor dos benefícios emitidos no mês de dezembro";"Carajás";"Canaã dos Carajás";"Total";"2020";2348608,37
"Social";"Previdência Social";"Valor dos benefícios emitidos no mês de dezembro";"Carajás";"Canaã dos Carajás";"Total";"2021";2553892,17
"Social";"Previdência Social";"Valor dos benefícios emitidos no mês de dezembro";"Carajás";"Canaã dos Carajás";"Total";"2022";3082288,98
"Social";"Previdência Social";"Valor dos benefícios emitidos no mês de dezembro";"Carajás";"Canaã dos Carajás";"Total";"2023";3706381,8
"Social";"Previdência Social";"Valor dos benefícios emitidos no mês de dezembro";"Carajás";"Canaã dos Carajás";"Total";"2024";4599658,66
"Social";"Previdência Social";"Valor dos benefícios emitidos no mês de dezembro";"Rio Caeté";"Capanema";"Total";"2016";17584815,3499984
"Social";"Previdência Social";"Valor dos benefícios emitidos no mês de dezembro";"Rio Caeté";"Capanema";"Total";"2018";14279571,2099982
"Social";"Previdência Social";"Valor dos benefícios emitidos no mês de dezembro";"Rio Caeté";"Capanema";"Total";"2019";14963804,75
"Social";"Previdência Social";"Valor dos benefícios emitidos no mês de dezembro";"Rio Caeté";"Capanema";"Total";"2020";15446958,02
"Social";"Previdência Social";"Valor dos benefícios emitidos no mês de dezembro";"Rio Caeté";"Capanema";"Total";"2021";15453355,9
"Social";"Previdência Social";"Valor dos benefícios emitidos no mês de dezembro";"Rio Caeté";"Capanema";"Total";"2022";17409170,89
"Social";"Previdência Social";"Valor dos benefícios emitidos no mês de dezembro";"Rio Caeté";"Capanema";"Total";"2023";19286001,5
"Social";"Previdência Social";"Valor dos benefícios emitidos no mês de dezembro";"Rio Caeté";"Capanema";"Total";"2024";21034660,18
"Social";"Previdência Social";"Valor dos benefícios emitidos no mês de dezembro";"Rio Capim";"Capitão Poço";"Total";"2016";5444215,97999896
"Social";"Previdência Social";"Valor dos benefícios emitidos no mês de dezembro";"Rio Capim";"Capitão Poço";"Total";"2018";5653140,22999964
"Social";"Previdência Social";"Valor dos benefícios emitidos no mês de dezembro";"Rio Capim";"Capitão Poço";"Total";"2019";6183743,82
"Social";"Previdência Social";"Valor dos benefícios emitidos no mês de dezembro";"Rio Capim";"Capitão Poço";"Total";"2020";6544560,97
"Social";"Previdência Social";"Valor dos benefícios emitidos no mês de dezembro";"Rio Capim";"Capitão Poço";"Total";"2021";7251607,78
"Social";"Previdência Social";"Valor dos benefícios emitidos no mês de dezembro";"Rio Capim";"Capitão Poço";"Total";"2022";8401601,19
"Social";"Previdência Social";"Valor dos benefícios emitidos no mês de dezembro";"Rio Capim";"Capitão Poço";"Total";"2023";9686257,19
"Social";"Previdência Social";"Valor dos benefícios emitidos no mês de dezembro";"Rio Capim";"Capitão Poço";"Total";"2024";10684652,91
"Social";"Previdência Social";"Valor dos benefícios emitidos no mês de dezembro";"Guamá";"Castanhal";"Total";"2016";20031253,8499984
"Social";"Previdência Social";"Valor dos benefícios emitidos no mês de dezembro";"Guamá";"Castanhal";"Total";"2018";15998510,2299986
"Social";"Previdência Social";"Valor dos benefícios emitidos no mês de dezembro";"Guamá";"Castanhal";"Total";"2019";18071374,21
"Social";"Previdência Social";"Valor dos benefícios emitidos no mês de dezembro";"Guamá";"Castanhal";"Total";"2020";19265602,98
"Social";"Previdência Social";"Valor dos benefícios emitidos no mês de dezembro";"Guamá";"Castanhal";"Total";"2021";20155818,15
"Social";"Previdência Social";"Valor dos benefícios emitidos no mês de dezembro";"Guamá";"Castanhal";"Total";"2022";23198909,8
"Social";"Previdência Social";"Valor dos benefícios emitidos no mês de dezembro";"Guamá";"Castanhal";"Total";"2023";26570954,3
"Social";"Previdência Social";"Valor dos benefícios emitidos no mês de dezembro";"Guamá";"Castanhal";"Total";"2024";29603517,83
"Social";"Previdência Social";"Valor dos benefícios emitidos no mês de dezembro";"Marajó";"Chaves";"Total";"2016";78184,6799999867
"Social";"Previdência Social";"Valor dos benefícios emitidos no mês de dezembro";"Marajó";"Chaves";"Total";"2018";69578,8800000064
"Social";"Previdência Social";"Valor dos benefícios emitidos no mês de dezembro";"Marajó";"Chaves";"Total";"2019";97202,56
"Social";"Previdência Social";"Valor dos benefícios emitidos no mês de dezembro";"Marajó";"Chaves";"Total";"2020";167354,63
"Social";"Previdência Social";"Valor dos benefícios emitidos no mês de dezembro";"Marajó";"Chaves";"Total";"2021";198907,48
"Social";"Previdência Social";"Valor dos benefícios emitidos no mês de dezembro";"Marajó";"Chaves";"Total";"2022";197269,96
"Social";"Previdência Social";"Valor dos benefícios emitidos no mês de dezembro";"Marajó";"Chaves";"Total";"2023";239186,24
"Social";"Previdência Social";"Valor dos benefícios emitidos no mês de dezembro";"Marajó";"Chaves";"Total";"2024";111313,96
"Social";"Previdência Social";"Valor dos benefícios emitidos no mês de dezembro";"Guamá";"Colares";"Total";"2016";376543,099999913
"Social";"Previdência Social";"Valor dos benefícios emitidos no mês de dezembro";"Guamá";"Colares";"Total";"2018";399760,619999971
"Social";"Previdência Social";"Valor dos benefícios emitidos no mês de dezembro";"Guamá";"Colares";"Total";"2019";444557,32
"Social";"Previdência Social";"Valor dos benefícios emitidos no mês de dezembro";"Guamá";"Colares";"Total";"2020";488876,32
"Social";"Previdência Social";"Valor dos benefícios emitidos no mês de dezembro";"Guamá";"Colares";"Total";"2021";475937,97
"Social";"Previdência Social";"Valor dos benefícios emitidos no mês de dezembro";"Guamá";"Colares";"Total";"2022";528237,8
"Social";"Previdência Social";"Valor dos benefícios emitidos no mês de dezembro";"Guamá";"Colares";"Total";"2023";589471,05
"Social";"Previdência Social";"Valor dos benefícios emitidos no mês de dezembro";"Guamá";"Colares";"Total";"2024";678744,89
"Social";"Previdência Social";"Valor dos benefícios emitidos no mês de dezembro";"Araguaia";"Conceição do Araguaia";"Total";"2016";8451419,07999885
"Social";"Previdência Social";"Valor dos benefícios emitidos no mês de dezembro";"Araguaia";"Conceição do Araguaia";"Total";"2018";6809276,87999841
"Social";"Previdência Social";"Valor dos benefícios emitidos no mês de dezembro";"Araguaia";"Conceição do Araguaia";"Total";"2019";6955369,18
"Social";"Previdência Social";"Valor dos benefícios emitidos no mês de dezembro";"Araguaia";"Conceição do Araguaia";"Total";"2020";7138889,15
"Social";"Previdência Social";"Valor dos benefícios emitidos no mês de dezembro";"Araguaia";"Conceição do Araguaia";"Total";"2021";7564550,73
"Social";"Previdência Social";"Valor dos benefícios emitidos no mês de dezembro";"Araguaia";"Conceição do Araguaia";"Total";"2022";8533843,33
"Social";"Previdência Social";"Valor dos benefícios emitidos no mês de dezembro";"Araguaia";"Conceição do Araguaia";"Total";"2023";9808986,34
"Social";"Previdência Social";"Valor dos benefícios emitidos no mês de dezembro";"Araguaia";"Conceição do Araguaia";"Total";"2024";10786709,51
"Social";"Previdência Social";"Valor dos benefícios emitidos no mês de dezembro";"Rio Capim";"Concórdia do Pará";"Total";"2016";2440190,37000001
"Social";"Previdência Social";"Valor dos benefícios emitidos no mês de dezembro";"Rio Capim";"Concórdia do Pará";"Total";"2018";1814618,62999985
"Social";"Previdência Social";"Valor dos benefícios emitidos no mês de dezembro";"Rio Capim";"Concórdia do Pará";"Total";"2019";1918352,69
"Social";"Previdência Social";"Valor dos benefícios emitidos no mês de dezembro";"Rio Capim";"Concórdia do Pará";"Total";"2020";1973103,22
"Social";"Previdência Social";"Valor dos benefícios emitidos no mês de dezembro";"Rio Capim";"Concórdia do Pará";"Total";"2021";1974403,05
"Social";"Previdência Social";"Valor dos benefícios emitidos no mês de dezembro";"Rio Capim";"Concórdia do Pará";"Total";"2022";2204895,63
"Social";"Previdência Social";"Valor dos benefícios emitidos no mês de dezembro";"Rio Capim";"Concórdia do Pará";"Total";"2023";2469228,79
"Social";"Previdência Social";"Valor dos benefícios emitidos no mês de dezembro";"Rio Capim";"Concórdia do Pará";"Total";"2024";2666233,27
"Social";"Previdência Social";"Valor dos benefícios emitidos no mês de dezembro";"Araguaia";"Cumaru do Norte";"Total";"2016";356049,78000002
"Social";"Previdência Social";"Valor dos benefícios emitidos no mês de dezembro";"Araguaia";"Cumaru do Norte";"Total";"2018";320055,890000009
"Social";"Previdência Social";"Valor dos benefícios emitidos no mês de dezembro";"Araguaia";"Cumaru do Norte";"Total";"2019";355471,24
"Social";"Previdência Social";"Valor dos benefícios emitidos no mês de dezembro";"Araguaia";"Cumaru do Norte";"Total";"2020";381185,33
"Social";"Previdência Social";"Valor dos benefícios emitidos no mês de dezembro";"Araguaia";"Cumaru do Norte";"Total";"2021";359462,66
"Social";"Previdência Social";"Valor dos benefícios emitidos no mês de dezembro";"Araguaia";"Cumaru do Norte";"Total";"2022";382821,28
"Social";"Previdência Social";"Valor dos benefícios emitidos no mês de dezembro";"Araguaia";"Cumaru do Norte";"Total";"2023";410937,9
"Social";"Previdência Social";"Valor dos benefícios emitidos no mês de dezembro";"Araguaia";"Cumaru do Norte";"Total";"2024";469092,22
"Social";"Previdência Social";"Valor dos benefícios emitidos no mês de dezembro";"Carajás";"Curionópolis";"Total";"2016";2514000
"Social";"Previdência Social";"Valor dos benefícios emitidos no mês de dezembro";"Carajás";"Curionópolis";"Total";"2018";1908642,6099996
"Social";"Previdência Social";"Valor dos benefícios emitidos no mês de dezembro";"Carajás";"Curionópolis";"Total";"2019";2038484,3
"Social";"Previdência Social";"Valor dos benefícios emitidos no mês de dezembro";"Carajás";"Curionópolis";"Total";"2020";2159643,4
"Social";"Previdência Social";"Valor dos benefícios emitidos no mês de dezembro";"Carajás";"Curionópolis";"Total";"2021";2267286,32
"Social";"Previdência Social";"Valor dos benefícios emitidos no mês de dezembro";"Carajás";"Curionópolis";"Total";"2022";2636801,85
"Social";"Previdência Social";"Valor dos benefícios emitidos no mês de dezembro";"Carajás";"Curionópolis";"Total";"2023";2904363,18
"Social";"Previdência Social";"Valor dos benefícios emitidos no mês de dezembro";"Carajás";"Curionópolis";"Total";"2024";3244769,19
"Social";"Previdência Social";"Valor dos benefícios emitidos no mês de dezembro";"Marajó";"Curralinho";"Total";"2016";1559461,77999946
"Social";"Previdência Social";"Valor dos benefícios emitidos no mês de dezembro";"Marajó";"Curralinho";"Total";"2018";1455603,73999987
"Social";"Previdência Social";"Valor dos benefícios emitidos no mês de dezembro";"Marajó";"Curralinho";"Total";"2019";1557366,18
"Social";"Previdência Social";"Valor dos benefícios emitidos no mês de dezembro";"Marajó";"Curralinho";"Total";"2020";1680360,62
"Social";"Previdência Social";"Valor dos benefícios emitidos no mês de dezembro";"Marajó";"Curralinho";"Total";"2021";1698478,59
"Social";"Previdência Social";"Valor dos benefícios emitidos no mês de dezembro";"Marajó";"Curralinho";"Total";"2022";1929553,86
"Social";"Previdência Social";"Valor dos benefícios emitidos no mês de dezembro";"Marajó";"Curralinho";"Total";"2023";409526,91
"Social";"Previdência Social";"Valor dos benefícios emitidos no mês de dezembro";"Marajó";"Curralinho";"Total";"2024";646810,34
"Social";"Previdência Social";"Valor dos benefícios emitidos no mês de dezembro";"Baixo Amazonas";"Curuá";"Total";"2016";332507,010000031
"Social";"Previdência Social";"Valor dos benefícios emitidos no mês de dezembro";"Baixo Amazonas";"Curuá";"Total";"2018";378630,980000008
"Social";"Previdência Social";"Valor dos benefícios emitidos no mês de dezembro";"Baixo Amazonas";"Curuá";"Total";"2019";491170,1
"Social";"Previdência Social";"Valor dos benefícios emitidos no mês de dezembro";"Baixo Amazonas";"Curuá";"Total";"2020";608323,9
"Social";"Previdência Social";"Valor dos benefícios emitidos no mês de dezembro";"Baixo Amazonas";"Curuá";"Total";"2021";717765,42
"Social";"Previdência Social";"Valor dos benefícios emitidos no mês de dezembro";"Baixo Amazonas";"Curuá";"Total";"2022";871516,5
"Social";"Previdência Social";"Valor dos benefícios emitidos no mês de dezembro";"Baixo Amazonas";"Curuá";"Total";"2023";1127759,68
"Social";"Previdência Social";"Valor dos benefícios emitidos no mês de dezembro";"Baixo Amazonas";"Curuá";"Total";"2024";1343779,43
"Social";"Previdência Social";"Valor dos benefícios emitidos no mês de dezembro";"Guamá";"Curuçá";"Total";"2016";4286189,61999971
"Social";"Previdência Social";"Valor dos benefícios emitidos no mês de dezembro";"Guamá";"Curuçá";"Total";"2018";3577165,01999945
"Social";"Previdência Social";"Valor dos benefícios emitidos no mês de dezembro";"Guamá";"Curuçá";"Total";"2019";3813408,94
"Social";"Previdência Social";"Valor dos benefícios emitidos no mês de dezembro";"Guamá";"Curuçá";"Total";"2020";3825865,45
"Social";"Previdência Social";"Valor dos benefícios emitidos no mês de dezembro";"Guamá";"Curuçá";"Total";"2021";3809580,91
"Social";"Previdência Social";"Valor dos benefícios emitidos no mês de dezembro";"Guamá";"Curuçá";"Total";"2022";4313331,15
"Social";"Previdência Social";"Valor dos benefícios emitidos no mês de dezembro";"Guamá";"Curuçá";"Total";"2023";4795605,64
"Social";"Previdência Social";"Valor dos benefícios emitidos no mês de dezembro";"Guamá";"Curuçá";"Total";"2024";5160350,7
"Social";"Previdência Social";"Valor dos benefícios emitidos no mês de dezembro";"Rio Capim";"Dom Eliseu";"Total";"2016";2549640,97000026
"Social";"Previdência Social";"Valor dos benefícios emitidos no mês de dezembro";"Rio Capim";"Dom Eliseu";"Total";"2018";2141753,56000002
"Social";"Previdência Social";"Valor dos benefícios emitidos no mês de dezembro";"Rio Capim";"Dom Eliseu";"Total";"2019";2307894,07
"Social";"Previdência Social";"Valor dos benefícios emitidos no mês de dezembro";"Rio Capim";"Dom Eliseu";"Total";"2020";2463305,45
"Social";"Previdência Social";"Valor dos benefícios emitidos no mês de dezembro";"Rio Capim";"Dom Eliseu";"Total";"2021";2693680,29
"Social";"Previdência Social";"Valor dos benefícios emitidos no mês de dezembro";"Rio Capim";"Dom Eliseu";"Total";"2022";3237777,9
"Social";"Previdência Social";"Valor dos benefícios emitidos no mês de dezembro";"Rio Capim";"Dom Eliseu";"Total";"2023";3846476,34
"Social";"Previdência Social";"Valor dos benefícios emitidos no mês de dezembro";"Rio Capim";"Dom Eliseu";"Total";"2024";4446241,29
"Social";"Previdência Social";"Valor dos benefícios emitidos no mês de dezembro";"Carajás";"Eldorado do Carajás";"Total";"2016";1483597,20999972
"Social";"Previdência Social";"Valor dos benefícios emitidos no mês de dezembro";"Carajás";"Eldorado do Carajás";"Total";"2018";1229920,29999977
"Social";"Previdência Social";"Valor dos benefícios emitidos no mês de dezembro";"Carajás";"Eldorado do Carajás";"Total";"2019";1327574,87
"Social";"Previdência Social";"Valor dos benefícios emitidos no mês de dezembro";"Carajás";"Eldorado do Carajás";"Total";"2020";1462007,83
"Social";"Previdência Social";"Valor dos benefícios emitidos no mês de dezembro";"Carajás";"Eldorado do Carajás";"Total";"2021";1547241,77
"Social";"Previdência Social";"Valor dos benefícios emitidos no mês de dezembro";"Carajás";"Eldorado do Carajás";"Total";"2022";1917180,9
"Social";"Previdência Social";"Valor dos benefícios emitidos no mês de dezembro";"Carajás";"Eldorado do Carajás";"Total";"2023";2252980,57
"Social";"Previdência Social";"Valor dos benefícios emitidos no mês de dezembro";"Carajás";"Eldorado do Carajás";"Total";"2024";2588849,4
"Social";"Previdência Social";"Valor dos benefícios emitidos no mês de dezembro";"Baixo Amazonas";"Faro";"Total";"2016";281462,159999954
"Social";"Previdência Social";"Valor dos benefícios emitidos no mês de dezembro";"Baixo Amazonas";"Faro";"Total";"2018";295006,55000003
"Social";"Previdência Social";"Valor dos benefícios emitidos no mês de dezembro";"Baixo Amazonas";"Faro";"Total";"2019";353338,5
"Social";"Previdência Social";"Valor dos benefícios emitidos no mês de dezembro";"Baixo Amazonas";"Faro";"Total";"2020";438526,95
"Social";"Previdência Social";"Valor dos benefícios emitidos no mês de dezembro";"Baixo Amazonas";"Faro";"Total";"2021";472247,79
"Social";"Previdência Social";"Valor dos benefícios emitidos no mês de dezembro";"Baixo Amazonas";"Faro";"Total";"2022";531558,58
"Social";"Previdência Social";"Valor dos benefícios emitidos no mês de dezembro";"Baixo Amazonas";"Faro";"Total";"2023";645079,8
"Social";"Previdência Social";"Valor dos benefícios emitidos no mês de dezembro";"Baixo Amazonas";"Faro";"Total";"2024";719671,16
"Social";"Previdência Social";"Valor dos benefícios emitidos no mês de dezembro";"Araguaia";"Floresta do Araguaia";"Total";"2016";782863,259999897
"Social";"Previdência Social";"Valor dos benefícios emitidos no mês de dezembro";"Araguaia";"Floresta do Araguaia";"Total";"2018";743625,580000153
"Social";"Previdência Social";"Valor dos benefícios emitidos no mês de dezembro";"Araguaia";"Floresta do Araguaia";"Total";"2019";840509,79
"Social";"Previdência Social";"Valor dos benefícios emitidos no mês de dezembro";"Araguaia";"Floresta do Araguaia";"Total";"2020";902120,58
"Social";"Previdência Social";"Valor dos benefícios emitidos no mês de dezembro";"Araguaia";"Floresta do Araguaia";"Total";"2021";891154,01
"Social";"Previdência Social";"Valor dos benefícios emitidos no mês de dezembro";"Araguaia";"Floresta do Araguaia";"Total";"2022";1103254,43
"Social";"Previdência Social";"Valor dos benefícios emitidos no mês de dezembro";"Araguaia";"Floresta do Araguaia";"Total";"2023";1387016,21
"Social";"Previdência Social";"Valor dos benefícios emitidos no mês de dezembro";"Araguaia";"Floresta do Araguaia";"Total";"2024";1566185,69
"Social";"Previdência Social";"Valor dos benefícios emitidos no mês de dezembro";"Rio Capim";"Garrafão do Norte";"Total";"2016";2175215,59000001
"Social";"Previdência Social";"Valor dos benefícios emitidos no mês de dezembro";"Rio Capim";"Garrafão do Norte";"Total";"2018";1967800,35999955
"Social";"Previdência Social";"Valor dos benefícios emitidos no mês de dezembro";"Rio Capim";"Garrafão do Norte";"Total";"2019";2202909,17
"Social";"Previdência Social";"Valor dos benefícios emitidos no mês de dezembro";"Rio Capim";"Garrafão do Norte";"Total";"2020";2340113,25
"Social";"Previdência Social";"Valor dos benefícios emitidos no mês de dezembro";"Rio Capim";"Garrafão do Norte";"Total";"2021";2506573,5
"Social";"Previdência Social";"Valor dos benefícios emitidos no mês de dezembro";"Rio Capim";"Garrafão do Norte";"Total";"2022";2999402,66
"Social";"Previdência Social";"Valor dos benefícios emitidos no mês de dezembro";"Rio Capim";"Garrafão do Norte";"Total";"2023";3471651,71
"Social";"Previdência Social";"Valor dos benefícios emitidos no mês de dezembro";"Rio Capim";"Garrafão do Norte";"Total";"2024";3941704,31
"Social";"Previdência Social";"Valor dos benefícios emitidos no mês de dezembro";"Lago de Tucuruí";"Goianésia do Pará";"Total";"2016";1962826,42000007
"Social";"Previdência Social";"Valor dos benefícios emitidos no mês de dezembro";"Lago de Tucuruí";"Goianésia do Pará";"Total";"2018";1822624,78000064
"Social";"Previdência Social";"Valor dos benefícios emitidos no mês de dezembro";"Lago de Tucuruí";"Goianésia do Pará";"Total";"2019";2029835,17
"Social";"Previdência Social";"Valor dos benefícios emitidos no mês de dezembro";"Lago de Tucuruí";"Goianésia do Pará";"Total";"2020";2147234,28
"Social";"Previdência Social";"Valor dos benefícios emitidos no mês de dezembro";"Lago de Tucuruí";"Goianésia do Pará";"Total";"2021";2154782,95
"Social";"Previdência Social";"Valor dos benefícios emitidos no mês de dezembro";"Lago de Tucuruí";"Goianésia do Pará";"Total";"2022";2447746,35
"Social";"Previdência Social";"Valor dos benefícios emitidos no mês de dezembro";"Lago de Tucuruí";"Goianésia do Pará";"Total";"2023";2747067,66
"Social";"Previdência Social";"Valor dos benefícios emitidos no mês de dezembro";"Lago de Tucuruí";"Goianésia do Pará";"Total";"2024";3150840,85
"Social";"Previdência Social";"Valor dos benefícios emitidos no mês de dezembro";"Marajó";"Gurupá";"Total";"2016";764494,129999943
"Social";"Previdência Social";"Valor dos benefícios emitidos no mês de dezembro";"Marajó";"Gurupá";"Total";"2018";658356,500000093
"Social";"Previdência Social";"Valor dos benefícios emitidos no mês de dezembro";"Marajó";"Gurupá";"Total";"2019";704293,75
"Social";"Previdência Social";"Valor dos benefícios emitidos no mês de dezembro";"Marajó";"Gurupá";"Total";"2020";825048,73
"Social";"Previdência Social";"Valor dos benefícios emitidos no mês de dezembro";"Marajó";"Gurupá";"Total";"2021";903060,23
"Social";"Previdência Social";"Valor dos benefícios emitidos no mês de dezembro";"Marajó";"Gurupá";"Total";"2022";1079257,74
"Social";"Previdência Social";"Valor dos benefícios emitidos no mês de dezembro";"Marajó";"Gurupá";"Total";"2023";1310178,57
"Social";"Previdência Social";"Valor dos benefícios emitidos no mês de dezembro";"Marajó";"Gurupá";"Total";"2024";1479698,57
"Social";"Previdência Social";"Valor dos benefícios emitidos no mês de dezembro";"Guamá";"Igarapé-Açu";"Total";"2016";7203332,28000092
"Social";"Previdência Social";"Valor dos benefícios emitidos no mês de dezembro";"Guamá";"Igarapé-Açu";"Total";"2018";5963812,48000069
"Social";"Previdência Social";"Valor dos benefícios emitidos no mês de dezembro";"Guamá";"Igarapé-Açu";"Total";"2019";7370126,36
"Social";"Previdência Social";"Valor dos benefícios emitidos no mês de dezembro";"Guamá";"Igarapé-Açu";"Total";"2020";7681487,86
"Social";"Previdência Social";"Valor dos benefícios emitidos no mês de dezembro";"Guamá";"Igarapé-Açu";"Total";"2021";7337907,06
"Social";"Previdência Social";"Valor dos benefícios emitidos no mês de dezembro";"Guamá";"Igarapé-Açu";"Total";"2022";8250379,06
"Social";"Previdência Social";"Valor dos benefícios emitidos no mês de dezembro";"Guamá";"Igarapé-Açu";"Total";"2023";8974047,78
"Social";"Previdência Social";"Valor dos benefícios emitidos no mês de dezembro";"Guamá";"Igarapé-Açu";"Total";"2024";9591972,94
"Social";"Previdência Social";"Valor dos benefícios emitidos no mês de dezembro";"Tocantins";"Igarapé-Miri";"Total";"2016";5558230,27999953
"Social";"Previdência Social";"Valor dos benefícios emitidos no mês de dezembro";"Tocantins";"Igarapé-Miri";"Total";"2018";4181449,65000042
"Social";"Previdência Social";"Valor dos benefícios emitidos no mês de dezembro";"Tocantins";"Igarapé-Miri";"Total";"2019";4510322,37
"Social";"Previdência Social";"Valor dos benefícios emitidos no mês de dezembro";"Tocantins";"Igarapé-Miri";"Total";"2020";4843002,63
"Social";"Previdência Social";"Valor dos benefícios emitidos no mês de dezembro";"Tocantins";"Igarapé-Miri";"Total";"2021";4870868
"Social";"Previdência Social";"Valor dos benefícios emitidos no mês de dezembro";"Tocantins";"Igarapé-Miri";"Total";"2022";5665312,89
"Social";"Previdência Social";"Valor dos benefícios emitidos no mês de dezembro";"Tocantins";"Igarapé-Miri";"Total";"2023";6459101,95
"Social";"Previdência Social";"Valor dos benefícios emitidos no mês de dezembro";"Tocantins";"Igarapé-Miri";"Total";"2024";7012045,43
"Social";"Previdência Social";"Valor dos benefícios emitidos no mês de dezembro";"Guamá";"Inhangapi";"Total";"2016";852663,239999904
"Social";"Previdência Social";"Valor dos benefícios emitidos no mês de dezembro";"Guamá";"Inhangapi";"Total";"2018";745055,610000219
"Social";"Previdência Social";"Valor dos benefícios emitidos no mês de dezembro";"Guamá";"Inhangapi";"Total";"2019";777594,97
"Social";"Previdência Social";"Valor dos benefícios emitidos no mês de dezembro";"Guamá";"Inhangapi";"Total";"2020";817923,05
"Social";"Previdência Social";"Valor dos benefícios emitidos no mês de dezembro";"Guamá";"Inhangapi";"Total";"2021";751451,25
"Social";"Previdência Social";"Valor dos benefícios emitidos no mês de dezembro";"Guamá";"Inhangapi";"Total";"2022";818144,26
"Social";"Previdência Social";"Valor dos benefícios emitidos no mês de dezembro";"Guamá";"Inhangapi";"Total";"2023";878964,87
"Social";"Previdência Social";"Valor dos benefícios emitidos no mês de dezembro";"Guamá";"Inhangapi";"Total";"2024";958436,97
"Social";"Previdência Social";"Valor dos benefícios emitidos no mês de dezembro";"Rio Capim";"Ipixuna do Pará";"Total";"2016";2018599,91000041
"Social";"Previdência Social";"Valor dos benefícios emitidos no mês de dezembro";"Rio Capim";"Ipixuna do Pará";"Total";"2018";1722818,91999961
"Social";"Previdência Social";"Valor dos benefícios emitidos no mês de dezembro";"Rio Capim";"Ipixuna do Pará";"Total";"2019";1883115,22
"Social";"Previdência Social";"Valor dos benefícios emitidos no mês de dezembro";"Rio Capim";"Ipixuna do Pará";"Total";"2020";1984563,01
"Social";"Previdência Social";"Valor dos benefícios emitidos no mês de dezembro";"Rio Capim";"Ipixuna do Pará";"Total";"2021";1956801,13
"Social";"Previdência Social";"Valor dos benefícios emitidos no mês de dezembro";"Rio Capim";"Ipixuna do Pará";"Total";"2022";2259486,86
"Social";"Previdência Social";"Valor dos benefícios emitidos no mês de dezembro";"Rio Capim";"Ipixuna do Pará";"Total";"2023";2513886,96
"Social";"Previdência Social";"Valor dos benefícios emitidos no mês de dezembro";"Rio Capim";"Ipixuna do Pará";"Total";"2024";2431733,65
"Social";"Previdência Social";"Valor dos benefícios emitidos no mês de dezembro";"Rio Capim";"Irituia";"Total";"2016";3894991,70999975
"Social";"Previdência Social";"Valor dos benefícios emitidos no mês de dezembro";"Rio Capim";"Irituia";"Total";"2018";2302502,52999953
"Social";"Previdência Social";"Valor dos benefícios emitidos no mês de dezembro";"Rio Capim";"Irituia";"Total";"2019";2470094,3
"Social";"Previdência Social";"Valor dos benefícios emitidos no mês de dezembro";"Rio Capim";"Irituia";"Total";"2020";2620407,16
"Social";"Previdência Social";"Valor dos benefícios emitidos no mês de dezembro";"Rio Capim";"Irituia";"Total";"2021";2722235,83
"Social";"Previdência Social";"Valor dos benefícios emitidos no mês de dezembro";"Rio Capim";"Irituia";"Total";"2022";3010182,72
"Social";"Previdência Social";"Valor dos benefícios emitidos no mês de dezembro";"Rio Capim";"Irituia";"Total";"2023";3330349,68
"Social";"Previdência Social";"Valor dos benefícios emitidos no mês de dezembro";"Rio Capim";"Irituia";"Total";"2024";3601779,43
"Social";"Previdência Social";"Valor dos benefícios emitidos no mês de dezembro";"Tapajós";"Itaituba";"Total";"2016";12854089,960001
"Social";"Previdência Social";"Valor dos benefícios emitidos no mês de dezembro";"Tapajós";"Itaituba";"Total";"2018";10581909,9099989
"Social";"Previdência Social";"Valor dos benefícios emitidos no mês de dezembro";"Tapajós";"Itaituba";"Total";"2019";11085078,1
"Social";"Previdência Social";"Valor dos benefícios emitidos no mês de dezembro";"Tapajós";"Itaituba";"Total";"2020";11533429,18
"Social";"Previdência Social";"Valor dos benefícios emitidos no mês de dezembro";"Tapajós";"Itaituba";"Total";"2021";11920038,81
"Social";"Previdência Social";"Valor dos benefícios emitidos no mês de dezembro";"Tapajós";"Itaituba";"Total";"2022";13573238,21
"Social";"Previdência Social";"Valor dos benefícios emitidos no mês de dezembro";"Tapajós";"Itaituba";"Total";"2023";15464977,77
"Social";"Previdência Social";"Valor dos benefícios emitidos no mês de dezembro";"Tapajós";"Itaituba";"Total";"2024";17099434,16
"Social";"Previdência Social";"Valor dos benefícios emitidos no mês de dezembro";"Lago de Tucuruí";"Itupiranga";"Total";"2016";4345102,46000033
"Social";"Previdência Social";"Valor dos benefícios emitidos no mês de dezembro";"Lago de Tucuruí";"Itupiranga";"Total";"2018";4002071,69000041
"Social";"Previdência Social";"Valor dos benefícios emitidos no mês de dezembro";"Lago de Tucuruí";"Itupiranga";"Total";"2019";4180636,37
"Social";"Previdência Social";"Valor dos benefícios emitidos no mês de dezembro";"Lago de Tucuruí";"Itupiranga";"Total";"2020";4413008,6
"Social";"Previdência Social";"Valor dos benefícios emitidos no mês de dezembro";"Lago de Tucuruí";"Itupiranga";"Total";"2021";4380366,91
"Social";"Previdência Social";"Valor dos benefícios emitidos no mês de dezembro";"Lago de Tucuruí";"Itupiranga";"Total";"2022";4954370,74
"Social";"Previdência Social";"Valor dos benefícios emitidos no mês de dezembro";"Lago de Tucuruí";"Itupiranga";"Total";"2023";5499049,16
"Social";"Previdência Social";"Valor dos benefícios emitidos no mês de dezembro";"Lago de Tucuruí";"Itupiranga";"Total";"2024";5752621,78
"Social";"Previdência Social";"Valor dos benefícios emitidos no mês de dezembro";"Tapajós";"Jacareacanga";"Total";"2016";634793,119999947
"Social";"Previdência Social";"Valor dos benefícios emitidos no mês de dezembro";"Tapajós";"Jacareacanga";"Total";"2018";544751,289999902
"Social";"Previdência Social";"Valor dos benefícios emitidos no mês de dezembro";"Tapajós";"Jacareacanga";"Total";"2019";587019,66
"Social";"Previdência Social";"Valor dos benefícios emitidos no mês de dezembro";"Tapajós";"Jacareacanga";"Total";"2020";632847,99
"Social";"Previdência Social";"Valor dos benefícios emitidos no mês de dezembro";"Tapajós";"Jacareacanga";"Total";"2021";642589,48
"Social";"Previdência Social";"Valor dos benefícios emitidos no mês de dezembro";"Tapajós";"Jacareacanga";"Total";"2022";718713,31
"Social";"Previdência Social";"Valor dos benefícios emitidos no mês de dezembro";"Tapajós";"Jacareacanga";"Total";"2023";863531,82
"Social";"Previdência Social";"Valor dos benefícios emitidos no mês de dezembro";"Tapajós";"Jacareacanga";"Total";"2024";907265,64
"Social";"Previdência Social";"Valor dos benefícios emitidos no mês de dezembro";"Lago de Tucuruí";"Jacundá";"Total";"2016";5008726,9299992
"Social";"Previdência Social";"Valor dos benefícios emitidos no mês de dezembro";"Lago de Tucuruí";"Jacundá";"Total";"2018";4657421,86999985
"Social";"Previdência Social";"Valor dos benefícios emitidos no mês de dezembro";"Lago de Tucuruí";"Jacundá";"Total";"2019";5048673,75
"Social";"Previdência Social";"Valor dos benefícios emitidos no mês de dezembro";"Lago de Tucuruí";"Jacundá";"Total";"2020";5239661,1
"Social";"Previdência Social";"Valor dos benefícios emitidos no mês de dezembro";"Lago de Tucuruí";"Jacundá";"Total";"2021";5295774,46
"Social";"Previdência Social";"Valor dos benefícios emitidos no mês de dezembro";"Lago de Tucuruí";"Jacundá";"Total";"2022";6144858,81
"Social";"Previdência Social";"Valor dos benefícios emitidos no mês de dezembro";"Lago de Tucuruí";"Jacundá";"Total";"2023";7094767,66
"Social";"Previdência Social";"Valor dos benefícios emitidos no mês de dezembro";"Lago de Tucuruí";"Jacundá";"Total";"2024";7961398,9
"Social";"Previdência Social";"Valor dos benefícios emitidos no mês de dezembro";"Baixo Amazonas";"Juruti";"Total";"2016";3466167,63000112
"Social";"Previdência Social";"Valor dos benefícios emitidos no mês de dezembro";"Baixo Amazonas";"Juruti";"Total";"2018";3197744,34000033
"Social";"Previdência Social";"Valor dos benefícios emitidos no mês de dezembro";"Baixo Amazonas";"Juruti";"Total";"2019";3572815,29
"Social";"Previdência Social";"Valor dos benefícios emitidos no mês de dezembro";"Baixo Amazonas";"Juruti";"Total";"2020";3722658,29
"Social";"Previdência Social";"Valor dos benefícios emitidos no mês de dezembro";"Baixo Amazonas";"Juruti";"Total";"2021";3752970,63
"Social";"Previdência Social";"Valor dos benefícios emitidos no mês de dezembro";"Baixo Amazonas";"Juruti";"Total";"2022";4247385,55
"Social";"Previdência Social";"Valor dos benefícios emitidos no mês de dezembro";"Baixo Amazonas";"Juruti";"Total";"2023";4999906,09
"Social";"Previdência Social";"Valor dos benefícios emitidos no mês de dezembro";"Baixo Amazonas";"Juruti";"Total";"2024";5640474,13
"Social";"Previdência Social";"Valor dos benefícios emitidos no mês de dezembro";"Tocantins";"Limoeiro do Ajuru";"Total";"2016";601496,010000193
"Social";"Previdência Social";"Valor dos benefícios emitidos no mês de dezembro";"Tocantins";"Limoeiro do Ajuru";"Total";"2018";647511,820000113
"Social";"Previdência Social";"Valor dos benefícios emitidos no mês de dezembro";"Tocantins";"Limoeiro do Ajuru";"Total";"2019";719230,73
"Social";"Previdência Social";"Valor dos benefícios emitidos no mês de dezembro";"Tocantins";"Limoeiro do Ajuru";"Total";"2020";820767,33
"Social";"Previdência Social";"Valor dos benefícios emitidos no mês de dezembro";"Tocantins";"Limoeiro do Ajuru";"Total";"2021";826911,86
"Social";"Previdência Social";"Valor dos benefícios emitidos no mês de dezembro";"Tocantins";"Limoeiro do Ajuru";"Total";"2022";1025037,04
"Social";"Previdência Social";"Valor dos benefícios emitidos no mês de dezembro";"Tocantins";"Limoeiro do Ajuru";"Total";"2023";1179415,15
"Social";"Previdência Social";"Valor dos benefícios emitidos no mês de dezembro";"Tocantins";"Limoeiro do Ajuru";"Total";"2024";1314133,33
"Social";"Previdência Social";"Valor dos benefícios emitidos no mês de dezembro";"Rio Capim";"Mãe do Rio";"Total";"2016";4660588,86999926
"Social";"Previdência Social";"Valor dos benefícios emitidos no mês de dezembro";"Rio Capim";"Mãe do Rio";"Total";"2018";3903534,3999997
"Social";"Previdência Social";"Valor dos benefícios emitidos no mês de dezembro";"Rio Capim";"Mãe do Rio";"Total";"2019";4243683,01
"Social";"Previdência Social";"Valor dos benefícios emitidos no mês de dezembro";"Rio Capim";"Mãe do Rio";"Total";"2020";4467180,8
"Social";"Previdência Social";"Valor dos benefícios emitidos no mês de dezembro";"Rio Capim";"Mãe do Rio";"Total";"2021";6284443,74
"Social";"Previdência Social";"Valor dos benefícios emitidos no mês de dezembro";"Rio Capim";"Mãe do Rio";"Total";"2022";7083874,29
"Social";"Previdência Social";"Valor dos benefícios emitidos no mês de dezembro";"Rio Capim";"Mãe do Rio";"Total";"2023";7902540,24
"Social";"Previdência Social";"Valor dos benefícios emitidos no mês de dezembro";"Rio Capim";"Mãe do Rio";"Total";"2024";8597354,21
"Social";"Previdência Social";"Valor dos benefícios emitidos no mês de dezembro";"Guamá";"Magalhães Barata";"Total";"2016";579556,690000058
"Social";"Previdência Social";"Valor dos benefícios emitidos no mês de dezembro";"Guamá";"Magalhães Barata";"Total";"2018";468796,539999921
"Social";"Previdência Social";"Valor dos benefícios emitidos no mês de dezembro";"Guamá";"Magalhães Barata";"Total";"2019";503369,11
"Social";"Previdência Social";"Valor dos benefícios emitidos no mês de dezembro";"Guamá";"Magalhães Barata";"Total";"2020";549250,17
"Social";"Previdência Social";"Valor dos benefícios emitidos no mês de dezembro";"Guamá";"Magalhães Barata";"Total";"2021";504682,58
"Social";"Previdência Social";"Valor dos benefícios emitidos no mês de dezembro";"Guamá";"Magalhães Barata";"Total";"2022";525821,11
"Social";"Previdência Social";"Valor dos benefícios emitidos no mês de dezembro";"Guamá";"Magalhães Barata";"Total";"2023";536261,34
"Social";"Previdência Social";"Valor dos benefícios emitidos no mês de dezembro";"Guamá";"Magalhães Barata";"Total";"2024";584330,69
"Social";"Previdência Social";"Valor dos benefícios emitidos no mês de dezembro";"Carajás";"Marabá";"Total";"2016";25716752,129999
"Social";"Previdência Social";"Valor dos benefícios emitidos no mês de dezembro";"Carajás";"Marabá";"Total";"2018";20774722,0100065
"Social";"Previdência Social";"Valor dos benefícios emitidos no mês de dezembro";"Carajás";"Marabá";"Total";"2019";21512581,09
"Social";"Previdência Social";"Valor dos benefícios emitidos no mês de dezembro";"Carajás";"Marabá";"Total";"2020";22912842,55
"Social";"Previdência Social";"Valor dos benefícios emitidos no mês de dezembro";"Carajás";"Marabá";"Total";"2021";23607103
"Social";"Previdência Social";"Valor dos benefícios emitidos no mês de dezembro";"Carajás";"Marabá";"Total";"2022";26954818,55
"Social";"Previdência Social";"Valor dos benefícios emitidos no mês de dezembro";"Carajás";"Marabá";"Total";"2023";30680588,51
"Social";"Previdência Social";"Valor dos benefícios emitidos no mês de dezembro";"Carajás";"Marabá";"Total";"2024";35111114,51
"Social";"Previdência Social";"Valor dos benefícios emitidos no mês de dezembro";"Guamá";"Maracanã";"Total";"2016";2427627,63000033
"Social";"Previdência Social";"Valor dos benefícios emitidos no mês de dezembro";"Guamá";"Maracanã";"Total";"2018";2131040,45000013
"Social";"Previdência Social";"Valor dos benefícios emitidos no mês de dezembro";"Guamá";"Maracanã";"Total";"2019";2276275,11
"Social";"Previdência Social";"Valor dos benefícios emitidos no mês de dezembro";"Guamá";"Maracanã";"Total";"2020";2378911,4
"Social";"Previdência Social";"Valor dos benefícios emitidos no mês de dezembro";"Guamá";"Maracanã";"Total";"2021";2325686,57
"Social";"Previdência Social";"Valor dos benefícios emitidos no mês de dezembro";"Guamá";"Maracanã";"Total";"2022";2550408,99
"Social";"Previdência Social";"Valor dos benefícios emitidos no mês de dezembro";"Guamá";"Maracanã";"Total";"2023";2867196,38
"Social";"Previdência Social";"Valor dos benefícios emitidos no mês de dezembro";"Guamá";"Maracanã";"Total";"2024";3097152,2
"Social";"Previdência Social";"Valor dos benefícios emitidos no mês de dezembro";"Guamá";"Marapanim";"Total";"2016";3177263,23999946
"Social";"Previdência Social";"Valor dos benefícios emitidos no mês de dezembro";"Guamá";"Marapanim";"Total";"2018";2624937,02000023
"Social";"Previdência Social";"Valor dos benefícios emitidos no mês de dezembro";"Guamá";"Marapanim";"Total";"2019";2716186,55
"Social";"Previdência Social";"Valor dos benefícios emitidos no mês de dezembro";"Guamá";"Marapanim";"Total";"2020";2919027,11
"Social";"Previdência Social";"Valor dos benefícios emitidos no mês de dezembro";"Guamá";"Marapanim";"Total";"2021";2885180,48
"Social";"Previdência Social";"Valor dos benefícios emitidos no mês de dezembro";"Guamá";"Marapanim";"Total";"2022";3109453,33
"Social";"Previdência Social";"Valor dos benefícios emitidos no mês de dezembro";"Guamá";"Marapanim";"Total";"2023";3333493,5
"Social";"Previdência Social";"Valor dos benefícios emitidos no mês de dezembro";"Guamá";"Marapanim";"Total";"2024";3616100,36
"Social";"Previdência Social";"Valor dos benefícios emitidos no mês de dezembro";"Guajará";"Marituba";"Total";"2016";3916594,83999996
"Social";"Previdência Social";"Valor dos benefícios emitidos no mês de dezembro";"Guajará";"Marituba";"Total";"2018";2915330,40000043
"Social";"Previdência Social";"Valor dos benefícios emitidos no mês de dezembro";"Guajará";"Marituba";"Total";"2019";3307210,52
"Social";"Previdência Social";"Valor dos benefícios emitidos no mês de dezembro";"Guajará";"Marituba";"Total";"2020";3675335,26
"Social";"Previdência Social";"Valor dos benefícios emitidos no mês de dezembro";"Guajará";"Marituba";"Total";"2021";3809742,85
"Social";"Previdência Social";"Valor dos benefícios emitidos no mês de dezembro";"Guajará";"Marituba";"Total";"2022";4366066,74
"Social";"Previdência Social";"Valor dos benefícios emitidos no mês de dezembro";"Guajará";"Marituba";"Total";"2023";4747453,02
"Social";"Previdência Social";"Valor dos benefícios emitidos no mês de dezembro";"Guajará";"Marituba";"Total";"2024";5055263,35
"Social";"Previdência Social";"Valor dos benefícios emitidos no mês de dezembro";"Xingu";"Medicilândia";"Total";"2016";2805223,17000033
"Social";"Previdência Social";"Valor dos benefícios emitidos no mês de dezembro";"Xingu";"Medicilândia";"Total";"2018";2677811,17999958
"Social";"Previdência Social";"Valor dos benefícios emitidos no mês de dezembro";"Xingu";"Medicilândia";"Total";"2019";2808477,66
"Social";"Previdência Social";"Valor dos benefícios emitidos no mês de dezembro";"Xingu";"Medicilândia";"Total";"2020";3086878,3
"Social";"Previdência Social";"Valor dos benefícios emitidos no mês de dezembro";"Xingu";"Medicilândia";"Total";"2021";3107191,98
"Social";"Previdência Social";"Valor dos benefícios emitidos no mês de dezembro";"Xingu";"Medicilândia";"Total";"2022";3578571,37
"Social";"Previdência Social";"Valor dos benefícios emitidos no mês de dezembro";"Xingu";"Medicilândia";"Total";"2023";4162870,81
"Social";"Previdência Social";"Valor dos benefícios emitidos no mês de dezembro";"Xingu";"Medicilândia";"Total";"2024";4852447,25
"Social";"Previdência Social";"Valor dos benefícios emitidos no mês de dezembro";"Marajó";"Melgaço";"Total";"2016";609051,900000097
"Social";"Previdência Social";"Valor dos benefícios emitidos no mês de dezembro";"Marajó";"Melgaço";"Total";"2018";416077,299999893
"Social";"Previdência Social";"Valor dos benefícios emitidos no mês de dezembro";"Marajó";"Melgaço";"Total";"2019";442737,19
"Social";"Previdência Social";"Valor dos benefícios emitidos no mês de dezembro";"Marajó";"Melgaço";"Total";"2020";445364,74
"Social";"Previdência Social";"Valor dos benefícios emitidos no mês de dezembro";"Marajó";"Melgaço";"Total";"2021";431021,85
"Social";"Previdência Social";"Valor dos benefícios emitidos no mês de dezembro";"Marajó";"Melgaço";"Total";"2022";532525,95
"Social";"Previdência Social";"Valor dos benefícios emitidos no mês de dezembro";"Marajó";"Melgaço";"Total";"2023";157873,7
"Social";"Previdência Social";"Valor dos benefícios emitidos no mês de dezembro";"Marajó";"Melgaço";"Total";"2024";230208,17
"Social";"Previdência Social";"Valor dos benefícios emitidos no mês de dezembro";"Tocantins";"Mocajuba";"Total";"2016";3432943,19000005
"Social";"Previdência Social";"Valor dos benefícios emitidos no mês de dezembro";"Tocantins";"Mocajuba";"Total";"2018";2514022,29999979
"Social";"Previdência Social";"Valor dos benefícios emitidos no mês de dezembro";"Tocantins";"Mocajuba";"Total";"2019";2751707,86
"Social";"Previdência Social";"Valor dos benefícios emitidos no mês de dezembro";"Tocantins";"Mocajuba";"Total";"2020";3016141,01
"Social";"Previdência Social";"Valor dos benefícios emitidos no mês de dezembro";"Tocantins";"Mocajuba";"Total";"2021";2986260,59
"Social";"Previdência Social";"Valor dos benefícios emitidos no mês de dezembro";"Tocantins";"Mocajuba";"Total";"2022";3453614,78
"Social";"Previdência Social";"Valor dos benefícios emitidos no mês de dezembro";"Tocantins";"Mocajuba";"Total";"2023";3999079,86
"Social";"Previdência Social";"Valor dos benefícios emitidos no mês de dezembro";"Tocantins";"Mocajuba";"Total";"2024";4432967,77
"Social";"Previdência Social";"Valor dos benefícios emitidos no mês de dezembro";"Tocantins";"Moju";"Total";"2016";5209355,31000103
"Social";"Previdência Social";"Valor dos benefícios emitidos no mês de dezembro";"Tocantins";"Moju";"Total";"2018";4540057,04000086
"Social";"Previdência Social";"Valor dos benefícios emitidos no mês de dezembro";"Tocantins";"Moju";"Total";"2019";4864303,41
"Social";"Previdência Social";"Valor dos benefícios emitidos no mês de dezembro";"Tocantins";"Moju";"Total";"2020";5087161,1
"Social";"Previdência Social";"Valor dos benefícios emitidos no mês de dezembro";"Tocantins";"Moju";"Total";"2021";5108512,68
"Social";"Previdência Social";"Valor dos benefícios emitidos no mês de dezembro";"Tocantins";"Moju";"Total";"2022";5806585,23
"Social";"Previdência Social";"Valor dos benefícios emitidos no mês de dezembro";"Tocantins";"Moju";"Total";"2023";6566888,6
"Social";"Previdência Social";"Valor dos benefícios emitidos no mês de dezembro";"Tocantins";"Moju";"Total";"2024";7264507,52
"Social";"Previdência Social";"Valor dos benefícios emitidos no mês de dezembro";"Baixo Amazonas";"Mojuí dos campos";"Total";"2016";70543,4499999909
"Social";"Previdência Social";"Valor dos benefícios emitidos no mês de dezembro";"Baixo Amazonas";"Mojuí dos campos";"Total";"2018";625337,869999842
"Social";"Previdência Social";"Valor dos benefícios emitidos no mês de dezembro";"Baixo Amazonas";"Mojuí dos campos";"Total";"2019";577041,48
"Social";"Previdência Social";"Valor dos benefícios emitidos no mês de dezembro";"Baixo Amazonas";"Mojuí dos campos";"Total";"2020";625288,72
"Social";"Previdência Social";"Valor dos benefícios emitidos no mês de dezembro";"Baixo Amazonas";"Mojuí dos campos";"Total";"2021";625144,76
"Social";"Previdência Social";"Valor dos benefícios emitidos no mês de dezembro";"Baixo Amazonas";"Mojuí dos campos";"Total";"2022";736923,46
"Social";"Previdência Social";"Valor dos benefícios emitidos no mês de dezembro";"Baixo Amazonas";"Mojuí dos campos";"Total";"2023";993801,15
"Social";"Previdência Social";"Valor dos benefícios emitidos no mês de dezembro";"Baixo Amazonas";"Mojuí dos campos";"Total";"2024";1140993,6
"Social";"Previdência Social";"Valor dos benefícios emitidos no mês de dezembro";"Baixo Amazonas";"Monte Alegre";"Total";"2016";7211392,19000193
"Social";"Previdência Social";"Valor dos benefícios emitidos no mês de dezembro";"Baixo Amazonas";"Monte Alegre";"Total";"2018";6650999,04000106
"Social";"Previdência Social";"Valor dos benefícios emitidos no mês de dezembro";"Baixo Amazonas";"Monte Alegre";"Total";"2019";7218533,01
"Social";"Previdência Social";"Valor dos benefícios emitidos no mês de dezembro";"Baixo Amazonas";"Monte Alegre";"Total";"2020";7699398,11
"Social";"Previdência Social";"Valor dos benefícios emitidos no mês de dezembro";"Baixo Amazonas";"Monte Alegre";"Total";"2021";8203279,23
"Social";"Previdência Social";"Valor dos benefícios emitidos no mês de dezembro";"Baixo Amazonas";"Monte Alegre";"Total";"2022";9364024,69
"Social";"Previdência Social";"Valor dos benefícios emitidos no mês de dezembro";"Baixo Amazonas";"Monte Alegre";"Total";"2023";10865657,03
"Social";"Previdência Social";"Valor dos benefícios emitidos no mês de dezembro";"Baixo Amazonas";"Monte Alegre";"Total";"2024";12243914,39
"Social";"Previdência Social";"Valor dos benefícios emitidos no mês de dezembro";"Marajó";"Muaná";"Total";"2016";2502802,74999943
"Social";"Previdência Social";"Valor dos benefícios emitidos no mês de dezembro";"Marajó";"Muaná";"Total";"2018";2234883,52999997
"Social";"Previdência Social";"Valor dos benefícios emitidos no mês de dezembro";"Marajó";"Muaná";"Total";"2019";2415167,25
"Social";"Previdência Social";"Valor dos benefícios emitidos no mês de dezembro";"Marajó";"Muaná";"Total";"2020";2653017,78
"Social";"Previdência Social";"Valor dos benefícios emitidos no mês de dezembro";"Marajó";"Muaná";"Total";"2021";2533712,75
"Social";"Previdência Social";"Valor dos benefícios emitidos no mês de dezembro";"Marajó";"Muaná";"Total";"2022";2864624,43
"Social";"Previdência Social";"Valor dos benefícios emitidos no mês de dezembro";"Marajó";"Muaná";"Total";"2023";3298032,44
"Social";"Previdência Social";"Valor dos benefícios emitidos no mês de dezembro";"Marajó";"Muaná";"Total";"2024";3652636,06
"Social";"Previdência Social";"Valor dos benefícios emitidos no mês de dezembro";"Rio Capim";"Nova Esperança do Piriá";"Total";"2016";1404832,03
"Social";"Previdência Social";"Valor dos benefícios emitidos no mês de dezembro";"Rio Capim";"Nova Esperança do Piriá";"Total";"2018";1297413,10999966
"Social";"Previdência Social";"Valor dos benefícios emitidos no mês de dezembro";"Rio Capim";"Nova Esperança do Piriá";"Total";"2019";1425355,97
"Social";"Previdência Social";"Valor dos benefícios emitidos no mês de dezembro";"Rio Capim";"Nova Esperança do Piriá";"Total";"2020";1548856,12
"Social";"Previdência Social";"Valor dos benefícios emitidos no mês de dezembro";"Rio Capim";"Nova Esperança do Piriá";"Total";"2021";1468121,5
"Social";"Previdência Social";"Valor dos benefícios emitidos no mês de dezembro";"Rio Capim";"Nova Esperança do Piriá";"Total";"2022";1613912,17
"Social";"Previdência Social";"Valor dos benefícios emitidos no mês de dezembro";"Rio Capim";"Nova Esperança do Piriá";"Total";"2023";1850561,14
"Social";"Previdência Social";"Valor dos benefícios emitidos no mês de dezembro";"Rio Capim";"Nova Esperança do Piriá";"Total";"2024";1998789,87
"Social";"Previdência Social";"Valor dos benefícios emitidos no mês de dezembro";"Lago de Tucuruí";"Nova Ipixuna";"Total";"2016";822345,320000264
"Social";"Previdência Social";"Valor dos benefícios emitidos no mês de dezembro";"Lago de Tucuruí";"Nova Ipixuna";"Total";"2018";672062,060000121
"Social";"Previdência Social";"Valor dos benefícios emitidos no mês de dezembro";"Lago de Tucuruí";"Nova Ipixuna";"Total";"2019";790815,19
"Social";"Previdência Social";"Valor dos benefícios emitidos no mês de dezembro";"Lago de Tucuruí";"Nova Ipixuna";"Total";"2020";896446,49
"Social";"Previdência Social";"Valor dos benefícios emitidos no mês de dezembro";"Lago de Tucuruí";"Nova Ipixuna";"Total";"2021";917000
"Social";"Previdência Social";"Valor dos benefícios emitidos no mês de dezembro";"Lago de Tucuruí";"Nova Ipixuna";"Total";"2022";1082503,28
"Social";"Previdência Social";"Valor dos benefícios emitidos no mês de dezembro";"Lago de Tucuruí";"Nova Ipixuna";"Total";"2023";1210550,6
"Social";"Previdência Social";"Valor dos benefícios emitidos no mês de dezembro";"Lago de Tucuruí";"Nova Ipixuna";"Total";"2024";1329200,91
"Social";"Previdência Social";"Valor dos benefícios emitidos no mês de dezembro";"Rio Caeté";"Nova Timboteua";"Total";"2016";2543606,64999945
"Social";"Previdência Social";"Valor dos benefícios emitidos no mês de dezembro";"Rio Caeté";"Nova Timboteua";"Total";"2018";2210975,64000013
"Social";"Previdência Social";"Valor dos benefícios emitidos no mês de dezembro";"Rio Caeté";"Nova Timboteua";"Total";"2019";1469034,77
"Social";"Previdência Social";"Valor dos benefícios emitidos no mês de dezembro";"Rio Caeté";"Nova Timboteua";"Total";"2020";1578493,33
"Social";"Previdência Social";"Valor dos benefícios emitidos no mês de dezembro";"Rio Caeté";"Nova Timboteua";"Total";"2021";1631726,95
"Social";"Previdência Social";"Valor dos benefícios emitidos no mês de dezembro";"Rio Caeté";"Nova Timboteua";"Total";"2022";1818798,37
"Social";"Previdência Social";"Valor dos benefícios emitidos no mês de dezembro";"Rio Caeté";"Nova Timboteua";"Total";"2023";2054876,08
"Social";"Previdência Social";"Valor dos benefícios emitidos no mês de dezembro";"Rio Caeté";"Nova Timboteua";"Total";"2024";2200787,01
"Social";"Previdência Social";"Valor dos benefícios emitidos no mês de dezembro";"Tapajós";"Novo Progresso";"Total";"2016";1914056,50000019
"Social";"Previdência Social";"Valor dos benefícios emitidos no mês de dezembro";"Tapajós";"Novo Progresso";"Total";"2018";1747681,11000035
"Social";"Previdência Social";"Valor dos benefícios emitidos no mês de dezembro";"Tapajós";"Novo Progresso";"Total";"2019";2001372,84
"Social";"Previdência Social";"Valor dos benefícios emitidos no mês de dezembro";"Tapajós";"Novo Progresso";"Total";"2020";2131969,96
"Social";"Previdência Social";"Valor dos benefícios emitidos no mês de dezembro";"Tapajós";"Novo Progresso";"Total";"2021";2810141,56
"Social";"Previdência Social";"Valor dos benefícios emitidos no mês de dezembro";"Tapajós";"Novo Progresso";"Total";"2022";3362268,69
"Social";"Previdência Social";"Valor dos benefícios emitidos no mês de dezembro";"Tapajós";"Novo Progresso";"Total";"2023";3912874,35
"Social";"Previdência Social";"Valor dos benefícios emitidos no mês de dezembro";"Tapajós";"Novo Progresso";"Total";"2024";4489052,66
"Social";"Previdência Social";"Valor dos benefícios emitidos no mês de dezembro";"Lago de Tucuruí";"Novo Repartimento";"Total";"2016";5075411,0299995
"Social";"Previdência Social";"Valor dos benefícios emitidos no mês de dezembro";"Lago de Tucuruí";"Novo Repartimento";"Total";"2018";4946364,79000041
"Social";"Previdência Social";"Valor dos benefícios emitidos no mês de dezembro";"Lago de Tucuruí";"Novo Repartimento";"Total";"2019";5402664,01
"Social";"Previdência Social";"Valor dos benefícios emitidos no mês de dezembro";"Lago de Tucuruí";"Novo Repartimento";"Total";"2020";5733146,09
"Social";"Previdência Social";"Valor dos benefícios emitidos no mês de dezembro";"Lago de Tucuruí";"Novo Repartimento";"Total";"2021";5892367,67
"Social";"Previdência Social";"Valor dos benefícios emitidos no mês de dezembro";"Lago de Tucuruí";"Novo Repartimento";"Total";"2022";6847946,19
"Social";"Previdência Social";"Valor dos benefícios emitidos no mês de dezembro";"Lago de Tucuruí";"Novo Repartimento";"Total";"2023";7921280,5
"Social";"Previdência Social";"Valor dos benefícios emitidos no mês de dezembro";"Lago de Tucuruí";"Novo Repartimento";"Total";"2024";8850139,49
"Social";"Previdência Social";"Valor dos benefícios emitidos no mês de dezembro";"Baixo Amazonas";"Óbidos";"Total";"2016";5102492,69000017
"Social";"Previdência Social";"Valor dos benefícios emitidos no mês de dezembro";"Baixo Amazonas";"Óbidos";"Total";"2018";4433752,52000087
"Social";"Previdência Social";"Valor dos benefícios emitidos no mês de dezembro";"Baixo Amazonas";"Óbidos";"Total";"2019";4869312,52
"Social";"Previdência Social";"Valor dos benefícios emitidos no mês de dezembro";"Baixo Amazonas";"Óbidos";"Total";"2020";5188917,8
"Social";"Previdência Social";"Valor dos benefícios emitidos no mês de dezembro";"Baixo Amazonas";"Óbidos";"Total";"2021";5364143,01
"Social";"Previdência Social";"Valor dos benefícios emitidos no mês de dezembro";"Baixo Amazonas";"Óbidos";"Total";"2022";5965996,24
"Social";"Previdência Social";"Valor dos benefícios emitidos no mês de dezembro";"Baixo Amazonas";"Óbidos";"Total";"2023";6783583,75
"Social";"Previdência Social";"Valor dos benefícios emitidos no mês de dezembro";"Baixo Amazonas";"Óbidos";"Total";"2024";7495784,68
"Social";"Previdência Social";"Valor dos benefícios emitidos no mês de dezembro";"Marajó";"Oeiras do Pará";"Total";"2016";1181429,13999994
"Social";"Previdência Social";"Valor dos benefícios emitidos no mês de dezembro";"Marajó";"Oeiras do Pará";"Total";"2018";1110943,3600004
"Social";"Previdência Social";"Valor dos benefícios emitidos no mês de dezembro";"Marajó";"Oeiras do Pará";"Total";"2019";1257276,41
"Social";"Previdência Social";"Valor dos benefícios emitidos no mês de dezembro";"Marajó";"Oeiras do Pará";"Total";"2020";1405770,95
"Social";"Previdência Social";"Valor dos benefícios emitidos no mês de dezembro";"Marajó";"Oeiras do Pará";"Total";"2021";1416784,9
"Social";"Previdência Social";"Valor dos benefícios emitidos no mês de dezembro";"Marajó";"Oeiras do Pará";"Total";"2022";1647300,99
"Social";"Previdência Social";"Valor dos benefícios emitidos no mês de dezembro";"Marajó";"Oeiras do Pará";"Total";"2023";1874283,52
"Social";"Previdência Social";"Valor dos benefícios emitidos no mês de dezembro";"Marajó";"Oeiras do Pará";"Total";"2024";1943493,75
"Social";"Previdência Social";"Valor dos benefícios emitidos no mês de dezembro";"Baixo Amazonas";"Oriximiná";"Total";"2016";5799412,61000097
"Social";"Previdência Social";"Valor dos benefícios emitidos no mês de dezembro";"Baixo Amazonas";"Oriximiná";"Total";"2018";5201713,16000014
"Social";"Previdência Social";"Valor dos benefícios emitidos no mês de dezembro";"Baixo Amazonas";"Oriximiná";"Total";"2019";5871420,54
"Social";"Previdência Social";"Valor dos benefícios emitidos no mês de dezembro";"Baixo Amazonas";"Oriximiná";"Total";"2020";6243807,37
"Social";"Previdência Social";"Valor dos benefícios emitidos no mês de dezembro";"Baixo Amazonas";"Oriximiná";"Total";"2021";6632135,35
"Social";"Previdência Social";"Valor dos benefícios emitidos no mês de dezembro";"Baixo Amazonas";"Oriximiná";"Total";"2022";7273760,04
"Social";"Previdência Social";"Valor dos benefícios emitidos no mês de dezembro";"Baixo Amazonas";"Oriximiná";"Total";"2023";8132870,26
"Social";"Previdência Social";"Valor dos benefícios emitidos no mês de dezembro";"Baixo Amazonas";"Oriximiná";"Total";"2024";9025786,72
"Social";"Previdência Social";"Valor dos benefícios emitidos no mês de dezembro";"Rio Capim";"Ourém";"Total";"2016";2202509,27999944
"Social";"Previdência Social";"Valor dos benefícios emitidos no mês de dezembro";"Rio Capim";"Ourém";"Total";"2018";1302421,39000044
"Social";"Previdência Social";"Valor dos benefícios emitidos no mês de dezembro";"Rio Capim";"Ourém";"Total";"2019";1433773,74
"Social";"Previdência Social";"Valor dos benefícios emitidos no mês de dezembro";"Rio Capim";"Ourém";"Total";"2020";1512800,92
"Social";"Previdência Social";"Valor dos benefícios emitidos no mês de dezembro";"Rio Capim";"Ourém";"Total";"2021";1113831,29
"Social";"Previdência Social";"Valor dos benefícios emitidos no mês de dezembro";"Rio Capim";"Ourém";"Total";"2022";1259603,36
"Social";"Previdência Social";"Valor dos benefícios emitidos no mês de dezembro";"Rio Capim";"Ourém";"Total";"2023";1441630,04
"Social";"Previdência Social";"Valor dos benefícios emitidos no mês de dezembro";"Rio Capim";"Ourém";"Total";"2024";1605940,18
"Social";"Previdência Social";"Valor dos benefícios emitidos no mês de dezembro";"Araguaia";"Ourilândia do Norte";"Total";"2016";2535193,24000051
"Social";"Previdência Social";"Valor dos benefícios emitidos no mês de dezembro";"Araguaia";"Ourilândia do Norte";"Total";"2018";2206051,03999949
"Social";"Previdência Social";"Valor dos benefícios emitidos no mês de dezembro";"Araguaia";"Ourilândia do Norte";"Total";"2019";2295654,49
"Social";"Previdência Social";"Valor dos benefícios emitidos no mês de dezembro";"Araguaia";"Ourilândia do Norte";"Total";"2020";2432703,19
"Social";"Previdência Social";"Valor dos benefícios emitidos no mês de dezembro";"Araguaia";"Ourilândia do Norte";"Total";"2021";2452855,53
"Social";"Previdência Social";"Valor dos benefícios emitidos no mês de dezembro";"Araguaia";"Ourilândia do Norte";"Total";"2022";2833495,46
"Social";"Previdência Social";"Valor dos benefícios emitidos no mês de dezembro";"Araguaia";"Ourilândia do Norte";"Total";"2023";3264554,01
"Social";"Previdência Social";"Valor dos benefícios emitidos no mês de dezembro";"Araguaia";"Ourilândia do Norte";"Total";"2024";3743621,76
"Social";"Previdência Social";"Valor dos benefícios emitidos no mês de dezembro";"Xingu";"Pacajá";"Total";"2016";3011018,77000035
"Social";"Previdência Social";"Valor dos benefícios emitidos no mês de dezembro";"Xingu";"Pacajá";"Total";"2018";3016135,8899985
"Social";"Previdência Social";"Valor dos benefícios emitidos no mês de dezembro";"Xingu";"Pacajá";"Total";"2019";3297356,66
"Social";"Previdência Social";"Valor dos benefícios emitidos no mês de dezembro";"Xingu";"Pacajá";"Total";"2020";3477069,65
"Social";"Previdência Social";"Valor dos benefícios emitidos no mês de dezembro";"Xingu";"Pacajá";"Total";"2021";3472739,45
"Social";"Previdência Social";"Valor dos benefícios emitidos no mês de dezembro";"Xingu";"Pacajá";"Total";"2022";3882376,38
"Social";"Previdência Social";"Valor dos benefícios emitidos no mês de dezembro";"Xingu";"Pacajá";"Total";"2023";4423611,85
"Social";"Previdência Social";"Valor dos benefícios emitidos no mês de dezembro";"Xingu";"Pacajá";"Total";"2024";4913869,37
"Social";"Previdência Social";"Valor dos benefícios emitidos no mês de dezembro";"Carajás";"Palestina do Pará";"Total";"2016";269405,79000008
"Social";"Previdência Social";"Valor dos benefícios emitidos no mês de dezembro";"Carajás";"Palestina do Pará";"Total";"2018";253222,639999903
"Social";"Previdência Social";"Valor dos benefícios emitidos no mês de dezembro";"Carajás";"Palestina do Pará";"Total";"2019";285037,84
"Social";"Previdência Social";"Valor dos benefícios emitidos no mês de dezembro";"Carajás";"Palestina do Pará";"Total";"2020";318068,65
"Social";"Previdência Social";"Valor dos benefícios emitidos no mês de dezembro";"Carajás";"Palestina do Pará";"Total";"2021";330150,37
"Social";"Previdência Social";"Valor dos benefícios emitidos no mês de dezembro";"Carajás";"Palestina do Pará";"Total";"2022";399159,23
"Social";"Previdência Social";"Valor dos benefícios emitidos no mês de dezembro";"Carajás";"Palestina do Pará";"Total";"2023";489156,2
"Social";"Previdência Social";"Valor dos benefícios emitidos no mês de dezembro";"Carajás";"Palestina do Pará";"Total";"2024";168706,28
"Social";"Previdência Social";"Valor dos benefícios emitidos no mês de dezembro";"Rio Capim";"Paragominas";"Total";"2016";8092932,990001
"Social";"Previdência Social";"Valor dos benefícios emitidos no mês de dezembro";"Rio Capim";"Paragominas";"Total";"2018";6476804,83000125
"Social";"Previdência Social";"Valor dos benefícios emitidos no mês de dezembro";"Rio Capim";"Paragominas";"Total";"2019";7118219,69
"Social";"Previdência Social";"Valor dos benefícios emitidos no mês de dezembro";"Rio Capim";"Paragominas";"Total";"2020";7391019
"Social";"Previdência Social";"Valor dos benefícios emitidos no mês de dezembro";"Rio Capim";"Paragominas";"Total";"2021";7645969,19
"Social";"Previdência Social";"Valor dos benefícios emitidos no mês de dezembro";"Rio Capim";"Paragominas";"Total";"2022";8884781,09
"Social";"Previdência Social";"Valor dos benefícios emitidos no mês de dezembro";"Rio Capim";"Paragominas";"Total";"2023";10374290,68
"Social";"Previdência Social";"Valor dos benefícios emitidos no mês de dezembro";"Rio Capim";"Paragominas";"Total";"2024";11542092,23
"Social";"Previdência Social";"Valor dos benefícios emitidos no mês de dezembro";"Carajás";"Parauapebas";"Total";"2016";12741957,3499988
"Social";"Previdência Social";"Valor dos benefícios emitidos no mês de dezembro";"Carajás";"Parauapebas";"Total";"2018";12382682,4599995
"Social";"Previdência Social";"Valor dos benefícios emitidos no mês de dezembro";"Carajás";"Parauapebas";"Total";"2019";14854106,5
"Social";"Previdência Social";"Valor dos benefícios emitidos no mês de dezembro";"Carajás";"Parauapebas";"Total";"2020";15710561,7
"Social";"Previdência Social";"Valor dos benefícios emitidos no mês de dezembro";"Carajás";"Parauapebas";"Total";"2021";16602179,13
"Social";"Previdência Social";"Valor dos benefícios emitidos no mês de dezembro";"Carajás";"Parauapebas";"Total";"2022";19688937,08
"Social";"Previdência Social";"Valor dos benefícios emitidos no mês de dezembro";"Carajás";"Parauapebas";"Total";"2023";23343334,77
"Social";"Previdência Social";"Valor dos benefícios emitidos no mês de dezembro";"Carajás";"Parauapebas";"Total";"2024";26791366,15
"Social";"Previdência Social";"Valor dos benefícios emitidos no mês de dezembro";"Araguaia";"Pau D'Arco";"Total";"2016";531281,849999963
"Social";"Previdência Social";"Valor dos benefícios emitidos no mês de dezembro";"Araguaia";"Pau D'Arco";"Total";"2018";466401,160000057
"Social";"Previdência Social";"Valor dos benefícios emitidos no mês de dezembro";"Araguaia";"Pau D'Arco";"Total";"2019";498715,65
"Social";"Previdência Social";"Valor dos benefícios emitidos no mês de dezembro";"Araguaia";"Pau D'Arco";"Total";"2020";520907,58
"Social";"Previdência Social";"Valor dos benefícios emitidos no mês de dezembro";"Araguaia";"Pau D'Arco";"Total";"2021";516391,75
"Social";"Previdência Social";"Valor dos benefícios emitidos no mês de dezembro";"Araguaia";"Pau D'Arco";"Total";"2022";566698,41
"Social";"Previdência Social";"Valor dos benefícios emitidos no mês de dezembro";"Araguaia";"Pau D'Arco";"Total";"2023";620792,57
"Social";"Previdência Social";"Valor dos benefícios emitidos no mês de dezembro";"Araguaia";"Pau D'Arco";"Total";"2024";669930,92
"Social";"Previdência Social";"Valor dos benefícios emitidos no mês de dezembro";"Rio Caeté";"Peixe-Boi";"Total";"2016";252190,650000024
"Social";"Previdência Social";"Valor dos benefícios emitidos no mês de dezembro";"Rio Caeté";"Peixe-Boi";"Total";"2018";257809,00999998
"Social";"Previdência Social";"Valor dos benefícios emitidos no mês de dezembro";"Rio Caeté";"Peixe-Boi";"Total";"2019";83162,3
"Social";"Previdência Social";"Valor dos benefícios emitidos no mês de dezembro";"Rio Caeté";"Peixe-Boi";"Total";"2020";124145,71
"Social";"Previdência Social";"Valor dos benefícios emitidos no mês de dezembro";"Rio Caeté";"Peixe-Boi";"Total";"2021";153929,29
"Social";"Previdência Social";"Valor dos benefícios emitidos no mês de dezembro";"Rio Caeté";"Peixe-Boi";"Total";"2022";185380,26
"Social";"Previdência Social";"Valor dos benefícios emitidos no mês de dezembro";"Rio Caeté";"Peixe-Boi";"Total";"2023";261099,11
"Social";"Previdência Social";"Valor dos benefícios emitidos no mês de dezembro";"Rio Caeté";"Peixe-Boi";"Total";"2024";359309,76
"Social";"Previdência Social";"Valor dos benefícios emitidos no mês de dezembro";"Carajás";"Piçarra";"Total";"2016";321255,599999959
"Social";"Previdência Social";"Valor dos benefícios emitidos no mês de dezembro";"Carajás";"Piçarra";"Total";"2018";343963,290000033
"Social";"Previdência Social";"Valor dos benefícios emitidos no mês de dezembro";"Carajás";"Piçarra";"Total";"2019";394233,97
"Social";"Previdência Social";"Valor dos benefícios emitidos no mês de dezembro";"Carajás";"Piçarra";"Total";"2020";665691,57
"Social";"Previdência Social";"Valor dos benefícios emitidos no mês de dezembro";"Carajás";"Piçarra";"Total";"2021";659733,79
"Social";"Previdência Social";"Valor dos benefícios emitidos no mês de dezembro";"Carajás";"Piçarra";"Total";"2022";733128,68
"Social";"Previdência Social";"Valor dos benefícios emitidos no mês de dezembro";"Carajás";"Piçarra";"Total";"2023";844698,12
"Social";"Previdência Social";"Valor dos benefícios emitidos no mês de dezembro";"Carajás";"Piçarra";"Total";"2024";949170,34
"Social";"Previdência Social";"Valor dos benefícios emitidos no mês de dezembro";"Xingu";"Placas";"Total";"2016";586077,099999959
"Social";"Previdência Social";"Valor dos benefícios emitidos no mês de dezembro";"Xingu";"Placas";"Total";"2018";684518,309999783
"Social";"Previdência Social";"Valor dos benefícios emitidos no mês de dezembro";"Xingu";"Placas";"Total";"2019";788969,5
"Social";"Previdência Social";"Valor dos benefícios emitidos no mês de dezembro";"Xingu";"Placas";"Total";"2020";957103,15
"Social";"Previdência Social";"Valor dos benefícios emitidos no mês de dezembro";"Xingu";"Placas";"Total";"2021";1068676,63
"Social";"Previdência Social";"Valor dos benefícios emitidos no mês de dezembro";"Xingu";"Placas";"Total";"2022";1272776,2
"Social";"Previdência Social";"Valor dos benefícios emitidos no mês de dezembro";"Xingu";"Placas";"Total";"2023";1547857,97
"Social";"Previdência Social";"Valor dos benefícios emitidos no mês de dezembro";"Xingu";"Placas";"Total";"2024";1843375,21
"Social";"Previdência Social";"Valor dos benefícios emitidos no mês de dezembro";"Marajó";"Ponta de Pedras";"Total";"2016";1137597,84999996
"Social";"Previdência Social";"Valor dos benefícios emitidos no mês de dezembro";"Marajó";"Ponta de Pedras";"Total";"2018";1143605,4699999
"Social";"Previdência Social";"Valor dos benefícios emitidos no mês de dezembro";"Marajó";"Ponta de Pedras";"Total";"2019";1353123,01
"Social";"Previdência Social";"Valor dos benefícios emitidos no mês de dezembro";"Marajó";"Ponta de Pedras";"Total";"2020";1591134,45
"Social";"Previdência Social";"Valor dos benefícios emitidos no mês de dezembro";"Marajó";"Ponta de Pedras";"Total";"2021";1644596,72
"Social";"Previdência Social";"Valor dos benefícios emitidos no mês de dezembro";"Marajó";"Ponta de Pedras";"Total";"2022";1975050,04
"Social";"Previdência Social";"Valor dos benefícios emitidos no mês de dezembro";"Marajó";"Ponta de Pedras";"Total";"2023";2242321,16
"Social";"Previdência Social";"Valor dos benefícios emitidos no mês de dezembro";"Marajó";"Ponta de Pedras";"Total";"2024";2520798,39
"Social";"Previdência Social";"Valor dos benefícios emitidos no mês de dezembro";"Marajó";"Portel";"Total";"2016";3139200,94000036
"Social";"Previdência Social";"Valor dos benefícios emitidos no mês de dezembro";"Marajó";"Portel";"Total";"2018";2162154,13999981
"Social";"Previdência Social";"Valor dos benefícios emitidos no mês de dezembro";"Marajó";"Portel";"Total";"2019";2372000,73
"Social";"Previdência Social";"Valor dos benefícios emitidos no mês de dezembro";"Marajó";"Portel";"Total";"2020";2603333,33
"Social";"Previdência Social";"Valor dos benefícios emitidos no mês de dezembro";"Marajó";"Portel";"Total";"2021";2515687,08
"Social";"Previdência Social";"Valor dos benefícios emitidos no mês de dezembro";"Marajó";"Portel";"Total";"2022";2838176,22
"Social";"Previdência Social";"Valor dos benefícios emitidos no mês de dezembro";"Marajó";"Portel";"Total";"2023";3298714,07
"Social";"Previdência Social";"Valor dos benefícios emitidos no mês de dezembro";"Marajó";"Portel";"Total";"2024";3673727,78
"Social";"Previdência Social";"Valor dos benefícios emitidos no mês de dezembro";"Xingu";"Porto de Moz";"Total";"2016";1946490,80999962
"Social";"Previdência Social";"Valor dos benefícios emitidos no mês de dezembro";"Xingu";"Porto de Moz";"Total";"2018";1226369,71999985
"Social";"Previdência Social";"Valor dos benefícios emitidos no mês de dezembro";"Xingu";"Porto de Moz";"Total";"2019";1431187,89
"Social";"Previdência Social";"Valor dos benefícios emitidos no mês de dezembro";"Xingu";"Porto de Moz";"Total";"2020";1554088,62
"Social";"Previdência Social";"Valor dos benefícios emitidos no mês de dezembro";"Xingu";"Porto de Moz";"Total";"2021";1628468,71
"Social";"Previdência Social";"Valor dos benefícios emitidos no mês de dezembro";"Xingu";"Porto de Moz";"Total";"2022";1962011,29
"Social";"Previdência Social";"Valor dos benefícios emitidos no mês de dezembro";"Xingu";"Porto de Moz";"Total";"2023";2346031,15
"Social";"Previdência Social";"Valor dos benefícios emitidos no mês de dezembro";"Xingu";"Porto de Moz";"Total";"2024";2764153,7
"Social";"Previdência Social";"Valor dos benefícios emitidos no mês de dezembro";"Baixo Amazonas";"Prainha";"Total";"2016";1866056,98999971
"Social";"Previdência Social";"Valor dos benefícios emitidos no mês de dezembro";"Baixo Amazonas";"Prainha";"Total";"2018";1726403,31000015
"Social";"Previdência Social";"Valor dos benefícios emitidos no mês de dezembro";"Baixo Amazonas";"Prainha";"Total";"2019";1942730,8
"Social";"Previdência Social";"Valor dos benefícios emitidos no mês de dezembro";"Baixo Amazonas";"Prainha";"Total";"2020";2123710,52
"Social";"Previdência Social";"Valor dos benefícios emitidos no mês de dezembro";"Baixo Amazonas";"Prainha";"Total";"2021";2214152,99
"Social";"Previdência Social";"Valor dos benefícios emitidos no mês de dezembro";"Baixo Amazonas";"Prainha";"Total";"2022";2541072,41
"Social";"Previdência Social";"Valor dos benefícios emitidos no mês de dezembro";"Baixo Amazonas";"Prainha";"Total";"2023";2919499,14
"Social";"Previdência Social";"Valor dos benefícios emitidos no mês de dezembro";"Baixo Amazonas";"Prainha";"Total";"2024";3169001,53
"Social";"Previdência Social";"Valor dos benefícios emitidos no mês de dezembro";"Rio Caeté";"Primavera";"Total";"2016";746915,640000088
"Social";"Previdência Social";"Valor dos benefícios emitidos no mês de dezembro";"Rio Caeté";"Primavera";"Total";"2018";693506,959999872
"Social";"Previdência Social";"Valor dos benefícios emitidos no mês de dezembro";"Rio Caeté";"Primavera";"Total";"2019";745030,79
"Social";"Previdência Social";"Valor dos benefícios emitidos no mês de dezembro";"Rio Caeté";"Primavera";"Total";"2020";797699,97
"Social";"Previdência Social";"Valor dos benefícios emitidos no mês de dezembro";"Rio Caeté";"Primavera";"Total";"2021";758125,29
"Social";"Previdência Social";"Valor dos benefícios emitidos no mês de dezembro";"Rio Caeté";"Primavera";"Total";"2022";851533,64
"Social";"Previdência Social";"Valor dos benefícios emitidos no mês de dezembro";"Rio Caeté";"Primavera";"Total";"2023";953567,31
"Social";"Previdência Social";"Valor dos benefícios emitidos no mês de dezembro";"Rio Caeté";"Primavera";"Total";"2024";1068428,94
"Social";"Previdência Social";"Valor dos benefícios emitidos no mês de dezembro";"Rio Caeté";"Quatipuru";"Total";"2016";626959,879999985
"Social";"Previdência Social";"Valor dos benefícios emitidos no mês de dezembro";"Rio Caeté";"Quatipuru";"Total";"2018";526130,580000075
"Social";"Previdência Social";"Valor dos benefícios emitidos no mês de dezembro";"Rio Caeté";"Quatipuru";"Total";"2019";544390,18
"Social";"Previdência Social";"Valor dos benefícios emitidos no mês de dezembro";"Rio Caeté";"Quatipuru";"Total";"2020";562749,65
"Social";"Previdência Social";"Valor dos benefícios emitidos no mês de dezembro";"Rio Caeté";"Quatipuru";"Total";"2021";519005,6
"Social";"Previdência Social";"Valor dos benefícios emitidos no mês de dezembro";"Rio Caeté";"Quatipuru";"Total";"2022";574206,48
"Social";"Previdência Social";"Valor dos benefícios emitidos no mês de dezembro";"Rio Caeté";"Quatipuru";"Total";"2023";633122,87
"Social";"Previdência Social";"Valor dos benefícios emitidos no mês de dezembro";"Rio Caeté";"Quatipuru";"Total";"2024";674219,26
"Social";"Previdência Social";"Valor dos benefícios emitidos no mês de dezembro";"Araguaia";"Redenção";"Total";"2016";10296909,0199991
"Social";"Previdência Social";"Valor dos benefícios emitidos no mês de dezembro";"Araguaia";"Redenção";"Total";"2018";8260449,61999871
"Social";"Previdência Social";"Valor dos benefícios emitidos no mês de dezembro";"Araguaia";"Redenção";"Total";"2019";8809300,42
"Social";"Previdência Social";"Valor dos benefícios emitidos no mês de dezembro";"Araguaia";"Redenção";"Total";"2020";9256714,32
"Social";"Previdência Social";"Valor dos benefícios emitidos no mês de dezembro";"Araguaia";"Redenção";"Total";"2021";9942964,52
"Social";"Previdência Social";"Valor dos benefícios emitidos no mês de dezembro";"Araguaia";"Redenção";"Total";"2022";11690392,51
"Social";"Previdência Social";"Valor dos benefícios emitidos no mês de dezembro";"Araguaia";"Redenção";"Total";"2023";13293689,57
"Social";"Previdência Social";"Valor dos benefícios emitidos no mês de dezembro";"Araguaia";"Redenção";"Total";"2024";14697811,97
"Social";"Previdência Social";"Valor dos benefícios emitidos no mês de dezembro";"Araguaia";"Rio Maria";"Total";"2016";2683450,21999955
"Social";"Previdência Social";"Valor dos benefícios emitidos no mês de dezembro";"Araguaia";"Rio Maria";"Total";"2018";2451898,55999999
"Social";"Previdência Social";"Valor dos benefícios emitidos no mês de dezembro";"Araguaia";"Rio Maria";"Total";"2019";2598826,56
"Social";"Previdência Social";"Valor dos benefícios emitidos no mês de dezembro";"Araguaia";"Rio Maria";"Total";"2020";2754802,61
"Social";"Previdência Social";"Valor dos benefícios emitidos no mês de dezembro";"Araguaia";"Rio Maria";"Total";"2021";2780092,83
"Social";"Previdência Social";"Valor dos benefícios emitidos no mês de dezembro";"Araguaia";"Rio Maria";"Total";"2022";3208820,77
"Social";"Previdência Social";"Valor dos benefícios emitidos no mês de dezembro";"Araguaia";"Rio Maria";"Total";"2023";3549238,17
"Social";"Previdência Social";"Valor dos benefícios emitidos no mês de dezembro";"Araguaia";"Rio Maria";"Total";"2024";3843273,12
"Social";"Previdência Social";"Valor dos benefícios emitidos no mês de dezembro";"Rio Capim";"Rondon do Pará";"Total";"2016";4401320,7
"Social";"Previdência Social";"Valor dos benefícios emitidos no mês de dezembro";"Rio Capim";"Rondon do Pará";"Total";"2018";3930422,9899998
"Social";"Previdência Social";"Valor dos benefícios emitidos no mês de dezembro";"Rio Capim";"Rondon do Pará";"Total";"2019";4263636,15
"Social";"Previdência Social";"Valor dos benefícios emitidos no mês de dezembro";"Rio Capim";"Rondon do Pará";"Total";"2020";4534576,15
"Social";"Previdência Social";"Valor dos benefícios emitidos no mês de dezembro";"Rio Capim";"Rondon do Pará";"Total";"2021";4593478,49
"Social";"Previdência Social";"Valor dos benefícios emitidos no mês de dezembro";"Rio Capim";"Rondon do Pará";"Total";"2022";5374535,39
"Social";"Previdência Social";"Valor dos benefícios emitidos no mês de dezembro";"Rio Capim";"Rondon do Pará";"Total";"2023";6158258,99
"Social";"Previdência Social";"Valor dos benefícios emitidos no mês de dezembro";"Rio Capim";"Rondon do Pará";"Total";"2024";6702846,9
"Social";"Previdência Social";"Valor dos benefícios emitidos no mês de dezembro";"Tapajós";"Rurópolis";"Total";"2016";3225466,78000017
"Social";"Previdência Social";"Valor dos benefícios emitidos no mês de dezembro";"Tapajós";"Rurópolis";"Total";"2018";2982173,34999922
"Social";"Previdência Social";"Valor dos benefícios emitidos no mês de dezembro";"Tapajós";"Rurópolis";"Total";"2019";3112388,74
"Social";"Previdência Social";"Valor dos benefícios emitidos no mês de dezembro";"Tapajós";"Rurópolis";"Total";"2020";3241553,51
"Social";"Previdência Social";"Valor dos benefícios emitidos no mês de dezembro";"Tapajós";"Rurópolis";"Total";"2021";3302464,24
"Social";"Previdência Social";"Valor dos benefícios emitidos no mês de dezembro";"Tapajós";"Rurópolis";"Total";"2022";3610227,78
"Social";"Previdência Social";"Valor dos benefícios emitidos no mês de dezembro";"Tapajós";"Rurópolis";"Total";"2023";4037886,68
"Social";"Previdência Social";"Valor dos benefícios emitidos no mês de dezembro";"Tapajós";"Rurópolis";"Total";"2024";4409096,73
"Social";"Previdência Social";"Valor dos benefícios emitidos no mês de dezembro";"Rio Caeté";"Salinópolis";"Total";"2016";4431628,97999973
"Social";"Previdência Social";"Valor dos benefícios emitidos no mês de dezembro";"Rio Caeté";"Salinópolis";"Total";"2018";3800029,48999949
"Social";"Previdência Social";"Valor dos benefícios emitidos no mês de dezembro";"Rio Caeté";"Salinópolis";"Total";"2019";4345255,27
"Social";"Previdência Social";"Valor dos benefícios emitidos no mês de dezembro";"Rio Caeté";"Salinópolis";"Total";"2020";4566292,18
"Social";"Previdência Social";"Valor dos benefícios emitidos no mês de dezembro";"Rio Caeté";"Salinópolis";"Total";"2021";4554873,76
"Social";"Previdência Social";"Valor dos benefícios emitidos no mês de dezembro";"Rio Caeté";"Salinópolis";"Total";"2022";5122189,23
"Social";"Previdência Social";"Valor dos benefícios emitidos no mês de dezembro";"Rio Caeté";"Salinópolis";"Total";"2023";5723971,83
"Social";"Previdência Social";"Valor dos benefícios emitidos no mês de dezembro";"Rio Caeté";"Salinópolis";"Total";"2024";6360809,04
"Social";"Previdência Social";"Valor dos benefícios emitidos no mês de dezembro";"Marajó";"Salvaterra";"Total";"2016";1275577,21999987
"Social";"Previdência Social";"Valor dos benefícios emitidos no mês de dezembro";"Marajó";"Salvaterra";"Total";"2018";1106088,09000014
"Social";"Previdência Social";"Valor dos benefícios emitidos no mês de dezembro";"Marajó";"Salvaterra";"Total";"2019";1268608,65
"Social";"Previdência Social";"Valor dos benefícios emitidos no mês de dezembro";"Marajó";"Salvaterra";"Total";"2020";1405961,94
"Social";"Previdência Social";"Valor dos benefícios emitidos no mês de dezembro";"Marajó";"Salvaterra";"Total";"2021";481398,52
"Social";"Previdência Social";"Valor dos benefícios emitidos no mês de dezembro";"Marajó";"Salvaterra";"Total";"2022";610683,87
"Social";"Previdência Social";"Valor dos benefícios emitidos no mês de dezembro";"Marajó";"Salvaterra";"Total";"2023";771829,03
"Social";"Previdência Social";"Valor dos benefícios emitidos no mês de dezembro";"Marajó";"Salvaterra";"Total";"2024";871831,56
"Social";"Previdência Social";"Valor dos benefícios emitidos no mês de dezembro";"Guajará";"Santa Bárbara do Pará";"Total";"2016";993204,859999963
"Social";"Previdência Social";"Valor dos benefícios emitidos no mês de dezembro";"Guajará";"Santa Bárbara do Pará";"Total";"2018";646065,190000081
"Social";"Previdência Social";"Valor dos benefícios emitidos no mês de dezembro";"Guajará";"Santa Bárbara do Pará";"Total";"2019";673784,81
"Social";"Previdência Social";"Valor dos benefícios emitidos no mês de dezembro";"Guajará";"Santa Bárbara do Pará";"Total";"2020";708304,15
"Social";"Previdência Social";"Valor dos benefícios emitidos no mês de dezembro";"Guajará";"Santa Bárbara do Pará";"Total";"2021";663919,89
"Social";"Previdência Social";"Valor dos benefícios emitidos no mês de dezembro";"Guajará";"Santa Bárbara do Pará";"Total";"2022";708163,77
"Social";"Previdência Social";"Valor dos benefícios emitidos no mês de dezembro";"Guajará";"Santa Bárbara do Pará";"Total";"2023";783864,31
"Social";"Previdência Social";"Valor dos benefícios emitidos no mês de dezembro";"Guajará";"Santa Bárbara do Pará";"Total";"2024";924351,3
"Social";"Previdência Social";"Valor dos benefícios emitidos no mês de dezembro";"Marajó";"Santa Cruz do Arari";"Total";"2016";325051,170000006
"Social";"Previdência Social";"Valor dos benefícios emitidos no mês de dezembro";"Marajó";"Santa Cruz do Arari";"Total";"2018";305308,510000118
"Social";"Previdência Social";"Valor dos benefícios emitidos no mês de dezembro";"Marajó";"Santa Cruz do Arari";"Total";"2019";330009,94
"Social";"Previdência Social";"Valor dos benefícios emitidos no mês de dezembro";"Marajó";"Santa Cruz do Arari";"Total";"2020";350758,28
"Social";"Previdência Social";"Valor dos benefícios emitidos no mês de dezembro";"Marajó";"Santa Cruz do Arari";"Total";"2021";311513,08
"Social";"Previdência Social";"Valor dos benefícios emitidos no mês de dezembro";"Marajó";"Santa Cruz do Arari";"Total";"2022";360774,55
"Social";"Previdência Social";"Valor dos benefícios emitidos no mês de dezembro";"Marajó";"Santa Cruz do Arari";"Total";"2023";396354,33
"Social";"Previdência Social";"Valor dos benefícios emitidos no mês de dezembro";"Marajó";"Santa Cruz do Arari";"Total";"2024";351597
"Social";"Previdência Social";"Valor dos benefícios emitidos no mês de dezembro";"Guamá";"Santa Izabel do Pará";"Total";"2016";7455398,06999864
"Social";"Previdência Social";"Valor dos benefícios emitidos no mês de dezembro";"Guamá";"Santa Izabel do Pará";"Total";"2018";6183846,36000118
"Social";"Previdência Social";"Valor dos benefícios emitidos no mês de dezembro";"Guamá";"Santa Izabel do Pará";"Total";"2019";6849992,97
"Social";"Previdência Social";"Valor dos benefícios emitidos no mês de dezembro";"Guamá";"Santa Izabel do Pará";"Total";"2020";7319219,35
"Social";"Previdência Social";"Valor dos benefícios emitidos no mês de dezembro";"Guamá";"Santa Izabel do Pará";"Total";"2021";7379776,22
"Social";"Previdência Social";"Valor dos benefícios emitidos no mês de dezembro";"Guamá";"Santa Izabel do Pará";"Total";"2022";8200294,85
"Social";"Previdência Social";"Valor dos benefícios emitidos no mês de dezembro";"Guamá";"Santa Izabel do Pará";"Total";"2023";9109424,57
"Social";"Previdência Social";"Valor dos benefícios emitidos no mês de dezembro";"Guamá";"Santa Izabel do Pará";"Total";"2024";9811805,88
"Social";"Previdência Social";"Valor dos benefícios emitidos no mês de dezembro";"Rio Caeté";"Santa Luzia do Pará";"Total";"2016";1128469,29000008
"Social";"Previdência Social";"Valor dos benefícios emitidos no mês de dezembro";"Rio Caeté";"Santa Luzia do Pará";"Total";"2018";1013941,57999969
"Social";"Previdência Social";"Valor dos benefícios emitidos no mês de dezembro";"Rio Caeté";"Santa Luzia do Pará";"Total";"2019";1127145,6
"Social";"Previdência Social";"Valor dos benefícios emitidos no mês de dezembro";"Rio Caeté";"Santa Luzia do Pará";"Total";"2020";1198287,93
"Social";"Previdência Social";"Valor dos benefícios emitidos no mês de dezembro";"Rio Caeté";"Santa Luzia do Pará";"Total";"2021";1179896,04
"Social";"Previdência Social";"Valor dos benefícios emitidos no mês de dezembro";"Rio Caeté";"Santa Luzia do Pará";"Total";"2022";1392817,19
"Social";"Previdência Social";"Valor dos benefícios emitidos no mês de dezembro";"Rio Caeté";"Santa Luzia do Pará";"Total";"2023";1522991,63
"Social";"Previdência Social";"Valor dos benefícios emitidos no mês de dezembro";"Rio Caeté";"Santa Luzia do Pará";"Total";"2024";1657424,93
"Social";"Previdência Social";"Valor dos benefícios emitidos no mês de dezembro";"Araguaia";"Santa Maria das Barreiras";"Total";"2016";601618,929999983
"Social";"Previdência Social";"Valor dos benefícios emitidos no mês de dezembro";"Araguaia";"Santa Maria das Barreiras";"Total";"2018";537831,820000178
"Social";"Previdência Social";"Valor dos benefícios emitidos no mês de dezembro";"Araguaia";"Santa Maria das Barreiras";"Total";"2019";535314,28
"Social";"Previdência Social";"Valor dos benefícios emitidos no mês de dezembro";"Araguaia";"Santa Maria das Barreiras";"Total";"2020";519631,4
"Social";"Previdência Social";"Valor dos benefícios emitidos no mês de dezembro";"Araguaia";"Santa Maria das Barreiras";"Total";"2021";455676,44
"Social";"Previdência Social";"Valor dos benefícios emitidos no mês de dezembro";"Araguaia";"Santa Maria das Barreiras";"Total";"2022";441514,64
"Social";"Previdência Social";"Valor dos benefícios emitidos no mês de dezembro";"Araguaia";"Santa Maria das Barreiras";"Total";"2023";428437,05
"Social";"Previdência Social";"Valor dos benefícios emitidos no mês de dezembro";"Araguaia";"Santa Maria das Barreiras";"Total";"2024";419658,33
"Social";"Previdência Social";"Valor dos benefícios emitidos no mês de dezembro";"Guamá";"Santa Maria do Pará";"Total";"2016";2311869,84000014
"Social";"Previdência Social";"Valor dos benefícios emitidos no mês de dezembro";"Guamá";"Santa Maria do Pará";"Total";"2018";1905406,24999991
"Social";"Previdência Social";"Valor dos benefícios emitidos no mês de dezembro";"Guamá";"Santa Maria do Pará";"Total";"2019";2091888,12
"Social";"Previdência Social";"Valor dos benefícios emitidos no mês de dezembro";"Guamá";"Santa Maria do Pará";"Total";"2020";2261241,07
"Social";"Previdência Social";"Valor dos benefícios emitidos no mês de dezembro";"Guamá";"Santa Maria do Pará";"Total";"2021";2294639,59
"Social";"Previdência Social";"Valor dos benefícios emitidos no mês de dezembro";"Guamá";"Santa Maria do Pará";"Total";"2022";2604085,03
"Social";"Previdência Social";"Valor dos benefícios emitidos no mês de dezembro";"Guamá";"Santa Maria do Pará";"Total";"2023";2858766,17
"Social";"Previdência Social";"Valor dos benefícios emitidos no mês de dezembro";"Guamá";"Santa Maria do Pará";"Total";"2024";3195606,37
"Social";"Previdência Social";"Valor dos benefícios emitidos no mês de dezembro";"Araguaia";"Santana do Araguaia";"Total";"2016";2494146,11999949
"Social";"Previdência Social";"Valor dos benefícios emitidos no mês de dezembro";"Araguaia";"Santana do Araguaia";"Total";"2018";1875662,61999985
"Social";"Previdência Social";"Valor dos benefícios emitidos no mês de dezembro";"Araguaia";"Santana do Araguaia";"Total";"2019";2025498,15
"Social";"Previdência Social";"Valor dos benefícios emitidos no mês de dezembro";"Araguaia";"Santana do Araguaia";"Total";"2020";2170545,26
"Social";"Previdência Social";"Valor dos benefícios emitidos no mês de dezembro";"Araguaia";"Santana do Araguaia";"Total";"2021";2158735,9
"Social";"Previdência Social";"Valor dos benefícios emitidos no mês de dezembro";"Araguaia";"Santana do Araguaia";"Total";"2022";2497148,39
"Social";"Previdência Social";"Valor dos benefícios emitidos no mês de dezembro";"Araguaia";"Santana do Araguaia";"Total";"2023";2861998,51
"Social";"Previdência Social";"Valor dos benefícios emitidos no mês de dezembro";"Araguaia";"Santana do Araguaia";"Total";"2024";3192599,68
"Social";"Previdência Social";"Valor dos benefícios emitidos no mês de dezembro";"Baixo Amazonas";"Santarém";"Total";"2016";39736405,3499973
"Social";"Previdência Social";"Valor dos benefícios emitidos no mês de dezembro";"Baixo Amazonas";"Santarém";"Total";"2018";33594568,5899987
"Social";"Previdência Social";"Valor dos benefícios emitidos no mês de dezembro";"Baixo Amazonas";"Santarém";"Total";"2019";37144594,45
"Social";"Previdência Social";"Valor dos benefícios emitidos no mês de dezembro";"Baixo Amazonas";"Santarém";"Total";"2020";38844995,07
"Social";"Previdência Social";"Valor dos benefícios emitidos no mês de dezembro";"Baixo Amazonas";"Santarém";"Total";"2021";40679642,7
"Social";"Previdência Social";"Valor dos benefícios emitidos no mês de dezembro";"Baixo Amazonas";"Santarém";"Total";"2022";46258234,66
"Social";"Previdência Social";"Valor dos benefícios emitidos no mês de dezembro";"Baixo Amazonas";"Santarém";"Total";"2023";52461658,17
"Social";"Previdência Social";"Valor dos benefícios emitidos no mês de dezembro";"Baixo Amazonas";"Santarém";"Total";"2024";58494905,16
"Social";"Previdência Social";"Valor dos benefícios emitidos no mês de dezembro";"Rio Caeté";"Santarém Novo";"Total";"2016";220855,639999989
"Social";"Previdência Social";"Valor dos benefícios emitidos no mês de dezembro";"Rio Caeté";"Santarém Novo";"Total";"2018";216342,999999959
"Social";"Previdência Social";"Valor dos benefícios emitidos no mês de dezembro";"Rio Caeté";"Santarém Novo";"Total";"2019";87019,2
"Social";"Previdência Social";"Valor dos benefícios emitidos no mês de dezembro";"Rio Caeté";"Santarém Novo";"Total";"2020";97680,22
"Social";"Previdência Social";"Valor dos benefícios emitidos no mês de dezembro";"Rio Caeté";"Santarém Novo";"Total";"2021";124604,97
"Social";"Previdência Social";"Valor dos benefícios emitidos no mês de dezembro";"Rio Caeté";"Santarém Novo";"Total";"2022";164974,93
"Social";"Previdência Social";"Valor dos benefícios emitidos no mês de dezembro";"Rio Caeté";"Santarém Novo";"Total";"2023";209108,9
"Social";"Previdência Social";"Valor dos benefícios emitidos no mês de dezembro";"Rio Caeté";"Santarém Novo";"Total";"2024";231721,59
"Social";"Previdência Social";"Valor dos benefícios emitidos no mês de dezembro";"Guamá";"Santo Antônio do Tauá";"Total";"2016";2457713,78000002
"Social";"Previdência Social";"Valor dos benefícios emitidos no mês de dezembro";"Guamá";"Santo Antônio do Tauá";"Total";"2018";1801599,23000045
"Social";"Previdência Social";"Valor dos benefícios emitidos no mês de dezembro";"Guamá";"Santo Antônio do Tauá";"Total";"2019";1823191,47
"Social";"Previdência Social";"Valor dos benefícios emitidos no mês de dezembro";"Guamá";"Santo Antônio do Tauá";"Total";"2020";1908437,87
"Social";"Previdência Social";"Valor dos benefícios emitidos no mês de dezembro";"Guamá";"Santo Antônio do Tauá";"Total";"2021";1872472,09
"Social";"Previdência Social";"Valor dos benefícios emitidos no mês de dezembro";"Guamá";"Santo Antônio do Tauá";"Total";"2022";2041659,48
"Social";"Previdência Social";"Valor dos benefícios emitidos no mês de dezembro";"Guamá";"Santo Antônio do Tauá";"Total";"2023";2276926,03
"Social";"Previdência Social";"Valor dos benefícios emitidos no mês de dezembro";"Guamá";"Santo Antônio do Tauá";"Total";"2024";2463745,65
"Social";"Previdência Social";"Valor dos benefícios emitidos no mês de dezembro";"Guamá";"São Caetano de Odivelas";"Total";"2016";953977,349999841
"Social";"Previdência Social";"Valor dos benefícios emitidos no mês de dezembro";"Guamá";"São Caetano de Odivelas";"Total";"2018";916025,489999836
"Social";"Previdência Social";"Valor dos benefícios emitidos no mês de dezembro";"Guamá";"São Caetano de Odivelas";"Total";"2019";957843,35
"Social";"Previdência Social";"Valor dos benefícios emitidos no mês de dezembro";"Guamá";"São Caetano de Odivelas";"Total";"2020";1018382,43
"Social";"Previdência Social";"Valor dos benefícios emitidos no mês de dezembro";"Guamá";"São Caetano de Odivelas";"Total";"2021";963352,05
"Social";"Previdência Social";"Valor dos benefícios emitidos no mês de dezembro";"Guamá";"São Caetano de Odivelas";"Total";"2022";1031026,01
"Social";"Previdência Social";"Valor dos benefícios emitidos no mês de dezembro";"Guamá";"São Caetano de Odivelas";"Total";"2023";1174674,22
"Social";"Previdência Social";"Valor dos benefícios emitidos no mês de dezembro";"Guamá";"São Caetano de Odivelas";"Total";"2024";1280842,06
"Social";"Previdência Social";"Valor dos benefícios emitidos no mês de dezembro";"Carajás";"São Domingos do Araguaia";"Total";"2016";3711125,80000097
"Social";"Previdência Social";"Valor dos benefícios emitidos no mês de dezembro";"Carajás";"São Domingos do Araguaia";"Total";"2018";2927082,45999994
"Social";"Previdência Social";"Valor dos benefícios emitidos no mês de dezembro";"Carajás";"São Domingos do Araguaia";"Total";"2019";2998189,84
"Social";"Previdência Social";"Valor dos benefícios emitidos no mês de dezembro";"Carajás";"São Domingos do Araguaia";"Total";"2020";3160117,39
"Social";"Previdência Social";"Valor dos benefícios emitidos no mês de dezembro";"Carajás";"São Domingos do Araguaia";"Total";"2021";3175723,76
"Social";"Previdência Social";"Valor dos benefícios emitidos no mês de dezembro";"Carajás";"São Domingos do Araguaia";"Total";"2022";3492888,24
"Social";"Previdência Social";"Valor dos benefícios emitidos no mês de dezembro";"Carajás";"São Domingos do Araguaia";"Total";"2023";3891059,81
"Social";"Previdência Social";"Valor dos benefícios emitidos no mês de dezembro";"Carajás";"São Domingos do Araguaia";"Total";"2024";4096545,84
"Social";"Previdência Social";"Valor dos benefícios emitidos no mês de dezembro";"Guamá";"São Domingos do Capim";"Total";"2016";3028088,73000016
"Social";"Previdência Social";"Valor dos benefícios emitidos no mês de dezembro";"Guamá";"São Domingos do Capim";"Total";"2018";2520426,18999981
"Social";"Previdência Social";"Valor dos benefícios emitidos no mês de dezembro";"Guamá";"São Domingos do Capim";"Total";"2019";2647248,49
"Social";"Previdência Social";"Valor dos benefícios emitidos no mês de dezembro";"Guamá";"São Domingos do Capim";"Total";"2020";2766770,03
"Social";"Previdência Social";"Valor dos benefícios emitidos no mês de dezembro";"Guamá";"São Domingos do Capim";"Total";"2021";2720739,24
"Social";"Previdência Social";"Valor dos benefícios emitidos no mês de dezembro";"Guamá";"São Domingos do Capim";"Total";"2022";3036084,31
"Social";"Previdência Social";"Valor dos benefícios emitidos no mês de dezembro";"Guamá";"São Domingos do Capim";"Total";"2023";3319818,17
"Social";"Previdência Social";"Valor dos benefícios emitidos no mês de dezembro";"Guamá";"São Domingos do Capim";"Total";"2024";3570621,35
"Social";"Previdência Social";"Valor dos benefícios emitidos no mês de dezembro";"Araguaia";"São Félix do Xingu";"Total";"2016";3490147,22000066
"Social";"Previdência Social";"Valor dos benefícios emitidos no mês de dezembro";"Araguaia";"São Félix do Xingu";"Total";"2018";3002456,19999989
"Social";"Previdência Social";"Valor dos benefícios emitidos no mês de dezembro";"Araguaia";"São Félix do Xingu";"Total";"2019";3222338,76
"Social";"Previdência Social";"Valor dos benefícios emitidos no mês de dezembro";"Araguaia";"São Félix do Xingu";"Total";"2020";3419864,72
"Social";"Previdência Social";"Valor dos benefícios emitidos no mês de dezembro";"Araguaia";"São Félix do Xingu";"Total";"2021";3419791,11
"Social";"Previdência Social";"Valor dos benefícios emitidos no mês de dezembro";"Araguaia";"São Félix do Xingu";"Total";"2022";3951219,49
"Social";"Previdência Social";"Valor dos benefícios emitidos no mês de dezembro";"Araguaia";"São Félix do Xingu";"Total";"2023";4666060,13
"Social";"Previdência Social";"Valor dos benefícios emitidos no mês de dezembro";"Araguaia";"São Félix do Xingu";"Total";"2024";5148827,31
"Social";"Previdência Social";"Valor dos benefícios emitidos no mês de dezembro";"Guamá";"São Francisco do Pará";"Total";"2016";1978709,35000039
"Social";"Previdência Social";"Valor dos benefícios emitidos no mês de dezembro";"Guamá";"São Francisco do Pará";"Total";"2018";1305359,66000046
"Social";"Previdência Social";"Valor dos benefícios emitidos no mês de dezembro";"Guamá";"São Francisco do Pará";"Total";"2019";1404052,72
"Social";"Previdência Social";"Valor dos benefícios emitidos no mês de dezembro";"Guamá";"São Francisco do Pará";"Total";"2020";1447785,1
"Social";"Previdência Social";"Valor dos benefícios emitidos no mês de dezembro";"Guamá";"São Francisco do Pará";"Total";"2021";1430689,8
"Social";"Previdência Social";"Valor dos benefícios emitidos no mês de dezembro";"Guamá";"São Francisco do Pará";"Total";"2022";1581328,26
"Social";"Previdência Social";"Valor dos benefícios emitidos no mês de dezembro";"Guamá";"São Francisco do Pará";"Total";"2023";1773592,82
"Social";"Previdência Social";"Valor dos benefícios emitidos no mês de dezembro";"Guamá";"São Francisco do Pará";"Total";"2024";1918753,22
"Social";"Previdência Social";"Valor dos benefícios emitidos no mês de dezembro";"Carajás";"São Geraldo do Araguaia";"Total";"2016";3471811,31999951
"Social";"Previdência Social";"Valor dos benefícios emitidos no mês de dezembro";"Carajás";"São Geraldo do Araguaia";"Total";"2018";2944851,6400001
"Social";"Previdência Social";"Valor dos benefícios emitidos no mês de dezembro";"Carajás";"São Geraldo do Araguaia";"Total";"2019";3132059,71
"Social";"Previdência Social";"Valor dos benefícios emitidos no mês de dezembro";"Carajás";"São Geraldo do Araguaia";"Total";"2020";3080336,39
"Social";"Previdência Social";"Valor dos benefícios emitidos no mês de dezembro";"Carajás";"São Geraldo do Araguaia";"Total";"2021";3182393,25
"Social";"Previdência Social";"Valor dos benefícios emitidos no mês de dezembro";"Carajás";"São Geraldo do Araguaia";"Total";"2022";3698400,77
"Social";"Previdência Social";"Valor dos benefícios emitidos no mês de dezembro";"Carajás";"São Geraldo do Araguaia";"Total";"2023";4370488,9
"Social";"Previdência Social";"Valor dos benefícios emitidos no mês de dezembro";"Carajás";"São Geraldo do Araguaia";"Total";"2024";4915098,19
"Social";"Previdência Social";"Valor dos benefícios emitidos no mês de dezembro";"Guamá";"São João da Ponta";"Total";"2016";161297,009999978
"Social";"Previdência Social";"Valor dos benefícios emitidos no mês de dezembro";"Guamá";"São João da Ponta";"Total";"2018";161284,67000001
"Social";"Previdência Social";"Valor dos benefícios emitidos no mês de dezembro";"Guamá";"São João da Ponta";"Total";"2019";199916,12
"Social";"Previdência Social";"Valor dos benefícios emitidos no mês de dezembro";"Guamá";"São João da Ponta";"Total";"2020";238039,73
"Social";"Previdência Social";"Valor dos benefícios emitidos no mês de dezembro";"Guamá";"São João da Ponta";"Total";"2021";220608,38
"Social";"Previdência Social";"Valor dos benefícios emitidos no mês de dezembro";"Guamá";"São João da Ponta";"Total";"2022";260916,4
"Social";"Previdência Social";"Valor dos benefícios emitidos no mês de dezembro";"Guamá";"São João da Ponta";"Total";"2023";310303,26
"Social";"Previdência Social";"Valor dos benefícios emitidos no mês de dezembro";"Guamá";"São João da Ponta";"Total";"2024";334160,26
"Social";"Previdência Social";"Valor dos benefícios emitidos no mês de dezembro";"Rio Caeté";"São João de Pirabas";"Total";"2016";818994,010000217
"Social";"Previdência Social";"Valor dos benefícios emitidos no mês de dezembro";"Rio Caeté";"São João de Pirabas";"Total";"2018";643446,170000061
"Social";"Previdência Social";"Valor dos benefícios emitidos no mês de dezembro";"Rio Caeté";"São João de Pirabas";"Total";"2019";680648,26
"Social";"Previdência Social";"Valor dos benefícios emitidos no mês de dezembro";"Rio Caeté";"São João de Pirabas";"Total";"2020";695822,47
"Social";"Previdência Social";"Valor dos benefícios emitidos no mês de dezembro";"Rio Caeté";"São João de Pirabas";"Total";"2021";707851,49
"Social";"Previdência Social";"Valor dos benefícios emitidos no mês de dezembro";"Rio Caeté";"São João de Pirabas";"Total";"2022";818769,98
"Social";"Previdência Social";"Valor dos benefícios emitidos no mês de dezembro";"Rio Caeté";"São João de Pirabas";"Total";"2023";873900,35
"Social";"Previdência Social";"Valor dos benefícios emitidos no mês de dezembro";"Rio Caeté";"São João de Pirabas";"Total";"2024";973158,79
"Social";"Previdência Social";"Valor dos benefícios emitidos no mês de dezembro";"Carajás";"São João do Araguaia";"Total";"2016";508034,480000057
"Social";"Previdência Social";"Valor dos benefícios emitidos no mês de dezembro";"Carajás";"São João do Araguaia";"Total";"2018";451352,120000167
"Social";"Previdência Social";"Valor dos benefícios emitidos no mês de dezembro";"Carajás";"São João do Araguaia";"Total";"2019";488048,08
"Social";"Previdência Social";"Valor dos benefícios emitidos no mês de dezembro";"Carajás";"São João do Araguaia";"Total";"2020";498783,66
"Social";"Previdência Social";"Valor dos benefícios emitidos no mês de dezembro";"Carajás";"São João do Araguaia";"Total";"2021";488665,04
"Social";"Previdência Social";"Valor dos benefícios emitidos no mês de dezembro";"Carajás";"São João do Araguaia";"Total";"2022";589364,33
"Social";"Previdência Social";"Valor dos benefícios emitidos no mês de dezembro";"Carajás";"São João do Araguaia";"Total";"2023";672524,49
"Social";"Previdência Social";"Valor dos benefícios emitidos no mês de dezembro";"Carajás";"São João do Araguaia";"Total";"2024";242904,35
"Social";"Previdência Social";"Valor dos benefícios emitidos no mês de dezembro";"Guamá";"São Miguel do Guamá";"Total";"2016";4824475,21999943
"Social";"Previdência Social";"Valor dos benefícios emitidos no mês de dezembro";"Guamá";"São Miguel do Guamá";"Total";"2018";5045995,38000082
"Social";"Previdência Social";"Valor dos benefícios emitidos no mês de dezembro";"Guamá";"São Miguel do Guamá";"Total";"2019";5581263,88
"Social";"Previdência Social";"Valor dos benefícios emitidos no mês de dezembro";"Guamá";"São Miguel do Guamá";"Total";"2020";6003683,05
"Social";"Previdência Social";"Valor dos benefícios emitidos no mês de dezembro";"Guamá";"São Miguel do Guamá";"Total";"2021";6120916,91
"Social";"Previdência Social";"Valor dos benefícios emitidos no mês de dezembro";"Guamá";"São Miguel do Guamá";"Total";"2022";7182381,78
"Social";"Previdência Social";"Valor dos benefícios emitidos no mês de dezembro";"Guamá";"São Miguel do Guamá";"Total";"2023";8150665,62
"Social";"Previdência Social";"Valor dos benefícios emitidos no mês de dezembro";"Guamá";"São Miguel do Guamá";"Total";"2024";9074140,43
"Social";"Previdência Social";"Valor dos benefícios emitidos no mês de dezembro";"Marajó";"São Sebastião da Boa Vista";"Total";"2016";1232216,15999996
"Social";"Previdência Social";"Valor dos benefícios emitidos no mês de dezembro";"Marajó";"São Sebastião da Boa Vista";"Total";"2018";1249762,55999969
"Social";"Previdência Social";"Valor dos benefícios emitidos no mês de dezembro";"Marajó";"São Sebastião da Boa Vista";"Total";"2019";1438173,77
"Social";"Previdência Social";"Valor dos benefícios emitidos no mês de dezembro";"Marajó";"São Sebastião da Boa Vista";"Total";"2020";1593741,49
"Social";"Previdência Social";"Valor dos benefícios emitidos no mês de dezembro";"Marajó";"São Sebastião da Boa Vista";"Total";"2021";1551800,29
"Social";"Previdência Social";"Valor dos benefícios emitidos no mês de dezembro";"Marajó";"São Sebastião da Boa Vista";"Total";"2022";1833361,47
"Social";"Previdência Social";"Valor dos benefícios emitidos no mês de dezembro";"Marajó";"São Sebastião da Boa Vista";"Total";"2023";2139171,33
"Social";"Previdência Social";"Valor dos benefícios emitidos no mês de dezembro";"Marajó";"São Sebastião da Boa Vista";"Total";"2024";790822,19
"Social";"Previdência Social";"Valor dos benefícios emitidos no mês de dezembro";"Araguaia";"Sapucaia";"Total";"2016";268394,090000059
"Social";"Previdência Social";"Valor dos benefícios emitidos no mês de dezembro";"Araguaia";"Sapucaia";"Total";"2018";217177,299999982
"Social";"Previdência Social";"Valor dos benefícios emitidos no mês de dezembro";"Araguaia";"Sapucaia";"Total";"2019";219734,46
"Social";"Previdência Social";"Valor dos benefícios emitidos no mês de dezembro";"Araguaia";"Sapucaia";"Total";"2020";256128,22
"Social";"Previdência Social";"Valor dos benefícios emitidos no mês de dezembro";"Araguaia";"Sapucaia";"Total";"2021";274561,74
"Social";"Previdência Social";"Valor dos benefícios emitidos no mês de dezembro";"Araguaia";"Sapucaia";"Total";"2022";324228,26
"Social";"Previdência Social";"Valor dos benefícios emitidos no mês de dezembro";"Araguaia";"Sapucaia";"Total";"2023";358458,67
"Social";"Previdência Social";"Valor dos benefícios emitidos no mês de dezembro";"Araguaia";"Sapucaia";"Total";"2024";385555,57
"Social";"Previdência Social";"Valor dos benefícios emitidos no mês de dezembro";"Xingu";"Senador José Porfírio";"Total";"2016";551667,22999995
"Social";"Previdência Social";"Valor dos benefícios emitidos no mês de dezembro";"Xingu";"Senador José Porfírio";"Total";"2018";545404,770000072
"Social";"Previdência Social";"Valor dos benefícios emitidos no mês de dezembro";"Xingu";"Senador José Porfírio";"Total";"2019";649106,4
"Social";"Previdência Social";"Valor dos benefícios emitidos no mês de dezembro";"Xingu";"Senador José Porfírio";"Total";"2020";708248,8
"Social";"Previdência Social";"Valor dos benefícios emitidos no mês de dezembro";"Xingu";"Senador José Porfírio";"Total";"2021";692085,33
"Social";"Previdência Social";"Valor dos benefícios emitidos no mês de dezembro";"Xingu";"Senador José Porfírio";"Total";"2022";800608,8
"Social";"Previdência Social";"Valor dos benefícios emitidos no mês de dezembro";"Xingu";"Senador José Porfírio";"Total";"2023";960016,14
"Social";"Previdência Social";"Valor dos benefícios emitidos no mês de dezembro";"Xingu";"Senador José Porfírio";"Total";"2024";1139393,28
"Social";"Previdência Social";"Valor dos benefícios emitidos no mês de dezembro";"Marajó";"Soure";"Total";"2016";2927654,2200001
"Social";"Previdência Social";"Valor dos benefícios emitidos no mês de dezembro";"Marajó";"Soure";"Total";"2018";2346727,22999975
"Social";"Previdência Social";"Valor dos benefícios emitidos no mês de dezembro";"Marajó";"Soure";"Total";"2019";2605410,29
"Social";"Previdência Social";"Valor dos benefícios emitidos no mês de dezembro";"Marajó";"Soure";"Total";"2020";2908124,18
"Social";"Previdência Social";"Valor dos benefícios emitidos no mês de dezembro";"Marajó";"Soure";"Total";"2021";2134614,67
"Social";"Previdência Social";"Valor dos benefícios emitidos no mês de dezembro";"Marajó";"Soure";"Total";"2022";2518281,4
"Social";"Previdência Social";"Valor dos benefícios emitidos no mês de dezembro";"Marajó";"Soure";"Total";"2023";2943288,84
"Social";"Previdência Social";"Valor dos benefícios emitidos no mês de dezembro";"Marajó";"Soure";"Total";"2024";3266174,14
"Social";"Previdência Social";"Valor dos benefícios emitidos no mês de dezembro";"Tocantins";"Tailândia";"Total";"2016";3833612,50999979
"Social";"Previdência Social";"Valor dos benefícios emitidos no mês de dezembro";"Tocantins";"Tailândia";"Total";"2018";3327647,59999937
"Social";"Previdência Social";"Valor dos benefícios emitidos no mês de dezembro";"Tocantins";"Tailândia";"Total";"2019";3761885,99
"Social";"Previdência Social";"Valor dos benefícios emitidos no mês de dezembro";"Tocantins";"Tailândia";"Total";"2020";4058935,34
"Social";"Previdência Social";"Valor dos benefícios emitidos no mês de dezembro";"Tocantins";"Tailândia";"Total";"2021";4279518,72
"Social";"Previdência Social";"Valor dos benefícios emitidos no mês de dezembro";"Tocantins";"Tailândia";"Total";"2022";5153406,09
"Social";"Previdência Social";"Valor dos benefícios emitidos no mês de dezembro";"Tocantins";"Tailândia";"Total";"2023";5979223,52
"Social";"Previdência Social";"Valor dos benefícios emitidos no mês de dezembro";"Tocantins";"Tailândia";"Total";"2024";6898330,26
"Social";"Previdência Social";"Valor dos benefícios emitidos no mês de dezembro";"Guamá";"Terra Alta";"Total";"2016";1135725,92999982
"Social";"Previdência Social";"Valor dos benefícios emitidos no mês de dezembro";"Guamá";"Terra Alta";"Total";"2018";758641,819999976
"Social";"Previdência Social";"Valor dos benefícios emitidos no mês de dezembro";"Guamá";"Terra Alta";"Total";"2019";802725,96
"Social";"Previdência Social";"Valor dos benefícios emitidos no mês de dezembro";"Guamá";"Terra Alta";"Total";"2020";825880,36
"Social";"Previdência Social";"Valor dos benefícios emitidos no mês de dezembro";"Guamá";"Terra Alta";"Total";"2021";744362,11
"Social";"Previdência Social";"Valor dos benefícios emitidos no mês de dezembro";"Guamá";"Terra Alta";"Total";"2022";786835,45
"Social";"Previdência Social";"Valor dos benefícios emitidos no mês de dezembro";"Guamá";"Terra Alta";"Total";"2023";834217,54
"Social";"Previdência Social";"Valor dos benefícios emitidos no mês de dezembro";"Guamá";"Terra Alta";"Total";"2024";883476,16
"Social";"Previdência Social";"Valor dos benefícios emitidos no mês de dezembro";"Baixo Amazonas";"Terra Santa";"Total";"2016";1274432,43000008
"Social";"Previdência Social";"Valor dos benefícios emitidos no mês de dezembro";"Baixo Amazonas";"Terra Santa";"Total";"2018";1188625,22000018
"Social";"Previdência Social";"Valor dos benefícios emitidos no mês de dezembro";"Baixo Amazonas";"Terra Santa";"Total";"2019";1314824,74
"Social";"Previdência Social";"Valor dos benefícios emitidos no mês de dezembro";"Baixo Amazonas";"Terra Santa";"Total";"2020";1492187,11
"Social";"Previdência Social";"Valor dos benefícios emitidos no mês de dezembro";"Baixo Amazonas";"Terra Santa";"Total";"2021";1515724,78
"Social";"Previdência Social";"Valor dos benefícios emitidos no mês de dezembro";"Baixo Amazonas";"Terra Santa";"Total";"2022";1651086,83
"Social";"Previdência Social";"Valor dos benefícios emitidos no mês de dezembro";"Baixo Amazonas";"Terra Santa";"Total";"2023";1817595,33
"Social";"Previdência Social";"Valor dos benefícios emitidos no mês de dezembro";"Baixo Amazonas";"Terra Santa";"Total";"2024";1935799,66
"Social";"Previdência Social";"Valor dos benefícios emitidos no mês de dezembro";"Rio Capim";"Tomé-Açu";"Total";"2016";5378364,98000005
"Social";"Previdência Social";"Valor dos benefícios emitidos no mês de dezembro";"Rio Capim";"Tomé-Açu";"Total";"2018";4603602,59000053
"Social";"Previdência Social";"Valor dos benefícios emitidos no mês de dezembro";"Rio Capim";"Tomé-Açu";"Total";"2019";5081441,89
"Social";"Previdência Social";"Valor dos benefícios emitidos no mês de dezembro";"Rio Capim";"Tomé-Açu";"Total";"2020";5501252,58
"Social";"Previdência Social";"Valor dos benefícios emitidos no mês de dezembro";"Rio Capim";"Tomé-Açu";"Total";"2021";5586213,73
"Social";"Previdência Social";"Valor dos benefícios emitidos no mês de dezembro";"Rio Capim";"Tomé-Açu";"Total";"2022";6449776,13
"Social";"Previdência Social";"Valor dos benefícios emitidos no mês de dezembro";"Rio Capim";"Tomé-Açu";"Total";"2023";7251864
"Social";"Previdência Social";"Valor dos benefícios emitidos no mês de dezembro";"Rio Capim";"Tomé-Açu";"Total";"2024";8061922,66
"Social";"Previdência Social";"Valor dos benefícios emitidos no mês de dezembro";"Rio Caeté";"Tracuateua";"Total";"2016";3082746,63000011
"Social";"Previdência Social";"Valor dos benefícios emitidos no mês de dezembro";"Rio Caeté";"Tracuateua";"Total";"2018";2340388,98000051
"Social";"Previdência Social";"Valor dos benefícios emitidos no mês de dezembro";"Rio Caeté";"Tracuateua";"Total";"2019";2407390,73
"Social";"Previdência Social";"Valor dos benefícios emitidos no mês de dezembro";"Rio Caeté";"Tracuateua";"Total";"2020";2531060,59
"Social";"Previdência Social";"Valor dos benefícios emitidos no mês de dezembro";"Rio Caeté";"Tracuateua";"Total";"2021";2371394,69
"Social";"Previdência Social";"Valor dos benefícios emitidos no mês de dezembro";"Rio Caeté";"Tracuateua";"Total";"2022";1990325,73
"Social";"Previdência Social";"Valor dos benefícios emitidos no mês de dezembro";"Rio Caeté";"Tracuateua";"Total";"2023";2015469,7
"Social";"Previdência Social";"Valor dos benefícios emitidos no mês de dezembro";"Rio Caeté";"Tracuateua";"Total";"2024";2124612,24
"Social";"Previdência Social";"Valor dos benefícios emitidos no mês de dezembro";"Tapajós";"Trairão";"Total";"2016";1011640,24999994
"Social";"Previdência Social";"Valor dos benefícios emitidos no mês de dezembro";"Tapajós";"Trairão";"Total";"2018";978443,64000035
"Social";"Previdência Social";"Valor dos benefícios emitidos no mês de dezembro";"Tapajós";"Trairão";"Total";"2019";1043930,37
"Social";"Previdência Social";"Valor dos benefícios emitidos no mês de dezembro";"Tapajós";"Trairão";"Total";"2020";1087054,41
"Social";"Previdência Social";"Valor dos benefícios emitidos no mês de dezembro";"Tapajós";"Trairão";"Total";"2021";1093283,81
"Social";"Previdência Social";"Valor dos benefícios emitidos no mês de dezembro";"Tapajós";"Trairão";"Total";"2022";1282124,08
"Social";"Previdência Social";"Valor dos benefícios emitidos no mês de dezembro";"Tapajós";"Trairão";"Total";"2023";1398516,06
"Social";"Previdência Social";"Valor dos benefícios emitidos no mês de dezembro";"Tapajós";"Trairão";"Total";"2024";1587143,55
"Social";"Previdência Social";"Valor dos benefícios emitidos no mês de dezembro";"Araguaia";"Tucumã";"Total";"2016";3841299,66000016
"Social";"Previdência Social";"Valor dos benefícios emitidos no mês de dezembro";"Araguaia";"Tucumã";"Total";"2018";3398405,60000015
"Social";"Previdência Social";"Valor dos benefícios emitidos no mês de dezembro";"Araguaia";"Tucumã";"Total";"2019";3605900,43
"Social";"Previdência Social";"Valor dos benefícios emitidos no mês de dezembro";"Araguaia";"Tucumã";"Total";"2020";3806374,83
"Social";"Previdência Social";"Valor dos benefícios emitidos no mês de dezembro";"Araguaia";"Tucumã";"Total";"2021";3912009,7
"Social";"Previdência Social";"Valor dos benefícios emitidos no mês de dezembro";"Araguaia";"Tucumã";"Total";"2022";4493239,53
"Social";"Previdência Social";"Valor dos benefícios emitidos no mês de dezembro";"Araguaia";"Tucumã";"Total";"2023";5033871,84
"Social";"Previdência Social";"Valor dos benefícios emitidos no mês de dezembro";"Araguaia";"Tucumã";"Total";"2024";5611621,66
"Social";"Previdência Social";"Valor dos benefícios emitidos no mês de dezembro";"Lago de Tucuruí";"Tucuruí";"Total";"2016";12857933,0299989
"Social";"Previdência Social";"Valor dos benefícios emitidos no mês de dezembro";"Lago de Tucuruí";"Tucuruí";"Total";"2018";11677578,1900006
"Social";"Previdência Social";"Valor dos benefícios emitidos no mês de dezembro";"Lago de Tucuruí";"Tucuruí";"Total";"2019";12408018,64
"Social";"Previdência Social";"Valor dos benefícios emitidos no mês de dezembro";"Lago de Tucuruí";"Tucuruí";"Total";"2020";12981774,91
"Social";"Previdência Social";"Valor dos benefícios emitidos no mês de dezembro";"Lago de Tucuruí";"Tucuruí";"Total";"2021";13361327,29
"Social";"Previdência Social";"Valor dos benefícios emitidos no mês de dezembro";"Lago de Tucuruí";"Tucuruí";"Total";"2022";15139631,5
"Social";"Previdência Social";"Valor dos benefícios emitidos no mês de dezembro";"Lago de Tucuruí";"Tucuruí";"Total";"2023";17018908,01
"Social";"Previdência Social";"Valor dos benefícios emitidos no mês de dezembro";"Lago de Tucuruí";"Tucuruí";"Total";"2024";18476729,06
"Social";"Previdência Social";"Valor dos benefícios emitidos no mês de dezembro";"Rio Capim";"Ulianópolis";"Total";"2016";1117200,25999992
"Social";"Previdência Social";"Valor dos benefícios emitidos no mês de dezembro";"Rio Capim";"Ulianópolis";"Total";"2018";878999,660000176
"Social";"Previdência Social";"Valor dos benefícios emitidos no mês de dezembro";"Rio Capim";"Ulianópolis";"Total";"2019";983459,03
"Social";"Previdência Social";"Valor dos benefícios emitidos no mês de dezembro";"Rio Capim";"Ulianópolis";"Total";"2020";1038570,3
"Social";"Previdência Social";"Valor dos benefícios emitidos no mês de dezembro";"Rio Capim";"Ulianópolis";"Total";"2021";1116678,44
"Social";"Previdência Social";"Valor dos benefícios emitidos no mês de dezembro";"Rio Capim";"Ulianópolis";"Total";"2022";1366923,04
"Social";"Previdência Social";"Valor dos benefícios emitidos no mês de dezembro";"Rio Capim";"Ulianópolis";"Total";"2023";1678016,27
"Social";"Previdência Social";"Valor dos benefícios emitidos no mês de dezembro";"Rio Capim";"Ulianópolis";"Total";"2024";1965798,51
"Social";"Previdência Social";"Valor dos benefícios emitidos no mês de dezembro";"Xingu";"Uruará";"Total";"2016";3815364,1500002
"Social";"Previdência Social";"Valor dos benefícios emitidos no mês de dezembro";"Xingu";"Uruará";"Total";"2018";3524471,81000058
"Social";"Previdência Social";"Valor dos benefícios emitidos no mês de dezembro";"Xingu";"Uruará";"Total";"2019";3785894,36
"Social";"Previdência Social";"Valor dos benefícios emitidos no mês de dezembro";"Xingu";"Uruará";"Total";"2020";4105709,51
"Social";"Previdência Social";"Valor dos benefícios emitidos no mês de dezembro";"Xingu";"Uruará";"Total";"2021";4281358,88
"Social";"Previdência Social";"Valor dos benefícios emitidos no mês de dezembro";"Xingu";"Uruará";"Total";"2022";4968218,69
"Social";"Previdência Social";"Valor dos benefícios emitidos no mês de dezembro";"Xingu";"Uruará";"Total";"2023";5801837,58
"Social";"Previdência Social";"Valor dos benefícios emitidos no mês de dezembro";"Xingu";"Uruará";"Total";"2024";6687978,71
"Social";"Previdência Social";"Valor dos benefícios emitidos no mês de dezembro";"Guamá";"Vigia";"Total";"2016";6223924,88000074
"Social";"Previdência Social";"Valor dos benefícios emitidos no mês de dezembro";"Guamá";"Vigia";"Total";"2018";4892982,52999939
"Social";"Previdência Social";"Valor dos benefícios emitidos no mês de dezembro";"Guamá";"Vigia";"Total";"2019";5132962,87
"Social";"Previdência Social";"Valor dos benefícios emitidos no mês de dezembro";"Guamá";"Vigia";"Total";"2020";5413767,14
"Social";"Previdência Social";"Valor dos benefícios emitidos no mês de dezembro";"Guamá";"Vigia";"Total";"2021";5363070,59
"Social";"Previdência Social";"Valor dos benefícios emitidos no mês de dezembro";"Guamá";"Vigia";"Total";"2022";6034095,74
"Social";"Previdência Social";"Valor dos benefícios emitidos no mês de dezembro";"Guamá";"Vigia";"Total";"2023";6731530,63
"Social";"Previdência Social";"Valor dos benefícios emitidos no mês de dezembro";"Guamá";"Vigia";"Total";"2024";7233656,91
"Social";"Previdência Social";"Valor dos benefícios emitidos no mês de dezembro";"Rio Caeté";"Viseu";"Total";"2016";4928039,92000124
"Social";"Previdência Social";"Valor dos benefícios emitidos no mês de dezembro";"Rio Caeté";"Viseu";"Total";"2018";4414960,77999955
"Social";"Previdência Social";"Valor dos benefícios emitidos no mês de dezembro";"Rio Caeté";"Viseu";"Total";"2019";4522053,88
"Social";"Previdência Social";"Valor dos benefícios emitidos no mês de dezembro";"Rio Caeté";"Viseu";"Total";"2020";4692416,89
"Social";"Previdência Social";"Valor dos benefícios emitidos no mês de dezembro";"Rio Caeté";"Viseu";"Total";"2021";3686521,43
"Social";"Previdência Social";"Valor dos benefícios emitidos no mês de dezembro";"Rio Caeté";"Viseu";"Total";"2022";4117708,98
"Social";"Previdência Social";"Valor dos benefícios emitidos no mês de dezembro";"Rio Caeté";"Viseu";"Total";"2023";4548172,75
"Social";"Previdência Social";"Valor dos benefícios emitidos no mês de dezembro";"Rio Caeté";"Viseu";"Total";"2024";4864733,74
"Social";"Previdência Social";"Valor dos benefícios emitidos no mês de dezembro";"Xingu";"Vitória do Xingu";"Total";"2016";570050,909999888
"Social";"Previdência Social";"Valor dos benefícios emitidos no mês de dezembro";"Xingu";"Vitória do Xingu";"Total";"2018";535834,45999985
"Social";"Previdência Social";"Valor dos benefícios emitidos no mês de dezembro";"Xingu";"Vitória do Xingu";"Total";"2019";612442,9
"Social";"Previdência Social";"Valor dos benefícios emitidos no mês de dezembro";"Xingu";"Vitória do Xingu";"Total";"2020";657344,16
"Social";"Previdência Social";"Valor dos benefícios emitidos no mês de dezembro";"Xingu";"Vitória do Xingu";"Total";"2021";646174,45
"Social";"Previdência Social";"Valor dos benefícios emitidos no mês de dezembro";"Xingu";"Vitória do Xingu";"Total";"2022";715431,31
"Social";"Previdência Social";"Valor dos benefícios emitidos no mês de dezembro";"Xingu";"Vitória do Xingu";"Total";"2023";818548,59
"Social";"Previdência Social";"Valor dos benefícios emitidos no mês de dezembro";"Xingu";"Vitória do Xingu";"Total";"2024";951742,4
"Social";"Previdência Social";"Valor dos benefícios emitidos no mês de dezembro";"Araguaia";"Xinguara";"Total";"2016";6052913,31999976
"Social";"Previdência Social";"Valor dos benefícios emitidos no mês de dezembro";"Araguaia";"Xinguara";"Total";"2018";5389945,58999986
"Social";"Previdência Social";"Valor dos benefícios emitidos no mês de dezembro";"Araguaia";"Xinguara";"Total";"2019";5633001,52
"Social";"Previdência Social";"Valor dos benefícios emitidos no mês de dezembro";"Araguaia";"Xinguara";"Total";"2020";5864973,79
"Social";"Previdência Social";"Valor dos benefícios emitidos no mês de dezembro";"Araguaia";"Xinguara";"Total";"2021";6076032,38
"Social";"Previdência Social";"Valor dos benefícios emitidos no mês de dezembro";"Araguaia";"Xinguara";"Total";"2022";7070643,41
"Social";"Previdência Social";"Valor dos benefícios emitidos no mês de dezembro";"Araguaia";"Xinguara";"Total";"2023";8089610,64
"Social";"Previdência Social";"Valor dos benefícios emitidos no mês de dezembro";"Araguaia";"Xinguara";"Total";"2024";9033485,72
"Social";"Previdência Social";"Valor dos benefícios emitidos no mês de dezembro";"Pará";"Pará";"Urbano";"2016";480236350,009983
"Social";"Previdência Social";"Valor dos benefícios emitidos no mês de dezembro";"Pará";"Pará";"Urbano";"2018";335002161,280027
"Social";"Previdência Social";"Valor dos benefícios emitidos no mês de dezembro";"Pará";"Pará";"Urbano";"2019";364824177,01
"Social";"Previdência Social";"Valor dos benefícios emitidos no mês de dezembro";"Pará";"Pará";"Urbano";"2020";385060705,37
"Social";"Previdência Social";"Valor dos benefícios emitidos no mês de dezembro";"Pará";"Pará";"Urbano";"2021";401913865,5
"Social";"Previdência Social";"Valor dos benefícios emitidos no mês de dezembro";"Pará";"Pará";"Urbano";"2022";452305941,69
"Social";"Previdência Social";"Valor dos benefícios emitidos no mês de dezembro";"Pará";"Pará";"Urbano";"2023";501354196,15
"Social";"Previdência Social";"Valor dos benefícios emitidos no mês de dezembro";"Pará";"Pará";"Urbano";"2024";540601464,12
"Social";"Previdência Social";"Valor dos benefícios emitidos no mês de dezembro";"Tocantins";"Abaetetuba";"Urbano";"2016";7288413,2900003
"Social";"Previdência Social";"Valor dos benefícios emitidos no mês de dezembro";"Tocantins";"Abaetetuba";"Urbano";"2018";3781814,92000005
"Social";"Previdência Social";"Valor dos benefícios emitidos no mês de dezembro";"Tocantins";"Abaetetuba";"Urbano";"2019";4172121,13
"Social";"Previdência Social";"Valor dos benefícios emitidos no mês de dezembro";"Tocantins";"Abaetetuba";"Urbano";"2020";4310762,42
"Social";"Previdência Social";"Valor dos benefícios emitidos no mês de dezembro";"Tocantins";"Abaetetuba";"Urbano";"2021";4546508,87
"Social";"Previdência Social";"Valor dos benefícios emitidos no mês de dezembro";"Tocantins";"Abaetetuba";"Urbano";"2022";5079836,55
"Social";"Previdência Social";"Valor dos benefícios emitidos no mês de dezembro";"Tocantins";"Abaetetuba";"Urbano";"2023";5854572,92
"Social";"Previdência Social";"Valor dos benefícios emitidos no mês de dezembro";"Tocantins";"Abaetetuba";"Urbano";"2024";6371010
"Social";"Previdência Social";"Valor dos benefícios emitidos no mês de dezembro";"Rio Capim";"Abel Figueiredo";"Urbano";"2016";166135,140000002
"Social";"Previdência Social";"Valor dos benefícios emitidos no mês de dezembro";"Rio Capim";"Abel Figueiredo";"Urbano";"2018";57522,8700000048
"Social";"Previdência Social";"Valor dos benefícios emitidos no mês de dezembro";"Rio Capim";"Abel Figueiredo";"Urbano";"2019";77021,69
"Social";"Previdência Social";"Valor dos benefícios emitidos no mês de dezembro";"Rio Capim";"Abel Figueiredo";"Urbano";"2020";85473,45
"Social";"Previdência Social";"Valor dos benefícios emitidos no mês de dezembro";"Rio Capim";"Abel Figueiredo";"Urbano";"2021";86484,56
"Social";"Previdência Social";"Valor dos benefícios emitidos no mês de dezembro";"Rio Capim";"Abel Figueiredo";"Urbano";"2022";106202,7
"Social";"Previdência Social";"Valor dos benefícios emitidos no mês de dezembro";"Rio Capim";"Abel Figueiredo";"Urbano";"2023";119656,27
"Social";"Previdência Social";"Valor dos benefícios emitidos no mês de dezembro";"Rio Capim";"Abel Figueiredo";"Urbano";"2024";132184,21
"Social";"Previdência Social";"Valor dos benefícios emitidos no mês de dezembro";"Tocantins";"Acará";"Urbano";"2016";1229288,16000008
"Social";"Previdência Social";"Valor dos benefícios emitidos no mês de dezembro";"Tocantins";"Acará";"Urbano";"2018";382149,480000008
"Social";"Previdência Social";"Valor dos benefícios emitidos no mês de dezembro";"Tocantins";"Acará";"Urbano";"2019";464248,57
"Social";"Previdência Social";"Valor dos benefícios emitidos no mês de dezembro";"Tocantins";"Acará";"Urbano";"2020";503166,38
"Social";"Previdência Social";"Valor dos benefícios emitidos no mês de dezembro";"Tocantins";"Acará";"Urbano";"2021";504083,21
"Social";"Previdência Social";"Valor dos benefícios emitidos no mês de dezembro";"Tocantins";"Acará";"Urbano";"2022";587383,83
"Social";"Previdência Social";"Valor dos benefícios emitidos no mês de dezembro";"Tocantins";"Acará";"Urbano";"2023";690775,43
"Social";"Previdência Social";"Valor dos benefícios emitidos no mês de dezembro";"Tocantins";"Acará";"Urbano";"2024";778627,69
"Social";"Previdência Social";"Valor dos benefícios emitidos no mês de dezembro";"Marajó";"Afuá";"Urbano";"2016";744768,119999997
"Social";"Previdência Social";"Valor dos benefícios emitidos no mês de dezembro";"Marajó";"Afuá";"Urbano";"2018";80394,8299999833
"Social";"Previdência Social";"Valor dos benefícios emitidos no mês de dezembro";"Marajó";"Afuá";"Urbano";"2019";100344,61
"Social";"Previdência Social";"Valor dos benefícios emitidos no mês de dezembro";"Marajó";"Afuá";"Urbano";"2020";119299,96
"Social";"Previdência Social";"Valor dos benefícios emitidos no mês de dezembro";"Marajó";"Afuá";"Urbano";"2021";130355,4
"Social";"Previdência Social";"Valor dos benefícios emitidos no mês de dezembro";"Marajó";"Afuá";"Urbano";"2022";140658,4
"Social";"Previdência Social";"Valor dos benefícios emitidos no mês de dezembro";"Marajó";"Afuá";"Urbano";"2023";150797,45
"Social";"Previdência Social";"Valor dos benefícios emitidos no mês de dezembro";"Marajó";"Afuá";"Urbano";"2024";192122,5
"Social";"Previdência Social";"Valor dos benefícios emitidos no mês de dezembro";"Araguaia";"Água Azul do Norte";"Urbano";"2016";236271,81000001
"Social";"Previdência Social";"Valor dos benefícios emitidos no mês de dezembro";"Araguaia";"Água Azul do Norte";"Urbano";"2018";89908,6499999762
"Social";"Previdência Social";"Valor dos benefícios emitidos no mês de dezembro";"Araguaia";"Água Azul do Norte";"Urbano";"2019";106728,33
"Social";"Previdência Social";"Valor dos benefícios emitidos no mês de dezembro";"Araguaia";"Água Azul do Norte";"Urbano";"2020";118294,86
"Social";"Previdência Social";"Valor dos benefícios emitidos no mês de dezembro";"Araguaia";"Água Azul do Norte";"Urbano";"2021";130055,34
"Social";"Previdência Social";"Valor dos benefícios emitidos no mês de dezembro";"Araguaia";"Água Azul do Norte";"Urbano";"2022";154550,02
"Social";"Previdência Social";"Valor dos benefícios emitidos no mês de dezembro";"Araguaia";"Água Azul do Norte";"Urbano";"2023";165556,27
"Social";"Previdência Social";"Valor dos benefícios emitidos no mês de dezembro";"Araguaia";"Água Azul do Norte";"Urbano";"2024";175144,94
"Social";"Previdência Social";"Valor dos benefícios emitidos no mês de dezembro";"Baixo Amazonas";"Alenquer";"Urbano";"2016";2026084,5600001
"Social";"Previdência Social";"Valor dos benefícios emitidos no mês de dezembro";"Baixo Amazonas";"Alenquer";"Urbano";"2018";934145,999999968
"Social";"Previdência Social";"Valor dos benefícios emitidos no mês de dezembro";"Baixo Amazonas";"Alenquer";"Urbano";"2019";1051237,26
"Social";"Previdência Social";"Valor dos benefícios emitidos no mês de dezembro";"Baixo Amazonas";"Alenquer";"Urbano";"2020";1112603,13
"Social";"Previdência Social";"Valor dos benefícios emitidos no mês de dezembro";"Baixo Amazonas";"Alenquer";"Urbano";"2021";1158961,74
"Social";"Previdência Social";"Valor dos benefícios emitidos no mês de dezembro";"Baixo Amazonas";"Alenquer";"Urbano";"2022";1292997,38
"Social";"Previdência Social";"Valor dos benefícios emitidos no mês de dezembro";"Baixo Amazonas";"Alenquer";"Urbano";"2023";1460885,01
"Social";"Previdência Social";"Valor dos benefícios emitidos no mês de dezembro";"Baixo Amazonas";"Alenquer";"Urbano";"2024";1622418,8
"Social";"Previdência Social";"Valor dos benefícios emitidos no mês de dezembro";"Baixo Amazonas";"Almeirim";"Urbano";"2016";1352636,3400001
"Social";"Previdência Social";"Valor dos benefícios emitidos no mês de dezembro";"Baixo Amazonas";"Almeirim";"Urbano";"2018";784500,069999851
"Social";"Previdência Social";"Valor dos benefícios emitidos no mês de dezembro";"Baixo Amazonas";"Almeirim";"Urbano";"2019";758699,8
"Social";"Previdência Social";"Valor dos benefícios emitidos no mês de dezembro";"Baixo Amazonas";"Almeirim";"Urbano";"2020";849282,04
"Social";"Previdência Social";"Valor dos benefícios emitidos no mês de dezembro";"Baixo Amazonas";"Almeirim";"Urbano";"2021";816004,45
"Social";"Previdência Social";"Valor dos benefícios emitidos no mês de dezembro";"Baixo Amazonas";"Almeirim";"Urbano";"2022";887097,47
"Social";"Previdência Social";"Valor dos benefícios emitidos no mês de dezembro";"Baixo Amazonas";"Almeirim";"Urbano";"2023";954239,12
"Social";"Previdência Social";"Valor dos benefícios emitidos no mês de dezembro";"Baixo Amazonas";"Almeirim";"Urbano";"2024";1067773,29
"Social";"Previdência Social";"Valor dos benefícios emitidos no mês de dezembro";"Xingu";"Altamira";"Urbano";"2016";7700613,75999829
"Social";"Previdência Social";"Valor dos benefícios emitidos no mês de dezembro";"Xingu";"Altamira";"Urbano";"2018";4411224,68000004
"Social";"Previdência Social";"Valor dos benefícios emitidos no mês de dezembro";"Xingu";"Altamira";"Urbano";"2019";4474332,18
"Social";"Previdência Social";"Valor dos benefícios emitidos no mês de dezembro";"Xingu";"Altamira";"Urbano";"2020";4766125,16
"Social";"Previdência Social";"Valor dos benefícios emitidos no mês de dezembro";"Xingu";"Altamira";"Urbano";"2021";5070341,8
"Social";"Previdência Social";"Valor dos benefícios emitidos no mês de dezembro";"Xingu";"Altamira";"Urbano";"2022";5962803,31
"Social";"Previdência Social";"Valor dos benefícios emitidos no mês de dezembro";"Xingu";"Altamira";"Urbano";"2023";6986803
"Social";"Previdência Social";"Valor dos benefícios emitidos no mês de dezembro";"Xingu";"Altamira";"Urbano";"2024";7944775,45
"Social";"Previdência Social";"Valor dos benefícios emitidos no mês de dezembro";"Marajó";"Anajás";"Urbano";"2016";274051,07
"Social";"Previdência Social";"Valor dos benefícios emitidos no mês de dezembro";"Marajó";"Anajás";"Urbano";"2018";22752,2599999998
"Social";"Previdência Social";"Valor dos benefícios emitidos no mês de dezembro";"Marajó";"Anajás";"Urbano";"2019";25754,69
"Social";"Previdência Social";"Valor dos benefícios emitidos no mês de dezembro";"Marajó";"Anajás";"Urbano";"2020";43472,77
"Social";"Previdência Social";"Valor dos benefícios emitidos no mês de dezembro";"Marajó";"Anajás";"Urbano";"2021";52556,25
"Social";"Previdência Social";"Valor dos benefícios emitidos no mês de dezembro";"Marajó";"Anajás";"Urbano";"2022";56258,34
"Social";"Previdência Social";"Valor dos benefícios emitidos no mês de dezembro";"Marajó";"Anajás";"Urbano";"2023";28389,37
"Social";"Previdência Social";"Valor dos benefícios emitidos no mês de dezembro";"Marajó";"Anajás";"Urbano";"2024";25459,83
"Social";"Previdência Social";"Valor dos benefícios emitidos no mês de dezembro";"Guajará";"Ananindeua";"Urbano";"2016";33544703,8300019
"Social";"Previdência Social";"Valor dos benefícios emitidos no mês de dezembro";"Guajará";"Ananindeua";"Urbano";"2018";24201526,970001
"Social";"Previdência Social";"Valor dos benefícios emitidos no mês de dezembro";"Guajará";"Ananindeua";"Urbano";"2019";27316823,01
"Social";"Previdência Social";"Valor dos benefícios emitidos no mês de dezembro";"Guajará";"Ananindeua";"Urbano";"2020";29477959,6
"Social";"Previdência Social";"Valor dos benefícios emitidos no mês de dezembro";"Guajará";"Ananindeua";"Urbano";"2021";31644069,62
"Social";"Previdência Social";"Valor dos benefícios emitidos no mês de dezembro";"Guajará";"Ananindeua";"Urbano";"2022";35885691,93
"Social";"Previdência Social";"Valor dos benefícios emitidos no mês de dezembro";"Guajará";"Ananindeua";"Urbano";"2023";40461558,15
"Social";"Previdência Social";"Valor dos benefícios emitidos no mês de dezembro";"Guajará";"Ananindeua";"Urbano";"2024";43726667,06
"Social";"Previdência Social";"Valor dos benefícios emitidos no mês de dezembro";"Xingu";"Anapu";"Urbano";"2016";435107,500000051
"Social";"Previdência Social";"Valor dos benefícios emitidos no mês de dezembro";"Xingu";"Anapu";"Urbano";"2018";179327,180000003
"Social";"Previdência Social";"Valor dos benefícios emitidos no mês de dezembro";"Xingu";"Anapu";"Urbano";"2019";176468,93
"Social";"Previdência Social";"Valor dos benefícios emitidos no mês de dezembro";"Xingu";"Anapu";"Urbano";"2020";209836,8
"Social";"Previdência Social";"Valor dos benefícios emitidos no mês de dezembro";"Xingu";"Anapu";"Urbano";"2021";221583,18
"Social";"Previdência Social";"Valor dos benefícios emitidos no mês de dezembro";"Xingu";"Anapu";"Urbano";"2022";233241,47
"Social";"Previdência Social";"Valor dos benefícios emitidos no mês de dezembro";"Xingu";"Anapu";"Urbano";"2023";269258,83
"Social";"Previdência Social";"Valor dos benefícios emitidos no mês de dezembro";"Xingu";"Anapu";"Urbano";"2024";304683,15
"Social";"Previdência Social";"Valor dos benefícios emitidos no mês de dezembro";"Rio Caeté";"Augusto Corrêa";"Urbano";"2016";929736,100000054
"Social";"Previdência Social";"Valor dos benefícios emitidos no mês de dezembro";"Rio Caeté";"Augusto Corrêa";"Urbano";"2018";334601,939999952
"Social";"Previdência Social";"Valor dos benefícios emitidos no mês de dezembro";"Rio Caeté";"Augusto Corrêa";"Urbano";"2019";391390,87
"Social";"Previdência Social";"Valor dos benefícios emitidos no mês de dezembro";"Rio Caeté";"Augusto Corrêa";"Urbano";"2020";448727,18
"Social";"Previdência Social";"Valor dos benefícios emitidos no mês de dezembro";"Rio Caeté";"Augusto Corrêa";"Urbano";"2021";439086,59
"Social";"Previdência Social";"Valor dos benefícios emitidos no mês de dezembro";"Rio Caeté";"Augusto Corrêa";"Urbano";"2022";494929,26
"Social";"Previdência Social";"Valor dos benefícios emitidos no mês de dezembro";"Rio Caeté";"Augusto Corrêa";"Urbano";"2023";534317,51
"Social";"Previdência Social";"Valor dos benefícios emitidos no mês de dezembro";"Rio Caeté";"Augusto Corrêa";"Urbano";"2024";579904,09
"Social";"Previdência Social";"Valor dos benefícios emitidos no mês de dezembro";"Rio Capim";"Aurora do Pará";"Urbano";"2016";440153,360000025
"Social";"Previdência Social";"Valor dos benefícios emitidos no mês de dezembro";"Rio Capim";"Aurora do Pará";"Urbano";"2018";153433,259999994
"Social";"Previdência Social";"Valor dos benefícios emitidos no mês de dezembro";"Rio Capim";"Aurora do Pará";"Urbano";"2019";164372,12
"Social";"Previdência Social";"Valor dos benefícios emitidos no mês de dezembro";"Rio Capim";"Aurora do Pará";"Urbano";"2020";177537,62
"Social";"Previdência Social";"Valor dos benefícios emitidos no mês de dezembro";"Rio Capim";"Aurora do Pará";"Urbano";"2021";19677,33
"Social";"Previdência Social";"Valor dos benefícios emitidos no mês de dezembro";"Rio Capim";"Aurora do Pará";"Urbano";"2022";32404,19
"Social";"Previdência Social";"Valor dos benefícios emitidos no mês de dezembro";"Rio Capim";"Aurora do Pará";"Urbano";"2023";63621,64
"Social";"Previdência Social";"Valor dos benefícios emitidos no mês de dezembro";"Rio Capim";"Aurora do Pará";"Urbano";"2024";88005,8
"Social";"Previdência Social";"Valor dos benefícios emitidos no mês de dezembro";"Tapajós";"Aveiro";"Urbano";"2016";71136,2399999984
"Social";"Previdência Social";"Valor dos benefícios emitidos no mês de dezembro";"Tapajós";"Aveiro";"Urbano";"2018";42694,2499999963
"Social";"Previdência Social";"Valor dos benefícios emitidos no mês de dezembro";"Tapajós";"Aveiro";"Urbano";"2019";65926,97
"Social";"Previdência Social";"Valor dos benefícios emitidos no mês de dezembro";"Tapajós";"Aveiro";"Urbano";"2020";72411,63
"Social";"Previdência Social";"Valor dos benefícios emitidos no mês de dezembro";"Tapajós";"Aveiro";"Urbano";"2021";70863,14
"Social";"Previdência Social";"Valor dos benefícios emitidos no mês de dezembro";"Tapajós";"Aveiro";"Urbano";"2022";90520,23
"Social";"Previdência Social";"Valor dos benefícios emitidos no mês de dezembro";"Tapajós";"Aveiro";"Urbano";"2023";114601,46
"Social";"Previdência Social";"Valor dos benefícios emitidos no mês de dezembro";"Tapajós";"Aveiro";"Urbano";"2024";115093,78
"Social";"Previdência Social";"Valor dos benefícios emitidos no mês de dezembro";"Marajó";"Bagre";"Urbano";"2016";166383,81
"Social";"Previdência Social";"Valor dos benefícios emitidos no mês de dezembro";"Marajó";"Bagre";"Urbano";"2018";11671,8900000015
"Social";"Previdência Social";"Valor dos benefícios emitidos no mês de dezembro";"Marajó";"Bagre";"Urbano";"2019";16246,55
"Social";"Previdência Social";"Valor dos benefícios emitidos no mês de dezembro";"Marajó";"Bagre";"Urbano";"2020";22594
"Social";"Previdência Social";"Valor dos benefícios emitidos no mês de dezembro";"Marajó";"Bagre";"Urbano";"2021";27577,66
"Social";"Previdência Social";"Valor dos benefícios emitidos no mês de dezembro";"Marajó";"Bagre";"Urbano";"2022";30250,88
"Social";"Previdência Social";"Valor dos benefícios emitidos no mês de dezembro";"Marajó";"Bagre";"Urbano";"2023";37238,85
"Social";"Previdência Social";"Valor dos benefícios emitidos no mês de dezembro";"Marajó";"Bagre";"Urbano";"2024";41776,19
"Social";"Previdência Social";"Valor dos benefícios emitidos no mês de dezembro";"Tocantins";"Baião";"Urbano";"2016";351238,000000007
"Social";"Previdência Social";"Valor dos benefícios emitidos no mês de dezembro";"Tocantins";"Baião";"Urbano";"2018";50619,719999982
"Social";"Previdência Social";"Valor dos benefícios emitidos no mês de dezembro";"Tocantins";"Baião";"Urbano";"2019";66901,37
"Social";"Previdência Social";"Valor dos benefícios emitidos no mês de dezembro";"Tocantins";"Baião";"Urbano";"2020";80109,05
"Social";"Previdência Social";"Valor dos benefícios emitidos no mês de dezembro";"Tocantins";"Baião";"Urbano";"2021";91416,87
"Social";"Previdência Social";"Valor dos benefícios emitidos no mês de dezembro";"Tocantins";"Baião";"Urbano";"2022";104122,46
"Social";"Previdência Social";"Valor dos benefícios emitidos no mês de dezembro";"Tocantins";"Baião";"Urbano";"2023";126202,23
"Social";"Previdência Social";"Valor dos benefícios emitidos no mês de dezembro";"Tocantins";"Baião";"Urbano";"2024";148418,69
"Social";"Previdência Social";"Valor dos benefícios emitidos no mês de dezembro";"Araguaia";"Bannach";"Urbano";"2016";53599,1799999997
"Social";"Previdência Social";"Valor dos benefícios emitidos no mês de dezembro";"Araguaia";"Bannach";"Urbano";"2018";14196,8599999957
"Social";"Previdência Social";"Valor dos benefícios emitidos no mês de dezembro";"Araguaia";"Bannach";"Urbano";"2019";14026,85
"Social";"Previdência Social";"Valor dos benefícios emitidos no mês de dezembro";"Araguaia";"Bannach";"Urbano";"2020";14484,8
"Social";"Previdência Social";"Valor dos benefícios emitidos no mês de dezembro";"Araguaia";"Bannach";"Urbano";"2021";17716,51
"Social";"Previdência Social";"Valor dos benefícios emitidos no mês de dezembro";"Araguaia";"Bannach";"Urbano";"2022";26455,77
"Social";"Previdência Social";"Valor dos benefícios emitidos no mês de dezembro";"Araguaia";"Bannach";"Urbano";"2023";32680,74
"Social";"Previdência Social";"Valor dos benefícios emitidos no mês de dezembro";"Araguaia";"Bannach";"Urbano";"2024";38611,06
"Social";"Previdência Social";"Valor dos benefícios emitidos no mês de dezembro";"Tocantins";"Barcarena";"Urbano";"2016";6021275,5200007
"Social";"Previdência Social";"Valor dos benefícios emitidos no mês de dezembro";"Tocantins";"Barcarena";"Urbano";"2018";5645468,13000065
"Social";"Previdência Social";"Valor dos benefícios emitidos no mês de dezembro";"Tocantins";"Barcarena";"Urbano";"2019";6309946,34
"Social";"Previdência Social";"Valor dos benefícios emitidos no mês de dezembro";"Tocantins";"Barcarena";"Urbano";"2020";6801943,09
"Social";"Previdência Social";"Valor dos benefícios emitidos no mês de dezembro";"Tocantins";"Barcarena";"Urbano";"2021";6981053
"Social";"Previdência Social";"Valor dos benefícios emitidos no mês de dezembro";"Tocantins";"Barcarena";"Urbano";"2022";7851462,92
"Social";"Previdência Social";"Valor dos benefícios emitidos no mês de dezembro";"Tocantins";"Barcarena";"Urbano";"2023";8808023,92
"Social";"Previdência Social";"Valor dos benefícios emitidos no mês de dezembro";"Tocantins";"Barcarena";"Urbano";"2024";9507472,86
"Social";"Previdência Social";"Valor dos benefícios emitidos no mês de dezembro";"Guajará";"Belém";"Urbano";"2016";212173394,489986
"Social";"Previdência Social";"Valor dos benefícios emitidos no mês de dezembro";"Guajará";"Belém";"Urbano";"2018";180936538,750022
"Social";"Previdência Social";"Valor dos benefícios emitidos no mês de dezembro";"Guajará";"Belém";"Urbano";"2019";193138534,3
"Social";"Previdência Social";"Valor dos benefícios emitidos no mês de dezembro";"Guajará";"Belém";"Urbano";"2020";201940708,73
"Social";"Previdência Social";"Valor dos benefícios emitidos no mês de dezembro";"Guajará";"Belém";"Urbano";"2021";209303901,9
"Social";"Previdência Social";"Valor dos benefícios emitidos no mês de dezembro";"Guajará";"Belém";"Urbano";"2022";231079752,22
"Social";"Previdência Social";"Valor dos benefícios emitidos no mês de dezembro";"Guajará";"Belém";"Urbano";"2023";249658000,78
"Social";"Previdência Social";"Valor dos benefícios emitidos no mês de dezembro";"Guajará";"Belém";"Urbano";"2024";262365890,65
"Social";"Previdência Social";"Valor dos benefícios emitidos no mês de dezembro";"Baixo Amazonas";"Belterra";"Urbano";"2016";233188,029999991
"Social";"Previdência Social";"Valor dos benefícios emitidos no mês de dezembro";"Baixo Amazonas";"Belterra";"Urbano";"2018";117132,520000007
"Social";"Previdência Social";"Valor dos benefícios emitidos no mês de dezembro";"Baixo Amazonas";"Belterra";"Urbano";"2019";145343,31
"Social";"Previdência Social";"Valor dos benefícios emitidos no mês de dezembro";"Baixo Amazonas";"Belterra";"Urbano";"2020";194847,68
"Social";"Previdência Social";"Valor dos benefícios emitidos no mês de dezembro";"Baixo Amazonas";"Belterra";"Urbano";"2021";194810,1
"Social";"Previdência Social";"Valor dos benefícios emitidos no mês de dezembro";"Baixo Amazonas";"Belterra";"Urbano";"2022";251138,01
"Social";"Previdência Social";"Valor dos benefícios emitidos no mês de dezembro";"Baixo Amazonas";"Belterra";"Urbano";"2023";340642,98
"Social";"Previdência Social";"Valor dos benefícios emitidos no mês de dezembro";"Baixo Amazonas";"Belterra";"Urbano";"2024";416414,59
"Social";"Previdência Social";"Valor dos benefícios emitidos no mês de dezembro";"Guajará";"Benevides";"Urbano";"2016";5598588,36999877
"Social";"Previdência Social";"Valor dos benefícios emitidos no mês de dezembro";"Guajará";"Benevides";"Urbano";"2018";4056585,63999864
"Social";"Previdência Social";"Valor dos benefícios emitidos no mês de dezembro";"Guajará";"Benevides";"Urbano";"2019";4027377,73
"Social";"Previdência Social";"Valor dos benefícios emitidos no mês de dezembro";"Guajará";"Benevides";"Urbano";"2020";3926627,59
"Social";"Previdência Social";"Valor dos benefícios emitidos no mês de dezembro";"Guajará";"Benevides";"Urbano";"2021";4280443,01
"Social";"Previdência Social";"Valor dos benefícios emitidos no mês de dezembro";"Guajará";"Benevides";"Urbano";"2022";4874509,98
"Social";"Previdência Social";"Valor dos benefícios emitidos no mês de dezembro";"Guajará";"Benevides";"Urbano";"2023";5411303,23
"Social";"Previdência Social";"Valor dos benefícios emitidos no mês de dezembro";"Guajará";"Benevides";"Urbano";"2024";5577131,96
"Social";"Previdência Social";"Valor dos benefícios emitidos no mês de dezembro";"Carajás";"Bom Jesus do Tocantins";"Urbano";"2016";615401,690000015
"Social";"Previdência Social";"Valor dos benefícios emitidos no mês de dezembro";"Carajás";"Bom Jesus do Tocantins";"Urbano";"2018";217637,679999987
"Social";"Previdência Social";"Valor dos benefícios emitidos no mês de dezembro";"Carajás";"Bom Jesus do Tocantins";"Urbano";"2019";219392,04
"Social";"Previdência Social";"Valor dos benefícios emitidos no mês de dezembro";"Carajás";"Bom Jesus do Tocantins";"Urbano";"2020";233267,97
"Social";"Previdência Social";"Valor dos benefícios emitidos no mês de dezembro";"Carajás";"Bom Jesus do Tocantins";"Urbano";"2021";223973,63
"Social";"Previdência Social";"Valor dos benefícios emitidos no mês de dezembro";"Carajás";"Bom Jesus do Tocantins";"Urbano";"2022";255043,51
"Social";"Previdência Social";"Valor dos benefícios emitidos no mês de dezembro";"Carajás";"Bom Jesus do Tocantins";"Urbano";"2023";275604,13
"Social";"Previdência Social";"Valor dos benefícios emitidos no mês de dezembro";"Carajás";"Bom Jesus do Tocantins";"Urbano";"2024";338207,8
"Social";"Previdência Social";"Valor dos benefícios emitidos no mês de dezembro";"Rio Caeté";"Bonito";"Urbano";"2016";133622,019999999
"Social";"Previdência Social";"Valor dos benefícios emitidos no mês de dezembro";"Rio Caeté";"Bonito";"Urbano";"2018";47100,8300000038
"Social";"Previdência Social";"Valor dos benefícios emitidos no mês de dezembro";"Rio Caeté";"Bonito";"Urbano";"2019";52504,5
"Social";"Previdência Social";"Valor dos benefícios emitidos no mês de dezembro";"Rio Caeté";"Bonito";"Urbano";"2020";70444,49
"Social";"Previdência Social";"Valor dos benefícios emitidos no mês de dezembro";"Rio Caeté";"Bonito";"Urbano";"2021";64460,69
"Social";"Previdência Social";"Valor dos benefícios emitidos no mês de dezembro";"Rio Caeté";"Bonito";"Urbano";"2022";88431,94
"Social";"Previdência Social";"Valor dos benefícios emitidos no mês de dezembro";"Rio Caeté";"Bonito";"Urbano";"2023";103435,87
"Social";"Previdência Social";"Valor dos benefícios emitidos no mês de dezembro";"Rio Caeté";"Bonito";"Urbano";"2024";109694,41
"Social";"Previdência Social";"Valor dos benefícios emitidos no mês de dezembro";"Rio Caeté";"Bragança";"Urbano";"2016";6051653,46999961
"Social";"Previdência Social";"Valor dos benefícios emitidos no mês de dezembro";"Rio Caeté";"Bragança";"Urbano";"2018";3242724,39999973
"Social";"Previdência Social";"Valor dos benefícios emitidos no mês de dezembro";"Rio Caeté";"Bragança";"Urbano";"2019";3553013,97
"Social";"Previdência Social";"Valor dos benefícios emitidos no mês de dezembro";"Rio Caeté";"Bragança";"Urbano";"2020";3708497,2
"Social";"Previdência Social";"Valor dos benefícios emitidos no mês de dezembro";"Rio Caeté";"Bragança";"Urbano";"2021";3954831,68
"Social";"Previdência Social";"Valor dos benefícios emitidos no mês de dezembro";"Rio Caeté";"Bragança";"Urbano";"2022";4551436,99
"Social";"Previdência Social";"Valor dos benefícios emitidos no mês de dezembro";"Rio Caeté";"Bragança";"Urbano";"2023";5033922,83
"Social";"Previdência Social";"Valor dos benefícios emitidos no mês de dezembro";"Rio Caeté";"Bragança";"Urbano";"2024";5536661,93
"Social";"Previdência Social";"Valor dos benefícios emitidos no mês de dezembro";"Xingu";"Brasil Novo";"Urbano";"2016";390091,370000015
"Social";"Previdência Social";"Valor dos benefícios emitidos no mês de dezembro";"Xingu";"Brasil Novo";"Urbano";"2018";187181,010000006
"Social";"Previdência Social";"Valor dos benefícios emitidos no mês de dezembro";"Xingu";"Brasil Novo";"Urbano";"2019";194479,46
"Social";"Previdência Social";"Valor dos benefícios emitidos no mês de dezembro";"Xingu";"Brasil Novo";"Urbano";"2020";237266,89
"Social";"Previdência Social";"Valor dos benefícios emitidos no mês de dezembro";"Xingu";"Brasil Novo";"Urbano";"2021";233264,19
"Social";"Previdência Social";"Valor dos benefícios emitidos no mês de dezembro";"Xingu";"Brasil Novo";"Urbano";"2022";299406,11
"Social";"Previdência Social";"Valor dos benefícios emitidos no mês de dezembro";"Xingu";"Brasil Novo";"Urbano";"2023";370454,33
"Social";"Previdência Social";"Valor dos benefícios emitidos no mês de dezembro";"Xingu";"Brasil Novo";"Urbano";"2024";444512,29
"Social";"Previdência Social";"Valor dos benefícios emitidos no mês de dezembro";"Carajás";"Brejo Grande do Araguaia";"Urbano";"2016";116570,749999996
"Social";"Previdência Social";"Valor dos benefícios emitidos no mês de dezembro";"Carajás";"Brejo Grande do Araguaia";"Urbano";"2018";52532,2199999951
"Social";"Previdência Social";"Valor dos benefícios emitidos no mês de dezembro";"Carajás";"Brejo Grande do Araguaia";"Urbano";"2019";59922,01
"Social";"Previdência Social";"Valor dos benefícios emitidos no mês de dezembro";"Carajás";"Brejo Grande do Araguaia";"Urbano";"2020";68475,44
"Social";"Previdência Social";"Valor dos benefícios emitidos no mês de dezembro";"Carajás";"Brejo Grande do Araguaia";"Urbano";"2021";71401,32
"Social";"Previdência Social";"Valor dos benefícios emitidos no mês de dezembro";"Carajás";"Brejo Grande do Araguaia";"Urbano";"2022";80444,19
"Social";"Previdência Social";"Valor dos benefícios emitidos no mês de dezembro";"Carajás";"Brejo Grande do Araguaia";"Urbano";"2023";85807,46
"Social";"Previdência Social";"Valor dos benefícios emitidos no mês de dezembro";"Carajás";"Brejo Grande do Araguaia";"Urbano";"2024";39817,5
"Social";"Previdência Social";"Valor dos benefícios emitidos no mês de dezembro";"Lago de Tucuruí";"Breu Branco";"Urbano";"2016";1046396,98000006
"Social";"Previdência Social";"Valor dos benefícios emitidos no mês de dezembro";"Lago de Tucuruí";"Breu Branco";"Urbano";"2018";537924,970000107
"Social";"Previdência Social";"Valor dos benefícios emitidos no mês de dezembro";"Lago de Tucuruí";"Breu Branco";"Urbano";"2019";602605,95
"Social";"Previdência Social";"Valor dos benefícios emitidos no mês de dezembro";"Lago de Tucuruí";"Breu Branco";"Urbano";"2020";633348,75
"Social";"Previdência Social";"Valor dos benefícios emitidos no mês de dezembro";"Lago de Tucuruí";"Breu Branco";"Urbano";"2021";657395,04
"Social";"Previdência Social";"Valor dos benefícios emitidos no mês de dezembro";"Lago de Tucuruí";"Breu Branco";"Urbano";"2022";780188,54
"Social";"Previdência Social";"Valor dos benefícios emitidos no mês de dezembro";"Lago de Tucuruí";"Breu Branco";"Urbano";"2023";905600,25
"Social";"Previdência Social";"Valor dos benefícios emitidos no mês de dezembro";"Lago de Tucuruí";"Breu Branco";"Urbano";"2024";1037712,64
"Social";"Previdência Social";"Valor dos benefícios emitidos no mês de dezembro";"Marajó";"Breves";"Urbano";"2016";3595105,83000027
"Social";"Previdência Social";"Valor dos benefícios emitidos no mês de dezembro";"Marajó";"Breves";"Urbano";"2018";1206478,17000024
"Social";"Previdência Social";"Valor dos benefícios emitidos no mês de dezembro";"Marajó";"Breves";"Urbano";"2019";1325507,33
"Social";"Previdência Social";"Valor dos benefícios emitidos no mês de dezembro";"Marajó";"Breves";"Urbano";"2020";1402998,9
"Social";"Previdência Social";"Valor dos benefícios emitidos no mês de dezembro";"Marajó";"Breves";"Urbano";"2021";1454493,63
"Social";"Previdência Social";"Valor dos benefícios emitidos no mês de dezembro";"Marajó";"Breves";"Urbano";"2022";1587405,65
"Social";"Previdência Social";"Valor dos benefícios emitidos no mês de dezembro";"Marajó";"Breves";"Urbano";"2023";1873527,88
"Social";"Previdência Social";"Valor dos benefícios emitidos no mês de dezembro";"Marajó";"Breves";"Urbano";"2024";2042531,92
"Social";"Previdência Social";"Valor dos benefícios emitidos no mês de dezembro";"Rio Capim";"Bujaru";"Urbano";"2016";386367,129999978
"Social";"Previdência Social";"Valor dos benefícios emitidos no mês de dezembro";"Rio Capim";"Bujaru";"Urbano";"2018";114072,990000008
"Social";"Previdência Social";"Valor dos benefícios emitidos no mês de dezembro";"Rio Capim";"Bujaru";"Urbano";"2019";152852,07
"Social";"Previdência Social";"Valor dos benefícios emitidos no mês de dezembro";"Rio Capim";"Bujaru";"Urbano";"2020";178232,79
"Social";"Previdência Social";"Valor dos benefícios emitidos no mês de dezembro";"Rio Capim";"Bujaru";"Urbano";"2021";193827,76
"Social";"Previdência Social";"Valor dos benefícios emitidos no mês de dezembro";"Rio Capim";"Bujaru";"Urbano";"2022";221535,4
"Social";"Previdência Social";"Valor dos benefícios emitidos no mês de dezembro";"Rio Capim";"Bujaru";"Urbano";"2023";249341,65
"Social";"Previdência Social";"Valor dos benefícios emitidos no mês de dezembro";"Rio Capim";"Bujaru";"Urbano";"2024";272056,75
"Social";"Previdência Social";"Valor dos benefícios emitidos no mês de dezembro";"Marajó";"Cachoeira do Arari";"Urbano";"2016";234239,909999998
"Social";"Previdência Social";"Valor dos benefícios emitidos no mês de dezembro";"Marajó";"Cachoeira do Arari";"Urbano";"2018";10411,5800000019
"Social";"Previdência Social";"Valor dos benefícios emitidos no mês de dezembro";"Marajó";"Cachoeira do Arari";"Urbano";"2019";54178,53
"Social";"Previdência Social";"Valor dos benefícios emitidos no mês de dezembro";"Marajó";"Cachoeira do Arari";"Urbano";"2020";60827,93
"Social";"Previdência Social";"Valor dos benefícios emitidos no mês de dezembro";"Marajó";"Cachoeira do Arari";"Urbano";"2021";62266,35
"Social";"Previdência Social";"Valor dos benefícios emitidos no mês de dezembro";"Marajó";"Cachoeira do Arari";"Urbano";"2022";79932,87
"Social";"Previdência Social";"Valor dos benefícios emitidos no mês de dezembro";"Marajó";"Cachoeira do Arari";"Urbano";"2023";85992,66
"Social";"Previdência Social";"Valor dos benefícios emitidos no mês de dezembro";"Marajó";"Cachoeira do Arari";"Urbano";"2024";88793,7
"Social";"Previdência Social";"Valor dos benefícios emitidos no mês de dezembro";"Rio Caeté";"Cachoeira do Piriá";"Urbano";"2016";114959,150000002
"Social";"Previdência Social";"Valor dos benefícios emitidos no mês de dezembro";"Rio Caeté";"Cachoeira do Piriá";"Urbano";"2018";49914,4899999853
"Social";"Previdência Social";"Valor dos benefícios emitidos no mês de dezembro";"Rio Caeté";"Cachoeira do Piriá";"Urbano";"2019";12567,55
"Social";"Previdência Social";"Valor dos benefícios emitidos no mês de dezembro";"Rio Caeté";"Cachoeira do Piriá";"Urbano";"2020";16074,01
"Social";"Previdência Social";"Valor dos benefícios emitidos no mês de dezembro";"Rio Caeté";"Cachoeira do Piriá";"Urbano";"2021";20065,07
"Social";"Previdência Social";"Valor dos benefícios emitidos no mês de dezembro";"Rio Caeté";"Cachoeira do Piriá";"Urbano";"2022";21029,04
"Social";"Previdência Social";"Valor dos benefícios emitidos no mês de dezembro";"Rio Caeté";"Cachoeira do Piriá";"Urbano";"2023";25357,45
"Social";"Previdência Social";"Valor dos benefícios emitidos no mês de dezembro";"Rio Caeté";"Cachoeira do Piriá";"Urbano";"2024";39626,32
"Social";"Previdência Social";"Valor dos benefícios emitidos no mês de dezembro";"Tocantins";"Cametá";"Urbano";"2016";3694211,08999993
"Social";"Previdência Social";"Valor dos benefícios emitidos no mês de dezembro";"Tocantins";"Cametá";"Urbano";"2018";1208327,8499998
"Social";"Previdência Social";"Valor dos benefícios emitidos no mês de dezembro";"Tocantins";"Cametá";"Urbano";"2019";1395001,05
"Social";"Previdência Social";"Valor dos benefícios emitidos no mês de dezembro";"Tocantins";"Cametá";"Urbano";"2020";1534916,25
"Social";"Previdência Social";"Valor dos benefícios emitidos no mês de dezembro";"Tocantins";"Cametá";"Urbano";"2021";1658766,1
"Social";"Previdência Social";"Valor dos benefícios emitidos no mês de dezembro";"Tocantins";"Cametá";"Urbano";"2022";1966534,25
"Social";"Previdência Social";"Valor dos benefícios emitidos no mês de dezembro";"Tocantins";"Cametá";"Urbano";"2023";2226633,5
"Social";"Previdência Social";"Valor dos benefícios emitidos no mês de dezembro";"Tocantins";"Cametá";"Urbano";"2024";2430015,44
"Social";"Previdência Social";"Valor dos benefícios emitidos no mês de dezembro";"Carajás";"Canaã dos Carajás";"Urbano";"2016";896722,389999921
"Social";"Previdência Social";"Valor dos benefícios emitidos no mês de dezembro";"Carajás";"Canaã dos Carajás";"Urbano";"2018";618816,939999949
"Social";"Previdência Social";"Valor dos benefícios emitidos no mês de dezembro";"Carajás";"Canaã dos Carajás";"Urbano";"2019";781231,13
"Social";"Previdência Social";"Valor dos benefícios emitidos no mês de dezembro";"Carajás";"Canaã dos Carajás";"Urbano";"2020";864675,03
"Social";"Previdência Social";"Valor dos benefícios emitidos no mês de dezembro";"Carajás";"Canaã dos Carajás";"Urbano";"2021";979621,67
"Social";"Previdência Social";"Valor dos benefícios emitidos no mês de dezembro";"Carajás";"Canaã dos Carajás";"Urbano";"2022";1199689,89
"Social";"Previdência Social";"Valor dos benefícios emitidos no mês de dezembro";"Carajás";"Canaã dos Carajás";"Urbano";"2023";1457250,02
"Social";"Previdência Social";"Valor dos benefícios emitidos no mês de dezembro";"Carajás";"Canaã dos Carajás";"Urbano";"2024";1916057,41
"Social";"Previdência Social";"Valor dos benefícios emitidos no mês de dezembro";"Rio Caeté";"Capanema";"Urbano";"2016";7547117,15000046
"Social";"Previdência Social";"Valor dos benefícios emitidos no mês de dezembro";"Rio Caeté";"Capanema";"Urbano";"2018";4458714,95000029
"Social";"Previdência Social";"Valor dos benefícios emitidos no mês de dezembro";"Rio Caeté";"Capanema";"Urbano";"2019";4842681,61
"Social";"Previdência Social";"Valor dos benefícios emitidos no mês de dezembro";"Rio Caeté";"Capanema";"Urbano";"2020";4992399,39
"Social";"Previdência Social";"Valor dos benefícios emitidos no mês de dezembro";"Rio Caeté";"Capanema";"Urbano";"2021";5151586,85
"Social";"Previdência Social";"Valor dos benefícios emitidos no mês de dezembro";"Rio Caeté";"Capanema";"Urbano";"2022";5881238,82
"Social";"Previdência Social";"Valor dos benefícios emitidos no mês de dezembro";"Rio Caeté";"Capanema";"Urbano";"2023";6466050,6
"Social";"Previdência Social";"Valor dos benefícios emitidos no mês de dezembro";"Rio Caeté";"Capanema";"Urbano";"2024";6965420,66
"Social";"Previdência Social";"Valor dos benefícios emitidos no mês de dezembro";"Rio Capim";"Capitão Poço";"Urbano";"2016";1357136,34999989
"Social";"Previdência Social";"Valor dos benefícios emitidos no mês de dezembro";"Rio Capim";"Capitão Poço";"Urbano";"2018";678343,930000075
"Social";"Previdência Social";"Valor dos benefícios emitidos no mês de dezembro";"Rio Capim";"Capitão Poço";"Urbano";"2019";797617,27
"Social";"Previdência Social";"Valor dos benefícios emitidos no mês de dezembro";"Rio Capim";"Capitão Poço";"Urbano";"2020";831178,03
"Social";"Previdência Social";"Valor dos benefícios emitidos no mês de dezembro";"Rio Capim";"Capitão Poço";"Urbano";"2021";1020516,05
"Social";"Previdência Social";"Valor dos benefícios emitidos no mês de dezembro";"Rio Capim";"Capitão Poço";"Urbano";"2022";1186155,56
"Social";"Previdência Social";"Valor dos benefícios emitidos no mês de dezembro";"Rio Capim";"Capitão Poço";"Urbano";"2023";1320413,68
"Social";"Previdência Social";"Valor dos benefícios emitidos no mês de dezembro";"Rio Capim";"Capitão Poço";"Urbano";"2024";1479408,12
"Social";"Previdência Social";"Valor dos benefícios emitidos no mês de dezembro";"Guamá";"Castanhal";"Urbano";"2016";14861573,4799982
"Social";"Previdência Social";"Valor dos benefícios emitidos no mês de dezembro";"Guamá";"Castanhal";"Urbano";"2018";10456528,8599991
"Social";"Previdência Social";"Valor dos benefícios emitidos no mês de dezembro";"Guamá";"Castanhal";"Urbano";"2019";11781690,67
"Social";"Previdência Social";"Valor dos benefícios emitidos no mês de dezembro";"Guamá";"Castanhal";"Urbano";"2020";12495735,22
"Social";"Previdência Social";"Valor dos benefícios emitidos no mês de dezembro";"Guamá";"Castanhal";"Urbano";"2021";13054755,94
"Social";"Previdência Social";"Valor dos benefícios emitidos no mês de dezembro";"Guamá";"Castanhal";"Urbano";"2022";14874139,59
"Social";"Previdência Social";"Valor dos benefícios emitidos no mês de dezembro";"Guamá";"Castanhal";"Urbano";"2023";16811416,24
"Social";"Previdência Social";"Valor dos benefícios emitidos no mês de dezembro";"Guamá";"Castanhal";"Urbano";"2024";18552343,23
"Social";"Previdência Social";"Valor dos benefícios emitidos no mês de dezembro";"Marajó";"Chaves";"Urbano";"2016";33274,1399999997
"Social";"Previdência Social";"Valor dos benefícios emitidos no mês de dezembro";"Marajó";"Chaves";"Urbano";"2018";7674,8200000003
"Social";"Previdência Social";"Valor dos benefícios emitidos no mês de dezembro";"Marajó";"Chaves";"Urbano";"2019";9403,16
"Social";"Previdência Social";"Valor dos benefícios emitidos no mês de dezembro";"Marajó";"Chaves";"Urbano";"2020";19180,71
"Social";"Previdência Social";"Valor dos benefícios emitidos no mês de dezembro";"Marajó";"Chaves";"Urbano";"2021";14616,81
"Social";"Previdência Social";"Valor dos benefícios emitidos no mês de dezembro";"Marajó";"Chaves";"Urbano";"2022";21074,81
"Social";"Previdência Social";"Valor dos benefícios emitidos no mês de dezembro";"Marajó";"Chaves";"Urbano";"2023";18114,76
"Social";"Previdência Social";"Valor dos benefícios emitidos no mês de dezembro";"Marajó";"Chaves";"Urbano";"2024";5526
"Social";"Previdência Social";"Valor dos benefícios emitidos no mês de dezembro";"Guamá";"Colares";"Urbano";"2016";114423,689999999
"Social";"Previdência Social";"Valor dos benefícios emitidos no mês de dezembro";"Guamá";"Colares";"Urbano";"2018";71487,9299999885
"Social";"Previdência Social";"Valor dos benefícios emitidos no mês de dezembro";"Guamá";"Colares";"Urbano";"2019";89187,92
"Social";"Previdência Social";"Valor dos benefícios emitidos no mês de dezembro";"Guamá";"Colares";"Urbano";"2020";97797,4
"Social";"Previdência Social";"Valor dos benefícios emitidos no mês de dezembro";"Guamá";"Colares";"Urbano";"2021";94504,98
"Social";"Previdência Social";"Valor dos benefícios emitidos no mês de dezembro";"Guamá";"Colares";"Urbano";"2022";103624,32
"Social";"Previdência Social";"Valor dos benefícios emitidos no mês de dezembro";"Guamá";"Colares";"Urbano";"2023";112704,5
"Social";"Previdência Social";"Valor dos benefícios emitidos no mês de dezembro";"Guamá";"Colares";"Urbano";"2024";122695,43
"Social";"Previdência Social";"Valor dos benefícios emitidos no mês de dezembro";"Araguaia";"Conceição do Araguaia";"Urbano";"2016";3806564,84999956
"Social";"Previdência Social";"Valor dos benefícios emitidos no mês de dezembro";"Araguaia";"Conceição do Araguaia";"Urbano";"2018";1921825,74999982
"Social";"Previdência Social";"Valor dos benefícios emitidos no mês de dezembro";"Araguaia";"Conceição do Araguaia";"Urbano";"2019";1951753,87
"Social";"Previdência Social";"Valor dos benefícios emitidos no mês de dezembro";"Araguaia";"Conceição do Araguaia";"Urbano";"2020";2017651,89
"Social";"Previdência Social";"Valor dos benefícios emitidos no mês de dezembro";"Araguaia";"Conceição do Araguaia";"Urbano";"2021";2268644,39
"Social";"Previdência Social";"Valor dos benefícios emitidos no mês de dezembro";"Araguaia";"Conceição do Araguaia";"Urbano";"2022";2598313,64
"Social";"Previdência Social";"Valor dos benefícios emitidos no mês de dezembro";"Araguaia";"Conceição do Araguaia";"Urbano";"2023";3147294,99
"Social";"Previdência Social";"Valor dos benefícios emitidos no mês de dezembro";"Araguaia";"Conceição do Araguaia";"Urbano";"2024";3427500,79
"Social";"Previdência Social";"Valor dos benefícios emitidos no mês de dezembro";"Rio Capim";"Concórdia do Pará";"Urbano";"2016";774674,729999989
"Social";"Previdência Social";"Valor dos benefícios emitidos no mês de dezembro";"Rio Capim";"Concórdia do Pará";"Urbano";"2018";211622,480000034
"Social";"Previdência Social";"Valor dos benefícios emitidos no mês de dezembro";"Rio Capim";"Concórdia do Pará";"Urbano";"2019";254198,7
"Social";"Previdência Social";"Valor dos benefícios emitidos no mês de dezembro";"Rio Capim";"Concórdia do Pará";"Urbano";"2020";262342,16
"Social";"Previdência Social";"Valor dos benefícios emitidos no mês de dezembro";"Rio Capim";"Concórdia do Pará";"Urbano";"2021";270294,04
"Social";"Previdência Social";"Valor dos benefícios emitidos no mês de dezembro";"Rio Capim";"Concórdia do Pará";"Urbano";"2022";304259,74
"Social";"Previdência Social";"Valor dos benefícios emitidos no mês de dezembro";"Rio Capim";"Concórdia do Pará";"Urbano";"2023";338911,39
"Social";"Previdência Social";"Valor dos benefícios emitidos no mês de dezembro";"Rio Capim";"Concórdia do Pará";"Urbano";"2024";367999,25
"Social";"Previdência Social";"Valor dos benefícios emitidos no mês de dezembro";"Araguaia";"Cumaru do Norte";"Urbano";"2016";112337,560000008
"Social";"Previdência Social";"Valor dos benefícios emitidos no mês de dezembro";"Araguaia";"Cumaru do Norte";"Urbano";"2018";26863,9499999955
"Social";"Previdência Social";"Valor dos benefícios emitidos no mês de dezembro";"Araguaia";"Cumaru do Norte";"Urbano";"2019";31484,19
"Social";"Previdência Social";"Valor dos benefícios emitidos no mês de dezembro";"Araguaia";"Cumaru do Norte";"Urbano";"2020";35828,19
"Social";"Previdência Social";"Valor dos benefícios emitidos no mês de dezembro";"Araguaia";"Cumaru do Norte";"Urbano";"2021";32779
"Social";"Previdência Social";"Valor dos benefícios emitidos no mês de dezembro";"Araguaia";"Cumaru do Norte";"Urbano";"2022";30109,77
"Social";"Previdência Social";"Valor dos benefícios emitidos no mês de dezembro";"Araguaia";"Cumaru do Norte";"Urbano";"2023";37915,51
"Social";"Previdência Social";"Valor dos benefícios emitidos no mês de dezembro";"Araguaia";"Cumaru do Norte";"Urbano";"2024";51862,02
"Social";"Previdência Social";"Valor dos benefícios emitidos no mês de dezembro";"Carajás";"Curionópolis";"Urbano";"2016";869826,160000057
"Social";"Previdência Social";"Valor dos benefícios emitidos no mês de dezembro";"Carajás";"Curionópolis";"Urbano";"2018";236685,920000009
"Social";"Previdência Social";"Valor dos benefícios emitidos no mês de dezembro";"Carajás";"Curionópolis";"Urbano";"2019";284214,67
"Social";"Previdência Social";"Valor dos benefícios emitidos no mês de dezembro";"Carajás";"Curionópolis";"Urbano";"2020";312248,88
"Social";"Previdência Social";"Valor dos benefícios emitidos no mês de dezembro";"Carajás";"Curionópolis";"Urbano";"2021";344937,88
"Social";"Previdência Social";"Valor dos benefícios emitidos no mês de dezembro";"Carajás";"Curionópolis";"Urbano";"2022";447420,98
"Social";"Previdência Social";"Valor dos benefícios emitidos no mês de dezembro";"Carajás";"Curionópolis";"Urbano";"2023";484863,93
"Social";"Previdência Social";"Valor dos benefícios emitidos no mês de dezembro";"Carajás";"Curionópolis";"Urbano";"2024";579893,48
"Social";"Previdência Social";"Valor dos benefícios emitidos no mês de dezembro";"Marajó";"Curralinho";"Urbano";"2016";316381,65
"Social";"Previdência Social";"Valor dos benefícios emitidos no mês de dezembro";"Marajó";"Curralinho";"Urbano";"2018";22167,1299999915
"Social";"Previdência Social";"Valor dos benefícios emitidos no mês de dezembro";"Marajó";"Curralinho";"Urbano";"2019";26935,44
"Social";"Previdência Social";"Valor dos benefícios emitidos no mês de dezembro";"Marajó";"Curralinho";"Urbano";"2020";24604,34
"Social";"Previdência Social";"Valor dos benefícios emitidos no mês de dezembro";"Marajó";"Curralinho";"Urbano";"2021";34558,32
"Social";"Previdência Social";"Valor dos benefícios emitidos no mês de dezembro";"Marajó";"Curralinho";"Urbano";"2022";37183,51
"Social";"Previdência Social";"Valor dos benefícios emitidos no mês de dezembro";"Marajó";"Curralinho";"Urbano";"2023";22225,33
"Social";"Previdência Social";"Valor dos benefícios emitidos no mês de dezembro";"Marajó";"Curralinho";"Urbano";"2024";32208,69
"Social";"Previdência Social";"Valor dos benefícios emitidos no mês de dezembro";"Baixo Amazonas";"Curuá";"Urbano";"2016";72968,3899999969
"Social";"Previdência Social";"Valor dos benefícios emitidos no mês de dezembro";"Baixo Amazonas";"Curuá";"Urbano";"2018";22073,4399999976
"Social";"Previdência Social";"Valor dos benefícios emitidos no mês de dezembro";"Baixo Amazonas";"Curuá";"Urbano";"2019";44259,2
"Social";"Previdência Social";"Valor dos benefícios emitidos no mês de dezembro";"Baixo Amazonas";"Curuá";"Urbano";"2020";53269,92
"Social";"Previdência Social";"Valor dos benefícios emitidos no mês de dezembro";"Baixo Amazonas";"Curuá";"Urbano";"2021";58002,25
"Social";"Previdência Social";"Valor dos benefícios emitidos no mês de dezembro";"Baixo Amazonas";"Curuá";"Urbano";"2022";74559,69
"Social";"Previdência Social";"Valor dos benefícios emitidos no mês de dezembro";"Baixo Amazonas";"Curuá";"Urbano";"2023";98222,35
"Social";"Previdência Social";"Valor dos benefícios emitidos no mês de dezembro";"Baixo Amazonas";"Curuá";"Urbano";"2024";120316,29
"Social";"Previdência Social";"Valor dos benefícios emitidos no mês de dezembro";"Guamá";"Curuçá";"Urbano";"2016";1345789,58000011
"Social";"Previdência Social";"Valor dos benefícios emitidos no mês de dezembro";"Guamá";"Curuçá";"Urbano";"2018";596695,190000015
"Social";"Previdência Social";"Valor dos benefícios emitidos no mês de dezembro";"Guamá";"Curuçá";"Urbano";"2019";635190,62
"Social";"Previdência Social";"Valor dos benefícios emitidos no mês de dezembro";"Guamá";"Curuçá";"Urbano";"2020";608919,13
"Social";"Previdência Social";"Valor dos benefícios emitidos no mês de dezembro";"Guamá";"Curuçá";"Urbano";"2021";608521,83
"Social";"Previdência Social";"Valor dos benefícios emitidos no mês de dezembro";"Guamá";"Curuçá";"Urbano";"2022";727275,41
"Social";"Previdência Social";"Valor dos benefícios emitidos no mês de dezembro";"Guamá";"Curuçá";"Urbano";"2023";820575,52
"Social";"Previdência Social";"Valor dos benefícios emitidos no mês de dezembro";"Guamá";"Curuçá";"Urbano";"2024";863072,91
"Social";"Previdência Social";"Valor dos benefícios emitidos no mês de dezembro";"Rio Capim";"Dom Eliseu";"Urbano";"2016";1043384,57000006
"Social";"Previdência Social";"Valor dos benefícios emitidos no mês de dezembro";"Rio Capim";"Dom Eliseu";"Urbano";"2018";539444,199999993
"Social";"Previdência Social";"Valor dos benefícios emitidos no mês de dezembro";"Rio Capim";"Dom Eliseu";"Urbano";"2019";581781,5
"Social";"Previdência Social";"Valor dos benefícios emitidos no mês de dezembro";"Rio Capim";"Dom Eliseu";"Urbano";"2020";589715,59
"Social";"Previdência Social";"Valor dos benefícios emitidos no mês de dezembro";"Rio Capim";"Dom Eliseu";"Urbano";"2021";633778,12
"Social";"Previdência Social";"Valor dos benefícios emitidos no mês de dezembro";"Rio Capim";"Dom Eliseu";"Urbano";"2022";797577,36
"Social";"Previdência Social";"Valor dos benefícios emitidos no mês de dezembro";"Rio Capim";"Dom Eliseu";"Urbano";"2023";974909,02
"Social";"Previdência Social";"Valor dos benefícios emitidos no mês de dezembro";"Rio Capim";"Dom Eliseu";"Urbano";"2024";1101194,93
"Social";"Previdência Social";"Valor dos benefícios emitidos no mês de dezembro";"Carajás";"Eldorado do Carajás";"Urbano";"2016";509273,059999941
"Social";"Previdência Social";"Valor dos benefícios emitidos no mês de dezembro";"Carajás";"Eldorado do Carajás";"Urbano";"2018";146934,719999976
"Social";"Previdência Social";"Valor dos benefícios emitidos no mês de dezembro";"Carajás";"Eldorado do Carajás";"Urbano";"2019";162666,64
"Social";"Previdência Social";"Valor dos benefícios emitidos no mês de dezembro";"Carajás";"Eldorado do Carajás";"Urbano";"2020";199093,03
"Social";"Previdência Social";"Valor dos benefícios emitidos no mês de dezembro";"Carajás";"Eldorado do Carajás";"Urbano";"2021";202211,45
"Social";"Previdência Social";"Valor dos benefícios emitidos no mês de dezembro";"Carajás";"Eldorado do Carajás";"Urbano";"2022";252558,59
"Social";"Previdência Social";"Valor dos benefícios emitidos no mês de dezembro";"Carajás";"Eldorado do Carajás";"Urbano";"2023";282914,9
"Social";"Previdência Social";"Valor dos benefícios emitidos no mês de dezembro";"Carajás";"Eldorado do Carajás";"Urbano";"2024";321764,71
"Social";"Previdência Social";"Valor dos benefícios emitidos no mês de dezembro";"Baixo Amazonas";"Faro";"Urbano";"2016";107658,989999996
"Social";"Previdência Social";"Valor dos benefícios emitidos no mês de dezembro";"Baixo Amazonas";"Faro";"Urbano";"2018";58461,4600000121
"Social";"Previdência Social";"Valor dos benefícios emitidos no mês de dezembro";"Baixo Amazonas";"Faro";"Urbano";"2019";70622,4
"Social";"Previdência Social";"Valor dos benefícios emitidos no mês de dezembro";"Baixo Amazonas";"Faro";"Urbano";"2020";93314,01
"Social";"Previdência Social";"Valor dos benefícios emitidos no mês de dezembro";"Baixo Amazonas";"Faro";"Urbano";"2021";107008,49
"Social";"Previdência Social";"Valor dos benefícios emitidos no mês de dezembro";"Baixo Amazonas";"Faro";"Urbano";"2022";111590,96
"Social";"Previdência Social";"Valor dos benefícios emitidos no mês de dezembro";"Baixo Amazonas";"Faro";"Urbano";"2023";136455,61
"Social";"Previdência Social";"Valor dos benefícios emitidos no mês de dezembro";"Baixo Amazonas";"Faro";"Urbano";"2024";160010,51
"Social";"Previdência Social";"Valor dos benefícios emitidos no mês de dezembro";"Araguaia";"Floresta do Araguaia";"Urbano";"2016";220914,52
"Social";"Previdência Social";"Valor dos benefícios emitidos no mês de dezembro";"Araguaia";"Floresta do Araguaia";"Urbano";"2018";87068,7299999986
"Social";"Previdência Social";"Valor dos benefícios emitidos no mês de dezembro";"Araguaia";"Floresta do Araguaia";"Urbano";"2019";90189,44
"Social";"Previdência Social";"Valor dos benefícios emitidos no mês de dezembro";"Araguaia";"Floresta do Araguaia";"Urbano";"2020";107542,04
"Social";"Previdência Social";"Valor dos benefícios emitidos no mês de dezembro";"Araguaia";"Floresta do Araguaia";"Urbano";"2021";94986,02
"Social";"Previdência Social";"Valor dos benefícios emitidos no mês de dezembro";"Araguaia";"Floresta do Araguaia";"Urbano";"2022";116715,52
"Social";"Previdência Social";"Valor dos benefícios emitidos no mês de dezembro";"Araguaia";"Floresta do Araguaia";"Urbano";"2023";150899,7
"Social";"Previdência Social";"Valor dos benefícios emitidos no mês de dezembro";"Araguaia";"Floresta do Araguaia";"Urbano";"2024";173735,37
"Social";"Previdência Social";"Valor dos benefícios emitidos no mês de dezembro";"Rio Capim";"Garrafão do Norte";"Urbano";"2016";416692,479999998
"Social";"Previdência Social";"Valor dos benefícios emitidos no mês de dezembro";"Rio Capim";"Garrafão do Norte";"Urbano";"2018";100143,589999978
"Social";"Previdência Social";"Valor dos benefícios emitidos no mês de dezembro";"Rio Capim";"Garrafão do Norte";"Urbano";"2019";134992,82
"Social";"Previdência Social";"Valor dos benefícios emitidos no mês de dezembro";"Rio Capim";"Garrafão do Norte";"Urbano";"2020";158881,89
"Social";"Previdência Social";"Valor dos benefícios emitidos no mês de dezembro";"Rio Capim";"Garrafão do Norte";"Urbano";"2021";181217,78
"Social";"Previdência Social";"Valor dos benefícios emitidos no mês de dezembro";"Rio Capim";"Garrafão do Norte";"Urbano";"2022";224344,95
"Social";"Previdência Social";"Valor dos benefícios emitidos no mês de dezembro";"Rio Capim";"Garrafão do Norte";"Urbano";"2023";254919,09
"Social";"Previdência Social";"Valor dos benefícios emitidos no mês de dezembro";"Rio Capim";"Garrafão do Norte";"Urbano";"2024";294645,07
"Social";"Previdência Social";"Valor dos benefícios emitidos no mês de dezembro";"Lago de Tucuruí";"Goianésia do Pará";"Urbano";"2016";706434,969999991
"Social";"Previdência Social";"Valor dos benefícios emitidos no mês de dezembro";"Lago de Tucuruí";"Goianésia do Pará";"Urbano";"2018";350716,090000005
"Social";"Previdência Social";"Valor dos benefícios emitidos no mês de dezembro";"Lago de Tucuruí";"Goianésia do Pará";"Urbano";"2019";380381,34
"Social";"Previdência Social";"Valor dos benefícios emitidos no mês de dezembro";"Lago de Tucuruí";"Goianésia do Pará";"Urbano";"2020";449553,79
"Social";"Previdência Social";"Valor dos benefícios emitidos no mês de dezembro";"Lago de Tucuruí";"Goianésia do Pará";"Urbano";"2021";446247,68
"Social";"Previdência Social";"Valor dos benefícios emitidos no mês de dezembro";"Lago de Tucuruí";"Goianésia do Pará";"Urbano";"2022";518388,88
"Social";"Previdência Social";"Valor dos benefícios emitidos no mês de dezembro";"Lago de Tucuruí";"Goianésia do Pará";"Urbano";"2023";610918,43
"Social";"Previdência Social";"Valor dos benefícios emitidos no mês de dezembro";"Lago de Tucuruí";"Goianésia do Pará";"Urbano";"2024";720612,39
"Social";"Previdência Social";"Valor dos benefícios emitidos no mês de dezembro";"Marajó";"Gurupá";"Urbano";"2016";268615,350000003
"Social";"Previdência Social";"Valor dos benefícios emitidos no mês de dezembro";"Marajó";"Gurupá";"Urbano";"2018";58022,5900000185
"Social";"Previdência Social";"Valor dos benefícios emitidos no mês de dezembro";"Marajó";"Gurupá";"Urbano";"2019";64660,82
"Social";"Previdência Social";"Valor dos benefícios emitidos no mês de dezembro";"Marajó";"Gurupá";"Urbano";"2020";74195,76
"Social";"Previdência Social";"Valor dos benefícios emitidos no mês de dezembro";"Marajó";"Gurupá";"Urbano";"2021";77871,26
"Social";"Previdência Social";"Valor dos benefícios emitidos no mês de dezembro";"Marajó";"Gurupá";"Urbano";"2022";96280,59
"Social";"Previdência Social";"Valor dos benefícios emitidos no mês de dezembro";"Marajó";"Gurupá";"Urbano";"2023";113137,08
"Social";"Previdência Social";"Valor dos benefícios emitidos no mês de dezembro";"Marajó";"Gurupá";"Urbano";"2024";129630,71
"Social";"Previdência Social";"Valor dos benefícios emitidos no mês de dezembro";"Guamá";"Igarapé-Açu";"Urbano";"2016";2667500,25999983
"Social";"Previdência Social";"Valor dos benefícios emitidos no mês de dezembro";"Guamá";"Igarapé-Açu";"Urbano";"2018";1234165,64000022
"Social";"Previdência Social";"Valor dos benefícios emitidos no mês de dezembro";"Guamá";"Igarapé-Açu";"Urbano";"2019";1474352,42
"Social";"Previdência Social";"Valor dos benefícios emitidos no mês de dezembro";"Guamá";"Igarapé-Açu";"Urbano";"2020";1561034,57
"Social";"Previdência Social";"Valor dos benefícios emitidos no mês de dezembro";"Guamá";"Igarapé-Açu";"Urbano";"2021";1539251,64
"Social";"Previdência Social";"Valor dos benefícios emitidos no mês de dezembro";"Guamá";"Igarapé-Açu";"Urbano";"2022";1773542,46
"Social";"Previdência Social";"Valor dos benefícios emitidos no mês de dezembro";"Guamá";"Igarapé-Açu";"Urbano";"2023";1922366,17
"Social";"Previdência Social";"Valor dos benefícios emitidos no mês de dezembro";"Guamá";"Igarapé-Açu";"Urbano";"2024";2086097,35
"Social";"Previdência Social";"Valor dos benefícios emitidos no mês de dezembro";"Tocantins";"Igarapé-Miri";"Urbano";"2016";2413732,47000004
"Social";"Previdência Social";"Valor dos benefícios emitidos no mês de dezembro";"Tocantins";"Igarapé-Miri";"Urbano";"2018";710579,269999831
"Social";"Previdência Social";"Valor dos benefícios emitidos no mês de dezembro";"Tocantins";"Igarapé-Miri";"Urbano";"2019";785948,92
"Social";"Previdência Social";"Valor dos benefícios emitidos no mês de dezembro";"Tocantins";"Igarapé-Miri";"Urbano";"2020";859604,15
"Social";"Previdência Social";"Valor dos benefícios emitidos no mês de dezembro";"Tocantins";"Igarapé-Miri";"Urbano";"2021";870666,34
"Social";"Previdência Social";"Valor dos benefícios emitidos no mês de dezembro";"Tocantins";"Igarapé-Miri";"Urbano";"2022";1000906,81
"Social";"Previdência Social";"Valor dos benefícios emitidos no mês de dezembro";"Tocantins";"Igarapé-Miri";"Urbano";"2023";1087184,63
"Social";"Previdência Social";"Valor dos benefícios emitidos no mês de dezembro";"Tocantins";"Igarapé-Miri";"Urbano";"2024";1134757,62
"Social";"Previdência Social";"Valor dos benefícios emitidos no mês de dezembro";"Guamá";"Inhangapi";"Urbano";"2016";271622,019999995
"Social";"Previdência Social";"Valor dos benefícios emitidos no mês de dezembro";"Guamá";"Inhangapi";"Urbano";"2018";124277,32999997
"Social";"Previdência Social";"Valor dos benefícios emitidos no mês de dezembro";"Guamá";"Inhangapi";"Urbano";"2019";135738,69
"Social";"Previdência Social";"Valor dos benefícios emitidos no mês de dezembro";"Guamá";"Inhangapi";"Urbano";"2020";143798,47
"Social";"Previdência Social";"Valor dos benefícios emitidos no mês de dezembro";"Guamá";"Inhangapi";"Urbano";"2021";119217,87
"Social";"Previdência Social";"Valor dos benefícios emitidos no mês de dezembro";"Guamá";"Inhangapi";"Urbano";"2022";135908,01
"Social";"Previdência Social";"Valor dos benefícios emitidos no mês de dezembro";"Guamá";"Inhangapi";"Urbano";"2023";141273,8
"Social";"Previdência Social";"Valor dos benefícios emitidos no mês de dezembro";"Guamá";"Inhangapi";"Urbano";"2024";168586,86
"Social";"Previdência Social";"Valor dos benefícios emitidos no mês de dezembro";"Rio Capim";"Ipixuna do Pará";"Urbano";"2016";747801,979999963
"Social";"Previdência Social";"Valor dos benefícios emitidos no mês de dezembro";"Rio Capim";"Ipixuna do Pará";"Urbano";"2018";262392,079999928
"Social";"Previdência Social";"Valor dos benefícios emitidos no mês de dezembro";"Rio Capim";"Ipixuna do Pará";"Urbano";"2019";294578,44
"Social";"Previdência Social";"Valor dos benefícios emitidos no mês de dezembro";"Rio Capim";"Ipixuna do Pará";"Urbano";"2020";328989,52
"Social";"Previdência Social";"Valor dos benefícios emitidos no mês de dezembro";"Rio Capim";"Ipixuna do Pará";"Urbano";"2021";330646,2
"Social";"Previdência Social";"Valor dos benefícios emitidos no mês de dezembro";"Rio Capim";"Ipixuna do Pará";"Urbano";"2022";397736,15
"Social";"Previdência Social";"Valor dos benefícios emitidos no mês de dezembro";"Rio Capim";"Ipixuna do Pará";"Urbano";"2023";430192,38
"Social";"Previdência Social";"Valor dos benefícios emitidos no mês de dezembro";"Rio Capim";"Ipixuna do Pará";"Urbano";"2024";403362,31
"Social";"Previdência Social";"Valor dos benefícios emitidos no mês de dezembro";"Rio Capim";"Irituia";"Urbano";"2016";973854,839999951
"Social";"Previdência Social";"Valor dos benefícios emitidos no mês de dezembro";"Rio Capim";"Irituia";"Urbano";"2018";227193,260000044
"Social";"Previdência Social";"Valor dos benefícios emitidos no mês de dezembro";"Rio Capim";"Irituia";"Urbano";"2019";282909,86
"Social";"Previdência Social";"Valor dos benefícios emitidos no mês de dezembro";"Rio Capim";"Irituia";"Urbano";"2020";319571,3
"Social";"Previdência Social";"Valor dos benefícios emitidos no mês de dezembro";"Rio Capim";"Irituia";"Urbano";"2021";338006,22
"Social";"Previdência Social";"Valor dos benefícios emitidos no mês de dezembro";"Rio Capim";"Irituia";"Urbano";"2022";377056,2
"Social";"Previdência Social";"Valor dos benefícios emitidos no mês de dezembro";"Rio Capim";"Irituia";"Urbano";"2023";426529,37
"Social";"Previdência Social";"Valor dos benefícios emitidos no mês de dezembro";"Rio Capim";"Irituia";"Urbano";"2024";473872,7
"Social";"Previdência Social";"Valor dos benefícios emitidos no mês de dezembro";"Tapajós";"Itaituba";"Urbano";"2016";6150258,72999959
"Social";"Previdência Social";"Valor dos benefícios emitidos no mês de dezembro";"Tapajós";"Itaituba";"Urbano";"2018";3185163,95000017
"Social";"Previdência Social";"Valor dos benefícios emitidos no mês de dezembro";"Tapajós";"Itaituba";"Urbano";"2019";3333625,87
"Social";"Previdência Social";"Valor dos benefícios emitidos no mês de dezembro";"Tapajós";"Itaituba";"Urbano";"2020";3516305,57
"Social";"Previdência Social";"Valor dos benefícios emitidos no mês de dezembro";"Tapajós";"Itaituba";"Urbano";"2021";3722155,66
"Social";"Previdência Social";"Valor dos benefícios emitidos no mês de dezembro";"Tapajós";"Itaituba";"Urbano";"2022";4241777,44
"Social";"Previdência Social";"Valor dos benefícios emitidos no mês de dezembro";"Tapajós";"Itaituba";"Urbano";"2023";4910232,31
"Social";"Previdência Social";"Valor dos benefícios emitidos no mês de dezembro";"Tapajós";"Itaituba";"Urbano";"2024";5679322,2
"Social";"Previdência Social";"Valor dos benefícios emitidos no mês de dezembro";"Lago de Tucuruí";"Itupiranga";"Urbano";"2016";992927,80000001
"Social";"Previdência Social";"Valor dos benefícios emitidos no mês de dezembro";"Lago de Tucuruí";"Itupiranga";"Urbano";"2018";366956,879999995
"Social";"Previdência Social";"Valor dos benefícios emitidos no mês de dezembro";"Lago de Tucuruí";"Itupiranga";"Urbano";"2019";396853,51
"Social";"Previdência Social";"Valor dos benefícios emitidos no mês de dezembro";"Lago de Tucuruí";"Itupiranga";"Urbano";"2020";443729,7
"Social";"Previdência Social";"Valor dos benefícios emitidos no mês de dezembro";"Lago de Tucuruí";"Itupiranga";"Urbano";"2021";441727,91
"Social";"Previdência Social";"Valor dos benefícios emitidos no mês de dezembro";"Lago de Tucuruí";"Itupiranga";"Urbano";"2022";494009,7
"Social";"Previdência Social";"Valor dos benefícios emitidos no mês de dezembro";"Lago de Tucuruí";"Itupiranga";"Urbano";"2023";604520,46
"Social";"Previdência Social";"Valor dos benefícios emitidos no mês de dezembro";"Lago de Tucuruí";"Itupiranga";"Urbano";"2024";635450,17
"Social";"Previdência Social";"Valor dos benefícios emitidos no mês de dezembro";"Tapajós";"Jacareacanga";"Urbano";"2016";210056,589999994
"Social";"Previdência Social";"Valor dos benefícios emitidos no mês de dezembro";"Tapajós";"Jacareacanga";"Urbano";"2018";50506,6299999952
"Social";"Previdência Social";"Valor dos benefícios emitidos no mês de dezembro";"Tapajós";"Jacareacanga";"Urbano";"2019";49757,14
"Social";"Previdência Social";"Valor dos benefícios emitidos no mês de dezembro";"Tapajós";"Jacareacanga";"Urbano";"2020";58402,17
"Social";"Previdência Social";"Valor dos benefícios emitidos no mês de dezembro";"Tapajós";"Jacareacanga";"Urbano";"2021";58446,95
"Social";"Previdência Social";"Valor dos benefícios emitidos no mês de dezembro";"Tapajós";"Jacareacanga";"Urbano";"2022";72521,29
"Social";"Previdência Social";"Valor dos benefícios emitidos no mês de dezembro";"Tapajós";"Jacareacanga";"Urbano";"2023";89924,23
"Social";"Previdência Social";"Valor dos benefícios emitidos no mês de dezembro";"Tapajós";"Jacareacanga";"Urbano";"2024";95639,44
"Social";"Previdência Social";"Valor dos benefícios emitidos no mês de dezembro";"Lago de Tucuruí";"Jacundá";"Urbano";"2016";1695676,27999996
"Social";"Previdência Social";"Valor dos benefícios emitidos no mês de dezembro";"Lago de Tucuruí";"Jacundá";"Urbano";"2018";815628,460000074
"Social";"Previdência Social";"Valor dos benefícios emitidos no mês de dezembro";"Lago de Tucuruí";"Jacundá";"Urbano";"2019";945958,92
"Social";"Previdência Social";"Valor dos benefícios emitidos no mês de dezembro";"Lago de Tucuruí";"Jacundá";"Urbano";"2020";991082,54
"Social";"Previdência Social";"Valor dos benefícios emitidos no mês de dezembro";"Lago de Tucuruí";"Jacundá";"Urbano";"2021";1013079,13
"Social";"Previdência Social";"Valor dos benefícios emitidos no mês de dezembro";"Lago de Tucuruí";"Jacundá";"Urbano";"2022";1199461,91
"Social";"Previdência Social";"Valor dos benefícios emitidos no mês de dezembro";"Lago de Tucuruí";"Jacundá";"Urbano";"2023";1404400,82
"Social";"Previdência Social";"Valor dos benefícios emitidos no mês de dezembro";"Lago de Tucuruí";"Jacundá";"Urbano";"2024";1626901,5
"Social";"Previdência Social";"Valor dos benefícios emitidos no mês de dezembro";"Baixo Amazonas";"Juruti";"Urbano";"2016";937799,240000136
"Social";"Previdência Social";"Valor dos benefícios emitidos no mês de dezembro";"Baixo Amazonas";"Juruti";"Urbano";"2018";360715,989999987
"Social";"Previdência Social";"Valor dos benefícios emitidos no mês de dezembro";"Baixo Amazonas";"Juruti";"Urbano";"2019";478417,95
"Social";"Previdência Social";"Valor dos benefícios emitidos no mês de dezembro";"Baixo Amazonas";"Juruti";"Urbano";"2020";506810,24
"Social";"Previdência Social";"Valor dos benefícios emitidos no mês de dezembro";"Baixo Amazonas";"Juruti";"Urbano";"2021";548517,05
"Social";"Previdência Social";"Valor dos benefícios emitidos no mês de dezembro";"Baixo Amazonas";"Juruti";"Urbano";"2022";639954,23
"Social";"Previdência Social";"Valor dos benefícios emitidos no mês de dezembro";"Baixo Amazonas";"Juruti";"Urbano";"2023";796986,79
"Social";"Previdência Social";"Valor dos benefícios emitidos no mês de dezembro";"Baixo Amazonas";"Juruti";"Urbano";"2024";935545,05
"Social";"Previdência Social";"Valor dos benefícios emitidos no mês de dezembro";"Tocantins";"Limoeiro do Ajuru";"Urbano";"2016";95515,8700000029
"Social";"Previdência Social";"Valor dos benefícios emitidos no mês de dezembro";"Tocantins";"Limoeiro do Ajuru";"Urbano";"2018";22938,1499999985
"Social";"Previdência Social";"Valor dos benefícios emitidos no mês de dezembro";"Tocantins";"Limoeiro do Ajuru";"Urbano";"2019";36047,04
"Social";"Previdência Social";"Valor dos benefícios emitidos no mês de dezembro";"Tocantins";"Limoeiro do Ajuru";"Urbano";"2020";48878,53
"Social";"Previdência Social";"Valor dos benefícios emitidos no mês de dezembro";"Tocantins";"Limoeiro do Ajuru";"Urbano";"2021";57306,05
"Social";"Previdência Social";"Valor dos benefícios emitidos no mês de dezembro";"Tocantins";"Limoeiro do Ajuru";"Urbano";"2022";72157,17
"Social";"Previdência Social";"Valor dos benefícios emitidos no mês de dezembro";"Tocantins";"Limoeiro do Ajuru";"Urbano";"2023";87604,18
"Social";"Previdência Social";"Valor dos benefícios emitidos no mês de dezembro";"Tocantins";"Limoeiro do Ajuru";"Urbano";"2024";98803,92
"Social";"Previdência Social";"Valor dos benefícios emitidos no mês de dezembro";"Rio Capim";"Mãe do Rio";"Urbano";"2016";1659707,26999988
"Social";"Previdência Social";"Valor dos benefícios emitidos no mês de dezembro";"Rio Capim";"Mãe do Rio";"Urbano";"2018";671473,959999966
"Social";"Previdência Social";"Valor dos benefícios emitidos no mês de dezembro";"Rio Capim";"Mãe do Rio";"Urbano";"2019";774335,55
"Social";"Previdência Social";"Valor dos benefícios emitidos no mês de dezembro";"Rio Capim";"Mãe do Rio";"Urbano";"2020";842058,3
"Social";"Previdência Social";"Valor dos benefícios emitidos no mês de dezembro";"Rio Capim";"Mãe do Rio";"Urbano";"2021";1044117,96
"Social";"Previdência Social";"Valor dos benefícios emitidos no mês de dezembro";"Rio Capim";"Mãe do Rio";"Urbano";"2022";1200146,19
"Social";"Previdência Social";"Valor dos benefícios emitidos no mês de dezembro";"Rio Capim";"Mãe do Rio";"Urbano";"2023";1336997,21
"Social";"Previdência Social";"Valor dos benefícios emitidos no mês de dezembro";"Rio Capim";"Mãe do Rio";"Urbano";"2024";1440365,35
"Social";"Previdência Social";"Valor dos benefícios emitidos no mês de dezembro";"Guamá";"Magalhães Barata";"Urbano";"2016";186316,679999995
"Social";"Previdência Social";"Valor dos benefícios emitidos no mês de dezembro";"Guamá";"Magalhães Barata";"Urbano";"2018";62208,5200000023
"Social";"Previdência Social";"Valor dos benefícios emitidos no mês de dezembro";"Guamá";"Magalhães Barata";"Urbano";"2019";71241,62
"Social";"Previdência Social";"Valor dos benefícios emitidos no mês de dezembro";"Guamá";"Magalhães Barata";"Urbano";"2020";79320,7
"Social";"Previdência Social";"Valor dos benefícios emitidos no mês de dezembro";"Guamá";"Magalhães Barata";"Urbano";"2021";70152,96
"Social";"Previdência Social";"Valor dos benefícios emitidos no mês de dezembro";"Guamá";"Magalhães Barata";"Urbano";"2022";75460,93
"Social";"Previdência Social";"Valor dos benefícios emitidos no mês de dezembro";"Guamá";"Magalhães Barata";"Urbano";"2023";71489,35
"Social";"Previdência Social";"Valor dos benefícios emitidos no mês de dezembro";"Guamá";"Magalhães Barata";"Urbano";"2024";78463,24
"Social";"Previdência Social";"Valor dos benefícios emitidos no mês de dezembro";"Carajás";"Marabá";"Urbano";"2016";15575685,8099991
"Social";"Previdência Social";"Valor dos benefícios emitidos no mês de dezembro";"Carajás";"Marabá";"Urbano";"2018";9743387,17000247
"Social";"Previdência Social";"Valor dos benefícios emitidos no mês de dezembro";"Carajás";"Marabá";"Urbano";"2019";9794399,6
"Social";"Previdência Social";"Valor dos benefícios emitidos no mês de dezembro";"Carajás";"Marabá";"Urbano";"2020";10519389,93
"Social";"Previdência Social";"Valor dos benefícios emitidos no mês de dezembro";"Carajás";"Marabá";"Urbano";"2021";10845997,7
"Social";"Previdência Social";"Valor dos benefícios emitidos no mês de dezembro";"Carajás";"Marabá";"Urbano";"2022";12336181,64
"Social";"Previdência Social";"Valor dos benefícios emitidos no mês de dezembro";"Carajás";"Marabá";"Urbano";"2023";13932721,94
"Social";"Previdência Social";"Valor dos benefícios emitidos no mês de dezembro";"Carajás";"Marabá";"Urbano";"2024";15327127,05
"Social";"Previdência Social";"Valor dos benefícios emitidos no mês de dezembro";"Guamá";"Maracanã";"Urbano";"2016";582090,690000067
"Social";"Previdência Social";"Valor dos benefícios emitidos no mês de dezembro";"Guamá";"Maracanã";"Urbano";"2018";197051,779999986
"Social";"Previdência Social";"Valor dos benefícios emitidos no mês de dezembro";"Guamá";"Maracanã";"Urbano";"2019";217585,19
"Social";"Previdência Social";"Valor dos benefícios emitidos no mês de dezembro";"Guamá";"Maracanã";"Urbano";"2020";249782,62
"Social";"Previdência Social";"Valor dos benefícios emitidos no mês de dezembro";"Guamá";"Maracanã";"Urbano";"2021";256417,93
"Social";"Previdência Social";"Valor dos benefícios emitidos no mês de dezembro";"Guamá";"Maracanã";"Urbano";"2022";298731,94
"Social";"Previdência Social";"Valor dos benefícios emitidos no mês de dezembro";"Guamá";"Maracanã";"Urbano";"2023";367909,06
"Social";"Previdência Social";"Valor dos benefícios emitidos no mês de dezembro";"Guamá";"Maracanã";"Urbano";"2024";393629,56
"Social";"Previdência Social";"Valor dos benefícios emitidos no mês de dezembro";"Guamá";"Marapanim";"Urbano";"2016";921613,970000014
"Social";"Previdência Social";"Valor dos benefícios emitidos no mês de dezembro";"Guamá";"Marapanim";"Urbano";"2018";423024,099999944
"Social";"Previdência Social";"Valor dos benefícios emitidos no mês de dezembro";"Guamá";"Marapanim";"Urbano";"2019";457951,02
"Social";"Previdência Social";"Valor dos benefícios emitidos no mês de dezembro";"Guamá";"Marapanim";"Urbano";"2020";548215,78
"Social";"Previdência Social";"Valor dos benefícios emitidos no mês de dezembro";"Guamá";"Marapanim";"Urbano";"2021";556581,28
"Social";"Previdência Social";"Valor dos benefícios emitidos no mês de dezembro";"Guamá";"Marapanim";"Urbano";"2022";610069,55
"Social";"Previdência Social";"Valor dos benefícios emitidos no mês de dezembro";"Guamá";"Marapanim";"Urbano";"2023";659903,15
"Social";"Previdência Social";"Valor dos benefícios emitidos no mês de dezembro";"Guamá";"Marapanim";"Urbano";"2024";711439,97
"Social";"Previdência Social";"Valor dos benefícios emitidos no mês de dezembro";"Guajará";"Marituba";"Urbano";"2016";3487476,47999988
"Social";"Previdência Social";"Valor dos benefícios emitidos no mês de dezembro";"Guajará";"Marituba";"Urbano";"2018";2293244,98000045
"Social";"Previdência Social";"Valor dos benefícios emitidos no mês de dezembro";"Guajará";"Marituba";"Urbano";"2019";2585621,97
"Social";"Previdência Social";"Valor dos benefícios emitidos no mês de dezembro";"Guajará";"Marituba";"Urbano";"2020";2852629,75
"Social";"Previdência Social";"Valor dos benefícios emitidos no mês de dezembro";"Guajará";"Marituba";"Urbano";"2021";2944704,25
"Social";"Previdência Social";"Valor dos benefícios emitidos no mês de dezembro";"Guajará";"Marituba";"Urbano";"2022";3372519
"Social";"Previdência Social";"Valor dos benefícios emitidos no mês de dezembro";"Guajará";"Marituba";"Urbano";"2023";3627084,56
"Social";"Previdência Social";"Valor dos benefícios emitidos no mês de dezembro";"Guajará";"Marituba";"Urbano";"2024";3884124,05
"Social";"Previdência Social";"Valor dos benefícios emitidos no mês de dezembro";"Xingu";"Medicilândia";"Urbano";"2016";725130,760000017
"Social";"Previdência Social";"Valor dos benefícios emitidos no mês de dezembro";"Xingu";"Medicilândia";"Urbano";"2018";339759,869999979
"Social";"Previdência Social";"Valor dos benefícios emitidos no mês de dezembro";"Xingu";"Medicilândia";"Urbano";"2019";352242,05
"Social";"Previdência Social";"Valor dos benefícios emitidos no mês de dezembro";"Xingu";"Medicilândia";"Urbano";"2020";418283,11
"Social";"Previdência Social";"Valor dos benefícios emitidos no mês de dezembro";"Xingu";"Medicilândia";"Urbano";"2021";442687,18
"Social";"Previdência Social";"Valor dos benefícios emitidos no mês de dezembro";"Xingu";"Medicilândia";"Urbano";"2022";519176,35
"Social";"Previdência Social";"Valor dos benefícios emitidos no mês de dezembro";"Xingu";"Medicilândia";"Urbano";"2023";615482,2
"Social";"Previdência Social";"Valor dos benefícios emitidos no mês de dezembro";"Xingu";"Medicilândia";"Urbano";"2024";719932,43
"Social";"Previdência Social";"Valor dos benefícios emitidos no mês de dezembro";"Marajó";"Melgaço";"Urbano";"2016";267517,099999996
"Social";"Previdência Social";"Valor dos benefícios emitidos no mês de dezembro";"Marajó";"Melgaço";"Urbano";"2018";23530,479999993
"Social";"Previdência Social";"Valor dos benefícios emitidos no mês de dezembro";"Marajó";"Melgaço";"Urbano";"2019";31132,66
"Social";"Previdência Social";"Valor dos benefícios emitidos no mês de dezembro";"Marajó";"Melgaço";"Urbano";"2020";33296,67
"Social";"Previdência Social";"Valor dos benefícios emitidos no mês de dezembro";"Marajó";"Melgaço";"Urbano";"2021";39217,73
"Social";"Previdência Social";"Valor dos benefícios emitidos no mês de dezembro";"Marajó";"Melgaço";"Urbano";"2022";53780,63
"Social";"Previdência Social";"Valor dos benefícios emitidos no mês de dezembro";"Marajó";"Melgaço";"Urbano";"2023";13569,68
"Social";"Previdência Social";"Valor dos benefícios emitidos no mês de dezembro";"Marajó";"Melgaço";"Urbano";"2024";26416,63
"Social";"Previdência Social";"Valor dos benefícios emitidos no mês de dezembro";"Tocantins";"Mocajuba";"Urbano";"2016";936828,839999922
"Social";"Previdência Social";"Valor dos benefícios emitidos no mês de dezembro";"Tocantins";"Mocajuba";"Urbano";"2018";152469,530000011
"Social";"Previdência Social";"Valor dos benefícios emitidos no mês de dezembro";"Tocantins";"Mocajuba";"Urbano";"2019";184323,24
"Social";"Previdência Social";"Valor dos benefícios emitidos no mês de dezembro";"Tocantins";"Mocajuba";"Urbano";"2020";225173,78
"Social";"Previdência Social";"Valor dos benefícios emitidos no mês de dezembro";"Tocantins";"Mocajuba";"Urbano";"2021";224511,21
"Social";"Previdência Social";"Valor dos benefícios emitidos no mês de dezembro";"Tocantins";"Mocajuba";"Urbano";"2022";259480,33
"Social";"Previdência Social";"Valor dos benefícios emitidos no mês de dezembro";"Tocantins";"Mocajuba";"Urbano";"2023";305135,14
"Social";"Previdência Social";"Valor dos benefícios emitidos no mês de dezembro";"Tocantins";"Mocajuba";"Urbano";"2024";343295,64
"Social";"Previdência Social";"Valor dos benefícios emitidos no mês de dezembro";"Tocantins";"Moju";"Urbano";"2016";1758749,38999994
"Social";"Previdência Social";"Valor dos benefícios emitidos no mês de dezembro";"Tocantins";"Moju";"Urbano";"2018";761147,009999874
"Social";"Previdência Social";"Valor dos benefícios emitidos no mês de dezembro";"Tocantins";"Moju";"Urbano";"2019";873005,87
"Social";"Previdência Social";"Valor dos benefícios emitidos no mês de dezembro";"Tocantins";"Moju";"Urbano";"2020";914759,97
"Social";"Previdência Social";"Valor dos benefícios emitidos no mês de dezembro";"Tocantins";"Moju";"Urbano";"2021";957847,1
"Social";"Previdência Social";"Valor dos benefícios emitidos no mês de dezembro";"Tocantins";"Moju";"Urbano";"2022";1074913,67
"Social";"Previdência Social";"Valor dos benefícios emitidos no mês de dezembro";"Tocantins";"Moju";"Urbano";"2023";1234734,87
"Social";"Previdência Social";"Valor dos benefícios emitidos no mês de dezembro";"Tocantins";"Moju";"Urbano";"2024";1361159,64
"Social";"Previdência Social";"Valor dos benefícios emitidos no mês de dezembro";"Baixo Amazonas";"Mojuí dos campos";"Urbano";"2016";37659,5300000012
"Social";"Previdência Social";"Valor dos benefícios emitidos no mês de dezembro";"Baixo Amazonas";"Mojuí dos campos";"Urbano";"2018";251204,189999938
"Social";"Previdência Social";"Valor dos benefícios emitidos no mês de dezembro";"Baixo Amazonas";"Mojuí dos campos";"Urbano";"2019";249288,3
"Social";"Previdência Social";"Valor dos benefícios emitidos no mês de dezembro";"Baixo Amazonas";"Mojuí dos campos";"Urbano";"2020";257530,02
"Social";"Previdência Social";"Valor dos benefícios emitidos no mês de dezembro";"Baixo Amazonas";"Mojuí dos campos";"Urbano";"2021";237405,14
"Social";"Previdência Social";"Valor dos benefícios emitidos no mês de dezembro";"Baixo Amazonas";"Mojuí dos campos";"Urbano";"2022";264261,43
"Social";"Previdência Social";"Valor dos benefícios emitidos no mês de dezembro";"Baixo Amazonas";"Mojuí dos campos";"Urbano";"2023";322536,56
"Social";"Previdência Social";"Valor dos benefícios emitidos no mês de dezembro";"Baixo Amazonas";"Mojuí dos campos";"Urbano";"2024";359218,82
"Social";"Previdência Social";"Valor dos benefícios emitidos no mês de dezembro";"Baixo Amazonas";"Monte Alegre";"Urbano";"2016";1877912,12999999
"Social";"Previdência Social";"Valor dos benefícios emitidos no mês de dezembro";"Baixo Amazonas";"Monte Alegre";"Urbano";"2018";723272,620000049
"Social";"Previdência Social";"Valor dos benefícios emitidos no mês de dezembro";"Baixo Amazonas";"Monte Alegre";"Urbano";"2019";846537,36
"Social";"Previdência Social";"Valor dos benefícios emitidos no mês de dezembro";"Baixo Amazonas";"Monte Alegre";"Urbano";"2020";915468,04
"Social";"Previdência Social";"Valor dos benefícios emitidos no mês de dezembro";"Baixo Amazonas";"Monte Alegre";"Urbano";"2021";990536,67
"Social";"Previdência Social";"Valor dos benefícios emitidos no mês de dezembro";"Baixo Amazonas";"Monte Alegre";"Urbano";"2022";1124933,84
"Social";"Previdência Social";"Valor dos benefícios emitidos no mês de dezembro";"Baixo Amazonas";"Monte Alegre";"Urbano";"2023";1326679,93
"Social";"Previdência Social";"Valor dos benefícios emitidos no mês de dezembro";"Baixo Amazonas";"Monte Alegre";"Urbano";"2024";1530849,75
"Social";"Previdência Social";"Valor dos benefícios emitidos no mês de dezembro";"Marajó";"Muaná";"Urbano";"2016";613375,500000015
"Social";"Previdência Social";"Valor dos benefícios emitidos no mês de dezembro";"Marajó";"Muaná";"Urbano";"2018";71616,7900000121
"Social";"Previdência Social";"Valor dos benefícios emitidos no mês de dezembro";"Marajó";"Muaná";"Urbano";"2019";70813,35
"Social";"Previdência Social";"Valor dos benefícios emitidos no mês de dezembro";"Marajó";"Muaná";"Urbano";"2020";83490,48
"Social";"Previdência Social";"Valor dos benefícios emitidos no mês de dezembro";"Marajó";"Muaná";"Urbano";"2021";76784,7
"Social";"Previdência Social";"Valor dos benefícios emitidos no mês de dezembro";"Marajó";"Muaná";"Urbano";"2022";95565,06
"Social";"Previdência Social";"Valor dos benefícios emitidos no mês de dezembro";"Marajó";"Muaná";"Urbano";"2023";117246,31
"Social";"Previdência Social";"Valor dos benefícios emitidos no mês de dezembro";"Marajó";"Muaná";"Urbano";"2024";128186,16
"Social";"Previdência Social";"Valor dos benefícios emitidos no mês de dezembro";"Rio Capim";"Nova Esperança do Piriá";"Urbano";"2016";325763,929999998
"Social";"Previdência Social";"Valor dos benefícios emitidos no mês de dezembro";"Rio Capim";"Nova Esperança do Piriá";"Urbano";"2018";59422,8599999994
"Social";"Previdência Social";"Valor dos benefícios emitidos no mês de dezembro";"Rio Capim";"Nova Esperança do Piriá";"Urbano";"2019";63314,56
"Social";"Previdência Social";"Valor dos benefícios emitidos no mês de dezembro";"Rio Capim";"Nova Esperança do Piriá";"Urbano";"2020";76599,45
"Social";"Previdência Social";"Valor dos benefícios emitidos no mês de dezembro";"Rio Capim";"Nova Esperança do Piriá";"Urbano";"2021";75577,1
"Social";"Previdência Social";"Valor dos benefícios emitidos no mês de dezembro";"Rio Capim";"Nova Esperança do Piriá";"Urbano";"2022";85391,1
"Social";"Previdência Social";"Valor dos benefícios emitidos no mês de dezembro";"Rio Capim";"Nova Esperança do Piriá";"Urbano";"2023";96459,16
"Social";"Previdência Social";"Valor dos benefícios emitidos no mês de dezembro";"Rio Capim";"Nova Esperança do Piriá";"Urbano";"2024";109531,71
"Social";"Previdência Social";"Valor dos benefícios emitidos no mês de dezembro";"Lago de Tucuruí";"Nova Ipixuna";"Urbano";"2016";334670,630000006
"Social";"Previdência Social";"Valor dos benefícios emitidos no mês de dezembro";"Lago de Tucuruí";"Nova Ipixuna";"Urbano";"2018";94877,3900000304
"Social";"Previdência Social";"Valor dos benefícios emitidos no mês de dezembro";"Lago de Tucuruí";"Nova Ipixuna";"Urbano";"2019";120400,33
"Social";"Previdência Social";"Valor dos benefícios emitidos no mês de dezembro";"Lago de Tucuruí";"Nova Ipixuna";"Urbano";"2020";122385,3
"Social";"Previdência Social";"Valor dos benefícios emitidos no mês de dezembro";"Lago de Tucuruí";"Nova Ipixuna";"Urbano";"2021";121916,26
"Social";"Previdência Social";"Valor dos benefícios emitidos no mês de dezembro";"Lago de Tucuruí";"Nova Ipixuna";"Urbano";"2022";138820,08
"Social";"Previdência Social";"Valor dos benefícios emitidos no mês de dezembro";"Lago de Tucuruí";"Nova Ipixuna";"Urbano";"2023";147106,71
"Social";"Previdência Social";"Valor dos benefícios emitidos no mês de dezembro";"Lago de Tucuruí";"Nova Ipixuna";"Urbano";"2024";164413,72
"Social";"Previdência Social";"Valor dos benefícios emitidos no mês de dezembro";"Rio Caeté";"Nova Timboteua";"Urbano";"2016";747866,389999967
"Social";"Previdência Social";"Valor dos benefícios emitidos no mês de dezembro";"Rio Caeté";"Nova Timboteua";"Urbano";"2018";395777,909999877
"Social";"Previdência Social";"Valor dos benefícios emitidos no mês de dezembro";"Rio Caeté";"Nova Timboteua";"Urbano";"2019";307370,78
"Social";"Previdência Social";"Valor dos benefícios emitidos no mês de dezembro";"Rio Caeté";"Nova Timboteua";"Urbano";"2020";340279,93
"Social";"Previdência Social";"Valor dos benefícios emitidos no mês de dezembro";"Rio Caeté";"Nova Timboteua";"Urbano";"2021";368136,99
"Social";"Previdência Social";"Valor dos benefícios emitidos no mês de dezembro";"Rio Caeté";"Nova Timboteua";"Urbano";"2022";404854,26
"Social";"Previdência Social";"Valor dos benefícios emitidos no mês de dezembro";"Rio Caeté";"Nova Timboteua";"Urbano";"2023";470345,18
"Social";"Previdência Social";"Valor dos benefícios emitidos no mês de dezembro";"Rio Caeté";"Nova Timboteua";"Urbano";"2024";506425,99
"Social";"Previdência Social";"Valor dos benefícios emitidos no mês de dezembro";"Tapajós";"Novo Progresso";"Urbano";"2016";1071880,03000004
"Social";"Previdência Social";"Valor dos benefícios emitidos no mês de dezembro";"Tapajós";"Novo Progresso";"Urbano";"2018";669444,870000068
"Social";"Previdência Social";"Valor dos benefícios emitidos no mês de dezembro";"Tapajós";"Novo Progresso";"Urbano";"2019";806168,96
"Social";"Previdência Social";"Valor dos benefícios emitidos no mês de dezembro";"Tapajós";"Novo Progresso";"Urbano";"2020";865176,88
"Social";"Previdência Social";"Valor dos benefícios emitidos no mês de dezembro";"Tapajós";"Novo Progresso";"Urbano";"2021";1233803,76
"Social";"Previdência Social";"Valor dos benefícios emitidos no mês de dezembro";"Tapajós";"Novo Progresso";"Urbano";"2022";1487140,81
"Social";"Previdência Social";"Valor dos benefícios emitidos no mês de dezembro";"Tapajós";"Novo Progresso";"Urbano";"2023";1718664,64
"Social";"Previdência Social";"Valor dos benefícios emitidos no mês de dezembro";"Tapajós";"Novo Progresso";"Urbano";"2024";2009399,3
"Social";"Previdência Social";"Valor dos benefícios emitidos no mês de dezembro";"Lago de Tucuruí";"Novo Repartimento";"Urbano";"2016";1250573,06000002
"Social";"Previdência Social";"Valor dos benefícios emitidos no mês de dezembro";"Lago de Tucuruí";"Novo Repartimento";"Urbano";"2018";487266,310000044
"Social";"Previdência Social";"Valor dos benefícios emitidos no mês de dezembro";"Lago de Tucuruí";"Novo Repartimento";"Urbano";"2019";555387,51
"Social";"Previdência Social";"Valor dos benefícios emitidos no mês de dezembro";"Lago de Tucuruí";"Novo Repartimento";"Urbano";"2020";577398,73
"Social";"Previdência Social";"Valor dos benefícios emitidos no mês de dezembro";"Lago de Tucuruí";"Novo Repartimento";"Urbano";"2021";629706,26
"Social";"Previdência Social";"Valor dos benefícios emitidos no mês de dezembro";"Lago de Tucuruí";"Novo Repartimento";"Urbano";"2022";760316,72
"Social";"Previdência Social";"Valor dos benefícios emitidos no mês de dezembro";"Lago de Tucuruí";"Novo Repartimento";"Urbano";"2023";905605,82
"Social";"Previdência Social";"Valor dos benefícios emitidos no mês de dezembro";"Lago de Tucuruí";"Novo Repartimento";"Urbano";"2024";1009092,62
"Social";"Previdência Social";"Valor dos benefícios emitidos no mês de dezembro";"Baixo Amazonas";"Óbidos";"Urbano";"2016";2008420,21999992
"Social";"Previdência Social";"Valor dos benefícios emitidos no mês de dezembro";"Baixo Amazonas";"Óbidos";"Urbano";"2018";1040707,99000012
"Social";"Previdência Social";"Valor dos benefícios emitidos no mês de dezembro";"Baixo Amazonas";"Óbidos";"Urbano";"2019";1185218,75
"Social";"Previdência Social";"Valor dos benefícios emitidos no mês de dezembro";"Baixo Amazonas";"Óbidos";"Urbano";"2020";1279571,36
"Social";"Previdência Social";"Valor dos benefícios emitidos no mês de dezembro";"Baixo Amazonas";"Óbidos";"Urbano";"2021";1339932,1
"Social";"Previdência Social";"Valor dos benefícios emitidos no mês de dezembro";"Baixo Amazonas";"Óbidos";"Urbano";"2022";1519187,94
"Social";"Previdência Social";"Valor dos benefícios emitidos no mês de dezembro";"Baixo Amazonas";"Óbidos";"Urbano";"2023";1724862,55
"Social";"Previdência Social";"Valor dos benefícios emitidos no mês de dezembro";"Baixo Amazonas";"Óbidos";"Urbano";"2024";1920546,57
"Social";"Previdência Social";"Valor dos benefícios emitidos no mês de dezembro";"Marajó";"Oeiras do Pará";"Urbano";"2016";252888,210000001
"Social";"Previdência Social";"Valor dos benefícios emitidos no mês de dezembro";"Marajó";"Oeiras do Pará";"Urbano";"2018";33685,5900000073
"Social";"Previdência Social";"Valor dos benefícios emitidos no mês de dezembro";"Marajó";"Oeiras do Pará";"Urbano";"2019";33155,85
"Social";"Previdência Social";"Valor dos benefícios emitidos no mês de dezembro";"Marajó";"Oeiras do Pará";"Urbano";"2020";42125,69
"Social";"Previdência Social";"Valor dos benefícios emitidos no mês de dezembro";"Marajó";"Oeiras do Pará";"Urbano";"2021";45549,25
"Social";"Previdência Social";"Valor dos benefícios emitidos no mês de dezembro";"Marajó";"Oeiras do Pará";"Urbano";"2022";55016,03
"Social";"Previdência Social";"Valor dos benefícios emitidos no mês de dezembro";"Marajó";"Oeiras do Pará";"Urbano";"2023";66868,28
"Social";"Previdência Social";"Valor dos benefícios emitidos no mês de dezembro";"Marajó";"Oeiras do Pará";"Urbano";"2024";67635,32
"Social";"Previdência Social";"Valor dos benefícios emitidos no mês de dezembro";"Baixo Amazonas";"Oriximiná";"Urbano";"2016";2926323,49000027
"Social";"Previdência Social";"Valor dos benefícios emitidos no mês de dezembro";"Baixo Amazonas";"Oriximiná";"Urbano";"2018";2017368,88000031
"Social";"Previdência Social";"Valor dos benefícios emitidos no mês de dezembro";"Baixo Amazonas";"Oriximiná";"Urbano";"2019";2415416,67
"Social";"Previdência Social";"Valor dos benefícios emitidos no mês de dezembro";"Baixo Amazonas";"Oriximiná";"Urbano";"2020";2618331,79
"Social";"Previdência Social";"Valor dos benefícios emitidos no mês de dezembro";"Baixo Amazonas";"Oriximiná";"Urbano";"2021";2800798,67
"Social";"Previdência Social";"Valor dos benefícios emitidos no mês de dezembro";"Baixo Amazonas";"Oriximiná";"Urbano";"2022";3082146,67
"Social";"Previdência Social";"Valor dos benefícios emitidos no mês de dezembro";"Baixo Amazonas";"Oriximiná";"Urbano";"2023";3417254,59
"Social";"Previdência Social";"Valor dos benefícios emitidos no mês de dezembro";"Baixo Amazonas";"Oriximiná";"Urbano";"2024";3729475,49
"Social";"Previdência Social";"Valor dos benefícios emitidos no mês de dezembro";"Rio Capim";"Ourém";"Urbano";"2016";636869,410000063
"Social";"Previdência Social";"Valor dos benefícios emitidos no mês de dezembro";"Rio Capim";"Ourém";"Urbano";"2018";225820,090000053
"Social";"Previdência Social";"Valor dos benefícios emitidos no mês de dezembro";"Rio Capim";"Ourém";"Urbano";"2019";271826,22
"Social";"Previdência Social";"Valor dos benefícios emitidos no mês de dezembro";"Rio Capim";"Ourém";"Urbano";"2020";286516,32
"Social";"Previdência Social";"Valor dos benefícios emitidos no mês de dezembro";"Rio Capim";"Ourém";"Urbano";"2021";176791,2
"Social";"Previdência Social";"Valor dos benefícios emitidos no mês de dezembro";"Rio Capim";"Ourém";"Urbano";"2022";183083,04
"Social";"Previdência Social";"Valor dos benefícios emitidos no mês de dezembro";"Rio Capim";"Ourém";"Urbano";"2023";210729,65
"Social";"Previdência Social";"Valor dos benefícios emitidos no mês de dezembro";"Rio Capim";"Ourém";"Urbano";"2024";229695,01
"Social";"Previdência Social";"Valor dos benefícios emitidos no mês de dezembro";"Araguaia";"Ourilândia do Norte";"Urbano";"2016";1101454,84
"Social";"Previdência Social";"Valor dos benefícios emitidos no mês de dezembro";"Araguaia";"Ourilândia do Norte";"Urbano";"2018";566314,360000003
"Social";"Previdência Social";"Valor dos benefícios emitidos no mês de dezembro";"Araguaia";"Ourilândia do Norte";"Urbano";"2019";576179,95
"Social";"Previdência Social";"Valor dos benefícios emitidos no mês de dezembro";"Araguaia";"Ourilândia do Norte";"Urbano";"2020";614858,14
"Social";"Previdência Social";"Valor dos benefícios emitidos no mês de dezembro";"Araguaia";"Ourilândia do Norte";"Urbano";"2021";645594,8
"Social";"Previdência Social";"Valor dos benefícios emitidos no mês de dezembro";"Araguaia";"Ourilândia do Norte";"Urbano";"2022";756849,09
"Social";"Previdência Social";"Valor dos benefícios emitidos no mês de dezembro";"Araguaia";"Ourilândia do Norte";"Urbano";"2023";890578,76
"Social";"Previdência Social";"Valor dos benefícios emitidos no mês de dezembro";"Araguaia";"Ourilândia do Norte";"Urbano";"2024";991179,26
"Social";"Previdência Social";"Valor dos benefícios emitidos no mês de dezembro";"Xingu";"Pacajá";"Urbano";"2016";592267,089999996
"Social";"Previdência Social";"Valor dos benefícios emitidos no mês de dezembro";"Xingu";"Pacajá";"Urbano";"2018";228319,939999967
"Social";"Previdência Social";"Valor dos benefícios emitidos no mês de dezembro";"Xingu";"Pacajá";"Urbano";"2019";287494,45
"Social";"Previdência Social";"Valor dos benefícios emitidos no mês de dezembro";"Xingu";"Pacajá";"Urbano";"2020";299025,48
"Social";"Previdência Social";"Valor dos benefícios emitidos no mês de dezembro";"Xingu";"Pacajá";"Urbano";"2021";301901,01
"Social";"Previdência Social";"Valor dos benefícios emitidos no mês de dezembro";"Xingu";"Pacajá";"Urbano";"2022";329877,79
"Social";"Previdência Social";"Valor dos benefícios emitidos no mês de dezembro";"Xingu";"Pacajá";"Urbano";"2023";395428,98
"Social";"Previdência Social";"Valor dos benefícios emitidos no mês de dezembro";"Xingu";"Pacajá";"Urbano";"2024";441147,06
"Social";"Previdência Social";"Valor dos benefícios emitidos no mês de dezembro";"Carajás";"Palestina do Pará";"Urbano";"2016";67515,9100000048
"Social";"Previdência Social";"Valor dos benefícios emitidos no mês de dezembro";"Carajás";"Palestina do Pará";"Urbano";"2018";25992,9099999983
"Social";"Previdência Social";"Valor dos benefícios emitidos no mês de dezembro";"Carajás";"Palestina do Pará";"Urbano";"2019";33738,48
"Social";"Previdência Social";"Valor dos benefícios emitidos no mês de dezembro";"Carajás";"Palestina do Pará";"Urbano";"2020";38376,21
"Social";"Previdência Social";"Valor dos benefícios emitidos no mês de dezembro";"Carajás";"Palestina do Pará";"Urbano";"2021";45974,72
"Social";"Previdência Social";"Valor dos benefícios emitidos no mês de dezembro";"Carajás";"Palestina do Pará";"Urbano";"2022";61485,7
"Social";"Previdência Social";"Valor dos benefícios emitidos no mês de dezembro";"Carajás";"Palestina do Pará";"Urbano";"2023";75074,37
"Social";"Previdência Social";"Valor dos benefícios emitidos no mês de dezembro";"Carajás";"Palestina do Pará";"Urbano";"2024";27074
"Social";"Previdência Social";"Valor dos benefícios emitidos no mês de dezembro";"Rio Capim";"Paragominas";"Urbano";"2016";5010199,03999975
"Social";"Previdência Social";"Valor dos benefícios emitidos no mês de dezembro";"Rio Capim";"Paragominas";"Urbano";"2018";2871239,1499999
"Social";"Previdência Social";"Valor dos benefícios emitidos no mês de dezembro";"Rio Capim";"Paragominas";"Urbano";"2019";3279813,02
"Social";"Previdência Social";"Valor dos benefícios emitidos no mês de dezembro";"Rio Capim";"Paragominas";"Urbano";"2020";3369038,14
"Social";"Previdência Social";"Valor dos benefícios emitidos no mês de dezembro";"Rio Capim";"Paragominas";"Urbano";"2021";3508826,59
"Social";"Previdência Social";"Valor dos benefícios emitidos no mês de dezembro";"Rio Capim";"Paragominas";"Urbano";"2022";4153357,27
"Social";"Previdência Social";"Valor dos benefícios emitidos no mês de dezembro";"Rio Capim";"Paragominas";"Urbano";"2023";4985140,06
"Social";"Previdência Social";"Valor dos benefícios emitidos no mês de dezembro";"Rio Capim";"Paragominas";"Urbano";"2024";5412708,23
"Social";"Previdência Social";"Valor dos benefícios emitidos no mês de dezembro";"Carajás";"Parauapebas";"Urbano";"2016";7913468,5500001
"Social";"Previdência Social";"Valor dos benefícios emitidos no mês de dezembro";"Carajás";"Parauapebas";"Urbano";"2018";6808129,30999972
"Social";"Previdência Social";"Valor dos benefícios emitidos no mês de dezembro";"Carajás";"Parauapebas";"Urbano";"2019";8760891,32
"Social";"Previdência Social";"Valor dos benefícios emitidos no mês de dezembro";"Carajás";"Parauapebas";"Urbano";"2020";9342409,94
"Social";"Previdência Social";"Valor dos benefícios emitidos no mês de dezembro";"Carajás";"Parauapebas";"Urbano";"2021";9958900,86
"Social";"Previdência Social";"Valor dos benefícios emitidos no mês de dezembro";"Carajás";"Parauapebas";"Urbano";"2022";11897089,09
"Social";"Previdência Social";"Valor dos benefícios emitidos no mês de dezembro";"Carajás";"Parauapebas";"Urbano";"2023";14185245,75
"Social";"Previdência Social";"Valor dos benefícios emitidos no mês de dezembro";"Carajás";"Parauapebas";"Urbano";"2024";16489459,01
"Social";"Previdência Social";"Valor dos benefícios emitidos no mês de dezembro";"Araguaia";"Pau D'Arco";"Urbano";"2016";174068,120000007
"Social";"Previdência Social";"Valor dos benefícios emitidos no mês de dezembro";"Araguaia";"Pau D'Arco";"Urbano";"2018";47945,9499999974
"Social";"Previdência Social";"Valor dos benefícios emitidos no mês de dezembro";"Araguaia";"Pau D'Arco";"Urbano";"2019";55439,49
"Social";"Previdência Social";"Valor dos benefícios emitidos no mês de dezembro";"Araguaia";"Pau D'Arco";"Urbano";"2020";62953,57
"Social";"Previdência Social";"Valor dos benefícios emitidos no mês de dezembro";"Araguaia";"Pau D'Arco";"Urbano";"2021";76595,79
"Social";"Previdência Social";"Valor dos benefícios emitidos no mês de dezembro";"Araguaia";"Pau D'Arco";"Urbano";"2022";78249,36
"Social";"Previdência Social";"Valor dos benefícios emitidos no mês de dezembro";"Araguaia";"Pau D'Arco";"Urbano";"2023";93675,01
"Social";"Previdência Social";"Valor dos benefícios emitidos no mês de dezembro";"Araguaia";"Pau D'Arco";"Urbano";"2024";99668,65
"Social";"Previdência Social";"Valor dos benefícios emitidos no mês de dezembro";"Rio Caeté";"Peixe-Boi";"Urbano";"2016";72888,0699999994
"Social";"Previdência Social";"Valor dos benefícios emitidos no mês de dezembro";"Rio Caeté";"Peixe-Boi";"Urbano";"2018";48918,8500000057
"Social";"Previdência Social";"Valor dos benefícios emitidos no mês de dezembro";"Rio Caeté";"Peixe-Boi";"Urbano";"2019";14884,93
"Social";"Previdência Social";"Valor dos benefícios emitidos no mês de dezembro";"Rio Caeté";"Peixe-Boi";"Urbano";"2020";28766,14
"Social";"Previdência Social";"Valor dos benefícios emitidos no mês de dezembro";"Rio Caeté";"Peixe-Boi";"Urbano";"2021";34896,61
"Social";"Previdência Social";"Valor dos benefícios emitidos no mês de dezembro";"Rio Caeté";"Peixe-Boi";"Urbano";"2022";38180,46
"Social";"Previdência Social";"Valor dos benefícios emitidos no mês de dezembro";"Rio Caeté";"Peixe-Boi";"Urbano";"2023";47589,92
"Social";"Previdência Social";"Valor dos benefícios emitidos no mês de dezembro";"Rio Caeté";"Peixe-Boi";"Urbano";"2024";61735,65
"Social";"Previdência Social";"Valor dos benefícios emitidos no mês de dezembro";"Carajás";"Piçarra";"Urbano";"2016";77708,9399999995
"Social";"Previdência Social";"Valor dos benefícios emitidos no mês de dezembro";"Carajás";"Piçarra";"Urbano";"2018";38681,2699999996
"Social";"Previdência Social";"Valor dos benefícios emitidos no mês de dezembro";"Carajás";"Piçarra";"Urbano";"2019";44795,69
"Social";"Previdência Social";"Valor dos benefícios emitidos no mês de dezembro";"Carajás";"Piçarra";"Urbano";"2020";66209,18
"Social";"Previdência Social";"Valor dos benefícios emitidos no mês de dezembro";"Carajás";"Piçarra";"Urbano";"2021";62811,15
"Social";"Previdência Social";"Valor dos benefícios emitidos no mês de dezembro";"Carajás";"Piçarra";"Urbano";"2022";67589,43
"Social";"Previdência Social";"Valor dos benefícios emitidos no mês de dezembro";"Carajás";"Piçarra";"Urbano";"2023";78565,47
"Social";"Previdência Social";"Valor dos benefícios emitidos no mês de dezembro";"Carajás";"Piçarra";"Urbano";"2024";110552,7
"Social";"Previdência Social";"Valor dos benefícios emitidos no mês de dezembro";"Xingu";"Placas";"Urbano";"2016";174318,819999993
"Social";"Previdência Social";"Valor dos benefícios emitidos no mês de dezembro";"Xingu";"Placas";"Urbano";"2018";73167,3400000229
"Social";"Previdência Social";"Valor dos benefícios emitidos no mês de dezembro";"Xingu";"Placas";"Urbano";"2019";83680,12
"Social";"Previdência Social";"Valor dos benefícios emitidos no mês de dezembro";"Xingu";"Placas";"Urbano";"2020";105211,62
"Social";"Previdência Social";"Valor dos benefícios emitidos no mês de dezembro";"Xingu";"Placas";"Urbano";"2021";126969,19
"Social";"Previdência Social";"Valor dos benefícios emitidos no mês de dezembro";"Xingu";"Placas";"Urbano";"2022";130127,99
"Social";"Previdência Social";"Valor dos benefícios emitidos no mês de dezembro";"Xingu";"Placas";"Urbano";"2023";155440,7
"Social";"Previdência Social";"Valor dos benefícios emitidos no mês de dezembro";"Xingu";"Placas";"Urbano";"2024";205597,28
"Social";"Previdência Social";"Valor dos benefícios emitidos no mês de dezembro";"Marajó";"Ponta de Pedras";"Urbano";"2016";456810,449999949
"Social";"Previdência Social";"Valor dos benefícios emitidos no mês de dezembro";"Marajó";"Ponta de Pedras";"Urbano";"2018";158426,800000034
"Social";"Previdência Social";"Valor dos benefícios emitidos no mês de dezembro";"Marajó";"Ponta de Pedras";"Urbano";"2019";199073,3
"Social";"Previdência Social";"Valor dos benefícios emitidos no mês de dezembro";"Marajó";"Ponta de Pedras";"Urbano";"2020";246455,82
"Social";"Previdência Social";"Valor dos benefícios emitidos no mês de dezembro";"Marajó";"Ponta de Pedras";"Urbano";"2021";258059,59
"Social";"Previdência Social";"Valor dos benefícios emitidos no mês de dezembro";"Marajó";"Ponta de Pedras";"Urbano";"2022";294877,85
"Social";"Previdência Social";"Valor dos benefícios emitidos no mês de dezembro";"Marajó";"Ponta de Pedras";"Urbano";"2023";323377,92
"Social";"Previdência Social";"Valor dos benefícios emitidos no mês de dezembro";"Marajó";"Ponta de Pedras";"Urbano";"2024";339110,72
"Social";"Previdência Social";"Valor dos benefícios emitidos no mês de dezembro";"Marajó";"Portel";"Urbano";"2016";1616744,77000001
"Social";"Previdência Social";"Valor dos benefícios emitidos no mês de dezembro";"Marajó";"Portel";"Urbano";"2018";396851,889999982
"Social";"Previdência Social";"Valor dos benefícios emitidos no mês de dezembro";"Marajó";"Portel";"Urbano";"2019";442579,58
"Social";"Previdência Social";"Valor dos benefícios emitidos no mês de dezembro";"Marajó";"Portel";"Urbano";"2020";503691,26
"Social";"Previdência Social";"Valor dos benefícios emitidos no mês de dezembro";"Marajó";"Portel";"Urbano";"2021";502591,32
"Social";"Previdência Social";"Valor dos benefícios emitidos no mês de dezembro";"Marajó";"Portel";"Urbano";"2022";568763,75
"Social";"Previdência Social";"Valor dos benefícios emitidos no mês de dezembro";"Marajó";"Portel";"Urbano";"2023";602237,83
"Social";"Previdência Social";"Valor dos benefícios emitidos no mês de dezembro";"Marajó";"Portel";"Urbano";"2024";636523,23
"Social";"Previdência Social";"Valor dos benefícios emitidos no mês de dezembro";"Xingu";"Porto de Moz";"Urbano";"2016";901706,179999996
"Social";"Previdência Social";"Valor dos benefícios emitidos no mês de dezembro";"Xingu";"Porto de Moz";"Urbano";"2018";171136,750000007
"Social";"Previdência Social";"Valor dos benefícios emitidos no mês de dezembro";"Xingu";"Porto de Moz";"Urbano";"2019";214200,28
"Social";"Previdência Social";"Valor dos benefícios emitidos no mês de dezembro";"Xingu";"Porto de Moz";"Urbano";"2020";237797,56
"Social";"Previdência Social";"Valor dos benefícios emitidos no mês de dezembro";"Xingu";"Porto de Moz";"Urbano";"2021";252594,79
"Social";"Previdência Social";"Valor dos benefícios emitidos no mês de dezembro";"Xingu";"Porto de Moz";"Urbano";"2022";339843,32
"Social";"Previdência Social";"Valor dos benefícios emitidos no mês de dezembro";"Xingu";"Porto de Moz";"Urbano";"2023";431252,91
"Social";"Previdência Social";"Valor dos benefícios emitidos no mês de dezembro";"Xingu";"Porto de Moz";"Urbano";"2024";514376,52
"Social";"Previdência Social";"Valor dos benefícios emitidos no mês de dezembro";"Baixo Amazonas";"Prainha";"Urbano";"2016";491108,119999986
"Social";"Previdência Social";"Valor dos benefícios emitidos no mês de dezembro";"Baixo Amazonas";"Prainha";"Urbano";"2018";126354,789999999
"Social";"Previdência Social";"Valor dos benefícios emitidos no mês de dezembro";"Baixo Amazonas";"Prainha";"Urbano";"2019";156200,15
"Social";"Previdência Social";"Valor dos benefícios emitidos no mês de dezembro";"Baixo Amazonas";"Prainha";"Urbano";"2020";176820,69
"Social";"Previdência Social";"Valor dos benefícios emitidos no mês de dezembro";"Baixo Amazonas";"Prainha";"Urbano";"2021";207116,75
"Social";"Previdência Social";"Valor dos benefícios emitidos no mês de dezembro";"Baixo Amazonas";"Prainha";"Urbano";"2022";224884,91
"Social";"Previdência Social";"Valor dos benefícios emitidos no mês de dezembro";"Baixo Amazonas";"Prainha";"Urbano";"2023";251103,52
"Social";"Previdência Social";"Valor dos benefícios emitidos no mês de dezembro";"Baixo Amazonas";"Prainha";"Urbano";"2024";278841,04
"Social";"Previdência Social";"Valor dos benefícios emitidos no mês de dezembro";"Rio Caeté";"Primavera";"Urbano";"2016";208479,849999992
"Social";"Previdência Social";"Valor dos benefícios emitidos no mês de dezembro";"Rio Caeté";"Primavera";"Urbano";"2018";110759,390000015
"Social";"Previdência Social";"Valor dos benefícios emitidos no mês de dezembro";"Rio Caeté";"Primavera";"Urbano";"2019";130472,67
"Social";"Previdência Social";"Valor dos benefícios emitidos no mês de dezembro";"Rio Caeté";"Primavera";"Urbano";"2020";148686,77
"Social";"Previdência Social";"Valor dos benefícios emitidos no mês de dezembro";"Rio Caeté";"Primavera";"Urbano";"2021";138650,95
"Social";"Previdência Social";"Valor dos benefícios emitidos no mês de dezembro";"Rio Caeté";"Primavera";"Urbano";"2022";148089,3
"Social";"Previdência Social";"Valor dos benefícios emitidos no mês de dezembro";"Rio Caeté";"Primavera";"Urbano";"2023";165580,15
"Social";"Previdência Social";"Valor dos benefícios emitidos no mês de dezembro";"Rio Caeté";"Primavera";"Urbano";"2024";181770,09
"Social";"Previdência Social";"Valor dos benefícios emitidos no mês de dezembro";"Rio Caeté";"Quatipuru";"Urbano";"2016";204606,130000005
"Social";"Previdência Social";"Valor dos benefícios emitidos no mês de dezembro";"Rio Caeté";"Quatipuru";"Urbano";"2018";80949,2000000114
"Social";"Previdência Social";"Valor dos benefícios emitidos no mês de dezembro";"Rio Caeté";"Quatipuru";"Urbano";"2019";87398,2
"Social";"Previdência Social";"Valor dos benefícios emitidos no mês de dezembro";"Rio Caeté";"Quatipuru";"Urbano";"2020";90089,09
"Social";"Previdência Social";"Valor dos benefícios emitidos no mês de dezembro";"Rio Caeté";"Quatipuru";"Urbano";"2021";79260,19
"Social";"Previdência Social";"Valor dos benefícios emitidos no mês de dezembro";"Rio Caeté";"Quatipuru";"Urbano";"2022";84857,18
"Social";"Previdência Social";"Valor dos benefícios emitidos no mês de dezembro";"Rio Caeté";"Quatipuru";"Urbano";"2023";94911,84
"Social";"Previdência Social";"Valor dos benefícios emitidos no mês de dezembro";"Rio Caeté";"Quatipuru";"Urbano";"2024";98687,05
"Social";"Previdência Social";"Valor dos benefícios emitidos no mês de dezembro";"Araguaia";"Redenção";"Urbano";"2016";4858242,02999988
"Social";"Previdência Social";"Valor dos benefícios emitidos no mês de dezembro";"Araguaia";"Redenção";"Urbano";"2018";2498080,13999974
"Social";"Previdência Social";"Valor dos benefícios emitidos no mês de dezembro";"Araguaia";"Redenção";"Urbano";"2019";2750880,76
"Social";"Previdência Social";"Valor dos benefícios emitidos no mês de dezembro";"Araguaia";"Redenção";"Urbano";"2020";2865648,61
"Social";"Previdência Social";"Valor dos benefícios emitidos no mês de dezembro";"Araguaia";"Redenção";"Urbano";"2021";3206436,95
"Social";"Previdência Social";"Valor dos benefícios emitidos no mês de dezembro";"Araguaia";"Redenção";"Urbano";"2022";3896877,51
"Social";"Previdência Social";"Valor dos benefícios emitidos no mês de dezembro";"Araguaia";"Redenção";"Urbano";"2023";4457581,66
"Social";"Previdência Social";"Valor dos benefícios emitidos no mês de dezembro";"Araguaia";"Redenção";"Urbano";"2024";4917966,07
"Social";"Previdência Social";"Valor dos benefícios emitidos no mês de dezembro";"Araguaia";"Rio Maria";"Urbano";"2016";806584,550000001
"Social";"Previdência Social";"Valor dos benefícios emitidos no mês de dezembro";"Araguaia";"Rio Maria";"Urbano";"2018";479658,269999869
"Social";"Previdência Social";"Valor dos benefícios emitidos no mês de dezembro";"Araguaia";"Rio Maria";"Urbano";"2019";544768,02
"Social";"Previdência Social";"Valor dos benefícios emitidos no mês de dezembro";"Araguaia";"Rio Maria";"Urbano";"2020";592825,01
"Social";"Previdência Social";"Valor dos benefícios emitidos no mês de dezembro";"Araguaia";"Rio Maria";"Urbano";"2021";635644,11
"Social";"Previdência Social";"Valor dos benefícios emitidos no mês de dezembro";"Araguaia";"Rio Maria";"Urbano";"2022";734882,04
"Social";"Previdência Social";"Valor dos benefícios emitidos no mês de dezembro";"Araguaia";"Rio Maria";"Urbano";"2023";808408,2
"Social";"Previdência Social";"Valor dos benefícios emitidos no mês de dezembro";"Araguaia";"Rio Maria";"Urbano";"2024";896994,77
"Social";"Previdência Social";"Valor dos benefícios emitidos no mês de dezembro";"Rio Capim";"Rondon do Pará";"Urbano";"2016";1714881,15999997
"Social";"Previdência Social";"Valor dos benefícios emitidos no mês de dezembro";"Rio Capim";"Rondon do Pará";"Urbano";"2018";1034560,50999992
"Social";"Previdência Social";"Valor dos benefícios emitidos no mês de dezembro";"Rio Capim";"Rondon do Pará";"Urbano";"2019";1172815,25
"Social";"Previdência Social";"Valor dos benefícios emitidos no mês de dezembro";"Rio Capim";"Rondon do Pará";"Urbano";"2020";1295259,39
"Social";"Previdência Social";"Valor dos benefícios emitidos no mês de dezembro";"Rio Capim";"Rondon do Pará";"Urbano";"2021";1332186,83
"Social";"Previdência Social";"Valor dos benefícios emitidos no mês de dezembro";"Rio Capim";"Rondon do Pará";"Urbano";"2022";1588054,87
"Social";"Previdência Social";"Valor dos benefícios emitidos no mês de dezembro";"Rio Capim";"Rondon do Pará";"Urbano";"2023";1848829,87
"Social";"Previdência Social";"Valor dos benefícios emitidos no mês de dezembro";"Rio Capim";"Rondon do Pará";"Urbano";"2024";2010126,52
"Social";"Previdência Social";"Valor dos benefícios emitidos no mês de dezembro";"Tapajós";"Rurópolis";"Urbano";"2016";491177,789999984
"Social";"Previdência Social";"Valor dos benefícios emitidos no mês de dezembro";"Tapajós";"Rurópolis";"Urbano";"2018";131944,179999982
"Social";"Previdência Social";"Valor dos benefícios emitidos no mês de dezembro";"Tapajós";"Rurópolis";"Urbano";"2019";145623,9
"Social";"Previdência Social";"Valor dos benefícios emitidos no mês de dezembro";"Tapajós";"Rurópolis";"Urbano";"2020";164212,92
"Social";"Previdência Social";"Valor dos benefícios emitidos no mês de dezembro";"Tapajós";"Rurópolis";"Urbano";"2021";169686,59
"Social";"Previdência Social";"Valor dos benefícios emitidos no mês de dezembro";"Tapajós";"Rurópolis";"Urbano";"2022";193038,85
"Social";"Previdência Social";"Valor dos benefícios emitidos no mês de dezembro";"Tapajós";"Rurópolis";"Urbano";"2023";238717,41
"Social";"Previdência Social";"Valor dos benefícios emitidos no mês de dezembro";"Tapajós";"Rurópolis";"Urbano";"2024";300548,74
"Social";"Previdência Social";"Valor dos benefícios emitidos no mês de dezembro";"Rio Caeté";"Salinópolis";"Urbano";"2016";1916116,58999985
"Social";"Previdência Social";"Valor dos benefícios emitidos no mês de dezembro";"Rio Caeté";"Salinópolis";"Urbano";"2018";1064218,03000015
"Social";"Previdência Social";"Valor dos benefícios emitidos no mês de dezembro";"Rio Caeté";"Salinópolis";"Urbano";"2019";1308129,81
"Social";"Previdência Social";"Valor dos benefícios emitidos no mês de dezembro";"Rio Caeté";"Salinópolis";"Urbano";"2020";1388568,77
"Social";"Previdência Social";"Valor dos benefícios emitidos no mês de dezembro";"Rio Caeté";"Salinópolis";"Urbano";"2021";1413358,87
"Social";"Previdência Social";"Valor dos benefícios emitidos no mês de dezembro";"Rio Caeté";"Salinópolis";"Urbano";"2022";1653870,33
"Social";"Previdência Social";"Valor dos benefícios emitidos no mês de dezembro";"Rio Caeté";"Salinópolis";"Urbano";"2023";1900001,7
"Social";"Previdência Social";"Valor dos benefícios emitidos no mês de dezembro";"Rio Caeté";"Salinópolis";"Urbano";"2024";2117843,45
"Social";"Previdência Social";"Valor dos benefícios emitidos no mês de dezembro";"Marajó";"Salvaterra";"Urbano";"2016";386003,470000007
"Social";"Previdência Social";"Valor dos benefícios emitidos no mês de dezembro";"Marajó";"Salvaterra";"Urbano";"2018";133697,329999968
"Social";"Previdência Social";"Valor dos benefícios emitidos no mês de dezembro";"Marajó";"Salvaterra";"Urbano";"2019";192644,08
"Social";"Previdência Social";"Valor dos benefícios emitidos no mês de dezembro";"Marajó";"Salvaterra";"Urbano";"2020";204628,68
"Social";"Previdência Social";"Valor dos benefícios emitidos no mês de dezembro";"Marajó";"Salvaterra";"Urbano";"2021";51997,39
"Social";"Previdência Social";"Valor dos benefícios emitidos no mês de dezembro";"Marajó";"Salvaterra";"Urbano";"2022";73249,64
"Social";"Previdência Social";"Valor dos benefícios emitidos no mês de dezembro";"Marajó";"Salvaterra";"Urbano";"2023";90192,06
"Social";"Previdência Social";"Valor dos benefícios emitidos no mês de dezembro";"Marajó";"Salvaterra";"Urbano";"2024";103869,12
"Social";"Previdência Social";"Valor dos benefícios emitidos no mês de dezembro";"Guajará";"Santa Bárbara do Pará";"Urbano";"2016";703730,069999959
"Social";"Previdência Social";"Valor dos benefícios emitidos no mês de dezembro";"Guajará";"Santa Bárbara do Pará";"Urbano";"2018";308833,019999971
"Social";"Previdência Social";"Valor dos benefícios emitidos no mês de dezembro";"Guajará";"Santa Bárbara do Pará";"Urbano";"2019";324801,01
"Social";"Previdência Social";"Valor dos benefícios emitidos no mês de dezembro";"Guajará";"Santa Bárbara do Pará";"Urbano";"2020";348253,41
"Social";"Previdência Social";"Valor dos benefícios emitidos no mês de dezembro";"Guajará";"Santa Bárbara do Pará";"Urbano";"2021";326937,36
"Social";"Previdência Social";"Valor dos benefícios emitidos no mês de dezembro";"Guajará";"Santa Bárbara do Pará";"Urbano";"2022";357902,08
"Social";"Previdência Social";"Valor dos benefícios emitidos no mês de dezembro";"Guajará";"Santa Bárbara do Pará";"Urbano";"2023";386658,25
"Social";"Previdência Social";"Valor dos benefícios emitidos no mês de dezembro";"Guajará";"Santa Bárbara do Pará";"Urbano";"2024";457313,65
"Social";"Previdência Social";"Valor dos benefícios emitidos no mês de dezembro";"Marajó";"Santa Cruz do Arari";"Urbano";"2016";78701,1900000023
"Social";"Previdência Social";"Valor dos benefícios emitidos no mês de dezembro";"Marajó";"Santa Cruz do Arari";"Urbano";"2018";29022,1899999892
"Social";"Previdência Social";"Valor dos benefícios emitidos no mês de dezembro";"Marajó";"Santa Cruz do Arari";"Urbano";"2019";32149
"Social";"Previdência Social";"Valor dos benefícios emitidos no mês de dezembro";"Marajó";"Santa Cruz do Arari";"Urbano";"2020";33972,84
"Social";"Previdência Social";"Valor dos benefícios emitidos no mês de dezembro";"Marajó";"Santa Cruz do Arari";"Urbano";"2021";28615,57
"Social";"Previdência Social";"Valor dos benefícios emitidos no mês de dezembro";"Marajó";"Santa Cruz do Arari";"Urbano";"2022";33097,97
"Social";"Previdência Social";"Valor dos benefícios emitidos no mês de dezembro";"Marajó";"Santa Cruz do Arari";"Urbano";"2023";37799,96
"Social";"Previdência Social";"Valor dos benefícios emitidos no mês de dezembro";"Marajó";"Santa Cruz do Arari";"Urbano";"2024";36082,33
"Social";"Previdência Social";"Valor dos benefícios emitidos no mês de dezembro";"Guamá";"Santa Izabel do Pará";"Urbano";"2016";4175597,00999963
"Social";"Previdência Social";"Valor dos benefícios emitidos no mês de dezembro";"Guamá";"Santa Izabel do Pará";"Urbano";"2018";2530406,08000068
"Social";"Previdência Social";"Valor dos benefícios emitidos no mês de dezembro";"Guamá";"Santa Izabel do Pará";"Urbano";"2019";2871885,8
"Social";"Previdência Social";"Valor dos benefícios emitidos no mês de dezembro";"Guamá";"Santa Izabel do Pará";"Urbano";"2020";3108298,18
"Social";"Previdência Social";"Valor dos benefícios emitidos no mês de dezembro";"Guamá";"Santa Izabel do Pará";"Urbano";"2021";3192286,2
"Social";"Previdência Social";"Valor dos benefícios emitidos no mês de dezembro";"Guamá";"Santa Izabel do Pará";"Urbano";"2022";3508986,87
"Social";"Previdência Social";"Valor dos benefícios emitidos no mês de dezembro";"Guamá";"Santa Izabel do Pará";"Urbano";"2023";3928845,07
"Social";"Previdência Social";"Valor dos benefícios emitidos no mês de dezembro";"Guamá";"Santa Izabel do Pará";"Urbano";"2024";4294532,12
"Social";"Previdência Social";"Valor dos benefícios emitidos no mês de dezembro";"Rio Caeté";"Santa Luzia do Pará";"Urbano";"2016";341634,449999994
"Social";"Previdência Social";"Valor dos benefícios emitidos no mês de dezembro";"Rio Caeté";"Santa Luzia do Pará";"Urbano";"2018";153114,450000021
"Social";"Previdência Social";"Valor dos benefícios emitidos no mês de dezembro";"Rio Caeté";"Santa Luzia do Pará";"Urbano";"2019";167117,18
"Social";"Previdência Social";"Valor dos benefícios emitidos no mês de dezembro";"Rio Caeté";"Santa Luzia do Pará";"Urbano";"2020";179193,64
"Social";"Previdência Social";"Valor dos benefícios emitidos no mês de dezembro";"Rio Caeté";"Santa Luzia do Pará";"Urbano";"2021";175903,93
"Social";"Previdência Social";"Valor dos benefícios emitidos no mês de dezembro";"Rio Caeté";"Santa Luzia do Pará";"Urbano";"2022";209618,86
"Social";"Previdência Social";"Valor dos benefícios emitidos no mês de dezembro";"Rio Caeté";"Santa Luzia do Pará";"Urbano";"2023";224095,79
"Social";"Previdência Social";"Valor dos benefícios emitidos no mês de dezembro";"Rio Caeté";"Santa Luzia do Pará";"Urbano";"2024";237100,49
"Social";"Previdência Social";"Valor dos benefícios emitidos no mês de dezembro";"Araguaia";"Santa Maria das Barreiras";"Urbano";"2016";133993,959999992
"Social";"Previdência Social";"Valor dos benefícios emitidos no mês de dezembro";"Araguaia";"Santa Maria das Barreiras";"Urbano";"2018";42965,9099999843
"Social";"Previdência Social";"Valor dos benefícios emitidos no mês de dezembro";"Araguaia";"Santa Maria das Barreiras";"Urbano";"2019";48826,35
"Social";"Previdência Social";"Valor dos benefícios emitidos no mês de dezembro";"Araguaia";"Santa Maria das Barreiras";"Urbano";"2020";50924,89
"Social";"Previdência Social";"Valor dos benefícios emitidos no mês de dezembro";"Araguaia";"Santa Maria das Barreiras";"Urbano";"2021";46989,1
"Social";"Previdência Social";"Valor dos benefícios emitidos no mês de dezembro";"Araguaia";"Santa Maria das Barreiras";"Urbano";"2022";59128,95
"Social";"Previdência Social";"Valor dos benefícios emitidos no mês de dezembro";"Araguaia";"Santa Maria das Barreiras";"Urbano";"2023";60115,98
"Social";"Previdência Social";"Valor dos benefícios emitidos no mês de dezembro";"Araguaia";"Santa Maria das Barreiras";"Urbano";"2024";70463,16
"Social";"Previdência Social";"Valor dos benefícios emitidos no mês de dezembro";"Guamá";"Santa Maria do Pará";"Urbano";"2016";965389,909999991
"Social";"Previdência Social";"Valor dos benefícios emitidos no mês de dezembro";"Guamá";"Santa Maria do Pará";"Urbano";"2018";540735,650000054
"Social";"Previdência Social";"Valor dos benefícios emitidos no mês de dezembro";"Guamá";"Santa Maria do Pará";"Urbano";"2019";598938,86
"Social";"Previdência Social";"Valor dos benefícios emitidos no mês de dezembro";"Guamá";"Santa Maria do Pará";"Urbano";"2020";647479,35
"Social";"Previdência Social";"Valor dos benefícios emitidos no mês de dezembro";"Guamá";"Santa Maria do Pará";"Urbano";"2021";665337,1
"Social";"Previdência Social";"Valor dos benefícios emitidos no mês de dezembro";"Guamá";"Santa Maria do Pará";"Urbano";"2022";750586,88
"Social";"Previdência Social";"Valor dos benefícios emitidos no mês de dezembro";"Guamá";"Santa Maria do Pará";"Urbano";"2023";799950,56
"Social";"Previdência Social";"Valor dos benefícios emitidos no mês de dezembro";"Guamá";"Santa Maria do Pará";"Urbano";"2024";880262,39
"Social";"Previdência Social";"Valor dos benefícios emitidos no mês de dezembro";"Araguaia";"Santana do Araguaia";"Urbano";"2016";1269025,0399997
"Social";"Previdência Social";"Valor dos benefícios emitidos no mês de dezembro";"Araguaia";"Santana do Araguaia";"Urbano";"2018";490750,810000021
"Social";"Previdência Social";"Valor dos benefícios emitidos no mês de dezembro";"Araguaia";"Santana do Araguaia";"Urbano";"2019";531538,73
"Social";"Previdência Social";"Valor dos benefícios emitidos no mês de dezembro";"Araguaia";"Santana do Araguaia";"Urbano";"2020";575096,56
"Social";"Previdência Social";"Valor dos benefícios emitidos no mês de dezembro";"Araguaia";"Santana do Araguaia";"Urbano";"2021";568209,05
"Social";"Previdência Social";"Valor dos benefícios emitidos no mês de dezembro";"Araguaia";"Santana do Araguaia";"Urbano";"2022";680440,41
"Social";"Previdência Social";"Valor dos benefícios emitidos no mês de dezembro";"Araguaia";"Santana do Araguaia";"Urbano";"2023";781041,73
"Social";"Previdência Social";"Valor dos benefícios emitidos no mês de dezembro";"Araguaia";"Santana do Araguaia";"Urbano";"2024";899178,94
"Social";"Previdência Social";"Valor dos benefícios emitidos no mês de dezembro";"Baixo Amazonas";"Santarém";"Urbano";"2016";23171143,9299997
"Social";"Previdência Social";"Valor dos benefícios emitidos no mês de dezembro";"Baixo Amazonas";"Santarém";"Urbano";"2018";16052598,7300024
"Social";"Previdência Social";"Valor dos benefícios emitidos no mês de dezembro";"Baixo Amazonas";"Santarém";"Urbano";"2019";18258522,18
"Social";"Previdência Social";"Valor dos benefícios emitidos no mês de dezembro";"Baixo Amazonas";"Santarém";"Urbano";"2020";19054761,07
"Social";"Previdência Social";"Valor dos benefícios emitidos no mês de dezembro";"Baixo Amazonas";"Santarém";"Urbano";"2021";20183578,26
"Social";"Previdência Social";"Valor dos benefícios emitidos no mês de dezembro";"Baixo Amazonas";"Santarém";"Urbano";"2022";23070910,43
"Social";"Previdência Social";"Valor dos benefícios emitidos no mês de dezembro";"Baixo Amazonas";"Santarém";"Urbano";"2023";26217316,93
"Social";"Previdência Social";"Valor dos benefícios emitidos no mês de dezembro";"Baixo Amazonas";"Santarém";"Urbano";"2024";29425948,06
"Social";"Previdência Social";"Valor dos benefícios emitidos no mês de dezembro";"Rio Caeté";"Santarém Novo";"Urbano";"2016";68577,9100000039
"Social";"Previdência Social";"Valor dos benefícios emitidos no mês de dezembro";"Rio Caeté";"Santarém Novo";"Urbano";"2018";31718,8599999938
"Social";"Previdência Social";"Valor dos benefícios emitidos no mês de dezembro";"Rio Caeté";"Santarém Novo";"Urbano";"2019";17614,13
"Social";"Previdência Social";"Valor dos benefícios emitidos no mês de dezembro";"Rio Caeté";"Santarém Novo";"Urbano";"2020";21095,66
"Social";"Previdência Social";"Valor dos benefícios emitidos no mês de dezembro";"Rio Caeté";"Santarém Novo";"Urbano";"2021";27785,86
"Social";"Previdência Social";"Valor dos benefícios emitidos no mês de dezembro";"Rio Caeté";"Santarém Novo";"Urbano";"2022";33231,98
"Social";"Previdência Social";"Valor dos benefícios emitidos no mês de dezembro";"Rio Caeté";"Santarém Novo";"Urbano";"2023";35105,68
"Social";"Previdência Social";"Valor dos benefícios emitidos no mês de dezembro";"Rio Caeté";"Santarém Novo";"Urbano";"2024";46950,8
"Social";"Previdência Social";"Valor dos benefícios emitidos no mês de dezembro";"Guamá";"Santo Antônio do Tauá";"Urbano";"2016";816619,20999993
"Social";"Previdência Social";"Valor dos benefícios emitidos no mês de dezembro";"Guamá";"Santo Antônio do Tauá";"Urbano";"2018";305994,920000007
"Social";"Previdência Social";"Valor dos benefícios emitidos no mês de dezembro";"Guamá";"Santo Antônio do Tauá";"Urbano";"2019";319521,45
"Social";"Previdência Social";"Valor dos benefícios emitidos no mês de dezembro";"Guamá";"Santo Antônio do Tauá";"Urbano";"2020";364009,74
"Social";"Previdência Social";"Valor dos benefícios emitidos no mês de dezembro";"Guamá";"Santo Antônio do Tauá";"Urbano";"2021";349075,71
"Social";"Previdência Social";"Valor dos benefícios emitidos no mês de dezembro";"Guamá";"Santo Antônio do Tauá";"Urbano";"2022";369393,6
"Social";"Previdência Social";"Valor dos benefícios emitidos no mês de dezembro";"Guamá";"Santo Antônio do Tauá";"Urbano";"2023";396602,64
"Social";"Previdência Social";"Valor dos benefícios emitidos no mês de dezembro";"Guamá";"Santo Antônio do Tauá";"Urbano";"2024";449449,22
"Social";"Previdência Social";"Valor dos benefícios emitidos no mês de dezembro";"Guamá";"São Caetano de Odivelas";"Urbano";"2016";325838,82999998
"Social";"Previdência Social";"Valor dos benefícios emitidos no mês de dezembro";"Guamá";"São Caetano de Odivelas";"Urbano";"2018";146815,319999993
"Social";"Previdência Social";"Valor dos benefícios emitidos no mês de dezembro";"Guamá";"São Caetano de Odivelas";"Urbano";"2019";164628,62
"Social";"Previdência Social";"Valor dos benefícios emitidos no mês de dezembro";"Guamá";"São Caetano de Odivelas";"Urbano";"2020";182644,07
"Social";"Previdência Social";"Valor dos benefícios emitidos no mês de dezembro";"Guamá";"São Caetano de Odivelas";"Urbano";"2021";158205,82
"Social";"Previdência Social";"Valor dos benefícios emitidos no mês de dezembro";"Guamá";"São Caetano de Odivelas";"Urbano";"2022";172597,77
"Social";"Previdência Social";"Valor dos benefícios emitidos no mês de dezembro";"Guamá";"São Caetano de Odivelas";"Urbano";"2023";197665,28
"Social";"Previdência Social";"Valor dos benefícios emitidos no mês de dezembro";"Guamá";"São Caetano de Odivelas";"Urbano";"2024";224554,04
"Social";"Previdência Social";"Valor dos benefícios emitidos no mês de dezembro";"Carajás";"São Domingos do Araguaia";"Urbano";"2016";1045505,58000026
"Social";"Previdência Social";"Valor dos benefícios emitidos no mês de dezembro";"Carajás";"São Domingos do Araguaia";"Urbano";"2018";296937,52000009
"Social";"Previdência Social";"Valor dos benefícios emitidos no mês de dezembro";"Carajás";"São Domingos do Araguaia";"Urbano";"2019";322147,11
"Social";"Previdência Social";"Valor dos benefícios emitidos no mês de dezembro";"Carajás";"São Domingos do Araguaia";"Urbano";"2020";353781,04
"Social";"Previdência Social";"Valor dos benefícios emitidos no mês de dezembro";"Carajás";"São Domingos do Araguaia";"Urbano";"2021";351221,18
"Social";"Previdência Social";"Valor dos benefícios emitidos no mês de dezembro";"Carajás";"São Domingos do Araguaia";"Urbano";"2022";411911,96
"Social";"Previdência Social";"Valor dos benefícios emitidos no mês de dezembro";"Carajás";"São Domingos do Araguaia";"Urbano";"2023";493980,96
"Social";"Previdência Social";"Valor dos benefícios emitidos no mês de dezembro";"Carajás";"São Domingos do Araguaia";"Urbano";"2024";501243,18
"Social";"Previdência Social";"Valor dos benefícios emitidos no mês de dezembro";"Guamá";"São Domingos do Capim";"Urbano";"2016";620204,359999973
"Social";"Previdência Social";"Valor dos benefícios emitidos no mês de dezembro";"Guamá";"São Domingos do Capim";"Urbano";"2018";207246,730000016
"Social";"Previdência Social";"Valor dos benefícios emitidos no mês de dezembro";"Guamá";"São Domingos do Capim";"Urbano";"2019";244146,43
"Social";"Previdência Social";"Valor dos benefícios emitidos no mês de dezembro";"Guamá";"São Domingos do Capim";"Urbano";"2020";272790,01
"Social";"Previdência Social";"Valor dos benefícios emitidos no mês de dezembro";"Guamá";"São Domingos do Capim";"Urbano";"2021";272780,69
"Social";"Previdência Social";"Valor dos benefícios emitidos no mês de dezembro";"Guamá";"São Domingos do Capim";"Urbano";"2022";318695,28
"Social";"Previdência Social";"Valor dos benefícios emitidos no mês de dezembro";"Guamá";"São Domingos do Capim";"Urbano";"2023";340199,48
"Social";"Previdência Social";"Valor dos benefícios emitidos no mês de dezembro";"Guamá";"São Domingos do Capim";"Urbano";"2024";384799,83
"Social";"Previdência Social";"Valor dos benefícios emitidos no mês de dezembro";"Araguaia";"São Félix do Xingu";"Urbano";"2016";1138448,05000002
"Social";"Previdência Social";"Valor dos benefícios emitidos no mês de dezembro";"Araguaia";"São Félix do Xingu";"Urbano";"2018";422422,660000078
"Social";"Previdência Social";"Valor dos benefícios emitidos no mês de dezembro";"Araguaia";"São Félix do Xingu";"Urbano";"2019";453088,72
"Social";"Previdência Social";"Valor dos benefícios emitidos no mês de dezembro";"Araguaia";"São Félix do Xingu";"Urbano";"2020";502455,94
"Social";"Previdência Social";"Valor dos benefícios emitidos no mês de dezembro";"Araguaia";"São Félix do Xingu";"Urbano";"2021";520153,16
"Social";"Previdência Social";"Valor dos benefícios emitidos no mês de dezembro";"Araguaia";"São Félix do Xingu";"Urbano";"2022";637368,9
"Social";"Previdência Social";"Valor dos benefícios emitidos no mês de dezembro";"Araguaia";"São Félix do Xingu";"Urbano";"2023";759275,41
"Social";"Previdência Social";"Valor dos benefícios emitidos no mês de dezembro";"Araguaia";"São Félix do Xingu";"Urbano";"2024";843699,44
"Social";"Previdência Social";"Valor dos benefícios emitidos no mês de dezembro";"Guamá";"São Francisco do Pará";"Urbano";"2016";617595,180000028
"Social";"Previdência Social";"Valor dos benefícios emitidos no mês de dezembro";"Guamá";"São Francisco do Pará";"Urbano";"2018";265715,670000045
"Social";"Previdência Social";"Valor dos benefícios emitidos no mês de dezembro";"Guamá";"São Francisco do Pará";"Urbano";"2019";294409,03
"Social";"Previdência Social";"Valor dos benefícios emitidos no mês de dezembro";"Guamá";"São Francisco do Pará";"Urbano";"2020";307182,04
"Social";"Previdência Social";"Valor dos benefícios emitidos no mês de dezembro";"Guamá";"São Francisco do Pará";"Urbano";"2021";306081,92
"Social";"Previdência Social";"Valor dos benefícios emitidos no mês de dezembro";"Guamá";"São Francisco do Pará";"Urbano";"2022";342804,34
"Social";"Previdência Social";"Valor dos benefícios emitidos no mês de dezembro";"Guamá";"São Francisco do Pará";"Urbano";"2023";372354,73
"Social";"Previdência Social";"Valor dos benefícios emitidos no mês de dezembro";"Guamá";"São Francisco do Pará";"Urbano";"2024";402270,57
"Social";"Previdência Social";"Valor dos benefícios emitidos no mês de dezembro";"Carajás";"São Geraldo do Araguaia";"Urbano";"2016";871751,389999984
"Social";"Previdência Social";"Valor dos benefícios emitidos no mês de dezembro";"Carajás";"São Geraldo do Araguaia";"Urbano";"2018";250761,829999978
"Social";"Previdência Social";"Valor dos benefícios emitidos no mês de dezembro";"Carajás";"São Geraldo do Araguaia";"Urbano";"2019";313707,66
"Social";"Previdência Social";"Valor dos benefícios emitidos no mês de dezembro";"Carajás";"São Geraldo do Araguaia";"Urbano";"2020";347657,14
"Social";"Previdência Social";"Valor dos benefícios emitidos no mês de dezembro";"Carajás";"São Geraldo do Araguaia";"Urbano";"2021";387157,78
"Social";"Previdência Social";"Valor dos benefícios emitidos no mês de dezembro";"Carajás";"São Geraldo do Araguaia";"Urbano";"2022";499508,03
"Social";"Previdência Social";"Valor dos benefícios emitidos no mês de dezembro";"Carajás";"São Geraldo do Araguaia";"Urbano";"2023";656256,68
"Social";"Previdência Social";"Valor dos benefícios emitidos no mês de dezembro";"Carajás";"São Geraldo do Araguaia";"Urbano";"2024";740758,32
"Social";"Previdência Social";"Valor dos benefícios emitidos no mês de dezembro";"Guamá";"São João da Ponta";"Urbano";"2016";62352,3500000006
"Social";"Previdência Social";"Valor dos benefícios emitidos no mês de dezembro";"Guamá";"São João da Ponta";"Urbano";"2018";18385,3100000033
"Social";"Previdência Social";"Valor dos benefícios emitidos no mês de dezembro";"Guamá";"São João da Ponta";"Urbano";"2019";27589,98
"Social";"Previdência Social";"Valor dos benefícios emitidos no mês de dezembro";"Guamá";"São João da Ponta";"Urbano";"2020";36998,15
"Social";"Previdência Social";"Valor dos benefícios emitidos no mês de dezembro";"Guamá";"São João da Ponta";"Urbano";"2021";37937,65
"Social";"Previdência Social";"Valor dos benefícios emitidos no mês de dezembro";"Guamá";"São João da Ponta";"Urbano";"2022";45425,55
"Social";"Previdência Social";"Valor dos benefícios emitidos no mês de dezembro";"Guamá";"São João da Ponta";"Urbano";"2023";54543,84
"Social";"Previdência Social";"Valor dos benefícios emitidos no mês de dezembro";"Guamá";"São João da Ponta";"Urbano";"2024";57633,54
"Social";"Previdência Social";"Valor dos benefícios emitidos no mês de dezembro";"Rio Caeté";"São João de Pirabas";"Urbano";"2016";323515,699999989
"Social";"Previdência Social";"Valor dos benefícios emitidos no mês de dezembro";"Rio Caeté";"São João de Pirabas";"Urbano";"2018";88598,2200000249
"Social";"Previdência Social";"Valor dos benefícios emitidos no mês de dezembro";"Rio Caeté";"São João de Pirabas";"Urbano";"2019";92734,04
"Social";"Previdência Social";"Valor dos benefícios emitidos no mês de dezembro";"Rio Caeté";"São João de Pirabas";"Urbano";"2020";102746,59
"Social";"Previdência Social";"Valor dos benefícios emitidos no mês de dezembro";"Rio Caeté";"São João de Pirabas";"Urbano";"2021";94330,53
"Social";"Previdência Social";"Valor dos benefícios emitidos no mês de dezembro";"Rio Caeté";"São João de Pirabas";"Urbano";"2022";108470,1
"Social";"Previdência Social";"Valor dos benefícios emitidos no mês de dezembro";"Rio Caeté";"São João de Pirabas";"Urbano";"2023";110743,21
"Social";"Previdência Social";"Valor dos benefícios emitidos no mês de dezembro";"Rio Caeté";"São João de Pirabas";"Urbano";"2024";141837,54
"Social";"Previdência Social";"Valor dos benefícios emitidos no mês de dezembro";"Carajás";"São João do Araguaia";"Urbano";"2016";132463,719999997
"Social";"Previdência Social";"Valor dos benefícios emitidos no mês de dezembro";"Carajás";"São João do Araguaia";"Urbano";"2018";40735,7800000012
"Social";"Previdência Social";"Valor dos benefícios emitidos no mês de dezembro";"Carajás";"São João do Araguaia";"Urbano";"2019";41346,84
"Social";"Previdência Social";"Valor dos benefícios emitidos no mês de dezembro";"Carajás";"São João do Araguaia";"Urbano";"2020";47548,83
"Social";"Previdência Social";"Valor dos benefícios emitidos no mês de dezembro";"Carajás";"São João do Araguaia";"Urbano";"2021";49623,78
"Social";"Previdência Social";"Valor dos benefícios emitidos no mês de dezembro";"Carajás";"São João do Araguaia";"Urbano";"2022";63976,36
"Social";"Previdência Social";"Valor dos benefícios emitidos no mês de dezembro";"Carajás";"São João do Araguaia";"Urbano";"2023";68578,32
"Social";"Previdência Social";"Valor dos benefícios emitidos no mês de dezembro";"Carajás";"São João do Araguaia";"Urbano";"2024";41924,44
"Social";"Previdência Social";"Valor dos benefícios emitidos no mês de dezembro";"Guamá";"São Miguel do Guamá";"Urbano";"2016";2192523,63000015
"Social";"Previdência Social";"Valor dos benefícios emitidos no mês de dezembro";"Guamá";"São Miguel do Guamá";"Urbano";"2018";1223539,27999997
"Social";"Previdência Social";"Valor dos benefícios emitidos no mês de dezembro";"Guamá";"São Miguel do Guamá";"Urbano";"2019";1386186,65
"Social";"Previdência Social";"Valor dos benefícios emitidos no mês de dezembro";"Guamá";"São Miguel do Guamá";"Urbano";"2020";1492334,45
"Social";"Previdência Social";"Valor dos benefícios emitidos no mês de dezembro";"Guamá";"São Miguel do Guamá";"Urbano";"2021";1549899,79
"Social";"Previdência Social";"Valor dos benefícios emitidos no mês de dezembro";"Guamá";"São Miguel do Guamá";"Urbano";"2022";1838383,98
"Social";"Previdência Social";"Valor dos benefícios emitidos no mês de dezembro";"Guamá";"São Miguel do Guamá";"Urbano";"2023";2060417,14
"Social";"Previdência Social";"Valor dos benefícios emitidos no mês de dezembro";"Guamá";"São Miguel do Guamá";"Urbano";"2024";2431159,43
"Social";"Previdência Social";"Valor dos benefícios emitidos no mês de dezembro";"Marajó";"São Sebastião da Boa Vista";"Urbano";"2016";350148,819999985
"Social";"Previdência Social";"Valor dos benefícios emitidos no mês de dezembro";"Marajó";"São Sebastião da Boa Vista";"Urbano";"2018";55729,4600000083
"Social";"Previdência Social";"Valor dos benefícios emitidos no mês de dezembro";"Marajó";"São Sebastião da Boa Vista";"Urbano";"2019";69633,11
"Social";"Previdência Social";"Valor dos benefícios emitidos no mês de dezembro";"Marajó";"São Sebastião da Boa Vista";"Urbano";"2020";72700,69
"Social";"Previdência Social";"Valor dos benefícios emitidos no mês de dezembro";"Marajó";"São Sebastião da Boa Vista";"Urbano";"2021";82994,74
"Social";"Previdência Social";"Valor dos benefícios emitidos no mês de dezembro";"Marajó";"São Sebastião da Boa Vista";"Urbano";"2022";94040,58
"Social";"Previdência Social";"Valor dos benefícios emitidos no mês de dezembro";"Marajó";"São Sebastião da Boa Vista";"Urbano";"2023";106160,81
"Social";"Previdência Social";"Valor dos benefícios emitidos no mês de dezembro";"Marajó";"São Sebastião da Boa Vista";"Urbano";"2024";57971,26
"Social";"Previdência Social";"Valor dos benefícios emitidos no mês de dezembro";"Araguaia";"Sapucaia";"Urbano";"2016";120302,389999997
"Social";"Previdência Social";"Valor dos benefícios emitidos no mês de dezembro";"Araguaia";"Sapucaia";"Urbano";"2018";55513,3800000101
"Social";"Previdência Social";"Valor dos benefícios emitidos no mês de dezembro";"Araguaia";"Sapucaia";"Urbano";"2019";54184,37
"Social";"Previdência Social";"Valor dos benefícios emitidos no mês de dezembro";"Araguaia";"Sapucaia";"Urbano";"2020";66285,31
"Social";"Previdência Social";"Valor dos benefícios emitidos no mês de dezembro";"Araguaia";"Sapucaia";"Urbano";"2021";83267,8
"Social";"Previdência Social";"Valor dos benefícios emitidos no mês de dezembro";"Araguaia";"Sapucaia";"Urbano";"2022";98213,23
"Social";"Previdência Social";"Valor dos benefícios emitidos no mês de dezembro";"Araguaia";"Sapucaia";"Urbano";"2023";113966,14
"Social";"Previdência Social";"Valor dos benefícios emitidos no mês de dezembro";"Araguaia";"Sapucaia";"Urbano";"2024";127626,63
"Social";"Previdência Social";"Valor dos benefícios emitidos no mês de dezembro";"Xingu";"Senador José Porfírio";"Urbano";"2016";216117,190000003
"Social";"Previdência Social";"Valor dos benefícios emitidos no mês de dezembro";"Xingu";"Senador José Porfírio";"Urbano";"2018";72076,5599999856
"Social";"Previdência Social";"Valor dos benefícios emitidos no mês de dezembro";"Xingu";"Senador José Porfírio";"Urbano";"2019";87736,91
"Social";"Previdência Social";"Valor dos benefícios emitidos no mês de dezembro";"Xingu";"Senador José Porfírio";"Urbano";"2020";104824,51
"Social";"Previdência Social";"Valor dos benefícios emitidos no mês de dezembro";"Xingu";"Senador José Porfírio";"Urbano";"2021";127258,22
"Social";"Previdência Social";"Valor dos benefícios emitidos no mês de dezembro";"Xingu";"Senador José Porfírio";"Urbano";"2022";150404,02
"Social";"Previdência Social";"Valor dos benefícios emitidos no mês de dezembro";"Xingu";"Senador José Porfírio";"Urbano";"2023";173083,39
"Social";"Previdência Social";"Valor dos benefícios emitidos no mês de dezembro";"Xingu";"Senador José Porfírio";"Urbano";"2024";216069,84
"Social";"Previdência Social";"Valor dos benefícios emitidos no mês de dezembro";"Marajó";"Soure";"Urbano";"2016";1366474,39000009
"Social";"Previdência Social";"Valor dos benefícios emitidos no mês de dezembro";"Marajó";"Soure";"Urbano";"2018";597367,080000089
"Social";"Previdência Social";"Valor dos benefícios emitidos no mês de dezembro";"Marajó";"Soure";"Urbano";"2019";637218,22
"Social";"Previdência Social";"Valor dos benefícios emitidos no mês de dezembro";"Marajó";"Soure";"Urbano";"2020";721614,24
"Social";"Previdência Social";"Valor dos benefícios emitidos no mês de dezembro";"Marajó";"Soure";"Urbano";"2021";548620,05
"Social";"Previdência Social";"Valor dos benefícios emitidos no mês de dezembro";"Marajó";"Soure";"Urbano";"2022";629675,36
"Social";"Previdência Social";"Valor dos benefícios emitidos no mês de dezembro";"Marajó";"Soure";"Urbano";"2023";691622,36
"Social";"Previdência Social";"Valor dos benefícios emitidos no mês de dezembro";"Marajó";"Soure";"Urbano";"2024";716712,82
"Social";"Previdência Social";"Valor dos benefícios emitidos no mês de dezembro";"Tocantins";"Tailândia";"Urbano";"2016";1713972,44999993
"Social";"Previdência Social";"Valor dos benefícios emitidos no mês de dezembro";"Tocantins";"Tailândia";"Urbano";"2018";688077,180000246
"Social";"Previdência Social";"Valor dos benefícios emitidos no mês de dezembro";"Tocantins";"Tailândia";"Urbano";"2019";803264,09
"Social";"Previdência Social";"Valor dos benefícios emitidos no mês de dezembro";"Tocantins";"Tailândia";"Urbano";"2020";904704,91
"Social";"Previdência Social";"Valor dos benefícios emitidos no mês de dezembro";"Tocantins";"Tailândia";"Urbano";"2021";976741,3
"Social";"Previdência Social";"Valor dos benefícios emitidos no mês de dezembro";"Tocantins";"Tailândia";"Urbano";"2022";1183591,99
"Social";"Previdência Social";"Valor dos benefícios emitidos no mês de dezembro";"Tocantins";"Tailândia";"Urbano";"2023";1350288,35
"Social";"Previdência Social";"Valor dos benefícios emitidos no mês de dezembro";"Tocantins";"Tailândia";"Urbano";"2024";1554409,81
"Social";"Previdência Social";"Valor dos benefícios emitidos no mês de dezembro";"Guamá";"Terra Alta";"Urbano";"2016";497316,360000031
"Social";"Previdência Social";"Valor dos benefícios emitidos no mês de dezembro";"Guamá";"Terra Alta";"Urbano";"2018";125015,219999986
"Social";"Previdência Social";"Valor dos benefícios emitidos no mês de dezembro";"Guamá";"Terra Alta";"Urbano";"2019";133713,94
"Social";"Previdência Social";"Valor dos benefícios emitidos no mês de dezembro";"Guamá";"Terra Alta";"Urbano";"2020";133904,1
"Social";"Previdência Social";"Valor dos benefícios emitidos no mês de dezembro";"Guamá";"Terra Alta";"Urbano";"2021";120052,67
"Social";"Previdência Social";"Valor dos benefícios emitidos no mês de dezembro";"Guamá";"Terra Alta";"Urbano";"2022";127504,82
"Social";"Previdência Social";"Valor dos benefícios emitidos no mês de dezembro";"Guamá";"Terra Alta";"Urbano";"2023";125643,9
"Social";"Previdência Social";"Valor dos benefícios emitidos no mês de dezembro";"Guamá";"Terra Alta";"Urbano";"2024";135147,59
"Social";"Previdência Social";"Valor dos benefícios emitidos no mês de dezembro";"Baixo Amazonas";"Terra Santa";"Urbano";"2016";378455,780000042
"Social";"Previdência Social";"Valor dos benefícios emitidos no mês de dezembro";"Baixo Amazonas";"Terra Santa";"Urbano";"2018";192595,020000002
"Social";"Previdência Social";"Valor dos benefícios emitidos no mês de dezembro";"Baixo Amazonas";"Terra Santa";"Urbano";"2019";242381,75
"Social";"Previdência Social";"Valor dos benefícios emitidos no mês de dezembro";"Baixo Amazonas";"Terra Santa";"Urbano";"2020";309986,22
"Social";"Previdência Social";"Valor dos benefícios emitidos no mês de dezembro";"Baixo Amazonas";"Terra Santa";"Urbano";"2021";328510,74
"Social";"Previdência Social";"Valor dos benefícios emitidos no mês de dezembro";"Baixo Amazonas";"Terra Santa";"Urbano";"2022";366984,82
"Social";"Previdência Social";"Valor dos benefícios emitidos no mês de dezembro";"Baixo Amazonas";"Terra Santa";"Urbano";"2023";424344,13
"Social";"Previdência Social";"Valor dos benefícios emitidos no mês de dezembro";"Baixo Amazonas";"Terra Santa";"Urbano";"2024";442669,52
"Social";"Previdência Social";"Valor dos benefícios emitidos no mês de dezembro";"Rio Capim";"Tomé-Açu";"Urbano";"2016";2010662,43000005
"Social";"Previdência Social";"Valor dos benefícios emitidos no mês de dezembro";"Rio Capim";"Tomé-Açu";"Urbano";"2018";974697,51999989
"Social";"Previdência Social";"Valor dos benefícios emitidos no mês de dezembro";"Rio Capim";"Tomé-Açu";"Urbano";"2019";1160144,7
"Social";"Previdência Social";"Valor dos benefícios emitidos no mês de dezembro";"Rio Capim";"Tomé-Açu";"Urbano";"2020";1290580,86
"Social";"Previdência Social";"Valor dos benefícios emitidos no mês de dezembro";"Rio Capim";"Tomé-Açu";"Urbano";"2021";1378596,07
"Social";"Previdência Social";"Valor dos benefícios emitidos no mês de dezembro";"Rio Capim";"Tomé-Açu";"Urbano";"2022";1601211,52
"Social";"Previdência Social";"Valor dos benefícios emitidos no mês de dezembro";"Rio Capim";"Tomé-Açu";"Urbano";"2023";1801463,87
"Social";"Previdência Social";"Valor dos benefícios emitidos no mês de dezembro";"Rio Capim";"Tomé-Açu";"Urbano";"2024";2010843,16
"Social";"Previdência Social";"Valor dos benefícios emitidos no mês de dezembro";"Rio Caeté";"Tracuateua";"Urbano";"2016";750228,560000019
"Social";"Previdência Social";"Valor dos benefícios emitidos no mês de dezembro";"Rio Caeté";"Tracuateua";"Urbano";"2018";258208,94999994
"Social";"Previdência Social";"Valor dos benefícios emitidos no mês de dezembro";"Rio Caeté";"Tracuateua";"Urbano";"2019";305658,37
"Social";"Previdência Social";"Valor dos benefícios emitidos no mês de dezembro";"Rio Caeté";"Tracuateua";"Urbano";"2020";326652,17
"Social";"Previdência Social";"Valor dos benefícios emitidos no mês de dezembro";"Rio Caeté";"Tracuateua";"Urbano";"2021";305904,8
"Social";"Previdência Social";"Valor dos benefícios emitidos no mês de dezembro";"Rio Caeté";"Tracuateua";"Urbano";"2022";224608,7
"Social";"Previdência Social";"Valor dos benefícios emitidos no mês de dezembro";"Rio Caeté";"Tracuateua";"Urbano";"2023";214775,15
"Social";"Previdência Social";"Valor dos benefícios emitidos no mês de dezembro";"Rio Caeté";"Tracuateua";"Urbano";"2024";227986,99
"Social";"Previdência Social";"Valor dos benefícios emitidos no mês de dezembro";"Tapajós";"Trairão";"Urbano";"2016";235767,430000002
"Social";"Previdência Social";"Valor dos benefícios emitidos no mês de dezembro";"Tapajós";"Trairão";"Urbano";"2018";90366,7499999898
"Social";"Previdência Social";"Valor dos benefícios emitidos no mês de dezembro";"Tapajós";"Trairão";"Urbano";"2019";100028,19
"Social";"Previdência Social";"Valor dos benefícios emitidos no mês de dezembro";"Tapajós";"Trairão";"Urbano";"2020";106587,97
"Social";"Previdência Social";"Valor dos benefícios emitidos no mês de dezembro";"Tapajós";"Trairão";"Urbano";"2021";118804,73
"Social";"Previdência Social";"Valor dos benefícios emitidos no mês de dezembro";"Tapajós";"Trairão";"Urbano";"2022";167627,9
"Social";"Previdência Social";"Valor dos benefícios emitidos no mês de dezembro";"Tapajós";"Trairão";"Urbano";"2023";191003,07
"Social";"Previdência Social";"Valor dos benefícios emitidos no mês de dezembro";"Tapajós";"Trairão";"Urbano";"2024";219307,5
"Social";"Previdência Social";"Valor dos benefícios emitidos no mês de dezembro";"Araguaia";"Tucumã";"Urbano";"2016";1277226,01000001
"Social";"Previdência Social";"Valor dos benefícios emitidos no mês de dezembro";"Araguaia";"Tucumã";"Urbano";"2018";501896,300000042
"Social";"Previdência Social";"Valor dos benefícios emitidos no mês de dezembro";"Araguaia";"Tucumã";"Urbano";"2019";554032,5
"Social";"Previdência Social";"Valor dos benefícios emitidos no mês de dezembro";"Araguaia";"Tucumã";"Urbano";"2020";561012,46
"Social";"Previdência Social";"Valor dos benefícios emitidos no mês de dezembro";"Araguaia";"Tucumã";"Urbano";"2021";599736,24
"Social";"Previdência Social";"Valor dos benefícios emitidos no mês de dezembro";"Araguaia";"Tucumã";"Urbano";"2022";719770,15
"Social";"Previdência Social";"Valor dos benefícios emitidos no mês de dezembro";"Araguaia";"Tucumã";"Urbano";"2023";784225,04
"Social";"Previdência Social";"Valor dos benefícios emitidos no mês de dezembro";"Araguaia";"Tucumã";"Urbano";"2024";885850
"Social";"Previdência Social";"Valor dos benefícios emitidos no mês de dezembro";"Lago de Tucuruí";"Tucuruí";"Urbano";"2016";7060778,84000043
"Social";"Previdência Social";"Valor dos benefícios emitidos no mês de dezembro";"Lago de Tucuruí";"Tucuruí";"Urbano";"2018";5140219,00999962
"Social";"Previdência Social";"Valor dos benefícios emitidos no mês de dezembro";"Lago de Tucuruí";"Tucuruí";"Urbano";"2019";5469051,24
"Social";"Previdência Social";"Valor dos benefícios emitidos no mês de dezembro";"Lago de Tucuruí";"Tucuruí";"Urbano";"2020";5666459,94
"Social";"Previdência Social";"Valor dos benefícios emitidos no mês de dezembro";"Lago de Tucuruí";"Tucuruí";"Urbano";"2021";5930972,1
"Social";"Previdência Social";"Valor dos benefícios emitidos no mês de dezembro";"Lago de Tucuruí";"Tucuruí";"Urbano";"2022";6637633,8
"Social";"Previdência Social";"Valor dos benefícios emitidos no mês de dezembro";"Lago de Tucuruí";"Tucuruí";"Urbano";"2023";7419211,97
"Social";"Previdência Social";"Valor dos benefícios emitidos no mês de dezembro";"Lago de Tucuruí";"Tucuruí";"Urbano";"2024";7902544,53
"Social";"Previdência Social";"Valor dos benefícios emitidos no mês de dezembro";"Rio Capim";"Ulianópolis";"Urbano";"2016";667711,579999994
"Social";"Previdência Social";"Valor dos benefícios emitidos no mês de dezembro";"Rio Capim";"Ulianópolis";"Urbano";"2018";350196,559999995
"Social";"Previdência Social";"Valor dos benefícios emitidos no mês de dezembro";"Rio Capim";"Ulianópolis";"Urbano";"2019";389817,8
"Social";"Previdência Social";"Valor dos benefícios emitidos no mês de dezembro";"Rio Capim";"Ulianópolis";"Urbano";"2020";402460,63
"Social";"Previdência Social";"Valor dos benefícios emitidos no mês de dezembro";"Rio Capim";"Ulianópolis";"Urbano";"2021";435203,2
"Social";"Previdência Social";"Valor dos benefícios emitidos no mês de dezembro";"Rio Capim";"Ulianópolis";"Urbano";"2022";538446,5
"Social";"Previdência Social";"Valor dos benefícios emitidos no mês de dezembro";"Rio Capim";"Ulianópolis";"Urbano";"2023";627670,66
"Social";"Previdência Social";"Valor dos benefícios emitidos no mês de dezembro";"Rio Capim";"Ulianópolis";"Urbano";"2024";730171,43
"Social";"Previdência Social";"Valor dos benefícios emitidos no mês de dezembro";"Xingu";"Uruará";"Urbano";"2016";1304839,61000012
"Social";"Previdência Social";"Valor dos benefícios emitidos no mês de dezembro";"Xingu";"Uruará";"Urbano";"2018";594579,310000066
"Social";"Previdência Social";"Valor dos benefícios emitidos no mês de dezembro";"Xingu";"Uruará";"Urbano";"2019";588991,55
"Social";"Previdência Social";"Valor dos benefícios emitidos no mês de dezembro";"Xingu";"Uruará";"Urbano";"2020";640655,3
"Social";"Previdência Social";"Valor dos benefícios emitidos no mês de dezembro";"Xingu";"Uruará";"Urbano";"2021";721750,31
"Social";"Previdência Social";"Valor dos benefícios emitidos no mês de dezembro";"Xingu";"Uruará";"Urbano";"2022";840370,27
"Social";"Previdência Social";"Valor dos benefícios emitidos no mês de dezembro";"Xingu";"Uruará";"Urbano";"2023";971055,59
"Social";"Previdência Social";"Valor dos benefícios emitidos no mês de dezembro";"Xingu";"Uruará";"Urbano";"2024";1148325,52
"Social";"Previdência Social";"Valor dos benefícios emitidos no mês de dezembro";"Guamá";"Vigia";"Urbano";"2016";2249113,03000021
"Social";"Previdência Social";"Valor dos benefícios emitidos no mês de dezembro";"Guamá";"Vigia";"Urbano";"2018";890312,83999995
"Social";"Previdência Social";"Valor dos benefícios emitidos no mês de dezembro";"Guamá";"Vigia";"Urbano";"2019";993258,11
"Social";"Previdência Social";"Valor dos benefícios emitidos no mês de dezembro";"Guamá";"Vigia";"Urbano";"2020";1072694,18
"Social";"Previdência Social";"Valor dos benefícios emitidos no mês de dezembro";"Guamá";"Vigia";"Urbano";"2021";1109809,82
"Social";"Previdência Social";"Valor dos benefícios emitidos no mês de dezembro";"Guamá";"Vigia";"Urbano";"2022";1291306,94
"Social";"Previdência Social";"Valor dos benefícios emitidos no mês de dezembro";"Guamá";"Vigia";"Urbano";"2023";1455551,1
"Social";"Previdência Social";"Valor dos benefícios emitidos no mês de dezembro";"Guamá";"Vigia";"Urbano";"2024";1596546,72
"Social";"Previdência Social";"Valor dos benefícios emitidos no mês de dezembro";"Rio Caeté";"Viseu";"Urbano";"2016";1033033,44
"Social";"Previdência Social";"Valor dos benefícios emitidos no mês de dezembro";"Rio Caeté";"Viseu";"Urbano";"2018";388498,26000014
"Social";"Previdência Social";"Valor dos benefícios emitidos no mês de dezembro";"Rio Caeté";"Viseu";"Urbano";"2019";415341,04
"Social";"Previdência Social";"Valor dos benefícios emitidos no mês de dezembro";"Rio Caeté";"Viseu";"Urbano";"2020";441135,99
"Social";"Previdência Social";"Valor dos benefícios emitidos no mês de dezembro";"Rio Caeté";"Viseu";"Urbano";"2021";323299,04
"Social";"Previdência Social";"Valor dos benefícios emitidos no mês de dezembro";"Rio Caeté";"Viseu";"Urbano";"2022";398565,6
"Social";"Previdência Social";"Valor dos benefícios emitidos no mês de dezembro";"Rio Caeté";"Viseu";"Urbano";"2023";423935,31
"Social";"Previdência Social";"Valor dos benefícios emitidos no mês de dezembro";"Rio Caeté";"Viseu";"Urbano";"2024";479962,95
"Social";"Previdência Social";"Valor dos benefícios emitidos no mês de dezembro";"Xingu";"Vitória do Xingu";"Urbano";"2016";222857,539999988
"Social";"Previdência Social";"Valor dos benefícios emitidos no mês de dezembro";"Xingu";"Vitória do Xingu";"Urbano";"2018";100792,729999993
"Social";"Previdência Social";"Valor dos benefícios emitidos no mês de dezembro";"Xingu";"Vitória do Xingu";"Urbano";"2019";110449,68
"Social";"Previdência Social";"Valor dos benefícios emitidos no mês de dezembro";"Xingu";"Vitória do Xingu";"Urbano";"2020";117015,06
"Social";"Previdência Social";"Valor dos benefícios emitidos no mês de dezembro";"Xingu";"Vitória do Xingu";"Urbano";"2021";126102,98
"Social";"Previdência Social";"Valor dos benefícios emitidos no mês de dezembro";"Xingu";"Vitória do Xingu";"Urbano";"2022";170251,68
"Social";"Previdência Social";"Valor dos benefícios emitidos no mês de dezembro";"Xingu";"Vitória do Xingu";"Urbano";"2023";206426,53
"Social";"Previdência Social";"Valor dos benefícios emitidos no mês de dezembro";"Xingu";"Vitória do Xingu";"Urbano";"2024";227804,22
"Social";"Previdência Social";"Valor dos benefícios emitidos no mês de dezembro";"Araguaia";"Xinguara";"Urbano";"2016";2351166,48999987
"Social";"Previdência Social";"Valor dos benefícios emitidos no mês de dezembro";"Araguaia";"Xinguara";"Urbano";"2018";1452283,58999993
"Social";"Previdência Social";"Valor dos benefícios emitidos no mês de dezembro";"Araguaia";"Xinguara";"Urbano";"2019";1534727,57
"Social";"Previdência Social";"Valor dos benefícios emitidos no mês de dezembro";"Araguaia";"Xinguara";"Urbano";"2020";1615937,92
"Social";"Previdência Social";"Valor dos benefícios emitidos no mês de dezembro";"Araguaia";"Xinguara";"Urbano";"2021";1716923,98
"Social";"Previdência Social";"Valor dos benefícios emitidos no mês de dezembro";"Araguaia";"Xinguara";"Urbano";"2022";2076830,81
"Social";"Previdência Social";"Valor dos benefícios emitidos no mês de dezembro";"Araguaia";"Xinguara";"Urbano";"2023";2417769,55
"Social";"Previdência Social";"Valor dos benefícios emitidos no mês de dezembro";"Araguaia";"Xinguara";"Urbano";"2024";2744694,58
"Social";"Previdência Social";"Valor dos benefícios emitidos no mês de dezembro";"Pará";"Pará";"Rural";"2016";320105449,029996
"Social";"Previdência Social";"Valor dos benefícios emitidos no mês de dezembro";"Pará";"Pará";"Rural";"2018";347549155,970003
"Social";"Previdência Social";"Valor dos benefícios emitidos no mês de dezembro";"Pará";"Pará";"Rural";"2019";371908936,24
"Social";"Previdência Social";"Valor dos benefícios emitidos no mês de dezembro";"Pará";"Pará";"Rural";"2020";393971381,97
"Social";"Previdência Social";"Valor dos benefícios emitidos no mês de dezembro";"Pará";"Pará";"Rural";"2021";400830949,48
"Social";"Previdência Social";"Valor dos benefícios emitidos no mês de dezembro";"Pará";"Pará";"Rural";"2022";458545033,66
"Social";"Previdência Social";"Valor dos benefícios emitidos no mês de dezembro";"Pará";"Pará";"Rural";"2023";522411517,97
"Social";"Previdência Social";"Valor dos benefícios emitidos no mês de dezembro";"Pará";"Pará";"Rural";"2024";580282899,14
"Social";"Previdência Social";"Valor dos benefícios emitidos no mês de dezembro";"Tocantins";"Abaetetuba";"Rural";"2016";8003897,50000086
"Social";"Previdência Social";"Valor dos benefícios emitidos no mês de dezembro";"Tocantins";"Abaetetuba";"Rural";"2018";8825659,63000252
"Social";"Previdência Social";"Valor dos benefícios emitidos no mês de dezembro";"Tocantins";"Abaetetuba";"Rural";"2019";9405360,09
"Social";"Previdência Social";"Valor dos benefícios emitidos no mês de dezembro";"Tocantins";"Abaetetuba";"Rural";"2020";9892845,6
"Social";"Previdência Social";"Valor dos benefícios emitidos no mês de dezembro";"Tocantins";"Abaetetuba";"Rural";"2021";10183201,52
"Social";"Previdência Social";"Valor dos benefícios emitidos no mês de dezembro";"Tocantins";"Abaetetuba";"Rural";"2022";11609949,91
"Social";"Previdência Social";"Valor dos benefícios emitidos no mês de dezembro";"Tocantins";"Abaetetuba";"Rural";"2023";13228915,41
"Social";"Previdência Social";"Valor dos benefícios emitidos no mês de dezembro";"Tocantins";"Abaetetuba";"Rural";"2024";14582320,1
"Social";"Previdência Social";"Valor dos benefícios emitidos no mês de dezembro";"Rio Capim";"Abel Figueiredo";"Rural";"2016";272583,569999904
"Social";"Previdência Social";"Valor dos benefícios emitidos no mês de dezembro";"Rio Capim";"Abel Figueiredo";"Rural";"2018";316686,029999927
"Social";"Previdência Social";"Valor dos benefícios emitidos no mês de dezembro";"Rio Capim";"Abel Figueiredo";"Rural";"2019";329496,66
"Social";"Previdência Social";"Valor dos benefícios emitidos no mês de dezembro";"Rio Capim";"Abel Figueiredo";"Rural";"2020";359524,36
"Social";"Previdência Social";"Valor dos benefícios emitidos no mês de dezembro";"Rio Capim";"Abel Figueiredo";"Rural";"2021";341677,54
"Social";"Previdência Social";"Valor dos benefícios emitidos no mês de dezembro";"Rio Capim";"Abel Figueiredo";"Rural";"2022";388327,1
"Social";"Previdência Social";"Valor dos benefícios emitidos no mês de dezembro";"Rio Capim";"Abel Figueiredo";"Rural";"2023";439135,89
"Social";"Previdência Social";"Valor dos benefícios emitidos no mês de dezembro";"Rio Capim";"Abel Figueiredo";"Rural";"2024";518965,68
"Social";"Previdência Social";"Valor dos benefícios emitidos no mês de dezembro";"Tocantins";"Acará";"Rural";"2016";3104297,48999978
"Social";"Previdência Social";"Valor dos benefícios emitidos no mês de dezembro";"Tocantins";"Acará";"Rural";"2018";3624799,44000087
"Social";"Previdência Social";"Valor dos benefícios emitidos no mês de dezembro";"Tocantins";"Acará";"Rural";"2019";3931297,7
"Social";"Previdência Social";"Valor dos benefícios emitidos no mês de dezembro";"Tocantins";"Acará";"Rural";"2020";4215535,34
"Social";"Previdência Social";"Valor dos benefícios emitidos no mês de dezembro";"Tocantins";"Acará";"Rural";"2021";4240240,92
"Social";"Previdência Social";"Valor dos benefícios emitidos no mês de dezembro";"Tocantins";"Acará";"Rural";"2022";4881222,99
"Social";"Previdência Social";"Valor dos benefícios emitidos no mês de dezembro";"Tocantins";"Acará";"Rural";"2023";5511502,43
"Social";"Previdência Social";"Valor dos benefícios emitidos no mês de dezembro";"Tocantins";"Acará";"Rural";"2024";6018465,02
"Social";"Previdência Social";"Valor dos benefícios emitidos no mês de dezembro";"Marajó";"Afuá";"Rural";"2016";745778,580000136
"Social";"Previdência Social";"Valor dos benefícios emitidos no mês de dezembro";"Marajó";"Afuá";"Rural";"2018";746948,92999997
"Social";"Previdência Social";"Valor dos benefícios emitidos no mês de dezembro";"Marajó";"Afuá";"Rural";"2019";823245,83
"Social";"Previdência Social";"Valor dos benefícios emitidos no mês de dezembro";"Marajó";"Afuá";"Rural";"2020";895606,79
"Social";"Previdência Social";"Valor dos benefícios emitidos no mês de dezembro";"Marajó";"Afuá";"Rural";"2021";980845,08
"Social";"Previdência Social";"Valor dos benefícios emitidos no mês de dezembro";"Marajó";"Afuá";"Rural";"2022";1044368,2
"Social";"Previdência Social";"Valor dos benefícios emitidos no mês de dezembro";"Marajó";"Afuá";"Rural";"2023";1213053,52
"Social";"Previdência Social";"Valor dos benefícios emitidos no mês de dezembro";"Marajó";"Afuá";"Rural";"2024";1421917,93
"Social";"Previdência Social";"Valor dos benefícios emitidos no mês de dezembro";"Araguaia";"Água Azul do Norte";"Rural";"2016";645127,529999902
"Social";"Previdência Social";"Valor dos benefícios emitidos no mês de dezembro";"Araguaia";"Água Azul do Norte";"Rural";"2018";672654,150000073
"Social";"Previdência Social";"Valor dos benefícios emitidos no mês de dezembro";"Araguaia";"Água Azul do Norte";"Rural";"2019";739126,59
"Social";"Previdência Social";"Valor dos benefícios emitidos no mês de dezembro";"Araguaia";"Água Azul do Norte";"Rural";"2020";792168,3
"Social";"Previdência Social";"Valor dos benefícios emitidos no mês de dezembro";"Araguaia";"Água Azul do Norte";"Rural";"2021";780263,92
"Social";"Previdência Social";"Valor dos benefícios emitidos no mês de dezembro";"Araguaia";"Água Azul do Norte";"Rural";"2022";876398,37
"Social";"Previdência Social";"Valor dos benefícios emitidos no mês de dezembro";"Araguaia";"Água Azul do Norte";"Rural";"2023";958173,19
"Social";"Previdência Social";"Valor dos benefícios emitidos no mês de dezembro";"Araguaia";"Água Azul do Norte";"Rural";"2024";1040299,93
"Social";"Previdência Social";"Valor dos benefícios emitidos no mês de dezembro";"Baixo Amazonas";"Alenquer";"Rural";"2016";4535218,51000044
"Social";"Previdência Social";"Valor dos benefícios emitidos no mês de dezembro";"Baixo Amazonas";"Alenquer";"Rural";"2018";4914657,10999949
"Social";"Previdência Social";"Valor dos benefícios emitidos no mês de dezembro";"Baixo Amazonas";"Alenquer";"Rural";"2019";5218658,36
"Social";"Previdência Social";"Valor dos benefícios emitidos no mês de dezembro";"Baixo Amazonas";"Alenquer";"Rural";"2020";5439774,02
"Social";"Previdência Social";"Valor dos benefícios emitidos no mês de dezembro";"Baixo Amazonas";"Alenquer";"Rural";"2021";5517803,71
"Social";"Previdência Social";"Valor dos benefícios emitidos no mês de dezembro";"Baixo Amazonas";"Alenquer";"Rural";"2022";6156111,51
"Social";"Previdência Social";"Valor dos benefícios emitidos no mês de dezembro";"Baixo Amazonas";"Alenquer";"Rural";"2023";6886139
"Social";"Previdência Social";"Valor dos benefícios emitidos no mês de dezembro";"Baixo Amazonas";"Alenquer";"Rural";"2024";7591457,09
"Social";"Previdência Social";"Valor dos benefícios emitidos no mês de dezembro";"Baixo Amazonas";"Almeirim";"Rural";"2016";1452232,74000008
"Social";"Previdência Social";"Valor dos benefícios emitidos no mês de dezembro";"Baixo Amazonas";"Almeirim";"Rural";"2018";1647671,52999946
"Social";"Previdência Social";"Valor dos benefícios emitidos no mês de dezembro";"Baixo Amazonas";"Almeirim";"Rural";"2019";1733750,05
"Social";"Previdência Social";"Valor dos benefícios emitidos no mês de dezembro";"Baixo Amazonas";"Almeirim";"Rural";"2020";1882042,51
"Social";"Previdência Social";"Valor dos benefícios emitidos no mês de dezembro";"Baixo Amazonas";"Almeirim";"Rural";"2021";1956836,42
"Social";"Previdência Social";"Valor dos benefícios emitidos no mês de dezembro";"Baixo Amazonas";"Almeirim";"Rural";"2022";2304595,84
"Social";"Previdência Social";"Valor dos benefícios emitidos no mês de dezembro";"Baixo Amazonas";"Almeirim";"Rural";"2023";2647488,65
"Social";"Previdência Social";"Valor dos benefícios emitidos no mês de dezembro";"Baixo Amazonas";"Almeirim";"Rural";"2024";3052465,36
"Social";"Previdência Social";"Valor dos benefícios emitidos no mês de dezembro";"Xingu";"Altamira";"Rural";"2016";5865889,27999967
"Social";"Previdência Social";"Valor dos benefícios emitidos no mês de dezembro";"Xingu";"Altamira";"Rural";"2018";6523500,66999993
"Social";"Previdência Social";"Valor dos benefícios emitidos no mês de dezembro";"Xingu";"Altamira";"Rural";"2019";6911435,34
"Social";"Previdência Social";"Valor dos benefícios emitidos no mês de dezembro";"Xingu";"Altamira";"Rural";"2020";7340685,35
"Social";"Previdência Social";"Valor dos benefícios emitidos no mês de dezembro";"Xingu";"Altamira";"Rural";"2021";7496848,02
"Social";"Previdência Social";"Valor dos benefícios emitidos no mês de dezembro";"Xingu";"Altamira";"Rural";"2022";8849622,16
"Social";"Previdência Social";"Valor dos benefícios emitidos no mês de dezembro";"Xingu";"Altamira";"Rural";"2023";10203120,52
"Social";"Previdência Social";"Valor dos benefícios emitidos no mês de dezembro";"Xingu";"Altamira";"Rural";"2024";11635866,45
"Social";"Previdência Social";"Valor dos benefícios emitidos no mês de dezembro";"Marajó";"Anajás";"Rural";"2016";353623,640000071
"Social";"Previdência Social";"Valor dos benefícios emitidos no mês de dezembro";"Marajó";"Anajás";"Rural";"2018";551188,210000033
"Social";"Previdência Social";"Valor dos benefícios emitidos no mês de dezembro";"Marajó";"Anajás";"Rural";"2019";663131
"Social";"Previdência Social";"Valor dos benefícios emitidos no mês de dezembro";"Marajó";"Anajás";"Rural";"2020";814904,5
"Social";"Previdência Social";"Valor dos benefícios emitidos no mês de dezembro";"Marajó";"Anajás";"Rural";"2021";861363,76
"Social";"Previdência Social";"Valor dos benefícios emitidos no mês de dezembro";"Marajó";"Anajás";"Rural";"2022";1026438,23
"Social";"Previdência Social";"Valor dos benefícios emitidos no mês de dezembro";"Marajó";"Anajás";"Rural";"2023";352394,57
"Social";"Previdência Social";"Valor dos benefícios emitidos no mês de dezembro";"Marajó";"Anajás";"Rural";"2024";318943,33
"Social";"Previdência Social";"Valor dos benefícios emitidos no mês de dezembro";"Guajará";"Ananindeua";"Rural";"2016";2921192,12999863
"Social";"Previdência Social";"Valor dos benefícios emitidos no mês de dezembro";"Guajará";"Ananindeua";"Rural";"2018";3129929,5399996
"Social";"Previdência Social";"Valor dos benefícios emitidos no mês de dezembro";"Guajará";"Ananindeua";"Rural";"2019";3461498,69
"Social";"Previdência Social";"Valor dos benefícios emitidos no mês de dezembro";"Guajará";"Ananindeua";"Rural";"2020";3701338,44
"Social";"Previdência Social";"Valor dos benefícios emitidos no mês de dezembro";"Guajará";"Ananindeua";"Rural";"2021";3916543,6
"Social";"Previdência Social";"Valor dos benefícios emitidos no mês de dezembro";"Guajará";"Ananindeua";"Rural";"2022";4476231,93
"Social";"Previdência Social";"Valor dos benefícios emitidos no mês de dezembro";"Guajará";"Ananindeua";"Rural";"2023";5184081,01
"Social";"Previdência Social";"Valor dos benefícios emitidos no mês de dezembro";"Guajará";"Ananindeua";"Rural";"2024";5769547,18
"Social";"Previdência Social";"Valor dos benefícios emitidos no mês de dezembro";"Xingu";"Anapu";"Rural";"2016";976053,160000321
"Social";"Previdência Social";"Valor dos benefícios emitidos no mês de dezembro";"Xingu";"Anapu";"Rural";"2018";1213967,31999993
"Social";"Previdência Social";"Valor dos benefícios emitidos no mês de dezembro";"Xingu";"Anapu";"Rural";"2019";1370973,4
"Social";"Previdência Social";"Valor dos benefícios emitidos no mês de dezembro";"Xingu";"Anapu";"Rural";"2020";1543101,17
"Social";"Previdência Social";"Valor dos benefícios emitidos no mês de dezembro";"Xingu";"Anapu";"Rural";"2021";1470034,66
"Social";"Previdência Social";"Valor dos benefícios emitidos no mês de dezembro";"Xingu";"Anapu";"Rural";"2022";1685103,9
"Social";"Previdência Social";"Valor dos benefícios emitidos no mês de dezembro";"Xingu";"Anapu";"Rural";"2023";2019170,03
"Social";"Previdência Social";"Valor dos benefícios emitidos no mês de dezembro";"Xingu";"Anapu";"Rural";"2024";2312937,63
"Social";"Previdência Social";"Valor dos benefícios emitidos no mês de dezembro";"Rio Caeté";"Augusto Corrêa";"Rural";"2016";3553181,5299999
"Social";"Previdência Social";"Valor dos benefícios emitidos no mês de dezembro";"Rio Caeté";"Augusto Corrêa";"Rural";"2018";3752814,9100006
"Social";"Previdência Social";"Valor dos benefícios emitidos no mês de dezembro";"Rio Caeté";"Augusto Corrêa";"Rural";"2019";3966114,66
"Social";"Previdência Social";"Valor dos benefícios emitidos no mês de dezembro";"Rio Caeté";"Augusto Corrêa";"Rural";"2020";4242697,05
"Social";"Previdência Social";"Valor dos benefícios emitidos no mês de dezembro";"Rio Caeté";"Augusto Corrêa";"Rural";"2021";4116746,31
"Social";"Previdência Social";"Valor dos benefícios emitidos no mês de dezembro";"Rio Caeté";"Augusto Corrêa";"Rural";"2022";4623675,39
"Social";"Previdência Social";"Valor dos benefícios emitidos no mês de dezembro";"Rio Caeté";"Augusto Corrêa";"Rural";"2023";5028620,02
"Social";"Previdência Social";"Valor dos benefícios emitidos no mês de dezembro";"Rio Caeté";"Augusto Corrêa";"Rural";"2024";5390013,35
"Social";"Previdência Social";"Valor dos benefícios emitidos no mês de dezembro";"Rio Capim";"Aurora do Pará";"Rural";"2016";1515448,09999959
"Social";"Previdência Social";"Valor dos benefícios emitidos no mês de dezembro";"Rio Capim";"Aurora do Pará";"Rural";"2018";1617581,72000002
"Social";"Previdência Social";"Valor dos benefícios emitidos no mês de dezembro";"Rio Capim";"Aurora do Pará";"Rural";"2019";1713860,58
"Social";"Previdência Social";"Valor dos benefícios emitidos no mês de dezembro";"Rio Capim";"Aurora do Pará";"Rural";"2020";1810113,48
"Social";"Previdência Social";"Valor dos benefícios emitidos no mês de dezembro";"Rio Capim";"Aurora do Pará";"Rural";"2021";160035,05
"Social";"Previdência Social";"Valor dos benefícios emitidos no mês de dezembro";"Rio Capim";"Aurora do Pará";"Rural";"2022";263899,28
"Social";"Previdência Social";"Valor dos benefícios emitidos no mês de dezembro";"Rio Capim";"Aurora do Pará";"Rural";"2023";392492,82
"Social";"Previdência Social";"Valor dos benefícios emitidos no mês de dezembro";"Rio Capim";"Aurora do Pará";"Rural";"2024";528664,17
"Social";"Previdência Social";"Valor dos benefícios emitidos no mês de dezembro";"Tapajós";"Aveiro";"Rural";"2016";224591,209999967
"Social";"Previdência Social";"Valor dos benefícios emitidos no mês de dezembro";"Tapajós";"Aveiro";"Rural";"2018";274822,570000053
"Social";"Previdência Social";"Valor dos benefícios emitidos no mês de dezembro";"Tapajós";"Aveiro";"Rural";"2019";314982,09
"Social";"Previdência Social";"Valor dos benefícios emitidos no mês de dezembro";"Tapajós";"Aveiro";"Rural";"2020";344690,93
"Social";"Previdência Social";"Valor dos benefícios emitidos no mês de dezembro";"Tapajós";"Aveiro";"Rural";"2021";344846,82
"Social";"Previdência Social";"Valor dos benefícios emitidos no mês de dezembro";"Tapajós";"Aveiro";"Rural";"2022";387069,29
"Social";"Previdência Social";"Valor dos benefícios emitidos no mês de dezembro";"Tapajós";"Aveiro";"Rural";"2023";441527,96
"Social";"Previdência Social";"Valor dos benefícios emitidos no mês de dezembro";"Tapajós";"Aveiro";"Rural";"2024";460241,94
"Social";"Previdência Social";"Valor dos benefícios emitidos no mês de dezembro";"Marajó";"Bagre";"Rural";"2016";340789,450000035
"Social";"Previdência Social";"Valor dos benefícios emitidos no mês de dezembro";"Marajó";"Bagre";"Rural";"2018";408311,249999912
"Social";"Previdência Social";"Valor dos benefícios emitidos no mês de dezembro";"Marajó";"Bagre";"Rural";"2019";480557,94
"Social";"Previdência Social";"Valor dos benefícios emitidos no mês de dezembro";"Marajó";"Bagre";"Rural";"2020";584483
"Social";"Previdência Social";"Valor dos benefícios emitidos no mês de dezembro";"Marajó";"Bagre";"Rural";"2021";558260,88
"Social";"Previdência Social";"Valor dos benefícios emitidos no mês de dezembro";"Marajó";"Bagre";"Rural";"2022";636631,96
"Social";"Previdência Social";"Valor dos benefícios emitidos no mês de dezembro";"Marajó";"Bagre";"Rural";"2023";736204,35
"Social";"Previdência Social";"Valor dos benefícios emitidos no mês de dezembro";"Marajó";"Bagre";"Rural";"2024";823223,4
"Social";"Previdência Social";"Valor dos benefícios emitidos no mês de dezembro";"Tocantins";"Baião";"Rural";"2016";1815620,94000033
"Social";"Previdência Social";"Valor dos benefícios emitidos no mês de dezembro";"Tocantins";"Baião";"Rural";"2018";2084509,94000046
"Social";"Previdência Social";"Valor dos benefícios emitidos no mês de dezembro";"Tocantins";"Baião";"Rural";"2019";2292871,98
"Social";"Previdência Social";"Valor dos benefícios emitidos no mês de dezembro";"Tocantins";"Baião";"Rural";"2020";2474283,4
"Social";"Previdência Social";"Valor dos benefícios emitidos no mês de dezembro";"Tocantins";"Baião";"Rural";"2021";2468533,61
"Social";"Previdência Social";"Valor dos benefícios emitidos no mês de dezembro";"Tocantins";"Baião";"Rural";"2022";2883408,57
"Social";"Previdência Social";"Valor dos benefícios emitidos no mês de dezembro";"Tocantins";"Baião";"Rural";"2023";3287276,51
"Social";"Previdência Social";"Valor dos benefícios emitidos no mês de dezembro";"Tocantins";"Baião";"Rural";"2024";3698015,73
"Social";"Previdência Social";"Valor dos benefícios emitidos no mês de dezembro";"Araguaia";"Bannach";"Rural";"2016";88331,5099999905
"Social";"Previdência Social";"Valor dos benefícios emitidos no mês de dezembro";"Araguaia";"Bannach";"Rural";"2018";98904,7200000342
"Social";"Previdência Social";"Valor dos benefícios emitidos no mês de dezembro";"Araguaia";"Bannach";"Rural";"2019";112184,88
"Social";"Previdência Social";"Valor dos benefícios emitidos no mês de dezembro";"Araguaia";"Bannach";"Rural";"2020";122252,81
"Social";"Previdência Social";"Valor dos benefícios emitidos no mês de dezembro";"Araguaia";"Bannach";"Rural";"2021";115369,26
"Social";"Previdência Social";"Valor dos benefícios emitidos no mês de dezembro";"Araguaia";"Bannach";"Rural";"2022";143459,47
"Social";"Previdência Social";"Valor dos benefícios emitidos no mês de dezembro";"Araguaia";"Bannach";"Rural";"2023";162568,02
"Social";"Previdência Social";"Valor dos benefícios emitidos no mês de dezembro";"Araguaia";"Bannach";"Rural";"2024";178172,46
"Social";"Previdência Social";"Valor dos benefícios emitidos no mês de dezembro";"Tocantins";"Barcarena";"Rural";"2016";2812190,88000008
"Social";"Previdência Social";"Valor dos benefícios emitidos no mês de dezembro";"Tocantins";"Barcarena";"Rural";"2018";3006889,57999975
"Social";"Previdência Social";"Valor dos benefícios emitidos no mês de dezembro";"Tocantins";"Barcarena";"Rural";"2019";3241332,66
"Social";"Previdência Social";"Valor dos benefícios emitidos no mês de dezembro";"Tocantins";"Barcarena";"Rural";"2020";3454403,57
"Social";"Previdência Social";"Valor dos benefícios emitidos no mês de dezembro";"Tocantins";"Barcarena";"Rural";"2021";3533997,97
"Social";"Previdência Social";"Valor dos benefícios emitidos no mês de dezembro";"Tocantins";"Barcarena";"Rural";"2022";3991400,43
"Social";"Previdência Social";"Valor dos benefícios emitidos no mês de dezembro";"Tocantins";"Barcarena";"Rural";"2023";4523958,21
"Social";"Previdência Social";"Valor dos benefícios emitidos no mês de dezembro";"Tocantins";"Barcarena";"Rural";"2024";5007919,24
"Social";"Previdência Social";"Valor dos benefícios emitidos no mês de dezembro";"Guajará";"Belém";"Rural";"2016";13416259,8099993
"Social";"Previdência Social";"Valor dos benefícios emitidos no mês de dezembro";"Guajará";"Belém";"Rural";"2018";13952509,9899991
"Social";"Previdência Social";"Valor dos benefícios emitidos no mês de dezembro";"Guajará";"Belém";"Rural";"2019";15058167,89
"Social";"Previdência Social";"Valor dos benefícios emitidos no mês de dezembro";"Guajará";"Belém";"Rural";"2020";16236915,71
"Social";"Previdência Social";"Valor dos benefícios emitidos no mês de dezembro";"Guajará";"Belém";"Rural";"2021";18684315,3
"Social";"Previdência Social";"Valor dos benefícios emitidos no mês de dezembro";"Guajará";"Belém";"Rural";"2022";22251741,63
"Social";"Previdência Social";"Valor dos benefícios emitidos no mês de dezembro";"Guajará";"Belém";"Rural";"2023";25479282,7
"Social";"Previdência Social";"Valor dos benefícios emitidos no mês de dezembro";"Guajará";"Belém";"Rural";"2024";32631396,71
"Social";"Previdência Social";"Valor dos benefícios emitidos no mês de dezembro";"Baixo Amazonas";"Belterra";"Rural";"2016";309824,649999972
"Social";"Previdência Social";"Valor dos benefícios emitidos no mês de dezembro";"Baixo Amazonas";"Belterra";"Rural";"2018";382039,300000034
"Social";"Previdência Social";"Valor dos benefícios emitidos no mês de dezembro";"Baixo Amazonas";"Belterra";"Rural";"2019";436950,68
"Social";"Previdência Social";"Valor dos benefícios emitidos no mês de dezembro";"Baixo Amazonas";"Belterra";"Rural";"2020";499814,55
"Social";"Previdência Social";"Valor dos benefícios emitidos no mês de dezembro";"Baixo Amazonas";"Belterra";"Rural";"2021";513696,07
"Social";"Previdência Social";"Valor dos benefícios emitidos no mês de dezembro";"Baixo Amazonas";"Belterra";"Rural";"2022";588646,53
"Social";"Previdência Social";"Valor dos benefícios emitidos no mês de dezembro";"Baixo Amazonas";"Belterra";"Rural";"2023";747070,96
"Social";"Previdência Social";"Valor dos benefícios emitidos no mês de dezembro";"Baixo Amazonas";"Belterra";"Rural";"2024";844620,75
"Social";"Previdência Social";"Valor dos benefícios emitidos no mês de dezembro";"Guajará";"Benevides";"Rural";"2016";2022529,91999996
"Social";"Previdência Social";"Valor dos benefícios emitidos no mês de dezembro";"Guajará";"Benevides";"Rural";"2018";2447981,52999966
"Social";"Previdência Social";"Valor dos benefícios emitidos no mês de dezembro";"Guajará";"Benevides";"Rural";"2019";2427435,57
"Social";"Previdência Social";"Valor dos benefícios emitidos no mês de dezembro";"Guajará";"Benevides";"Rural";"2020";2386181,87
"Social";"Previdência Social";"Valor dos benefícios emitidos no mês de dezembro";"Guajará";"Benevides";"Rural";"2021";2328455,12
"Social";"Previdência Social";"Valor dos benefícios emitidos no mês de dezembro";"Guajará";"Benevides";"Rural";"2022";2559757,45
"Social";"Previdência Social";"Valor dos benefícios emitidos no mês de dezembro";"Guajará";"Benevides";"Rural";"2023";2759628,37
"Social";"Previdência Social";"Valor dos benefícios emitidos no mês de dezembro";"Guajará";"Benevides";"Rural";"2024";2941723,9
"Social";"Previdência Social";"Valor dos benefícios emitidos no mês de dezembro";"Carajás";"Bom Jesus do Tocantins";"Rural";"2016";1212912,67000035
"Social";"Previdência Social";"Valor dos benefícios emitidos no mês de dezembro";"Carajás";"Bom Jesus do Tocantins";"Rural";"2018";1199705,4500001
"Social";"Previdência Social";"Valor dos benefícios emitidos no mês de dezembro";"Carajás";"Bom Jesus do Tocantins";"Rural";"2019";1198280,87
"Social";"Previdência Social";"Valor dos benefícios emitidos no mês de dezembro";"Carajás";"Bom Jesus do Tocantins";"Rural";"2020";1217922,46
"Social";"Previdência Social";"Valor dos benefícios emitidos no mês de dezembro";"Carajás";"Bom Jesus do Tocantins";"Rural";"2021";1190319,25
"Social";"Previdência Social";"Valor dos benefícios emitidos no mês de dezembro";"Carajás";"Bom Jesus do Tocantins";"Rural";"2022";1342293,37
"Social";"Previdência Social";"Valor dos benefícios emitidos no mês de dezembro";"Carajás";"Bom Jesus do Tocantins";"Rural";"2023";1470417,26
"Social";"Previdência Social";"Valor dos benefícios emitidos no mês de dezembro";"Carajás";"Bom Jesus do Tocantins";"Rural";"2024";1712444,45
"Social";"Previdência Social";"Valor dos benefícios emitidos no mês de dezembro";"Rio Caeté";"Bonito";"Rural";"2016";354031,730000034
"Social";"Previdência Social";"Valor dos benefícios emitidos no mês de dezembro";"Rio Caeté";"Bonito";"Rural";"2018";404158,96000018
"Social";"Previdência Social";"Valor dos benefícios emitidos no mês de dezembro";"Rio Caeté";"Bonito";"Rural";"2019";497684,95
"Social";"Previdência Social";"Valor dos benefícios emitidos no mês de dezembro";"Rio Caeté";"Bonito";"Rural";"2020";560564,23
"Social";"Previdência Social";"Valor dos benefícios emitidos no mês de dezembro";"Rio Caeté";"Bonito";"Rural";"2021";549039,88
"Social";"Previdência Social";"Valor dos benefícios emitidos no mês de dezembro";"Rio Caeté";"Bonito";"Rural";"2022";681440,18
"Social";"Previdência Social";"Valor dos benefícios emitidos no mês de dezembro";"Rio Caeté";"Bonito";"Rural";"2023";813990,06
"Social";"Previdência Social";"Valor dos benefícios emitidos no mês de dezembro";"Rio Caeté";"Bonito";"Rural";"2024";962606,48
"Social";"Previdência Social";"Valor dos benefícios emitidos no mês de dezembro";"Rio Caeté";"Bragança";"Rural";"2016";10580081,0899985
"Social";"Previdência Social";"Valor dos benefícios emitidos no mês de dezembro";"Rio Caeté";"Bragança";"Rural";"2018";10890783,0000025
"Social";"Previdência Social";"Valor dos benefícios emitidos no mês de dezembro";"Rio Caeté";"Bragança";"Rural";"2019";11385597,27
"Social";"Previdência Social";"Valor dos benefícios emitidos no mês de dezembro";"Rio Caeté";"Bragança";"Rural";"2020";11954438,43
"Social";"Previdência Social";"Valor dos benefícios emitidos no mês de dezembro";"Rio Caeté";"Bragança";"Rural";"2021";13178592,68
"Social";"Previdência Social";"Valor dos benefícios emitidos no mês de dezembro";"Rio Caeté";"Bragança";"Rural";"2022";15576359,6
"Social";"Previdência Social";"Valor dos benefícios emitidos no mês de dezembro";"Rio Caeté";"Bragança";"Rural";"2023";17505755,76
"Social";"Previdência Social";"Valor dos benefícios emitidos no mês de dezembro";"Rio Caeté";"Bragança";"Rural";"2024";19426973,36
"Social";"Previdência Social";"Valor dos benefícios emitidos no mês de dezembro";"Xingu";"Brasil Novo";"Rural";"2016";1224799,21999969
"Social";"Previdência Social";"Valor dos benefícios emitidos no mês de dezembro";"Xingu";"Brasil Novo";"Rural";"2018";1411178,30999994
"Social";"Previdência Social";"Valor dos benefícios emitidos no mês de dezembro";"Xingu";"Brasil Novo";"Rural";"2019";1545505,81
"Social";"Previdência Social";"Valor dos benefícios emitidos no mês de dezembro";"Xingu";"Brasil Novo";"Rural";"2020";1652955,09
"Social";"Previdência Social";"Valor dos benefícios emitidos no mês de dezembro";"Xingu";"Brasil Novo";"Rural";"2021";1685584,97
"Social";"Previdência Social";"Valor dos benefícios emitidos no mês de dezembro";"Xingu";"Brasil Novo";"Rural";"2022";1882786,18
"Social";"Previdência Social";"Valor dos benefícios emitidos no mês de dezembro";"Xingu";"Brasil Novo";"Rural";"2023";2226947,03
"Social";"Previdência Social";"Valor dos benefícios emitidos no mês de dezembro";"Xingu";"Brasil Novo";"Rural";"2024";2591568,9
"Social";"Previdência Social";"Valor dos benefícios emitidos no mês de dezembro";"Carajás";"Brejo Grande do Araguaia";"Rural";"2016";445151,860000001
"Social";"Previdência Social";"Valor dos benefícios emitidos no mês de dezembro";"Carajás";"Brejo Grande do Araguaia";"Rural";"2018";437756,130000001
"Social";"Previdência Social";"Valor dos benefícios emitidos no mês de dezembro";"Carajás";"Brejo Grande do Araguaia";"Rural";"2019";457652,23
"Social";"Previdência Social";"Valor dos benefícios emitidos no mês de dezembro";"Carajás";"Brejo Grande do Araguaia";"Rural";"2020";473002,97
"Social";"Previdência Social";"Valor dos benefícios emitidos no mês de dezembro";"Carajás";"Brejo Grande do Araguaia";"Rural";"2021";480889,2
"Social";"Previdência Social";"Valor dos benefícios emitidos no mês de dezembro";"Carajás";"Brejo Grande do Araguaia";"Rural";"2022";553745,31
"Social";"Previdência Social";"Valor dos benefícios emitidos no mês de dezembro";"Carajás";"Brejo Grande do Araguaia";"Rural";"2023";632869,18
"Social";"Previdência Social";"Valor dos benefícios emitidos no mês de dezembro";"Carajás";"Brejo Grande do Araguaia";"Rural";"2024";210714,04
"Social";"Previdência Social";"Valor dos benefícios emitidos no mês de dezembro";"Lago de Tucuruí";"Breu Branco";"Rural";"2016";1994390,71000024
"Social";"Previdência Social";"Valor dos benefícios emitidos no mês de dezembro";"Lago de Tucuruí";"Breu Branco";"Rural";"2018";2389407,52000019
"Social";"Previdência Social";"Valor dos benefícios emitidos no mês de dezembro";"Lago de Tucuruí";"Breu Branco";"Rural";"2019";2592430,17
"Social";"Previdência Social";"Valor dos benefícios emitidos no mês de dezembro";"Lago de Tucuruí";"Breu Branco";"Rural";"2020";2719324,91
"Social";"Previdência Social";"Valor dos benefícios emitidos no mês de dezembro";"Lago de Tucuruí";"Breu Branco";"Rural";"2021";2743400,67
"Social";"Previdência Social";"Valor dos benefícios emitidos no mês de dezembro";"Lago de Tucuruí";"Breu Branco";"Rural";"2022";3189892,21
"Social";"Previdência Social";"Valor dos benefícios emitidos no mês de dezembro";"Lago de Tucuruí";"Breu Branco";"Rural";"2023";3642848,98
"Social";"Previdência Social";"Valor dos benefícios emitidos no mês de dezembro";"Lago de Tucuruí";"Breu Branco";"Rural";"2024";4116156,65
"Social";"Previdência Social";"Valor dos benefícios emitidos no mês de dezembro";"Marajó";"Breves";"Rural";"2016";3903468,07000016
"Social";"Previdência Social";"Valor dos benefícios emitidos no mês de dezembro";"Marajó";"Breves";"Rural";"2018";4540002,25000014
"Social";"Previdência Social";"Valor dos benefícios emitidos no mês de dezembro";"Marajó";"Breves";"Rural";"2019";4824979,54
"Social";"Previdência Social";"Valor dos benefícios emitidos no mês de dezembro";"Marajó";"Breves";"Rural";"2020";5207875,2
"Social";"Previdência Social";"Valor dos benefícios emitidos no mês de dezembro";"Marajó";"Breves";"Rural";"2021";5234688,26
"Social";"Previdência Social";"Valor dos benefícios emitidos no mês de dezembro";"Marajó";"Breves";"Rural";"2022";6067464,34
"Social";"Previdência Social";"Valor dos benefícios emitidos no mês de dezembro";"Marajó";"Breves";"Rural";"2023";11073718,18
"Social";"Previdência Social";"Valor dos benefícios emitidos no mês de dezembro";"Marajó";"Breves";"Rural";"2024";12087324,01
"Social";"Previdência Social";"Valor dos benefícios emitidos no mês de dezembro";"Rio Capim";"Bujaru";"Rural";"2016";1260319,43999987
"Social";"Previdência Social";"Valor dos benefícios emitidos no mês de dezembro";"Rio Capim";"Bujaru";"Rural";"2018";1346018,81000005
"Social";"Previdência Social";"Valor dos benefícios emitidos no mês de dezembro";"Rio Capim";"Bujaru";"Rural";"2019";1447100,35
"Social";"Previdência Social";"Valor dos benefícios emitidos no mês de dezembro";"Rio Capim";"Bujaru";"Rural";"2020";1517616,72
"Social";"Previdência Social";"Valor dos benefícios emitidos no mês de dezembro";"Rio Capim";"Bujaru";"Rural";"2021";1496202,69
"Social";"Previdência Social";"Valor dos benefícios emitidos no mês de dezembro";"Rio Capim";"Bujaru";"Rural";"2022";1664164,82
"Social";"Previdência Social";"Valor dos benefícios emitidos no mês de dezembro";"Rio Capim";"Bujaru";"Rural";"2023";1859558,79
"Social";"Previdência Social";"Valor dos benefícios emitidos no mês de dezembro";"Rio Capim";"Bujaru";"Rural";"2024";2025558,52
"Social";"Previdência Social";"Valor dos benefícios emitidos no mês de dezembro";"Marajó";"Cachoeira do Arari";"Rural";"2016";480084,100000018
"Social";"Previdência Social";"Valor dos benefícios emitidos no mês de dezembro";"Marajó";"Cachoeira do Arari";"Rural";"2018";420222,599999839
"Social";"Previdência Social";"Valor dos benefícios emitidos no mês de dezembro";"Marajó";"Cachoeira do Arari";"Rural";"2019";658649,98
"Social";"Previdência Social";"Valor dos benefícios emitidos no mês de dezembro";"Marajó";"Cachoeira do Arari";"Rural";"2020";707136,59
"Social";"Previdência Social";"Valor dos benefícios emitidos no mês de dezembro";"Marajó";"Cachoeira do Arari";"Rural";"2021";718937,21
"Social";"Previdência Social";"Valor dos benefícios emitidos no mês de dezembro";"Marajó";"Cachoeira do Arari";"Rural";"2022";841465,31
"Social";"Previdência Social";"Valor dos benefícios emitidos no mês de dezembro";"Marajó";"Cachoeira do Arari";"Rural";"2023";1015189,87
"Social";"Previdência Social";"Valor dos benefícios emitidos no mês de dezembro";"Marajó";"Cachoeira do Arari";"Rural";"2024";970801,05
"Social";"Previdência Social";"Valor dos benefícios emitidos no mês de dezembro";"Rio Caeté";"Cachoeira do Piriá";"Rural";"2016";340258,270000001
"Social";"Previdência Social";"Valor dos benefícios emitidos no mês de dezembro";"Rio Caeté";"Cachoeira do Piriá";"Rural";"2018";624646,790000079
"Social";"Previdência Social";"Valor dos benefícios emitidos no mês de dezembro";"Rio Caeté";"Cachoeira do Piriá";"Rural";"2019";499920
"Social";"Previdência Social";"Valor dos benefícios emitidos no mês de dezembro";"Rio Caeté";"Cachoeira do Piriá";"Rural";"2020";559537,44
"Social";"Previdência Social";"Valor dos benefícios emitidos no mês de dezembro";"Rio Caeté";"Cachoeira do Piriá";"Rural";"2021";541214,22
"Social";"Previdência Social";"Valor dos benefícios emitidos no mês de dezembro";"Rio Caeté";"Cachoeira do Piriá";"Rural";"2022";652101,06
"Social";"Previdência Social";"Valor dos benefícios emitidos no mês de dezembro";"Rio Caeté";"Cachoeira do Piriá";"Rural";"2023";786819,98
"Social";"Previdência Social";"Valor dos benefícios emitidos no mês de dezembro";"Rio Caeté";"Cachoeira do Piriá";"Rural";"2024";887093,22
"Social";"Previdência Social";"Valor dos benefícios emitidos no mês de dezembro";"Tocantins";"Cametá";"Rural";"2016";11039557,2700019
"Social";"Previdência Social";"Valor dos benefícios emitidos no mês de dezembro";"Tocantins";"Cametá";"Rural";"2018";11810194,1300028
"Social";"Previdência Social";"Valor dos benefícios emitidos no mês de dezembro";"Tocantins";"Cametá";"Rural";"2019";12687425,69
"Social";"Previdência Social";"Valor dos benefícios emitidos no mês de dezembro";"Tocantins";"Cametá";"Rural";"2020";13512162,65
"Social";"Previdência Social";"Valor dos benefícios emitidos no mês de dezembro";"Tocantins";"Cametá";"Rural";"2021";14131541,18
"Social";"Previdência Social";"Valor dos benefícios emitidos no mês de dezembro";"Tocantins";"Cametá";"Rural";"2022";16331008,62
"Social";"Previdência Social";"Valor dos benefícios emitidos no mês de dezembro";"Tocantins";"Cametá";"Rural";"2023";18185174,5
"Social";"Previdência Social";"Valor dos benefícios emitidos no mês de dezembro";"Tocantins";"Cametá";"Rural";"2024";19579096,82
"Social";"Previdência Social";"Valor dos benefícios emitidos no mês de dezembro";"Carajás";"Canaã dos Carajás";"Rural";"2016";1067597,07000019
"Social";"Previdência Social";"Valor dos benefícios emitidos no mês de dezembro";"Carajás";"Canaã dos Carajás";"Rural";"2018";1265037,97999963
"Social";"Previdência Social";"Valor dos benefícios emitidos no mês de dezembro";"Carajás";"Canaã dos Carajás";"Rural";"2019";1408342,36
"Social";"Previdência Social";"Valor dos benefícios emitidos no mês de dezembro";"Carajás";"Canaã dos Carajás";"Rural";"2020";1483933,34
"Social";"Previdência Social";"Valor dos benefícios emitidos no mês de dezembro";"Carajás";"Canaã dos Carajás";"Rural";"2021";1574270,5
"Social";"Previdência Social";"Valor dos benefícios emitidos no mês de dezembro";"Carajás";"Canaã dos Carajás";"Rural";"2022";1882599,09
"Social";"Previdência Social";"Valor dos benefícios emitidos no mês de dezembro";"Carajás";"Canaã dos Carajás";"Rural";"2023";2249131,78
"Social";"Previdência Social";"Valor dos benefícios emitidos no mês de dezembro";"Carajás";"Canaã dos Carajás";"Rural";"2024";2683601,25
"Social";"Previdência Social";"Valor dos benefícios emitidos no mês de dezembro";"Rio Caeté";"Capanema";"Rural";"2016";10037698,1999979
"Social";"Previdência Social";"Valor dos benefícios emitidos no mês de dezembro";"Rio Caeté";"Capanema";"Rural";"2018";9820856,25999795
"Social";"Previdência Social";"Valor dos benefícios emitidos no mês de dezembro";"Rio Caeté";"Capanema";"Rural";"2019";10121123,14
"Social";"Previdência Social";"Valor dos benefícios emitidos no mês de dezembro";"Rio Caeté";"Capanema";"Rural";"2020";10454558,63
"Social";"Previdência Social";"Valor dos benefícios emitidos no mês de dezembro";"Rio Caeté";"Capanema";"Rural";"2021";10301769,05
"Social";"Previdência Social";"Valor dos benefícios emitidos no mês de dezembro";"Rio Caeté";"Capanema";"Rural";"2022";11527932,07
"Social";"Previdência Social";"Valor dos benefícios emitidos no mês de dezembro";"Rio Caeté";"Capanema";"Rural";"2023";12819950,9
"Social";"Previdência Social";"Valor dos benefícios emitidos no mês de dezembro";"Rio Caeté";"Capanema";"Rural";"2024";14069239,52
"Social";"Previdência Social";"Valor dos benefícios emitidos no mês de dezembro";"Rio Capim";"Capitão Poço";"Rural";"2016";4087079,62999908
"Social";"Previdência Social";"Valor dos benefícios emitidos no mês de dezembro";"Rio Capim";"Capitão Poço";"Rural";"2018";4974796,29999957
"Social";"Previdência Social";"Valor dos benefícios emitidos no mês de dezembro";"Rio Capim";"Capitão Poço";"Rural";"2019";5386126,55
"Social";"Previdência Social";"Valor dos benefícios emitidos no mês de dezembro";"Rio Capim";"Capitão Poço";"Rural";"2020";5713382,94
"Social";"Previdência Social";"Valor dos benefícios emitidos no mês de dezembro";"Rio Capim";"Capitão Poço";"Rural";"2021";6231091,73
"Social";"Previdência Social";"Valor dos benefícios emitidos no mês de dezembro";"Rio Capim";"Capitão Poço";"Rural";"2022";7215445,63
"Social";"Previdência Social";"Valor dos benefícios emitidos no mês de dezembro";"Rio Capim";"Capitão Poço";"Rural";"2023";8365843,51
"Social";"Previdência Social";"Valor dos benefícios emitidos no mês de dezembro";"Rio Capim";"Capitão Poço";"Rural";"2024";9205244,79
"Social";"Previdência Social";"Valor dos benefícios emitidos no mês de dezembro";"Guamá";"Castanhal";"Rural";"2016";5169680,37000015
"Social";"Previdência Social";"Valor dos benefícios emitidos no mês de dezembro";"Guamá";"Castanhal";"Rural";"2018";5541981,36999951
"Social";"Previdência Social";"Valor dos benefícios emitidos no mês de dezembro";"Guamá";"Castanhal";"Rural";"2019";6289683,54
"Social";"Previdência Social";"Valor dos benefícios emitidos no mês de dezembro";"Guamá";"Castanhal";"Rural";"2020";6769867,76
"Social";"Previdência Social";"Valor dos benefícios emitidos no mês de dezembro";"Guamá";"Castanhal";"Rural";"2021";7101062,21
"Social";"Previdência Social";"Valor dos benefícios emitidos no mês de dezembro";"Guamá";"Castanhal";"Rural";"2022";8324770,21
"Social";"Previdência Social";"Valor dos benefícios emitidos no mês de dezembro";"Guamá";"Castanhal";"Rural";"2023";9759538,06
"Social";"Previdência Social";"Valor dos benefícios emitidos no mês de dezembro";"Guamá";"Castanhal";"Rural";"2024";11051174,6
"Social";"Previdência Social";"Valor dos benefícios emitidos no mês de dezembro";"Marajó";"Chaves";"Rural";"2016";44910,539999987
"Social";"Previdência Social";"Valor dos benefícios emitidos no mês de dezembro";"Marajó";"Chaves";"Rural";"2018";61904,0600000061
"Social";"Previdência Social";"Valor dos benefícios emitidos no mês de dezembro";"Marajó";"Chaves";"Rural";"2019";87799,4
"Social";"Previdência Social";"Valor dos benefícios emitidos no mês de dezembro";"Marajó";"Chaves";"Rural";"2020";148173,92
"Social";"Previdência Social";"Valor dos benefícios emitidos no mês de dezembro";"Marajó";"Chaves";"Rural";"2021";184290,67
"Social";"Previdência Social";"Valor dos benefícios emitidos no mês de dezembro";"Marajó";"Chaves";"Rural";"2022";176195,15
"Social";"Previdência Social";"Valor dos benefícios emitidos no mês de dezembro";"Marajó";"Chaves";"Rural";"2023";221071,48
"Social";"Previdência Social";"Valor dos benefícios emitidos no mês de dezembro";"Marajó";"Chaves";"Rural";"2024";105787,96
"Social";"Previdência Social";"Valor dos benefícios emitidos no mês de dezembro";"Guamá";"Colares";"Rural";"2016";262119,409999914
"Social";"Previdência Social";"Valor dos benefícios emitidos no mês de dezembro";"Guamá";"Colares";"Rural";"2018";328272,689999983
"Social";"Previdência Social";"Valor dos benefícios emitidos no mês de dezembro";"Guamá";"Colares";"Rural";"2019";355369,4
"Social";"Previdência Social";"Valor dos benefícios emitidos no mês de dezembro";"Guamá";"Colares";"Rural";"2020";391078,92
"Social";"Previdência Social";"Valor dos benefícios emitidos no mês de dezembro";"Guamá";"Colares";"Rural";"2021";381432,99
"Social";"Previdência Social";"Valor dos benefícios emitidos no mês de dezembro";"Guamá";"Colares";"Rural";"2022";424613,48
"Social";"Previdência Social";"Valor dos benefícios emitidos no mês de dezembro";"Guamá";"Colares";"Rural";"2023";476766,55
"Social";"Previdência Social";"Valor dos benefícios emitidos no mês de dezembro";"Guamá";"Colares";"Rural";"2024";556049,46
"Social";"Previdência Social";"Valor dos benefícios emitidos no mês de dezembro";"Araguaia";"Conceição do Araguaia";"Rural";"2016";4644854,22999929
"Social";"Previdência Social";"Valor dos benefícios emitidos no mês de dezembro";"Araguaia";"Conceição do Araguaia";"Rural";"2018";4887451,12999859
"Social";"Previdência Social";"Valor dos benefícios emitidos no mês de dezembro";"Araguaia";"Conceição do Araguaia";"Rural";"2019";5003615,31
"Social";"Previdência Social";"Valor dos benefícios emitidos no mês de dezembro";"Araguaia";"Conceição do Araguaia";"Rural";"2020";5121237,26
"Social";"Previdência Social";"Valor dos benefícios emitidos no mês de dezembro";"Araguaia";"Conceição do Araguaia";"Rural";"2021";5295906,34
"Social";"Previdência Social";"Valor dos benefícios emitidos no mês de dezembro";"Araguaia";"Conceição do Araguaia";"Rural";"2022";5935529,69
"Social";"Previdência Social";"Valor dos benefícios emitidos no mês de dezembro";"Araguaia";"Conceição do Araguaia";"Rural";"2023";6661691,35
"Social";"Previdência Social";"Valor dos benefícios emitidos no mês de dezembro";"Araguaia";"Conceição do Araguaia";"Rural";"2024";7359208,72
"Social";"Previdência Social";"Valor dos benefícios emitidos no mês de dezembro";"Rio Capim";"Concórdia do Pará";"Rural";"2016";1665515,64000002
"Social";"Previdência Social";"Valor dos benefícios emitidos no mês de dezembro";"Rio Capim";"Concórdia do Pará";"Rural";"2018";1602996,14999982
"Social";"Previdência Social";"Valor dos benefícios emitidos no mês de dezembro";"Rio Capim";"Concórdia do Pará";"Rural";"2019";1664153,99
"Social";"Previdência Social";"Valor dos benefícios emitidos no mês de dezembro";"Rio Capim";"Concórdia do Pará";"Rural";"2020";1710761,06
"Social";"Previdência Social";"Valor dos benefícios emitidos no mês de dezembro";"Rio Capim";"Concórdia do Pará";"Rural";"2021";1704109,01
"Social";"Previdência Social";"Valor dos benefícios emitidos no mês de dezembro";"Rio Capim";"Concórdia do Pará";"Rural";"2022";1900635,89
"Social";"Previdência Social";"Valor dos benefícios emitidos no mês de dezembro";"Rio Capim";"Concórdia do Pará";"Rural";"2023";2130317,4
"Social";"Previdência Social";"Valor dos benefícios emitidos no mês de dezembro";"Rio Capim";"Concórdia do Pará";"Rural";"2024";2298234,02
"Social";"Previdência Social";"Valor dos benefícios emitidos no mês de dezembro";"Araguaia";"Cumaru do Norte";"Rural";"2016";243712,220000012
"Social";"Previdência Social";"Valor dos benefícios emitidos no mês de dezembro";"Araguaia";"Cumaru do Norte";"Rural";"2018";293191,940000013
"Social";"Previdência Social";"Valor dos benefícios emitidos no mês de dezembro";"Araguaia";"Cumaru do Norte";"Rural";"2019";323987,05
"Social";"Previdência Social";"Valor dos benefícios emitidos no mês de dezembro";"Araguaia";"Cumaru do Norte";"Rural";"2020";345357,14
"Social";"Previdência Social";"Valor dos benefícios emitidos no mês de dezembro";"Araguaia";"Cumaru do Norte";"Rural";"2021";326683,66
"Social";"Previdência Social";"Valor dos benefícios emitidos no mês de dezembro";"Araguaia";"Cumaru do Norte";"Rural";"2022";352711,51
"Social";"Previdência Social";"Valor dos benefícios emitidos no mês de dezembro";"Araguaia";"Cumaru do Norte";"Rural";"2023";373022,39
"Social";"Previdência Social";"Valor dos benefícios emitidos no mês de dezembro";"Araguaia";"Cumaru do Norte";"Rural";"2024";417230,2
"Social";"Previdência Social";"Valor dos benefícios emitidos no mês de dezembro";"Carajás";"Curionópolis";"Rural";"2016";1644173,83999994
"Social";"Previdência Social";"Valor dos benefícios emitidos no mês de dezembro";"Carajás";"Curionópolis";"Rural";"2018";1671956,68999959
"Social";"Previdência Social";"Valor dos benefícios emitidos no mês de dezembro";"Carajás";"Curionópolis";"Rural";"2019";1754269,63
"Social";"Previdência Social";"Valor dos benefícios emitidos no mês de dezembro";"Carajás";"Curionópolis";"Rural";"2020";1847394,52
"Social";"Previdência Social";"Valor dos benefícios emitidos no mês de dezembro";"Carajás";"Curionópolis";"Rural";"2021";1922348,44
"Social";"Previdência Social";"Valor dos benefícios emitidos no mês de dezembro";"Carajás";"Curionópolis";"Rural";"2022";2189380,87
"Social";"Previdência Social";"Valor dos benefícios emitidos no mês de dezembro";"Carajás";"Curionópolis";"Rural";"2023";2419499,25
"Social";"Previdência Social";"Valor dos benefícios emitidos no mês de dezembro";"Carajás";"Curionópolis";"Rural";"2024";2664875,71
"Social";"Previdência Social";"Valor dos benefícios emitidos no mês de dezembro";"Marajó";"Curralinho";"Rural";"2016";1243080,12999946
"Social";"Previdência Social";"Valor dos benefícios emitidos no mês de dezembro";"Marajó";"Curralinho";"Rural";"2018";1433436,60999988
"Social";"Previdência Social";"Valor dos benefícios emitidos no mês de dezembro";"Marajó";"Curralinho";"Rural";"2019";1530430,74
"Social";"Previdência Social";"Valor dos benefícios emitidos no mês de dezembro";"Marajó";"Curralinho";"Rural";"2020";1655756,28
"Social";"Previdência Social";"Valor dos benefícios emitidos no mês de dezembro";"Marajó";"Curralinho";"Rural";"2021";1663920,27
"Social";"Previdência Social";"Valor dos benefícios emitidos no mês de dezembro";"Marajó";"Curralinho";"Rural";"2022";1892370,35
"Social";"Previdência Social";"Valor dos benefícios emitidos no mês de dezembro";"Marajó";"Curralinho";"Rural";"2023";387301,58
"Social";"Previdência Social";"Valor dos benefícios emitidos no mês de dezembro";"Marajó";"Curralinho";"Rural";"2024";614601,65
"Social";"Previdência Social";"Valor dos benefícios emitidos no mês de dezembro";"Baixo Amazonas";"Curuá";"Rural";"2016";259538,620000035
"Social";"Previdência Social";"Valor dos benefícios emitidos no mês de dezembro";"Baixo Amazonas";"Curuá";"Rural";"2018";356557,54000001
"Social";"Previdência Social";"Valor dos benefícios emitidos no mês de dezembro";"Baixo Amazonas";"Curuá";"Rural";"2019";446910,9
"Social";"Previdência Social";"Valor dos benefícios emitidos no mês de dezembro";"Baixo Amazonas";"Curuá";"Rural";"2020";555053,98
"Social";"Previdência Social";"Valor dos benefícios emitidos no mês de dezembro";"Baixo Amazonas";"Curuá";"Rural";"2021";659763,17
"Social";"Previdência Social";"Valor dos benefícios emitidos no mês de dezembro";"Baixo Amazonas";"Curuá";"Rural";"2022";796956,81
"Social";"Previdência Social";"Valor dos benefícios emitidos no mês de dezembro";"Baixo Amazonas";"Curuá";"Rural";"2023";1029537,33
"Social";"Previdência Social";"Valor dos benefícios emitidos no mês de dezembro";"Baixo Amazonas";"Curuá";"Rural";"2024";1223463,14
"Social";"Previdência Social";"Valor dos benefícios emitidos no mês de dezembro";"Guamá";"Curuçá";"Rural";"2016";2940400,03999961
"Social";"Previdência Social";"Valor dos benefícios emitidos no mês de dezembro";"Guamá";"Curuçá";"Rural";"2018";2980469,82999944
"Social";"Previdência Social";"Valor dos benefícios emitidos no mês de dezembro";"Guamá";"Curuçá";"Rural";"2019";3178218,32
"Social";"Previdência Social";"Valor dos benefícios emitidos no mês de dezembro";"Guamá";"Curuçá";"Rural";"2020";3216946,32
"Social";"Previdência Social";"Valor dos benefícios emitidos no mês de dezembro";"Guamá";"Curuçá";"Rural";"2021";3201059,08
"Social";"Previdência Social";"Valor dos benefícios emitidos no mês de dezembro";"Guamá";"Curuçá";"Rural";"2022";3586055,74
"Social";"Previdência Social";"Valor dos benefícios emitidos no mês de dezembro";"Guamá";"Curuçá";"Rural";"2023";3975030,12
"Social";"Previdência Social";"Valor dos benefícios emitidos no mês de dezembro";"Guamá";"Curuçá";"Rural";"2024";4297277,79
"Social";"Previdência Social";"Valor dos benefícios emitidos no mês de dezembro";"Rio Capim";"Dom Eliseu";"Rural";"2016";1506256,4000002
"Social";"Previdência Social";"Valor dos benefícios emitidos no mês de dezembro";"Rio Capim";"Dom Eliseu";"Rural";"2018";1602309,36000003
"Social";"Previdência Social";"Valor dos benefícios emitidos no mês de dezembro";"Rio Capim";"Dom Eliseu";"Rural";"2019";1726112,57
"Social";"Previdência Social";"Valor dos benefícios emitidos no mês de dezembro";"Rio Capim";"Dom Eliseu";"Rural";"2020";1873589,86
"Social";"Previdência Social";"Valor dos benefícios emitidos no mês de dezembro";"Rio Capim";"Dom Eliseu";"Rural";"2021";2059902,17
"Social";"Previdência Social";"Valor dos benefícios emitidos no mês de dezembro";"Rio Capim";"Dom Eliseu";"Rural";"2022";2440200,54
"Social";"Previdência Social";"Valor dos benefícios emitidos no mês de dezembro";"Rio Capim";"Dom Eliseu";"Rural";"2023";2871567,32
"Social";"Previdência Social";"Valor dos benefícios emitidos no mês de dezembro";"Rio Capim";"Dom Eliseu";"Rural";"2024";3345046,36
"Social";"Previdência Social";"Valor dos benefícios emitidos no mês de dezembro";"Carajás";"Eldorado do Carajás";"Rural";"2016";974324,149999775
"Social";"Previdência Social";"Valor dos benefícios emitidos no mês de dezembro";"Carajás";"Eldorado do Carajás";"Rural";"2018";1082985,57999979
"Social";"Previdência Social";"Valor dos benefícios emitidos no mês de dezembro";"Carajás";"Eldorado do Carajás";"Rural";"2019";1164908,23
"Social";"Previdência Social";"Valor dos benefícios emitidos no mês de dezembro";"Carajás";"Eldorado do Carajás";"Rural";"2020";1262914,8
"Social";"Previdência Social";"Valor dos benefícios emitidos no mês de dezembro";"Carajás";"Eldorado do Carajás";"Rural";"2021";1345030,32
"Social";"Previdência Social";"Valor dos benefícios emitidos no mês de dezembro";"Carajás";"Eldorado do Carajás";"Rural";"2022";1664622,31
"Social";"Previdência Social";"Valor dos benefícios emitidos no mês de dezembro";"Carajás";"Eldorado do Carajás";"Rural";"2023";1970065,67
"Social";"Previdência Social";"Valor dos benefícios emitidos no mês de dezembro";"Carajás";"Eldorado do Carajás";"Rural";"2024";2267084,69
"Social";"Previdência Social";"Valor dos benefícios emitidos no mês de dezembro";"Baixo Amazonas";"Faro";"Rural";"2016";173803,169999957
"Social";"Previdência Social";"Valor dos benefícios emitidos no mês de dezembro";"Baixo Amazonas";"Faro";"Rural";"2018";236545,090000018
"Social";"Previdência Social";"Valor dos benefícios emitidos no mês de dezembro";"Baixo Amazonas";"Faro";"Rural";"2019";282716,1
"Social";"Previdência Social";"Valor dos benefícios emitidos no mês de dezembro";"Baixo Amazonas";"Faro";"Rural";"2020";345212,94
"Social";"Previdência Social";"Valor dos benefícios emitidos no mês de dezembro";"Baixo Amazonas";"Faro";"Rural";"2021";365239,3
"Social";"Previdência Social";"Valor dos benefícios emitidos no mês de dezembro";"Baixo Amazonas";"Faro";"Rural";"2022";419967,62
"Social";"Previdência Social";"Valor dos benefícios emitidos no mês de dezembro";"Baixo Amazonas";"Faro";"Rural";"2023";508624,19
"Social";"Previdência Social";"Valor dos benefícios emitidos no mês de dezembro";"Baixo Amazonas";"Faro";"Rural";"2024";559660,65
"Social";"Previdência Social";"Valor dos benefícios emitidos no mês de dezembro";"Araguaia";"Floresta do Araguaia";"Rural";"2016";561948,739999898
"Social";"Previdência Social";"Valor dos benefícios emitidos no mês de dezembro";"Araguaia";"Floresta do Araguaia";"Rural";"2018";656556,850000154
"Social";"Previdência Social";"Valor dos benefícios emitidos no mês de dezembro";"Araguaia";"Floresta do Araguaia";"Rural";"2019";750320,35
"Social";"Previdência Social";"Valor dos benefícios emitidos no mês de dezembro";"Araguaia";"Floresta do Araguaia";"Rural";"2020";794578,54
"Social";"Previdência Social";"Valor dos benefícios emitidos no mês de dezembro";"Araguaia";"Floresta do Araguaia";"Rural";"2021";796167,99
"Social";"Previdência Social";"Valor dos benefícios emitidos no mês de dezembro";"Araguaia";"Floresta do Araguaia";"Rural";"2022";986538,91
"Social";"Previdência Social";"Valor dos benefícios emitidos no mês de dezembro";"Araguaia";"Floresta do Araguaia";"Rural";"2023";1236116,51
"Social";"Previdência Social";"Valor dos benefícios emitidos no mês de dezembro";"Araguaia";"Floresta do Araguaia";"Rural";"2024";1392450,32
"Social";"Previdência Social";"Valor dos benefícios emitidos no mês de dezembro";"Rio Capim";"Garrafão do Norte";"Rural";"2016";1758523,11000002
"Social";"Previdência Social";"Valor dos benefícios emitidos no mês de dezembro";"Rio Capim";"Garrafão do Norte";"Rural";"2018";1867656,76999957
"Social";"Previdência Social";"Valor dos benefícios emitidos no mês de dezembro";"Rio Capim";"Garrafão do Norte";"Rural";"2019";2067916,35
"Social";"Previdência Social";"Valor dos benefícios emitidos no mês de dezembro";"Rio Capim";"Garrafão do Norte";"Rural";"2020";2181231,36
"Social";"Previdência Social";"Valor dos benefícios emitidos no mês de dezembro";"Rio Capim";"Garrafão do Norte";"Rural";"2021";2325355,72
"Social";"Previdência Social";"Valor dos benefícios emitidos no mês de dezembro";"Rio Capim";"Garrafão do Norte";"Rural";"2022";2775057,71
"Social";"Previdência Social";"Valor dos benefícios emitidos no mês de dezembro";"Rio Capim";"Garrafão do Norte";"Rural";"2023";3216732,62
"Social";"Previdência Social";"Valor dos benefícios emitidos no mês de dezembro";"Rio Capim";"Garrafão do Norte";"Rural";"2024";3647059,24
"Social";"Previdência Social";"Valor dos benefícios emitidos no mês de dezembro";"Lago de Tucuruí";"Goianésia do Pará";"Rural";"2016";1256391,45000008
"Social";"Previdência Social";"Valor dos benefícios emitidos no mês de dezembro";"Lago de Tucuruí";"Goianésia do Pará";"Rural";"2018";1471908,69000064
"Social";"Previdência Social";"Valor dos benefícios emitidos no mês de dezembro";"Lago de Tucuruí";"Goianésia do Pará";"Rural";"2019";1649453,83
"Social";"Previdência Social";"Valor dos benefícios emitidos no mês de dezembro";"Lago de Tucuruí";"Goianésia do Pará";"Rural";"2020";1697680,49
"Social";"Previdência Social";"Valor dos benefícios emitidos no mês de dezembro";"Lago de Tucuruí";"Goianésia do Pará";"Rural";"2021";1708535,27
"Social";"Previdência Social";"Valor dos benefícios emitidos no mês de dezembro";"Lago de Tucuruí";"Goianésia do Pará";"Rural";"2022";1929357,47
"Social";"Previdência Social";"Valor dos benefícios emitidos no mês de dezembro";"Lago de Tucuruí";"Goianésia do Pará";"Rural";"2023";2136149,23
"Social";"Previdência Social";"Valor dos benefícios emitidos no mês de dezembro";"Lago de Tucuruí";"Goianésia do Pará";"Rural";"2024";2430228,46
"Social";"Previdência Social";"Valor dos benefícios emitidos no mês de dezembro";"Marajó";"Gurupá";"Rural";"2016";495878,77999994
"Social";"Previdência Social";"Valor dos benefícios emitidos no mês de dezembro";"Marajó";"Gurupá";"Rural";"2018";600333,910000075
"Social";"Previdência Social";"Valor dos benefícios emitidos no mês de dezembro";"Marajó";"Gurupá";"Rural";"2019";639632,93
"Social";"Previdência Social";"Valor dos benefícios emitidos no mês de dezembro";"Marajó";"Gurupá";"Rural";"2020";750852,97
"Social";"Previdência Social";"Valor dos benefícios emitidos no mês de dezembro";"Marajó";"Gurupá";"Rural";"2021";825188,97
"Social";"Previdência Social";"Valor dos benefícios emitidos no mês de dezembro";"Marajó";"Gurupá";"Rural";"2022";982977,15
"Social";"Previdência Social";"Valor dos benefícios emitidos no mês de dezembro";"Marajó";"Gurupá";"Rural";"2023";1197041,49
"Social";"Previdência Social";"Valor dos benefícios emitidos no mês de dezembro";"Marajó";"Gurupá";"Rural";"2024";1350067,86
"Social";"Previdência Social";"Valor dos benefícios emitidos no mês de dezembro";"Guamá";"Igarapé-Açu";"Rural";"2016";4535832,02000109
"Social";"Previdência Social";"Valor dos benefícios emitidos no mês de dezembro";"Guamá";"Igarapé-Açu";"Rural";"2018";4729646,84000047
"Social";"Previdência Social";"Valor dos benefícios emitidos no mês de dezembro";"Guamá";"Igarapé-Açu";"Rural";"2019";5895773,94
"Social";"Previdência Social";"Valor dos benefícios emitidos no mês de dezembro";"Guamá";"Igarapé-Açu";"Rural";"2020";6120453,29
"Social";"Previdência Social";"Valor dos benefícios emitidos no mês de dezembro";"Guamá";"Igarapé-Açu";"Rural";"2021";5798655,42
"Social";"Previdência Social";"Valor dos benefícios emitidos no mês de dezembro";"Guamá";"Igarapé-Açu";"Rural";"2022";6476836,6
"Social";"Previdência Social";"Valor dos benefícios emitidos no mês de dezembro";"Guamá";"Igarapé-Açu";"Rural";"2023";7051681,61
"Social";"Previdência Social";"Valor dos benefícios emitidos no mês de dezembro";"Guamá";"Igarapé-Açu";"Rural";"2024";7505875,59
"Social";"Previdência Social";"Valor dos benefícios emitidos no mês de dezembro";"Tocantins";"Igarapé-Miri";"Rural";"2016";3144497,80999949
"Social";"Previdência Social";"Valor dos benefícios emitidos no mês de dezembro";"Tocantins";"Igarapé-Miri";"Rural";"2018";3470870,38000059
"Social";"Previdência Social";"Valor dos benefícios emitidos no mês de dezembro";"Tocantins";"Igarapé-Miri";"Rural";"2019";3724373,45
"Social";"Previdência Social";"Valor dos benefícios emitidos no mês de dezembro";"Tocantins";"Igarapé-Miri";"Rural";"2020";3983398,48
"Social";"Previdência Social";"Valor dos benefícios emitidos no mês de dezembro";"Tocantins";"Igarapé-Miri";"Rural";"2021";4000201,66
"Social";"Previdência Social";"Valor dos benefícios emitidos no mês de dezembro";"Tocantins";"Igarapé-Miri";"Rural";"2022";4664406,08
"Social";"Previdência Social";"Valor dos benefícios emitidos no mês de dezembro";"Tocantins";"Igarapé-Miri";"Rural";"2023";5371917,32
"Social";"Previdência Social";"Valor dos benefícios emitidos no mês de dezembro";"Tocantins";"Igarapé-Miri";"Rural";"2024";5877287,81
"Social";"Previdência Social";"Valor dos benefícios emitidos no mês de dezembro";"Guamá";"Inhangapi";"Rural";"2016";581041,219999909
"Social";"Previdência Social";"Valor dos benefícios emitidos no mês de dezembro";"Guamá";"Inhangapi";"Rural";"2018";620778,280000249
"Social";"Previdência Social";"Valor dos benefícios emitidos no mês de dezembro";"Guamá";"Inhangapi";"Rural";"2019";641856,28
"Social";"Previdência Social";"Valor dos benefícios emitidos no mês de dezembro";"Guamá";"Inhangapi";"Rural";"2020";674124,58
"Social";"Previdência Social";"Valor dos benefícios emitidos no mês de dezembro";"Guamá";"Inhangapi";"Rural";"2021";632233,38
"Social";"Previdência Social";"Valor dos benefícios emitidos no mês de dezembro";"Guamá";"Inhangapi";"Rural";"2022";682236,25
"Social";"Previdência Social";"Valor dos benefícios emitidos no mês de dezembro";"Guamá";"Inhangapi";"Rural";"2023";737691,07
"Social";"Previdência Social";"Valor dos benefícios emitidos no mês de dezembro";"Guamá";"Inhangapi";"Rural";"2024";789850,11
"Social";"Previdência Social";"Valor dos benefícios emitidos no mês de dezembro";"Rio Capim";"Ipixuna do Pará";"Rural";"2016";1270797,93000045
"Social";"Previdência Social";"Valor dos benefícios emitidos no mês de dezembro";"Rio Capim";"Ipixuna do Pará";"Rural";"2018";1460426,83999968
"Social";"Previdência Social";"Valor dos benefícios emitidos no mês de dezembro";"Rio Capim";"Ipixuna do Pará";"Rural";"2019";1588536,78
"Social";"Previdência Social";"Valor dos benefícios emitidos no mês de dezembro";"Rio Capim";"Ipixuna do Pará";"Rural";"2020";1655573,49
"Social";"Previdência Social";"Valor dos benefícios emitidos no mês de dezembro";"Rio Capim";"Ipixuna do Pará";"Rural";"2021";1626154,93
"Social";"Previdência Social";"Valor dos benefícios emitidos no mês de dezembro";"Rio Capim";"Ipixuna do Pará";"Rural";"2022";1861750,71
"Social";"Previdência Social";"Valor dos benefícios emitidos no mês de dezembro";"Rio Capim";"Ipixuna do Pará";"Rural";"2023";2083694,58
"Social";"Previdência Social";"Valor dos benefícios emitidos no mês de dezembro";"Rio Capim";"Ipixuna do Pará";"Rural";"2024";2028371,34
"Social";"Previdência Social";"Valor dos benefícios emitidos no mês de dezembro";"Rio Capim";"Irituia";"Rural";"2016";2921136,8699998
"Social";"Previdência Social";"Valor dos benefícios emitidos no mês de dezembro";"Rio Capim";"Irituia";"Rural";"2018";2075309,26999949
"Social";"Previdência Social";"Valor dos benefícios emitidos no mês de dezembro";"Rio Capim";"Irituia";"Rural";"2019";2187184,44
"Social";"Previdência Social";"Valor dos benefícios emitidos no mês de dezembro";"Rio Capim";"Irituia";"Rural";"2020";2300835,86
"Social";"Previdência Social";"Valor dos benefícios emitidos no mês de dezembro";"Rio Capim";"Irituia";"Rural";"2021";2384229,61
"Social";"Previdência Social";"Valor dos benefícios emitidos no mês de dezembro";"Rio Capim";"Irituia";"Rural";"2022";2633126,52
"Social";"Previdência Social";"Valor dos benefícios emitidos no mês de dezembro";"Rio Capim";"Irituia";"Rural";"2023";2903820,31
"Social";"Previdência Social";"Valor dos benefícios emitidos no mês de dezembro";"Rio Capim";"Irituia";"Rural";"2024";3127906,73
"Social";"Previdência Social";"Valor dos benefícios emitidos no mês de dezembro";"Tapajós";"Itaituba";"Rural";"2016";6703831,23000142
"Social";"Previdência Social";"Valor dos benefícios emitidos no mês de dezembro";"Tapajós";"Itaituba";"Rural";"2018";7396745,95999874
"Social";"Previdência Social";"Valor dos benefícios emitidos no mês de dezembro";"Tapajós";"Itaituba";"Rural";"2019";7751452,23
"Social";"Previdência Social";"Valor dos benefícios emitidos no mês de dezembro";"Tapajós";"Itaituba";"Rural";"2020";8017123,61
"Social";"Previdência Social";"Valor dos benefícios emitidos no mês de dezembro";"Tapajós";"Itaituba";"Rural";"2021";8197883,15
"Social";"Previdência Social";"Valor dos benefícios emitidos no mês de dezembro";"Tapajós";"Itaituba";"Rural";"2022";9331460,77
"Social";"Previdência Social";"Valor dos benefícios emitidos no mês de dezembro";"Tapajós";"Itaituba";"Rural";"2023";10554745,46
"Social";"Previdência Social";"Valor dos benefícios emitidos no mês de dezembro";"Tapajós";"Itaituba";"Rural";"2024";11420111,96
"Social";"Previdência Social";"Valor dos benefícios emitidos no mês de dezembro";"Lago de Tucuruí";"Itupiranga";"Rural";"2016";3352174,66000032
"Social";"Previdência Social";"Valor dos benefícios emitidos no mês de dezembro";"Lago de Tucuruí";"Itupiranga";"Rural";"2018";3635114,81000042
"Social";"Previdência Social";"Valor dos benefícios emitidos no mês de dezembro";"Lago de Tucuruí";"Itupiranga";"Rural";"2019";3783782,86
"Social";"Previdência Social";"Valor dos benefícios emitidos no mês de dezembro";"Lago de Tucuruí";"Itupiranga";"Rural";"2020";3969278,9
"Social";"Previdência Social";"Valor dos benefícios emitidos no mês de dezembro";"Lago de Tucuruí";"Itupiranga";"Rural";"2021";3938639
"Social";"Previdência Social";"Valor dos benefícios emitidos no mês de dezembro";"Lago de Tucuruí";"Itupiranga";"Rural";"2022";4460361,04
"Social";"Previdência Social";"Valor dos benefícios emitidos no mês de dezembro";"Lago de Tucuruí";"Itupiranga";"Rural";"2023";4894528,7
"Social";"Previdência Social";"Valor dos benefícios emitidos no mês de dezembro";"Lago de Tucuruí";"Itupiranga";"Rural";"2024";5117171,61
"Social";"Previdência Social";"Valor dos benefícios emitidos no mês de dezembro";"Tapajós";"Jacareacanga";"Rural";"2016";424736,529999953
"Social";"Previdência Social";"Valor dos benefícios emitidos no mês de dezembro";"Tapajós";"Jacareacanga";"Rural";"2018";494244,659999907
"Social";"Previdência Social";"Valor dos benefícios emitidos no mês de dezembro";"Tapajós";"Jacareacanga";"Rural";"2019";537262,52
"Social";"Previdência Social";"Valor dos benefícios emitidos no mês de dezembro";"Tapajós";"Jacareacanga";"Rural";"2020";574445,82
"Social";"Previdência Social";"Valor dos benefícios emitidos no mês de dezembro";"Tapajós";"Jacareacanga";"Rural";"2021";584142,53
"Social";"Previdência Social";"Valor dos benefícios emitidos no mês de dezembro";"Tapajós";"Jacareacanga";"Rural";"2022";646192,02
"Social";"Previdência Social";"Valor dos benefícios emitidos no mês de dezembro";"Tapajós";"Jacareacanga";"Rural";"2023";773607,59
"Social";"Previdência Social";"Valor dos benefícios emitidos no mês de dezembro";"Tapajós";"Jacareacanga";"Rural";"2024";811626,2
"Social";"Previdência Social";"Valor dos benefícios emitidos no mês de dezembro";"Lago de Tucuruí";"Jacundá";"Rural";"2016";3313050,64999924
"Social";"Previdência Social";"Valor dos benefícios emitidos no mês de dezembro";"Lago de Tucuruí";"Jacundá";"Rural";"2018";3841793,40999978
"Social";"Previdência Social";"Valor dos benefícios emitidos no mês de dezembro";"Lago de Tucuruí";"Jacundá";"Rural";"2019";4102714,83
"Social";"Previdência Social";"Valor dos benefícios emitidos no mês de dezembro";"Lago de Tucuruí";"Jacundá";"Rural";"2020";4248578,56
"Social";"Previdência Social";"Valor dos benefícios emitidos no mês de dezembro";"Lago de Tucuruí";"Jacundá";"Rural";"2021";4282695,33
"Social";"Previdência Social";"Valor dos benefícios emitidos no mês de dezembro";"Lago de Tucuruí";"Jacundá";"Rural";"2022";4945396,9
"Social";"Previdência Social";"Valor dos benefícios emitidos no mês de dezembro";"Lago de Tucuruí";"Jacundá";"Rural";"2023";5690366,84
"Social";"Previdência Social";"Valor dos benefícios emitidos no mês de dezembro";"Lago de Tucuruí";"Jacundá";"Rural";"2024";6334497,4
"Social";"Previdência Social";"Valor dos benefícios emitidos no mês de dezembro";"Baixo Amazonas";"Juruti";"Rural";"2016";2528368,39000098
"Social";"Previdência Social";"Valor dos benefícios emitidos no mês de dezembro";"Baixo Amazonas";"Juruti";"Rural";"2018";2837028,35000034
"Social";"Previdência Social";"Valor dos benefícios emitidos no mês de dezembro";"Baixo Amazonas";"Juruti";"Rural";"2019";3094397,34
"Social";"Previdência Social";"Valor dos benefícios emitidos no mês de dezembro";"Baixo Amazonas";"Juruti";"Rural";"2020";3215848,05
"Social";"Previdência Social";"Valor dos benefícios emitidos no mês de dezembro";"Baixo Amazonas";"Juruti";"Rural";"2021";3204453,58
"Social";"Previdência Social";"Valor dos benefícios emitidos no mês de dezembro";"Baixo Amazonas";"Juruti";"Rural";"2022";3607431,32
"Social";"Previdência Social";"Valor dos benefícios emitidos no mês de dezembro";"Baixo Amazonas";"Juruti";"Rural";"2023";4202919,3
"Social";"Previdência Social";"Valor dos benefícios emitidos no mês de dezembro";"Baixo Amazonas";"Juruti";"Rural";"2024";4704929,08
"Social";"Previdência Social";"Valor dos benefícios emitidos no mês de dezembro";"Tocantins";"Limoeiro do Ajuru";"Rural";"2016";505980,140000191
"Social";"Previdência Social";"Valor dos benefícios emitidos no mês de dezembro";"Tocantins";"Limoeiro do Ajuru";"Rural";"2018";624573,670000115
"Social";"Previdência Social";"Valor dos benefícios emitidos no mês de dezembro";"Tocantins";"Limoeiro do Ajuru";"Rural";"2019";683183,69
"Social";"Previdência Social";"Valor dos benefícios emitidos no mês de dezembro";"Tocantins";"Limoeiro do Ajuru";"Rural";"2020";771888,8
"Social";"Previdência Social";"Valor dos benefícios emitidos no mês de dezembro";"Tocantins";"Limoeiro do Ajuru";"Rural";"2021";769605,81
"Social";"Previdência Social";"Valor dos benefícios emitidos no mês de dezembro";"Tocantins";"Limoeiro do Ajuru";"Rural";"2022";952879,87
"Social";"Previdência Social";"Valor dos benefícios emitidos no mês de dezembro";"Tocantins";"Limoeiro do Ajuru";"Rural";"2023";1091810,97
"Social";"Previdência Social";"Valor dos benefícios emitidos no mês de dezembro";"Tocantins";"Limoeiro do Ajuru";"Rural";"2024";1215329,41
"Social";"Previdência Social";"Valor dos benefícios emitidos no mês de dezembro";"Rio Capim";"Mãe do Rio";"Rural";"2016";3000881,59999938
"Social";"Previdência Social";"Valor dos benefícios emitidos no mês de dezembro";"Rio Capim";"Mãe do Rio";"Rural";"2018";3232060,43999973
"Social";"Previdência Social";"Valor dos benefícios emitidos no mês de dezembro";"Rio Capim";"Mãe do Rio";"Rural";"2019";3469347,46
"Social";"Previdência Social";"Valor dos benefícios emitidos no mês de dezembro";"Rio Capim";"Mãe do Rio";"Rural";"2020";3625122,5
"Social";"Previdência Social";"Valor dos benefícios emitidos no mês de dezembro";"Rio Capim";"Mãe do Rio";"Rural";"2021";5240325,78
"Social";"Previdência Social";"Valor dos benefícios emitidos no mês de dezembro";"Rio Capim";"Mãe do Rio";"Rural";"2022";5883728,1
"Social";"Previdência Social";"Valor dos benefícios emitidos no mês de dezembro";"Rio Capim";"Mãe do Rio";"Rural";"2023";6565543,03
"Social";"Previdência Social";"Valor dos benefícios emitidos no mês de dezembro";"Rio Capim";"Mãe do Rio";"Rural";"2024";7156988,86
"Social";"Previdência Social";"Valor dos benefícios emitidos no mês de dezembro";"Guamá";"Magalhães Barata";"Rural";"2016";393240,010000063
"Social";"Previdência Social";"Valor dos benefícios emitidos no mês de dezembro";"Guamá";"Magalhães Barata";"Rural";"2018";406588,019999919
"Social";"Previdência Social";"Valor dos benefícios emitidos no mês de dezembro";"Guamá";"Magalhães Barata";"Rural";"2019";432127,49
"Social";"Previdência Social";"Valor dos benefícios emitidos no mês de dezembro";"Guamá";"Magalhães Barata";"Rural";"2020";469929,47
"Social";"Previdência Social";"Valor dos benefícios emitidos no mês de dezembro";"Guamá";"Magalhães Barata";"Rural";"2021";434529,62
"Social";"Previdência Social";"Valor dos benefícios emitidos no mês de dezembro";"Guamá";"Magalhães Barata";"Rural";"2022";450360,18
"Social";"Previdência Social";"Valor dos benefícios emitidos no mês de dezembro";"Guamá";"Magalhães Barata";"Rural";"2023";464771,99
"Social";"Previdência Social";"Valor dos benefícios emitidos no mês de dezembro";"Guamá";"Magalhães Barata";"Rural";"2024";505867,45
"Social";"Previdência Social";"Valor dos benefícios emitidos no mês de dezembro";"Carajás";"Marabá";"Rural";"2016";10141066,3199999
"Social";"Previdência Social";"Valor dos benefícios emitidos no mês de dezembro";"Carajás";"Marabá";"Rural";"2018";11031334,840004
"Social";"Previdência Social";"Valor dos benefícios emitidos no mês de dezembro";"Carajás";"Marabá";"Rural";"2019";11718181,49
"Social";"Previdência Social";"Valor dos benefícios emitidos no mês de dezembro";"Carajás";"Marabá";"Rural";"2020";12393452,62
"Social";"Previdência Social";"Valor dos benefícios emitidos no mês de dezembro";"Carajás";"Marabá";"Rural";"2021";12761105,3
"Social";"Previdência Social";"Valor dos benefícios emitidos no mês de dezembro";"Carajás";"Marabá";"Rural";"2022";14618636,91
"Social";"Previdência Social";"Valor dos benefícios emitidos no mês de dezembro";"Carajás";"Marabá";"Rural";"2023";16747866,57
"Social";"Previdência Social";"Valor dos benefícios emitidos no mês de dezembro";"Carajás";"Marabá";"Rural";"2024";19783987,46
"Social";"Previdência Social";"Valor dos benefícios emitidos no mês de dezembro";"Guamá";"Maracanã";"Rural";"2016";1845536,94000026
"Social";"Previdência Social";"Valor dos benefícios emitidos no mês de dezembro";"Guamá";"Maracanã";"Rural";"2018";1933988,67000014
"Social";"Previdência Social";"Valor dos benefícios emitidos no mês de dezembro";"Guamá";"Maracanã";"Rural";"2019";2058689,92
"Social";"Previdência Social";"Valor dos benefícios emitidos no mês de dezembro";"Guamá";"Maracanã";"Rural";"2020";2129128,78
"Social";"Previdência Social";"Valor dos benefícios emitidos no mês de dezembro";"Guamá";"Maracanã";"Rural";"2021";2069268,64
"Social";"Previdência Social";"Valor dos benefícios emitidos no mês de dezembro";"Guamá";"Maracanã";"Rural";"2022";2251677,05
"Social";"Previdência Social";"Valor dos benefícios emitidos no mês de dezembro";"Guamá";"Maracanã";"Rural";"2023";2499287,32
"Social";"Previdência Social";"Valor dos benefícios emitidos no mês de dezembro";"Guamá";"Maracanã";"Rural";"2024";2703522,64
"Social";"Previdência Social";"Valor dos benefícios emitidos no mês de dezembro";"Guamá";"Marapanim";"Rural";"2016";2255649,26999944
"Social";"Previdência Social";"Valor dos benefícios emitidos no mês de dezembro";"Guamá";"Marapanim";"Rural";"2018";2201912,92000029
"Social";"Previdência Social";"Valor dos benefícios emitidos no mês de dezembro";"Guamá";"Marapanim";"Rural";"2019";2258235,53
"Social";"Previdência Social";"Valor dos benefícios emitidos no mês de dezembro";"Guamá";"Marapanim";"Rural";"2020";2370811,33
"Social";"Previdência Social";"Valor dos benefícios emitidos no mês de dezembro";"Guamá";"Marapanim";"Rural";"2021";2328599,2
"Social";"Previdência Social";"Valor dos benefícios emitidos no mês de dezembro";"Guamá";"Marapanim";"Rural";"2022";2499383,78
"Social";"Previdência Social";"Valor dos benefícios emitidos no mês de dezembro";"Guamá";"Marapanim";"Rural";"2023";2673590,35
"Social";"Previdência Social";"Valor dos benefícios emitidos no mês de dezembro";"Guamá";"Marapanim";"Rural";"2024";2904660,39
"Social";"Previdência Social";"Valor dos benefícios emitidos no mês de dezembro";"Guajará";"Marituba";"Rural";"2016";429118,360000081
"Social";"Previdência Social";"Valor dos benefícios emitidos no mês de dezembro";"Guajará";"Marituba";"Rural";"2018";622085,419999978
"Social";"Previdência Social";"Valor dos benefícios emitidos no mês de dezembro";"Guajará";"Marituba";"Rural";"2019";721588,55
"Social";"Previdência Social";"Valor dos benefícios emitidos no mês de dezembro";"Guajará";"Marituba";"Rural";"2020";822705,51
"Social";"Previdência Social";"Valor dos benefícios emitidos no mês de dezembro";"Guajará";"Marituba";"Rural";"2021";865038,6
"Social";"Previdência Social";"Valor dos benefícios emitidos no mês de dezembro";"Guajará";"Marituba";"Rural";"2022";993547,74
"Social";"Previdência Social";"Valor dos benefícios emitidos no mês de dezembro";"Guajará";"Marituba";"Rural";"2023";1120368,46
"Social";"Previdência Social";"Valor dos benefícios emitidos no mês de dezembro";"Guajará";"Marituba";"Rural";"2024";1171139,3
"Social";"Previdência Social";"Valor dos benefícios emitidos no mês de dezembro";"Xingu";"Medicilândia";"Rural";"2016";2080092,41000032
"Social";"Previdência Social";"Valor dos benefícios emitidos no mês de dezembro";"Xingu";"Medicilândia";"Rural";"2018";2338051,3099996
"Social";"Previdência Social";"Valor dos benefícios emitidos no mês de dezembro";"Xingu";"Medicilândia";"Rural";"2019";2456235,61
"Social";"Previdência Social";"Valor dos benefícios emitidos no mês de dezembro";"Xingu";"Medicilândia";"Rural";"2020";2668595,19
"Social";"Previdência Social";"Valor dos benefícios emitidos no mês de dezembro";"Xingu";"Medicilândia";"Rural";"2021";2664504,8
"Social";"Previdência Social";"Valor dos benefícios emitidos no mês de dezembro";"Xingu";"Medicilândia";"Rural";"2022";3059395,02
"Social";"Previdência Social";"Valor dos benefícios emitidos no mês de dezembro";"Xingu";"Medicilândia";"Rural";"2023";3547388,61
"Social";"Previdência Social";"Valor dos benefícios emitidos no mês de dezembro";"Xingu";"Medicilândia";"Rural";"2024";4132514,82
"Social";"Previdência Social";"Valor dos benefícios emitidos no mês de dezembro";"Marajó";"Melgaço";"Rural";"2016";341534,800000101
"Social";"Previdência Social";"Valor dos benefícios emitidos no mês de dezembro";"Marajó";"Melgaço";"Rural";"2018";392546,8199999
"Social";"Previdência Social";"Valor dos benefícios emitidos no mês de dezembro";"Marajó";"Melgaço";"Rural";"2019";411604,53
"Social";"Previdência Social";"Valor dos benefícios emitidos no mês de dezembro";"Marajó";"Melgaço";"Rural";"2020";412068,07
"Social";"Previdência Social";"Valor dos benefícios emitidos no mês de dezembro";"Marajó";"Melgaço";"Rural";"2021";391804,12
"Social";"Previdência Social";"Valor dos benefícios emitidos no mês de dezembro";"Marajó";"Melgaço";"Rural";"2022";478745,32
"Social";"Previdência Social";"Valor dos benefícios emitidos no mês de dezembro";"Marajó";"Melgaço";"Rural";"2023";144304,02
"Social";"Previdência Social";"Valor dos benefícios emitidos no mês de dezembro";"Marajó";"Melgaço";"Rural";"2024";203791,54
"Social";"Previdência Social";"Valor dos benefícios emitidos no mês de dezembro";"Tocantins";"Mocajuba";"Rural";"2016";2496114,35000013
"Social";"Previdência Social";"Valor dos benefícios emitidos no mês de dezembro";"Tocantins";"Mocajuba";"Rural";"2018";2361552,76999978
"Social";"Previdência Social";"Valor dos benefícios emitidos no mês de dezembro";"Tocantins";"Mocajuba";"Rural";"2019";2567384,62
"Social";"Previdência Social";"Valor dos benefícios emitidos no mês de dezembro";"Tocantins";"Mocajuba";"Rural";"2020";2790967,23
"Social";"Previdência Social";"Valor dos benefícios emitidos no mês de dezembro";"Tocantins";"Mocajuba";"Rural";"2021";2761749,38
"Social";"Previdência Social";"Valor dos benefícios emitidos no mês de dezembro";"Tocantins";"Mocajuba";"Rural";"2022";3194134,45
"Social";"Previdência Social";"Valor dos benefícios emitidos no mês de dezembro";"Tocantins";"Mocajuba";"Rural";"2023";3693944,72
"Social";"Previdência Social";"Valor dos benefícios emitidos no mês de dezembro";"Tocantins";"Mocajuba";"Rural";"2024";4089672,13
"Social";"Previdência Social";"Valor dos benefícios emitidos no mês de dezembro";"Tocantins";"Moju";"Rural";"2016";3450605,92000109
"Social";"Previdência Social";"Valor dos benefícios emitidos no mês de dezembro";"Tocantins";"Moju";"Rural";"2018";3778910,03000099
"Social";"Previdência Social";"Valor dos benefícios emitidos no mês de dezembro";"Tocantins";"Moju";"Rural";"2019";3991297,54
"Social";"Previdência Social";"Valor dos benefícios emitidos no mês de dezembro";"Tocantins";"Moju";"Rural";"2020";4172401,13
"Social";"Previdência Social";"Valor dos benefícios emitidos no mês de dezembro";"Tocantins";"Moju";"Rural";"2021";4150665,58
"Social";"Previdência Social";"Valor dos benefícios emitidos no mês de dezembro";"Tocantins";"Moju";"Rural";"2022";4731671,56
"Social";"Previdência Social";"Valor dos benefícios emitidos no mês de dezembro";"Tocantins";"Moju";"Rural";"2023";5332153,73
"Social";"Previdência Social";"Valor dos benefícios emitidos no mês de dezembro";"Tocantins";"Moju";"Rural";"2024";5903347,88
"Social";"Previdência Social";"Valor dos benefícios emitidos no mês de dezembro";"Baixo Amazonas";"Mojuí dos campos";"Rural";"2016";32883,9199999897
"Social";"Previdência Social";"Valor dos benefícios emitidos no mês de dezembro";"Baixo Amazonas";"Mojuí dos campos";"Rural";"2018";374133,679999904
"Social";"Previdência Social";"Valor dos benefícios emitidos no mês de dezembro";"Baixo Amazonas";"Mojuí dos campos";"Rural";"2019";327753,18
"Social";"Previdência Social";"Valor dos benefícios emitidos no mês de dezembro";"Baixo Amazonas";"Mojuí dos campos";"Rural";"2020";367758,7
"Social";"Previdência Social";"Valor dos benefícios emitidos no mês de dezembro";"Baixo Amazonas";"Mojuí dos campos";"Rural";"2021";387739,62
"Social";"Previdência Social";"Valor dos benefícios emitidos no mês de dezembro";"Baixo Amazonas";"Mojuí dos campos";"Rural";"2022";472662,03
"Social";"Previdência Social";"Valor dos benefícios emitidos no mês de dezembro";"Baixo Amazonas";"Mojuí dos campos";"Rural";"2023";671264,59
"Social";"Previdência Social";"Valor dos benefícios emitidos no mês de dezembro";"Baixo Amazonas";"Mojuí dos campos";"Rural";"2024";781774,78
"Social";"Previdência Social";"Valor dos benefícios emitidos no mês de dezembro";"Baixo Amazonas";"Monte Alegre";"Rural";"2016";5333480,06000194
"Social";"Previdência Social";"Valor dos benefícios emitidos no mês de dezembro";"Baixo Amazonas";"Monte Alegre";"Rural";"2018";5927726,42000101
"Social";"Previdência Social";"Valor dos benefícios emitidos no mês de dezembro";"Baixo Amazonas";"Monte Alegre";"Rural";"2019";6371995,65
"Social";"Previdência Social";"Valor dos benefícios emitidos no mês de dezembro";"Baixo Amazonas";"Monte Alegre";"Rural";"2020";6783930,07
"Social";"Previdência Social";"Valor dos benefícios emitidos no mês de dezembro";"Baixo Amazonas";"Monte Alegre";"Rural";"2021";7212742,56
"Social";"Previdência Social";"Valor dos benefícios emitidos no mês de dezembro";"Baixo Amazonas";"Monte Alegre";"Rural";"2022";8239090,85
"Social";"Previdência Social";"Valor dos benefícios emitidos no mês de dezembro";"Baixo Amazonas";"Monte Alegre";"Rural";"2023";9538977,1
"Social";"Previdência Social";"Valor dos benefícios emitidos no mês de dezembro";"Baixo Amazonas";"Monte Alegre";"Rural";"2024";10713064,64
"Social";"Previdência Social";"Valor dos benefícios emitidos no mês de dezembro";"Marajó";"Muaná";"Rural";"2016";1889427,24999941
"Social";"Previdência Social";"Valor dos benefícios emitidos no mês de dezembro";"Marajó";"Muaná";"Rural";"2018";2163266,73999996
"Social";"Previdência Social";"Valor dos benefícios emitidos no mês de dezembro";"Marajó";"Muaná";"Rural";"2019";2344353,9
"Social";"Previdência Social";"Valor dos benefícios emitidos no mês de dezembro";"Marajó";"Muaná";"Rural";"2020";2569527,3
"Social";"Previdência Social";"Valor dos benefícios emitidos no mês de dezembro";"Marajó";"Muaná";"Rural";"2021";2456928,05
"Social";"Previdência Social";"Valor dos benefícios emitidos no mês de dezembro";"Marajó";"Muaná";"Rural";"2022";2769059,37
"Social";"Previdência Social";"Valor dos benefícios emitidos no mês de dezembro";"Marajó";"Muaná";"Rural";"2023";3180786,13
"Social";"Previdência Social";"Valor dos benefícios emitidos no mês de dezembro";"Marajó";"Muaná";"Rural";"2024";3524449,9
"Social";"Previdência Social";"Valor dos benefícios emitidos no mês de dezembro";"Rio Capim";"Nova Esperança do Piriá";"Rural";"2016";1079068,1
"Social";"Previdência Social";"Valor dos benefícios emitidos no mês de dezembro";"Rio Capim";"Nova Esperança do Piriá";"Rural";"2018";1237990,24999966
"Social";"Previdência Social";"Valor dos benefícios emitidos no mês de dezembro";"Rio Capim";"Nova Esperança do Piriá";"Rural";"2019";1362041,41
"Social";"Previdência Social";"Valor dos benefícios emitidos no mês de dezembro";"Rio Capim";"Nova Esperança do Piriá";"Rural";"2020";1472256,67
"Social";"Previdência Social";"Valor dos benefícios emitidos no mês de dezembro";"Rio Capim";"Nova Esperança do Piriá";"Rural";"2021";1392544,4
"Social";"Previdência Social";"Valor dos benefícios emitidos no mês de dezembro";"Rio Capim";"Nova Esperança do Piriá";"Rural";"2022";1528521,07
"Social";"Previdência Social";"Valor dos benefícios emitidos no mês de dezembro";"Rio Capim";"Nova Esperança do Piriá";"Rural";"2023";1754101,98
"Social";"Previdência Social";"Valor dos benefícios emitidos no mês de dezembro";"Rio Capim";"Nova Esperança do Piriá";"Rural";"2024";1889258,16
"Social";"Previdência Social";"Valor dos benefícios emitidos no mês de dezembro";"Lago de Tucuruí";"Nova Ipixuna";"Rural";"2016";487674,690000258
"Social";"Previdência Social";"Valor dos benefícios emitidos no mês de dezembro";"Lago de Tucuruí";"Nova Ipixuna";"Rural";"2018";577184,670000091
"Social";"Previdência Social";"Valor dos benefícios emitidos no mês de dezembro";"Lago de Tucuruí";"Nova Ipixuna";"Rural";"2019";670414,86
"Social";"Previdência Social";"Valor dos benefícios emitidos no mês de dezembro";"Lago de Tucuruí";"Nova Ipixuna";"Rural";"2020";774061,19
"Social";"Previdência Social";"Valor dos benefícios emitidos no mês de dezembro";"Lago de Tucuruí";"Nova Ipixuna";"Rural";"2021";795083,74
"Social";"Previdência Social";"Valor dos benefícios emitidos no mês de dezembro";"Lago de Tucuruí";"Nova Ipixuna";"Rural";"2022";943683,2
"Social";"Previdência Social";"Valor dos benefícios emitidos no mês de dezembro";"Lago de Tucuruí";"Nova Ipixuna";"Rural";"2023";1063443,89
"Social";"Previdência Social";"Valor dos benefícios emitidos no mês de dezembro";"Lago de Tucuruí";"Nova Ipixuna";"Rural";"2024";1164787,19
"Social";"Previdência Social";"Valor dos benefícios emitidos no mês de dezembro";"Rio Caeté";"Nova Timboteua";"Rural";"2016";1795740,25999948
"Social";"Previdência Social";"Valor dos benefícios emitidos no mês de dezembro";"Rio Caeté";"Nova Timboteua";"Rural";"2018";1815197,73000025
"Social";"Previdência Social";"Valor dos benefícios emitidos no mês de dezembro";"Rio Caeté";"Nova Timboteua";"Rural";"2019";1161663,99
"Social";"Previdência Social";"Valor dos benefícios emitidos no mês de dezembro";"Rio Caeté";"Nova Timboteua";"Rural";"2020";1238213,4
"Social";"Previdência Social";"Valor dos benefícios emitidos no mês de dezembro";"Rio Caeté";"Nova Timboteua";"Rural";"2021";1263589,96
"Social";"Previdência Social";"Valor dos benefícios emitidos no mês de dezembro";"Rio Caeté";"Nova Timboteua";"Rural";"2022";1413944,11
"Social";"Previdência Social";"Valor dos benefícios emitidos no mês de dezembro";"Rio Caeté";"Nova Timboteua";"Rural";"2023";1584530,9
"Social";"Previdência Social";"Valor dos benefícios emitidos no mês de dezembro";"Rio Caeté";"Nova Timboteua";"Rural";"2024";1694361,02
"Social";"Previdência Social";"Valor dos benefícios emitidos no mês de dezembro";"Tapajós";"Novo Progresso";"Rural";"2016";842176,470000152
"Social";"Previdência Social";"Valor dos benefícios emitidos no mês de dezembro";"Tapajós";"Novo Progresso";"Rural";"2018";1078236,24000028
"Social";"Previdência Social";"Valor dos benefícios emitidos no mês de dezembro";"Tapajós";"Novo Progresso";"Rural";"2019";1195203,88
"Social";"Previdência Social";"Valor dos benefícios emitidos no mês de dezembro";"Tapajós";"Novo Progresso";"Rural";"2020";1266793,08
"Social";"Previdência Social";"Valor dos benefícios emitidos no mês de dezembro";"Tapajós";"Novo Progresso";"Rural";"2021";1576337,8
"Social";"Previdência Social";"Valor dos benefícios emitidos no mês de dezembro";"Tapajós";"Novo Progresso";"Rural";"2022";1875127,88
"Social";"Previdência Social";"Valor dos benefícios emitidos no mês de dezembro";"Tapajós";"Novo Progresso";"Rural";"2023";2194209,71
"Social";"Previdência Social";"Valor dos benefícios emitidos no mês de dezembro";"Tapajós";"Novo Progresso";"Rural";"2024";2479653,36
"Social";"Previdência Social";"Valor dos benefícios emitidos no mês de dezembro";"Lago de Tucuruí";"Novo Repartimento";"Rural";"2016";3824837,96999947
"Social";"Previdência Social";"Valor dos benefícios emitidos no mês de dezembro";"Lago de Tucuruí";"Novo Repartimento";"Rural";"2018";4459098,48000037
"Social";"Previdência Social";"Valor dos benefícios emitidos no mês de dezembro";"Lago de Tucuruí";"Novo Repartimento";"Rural";"2019";4847276,5
"Social";"Previdência Social";"Valor dos benefícios emitidos no mês de dezembro";"Lago de Tucuruí";"Novo Repartimento";"Rural";"2020";5155747,36
"Social";"Previdência Social";"Valor dos benefícios emitidos no mês de dezembro";"Lago de Tucuruí";"Novo Repartimento";"Rural";"2021";5262661,41
"Social";"Previdência Social";"Valor dos benefícios emitidos no mês de dezembro";"Lago de Tucuruí";"Novo Repartimento";"Rural";"2022";6087629,47
"Social";"Previdência Social";"Valor dos benefícios emitidos no mês de dezembro";"Lago de Tucuruí";"Novo Repartimento";"Rural";"2023";7015674,68
"Social";"Previdência Social";"Valor dos benefícios emitidos no mês de dezembro";"Lago de Tucuruí";"Novo Repartimento";"Rural";"2024";7841046,87
"Social";"Previdência Social";"Valor dos benefícios emitidos no mês de dezembro";"Baixo Amazonas";"Óbidos";"Rural";"2016";3094072,47000025
"Social";"Previdência Social";"Valor dos benefícios emitidos no mês de dezembro";"Baixo Amazonas";"Óbidos";"Rural";"2018";3393044,53000075
"Social";"Previdência Social";"Valor dos benefícios emitidos no mês de dezembro";"Baixo Amazonas";"Óbidos";"Rural";"2019";3684093,77
"Social";"Previdência Social";"Valor dos benefícios emitidos no mês de dezembro";"Baixo Amazonas";"Óbidos";"Rural";"2020";3909346,44
"Social";"Previdência Social";"Valor dos benefícios emitidos no mês de dezembro";"Baixo Amazonas";"Óbidos";"Rural";"2021";4024210,91
"Social";"Previdência Social";"Valor dos benefícios emitidos no mês de dezembro";"Baixo Amazonas";"Óbidos";"Rural";"2022";4446808,3
"Social";"Previdência Social";"Valor dos benefícios emitidos no mês de dezembro";"Baixo Amazonas";"Óbidos";"Rural";"2023";5058721,2
"Social";"Previdência Social";"Valor dos benefícios emitidos no mês de dezembro";"Baixo Amazonas";"Óbidos";"Rural";"2024";5575238,11
"Social";"Previdência Social";"Valor dos benefícios emitidos no mês de dezembro";"Marajó";"Oeiras do Pará";"Rural";"2016";928540,929999935
"Social";"Previdência Social";"Valor dos benefícios emitidos no mês de dezembro";"Marajó";"Oeiras do Pará";"Rural";"2018";1077257,77000039
"Social";"Previdência Social";"Valor dos benefícios emitidos no mês de dezembro";"Marajó";"Oeiras do Pará";"Rural";"2019";1224120,56
"Social";"Previdência Social";"Valor dos benefícios emitidos no mês de dezembro";"Marajó";"Oeiras do Pará";"Rural";"2020";1363645,26
"Social";"Previdência Social";"Valor dos benefícios emitidos no mês de dezembro";"Marajó";"Oeiras do Pará";"Rural";"2021";1371235,65
"Social";"Previdência Social";"Valor dos benefícios emitidos no mês de dezembro";"Marajó";"Oeiras do Pará";"Rural";"2022";1592284,96
"Social";"Previdência Social";"Valor dos benefícios emitidos no mês de dezembro";"Marajó";"Oeiras do Pará";"Rural";"2023";1807415,24
"Social";"Previdência Social";"Valor dos benefícios emitidos no mês de dezembro";"Marajó";"Oeiras do Pará";"Rural";"2024";1875858,43
"Social";"Previdência Social";"Valor dos benefícios emitidos no mês de dezembro";"Baixo Amazonas";"Oriximiná";"Rural";"2016";2873089,12000069
"Social";"Previdência Social";"Valor dos benefícios emitidos no mês de dezembro";"Baixo Amazonas";"Oriximiná";"Rural";"2018";3184344,27999983
"Social";"Previdência Social";"Valor dos benefícios emitidos no mês de dezembro";"Baixo Amazonas";"Oriximiná";"Rural";"2019";3456003,87
"Social";"Previdência Social";"Valor dos benefícios emitidos no mês de dezembro";"Baixo Amazonas";"Oriximiná";"Rural";"2020";3625475,58
"Social";"Previdência Social";"Valor dos benefícios emitidos no mês de dezembro";"Baixo Amazonas";"Oriximiná";"Rural";"2021";3831336,68
"Social";"Previdência Social";"Valor dos benefícios emitidos no mês de dezembro";"Baixo Amazonas";"Oriximiná";"Rural";"2022";4191613,37
"Social";"Previdência Social";"Valor dos benefícios emitidos no mês de dezembro";"Baixo Amazonas";"Oriximiná";"Rural";"2023";4715615,67
"Social";"Previdência Social";"Valor dos benefícios emitidos no mês de dezembro";"Baixo Amazonas";"Oriximiná";"Rural";"2024";5296311,23
"Social";"Previdência Social";"Valor dos benefícios emitidos no mês de dezembro";"Rio Capim";"Ourém";"Rural";"2016";1565639,86999937
"Social";"Previdência Social";"Valor dos benefícios emitidos no mês de dezembro";"Rio Capim";"Ourém";"Rural";"2018";1076601,30000039
"Social";"Previdência Social";"Valor dos benefícios emitidos no mês de dezembro";"Rio Capim";"Ourém";"Rural";"2019";1161947,52
"Social";"Previdência Social";"Valor dos benefícios emitidos no mês de dezembro";"Rio Capim";"Ourém";"Rural";"2020";1226284,6
"Social";"Previdência Social";"Valor dos benefícios emitidos no mês de dezembro";"Rio Capim";"Ourém";"Rural";"2021";937040,09
"Social";"Previdência Social";"Valor dos benefícios emitidos no mês de dezembro";"Rio Capim";"Ourém";"Rural";"2022";1076520,32
"Social";"Previdência Social";"Valor dos benefícios emitidos no mês de dezembro";"Rio Capim";"Ourém";"Rural";"2023";1230900,39
"Social";"Previdência Social";"Valor dos benefícios emitidos no mês de dezembro";"Rio Capim";"Ourém";"Rural";"2024";1376245,17
"Social";"Previdência Social";"Valor dos benefícios emitidos no mês de dezembro";"Araguaia";"Ourilândia do Norte";"Rural";"2016";1433738,40000051
"Social";"Previdência Social";"Valor dos benefícios emitidos no mês de dezembro";"Araguaia";"Ourilândia do Norte";"Rural";"2018";1639736,67999949
"Social";"Previdência Social";"Valor dos benefícios emitidos no mês de dezembro";"Araguaia";"Ourilândia do Norte";"Rural";"2019";1719474,54
"Social";"Previdência Social";"Valor dos benefícios emitidos no mês de dezembro";"Araguaia";"Ourilândia do Norte";"Rural";"2020";1817845,05
"Social";"Previdência Social";"Valor dos benefícios emitidos no mês de dezembro";"Araguaia";"Ourilândia do Norte";"Rural";"2021";1807260,73
"Social";"Previdência Social";"Valor dos benefícios emitidos no mês de dezembro";"Araguaia";"Ourilândia do Norte";"Rural";"2022";2076646,37
"Social";"Previdência Social";"Valor dos benefícios emitidos no mês de dezembro";"Araguaia";"Ourilândia do Norte";"Rural";"2023";2373975,25
"Social";"Previdência Social";"Valor dos benefícios emitidos no mês de dezembro";"Araguaia";"Ourilândia do Norte";"Rural";"2024";2752442,5
"Social";"Previdência Social";"Valor dos benefícios emitidos no mês de dezembro";"Xingu";"Pacajá";"Rural";"2016";2418751,68000036
"Social";"Previdência Social";"Valor dos benefícios emitidos no mês de dezembro";"Xingu";"Pacajá";"Rural";"2018";2787815,94999853
"Social";"Previdência Social";"Valor dos benefícios emitidos no mês de dezembro";"Xingu";"Pacajá";"Rural";"2019";3009862,21
"Social";"Previdência Social";"Valor dos benefícios emitidos no mês de dezembro";"Xingu";"Pacajá";"Rural";"2020";3178044,17
"Social";"Previdência Social";"Valor dos benefícios emitidos no mês de dezembro";"Xingu";"Pacajá";"Rural";"2021";3170838,44
"Social";"Previdência Social";"Valor dos benefícios emitidos no mês de dezembro";"Xingu";"Pacajá";"Rural";"2022";3552498,59
"Social";"Previdência Social";"Valor dos benefícios emitidos no mês de dezembro";"Xingu";"Pacajá";"Rural";"2023";4028182,87
"Social";"Previdência Social";"Valor dos benefícios emitidos no mês de dezembro";"Xingu";"Pacajá";"Rural";"2024";4472722,31
"Social";"Previdência Social";"Valor dos benefícios emitidos no mês de dezembro";"Carajás";"Palestina do Pará";"Rural";"2016";201889,880000075
"Social";"Previdência Social";"Valor dos benefícios emitidos no mês de dezembro";"Carajás";"Palestina do Pará";"Rural";"2018";227229,729999905
"Social";"Previdência Social";"Valor dos benefícios emitidos no mês de dezembro";"Carajás";"Palestina do Pará";"Rural";"2019";251299,36
"Social";"Previdência Social";"Valor dos benefícios emitidos no mês de dezembro";"Carajás";"Palestina do Pará";"Rural";"2020";279692,44
"Social";"Previdência Social";"Valor dos benefícios emitidos no mês de dezembro";"Carajás";"Palestina do Pará";"Rural";"2021";284175,65
"Social";"Previdência Social";"Valor dos benefícios emitidos no mês de dezembro";"Carajás";"Palestina do Pará";"Rural";"2022";337673,53
"Social";"Previdência Social";"Valor dos benefícios emitidos no mês de dezembro";"Carajás";"Palestina do Pará";"Rural";"2023";414081,83
"Social";"Previdência Social";"Valor dos benefícios emitidos no mês de dezembro";"Carajás";"Palestina do Pará";"Rural";"2024";141632,28
"Social";"Previdência Social";"Valor dos benefícios emitidos no mês de dezembro";"Rio Capim";"Paragominas";"Rural";"2016";3082733,95000125
"Social";"Previdência Social";"Valor dos benefícios emitidos no mês de dezembro";"Rio Capim";"Paragominas";"Rural";"2018";3605565,68000135
"Social";"Previdência Social";"Valor dos benefícios emitidos no mês de dezembro";"Rio Capim";"Paragominas";"Rural";"2019";3838406,67
"Social";"Previdência Social";"Valor dos benefícios emitidos no mês de dezembro";"Rio Capim";"Paragominas";"Rural";"2020";4021980,86
"Social";"Previdência Social";"Valor dos benefícios emitidos no mês de dezembro";"Rio Capim";"Paragominas";"Rural";"2021";4137142,6
"Social";"Previdência Social";"Valor dos benefícios emitidos no mês de dezembro";"Rio Capim";"Paragominas";"Rural";"2022";4731423,82
"Social";"Previdência Social";"Valor dos benefícios emitidos no mês de dezembro";"Rio Capim";"Paragominas";"Rural";"2023";5389150,62
"Social";"Previdência Social";"Valor dos benefícios emitidos no mês de dezembro";"Rio Capim";"Paragominas";"Rural";"2024";6129384
"Social";"Previdência Social";"Valor dos benefícios emitidos no mês de dezembro";"Carajás";"Parauapebas";"Rural";"2016";4828488,79999873
"Social";"Previdência Social";"Valor dos benefícios emitidos no mês de dezembro";"Carajás";"Parauapebas";"Rural";"2018";5574553,14999976
"Social";"Previdência Social";"Valor dos benefícios emitidos no mês de dezembro";"Carajás";"Parauapebas";"Rural";"2019";6093215,18
"Social";"Previdência Social";"Valor dos benefícios emitidos no mês de dezembro";"Carajás";"Parauapebas";"Rural";"2020";6368151,76
"Social";"Previdência Social";"Valor dos benefícios emitidos no mês de dezembro";"Carajás";"Parauapebas";"Rural";"2021";6643278,27
"Social";"Previdência Social";"Valor dos benefícios emitidos no mês de dezembro";"Carajás";"Parauapebas";"Rural";"2022";7791847,99
"Social";"Previdência Social";"Valor dos benefícios emitidos no mês de dezembro";"Carajás";"Parauapebas";"Rural";"2023";9158089,02
"Social";"Previdência Social";"Valor dos benefícios emitidos no mês de dezembro";"Carajás";"Parauapebas";"Rural";"2024";10301907,14
"Social";"Previdência Social";"Valor dos benefícios emitidos no mês de dezembro";"Araguaia";"Pau D'Arco";"Rural";"2016";357213,729999956
"Social";"Previdência Social";"Valor dos benefícios emitidos no mês de dezembro";"Araguaia";"Pau D'Arco";"Rural";"2018";418455,21000006
"Social";"Previdência Social";"Valor dos benefícios emitidos no mês de dezembro";"Araguaia";"Pau D'Arco";"Rural";"2019";443276,16
"Social";"Previdência Social";"Valor dos benefícios emitidos no mês de dezembro";"Araguaia";"Pau D'Arco";"Rural";"2020";457954,01
"Social";"Previdência Social";"Valor dos benefícios emitidos no mês de dezembro";"Araguaia";"Pau D'Arco";"Rural";"2021";439795,96
"Social";"Previdência Social";"Valor dos benefícios emitidos no mês de dezembro";"Araguaia";"Pau D'Arco";"Rural";"2022";488449,05
"Social";"Previdência Social";"Valor dos benefícios emitidos no mês de dezembro";"Araguaia";"Pau D'Arco";"Rural";"2023";527117,56
"Social";"Previdência Social";"Valor dos benefícios emitidos no mês de dezembro";"Araguaia";"Pau D'Arco";"Rural";"2024";570262,27
"Social";"Previdência Social";"Valor dos benefícios emitidos no mês de dezembro";"Rio Caeté";"Peixe-Boi";"Rural";"2016";179302,580000024
"Social";"Previdência Social";"Valor dos benefícios emitidos no mês de dezembro";"Rio Caeté";"Peixe-Boi";"Rural";"2018";208890,159999974
"Social";"Previdência Social";"Valor dos benefícios emitidos no mês de dezembro";"Rio Caeté";"Peixe-Boi";"Rural";"2019";68277,37
"Social";"Previdência Social";"Valor dos benefícios emitidos no mês de dezembro";"Rio Caeté";"Peixe-Boi";"Rural";"2020";95379,57
"Social";"Previdência Social";"Valor dos benefícios emitidos no mês de dezembro";"Rio Caeté";"Peixe-Boi";"Rural";"2021";119032,68
"Social";"Previdência Social";"Valor dos benefícios emitidos no mês de dezembro";"Rio Caeté";"Peixe-Boi";"Rural";"2022";147199,8
"Social";"Previdência Social";"Valor dos benefícios emitidos no mês de dezembro";"Rio Caeté";"Peixe-Boi";"Rural";"2023";213509,19
"Social";"Previdência Social";"Valor dos benefícios emitidos no mês de dezembro";"Rio Caeté";"Peixe-Boi";"Rural";"2024";297574,11
"Social";"Previdência Social";"Valor dos benefícios emitidos no mês de dezembro";"Carajás";"Piçarra";"Rural";"2016";243546,659999959
"Social";"Previdência Social";"Valor dos benefícios emitidos no mês de dezembro";"Carajás";"Piçarra";"Rural";"2018";305282,020000033
"Social";"Previdência Social";"Valor dos benefícios emitidos no mês de dezembro";"Carajás";"Piçarra";"Rural";"2019";349438,28
"Social";"Previdência Social";"Valor dos benefícios emitidos no mês de dezembro";"Carajás";"Piçarra";"Rural";"2020";599482,39
"Social";"Previdência Social";"Valor dos benefícios emitidos no mês de dezembro";"Carajás";"Piçarra";"Rural";"2021";596922,64
"Social";"Previdência Social";"Valor dos benefícios emitidos no mês de dezembro";"Carajás";"Piçarra";"Rural";"2022";665539,25
"Social";"Previdência Social";"Valor dos benefícios emitidos no mês de dezembro";"Carajás";"Piçarra";"Rural";"2023";766132,65
"Social";"Previdência Social";"Valor dos benefícios emitidos no mês de dezembro";"Carajás";"Piçarra";"Rural";"2024";838617,64
"Social";"Previdência Social";"Valor dos benefícios emitidos no mês de dezembro";"Xingu";"Placas";"Rural";"2016";411758,279999966
"Social";"Previdência Social";"Valor dos benefícios emitidos no mês de dezembro";"Xingu";"Placas";"Rural";"2018";611350,96999976
"Social";"Previdência Social";"Valor dos benefícios emitidos no mês de dezembro";"Xingu";"Placas";"Rural";"2019";705289,38
"Social";"Previdência Social";"Valor dos benefícios emitidos no mês de dezembro";"Xingu";"Placas";"Rural";"2020";851891,53
"Social";"Previdência Social";"Valor dos benefícios emitidos no mês de dezembro";"Xingu";"Placas";"Rural";"2021";941707,44
"Social";"Previdência Social";"Valor dos benefícios emitidos no mês de dezembro";"Xingu";"Placas";"Rural";"2022";1142648,21
"Social";"Previdência Social";"Valor dos benefícios emitidos no mês de dezembro";"Xingu";"Placas";"Rural";"2023";1392417,27
"Social";"Previdência Social";"Valor dos benefícios emitidos no mês de dezembro";"Xingu";"Placas";"Rural";"2024";1637777,93
"Social";"Previdência Social";"Valor dos benefícios emitidos no mês de dezembro";"Marajó";"Ponta de Pedras";"Rural";"2016";680787,400000015
"Social";"Previdência Social";"Valor dos benefícios emitidos no mês de dezembro";"Marajó";"Ponta de Pedras";"Rural";"2018";985178,66999987
"Social";"Previdência Social";"Valor dos benefícios emitidos no mês de dezembro";"Marajó";"Ponta de Pedras";"Rural";"2019";1154049,71
"Social";"Previdência Social";"Valor dos benefícios emitidos no mês de dezembro";"Marajó";"Ponta de Pedras";"Rural";"2020";1344678,63
"Social";"Previdência Social";"Valor dos benefícios emitidos no mês de dezembro";"Marajó";"Ponta de Pedras";"Rural";"2021";1386537,13
"Social";"Previdência Social";"Valor dos benefícios emitidos no mês de dezembro";"Marajó";"Ponta de Pedras";"Rural";"2022";1680172,19
"Social";"Previdência Social";"Valor dos benefícios emitidos no mês de dezembro";"Marajó";"Ponta de Pedras";"Rural";"2023";1918943,24
"Social";"Previdência Social";"Valor dos benefícios emitidos no mês de dezembro";"Marajó";"Ponta de Pedras";"Rural";"2024";2181687,67
"Social";"Previdência Social";"Valor dos benefícios emitidos no mês de dezembro";"Marajó";"Portel";"Rural";"2016";1522456,17000036
"Social";"Previdência Social";"Valor dos benefícios emitidos no mês de dezembro";"Marajó";"Portel";"Rural";"2018";1765302,24999983
"Social";"Previdência Social";"Valor dos benefícios emitidos no mês de dezembro";"Marajó";"Portel";"Rural";"2019";1929421,15
"Social";"Previdência Social";"Valor dos benefícios emitidos no mês de dezembro";"Marajó";"Portel";"Rural";"2020";2099642,07
"Social";"Previdência Social";"Valor dos benefícios emitidos no mês de dezembro";"Marajó";"Portel";"Rural";"2021";2013095,76
"Social";"Previdência Social";"Valor dos benefícios emitidos no mês de dezembro";"Marajó";"Portel";"Rural";"2022";2269412,47
"Social";"Previdência Social";"Valor dos benefícios emitidos no mês de dezembro";"Marajó";"Portel";"Rural";"2023";2696476,24
"Social";"Previdência Social";"Valor dos benefícios emitidos no mês de dezembro";"Marajó";"Portel";"Rural";"2024";3037204,55
"Social";"Previdência Social";"Valor dos benefícios emitidos no mês de dezembro";"Xingu";"Porto de Moz";"Rural";"2016";1044784,62999963
"Social";"Previdência Social";"Valor dos benefícios emitidos no mês de dezembro";"Xingu";"Porto de Moz";"Rural";"2018";1055232,96999984
"Social";"Previdência Social";"Valor dos benefícios emitidos no mês de dezembro";"Xingu";"Porto de Moz";"Rural";"2019";1216987,61
"Social";"Previdência Social";"Valor dos benefícios emitidos no mês de dezembro";"Xingu";"Porto de Moz";"Rural";"2020";1316291,06
"Social";"Previdência Social";"Valor dos benefícios emitidos no mês de dezembro";"Xingu";"Porto de Moz";"Rural";"2021";1375873,92
"Social";"Previdência Social";"Valor dos benefícios emitidos no mês de dezembro";"Xingu";"Porto de Moz";"Rural";"2022";1622167,97
"Social";"Previdência Social";"Valor dos benefícios emitidos no mês de dezembro";"Xingu";"Porto de Moz";"Rural";"2023";1914778,24
"Social";"Previdência Social";"Valor dos benefícios emitidos no mês de dezembro";"Xingu";"Porto de Moz";"Rural";"2024";2249777,18
"Social";"Previdência Social";"Valor dos benefícios emitidos no mês de dezembro";"Baixo Amazonas";"Prainha";"Rural";"2016";1374948,86999972
"Social";"Previdência Social";"Valor dos benefícios emitidos no mês de dezembro";"Baixo Amazonas";"Prainha";"Rural";"2018";1600048,52000015
"Social";"Previdência Social";"Valor dos benefícios emitidos no mês de dezembro";"Baixo Amazonas";"Prainha";"Rural";"2019";1786530,65
"Social";"Previdência Social";"Valor dos benefícios emitidos no mês de dezembro";"Baixo Amazonas";"Prainha";"Rural";"2020";1946889,83
"Social";"Previdência Social";"Valor dos benefícios emitidos no mês de dezembro";"Baixo Amazonas";"Prainha";"Rural";"2021";2007036,24
"Social";"Previdência Social";"Valor dos benefícios emitidos no mês de dezembro";"Baixo Amazonas";"Prainha";"Rural";"2022";2316187,5
"Social";"Previdência Social";"Valor dos benefícios emitidos no mês de dezembro";"Baixo Amazonas";"Prainha";"Rural";"2023";2668395,62
"Social";"Previdência Social";"Valor dos benefícios emitidos no mês de dezembro";"Baixo Amazonas";"Prainha";"Rural";"2024";2890160,49
"Social";"Previdência Social";"Valor dos benefícios emitidos no mês de dezembro";"Rio Caeté";"Primavera";"Rural";"2016";538435,790000096
"Social";"Previdência Social";"Valor dos benefícios emitidos no mês de dezembro";"Rio Caeté";"Primavera";"Rural";"2018";582747,569999857
"Social";"Previdência Social";"Valor dos benefícios emitidos no mês de dezembro";"Rio Caeté";"Primavera";"Rural";"2019";614558,12
"Social";"Previdência Social";"Valor dos benefícios emitidos no mês de dezembro";"Rio Caeté";"Primavera";"Rural";"2020";649013,2
"Social";"Previdência Social";"Valor dos benefícios emitidos no mês de dezembro";"Rio Caeté";"Primavera";"Rural";"2021";619474,34
"Social";"Previdência Social";"Valor dos benefícios emitidos no mês de dezembro";"Rio Caeté";"Primavera";"Rural";"2022";703444,34
"Social";"Previdência Social";"Valor dos benefícios emitidos no mês de dezembro";"Rio Caeté";"Primavera";"Rural";"2023";787987,16
"Social";"Previdência Social";"Valor dos benefícios emitidos no mês de dezembro";"Rio Caeté";"Primavera";"Rural";"2024";886658,85
"Social";"Previdência Social";"Valor dos benefícios emitidos no mês de dezembro";"Rio Caeté";"Quatipuru";"Rural";"2016";422353,74999998
"Social";"Previdência Social";"Valor dos benefícios emitidos no mês de dezembro";"Rio Caeté";"Quatipuru";"Rural";"2018";445181,380000064
"Social";"Previdência Social";"Valor dos benefícios emitidos no mês de dezembro";"Rio Caeté";"Quatipuru";"Rural";"2019";456991,98
"Social";"Previdência Social";"Valor dos benefícios emitidos no mês de dezembro";"Rio Caeté";"Quatipuru";"Rural";"2020";472660,56
"Social";"Previdência Social";"Valor dos benefícios emitidos no mês de dezembro";"Rio Caeté";"Quatipuru";"Rural";"2021";439745,41
"Social";"Previdência Social";"Valor dos benefícios emitidos no mês de dezembro";"Rio Caeté";"Quatipuru";"Rural";"2022";489349,3
"Social";"Previdência Social";"Valor dos benefícios emitidos no mês de dezembro";"Rio Caeté";"Quatipuru";"Rural";"2023";538211,03
"Social";"Previdência Social";"Valor dos benefícios emitidos no mês de dezembro";"Rio Caeté";"Quatipuru";"Rural";"2024";575532,21
"Social";"Previdência Social";"Valor dos benefícios emitidos no mês de dezembro";"Araguaia";"Redenção";"Rural";"2016";5438666,98999922
"Social";"Previdência Social";"Valor dos benefícios emitidos no mês de dezembro";"Araguaia";"Redenção";"Rural";"2018";5762369,47999897
"Social";"Previdência Social";"Valor dos benefícios emitidos no mês de dezembro";"Araguaia";"Redenção";"Rural";"2019";6058419,66
"Social";"Previdência Social";"Valor dos benefícios emitidos no mês de dezembro";"Araguaia";"Redenção";"Rural";"2020";6391065,71
"Social";"Previdência Social";"Valor dos benefícios emitidos no mês de dezembro";"Araguaia";"Redenção";"Rural";"2021";6736527,57
"Social";"Previdência Social";"Valor dos benefícios emitidos no mês de dezembro";"Araguaia";"Redenção";"Rural";"2022";7793515
"Social";"Previdência Social";"Valor dos benefícios emitidos no mês de dezembro";"Araguaia";"Redenção";"Rural";"2023";8836107,91
"Social";"Previdência Social";"Valor dos benefícios emitidos no mês de dezembro";"Araguaia";"Redenção";"Rural";"2024";9779845,9
"Social";"Previdência Social";"Valor dos benefícios emitidos no mês de dezembro";"Araguaia";"Rio Maria";"Rural";"2016";1876865,66999955
"Social";"Previdência Social";"Valor dos benefícios emitidos no mês de dezembro";"Araguaia";"Rio Maria";"Rural";"2018";1972240,29000012
"Social";"Previdência Social";"Valor dos benefícios emitidos no mês de dezembro";"Araguaia";"Rio Maria";"Rural";"2019";2054058,54
"Social";"Previdência Social";"Valor dos benefícios emitidos no mês de dezembro";"Araguaia";"Rio Maria";"Rural";"2020";2161977,6
"Social";"Previdência Social";"Valor dos benefícios emitidos no mês de dezembro";"Araguaia";"Rio Maria";"Rural";"2021";2144448,72
"Social";"Previdência Social";"Valor dos benefícios emitidos no mês de dezembro";"Araguaia";"Rio Maria";"Rural";"2022";2473938,73
"Social";"Previdência Social";"Valor dos benefícios emitidos no mês de dezembro";"Araguaia";"Rio Maria";"Rural";"2023";2740829,97
"Social";"Previdência Social";"Valor dos benefícios emitidos no mês de dezembro";"Araguaia";"Rio Maria";"Rural";"2024";2946278,35
"Social";"Previdência Social";"Valor dos benefícios emitidos no mês de dezembro";"Rio Capim";"Rondon do Pará";"Rural";"2016";2686439,54000003
"Social";"Previdência Social";"Valor dos benefícios emitidos no mês de dezembro";"Rio Capim";"Rondon do Pará";"Rural";"2018";2895862,47999988
"Social";"Previdência Social";"Valor dos benefícios emitidos no mês de dezembro";"Rio Capim";"Rondon do Pará";"Rural";"2019";3090820,9
"Social";"Previdência Social";"Valor dos benefícios emitidos no mês de dezembro";"Rio Capim";"Rondon do Pará";"Rural";"2020";3239316,76
"Social";"Previdência Social";"Valor dos benefícios emitidos no mês de dezembro";"Rio Capim";"Rondon do Pará";"Rural";"2021";3261291,66
"Social";"Previdência Social";"Valor dos benefícios emitidos no mês de dezembro";"Rio Capim";"Rondon do Pará";"Rural";"2022";3786480,52
"Social";"Previdência Social";"Valor dos benefícios emitidos no mês de dezembro";"Rio Capim";"Rondon do Pará";"Rural";"2023";4309429,12
"Social";"Previdência Social";"Valor dos benefícios emitidos no mês de dezembro";"Rio Capim";"Rondon do Pará";"Rural";"2024";4692720,38
"Social";"Previdência Social";"Valor dos benefícios emitidos no mês de dezembro";"Tapajós";"Rurópolis";"Rural";"2016";2734288,99000018
"Social";"Previdência Social";"Valor dos benefícios emitidos no mês de dezembro";"Tapajós";"Rurópolis";"Rural";"2018";2850229,16999924
"Social";"Previdência Social";"Valor dos benefícios emitidos no mês de dezembro";"Tapajós";"Rurópolis";"Rural";"2019";2966764,84
"Social";"Previdência Social";"Valor dos benefícios emitidos no mês de dezembro";"Tapajós";"Rurópolis";"Rural";"2020";3077340,59
"Social";"Previdência Social";"Valor dos benefícios emitidos no mês de dezembro";"Tapajós";"Rurópolis";"Rural";"2021";3132777,65
"Social";"Previdência Social";"Valor dos benefícios emitidos no mês de dezembro";"Tapajós";"Rurópolis";"Rural";"2022";3417188,93
"Social";"Previdência Social";"Valor dos benefícios emitidos no mês de dezembro";"Tapajós";"Rurópolis";"Rural";"2023";3799169,27
"Social";"Previdência Social";"Valor dos benefícios emitidos no mês de dezembro";"Tapajós";"Rurópolis";"Rural";"2024";4108547,99
"Social";"Previdência Social";"Valor dos benefícios emitidos no mês de dezembro";"Rio Caeté";"Salinópolis";"Rural";"2016";2515512,38999987
"Social";"Previdência Social";"Valor dos benefícios emitidos no mês de dezembro";"Rio Caeté";"Salinópolis";"Rural";"2018";2735811,45999934
"Social";"Previdência Social";"Valor dos benefícios emitidos no mês de dezembro";"Rio Caeté";"Salinópolis";"Rural";"2019";3037125,46
"Social";"Previdência Social";"Valor dos benefícios emitidos no mês de dezembro";"Rio Caeté";"Salinópolis";"Rural";"2020";3177723,41
"Social";"Previdência Social";"Valor dos benefícios emitidos no mês de dezembro";"Rio Caeté";"Salinópolis";"Rural";"2021";3141514,89
"Social";"Previdência Social";"Valor dos benefícios emitidos no mês de dezembro";"Rio Caeté";"Salinópolis";"Rural";"2022";3468318,9
"Social";"Previdência Social";"Valor dos benefícios emitidos no mês de dezembro";"Rio Caeté";"Salinópolis";"Rural";"2023";3823970,13
"Social";"Previdência Social";"Valor dos benefícios emitidos no mês de dezembro";"Rio Caeté";"Salinópolis";"Rural";"2024";4242965,59
"Social";"Previdência Social";"Valor dos benefícios emitidos no mês de dezembro";"Marajó";"Salvaterra";"Rural";"2016";889573,749999862
"Social";"Previdência Social";"Valor dos benefícios emitidos no mês de dezembro";"Marajó";"Salvaterra";"Rural";"2018";972390,760000177
"Social";"Previdência Social";"Valor dos benefícios emitidos no mês de dezembro";"Marajó";"Salvaterra";"Rural";"2019";1075964,57
"Social";"Previdência Social";"Valor dos benefícios emitidos no mês de dezembro";"Marajó";"Salvaterra";"Rural";"2020";1201333,26
"Social";"Previdência Social";"Valor dos benefícios emitidos no mês de dezembro";"Marajó";"Salvaterra";"Rural";"2021";429401,13
"Social";"Previdência Social";"Valor dos benefícios emitidos no mês de dezembro";"Marajó";"Salvaterra";"Rural";"2022";537434,23
"Social";"Previdência Social";"Valor dos benefícios emitidos no mês de dezembro";"Marajó";"Salvaterra";"Rural";"2023";681636,97
"Social";"Previdência Social";"Valor dos benefícios emitidos no mês de dezembro";"Marajó";"Salvaterra";"Rural";"2024";767962,44
"Social";"Previdência Social";"Valor dos benefícios emitidos no mês de dezembro";"Guajará";"Santa Bárbara do Pará";"Rural";"2016";289474,790000004
"Social";"Previdência Social";"Valor dos benefícios emitidos no mês de dezembro";"Guajará";"Santa Bárbara do Pará";"Rural";"2018";337232,17000011
"Social";"Previdência Social";"Valor dos benefícios emitidos no mês de dezembro";"Guajará";"Santa Bárbara do Pará";"Rural";"2019";348983,8
"Social";"Previdência Social";"Valor dos benefícios emitidos no mês de dezembro";"Guajará";"Santa Bárbara do Pará";"Rural";"2020";360050,74
"Social";"Previdência Social";"Valor dos benefícios emitidos no mês de dezembro";"Guajará";"Santa Bárbara do Pará";"Rural";"2021";336982,53
"Social";"Previdência Social";"Valor dos benefícios emitidos no mês de dezembro";"Guajará";"Santa Bárbara do Pará";"Rural";"2022";350261,69
"Social";"Previdência Social";"Valor dos benefícios emitidos no mês de dezembro";"Guajará";"Santa Bárbara do Pará";"Rural";"2023";397206,06
"Social";"Previdência Social";"Valor dos benefícios emitidos no mês de dezembro";"Guajará";"Santa Bárbara do Pará";"Rural";"2024";467037,65
"Social";"Previdência Social";"Valor dos benefícios emitidos no mês de dezembro";"Marajó";"Santa Cruz do Arari";"Rural";"2016";246349,980000004
"Social";"Previdência Social";"Valor dos benefícios emitidos no mês de dezembro";"Marajó";"Santa Cruz do Arari";"Rural";"2018";276286,320000129
"Social";"Previdência Social";"Valor dos benefícios emitidos no mês de dezembro";"Marajó";"Santa Cruz do Arari";"Rural";"2019";297860,94
"Social";"Previdência Social";"Valor dos benefícios emitidos no mês de dezembro";"Marajó";"Santa Cruz do Arari";"Rural";"2020";316785,44
"Social";"Previdência Social";"Valor dos benefícios emitidos no mês de dezembro";"Marajó";"Santa Cruz do Arari";"Rural";"2021";282897,51
"Social";"Previdência Social";"Valor dos benefícios emitidos no mês de dezembro";"Marajó";"Santa Cruz do Arari";"Rural";"2022";327676,58
"Social";"Previdência Social";"Valor dos benefícios emitidos no mês de dezembro";"Marajó";"Santa Cruz do Arari";"Rural";"2023";358554,37
"Social";"Previdência Social";"Valor dos benefícios emitidos no mês de dezembro";"Marajó";"Santa Cruz do Arari";"Rural";"2024";315514,67
"Social";"Previdência Social";"Valor dos benefícios emitidos no mês de dezembro";"Guamá";"Santa Izabel do Pará";"Rural";"2016";3279801,05999902
"Social";"Previdência Social";"Valor dos benefícios emitidos no mês de dezembro";"Guamá";"Santa Izabel do Pará";"Rural";"2018";3653440,2800005
"Social";"Previdência Social";"Valor dos benefícios emitidos no mês de dezembro";"Guamá";"Santa Izabel do Pará";"Rural";"2019";3978107,17
"Social";"Previdência Social";"Valor dos benefícios emitidos no mês de dezembro";"Guamá";"Santa Izabel do Pará";"Rural";"2020";4210921,17
"Social";"Previdência Social";"Valor dos benefícios emitidos no mês de dezembro";"Guamá";"Santa Izabel do Pará";"Rural";"2021";4187490,02
"Social";"Previdência Social";"Valor dos benefícios emitidos no mês de dezembro";"Guamá";"Santa Izabel do Pará";"Rural";"2022";4691307,98
"Social";"Previdência Social";"Valor dos benefícios emitidos no mês de dezembro";"Guamá";"Santa Izabel do Pará";"Rural";"2023";5180579,5
"Social";"Previdência Social";"Valor dos benefícios emitidos no mês de dezembro";"Guamá";"Santa Izabel do Pará";"Rural";"2024";5517273,76
"Social";"Previdência Social";"Valor dos benefícios emitidos no mês de dezembro";"Rio Caeté";"Santa Luzia do Pará";"Rural";"2016";786834,840000082
"Social";"Previdência Social";"Valor dos benefícios emitidos no mês de dezembro";"Rio Caeté";"Santa Luzia do Pará";"Rural";"2018";860827,129999669
"Social";"Previdência Social";"Valor dos benefícios emitidos no mês de dezembro";"Rio Caeté";"Santa Luzia do Pará";"Rural";"2019";960028,42
"Social";"Previdência Social";"Valor dos benefícios emitidos no mês de dezembro";"Rio Caeté";"Santa Luzia do Pará";"Rural";"2020";1019094,29
"Social";"Previdência Social";"Valor dos benefícios emitidos no mês de dezembro";"Rio Caeté";"Santa Luzia do Pará";"Rural";"2021";1003992,11
"Social";"Previdência Social";"Valor dos benefícios emitidos no mês de dezembro";"Rio Caeté";"Santa Luzia do Pará";"Rural";"2022";1183198,33
"Social";"Previdência Social";"Valor dos benefícios emitidos no mês de dezembro";"Rio Caeté";"Santa Luzia do Pará";"Rural";"2023";1298895,84
"Social";"Previdência Social";"Valor dos benefícios emitidos no mês de dezembro";"Rio Caeté";"Santa Luzia do Pará";"Rural";"2024";1420324,44
"Social";"Previdência Social";"Valor dos benefícios emitidos no mês de dezembro";"Araguaia";"Santa Maria das Barreiras";"Rural";"2016";467624,969999991
"Social";"Previdência Social";"Valor dos benefícios emitidos no mês de dezembro";"Araguaia";"Santa Maria das Barreiras";"Rural";"2018";494865,910000194
"Social";"Previdência Social";"Valor dos benefícios emitidos no mês de dezembro";"Araguaia";"Santa Maria das Barreiras";"Rural";"2019";486487,93
"Social";"Previdência Social";"Valor dos benefícios emitidos no mês de dezembro";"Araguaia";"Santa Maria das Barreiras";"Rural";"2020";468706,51
"Social";"Previdência Social";"Valor dos benefícios emitidos no mês de dezembro";"Araguaia";"Santa Maria das Barreiras";"Rural";"2021";408687,34
"Social";"Previdência Social";"Valor dos benefícios emitidos no mês de dezembro";"Araguaia";"Santa Maria das Barreiras";"Rural";"2022";382385,69
"Social";"Previdência Social";"Valor dos benefícios emitidos no mês de dezembro";"Araguaia";"Santa Maria das Barreiras";"Rural";"2023";368321,07
"Social";"Previdência Social";"Valor dos benefícios emitidos no mês de dezembro";"Araguaia";"Santa Maria das Barreiras";"Rural";"2024";349195,17
"Social";"Previdência Social";"Valor dos benefícios emitidos no mês de dezembro";"Guamá";"Santa Maria do Pará";"Rural";"2016";1346479,93000015
"Social";"Previdência Social";"Valor dos benefícios emitidos no mês de dezembro";"Guamá";"Santa Maria do Pará";"Rural";"2018";1364670,59999986
"Social";"Previdência Social";"Valor dos benefícios emitidos no mês de dezembro";"Guamá";"Santa Maria do Pará";"Rural";"2019";1492949,26
"Social";"Previdência Social";"Valor dos benefícios emitidos no mês de dezembro";"Guamá";"Santa Maria do Pará";"Rural";"2020";1613761,72
"Social";"Previdência Social";"Valor dos benefícios emitidos no mês de dezembro";"Guamá";"Santa Maria do Pará";"Rural";"2021";1629302,49
"Social";"Previdência Social";"Valor dos benefícios emitidos no mês de dezembro";"Guamá";"Santa Maria do Pará";"Rural";"2022";1853498,15
"Social";"Previdência Social";"Valor dos benefícios emitidos no mês de dezembro";"Guamá";"Santa Maria do Pará";"Rural";"2023";2058815,61
"Social";"Previdência Social";"Valor dos benefícios emitidos no mês de dezembro";"Guamá";"Santa Maria do Pará";"Rural";"2024";2315343,98
"Social";"Previdência Social";"Valor dos benefícios emitidos no mês de dezembro";"Araguaia";"Santana do Araguaia";"Rural";"2016";1225121,07999979
"Social";"Previdência Social";"Valor dos benefícios emitidos no mês de dezembro";"Araguaia";"Santana do Araguaia";"Rural";"2018";1384911,80999983
"Social";"Previdência Social";"Valor dos benefícios emitidos no mês de dezembro";"Araguaia";"Santana do Araguaia";"Rural";"2019";1493959,42
"Social";"Previdência Social";"Valor dos benefícios emitidos no mês de dezembro";"Araguaia";"Santana do Araguaia";"Rural";"2020";1595448,7
"Social";"Previdência Social";"Valor dos benefícios emitidos no mês de dezembro";"Araguaia";"Santana do Araguaia";"Rural";"2021";1590526,85
"Social";"Previdência Social";"Valor dos benefícios emitidos no mês de dezembro";"Araguaia";"Santana do Araguaia";"Rural";"2022";1816707,98
"Social";"Previdência Social";"Valor dos benefícios emitidos no mês de dezembro";"Araguaia";"Santana do Araguaia";"Rural";"2023";2080956,78
"Social";"Previdência Social";"Valor dos benefícios emitidos no mês de dezembro";"Araguaia";"Santana do Araguaia";"Rural";"2024";2293420,74
"Social";"Previdência Social";"Valor dos benefícios emitidos no mês de dezembro";"Baixo Amazonas";"Santarém";"Rural";"2016";16565261,4199976
"Social";"Previdência Social";"Valor dos benefícios emitidos no mês de dezembro";"Baixo Amazonas";"Santarém";"Rural";"2018";17541969,8599963
"Social";"Previdência Social";"Valor dos benefícios emitidos no mês de dezembro";"Baixo Amazonas";"Santarém";"Rural";"2019";18886072,27
"Social";"Previdência Social";"Valor dos benefícios emitidos no mês de dezembro";"Baixo Amazonas";"Santarém";"Rural";"2020";19790234
"Social";"Previdência Social";"Valor dos benefícios emitidos no mês de dezembro";"Baixo Amazonas";"Santarém";"Rural";"2021";20496064,44
"Social";"Previdência Social";"Valor dos benefícios emitidos no mês de dezembro";"Baixo Amazonas";"Santarém";"Rural";"2022";23187324,23
"Social";"Previdência Social";"Valor dos benefícios emitidos no mês de dezembro";"Baixo Amazonas";"Santarém";"Rural";"2023";26244341,24
"Social";"Previdência Social";"Valor dos benefícios emitidos no mês de dezembro";"Baixo Amazonas";"Santarém";"Rural";"2024";29068957,1
"Social";"Previdência Social";"Valor dos benefícios emitidos no mês de dezembro";"Rio Caeté";"Santarém Novo";"Rural";"2016";152277,729999986
"Social";"Previdência Social";"Valor dos benefícios emitidos no mês de dezembro";"Rio Caeté";"Santarém Novo";"Rural";"2018";184624,139999965
"Social";"Previdência Social";"Valor dos benefícios emitidos no mês de dezembro";"Rio Caeté";"Santarém Novo";"Rural";"2019";69405,07
"Social";"Previdência Social";"Valor dos benefícios emitidos no mês de dezembro";"Rio Caeté";"Santarém Novo";"Rural";"2020";76584,56
"Social";"Previdência Social";"Valor dos benefícios emitidos no mês de dezembro";"Rio Caeté";"Santarém Novo";"Rural";"2021";96819,11
"Social";"Previdência Social";"Valor dos benefícios emitidos no mês de dezembro";"Rio Caeté";"Santarém Novo";"Rural";"2022";131742,95
"Social";"Previdência Social";"Valor dos benefícios emitidos no mês de dezembro";"Rio Caeté";"Santarém Novo";"Rural";"2023";174003,22
"Social";"Previdência Social";"Valor dos benefícios emitidos no mês de dezembro";"Rio Caeté";"Santarém Novo";"Rural";"2024";184770,79
"Social";"Previdência Social";"Valor dos benefícios emitidos no mês de dezembro";"Guamá";"Santo Antônio do Tauá";"Rural";"2016";1641094,57000009
"Social";"Previdência Social";"Valor dos benefícios emitidos no mês de dezembro";"Guamá";"Santo Antônio do Tauá";"Rural";"2018";1495604,31000044
"Social";"Previdência Social";"Valor dos benefícios emitidos no mês de dezembro";"Guamá";"Santo Antônio do Tauá";"Rural";"2019";1503670,02
"Social";"Previdência Social";"Valor dos benefícios emitidos no mês de dezembro";"Guamá";"Santo Antônio do Tauá";"Rural";"2020";1544428,13
"Social";"Previdência Social";"Valor dos benefícios emitidos no mês de dezembro";"Guamá";"Santo Antônio do Tauá";"Rural";"2021";1523396,38
"Social";"Previdência Social";"Valor dos benefícios emitidos no mês de dezembro";"Guamá";"Santo Antônio do Tauá";"Rural";"2022";1672265,88
"Social";"Previdência Social";"Valor dos benefícios emitidos no mês de dezembro";"Guamá";"Santo Antônio do Tauá";"Rural";"2023";1880323,39
"Social";"Previdência Social";"Valor dos benefícios emitidos no mês de dezembro";"Guamá";"Santo Antônio do Tauá";"Rural";"2024";2014296,43
"Social";"Previdência Social";"Valor dos benefícios emitidos no mês de dezembro";"Guamá";"São Caetano de Odivelas";"Rural";"2016";628138,519999862
"Social";"Previdência Social";"Valor dos benefícios emitidos no mês de dezembro";"Guamá";"São Caetano de Odivelas";"Rural";"2018";769210,169999843
"Social";"Previdência Social";"Valor dos benefícios emitidos no mês de dezembro";"Guamá";"São Caetano de Odivelas";"Rural";"2019";793214,73
"Social";"Previdência Social";"Valor dos benefícios emitidos no mês de dezembro";"Guamá";"São Caetano de Odivelas";"Rural";"2020";835738,36
"Social";"Previdência Social";"Valor dos benefícios emitidos no mês de dezembro";"Guamá";"São Caetano de Odivelas";"Rural";"2021";805146,23
"Social";"Previdência Social";"Valor dos benefícios emitidos no mês de dezembro";"Guamá";"São Caetano de Odivelas";"Rural";"2022";858428,24
"Social";"Previdência Social";"Valor dos benefícios emitidos no mês de dezembro";"Guamá";"São Caetano de Odivelas";"Rural";"2023";977008,94
"Social";"Previdência Social";"Valor dos benefícios emitidos no mês de dezembro";"Guamá";"São Caetano de Odivelas";"Rural";"2024";1056288,02
"Social";"Previdência Social";"Valor dos benefícios emitidos no mês de dezembro";"Carajás";"São Domingos do Araguaia";"Rural";"2016";2665620,22000071
"Social";"Previdência Social";"Valor dos benefícios emitidos no mês de dezembro";"Carajás";"São Domingos do Araguaia";"Rural";"2018";2630144,93999985
"Social";"Previdência Social";"Valor dos benefícios emitidos no mês de dezembro";"Carajás";"São Domingos do Araguaia";"Rural";"2019";2676042,73
"Social";"Previdência Social";"Valor dos benefícios emitidos no mês de dezembro";"Carajás";"São Domingos do Araguaia";"Rural";"2020";2806336,35
"Social";"Previdência Social";"Valor dos benefícios emitidos no mês de dezembro";"Carajás";"São Domingos do Araguaia";"Rural";"2021";2824502,58
"Social";"Previdência Social";"Valor dos benefícios emitidos no mês de dezembro";"Carajás";"São Domingos do Araguaia";"Rural";"2022";3080976,28
"Social";"Previdência Social";"Valor dos benefícios emitidos no mês de dezembro";"Carajás";"São Domingos do Araguaia";"Rural";"2023";3397078,85
"Social";"Previdência Social";"Valor dos benefícios emitidos no mês de dezembro";"Carajás";"São Domingos do Araguaia";"Rural";"2024";3595302,66
"Social";"Previdência Social";"Valor dos benefícios emitidos no mês de dezembro";"Guamá";"São Domingos do Capim";"Rural";"2016";2407884,37000019
"Social";"Previdência Social";"Valor dos benefícios emitidos no mês de dezembro";"Guamá";"São Domingos do Capim";"Rural";"2018";2313179,45999979
"Social";"Previdência Social";"Valor dos benefícios emitidos no mês de dezembro";"Guamá";"São Domingos do Capim";"Rural";"2019";2403102,06
"Social";"Previdência Social";"Valor dos benefícios emitidos no mês de dezembro";"Guamá";"São Domingos do Capim";"Rural";"2020";2493980,02
"Social";"Previdência Social";"Valor dos benefícios emitidos no mês de dezembro";"Guamá";"São Domingos do Capim";"Rural";"2021";2447958,55
"Social";"Previdência Social";"Valor dos benefícios emitidos no mês de dezembro";"Guamá";"São Domingos do Capim";"Rural";"2022";2717389,03
"Social";"Previdência Social";"Valor dos benefícios emitidos no mês de dezembro";"Guamá";"São Domingos do Capim";"Rural";"2023";2979618,69
"Social";"Previdência Social";"Valor dos benefícios emitidos no mês de dezembro";"Guamá";"São Domingos do Capim";"Rural";"2024";3185821,52
"Social";"Previdência Social";"Valor dos benefícios emitidos no mês de dezembro";"Araguaia";"São Félix do Xingu";"Rural";"2016";2351699,17000064
"Social";"Previdência Social";"Valor dos benefícios emitidos no mês de dezembro";"Araguaia";"São Félix do Xingu";"Rural";"2018";2580033,53999981
"Social";"Previdência Social";"Valor dos benefícios emitidos no mês de dezembro";"Araguaia";"São Félix do Xingu";"Rural";"2019";2769250,04
"Social";"Previdência Social";"Valor dos benefícios emitidos no mês de dezembro";"Araguaia";"São Félix do Xingu";"Rural";"2020";2917408,78
"Social";"Previdência Social";"Valor dos benefícios emitidos no mês de dezembro";"Araguaia";"São Félix do Xingu";"Rural";"2021";2899637,95
"Social";"Previdência Social";"Valor dos benefícios emitidos no mês de dezembro";"Araguaia";"São Félix do Xingu";"Rural";"2022";3313850,59
"Social";"Previdência Social";"Valor dos benefícios emitidos no mês de dezembro";"Araguaia";"São Félix do Xingu";"Rural";"2023";3906784,72
"Social";"Previdência Social";"Valor dos benefícios emitidos no mês de dezembro";"Araguaia";"São Félix do Xingu";"Rural";"2024";4305127,87
"Social";"Previdência Social";"Valor dos benefícios emitidos no mês de dezembro";"Guamá";"São Francisco do Pará";"Rural";"2016";1361114,17000036
"Social";"Previdência Social";"Valor dos benefícios emitidos no mês de dezembro";"Guamá";"São Francisco do Pará";"Rural";"2018";1039643,99000041
"Social";"Previdência Social";"Valor dos benefícios emitidos no mês de dezembro";"Guamá";"São Francisco do Pará";"Rural";"2019";1109643,69
"Social";"Previdência Social";"Valor dos benefícios emitidos no mês de dezembro";"Guamá";"São Francisco do Pará";"Rural";"2020";1140603,06
"Social";"Previdência Social";"Valor dos benefícios emitidos no mês de dezembro";"Guamá";"São Francisco do Pará";"Rural";"2021";1124607,88
"Social";"Previdência Social";"Valor dos benefícios emitidos no mês de dezembro";"Guamá";"São Francisco do Pará";"Rural";"2022";1238523,92
"Social";"Previdência Social";"Valor dos benefícios emitidos no mês de dezembro";"Guamá";"São Francisco do Pará";"Rural";"2023";1401238,09
"Social";"Previdência Social";"Valor dos benefícios emitidos no mês de dezembro";"Guamá";"São Francisco do Pará";"Rural";"2024";1516482,65
"Social";"Previdência Social";"Valor dos benefícios emitidos no mês de dezembro";"Carajás";"São Geraldo do Araguaia";"Rural";"2016";2600059,92999953
"Social";"Previdência Social";"Valor dos benefícios emitidos no mês de dezembro";"Carajás";"São Geraldo do Araguaia";"Rural";"2018";2694089,81000012
"Social";"Previdência Social";"Valor dos benefícios emitidos no mês de dezembro";"Carajás";"São Geraldo do Araguaia";"Rural";"2019";2818352,05
"Social";"Previdência Social";"Valor dos benefícios emitidos no mês de dezembro";"Carajás";"São Geraldo do Araguaia";"Rural";"2020";2732679,25
"Social";"Previdência Social";"Valor dos benefícios emitidos no mês de dezembro";"Carajás";"São Geraldo do Araguaia";"Rural";"2021";2795235,47
"Social";"Previdência Social";"Valor dos benefícios emitidos no mês de dezembro";"Carajás";"São Geraldo do Araguaia";"Rural";"2022";3198892,74
"Social";"Previdência Social";"Valor dos benefícios emitidos no mês de dezembro";"Carajás";"São Geraldo do Araguaia";"Rural";"2023";3714232,22
"Social";"Previdência Social";"Valor dos benefícios emitidos no mês de dezembro";"Carajás";"São Geraldo do Araguaia";"Rural";"2024";4174339,87
"Social";"Previdência Social";"Valor dos benefícios emitidos no mês de dezembro";"Guamá";"São João da Ponta";"Rural";"2016";98944,6599999778
"Social";"Previdência Social";"Valor dos benefícios emitidos no mês de dezembro";"Guamá";"São João da Ponta";"Rural";"2018";142899,360000007
"Social";"Previdência Social";"Valor dos benefícios emitidos no mês de dezembro";"Guamá";"São João da Ponta";"Rural";"2019";172326,14
"Social";"Previdência Social";"Valor dos benefícios emitidos no mês de dezembro";"Guamá";"São João da Ponta";"Rural";"2020";201041,58
"Social";"Previdência Social";"Valor dos benefícios emitidos no mês de dezembro";"Guamá";"São João da Ponta";"Rural";"2021";182670,73
"Social";"Previdência Social";"Valor dos benefícios emitidos no mês de dezembro";"Guamá";"São João da Ponta";"Rural";"2022";215490,85
"Social";"Previdência Social";"Valor dos benefícios emitidos no mês de dezembro";"Guamá";"São João da Ponta";"Rural";"2023";255759,42
"Social";"Previdência Social";"Valor dos benefícios emitidos no mês de dezembro";"Guamá";"São João da Ponta";"Rural";"2024";276526,72
"Social";"Previdência Social";"Valor dos benefícios emitidos no mês de dezembro";"Rio Caeté";"São João de Pirabas";"Rural";"2016";495478,310000228
"Social";"Previdência Social";"Valor dos benefícios emitidos no mês de dezembro";"Rio Caeté";"São João de Pirabas";"Rural";"2018";554847,950000036
"Social";"Previdência Social";"Valor dos benefícios emitidos no mês de dezembro";"Rio Caeté";"São João de Pirabas";"Rural";"2019";587914,22
"Social";"Previdência Social";"Valor dos benefícios emitidos no mês de dezembro";"Rio Caeté";"São João de Pirabas";"Rural";"2020";593075,88
"Social";"Previdência Social";"Valor dos benefícios emitidos no mês de dezembro";"Rio Caeté";"São João de Pirabas";"Rural";"2021";613520,96
"Social";"Previdência Social";"Valor dos benefícios emitidos no mês de dezembro";"Rio Caeté";"São João de Pirabas";"Rural";"2022";710299,88
"Social";"Previdência Social";"Valor dos benefícios emitidos no mês de dezembro";"Rio Caeté";"São João de Pirabas";"Rural";"2023";763157,14
"Social";"Previdência Social";"Valor dos benefícios emitidos no mês de dezembro";"Rio Caeté";"São João de Pirabas";"Rural";"2024";831321,25
"Social";"Previdência Social";"Valor dos benefícios emitidos no mês de dezembro";"Carajás";"São João do Araguaia";"Rural";"2016";375570,76000006
"Social";"Previdência Social";"Valor dos benefícios emitidos no mês de dezembro";"Carajás";"São João do Araguaia";"Rural";"2018";410616,340000166
"Social";"Previdência Social";"Valor dos benefícios emitidos no mês de dezembro";"Carajás";"São João do Araguaia";"Rural";"2019";446701,24
"Social";"Previdência Social";"Valor dos benefícios emitidos no mês de dezembro";"Carajás";"São João do Araguaia";"Rural";"2020";451234,83
"Social";"Previdência Social";"Valor dos benefícios emitidos no mês de dezembro";"Carajás";"São João do Araguaia";"Rural";"2021";439041,26
"Social";"Previdência Social";"Valor dos benefícios emitidos no mês de dezembro";"Carajás";"São João do Araguaia";"Rural";"2022";525387,97
"Social";"Previdência Social";"Valor dos benefícios emitidos no mês de dezembro";"Carajás";"São João do Araguaia";"Rural";"2023";603946,17
"Social";"Previdência Social";"Valor dos benefícios emitidos no mês de dezembro";"Carajás";"São João do Araguaia";"Rural";"2024";200979,91
"Social";"Previdência Social";"Valor dos benefícios emitidos no mês de dezembro";"Guamá";"São Miguel do Guamá";"Rural";"2016";2631951,58999928
"Social";"Previdência Social";"Valor dos benefícios emitidos no mês de dezembro";"Guamá";"São Miguel do Guamá";"Rural";"2018";3822456,10000085
"Social";"Previdência Social";"Valor dos benefícios emitidos no mês de dezembro";"Guamá";"São Miguel do Guamá";"Rural";"2019";4195077,23
"Social";"Previdência Social";"Valor dos benefícios emitidos no mês de dezembro";"Guamá";"São Miguel do Guamá";"Rural";"2020";4511348,6
"Social";"Previdência Social";"Valor dos benefícios emitidos no mês de dezembro";"Guamá";"São Miguel do Guamá";"Rural";"2021";4571017,12
"Social";"Previdência Social";"Valor dos benefícios emitidos no mês de dezembro";"Guamá";"São Miguel do Guamá";"Rural";"2022";5343997,8
"Social";"Previdência Social";"Valor dos benefícios emitidos no mês de dezembro";"Guamá";"São Miguel do Guamá";"Rural";"2023";6090248,48
"Social";"Previdência Social";"Valor dos benefícios emitidos no mês de dezembro";"Guamá";"São Miguel do Guamá";"Rural";"2024";6642981
"Social";"Previdência Social";"Valor dos benefícios emitidos no mês de dezembro";"Marajó";"São Sebastião da Boa Vista";"Rural";"2016";882067,339999972
"Social";"Previdência Social";"Valor dos benefícios emitidos no mês de dezembro";"Marajó";"São Sebastião da Boa Vista";"Rural";"2018";1194033,09999968
"Social";"Previdência Social";"Valor dos benefícios emitidos no mês de dezembro";"Marajó";"São Sebastião da Boa Vista";"Rural";"2019";1368540,66
"Social";"Previdência Social";"Valor dos benefícios emitidos no mês de dezembro";"Marajó";"São Sebastião da Boa Vista";"Rural";"2020";1521040,8
"Social";"Previdência Social";"Valor dos benefícios emitidos no mês de dezembro";"Marajó";"São Sebastião da Boa Vista";"Rural";"2021";1468805,55
"Social";"Previdência Social";"Valor dos benefícios emitidos no mês de dezembro";"Marajó";"São Sebastião da Boa Vista";"Rural";"2022";1739320,89
"Social";"Previdência Social";"Valor dos benefícios emitidos no mês de dezembro";"Marajó";"São Sebastião da Boa Vista";"Rural";"2023";2033010,52
"Social";"Previdência Social";"Valor dos benefícios emitidos no mês de dezembro";"Marajó";"São Sebastião da Boa Vista";"Rural";"2024";732850,93
"Social";"Previdência Social";"Valor dos benefícios emitidos no mês de dezembro";"Araguaia";"Sapucaia";"Rural";"2016";148091,700000063
"Social";"Previdência Social";"Valor dos benefícios emitidos no mês de dezembro";"Araguaia";"Sapucaia";"Rural";"2018";161663,919999972
"Social";"Previdência Social";"Valor dos benefícios emitidos no mês de dezembro";"Araguaia";"Sapucaia";"Rural";"2019";165550,09
"Social";"Previdência Social";"Valor dos benefícios emitidos no mês de dezembro";"Araguaia";"Sapucaia";"Rural";"2020";189842,91
"Social";"Previdência Social";"Valor dos benefícios emitidos no mês de dezembro";"Araguaia";"Sapucaia";"Rural";"2021";191293,94
"Social";"Previdência Social";"Valor dos benefícios emitidos no mês de dezembro";"Araguaia";"Sapucaia";"Rural";"2022";226015,03
"Social";"Previdência Social";"Valor dos benefícios emitidos no mês de dezembro";"Araguaia";"Sapucaia";"Rural";"2023";244492,53
"Social";"Previdência Social";"Valor dos benefícios emitidos no mês de dezembro";"Araguaia";"Sapucaia";"Rural";"2024";257928,94
"Social";"Previdência Social";"Valor dos benefícios emitidos no mês de dezembro";"Xingu";"Senador José Porfírio";"Rural";"2016";335550,039999947
"Social";"Previdência Social";"Valor dos benefícios emitidos no mês de dezembro";"Xingu";"Senador José Porfírio";"Rural";"2018";473328,210000086
"Social";"Previdência Social";"Valor dos benefícios emitidos no mês de dezembro";"Xingu";"Senador José Porfírio";"Rural";"2019";561369,49
"Social";"Previdência Social";"Valor dos benefícios emitidos no mês de dezembro";"Xingu";"Senador José Porfírio";"Rural";"2020";603424,29
"Social";"Previdência Social";"Valor dos benefícios emitidos no mês de dezembro";"Xingu";"Senador José Porfírio";"Rural";"2021";564827,11
"Social";"Previdência Social";"Valor dos benefícios emitidos no mês de dezembro";"Xingu";"Senador José Porfírio";"Rural";"2022";650204,78
"Social";"Previdência Social";"Valor dos benefícios emitidos no mês de dezembro";"Xingu";"Senador José Porfírio";"Rural";"2023";786932,75
"Social";"Previdência Social";"Valor dos benefícios emitidos no mês de dezembro";"Xingu";"Senador José Porfírio";"Rural";"2024";923323,44
"Social";"Previdência Social";"Valor dos benefícios emitidos no mês de dezembro";"Marajó";"Soure";"Rural";"2016";1561179,83000002
"Social";"Previdência Social";"Valor dos benefícios emitidos no mês de dezembro";"Marajó";"Soure";"Rural";"2018";1749360,14999966
"Social";"Previdência Social";"Valor dos benefícios emitidos no mês de dezembro";"Marajó";"Soure";"Rural";"2019";1968192,07
"Social";"Previdência Social";"Valor dos benefícios emitidos no mês de dezembro";"Marajó";"Soure";"Rural";"2020";2186509,94
"Social";"Previdência Social";"Valor dos benefícios emitidos no mês de dezembro";"Marajó";"Soure";"Rural";"2021";1585994,62
"Social";"Previdência Social";"Valor dos benefícios emitidos no mês de dezembro";"Marajó";"Soure";"Rural";"2022";1888606,04
"Social";"Previdência Social";"Valor dos benefícios emitidos no mês de dezembro";"Marajó";"Soure";"Rural";"2023";2251666,48
"Social";"Previdência Social";"Valor dos benefícios emitidos no mês de dezembro";"Marajó";"Soure";"Rural";"2024";2549461,32
"Social";"Previdência Social";"Valor dos benefícios emitidos no mês de dezembro";"Tocantins";"Tailândia";"Rural";"2016";2119640,05999986
"Social";"Previdência Social";"Valor dos benefícios emitidos no mês de dezembro";"Tocantins";"Tailândia";"Rural";"2018";2639570,41999912
"Social";"Previdência Social";"Valor dos benefícios emitidos no mês de dezembro";"Tocantins";"Tailândia";"Rural";"2019";2958621,9
"Social";"Previdência Social";"Valor dos benefícios emitidos no mês de dezembro";"Tocantins";"Tailândia";"Rural";"2020";3154230,43
"Social";"Previdência Social";"Valor dos benefícios emitidos no mês de dezembro";"Tocantins";"Tailândia";"Rural";"2021";3302777,42
"Social";"Previdência Social";"Valor dos benefícios emitidos no mês de dezembro";"Tocantins";"Tailândia";"Rural";"2022";3969814,1
"Social";"Previdência Social";"Valor dos benefícios emitidos no mês de dezembro";"Tocantins";"Tailândia";"Rural";"2023";4628935,17
"Social";"Previdência Social";"Valor dos benefícios emitidos no mês de dezembro";"Tocantins";"Tailândia";"Rural";"2024";5343920,45
"Social";"Previdência Social";"Valor dos benefícios emitidos no mês de dezembro";"Guamá";"Terra Alta";"Rural";"2016";638409,569999785
"Social";"Previdência Social";"Valor dos benefícios emitidos no mês de dezembro";"Guamá";"Terra Alta";"Rural";"2018";633626,59999999
"Social";"Previdência Social";"Valor dos benefícios emitidos no mês de dezembro";"Guamá";"Terra Alta";"Rural";"2019";669012,02
"Social";"Previdência Social";"Valor dos benefícios emitidos no mês de dezembro";"Guamá";"Terra Alta";"Rural";"2020";691976,26
"Social";"Previdência Social";"Valor dos benefícios emitidos no mês de dezembro";"Guamá";"Terra Alta";"Rural";"2021";624309,44
"Social";"Previdência Social";"Valor dos benefícios emitidos no mês de dezembro";"Guamá";"Terra Alta";"Rural";"2022";659330,63
"Social";"Previdência Social";"Valor dos benefícios emitidos no mês de dezembro";"Guamá";"Terra Alta";"Rural";"2023";708573,64
"Social";"Previdência Social";"Valor dos benefícios emitidos no mês de dezembro";"Guamá";"Terra Alta";"Rural";"2024";748328,57
"Social";"Previdência Social";"Valor dos benefícios emitidos no mês de dezembro";"Baixo Amazonas";"Terra Santa";"Rural";"2016";895976,650000034
"Social";"Previdência Social";"Valor dos benefícios emitidos no mês de dezembro";"Baixo Amazonas";"Terra Santa";"Rural";"2018";996030,200000182
"Social";"Previdência Social";"Valor dos benefícios emitidos no mês de dezembro";"Baixo Amazonas";"Terra Santa";"Rural";"2019";1072442,99
"Social";"Previdência Social";"Valor dos benefícios emitidos no mês de dezembro";"Baixo Amazonas";"Terra Santa";"Rural";"2020";1182200,89
"Social";"Previdência Social";"Valor dos benefícios emitidos no mês de dezembro";"Baixo Amazonas";"Terra Santa";"Rural";"2021";1187214,04
"Social";"Previdência Social";"Valor dos benefícios emitidos no mês de dezembro";"Baixo Amazonas";"Terra Santa";"Rural";"2022";1284102,01
"Social";"Previdência Social";"Valor dos benefícios emitidos no mês de dezembro";"Baixo Amazonas";"Terra Santa";"Rural";"2023";1393251,2
"Social";"Previdência Social";"Valor dos benefícios emitidos no mês de dezembro";"Baixo Amazonas";"Terra Santa";"Rural";"2024";1493130,14
"Social";"Previdência Social";"Valor dos benefícios emitidos no mês de dezembro";"Rio Capim";"Tomé-Açu";"Rural";"2016";3367702,55
"Social";"Previdência Social";"Valor dos benefícios emitidos no mês de dezembro";"Rio Capim";"Tomé-Açu";"Rural";"2018";3628905,07000064
"Social";"Previdência Social";"Valor dos benefícios emitidos no mês de dezembro";"Rio Capim";"Tomé-Açu";"Rural";"2019";3921297,19
"Social";"Previdência Social";"Valor dos benefícios emitidos no mês de dezembro";"Rio Capim";"Tomé-Açu";"Rural";"2020";4210671,72
"Social";"Previdência Social";"Valor dos benefícios emitidos no mês de dezembro";"Rio Capim";"Tomé-Açu";"Rural";"2021";4207617,66
"Social";"Previdência Social";"Valor dos benefícios emitidos no mês de dezembro";"Rio Capim";"Tomé-Açu";"Rural";"2022";4848564,61
"Social";"Previdência Social";"Valor dos benefícios emitidos no mês de dezembro";"Rio Capim";"Tomé-Açu";"Rural";"2023";5450400,13
"Social";"Previdência Social";"Valor dos benefícios emitidos no mês de dezembro";"Rio Capim";"Tomé-Açu";"Rural";"2024";6051079,5
"Social";"Previdência Social";"Valor dos benefícios emitidos no mês de dezembro";"Rio Caeté";"Tracuateua";"Rural";"2016";2332518,07000009
"Social";"Previdência Social";"Valor dos benefícios emitidos no mês de dezembro";"Rio Caeté";"Tracuateua";"Rural";"2018";2082180,03000057
"Social";"Previdência Social";"Valor dos benefícios emitidos no mês de dezembro";"Rio Caeté";"Tracuateua";"Rural";"2019";2101732,36
"Social";"Previdência Social";"Valor dos benefícios emitidos no mês de dezembro";"Rio Caeté";"Tracuateua";"Rural";"2020";2204408,42
"Social";"Previdência Social";"Valor dos benefícios emitidos no mês de dezembro";"Rio Caeté";"Tracuateua";"Rural";"2021";2065489,89
"Social";"Previdência Social";"Valor dos benefícios emitidos no mês de dezembro";"Rio Caeté";"Tracuateua";"Rural";"2022";1765717,03
"Social";"Previdência Social";"Valor dos benefícios emitidos no mês de dezembro";"Rio Caeté";"Tracuateua";"Rural";"2023";1800694,55
"Social";"Previdência Social";"Valor dos benefícios emitidos no mês de dezembro";"Rio Caeté";"Tracuateua";"Rural";"2024";1896625,25
"Social";"Previdência Social";"Valor dos benefícios emitidos no mês de dezembro";"Tapajós";"Trairão";"Rural";"2016";775872,819999933
"Social";"Previdência Social";"Valor dos benefícios emitidos no mês de dezembro";"Tapajós";"Trairão";"Rural";"2018";888076,89000036
"Social";"Previdência Social";"Valor dos benefícios emitidos no mês de dezembro";"Tapajós";"Trairão";"Rural";"2019";943902,18
"Social";"Previdência Social";"Valor dos benefícios emitidos no mês de dezembro";"Tapajós";"Trairão";"Rural";"2020";980466,44
"Social";"Previdência Social";"Valor dos benefícios emitidos no mês de dezembro";"Tapajós";"Trairão";"Rural";"2021";974479,08
"Social";"Previdência Social";"Valor dos benefícios emitidos no mês de dezembro";"Tapajós";"Trairão";"Rural";"2022";1114496,18
"Social";"Previdência Social";"Valor dos benefícios emitidos no mês de dezembro";"Tapajós";"Trairão";"Rural";"2023";1207512,99
"Social";"Previdência Social";"Valor dos benefícios emitidos no mês de dezembro";"Tapajós";"Trairão";"Rural";"2024";1367836,05
"Social";"Previdência Social";"Valor dos benefícios emitidos no mês de dezembro";"Araguaia";"Tucumã";"Rural";"2016";2564073,65000016
"Social";"Previdência Social";"Valor dos benefícios emitidos no mês de dezembro";"Araguaia";"Tucumã";"Rural";"2018";2896509,30000011
"Social";"Previdência Social";"Valor dos benefícios emitidos no mês de dezembro";"Araguaia";"Tucumã";"Rural";"2019";3051867,93
"Social";"Previdência Social";"Valor dos benefícios emitidos no mês de dezembro";"Araguaia";"Tucumã";"Rural";"2020";3245362,37
"Social";"Previdência Social";"Valor dos benefícios emitidos no mês de dezembro";"Araguaia";"Tucumã";"Rural";"2021";3312273,46
"Social";"Previdência Social";"Valor dos benefícios emitidos no mês de dezembro";"Araguaia";"Tucumã";"Rural";"2022";3773469,38
"Social";"Previdência Social";"Valor dos benefícios emitidos no mês de dezembro";"Araguaia";"Tucumã";"Rural";"2023";4249646,8
"Social";"Previdência Social";"Valor dos benefícios emitidos no mês de dezembro";"Araguaia";"Tucumã";"Rural";"2024";4725771,66
"Social";"Previdência Social";"Valor dos benefícios emitidos no mês de dezembro";"Lago de Tucuruí";"Tucuruí";"Rural";"2016";5797154,18999845
"Social";"Previdência Social";"Valor dos benefícios emitidos no mês de dezembro";"Lago de Tucuruí";"Tucuruí";"Rural";"2018";6537359,18000094
"Social";"Previdência Social";"Valor dos benefícios emitidos no mês de dezembro";"Lago de Tucuruí";"Tucuruí";"Rural";"2019";6938967,4
"Social";"Previdência Social";"Valor dos benefícios emitidos no mês de dezembro";"Lago de Tucuruí";"Tucuruí";"Rural";"2020";7315314,97
"Social";"Previdência Social";"Valor dos benefícios emitidos no mês de dezembro";"Lago de Tucuruí";"Tucuruí";"Rural";"2021";7430355,19
"Social";"Previdência Social";"Valor dos benefícios emitidos no mês de dezembro";"Lago de Tucuruí";"Tucuruí";"Rural";"2022";8501997,7
"Social";"Previdência Social";"Valor dos benefícios emitidos no mês de dezembro";"Lago de Tucuruí";"Tucuruí";"Rural";"2023";9599696,04
"Social";"Previdência Social";"Valor dos benefícios emitidos no mês de dezembro";"Lago de Tucuruí";"Tucuruí";"Rural";"2024";10574184,53
"Social";"Previdência Social";"Valor dos benefícios emitidos no mês de dezembro";"Rio Capim";"Ulianópolis";"Rural";"2016";449488,679999924
"Social";"Previdência Social";"Valor dos benefícios emitidos no mês de dezembro";"Rio Capim";"Ulianópolis";"Rural";"2018";528803,100000181
"Social";"Previdência Social";"Valor dos benefícios emitidos no mês de dezembro";"Rio Capim";"Ulianópolis";"Rural";"2019";593641,23
"Social";"Previdência Social";"Valor dos benefícios emitidos no mês de dezembro";"Rio Capim";"Ulianópolis";"Rural";"2020";636109,67
"Social";"Previdência Social";"Valor dos benefícios emitidos no mês de dezembro";"Rio Capim";"Ulianópolis";"Rural";"2021";681475,24
"Social";"Previdência Social";"Valor dos benefícios emitidos no mês de dezembro";"Rio Capim";"Ulianópolis";"Rural";"2022";828476,54
"Social";"Previdência Social";"Valor dos benefícios emitidos no mês de dezembro";"Rio Capim";"Ulianópolis";"Rural";"2023";1050345,61
"Social";"Previdência Social";"Valor dos benefícios emitidos no mês de dezembro";"Rio Capim";"Ulianópolis";"Rural";"2024";1235627,08
"Social";"Previdência Social";"Valor dos benefícios emitidos no mês de dezembro";"Xingu";"Uruará";"Rural";"2016";2510524,54000008
"Social";"Previdência Social";"Valor dos benefícios emitidos no mês de dezembro";"Xingu";"Uruará";"Rural";"2018";2929892,50000051
"Social";"Previdência Social";"Valor dos benefícios emitidos no mês de dezembro";"Xingu";"Uruará";"Rural";"2019";3196902,81
"Social";"Previdência Social";"Valor dos benefícios emitidos no mês de dezembro";"Xingu";"Uruará";"Rural";"2020";3465054,21
"Social";"Previdência Social";"Valor dos benefícios emitidos no mês de dezembro";"Xingu";"Uruará";"Rural";"2021";3559608,57
"Social";"Previdência Social";"Valor dos benefícios emitidos no mês de dezembro";"Xingu";"Uruará";"Rural";"2022";4127848,42
"Social";"Previdência Social";"Valor dos benefícios emitidos no mês de dezembro";"Xingu";"Uruará";"Rural";"2023";4830781,99
"Social";"Previdência Social";"Valor dos benefícios emitidos no mês de dezembro";"Xingu";"Uruará";"Rural";"2024";5539653,19
"Social";"Previdência Social";"Valor dos benefícios emitidos no mês de dezembro";"Guamá";"Vigia";"Rural";"2016";3974811,85000052
"Social";"Previdência Social";"Valor dos benefícios emitidos no mês de dezembro";"Guamá";"Vigia";"Rural";"2018";4002669,68999944
"Social";"Previdência Social";"Valor dos benefícios emitidos no mês de dezembro";"Guamá";"Vigia";"Rural";"2019";4139704,76
"Social";"Previdência Social";"Valor dos benefícios emitidos no mês de dezembro";"Guamá";"Vigia";"Rural";"2020";4341072,96
"Social";"Previdência Social";"Valor dos benefícios emitidos no mês de dezembro";"Guamá";"Vigia";"Rural";"2021";4253260,77
"Social";"Previdência Social";"Valor dos benefícios emitidos no mês de dezembro";"Guamá";"Vigia";"Rural";"2022";4742788,8
"Social";"Previdência Social";"Valor dos benefícios emitidos no mês de dezembro";"Guamá";"Vigia";"Rural";"2023";5275979,53
"Social";"Previdência Social";"Valor dos benefícios emitidos no mês de dezembro";"Guamá";"Vigia";"Rural";"2024";5637110,19
"Social";"Previdência Social";"Valor dos benefícios emitidos no mês de dezembro";"Rio Caeté";"Viseu";"Rural";"2016";3895006,48000124
"Social";"Previdência Social";"Valor dos benefícios emitidos no mês de dezembro";"Rio Caeté";"Viseu";"Rural";"2018";4026462,51999941
"Social";"Previdência Social";"Valor dos benefícios emitidos no mês de dezembro";"Rio Caeté";"Viseu";"Rural";"2019";4106712,84
"Social";"Previdência Social";"Valor dos benefícios emitidos no mês de dezembro";"Rio Caeté";"Viseu";"Rural";"2020";4251280,9
"Social";"Previdência Social";"Valor dos benefícios emitidos no mês de dezembro";"Rio Caeté";"Viseu";"Rural";"2021";3363222,39
"Social";"Previdência Social";"Valor dos benefícios emitidos no mês de dezembro";"Rio Caeté";"Viseu";"Rural";"2022";3719143,38
"Social";"Previdência Social";"Valor dos benefícios emitidos no mês de dezembro";"Rio Caeté";"Viseu";"Rural";"2023";4124237,44
"Social";"Previdência Social";"Valor dos benefícios emitidos no mês de dezembro";"Rio Caeté";"Viseu";"Rural";"2024";4384770,79
"Social";"Previdência Social";"Valor dos benefícios emitidos no mês de dezembro";"Xingu";"Vitória do Xingu";"Rural";"2016";347193,3699999
"Social";"Previdência Social";"Valor dos benefícios emitidos no mês de dezembro";"Xingu";"Vitória do Xingu";"Rural";"2018";435041,729999857
"Social";"Previdência Social";"Valor dos benefícios emitidos no mês de dezembro";"Xingu";"Vitória do Xingu";"Rural";"2019";501993,22
"Social";"Previdência Social";"Valor dos benefícios emitidos no mês de dezembro";"Xingu";"Vitória do Xingu";"Rural";"2020";540329,1
"Social";"Previdência Social";"Valor dos benefícios emitidos no mês de dezembro";"Xingu";"Vitória do Xingu";"Rural";"2021";520071,47
"Social";"Previdência Social";"Valor dos benefícios emitidos no mês de dezembro";"Xingu";"Vitória do Xingu";"Rural";"2022";545179,63
"Social";"Previdência Social";"Valor dos benefícios emitidos no mês de dezembro";"Xingu";"Vitória do Xingu";"Rural";"2023";612122,06
"Social";"Previdência Social";"Valor dos benefícios emitidos no mês de dezembro";"Xingu";"Vitória do Xingu";"Rural";"2024";723938,18
"Social";"Previdência Social";"Valor dos benefícios emitidos no mês de dezembro";"Araguaia";"Xinguara";"Rural";"2016";3701746,82999989
"Social";"Previdência Social";"Valor dos benefícios emitidos no mês de dezembro";"Araguaia";"Xinguara";"Rural";"2018";3937661,99999993
"Social";"Previdência Social";"Valor dos benefícios emitidos no mês de dezembro";"Araguaia";"Xinguara";"Rural";"2019";4098273,95
"Social";"Previdência Social";"Valor dos benefícios emitidos no mês de dezembro";"Araguaia";"Xinguara";"Rural";"2020";4249035,87
"Social";"Previdência Social";"Valor dos benefícios emitidos no mês de dezembro";"Araguaia";"Xinguara";"Rural";"2021";4359108,4
"Social";"Previdência Social";"Valor dos benefícios emitidos no mês de dezembro";"Araguaia";"Xinguara";"Rural";"2022";4993812,6
"Social";"Previdência Social";"Valor dos benefícios emitidos no mês de dezembro";"Araguaia";"Xinguara";"Rural";"2023";5671841,09
"Social";"Previdência Social";"Valor dos benefícios emitidos no mês de dezembro";"Araguaia";"Xinguara";"Rural";"2024";6288791,14
